d1_idx,d1_date,year,reached_day2,true_breakdown,index_key,index_name,ma_window
259,2005-01-26,2005,True,True,sse,上证指数,20
283,2005-03-10,2005,True,True,sse,上证指数,20
310,2005-04-18,2005,True,True,sse,上证指数,20
358,2005-06-30,2005,True,True,sse,上证指数,20
401,2005-08-30,2005,False,False,sse,上证指数,20
417,2005-09-21,2005,True,True,sse,上证指数,20
461,2005-11-29,2005,True,True,sse,上证指数,20
522,2006-03-07,2006,True,True,sse,上证指数,20
583,2006-06-07,2006,True,True,sse,上证指数,20
609,2006-07-13,2006,True,False,sse,上证指数,20
613,2006-07-19,2006,True,True,sse,上证指数,20
745,2007-01-31,2007,True,True,sse,上证指数,20
759,2007-02-27,2007,False,False,sse,上证指数,20
761,2007-03-01,2007,False,False,sse,上证指数,20
763,2007-03-05,2007,False,False,sse,上证指数,20
822,2007-06-01,2007,True,True,sse,上证指数,20
838,2007-06-25,2007,True,False,sse,上证指数,20
841,2007-06-28,2007,True,True,sse,上证指数,20
918,2007-10-22,2007,False,False,sse,上证指数,20
921,2007-10-25,2007,True,False,sse,上证指数,20
927,2007-11-02,2007,True,True,sse,上证指数,20
956,2007-12-13,2007,True,True,sse,上证指数,20
979,2008-01-17,2008,True,True,sse,上证指数,20
1059,2008-05-20,2008,True,True,sse,上证指数,20
1098,2008-07-15,2008,True,True,sse,上证指数,20
1110,2008-07-31,2008,True,True,sse,上证指数,20
1153,2008-10-08,2008,True,True,sse,上证指数,20
1190,2008-11-28,2008,False,False,sse,上证指数,20
1192,2008-12-02,2008,False,False,sse,上证指数,20
1200,2008-12-12,2008,False,False,sse,上证指数,20
1207,2008-12-23,2008,True,True,sse,上证指数,20
1247,2009-02-26,2009,True,True,sse,上证指数,20
1287,2009-04-24,2009,True,True,sse,上证指数,20
1308,2009-05-26,2009,False,False,sse,上证指数,20
1359,2009-08-07,2009,True,True,sse,上证指数,20
1391,2009-09-22,2009,True,True,sse,上证指数,20
1432,2009-11-26,2009,True,True,sse,上证指数,20
1441,2009-12-09,2009,True,True,sse,上证指数,20
1461,2010-01-07,2010,True,False,sse,上证指数,20
1465,2010-01-13,2010,False,False,sse,上证指数,20
1470,2010-01-20,2010,True,True,sse,上证指数,20
1502,2010-03-12,2010,True,True,sse,上证指数,20
1511,2010-03-25,2010,False,False,sse,上证指数,20
1527,2010-04-19,2010,True,True,sse,上证指数,20
1606,2010-08-12,2010,False,False,sse,上证指数,20
1615,2010-08-25,2010,True,True,sse,上证指数,20
1630,2010-09-15,2010,True,True,sse,上证指数,20
1664,2010-11-12,2010,True,True,sse,上证指数,20
1690,2010-12-20,2010,False,False,sse,上证指数,20
1693,2010-12-23,2010,True,True,sse,上证指数,20
1745,2011-03-15,2011,False,False,sse,上证指数,20
1747,2011-03-17,2011,True,True,sse,上证指数,20
1757,2011-03-31,2011,False,False,sse,上证指数,20
1772,2011-04-25,2011,True,True,sse,上证指数,20
1833,2011-07-21,2011,True,True,sse,上证指数,20
1890,2011-10-18,2011,True,True,sse,上证指数,20
1912,2011-11-17,2011,True,True,sse,上证指数,20
1952,2012-01-16,2012,False,False,sse,上证指数,20
1984,2012-03-07,2012,False,False,sse,上证指数,20
1989,2012-03-14,2012,True,True,sse,上证指数,20
2010,2012-04-17,2012,False,False,sse,上证指数,20
2026,2012-05-11,2012,True,True,sse,上证指数,20
2091,2012-08-13,2012,True,True,sse,上证指数,20
2116,2012-09-17,2012,True,True,sse,上证指数,20
2140,2012-10-26,2012,True,True,sse,上证指数,20
2149,2012-11-08,2012,True,True,sse,上证指数,20
2216,2013-02-21,2013,True,True,sse,上证指数,20
2239,2013-03-26,2013,True,True,sse,上证指数,20
2284,2013-06-04,2013,True,True,sse,上证指数,20
2314,2013-07-19,2013,False,False,sse,上证指数,20
2319,2013-07-26,2013,True,True,sse,上证指数,20
2361,2013-09-26,2013,True,True,sse,上证指数,20
2370,2013-10-16,2013,True,True,sse,上证指数,20
2410,2013-12-11,2013,True,True,sse,上证指数,20
2457,2014-02-24,2014,True,True,sse,上证指数,20
2482,2014-03-31,2014,False,False,sse,上证指数,20
2496,2014-04-21,2014,True,True,sse,上证指数,20
2525,2014-06-04,2014,False,False,sse,上证指数,20
2527,2014-06-06,2014,True,False,sse,上证指数,20
2536,2014-06-19,2014,True,True,sse,上证指数,20
2550,2014-07-09,2014,True,True,sse,上证指数,20
2584,2014-08-26,2014,True,True,sse,上证指数,20
2616,2014-10-17,2014,False,False,sse,上证指数,20
2618,2014-10-21,2014,True,True,sse,上证指数,20
2680,2015-01-19,2015,True,False,sse,上证指数,20
2688,2015-01-29,2015,True,True,sse,上证指数,20
2750,2015-05-06,2015,True,True,sse,上证指数,20
2757,2015-05-15,2015,True,False,sse,上证指数,20
2781,2015-06-18,2015,True,True,sse,上证指数,20
2807,2015-07-27,2015,True,True,sse,上证指数,20
2823,2015-08-18,2015,True,True,sse,上证指数,20
2871,2015-11-03,2015,False,False,sse,上证指数,20
2889,2015-11-27,2015,True,True,sse,上证指数,20
2910,2015-12-28,2015,False,False,sse,上证指数,20
2913,2015-12-31,2015,True,True,sse,上证指数,20
2947,2016-02-25,2016,True,True,sse,上证指数,20
2957,2016-03-10,2016,True,False,sse,上证指数,20
2985,2016-04-20,2016,True,True,sse,上证指数,20
3020,2016-06-13,2016,True,False,sse,上证指数,20
3029,2016-06-24,2016,False,False,sse,上证指数,20
3052,2016-07-27,2016,True,True,sse,上证指数,20
3078,2016-09-01,2016,True,True,sse,上证指数,20
3084,2016-09-09,2016,True,True,sse,上证指数,20
3138,2016-12-05,2016,True,True,sse,上证指数,20
3165,2017-01-12,2017,True,True,sse,上证指数,20
3200,2017-03-09,2017,True,False,sse,上证指数,20
3206,2017-03-17,2017,False,False,sse,上证指数,20
3214,2017-03-29,2017,True,True,sse,上证指数,20
3224,2017-04-14,2017,True,True,sse,上证指数,20
3287,2017-07-17,2017,True,False,sse,上证指数,20
3306,2017-08-11,2017,True,True,sse,上证指数,20
3333,2017-09-19,2017,False,False,sse,上证指数,20
3335,2017-09-21,2017,True,True,sse,上证指数,20
3360,2017-11-02,2017,True,False,sse,上证指数,20
3370,2017-11-16,2017,True,True,sse,上证指数,20
3424,2018-02-01,2018,True,False,sse,上证指数,20
3427,2018-02-06,2018,True,True,sse,上证指数,20
3450,2018-03-16,2018,False,False,sse,上证指数,20
3453,2018-03-21,2018,True,True,sse,上证指数,20
3496,2018-05-25,2018,True,True,sse,上证指数,20
3543,2018-08-01,2018,True,True,sse,上证指数,20
3564,2018-08-30,2018,True,True,sse,上证指数,20
3585,2018-10-08,2018,True,False,sse,上证指数,20
3588,2018-10-11,2018,True,True,sse,上证指数,20
3619,2018-11-23,2018,True,True,sse,上证指数,20
3628,2018-12-06,2018,True,True,sse,上证指数,20
3699,2019-03-26,2019,True,True,sse,上证指数,20
3720,2019-04-25,2019,True,True,sse,上证指数,20
3752,2019-06-14,2019,False,False,sse,上证指数,20
3768,2019-07-08,2019,True,True,sse,上证指数,20
3824,2019-09-25,2019,True,True,sse,上证指数,20
3836,2019-10-18,2019,True,True,sse,上证指数,20
3844,2019-10-30,2019,True,False,sse,上证指数,20
3852,2019-11-11,2019,True,True,sse,上证指数,20
3902,2020-01-21,2020,True,True,sse,上证指数,20
3924,2020-02-28,2020,False,False,sse,上证指数,20
3930,2020-03-09,2020,False,False,sse,上证指数,20
3932,2020-03-11,2020,True,True,sse,上证指数,20
3980,2020-05-22,2020,True,True,sse,上证指数,20
3996,2020-06-15,2020,False,False,sse,上证指数,20
4023,2020-07-24,2020,True,True,sse,上证指数,20
4046,2020-08-26,2020,True,False,sse,上证指数,20
4053,2020-09-04,2020,True,True,sse,上证指数,20
4082,2020-10-23,2020,True,True,sse,上证指数,20
4115,2020-12-09,2020,True,True,sse,上证指数,20
4150,2021-01-28,2021,True,True,sse,上证指数,20
4164,2021-02-24,2021,False,False,sse,上证指数,20
4166,2021-02-26,2021,True,True,sse,上证指数,20
4196,2021-04-12,2021,True,True,sse,上证指数,20
4206,2021-04-26,2021,True,False,sse,上证指数,20
4210,2021-04-30,2021,True,True,sse,上证指数,20
4238,2021-06-15,2021,True,True,sse,上证指数,20
4283,2021-08-17,2021,False,False,sse,上证指数,20
4285,2021-08-19,2021,True,False,sse,上证指数,20
4309,2021-09-24,2021,True,True,sse,上证指数,20
4365,2021-12-20,2021,False,False,sse,上证指数,20
4369,2021-12-24,2021,True,False,sse,上证指数,20
4372,2021-12-29,2021,True,False,sse,上证指数,20
4375,2022-01-04,2022,True,True,sse,上证指数,20
4413,2022-03-04,2022,True,True,sse,上证指数,20
4498,2022-07-11,2022,True,True,sse,上证指数,20
4530,2022-08-24,2022,True,True,sse,上证指数,20
4607,2022-12-19,2022,True,True,sse,上证指数,20
4644,2023-02-16,2023,True,False,sse,上证指数,20
4650,2023-02-24,2023,True,False,sse,上证指数,20
4658,2023-03-08,2023,True,True,sse,上证指数,20
4689,2023-04-21,2023,True,True,sse,上证指数,20
4699,2023-05-10,2023,True,True,sse,上证指数,20
4729,2023-06-21,2023,True,True,sse,上证指数,20
4738,2023-07-06,2023,True,True,sse,上证指数,20
4764,2023-08-11,2023,True,True,sse,上证指数,20
4783,2023-09-07,2023,True,False,sse,上证指数,20
4787,2023-09-13,2023,False,False,sse,上证指数,20
4789,2023-09-15,2023,False,False,sse,上证指数,20
4792,2023-09-20,2023,True,False,sse,上证指数,20
4795,2023-09-25,2023,True,True,sse,上证指数,20
4833,2023-11-24,2023,True,True,sse,上证指数,20
4862,2024-01-05,2024,True,True,sse,上证指数,20
4879,2024-01-30,2024,True,True,sse,上证指数,20
4912,2024-03-25,2024,True,True,sse,上证指数,20
4920,2024-04-08,2024,True,True,sse,上证指数,20
4931,2024-04-23,2024,False,False,sse,上证指数,20
4950,2024-05-23,2024,True,True,sse,上证指数,20
5058,2024-11-01,2024,False,False,sse,上证指数,20
5068,2024-11-15,2024,True,True,sse,上证指数,20
5094,2024-12-23,2024,False,False,sse,上证指数,20
5100,2024-12-31,2024,True,True,sse,上证指数,20
5136,2025-02-28,2025,True,True,sse,上证指数,20
5151,2025-03-21,2025,True,True,sse,上证指数,20
5194,2025-05-27,2025,True,False,sse,上证指数,20
5197,2025-05-30,2025,False,False,sse,上证指数,20
5210,2025-06-19,2025,True,False,sse,上证指数,20
5265,2025-09-04,2025,False,False,sse,上证指数,20
5275,2025-09-18,2025,True,True,sse,上证指数,20
5290,2025-10-17,2025,True,False,sse,上证指数,20
5311,2025-11-17,2025,True,True,sse,上证指数,20
5364,2026-02-02,2026,True,True,sse,上证指数,20
5373,2026-02-13,2026,False,False,sse,上证指数,20
5380,2026-03-04,2026,True,False,sse,上证指数,20
5383,2026-03-09,2026,False,False,sse,上证指数,20
5387,2026-03-13,2026,True,True,sse,上证指数,20
5432,2026-05-21,2026,True,False,sse,上证指数,20
5435,2026-05-26,2026,True,True,sse,上证指数,20
5457,2026-06-26,2026,False,False,sse,上证指数,20
5461,2026-07-02,2026,True,True,sse,上证指数,20
286,2005-03-15,2005,True,True,sse,上证指数,25
347,2005-06-15,2005,False,False,sse,上证指数,25
358,2005-06-30,2005,True,True,sse,上证指数,25
418,2005-09-22,2005,True,True,sse,上证指数,25
461,2005-11-29,2005,True,True,sse,上证指数,25
522,2006-03-07,2006,True,True,sse,上证指数,25
583,2006-06-07,2006,True,True,sse,上证指数,25
613,2006-07-19,2006,True,True,sse,上证指数,25
747,2007-02-02,2007,True,True,sse,上证指数,25
759,2007-02-27,2007,False,False,sse,上证指数,25
761,2007-03-01,2007,True,True,sse,上证指数,25
822,2007-06-01,2007,True,True,sse,上证指数,25
838,2007-06-25,2007,True,False,sse,上证指数,25
841,2007-06-28,2007,True,True,sse,上证指数,25
921,2007-10-25,2007,True,False,sse,上证指数,25
928,2007-11-05,2007,True,True,sse,上证指数,25
979,2008-01-17,2008,True,True,sse,上证指数,25
1059,2008-05-20,2008,False,False,sse,上证指数,25
1061,2008-05-22,2008,True,True,sse,上证指数,25
1098,2008-07-15,2008,True,True,sse,上证指数,25
1110,2008-07-31,2008,False,False,sse,上证指数,25
1112,2008-08-04,2008,True,True,sse,上证指数,25
1207,2008-12-23,2008,True,True,sse,上证指数,25
1247,2009-02-26,2009,True,True,sse,上证指数,25
1288,2009-04-27,2009,True,False,sse,上证指数,25
1359,2009-08-07,2009,True,True,sse,上证指数,25
1391,2009-09-22,2009,True,True,sse,上证指数,25
1433,2009-11-27,2009,False,False,sse,上证指数,25
1446,2009-12-16,2009,True,True,sse,上证指数,25
1461,2010-01-07,2010,True,True,sse,上证指数,25
1470,2010-01-20,2010,True,True,sse,上证指数,25
1502,2010-03-12,2010,True,True,sse,上证指数,25
1511,2010-03-25,2010,False,False,sse,上证指数,25
1527,2010-04-19,2010,True,True,sse,上证指数,25
1615,2010-08-25,2010,True,True,sse,上证指数,25
1631,2010-09-16,2010,True,True,sse,上证指数,25
1664,2010-11-12,2010,True,True,sse,上证指数,25
1690,2010-12-20,2010,False,False,sse,上证指数,25
1693,2010-12-23,2010,True,True,sse,上证指数,25
1745,2011-03-15,2011,False,False,sse,上证指数,25
1747,2011-03-17,2011,True,True,sse,上证指数,25
1757,2011-03-31,2011,False,False,sse,上证指数,25
1772,2011-04-25,2011,True,True,sse,上证指数,25
1835,2011-07-25,2011,True,True,sse,上证指数,25
1913,2011-11-18,2011,True,True,sse,上证指数,25
1952,2012-01-16,2012,False,False,sse,上证指数,25
1989,2012-03-14,2012,True,True,sse,上证指数,25
2027,2012-05-14,2012,True,True,sse,上证指数,25
2091,2012-08-13,2012,True,True,sse,上证指数,25
2116,2012-09-17,2012,True,True,sse,上证指数,25
2140,2012-10-26,2012,True,True,sse,上证指数,25
2149,2012-11-08,2012,True,True,sse,上证指数,25
2216,2013-02-21,2013,True,True,sse,上证指数,25
2239,2013-03-26,2013,True,True,sse,上证指数,25
2286,2013-06-06,2013,True,True,sse,上证指数,25
2313,2013-07-18,2013,True,True,sse,上证指数,25
2320,2013-07-29,2013,True,True,sse,上证指数,25
2370,2013-10-16,2013,True,True,sse,上证指数,25
2413,2013-12-16,2013,True,True,sse,上证指数,25
2458,2014-02-25,2014,True,True,sse,上证指数,25
2482,2014-03-31,2014,False,False,sse,上证指数,25
2496,2014-04-21,2014,False,False,sse,上证指数,25
2498,2014-04-23,2014,True,True,sse,上证指数,25
2525,2014-06-04,2014,False,False,sse,上证指数,25
2527,2014-06-06,2014,False,False,sse,上证指数,25
2536,2014-06-19,2014,True,True,sse,上证指数,25
2550,2014-07-09,2014,True,True,sse,上证指数,25
2586,2014-08-28,2014,False,False,sse,上证指数,25
2618,2014-10-21,2014,True,True,sse,上证指数,25
2680,2015-01-19,2015,True,False,sse,上证指数,25
2689,2015-01-30,2015,True,True,sse,上证指数,25
2751,2015-05-07,2015,True,False,sse,上证指数,25
2758,2015-05-18,2015,False,False,sse,上证指数,25
2781,2015-06-18,2015,True,True,sse,上证指数,25
2823,2015-08-18,2015,True,True,sse,上证指数,25
2889,2015-11-27,2015,True,True,sse,上证指数,25
2910,2015-12-28,2015,False,False,sse,上证指数,25
2914,2016-01-04,2016,True,True,sse,上证指数,25
2947,2016-02-25,2016,True,True,sse,上证指数,25
2957,2016-03-10,2016,True,False,sse,上证指数,25
2985,2016-04-20,2016,True,True,sse,上证指数,25
3020,2016-06-13,2016,True,False,sse,上证指数,25
3029,2016-06-24,2016,False,False,sse,上证指数,25
3053,2016-07-28,2016,True,True,sse,上证指数,25
3085,2016-09-12,2016,True,True,sse,上证指数,25
3139,2016-12-06,2016,False,False,sse,上证指数,25
3143,2016-12-12,2016,True,True,sse,上证指数,25
3164,2017-01-11,2017,True,True,sse,上证指数,25
3200,2017-03-09,2017,True,False,sse,上证指数,25
3214,2017-03-29,2017,True,True,sse,上证指数,25
3224,2017-04-14,2017,True,True,sse,上证指数,25
3287,2017-07-17,2017,False,False,sse,上证指数,25
3306,2017-08-11,2017,True,False,sse,上证指数,25
3309,2017-08-16,2017,False,False,sse,上证指数,25
3336,2017-09-22,2017,True,True,sse,上证指数,25
3361,2017-11-03,2017,False,False,sse,上证指数,25
3371,2017-11-17,2017,True,False,sse,上证指数,25
3375,2017-11-23,2017,True,True,sse,上证指数,25
3427,2018-02-06,2018,True,True,sse,上证指数,25
3454,2018-03-22,2018,True,True,sse,上证指数,25
3497,2018-05-28,2018,True,True,sse,上证指数,25
3544,2018-08-02,2018,True,True,sse,上证指数,25
3585,2018-10-08,2018,True,False,sse,上证指数,25
3588,2018-10-11,2018,True,True,sse,上证指数,25
3609,2018-11-09,2018,False,False,sse,上证指数,25
3619,2018-11-23,2018,True,True,sse,上证指数,25
3628,2018-12-06,2018,True,True,sse,上证指数,25
3699,2019-03-26,2019,False,False,sse,上证指数,25
3701,2019-03-28,2019,False,False,sse,上证指数,25
3720,2019-04-25,2019,True,True,sse,上证指数,25
3752,2019-06-14,2019,True,True,sse,上证指数,25
3768,2019-07-08,2019,True,True,sse,上证指数,25
3803,2019-08-26,2019,False,False,sse,上证指数,25
3824,2019-09-25,2019,True,True,sse,上证指数,25
3835,2019-10-17,2019,True,True,sse,上证指数,25
3852,2019-11-11,2019,True,True,sse,上证指数,25
3902,2020-01-21,2020,False,False,sse,上证指数,25
3904,2020-01-23,2020,True,True,sse,上证指数,25
3924,2020-02-28,2020,False,False,sse,上证指数,25
3930,2020-03-09,2020,False,False,sse,上证指数,25
3933,2020-03-12,2020,True,True,sse,上证指数,25
3980,2020-05-22,2020,True,True,sse,上证指数,25
4023,2020-07-24,2020,True,False,sse,上证指数,25
4036,2020-08-12,2020,True,False,sse,上证指数,25
4046,2020-08-26,2020,False,False,sse,上证指数,25
4053,2020-09-04,2020,True,True,sse,上证指数,25
4082,2020-10-23,2020,True,True,sse,上证指数,25
4115,2020-12-09,2020,True,True,sse,上证指数,25
4124,2020-12-22,2020,True,True,sse,上证指数,25
4150,2021-01-28,2021,True,True,sse,上证指数,25
4164,2021-02-24,2021,False,False,sse,上证指数,25
4166,2021-02-26,2021,True,True,sse,上证指数,25
4196,2021-04-12,2021,True,True,sse,上证指数,25
4206,2021-04-26,2021,False,False,sse,上证指数,25
4210,2021-04-30,2021,True,True,sse,上证指数,25
4239,2021-06-16,2021,True,True,sse,上证指数,25
4283,2021-08-17,2021,True,True,sse,上证指数,25
4310,2021-09-27,2021,True,True,sse,上证指数,25
4365,2021-12-20,2021,False,False,sse,上证指数,25
4372,2021-12-29,2021,False,False,sse,上证指数,25
4376,2022-01-05,2022,True,True,sse,上证指数,25
4413,2022-03-04,2022,True,True,sse,上证指数,25
4498,2022-07-11,2022,True,True,sse,上证指数,25
4530,2022-08-24,2022,True,True,sse,上证指数,25
4607,2022-12-19,2022,True,True,sse,上证指数,25
4645,2023-02-17,2023,False,False,sse,上证指数,25
4651,2023-02-27,2023,False,False,sse,上证指数,25
4659,2023-03-09,2023,True,True,sse,上证指数,25
4690,2023-04-24,2023,True,True,sse,上证指数,25
4699,2023-05-10,2023,True,True,sse,上证指数,25
4729,2023-06-21,2023,True,True,sse,上证指数,25
4738,2023-07-06,2023,True,True,sse,上证指数,25
4764,2023-08-11,2023,True,True,sse,上证指数,25
4834,2023-11-27,2023,True,True,sse,上证指数,25
4912,2024-03-25,2024,True,True,sse,上证指数,25
4920,2024-04-08,2024,True,True,sse,上证指数,25
4930,2024-04-22,2024,True,True,sse,上证指数,25
4951,2024-05-24,2024,False,False,sse,上证指数,25
4953,2024-05-28,2024,True,True,sse,上证指数,25
5073,2024-11-22,2024,True,True,sse,上证指数,25
5094,2024-12-23,2024,False,False,sse,上证指数,25
5100,2024-12-31,2024,True,True,sse,上证指数,25
5151,2025-03-21,2025,True,True,sse,上证指数,25
5210,2025-06-19,2025,True,False,sse,上证指数,25
5276,2025-09-19,2025,True,True,sse,上证指数,25
5290,2025-10-17,2025,False,False,sse,上证指数,25
5312,2025-11-18,2025,True,True,sse,上证指数,25
5364,2026-02-02,2026,True,False,sse,上证指数,25
5367,2026-02-05,2026,True,False,sse,上证指数,25
5373,2026-02-13,2026,False,False,sse,上证指数,25
5380,2026-03-04,2026,True,False,sse,上证指数,25
5383,2026-03-09,2026,False,False,sse,上证指数,25
5387,2026-03-13,2026,True,True,sse,上证指数,25
5432,2026-05-21,2026,True,False,sse,上证指数,25
5436,2026-05-27,2026,True,True,sse,上证指数,25
5457,2026-06-26,2026,False,False,sse,上证指数,25
5461,2026-07-02,2026,True,True,sse,上证指数,25
260,2005-01-27,2005,True,True,sse50,上证50,20
277,2005-03-02,2005,False,False,sse50,上证50,20
283,2005-03-10,2005,True,True,sse50,上证50,20
310,2005-04-18,2005,True,True,sse50,上证50,20
358,2005-06-30,2005,True,True,sse50,上证50,20
400,2005-08-29,2005,True,True,sse50,上证50,20
406,2005-09-06,2005,False,False,sse50,上证50,20
410,2005-09-12,2005,False,False,sse50,上证50,20
417,2005-09-21,2005,True,True,sse50,上证50,20
465,2005-12-05,2005,False,False,sse50,上证50,20
522,2006-03-07,2006,True,True,sse50,上证50,20
535,2006-03-24,2006,False,False,sse50,上证50,20
583,2006-06-07,2006,True,True,sse50,上证50,20
609,2006-07-13,2006,True,True,sse50,上证50,20
747,2007-02-02,2007,True,True,sse50,上证50,20
759,2007-02-27,2007,False,False,sse50,上证50,20
761,2007-03-01,2007,True,True,sse50,上证50,20
770,2007-03-14,2007,False,False,sse50,上证50,20
772,2007-03-16,2007,False,False,sse50,上证50,20
820,2007-05-30,2007,False,False,sse50,上证50,20
823,2007-06-04,2007,True,True,sse50,上证50,20
838,2007-06-25,2007,False,False,sse50,上证50,20
842,2007-06-29,2007,True,True,sse50,上证50,20
894,2007-09-11,2007,True,False,sse50,上证50,20
905,2007-09-26,2007,False,False,sse50,上证50,20
921,2007-10-25,2007,True,False,sse50,上证50,20
928,2007-11-05,2007,True,True,sse50,上证50,20
956,2007-12-13,2007,False,False,sse50,上证50,20
958,2007-12-17,2007,True,True,sse50,上证50,20
979,2008-01-17,2008,True,True,sse50,上证50,20
1059,2008-05-20,2008,True,True,sse50,上证50,20
1098,2008-07-15,2008,True,True,sse50,上证50,20
1110,2008-07-31,2008,True,True,sse50,上证50,20
1190,2008-11-28,2008,True,True,sse50,上证50,20
1200,2008-12-12,2008,False,False,sse50,上证50,20
1207,2008-12-23,2008,True,True,sse50,上证50,20
1245,2009-02-24,2009,True,True,sse50,上证50,20
1285,2009-04-22,2009,True,True,sse50,上证50,20
1306,2009-05-22,2009,True,True,sse50,上证50,20
1359,2009-08-07,2009,True,True,sse50,上证50,20
1391,2009-09-22,2009,True,True,sse50,上证50,20
1432,2009-11-26,2009,True,True,sse50,上证50,20
1441,2009-12-09,2009,True,True,sse50,上证50,20
1461,2010-01-07,2010,True,False,sse50,上证50,20
1465,2010-01-13,2010,True,True,sse50,上证50,20
1503,2010-03-15,2010,True,False,sse50,上证50,20
1511,2010-03-25,2010,False,False,sse50,上证50,20
1522,2010-04-12,2010,False,False,sse50,上证50,20
1526,2010-04-16,2010,True,True,sse50,上证50,20
1574,2010-06-29,2010,True,True,sse50,上证50,20
1604,2010-08-10,2010,True,True,sse50,上证50,20
1612,2010-08-20,2010,True,True,sse50,上证50,20
1626,2010-09-09,2010,True,True,sse50,上证50,20
1662,2010-11-10,2010,False,False,sse50,上证50,20
1664,2010-11-12,2010,True,True,sse50,上证50,20
1690,2010-12-20,2010,False,False,sse50,上证50,20
1692,2010-12-22,2010,True,True,sse50,上证50,20
1745,2011-03-15,2011,False,False,sse50,上证50,20
1747,2011-03-17,2011,True,True,sse50,上证50,20
1772,2011-04-25,2011,True,True,sse50,上证50,20
1826,2011-07-12,2011,False,False,sse50,上证50,20
1831,2011-07-19,2011,True,True,sse50,上证50,20
1890,2011-10-18,2011,True,True,sse50,上证50,20
1911,2011-11-16,2011,True,True,sse50,上证50,20
1983,2012-03-06,2012,True,False,sse50,上证50,20
1987,2012-03-12,2012,False,False,sse50,上证50,20
1989,2012-03-14,2012,True,True,sse50,上证50,20
2026,2012-05-11,2012,True,True,sse50,上证50,20
2091,2012-08-13,2012,True,True,sse50,上证50,20
2117,2012-09-18,2012,True,True,sse50,上证50,20
2140,2012-10-26,2012,True,True,sse50,上证50,20
2149,2012-11-08,2012,True,True,sse50,上证50,20
2216,2013-02-21,2013,True,True,sse50,上证50,20
2239,2013-03-26,2013,True,True,sse50,上证50,20
2269,2013-05-14,2013,True,False,sse50,上证50,20
2284,2013-06-04,2013,True,True,sse50,上证50,20
2313,2013-07-18,2013,True,True,sse50,上证50,20
2360,2013-09-25,2013,True,True,sse50,上证50,20
2410,2013-12-11,2013,True,True,sse50,上证50,20
2457,2014-02-24,2014,True,True,sse50,上证50,20
2496,2014-04-21,2014,False,False,sse50,上证50,20
2498,2014-04-23,2014,True,True,sse50,上证50,20
2512,2014-05-15,2014,True,True,sse50,上证50,20
2536,2014-06-19,2014,True,True,sse50,上证50,20
2550,2014-07-09,2014,True,True,sse50,上证50,20
2556,2014-07-17,2014,True,True,sse50,上证50,20
2580,2014-08-20,2014,True,True,sse50,上证50,20
2598,2014-09-16,2014,True,False,sse50,上证50,20
2602,2014-09-22,2014,True,False,sse50,上证50,20
2612,2014-10-13,2014,True,True,sse50,上证50,20
2680,2015-01-19,2015,True,False,sse50,上证50,20
2686,2015-01-27,2015,True,True,sse50,上证50,20
2706,2015-03-03,2015,True,True,sse50,上证50,20
2749,2015-05-05,2015,True,True,sse50,上证50,20
2766,2015-05-28,2015,True,False,sse50,上证50,20
2778,2015-06-15,2015,True,True,sse50,上证50,20
2849,2015-09-25,2015,True,True,sse50,上证50,20
2870,2015-11-02,2015,True,False,sse50,上证50,20
2889,2015-11-27,2015,True,True,sse50,上证50,20
2910,2015-12-28,2015,False,False,sse50,上证50,20
2914,2016-01-04,2016,True,True,sse50,上证50,20
2947,2016-02-25,2016,True,True,sse50,上证50,20
2970,2016-03-29,2016,False,False,sse50,上证50,20
2977,2016-04-08,2016,False,False,sse50,上证50,20
2979,2016-04-12,2016,False,False,sse50,上证50,20
2986,2016-04-21,2016,False,False,sse50,上证50,20
2988,2016-04-25,2016,False,False,sse50,上证50,20
2990,2016-04-27,2016,True,True,sse50,上证50,20
3020,2016-06-13,2016,True,False,sse50,上证50,20
3023,2016-06-16,2016,True,True,sse50,上证50,20
3049,2016-07-22,2016,True,False,sse50,上证50,20
3053,2016-07-28,2016,True,True,sse50,上证50,20
3084,2016-09-09,2016,True,True,sse50,上证50,20
3144,2016-12-13,2016,True,True,sse50,上证50,20
3195,2017-03-02,2017,True,True,sse50,上证50,20
3214,2017-03-29,2017,True,False,sse50,上证50,20
3224,2017-04-14,2017,True,True,sse50,上证50,20
3266,2017-06-16,2017,False,False,sse50,上证50,20
3278,2017-07-04,2017,False,False,sse50,上证50,20
3301,2017-08-04,2017,True,True,sse50,上证50,20
3327,2017-09-11,2017,False,False,sse50,上证50,20
3330,2017-09-14,2017,True,True,sse50,上证50,20
3380,2017-11-30,2017,True,True,sse50,上证50,20
3399,2017-12-27,2017,True,True,sse50,上证50,20
3428,2018-02-07,2018,True,True,sse50,上证50,20
3494,2018-05-23,2018,True,True,sse50,上证50,20
3544,2018-08-02,2018,True,True,sse50,上证50,20
3568,2018-09-05,2018,True,True,sse50,上证50,20
3588,2018-10-11,2018,True,True,sse50,上证50,20
3609,2018-11-09,2018,True,True,sse50,上证50,20
3628,2018-12-06,2018,True,True,sse50,上证50,20
3698,2019-03-25,2019,True,True,sse50,上证50,20
3720,2019-04-25,2019,True,True,sse50,上证50,20
3769,2019-07-09,2019,True,True,sse50,上证50,20
3786,2019-08-01,2019,True,True,sse50,上证50,20
3822,2019-09-23,2019,False,False,sse50,上证50,20
3824,2019-09-25,2019,True,True,sse50,上证50,20
3839,2019-10-23,2019,False,False,sse50,上证50,20
3844,2019-10-30,2019,True,False,sse50,上证50,20
3852,2019-11-11,2019,True,True,sse50,上证50,20
3899,2020-01-16,2020,False,False,sse50,上证50,20
3902,2020-01-21,2020,True,True,sse50,上证50,20
3924,2020-02-28,2020,False,False,sse50,上证50,20
3930,2020-03-09,2020,False,False,sse50,上证50,20
3932,2020-03-11,2020,True,True,sse50,上证50,20
3975,2020-05-15,2020,False,False,sse50,上证50,20
3980,2020-05-22,2020,True,True,sse50,上证50,20
3996,2020-06-15,2020,False,False,sse50,上证50,20
4023,2020-07-24,2020,True,True,sse50,上证50,20
4037,2020-08-13,2020,False,False,sse50,上证50,20
4042,2020-08-20,2020,False,False,sse50,上证50,20
4046,2020-08-26,2020,False,False,sse50,上证50,20
4054,2020-09-07,2020,True,True,sse50,上证50,20
4083,2020-10-26,2020,True,True,sse50,上证50,20
4097,2020-11-13,2020,False,False,sse50,上证50,20
4117,2020-12-11,2020,False,False,sse50,上证50,20
4119,2020-12-15,2020,False,False,sse50,上证50,20
4124,2020-12-22,2020,True,True,sse50,上证50,20
4150,2021-01-28,2021,True,True,sse50,上证50,20
4164,2021-02-24,2021,True,True,sse50,上证50,20
4193,2021-04-07,2021,False,False,sse50,上证50,20
4195,2021-04-09,2021,True,True,sse50,上证50,20
4237,2021-06-11,2021,True,True,sse50,上证50,20
4304,2021-09-15,2021,True,True,sse50,上证50,20
4328,2021-10-28,2021,False,False,sse50,上证50,20
4330,2021-11-01,2021,True,True,sse50,上证50,20
4349,2021-11-26,2021,True,True,sse50,上证50,20
4365,2021-12-20,2021,False,False,sse50,上证50,20
4367,2021-12-22,2021,False,False,sse50,上证50,20
4372,2021-12-29,2021,True,True,sse50,上证50,20
4437,2022-04-11,2022,False,False,sse50,上证50,20
4442,2022-04-18,2022,True,True,sse50,上证50,20
4498,2022-07-11,2022,True,True,sse50,上证50,20
4546,2022-09-16,2022,True,True,sse50,上证50,20
4579,2022-11-09,2022,True,False,sse50,上证50,20
4608,2022-12-20,2022,True,True,sse50,上证50,20
4636,2023-02-06,2023,True,True,sse50,上证50,20
4656,2023-03-06,2023,True,True,sse50,上证50,20
4689,2023-04-21,2023,True,True,sse50,上证50,20
4699,2023-05-10,2023,True,True,sse50,上证50,20
4729,2023-06-21,2023,True,True,sse50,上证50,20
4764,2023-08-11,2023,True,True,sse50,上证50,20
4784,2023-09-08,2023,False,False,sse50,上证50,20
4789,2023-09-15,2023,False,False,sse50,上证50,20
4792,2023-09-20,2023,True,False,sse50,上证50,20
4795,2023-09-25,2023,True,True,sse50,上证50,20
4823,2023-11-10,2023,True,True,sse50,上证50,20
4862,2024-01-05,2024,True,True,sse50,上证50,20
4880,2024-01-31,2024,True,True,sse50,上证50,20
4908,2024-03-19,2024,False,False,sse50,上证50,20
4911,2024-03-22,2024,True,True,sse50,上证50,20
4920,2024-04-08,2024,True,True,sse50,上证50,20
4931,2024-04-23,2024,False,False,sse50,上证50,20
4951,2024-05-24,2024,False,False,sse50,上证50,20
4953,2024-05-28,2024,True,True,sse50,上证50,20
4992,2024-07-23,2024,True,True,sse50,上证50,20
5019,2024-08-29,2024,False,False,sse50,上证50,20
5021,2024-09-02,2024,True,True,sse50,上证50,20
5056,2024-10-30,2024,True,True,sse50,上证50,20
5068,2024-11-15,2024,True,True,sse50,上证50,20
5088,2024-12-13,2024,True,False,sse50,上证50,20
5101,2025-01-02,2025,True,True,sse50,上证50,20
5137,2025-03-03,2025,True,True,sse50,上证50,20
5151,2025-03-21,2025,False,False,sse50,上证50,20
5154,2025-03-26,2025,False,False,sse50,上证50,20
5156,2025-03-28,2025,True,True,sse50,上证50,20
5178,2025-04-30,2025,False,False,sse50,上证50,20
5194,2025-05-27,2025,True,True,sse50,上证50,20
5241,2025-08-01,2025,True,False,sse50,上证50,20
5275,2025-09-18,2025,True,True,sse50,上证50,20
5303,2025-11-05,2025,False,False,sse50,上证50,20
5311,2025-11-17,2025,True,True,sse50,上证50,20
5328,2025-12-10,2025,True,False,sse50,上证50,20
5332,2025-12-16,2025,False,False,sse50,上证50,20
5354,2026-01-19,2026,True,True,sse50,上证50,20
5373,2026-02-13,2026,True,True,sse50,上证50,20
5428,2026-05-15,2026,True,True,sse50,上证50,20
5457,2026-06-26,2026,False,False,sse50,上证50,20
5461,2026-07-02,2026,False,False,sse50,上证50,20
5464,2026-07-07,2026,True,False,sse50,上证50,20
5468,2026-07-13,2026,False,False,sse50,上证50,20
5471,2026-07-16,2026,True,True,sse50,上证50,20
5479,2026-07-28,2026,True,True,sse50,上证50,20
260,2005-01-27,2005,True,True,sse50,上证50,25
283,2005-03-10,2005,True,True,sse50,上证50,25
359,2005-07-01,2005,True,True,sse50,上证50,25
400,2005-08-29,2005,True,False,sse50,上证50,25
406,2005-09-06,2005,False,False,sse50,上证50,25
410,2005-09-12,2005,False,False,sse50,上证50,25
417,2005-09-21,2005,True,True,sse50,上证50,25
465,2005-12-05,2005,False,False,sse50,上证50,25
522,2006-03-07,2006,True,True,sse50,上证50,25
535,2006-03-24,2006,False,False,sse50,上证50,25
583,2006-06-07,2006,True,True,sse50,上证50,25
609,2006-07-13,2006,True,True,sse50,上证50,25
747,2007-02-02,2007,True,True,sse50,上证50,25
759,2007-02-27,2007,False,False,sse50,上证50,25
761,2007-03-01,2007,True,True,sse50,上证50,25
823,2007-06-04,2007,True,True,sse50,上证50,25
838,2007-06-25,2007,False,False,sse50,上证50,25
842,2007-06-29,2007,True,False,sse50,上证50,25
845,2007-07-04,2007,True,True,sse50,上证50,25
905,2007-09-26,2007,False,False,sse50,上证50,25
921,2007-10-25,2007,False,False,sse50,上证50,25
928,2007-11-05,2007,True,True,sse50,上证50,25
956,2007-12-13,2007,True,True,sse50,上证50,25
979,2008-01-17,2008,True,True,sse50,上证50,25
1059,2008-05-20,2008,False,False,sse50,上证50,25
1061,2008-05-22,2008,True,True,sse50,上证50,25
1110,2008-07-31,2008,False,False,sse50,上证50,25
1112,2008-08-04,2008,True,True,sse50,上证50,25
1190,2008-11-28,2008,True,True,sse50,上证50,25
1207,2008-12-23,2008,True,True,sse50,上证50,25
1247,2009-02-26,2009,True,True,sse50,上证50,25
1254,2009-03-09,2009,True,True,sse50,上证50,25
1287,2009-04-24,2009,True,True,sse50,上证50,25
1308,2009-05-26,2009,False,False,sse50,上证50,25
1359,2009-08-07,2009,True,True,sse50,上证50,25
1391,2009-09-22,2009,True,True,sse50,上证50,25
1432,2009-11-26,2009,True,True,sse50,上证50,25
1441,2009-12-09,2009,True,True,sse50,上证50,25
1461,2010-01-07,2010,True,True,sse50,上证50,25
1496,2010-03-04,2010,False,False,sse50,上证50,25
1503,2010-03-15,2010,True,False,sse50,上证50,25
1511,2010-03-25,2010,False,False,sse50,上证50,25
1527,2010-04-19,2010,True,True,sse50,上证50,25
1606,2010-08-12,2010,True,False,sse50,上证50,25
1614,2010-08-24,2010,True,True,sse50,上证50,25
1626,2010-09-09,2010,True,True,sse50,上证50,25
1664,2010-11-12,2010,True,True,sse50,上证50,25
1690,2010-12-20,2010,False,False,sse50,上证50,25
1692,2010-12-22,2010,True,True,sse50,上证50,25
1745,2011-03-15,2011,False,False,sse50,上证50,25
1747,2011-03-17,2011,True,True,sse50,上证50,25
1772,2011-04-25,2011,True,True,sse50,上证50,25
1817,2011-06-29,2011,False,False,sse50,上证50,25
1826,2011-07-12,2011,False,False,sse50,上证50,25
1833,2011-07-21,2011,True,True,sse50,上证50,25
1911,2011-11-16,2011,True,True,sse50,上证50,25
1984,2012-03-07,2012,False,False,sse50,上证50,25
1989,2012-03-14,2012,True,True,sse50,上证50,25
2010,2012-04-17,2012,False,False,sse50,上证50,25
2027,2012-05-14,2012,True,True,sse50,上证50,25
2091,2012-08-13,2012,True,True,sse50,上证50,25
2116,2012-09-17,2012,True,True,sse50,上证50,25
2140,2012-10-26,2012,True,True,sse50,上证50,25
2149,2012-11-08,2012,True,True,sse50,上证50,25
2216,2013-02-21,2013,True,True,sse50,上证50,25
2239,2013-03-26,2013,True,True,sse50,上证50,25
2269,2013-05-14,2013,True,False,sse50,上证50,25
2284,2013-06-04,2013,True,True,sse50,上证50,25
2361,2013-09-26,2013,True,True,sse50,上证50,25
2410,2013-12-11,2013,True,True,sse50,上证50,25
2457,2014-02-24,2014,True,True,sse50,上证50,25
2500,2014-04-25,2014,True,True,sse50,上证50,25
2536,2014-06-19,2014,False,False,sse50,上证50,25
2538,2014-06-23,2014,True,True,sse50,上证50,25
2550,2014-07-09,2014,True,True,sse50,上证50,25
2583,2014-08-25,2014,True,True,sse50,上证50,25
2598,2014-09-16,2014,True,False,sse50,上证50,25
2602,2014-09-22,2014,True,False,sse50,上证50,25
2612,2014-10-13,2014,True,True,sse50,上证50,25
2680,2015-01-19,2015,True,False,sse50,上证50,25
2687,2015-01-28,2015,True,True,sse50,上证50,25
2706,2015-03-03,2015,True,True,sse50,上证50,25
2751,2015-05-07,2015,True,False,sse50,上证50,25
2755,2015-05-13,2015,True,True,sse50,上证50,25
2766,2015-05-28,2015,True,False,sse50,上证50,25
2779,2015-06-16,2015,True,True,sse50,上证50,25
2889,2015-11-27,2015,True,True,sse50,上证50,25
2910,2015-12-28,2015,False,False,sse50,上证50,25
2914,2016-01-04,2016,True,True,sse50,上证50,25
2947,2016-02-25,2016,True,True,sse50,上证50,25
2977,2016-04-08,2016,False,False,sse50,上证50,25
2986,2016-04-21,2016,False,False,sse50,上证50,25
2988,2016-04-25,2016,False,False,sse50,上证50,25
2990,2016-04-27,2016,True,True,sse50,上证50,25
3020,2016-06-13,2016,True,False,sse50,上证50,25
3023,2016-06-16,2016,False,False,sse50,上证50,25
3029,2016-06-24,2016,True,True,sse50,上证50,25
3054,2016-07-29,2016,True,True,sse50,上证50,25
3085,2016-09-12,2016,True,True,sse50,上证50,25
3145,2016-12-14,2016,True,True,sse50,上证50,25
3195,2017-03-02,2017,True,True,sse50,上证50,25
3224,2017-04-14,2017,True,True,sse50,上证50,25
3304,2017-08-09,2017,True,True,sse50,上证50,25
3331,2017-09-15,2017,True,True,sse50,上证50,25
3380,2017-11-30,2017,True,True,sse50,上证50,25
3428,2018-02-07,2018,True,True,sse50,上证50,25
3494,2018-05-23,2018,True,True,sse50,上证50,25
3544,2018-08-02,2018,True,True,sse50,上证50,25
3568,2018-09-05,2018,True,True,sse50,上证50,25
3588,2018-10-11,2018,True,True,sse50,上证50,25
3609,2018-11-09,2018,True,False,sse50,上证50,25
3612,2018-11-14,2018,False,False,sse50,上证50,25
3616,2018-11-20,2018,True,True,sse50,上证50,25
3628,2018-12-06,2018,True,True,sse50,上证50,25
3698,2019-03-25,2019,True,True,sse50,上证50,25
3721,2019-04-26,2019,False,False,sse50,上证50,25
3724,2019-05-06,2019,True,True,sse50,上证50,25
3774,2019-07-16,2019,True,True,sse50,上证50,25
3785,2019-07-31,2019,True,True,sse50,上证50,25
3825,2019-09-26,2019,True,True,sse50,上证50,25
3839,2019-10-23,2019,True,False,sse50,上证50,25
3844,2019-10-30,2019,True,False,sse50,上证50,25
3852,2019-11-11,2019,True,True,sse50,上证50,25
3902,2020-01-21,2020,True,True,sse50,上证50,25
3930,2020-03-09,2020,False,False,sse50,上证50,25
3932,2020-03-11,2020,True,True,sse50,上证50,25
3980,2020-05-22,2020,True,True,sse50,上证50,25
3996,2020-06-15,2020,False,False,sse50,上证50,25
4023,2020-07-24,2020,True,True,sse50,上证50,25
4033,2020-08-07,2020,False,False,sse50,上证50,25
4035,2020-08-11,2020,True,True,sse50,上证50,25
4042,2020-08-20,2020,False,False,sse50,上证50,25
4054,2020-09-07,2020,True,True,sse50,上证50,25
4083,2020-10-26,2020,True,True,sse50,上证50,25
4097,2020-11-13,2020,False,False,sse50,上证50,25
4117,2020-12-11,2020,False,False,sse50,上证50,25
4124,2020-12-22,2020,False,False,sse50,上证50,25
4150,2021-01-28,2021,True,True,sse50,上证50,25
4164,2021-02-24,2021,False,False,sse50,上证50,25
4166,2021-02-26,2021,True,True,sse50,上证50,25
4238,2021-06-15,2021,True,True,sse50,上证50,25
4304,2021-09-15,2021,True,True,sse50,上证50,25
4331,2021-11-02,2021,True,True,sse50,上证50,25
4372,2021-12-29,2021,True,False,sse50,上证50,25
4375,2022-01-04,2022,True,True,sse50,上证50,25
4443,2022-04-19,2022,True,True,sse50,上证50,25
4498,2022-07-11,2022,True,True,sse50,上证50,25
4608,2022-12-20,2022,True,False,sse50,上证50,25
4611,2022-12-23,2022,True,False,sse50,上证50,25
4615,2022-12-29,2022,True,True,sse50,上证50,25
4636,2023-02-06,2023,True,True,sse50,上证50,25
4656,2023-03-06,2023,True,True,sse50,上证50,25
4689,2023-04-21,2023,True,True,sse50,上证50,25
4699,2023-05-10,2023,True,True,sse50,上证50,25
4764,2023-08-11,2023,True,True,sse50,上证50,25
4783,2023-09-07,2023,True,True,sse50,上证50,25
4793,2023-09-21,2023,False,False,sse50,上证50,25
4796,2023-09-26,2023,True,True,sse50,上证50,25
4861,2024-01-04,2024,True,True,sse50,上证50,25
4880,2024-01-31,2024,True,True,sse50,上证50,25
4911,2024-03-22,2024,True,True,sse50,上证50,25
4920,2024-04-08,2024,True,True,sse50,上证50,25
4931,2024-04-23,2024,False,False,sse50,上证50,25
4951,2024-05-24,2024,False,False,sse50,上证50,25
4955,2024-05-30,2024,True,True,sse50,上证50,25
4992,2024-07-23,2024,True,True,sse50,上证50,25
5018,2024-08-28,2024,True,True,sse50,上证50,25
5068,2024-11-15,2024,True,True,sse50,上证50,25
5088,2024-12-13,2024,True,True,sse50,上证50,25
5101,2025-01-02,2025,True,True,sse50,上证50,25
5138,2025-03-04,2025,False,False,sse50,上证50,25
5151,2025-03-21,2025,False,False,sse50,上证50,25
5154,2025-03-26,2025,False,False,sse50,上证50,25
5156,2025-03-28,2025,True,True,sse50,上证50,25
5178,2025-04-30,2025,False,False,sse50,上证50,25
5194,2025-05-27,2025,True,False,sse50,上证50,25
5197,2025-05-30,2025,True,True,sse50,上证50,25
5241,2025-08-01,2025,False,False,sse50,上证50,25
5275,2025-09-18,2025,True,True,sse50,上证50,25
5311,2025-11-17,2025,True,True,sse50,上证50,25
5357,2026-01-22,2026,True,True,sse50,上证50,25
5373,2026-02-13,2026,True,True,sse50,上证50,25
5428,2026-05-15,2026,True,True,sse50,上证50,25
5457,2026-06-26,2026,False,False,sse50,上证50,25
5461,2026-07-02,2026,False,False,sse50,上证50,25
5465,2026-07-08,2026,False,False,sse50,上证50,25
5468,2026-07-13,2026,False,False,sse50,上证50,25
5471,2026-07-16,2026,True,True,sse50,上证50,25
5479,2026-07-28,2026,True,True,sse50,上证50,25
40,2005-03-10,2005,True,True,csi300,沪深300,20
67,2005-04-18,2005,True,True,csi300,沪深300,20
115,2005-06-30,2005,True,True,csi300,沪深300,20
156,2005-08-26,2005,True,True,csi300,沪深300,20
174,2005-09-21,2005,True,True,csi300,沪深300,20
218,2005-11-29,2005,False,False,csi300,沪深300,20
220,2005-12-01,2005,True,True,csi300,沪深300,20
279,2006-03-07,2006,True,True,csi300,沪深300,20
340,2006-06-07,2006,True,True,csi300,沪深300,20
366,2006-07-13,2006,True,True,csi300,沪深300,20
504,2007-02-02,2007,True,True,csi300,沪深300,20
516,2007-02-27,2007,False,False,csi300,沪深300,20
518,2007-03-01,2007,False,False,csi300,沪深300,20
579,2007-06-01,2007,True,True,csi300,沪深300,20
595,2007-06-25,2007,True,False,csi300,沪深300,20
598,2007-06-28,2007,True,True,csi300,沪深300,20
651,2007-09-11,2007,False,False,csi300,沪深300,20
662,2007-09-26,2007,False,False,csi300,沪深300,20
675,2007-10-22,2007,True,True,csi300,沪深300,20
713,2007-12-13,2007,False,False,csi300,沪深300,20
715,2007-12-17,2007,True,False,csi300,沪深300,20
736,2008-01-17,2008,True,True,csi300,沪深300,20
816,2008-05-20,2008,True,True,csi300,沪深300,20
855,2008-07-15,2008,True,True,csi300,沪深300,20
866,2008-07-30,2008,True,True,csi300,沪深300,20
964,2008-12-23,2008,True,True,csi300,沪深300,20
1004,2009-02-26,2009,True,True,csi300,沪深300,20
1042,2009-04-22,2009,False,False,csi300,沪深300,20
1044,2009-04-24,2009,True,True,csi300,沪深300,20
1065,2009-05-26,2009,False,False,csi300,沪深300,20
1116,2009-08-07,2009,True,True,csi300,沪深300,20
1148,2009-09-22,2009,True,True,csi300,沪深300,20
1189,2009-11-26,2009,True,True,csi300,沪深300,20
1198,2009-12-09,2009,True,True,csi300,沪深300,20
1218,2010-01-07,2010,True,True,csi300,沪深300,20
1227,2010-01-20,2010,True,True,csi300,沪深300,20
1259,2010-03-12,2010,True,True,csi300,沪深300,20
1268,2010-03-25,2010,False,False,csi300,沪深300,20
1284,2010-04-19,2010,True,True,csi300,沪深300,20
1363,2010-08-12,2010,False,False,csi300,沪深300,20
1372,2010-08-25,2010,True,True,csi300,沪深300,20
1387,2010-09-15,2010,True,True,csi300,沪深300,20
1421,2010-11-12,2010,True,True,csi300,沪深300,20
1447,2010-12-20,2010,False,False,csi300,沪深300,20
1450,2010-12-23,2010,True,True,csi300,沪深300,20
1502,2011-03-15,2011,False,False,csi300,沪深300,20
1504,2011-03-17,2011,True,True,csi300,沪深300,20
1525,2011-04-19,2011,True,False,csi300,沪深300,20
1528,2011-04-22,2011,True,True,csi300,沪深300,20
1590,2011-07-21,2011,True,True,csi300,沪深300,20
1668,2011-11-16,2011,True,True,csi300,沪深300,20
1709,2012-01-16,2012,False,False,csi300,沪深300,20
1746,2012-03-14,2012,True,True,csi300,沪深300,20
1767,2012-04-17,2012,False,False,csi300,沪深300,20
1784,2012-05-14,2012,True,True,csi300,沪深300,20
1799,2012-06-04,2012,True,True,csi300,沪深300,20
1848,2012-08-13,2012,True,True,csi300,沪深300,20
1873,2012-09-17,2012,True,True,csi300,沪深300,20
1897,2012-10-26,2012,True,True,csi300,沪深300,20
1904,2012-11-06,2012,True,True,csi300,沪深300,20
1973,2013-02-21,2013,True,True,csi300,沪深300,20
1996,2013-03-26,2013,True,True,csi300,沪深300,20
2041,2013-06-04,2013,True,True,csi300,沪深300,20
2071,2013-07-19,2013,True,False,csi300,沪深300,20
2076,2013-07-26,2013,True,True,csi300,沪深300,20
2101,2013-08-30,2013,False,False,csi300,沪深300,20
2118,2013-09-26,2013,True,True,csi300,沪深300,20
2127,2013-10-16,2013,True,True,csi300,沪深300,20
2167,2013-12-11,2013,True,True,csi300,沪深300,20
2214,2014-02-24,2014,True,True,csi300,沪深300,20
2253,2014-04-21,2014,True,True,csi300,沪深300,20
2282,2014-06-04,2014,False,False,csi300,沪深300,20
2284,2014-06-06,2014,True,False,csi300,沪深300,20
2293,2014-06-19,2014,True,True,csi300,沪深300,20
2307,2014-07-09,2014,True,True,csi300,沪深300,20
2313,2014-07-17,2014,False,False,csi300,沪深300,20
2340,2014-08-25,2014,True,True,csi300,沪深300,20
2359,2014-09-22,2014,False,False,csi300,沪深300,20
2375,2014-10-21,2014,True,True,csi300,沪深300,20
2437,2015-01-19,2015,True,False,csi300,沪深300,20
2444,2015-01-28,2015,True,True,csi300,沪深300,20
2507,2015-05-06,2015,True,True,csi300,沪深300,20
2514,2015-05-15,2015,True,False,csi300,沪深300,20
2536,2015-06-16,2015,True,True,csi300,沪深300,20
2564,2015-07-27,2015,True,True,csi300,沪深300,20
2580,2015-08-18,2015,True,True,csi300,沪深300,20
2628,2015-11-03,2015,False,False,csi300,沪深300,20
2646,2015-11-27,2015,True,True,csi300,沪深300,20
2670,2015-12-31,2015,True,True,csi300,沪深300,20
2704,2016-02-25,2016,True,True,csi300,沪深300,20
2714,2016-03-10,2016,True,False,csi300,沪深300,20
2742,2016-04-20,2016,True,True,csi300,沪深300,20
2753,2016-05-06,2016,True,True,csi300,沪深300,20
2777,2016-06-13,2016,True,False,csi300,沪深300,20
2780,2016-06-16,2016,True,True,csi300,沪深300,20
2809,2016-07-27,2016,True,True,csi300,沪深300,20
2835,2016-09-01,2016,True,True,csi300,沪深300,20
2841,2016-09-09,2016,True,True,csi300,沪深300,20
2896,2016-12-06,2016,False,False,csi300,沪深300,20
2898,2016-12-08,2016,False,False,csi300,沪深300,20
2900,2016-12-12,2016,True,True,csi300,沪深300,20
2953,2017-03-03,2017,False,False,csi300,沪深300,20
2957,2017-03-09,2017,True,False,csi300,沪深300,20
2963,2017-03-17,2017,True,False,csi300,沪深300,20
2966,2017-03-22,2017,False,False,csi300,沪深300,20
2972,2017-03-30,2017,True,False,csi300,沪深300,20
2982,2017-04-17,2017,True,True,csi300,沪深300,20
3058,2017-08-04,2017,False,False,csi300,沪深300,20
3062,2017-08-10,2017,True,True,csi300,沪深300,20
3094,2017-09-25,2017,True,True,csi300,沪深300,20
3134,2017-11-27,2017,True,True,csi300,沪深300,20
3156,2017-12-27,2017,True,False,csi300,沪深300,20
3181,2018-02-01,2018,True,True,csi300,沪深300,20
3210,2018-03-21,2018,True,True,csi300,沪深300,20
3252,2018-05-24,2018,True,True,csi300,沪深300,20
3300,2018-08-01,2018,True,True,csi300,沪深300,20
3322,2018-08-31,2018,True,False,csi300,沪深300,20
3325,2018-09-05,2018,True,True,csi300,沪深300,20
3342,2018-10-08,2018,True,True,csi300,沪深300,20
3366,2018-11-09,2018,False,False,csi300,沪深300,20
3376,2018-11-23,2018,True,True,csi300,沪深300,20
3385,2018-12-06,2018,True,True,csi300,沪深300,20
3455,2019-03-25,2019,True,True,csi300,沪深300,20
3477,2019-04-25,2019,True,True,csi300,沪深300,20
3526,2019-07-09,2019,True,True,csi300,沪深300,20
3543,2019-08-01,2019,True,True,csi300,沪深300,20
3581,2019-09-25,2019,True,True,csi300,沪深300,20
3593,2019-10-18,2019,True,False,csi300,沪深300,20
3596,2019-10-23,2019,True,False,csi300,沪深300,20
3602,2019-10-31,2019,False,False,csi300,沪深300,20
3609,2019-11-11,2019,True,True,csi300,沪深300,20
3659,2020-01-21,2020,False,False,csi300,沪深300,20
3661,2020-01-23,2020,True,True,csi300,沪深300,20
3681,2020-02-28,2020,False,False,csi300,沪深300,20
3687,2020-03-09,2020,False,False,csi300,沪深300,20
3689,2020-03-11,2020,True,True,csi300,沪深300,20
3737,2020-05-22,2020,True,True,csi300,沪深300,20
3780,2020-07-24,2020,True,True,csi300,沪深300,20
3793,2020-08-12,2020,True,False,csi300,沪深300,20
3799,2020-08-20,2020,False,False,csi300,沪深300,20
3803,2020-08-26,2020,False,False,csi300,沪深300,20
3811,2020-09-07,2020,True,True,csi300,沪深300,20
3840,2020-10-26,2020,True,False,csi300,沪深300,20
3844,2020-10-30,2020,True,False,csi300,沪深300,20
3872,2020-12-09,2020,True,True,csi300,沪深300,20
3881,2020-12-22,2020,False,False,csi300,沪深300,20
3907,2021-01-28,2021,True,True,csi300,沪深300,20
3921,2021-02-24,2021,True,True,csi300,沪深300,20
3952,2021-04-09,2021,True,True,csi300,沪深300,20
3968,2021-05-06,2021,True,True,csi300,沪深300,20
3994,2021-06-11,2021,True,True,csi300,沪深300,20
4061,2021-09-15,2021,True,True,csi300,沪深300,20
4077,2021-10-18,2021,False,False,csi300,沪深300,20
4084,2021-10-27,2021,True,True,csi300,沪深300,20
4106,2021-11-26,2021,True,True,csi300,沪深300,20
4122,2021-12-20,2021,True,True,csi300,沪深300,20
4255,2022-07-11,2022,True,True,csi300,沪深300,20
4337,2022-11-10,2022,False,False,csi300,沪深300,20
4349,2022-11-28,2022,False,False,csi300,沪深300,20
4365,2022-12-20,2022,True,True,csi300,沪深300,20
4395,2023-02-08,2023,False,False,csi300,沪深300,20
4397,2023-02-10,2023,False,False,csi300,沪深300,20
4400,2023-02-15,2023,True,True,csi300,沪深300,20
4414,2023-03-07,2023,True,True,csi300,沪深300,20
4446,2023-04-21,2023,True,True,csi300,沪深300,20
4487,2023-06-26,2023,True,True,csi300,沪深300,20
4495,2023-07-06,2023,True,True,csi300,沪深300,20
4521,2023-08-11,2023,True,True,csi300,沪深300,20
4540,2023-09-07,2023,True,True,csi300,沪深300,20
4585,2023-11-17,2023,False,False,csi300,沪深300,20
4588,2023-11-22,2023,True,True,csi300,沪深300,20
4618,2024-01-04,2024,True,True,csi300,沪深300,20
4636,2024-01-30,2024,True,True,csi300,沪深300,20
4668,2024-03-22,2024,True,True,csi300,沪深300,20
4677,2024-04-08,2024,True,True,csi300,沪深300,20
4687,2024-04-22,2024,True,True,csi300,沪深300,20
4708,2024-05-24,2024,True,True,csi300,沪深300,20
4749,2024-07-23,2024,True,True,csi300,沪深300,20
4813,2024-10-30,2024,True,True,csi300,沪深300,20
4825,2024-11-15,2024,True,True,csi300,沪深300,20
4845,2024-12-13,2024,True,True,csi300,沪深300,20
4857,2024-12-31,2024,True,True,csi300,沪深300,20
4893,2025-02-28,2025,True,True,csi300,沪深300,20
4901,2025-03-12,2025,True,False,csi300,沪深300,20
4908,2025-03-21,2025,True,True,csi300,沪深300,20
4951,2025-05-27,2025,True,True,csi300,沪深300,20
4998,2025-08-01,2025,False,False,csi300,沪深300,20
5044,2025-10-14,2025,False,False,csi300,沪深300,20
5047,2025-10-17,2025,True,False,csi300,沪深300,20
5059,2025-11-04,2025,True,False,csi300,沪深300,20
5067,2025-11-14,2025,True,True,csi300,沪深300,20
5086,2025-12-11,2025,False,False,csi300,沪深300,20
5089,2025-12-16,2025,False,False,csi300,沪深300,20
5115,2026-01-23,2026,True,True,csi300,沪深300,20
5130,2026-02-13,2026,False,False,csi300,沪深300,20
5136,2026-03-03,2026,True,True,csi300,沪深300,20
5189,2026-05-21,2026,True,False,csi300,沪深300,20
5196,2026-06-01,2026,False,False,csi300,沪深300,20
5200,2026-06-05,2026,True,True,csi300,沪深300,20
5214,2026-06-26,2026,False,False,csi300,沪深300,20
5218,2026-07-02,2026,True,True,csi300,沪深300,20
43,2005-03-15,2005,True,True,csi300,沪深300,25
104,2005-06-15,2005,False,False,csi300,沪深300,25
116,2005-07-01,2005,True,True,csi300,沪深300,25
157,2005-08-29,2005,True,False,csi300,沪深300,25
175,2005-09-22,2005,True,True,csi300,沪深300,25
218,2005-11-29,2005,False,False,csi300,沪深300,25
220,2005-12-01,2005,True,True,csi300,沪深300,25
279,2006-03-07,2006,True,True,csi300,沪深300,25
341,2006-06-08,2006,True,True,csi300,沪深300,25
366,2006-07-13,2006,True,False,csi300,沪深300,25
370,2006-07-19,2006,True,True,csi300,沪深300,25
504,2007-02-02,2007,True,True,csi300,沪深300,25
516,2007-02-27,2007,False,False,csi300,沪深300,25
518,2007-03-01,2007,False,False,csi300,沪深300,25
520,2007-03-05,2007,False,False,csi300,沪深300,25
580,2007-06-04,2007,True,True,csi300,沪深300,25
595,2007-06-25,2007,True,False,csi300,沪深300,25
598,2007-06-28,2007,True,True,csi300,沪深300,25
675,2007-10-22,2007,True,False,csi300,沪深300,25
678,2007-10-25,2007,True,True,csi300,沪深300,25
684,2007-11-02,2007,True,True,csi300,沪深300,25
713,2007-12-13,2007,False,False,csi300,沪深300,25
715,2007-12-17,2007,True,False,csi300,沪深300,25
738,2008-01-21,2008,True,True,csi300,沪深300,25
816,2008-05-20,2008,False,False,csi300,沪深300,25
818,2008-05-22,2008,True,True,csi300,沪深300,25
855,2008-07-15,2008,True,True,csi300,沪深300,25
867,2008-07-31,2008,True,True,csi300,沪深300,25
964,2008-12-23,2008,True,True,csi300,沪深300,25
1004,2009-02-26,2009,True,True,csi300,沪深300,25
1011,2009-03-09,2009,True,True,csi300,沪深300,25
1045,2009-04-27,2009,True,False,csi300,沪深300,25
1116,2009-08-07,2009,True,True,csi300,沪深300,25
1148,2009-09-22,2009,True,True,csi300,沪深300,25
1189,2009-11-26,2009,True,False,csi300,沪深300,25
1198,2009-12-09,2009,False,False,csi300,沪深300,25
1203,2009-12-16,2009,True,True,csi300,沪深300,25
1218,2010-01-07,2010,True,True,csi300,沪深300,25
1259,2010-03-12,2010,True,True,csi300,沪深300,25
1268,2010-03-25,2010,False,False,csi300,沪深300,25
1284,2010-04-19,2010,True,True,csi300,沪深300,25
1372,2010-08-25,2010,True,True,csi300,沪深300,25
1387,2010-09-15,2010,True,True,csi300,沪深300,25
1421,2010-11-12,2010,True,True,csi300,沪深300,25
1447,2010-12-20,2010,False,False,csi300,沪深300,25
1450,2010-12-23,2010,True,True,csi300,沪深300,25
1502,2011-03-15,2011,False,False,csi300,沪深300,25
1504,2011-03-17,2011,True,True,csi300,沪深300,25
1514,2011-03-31,2011,False,False,csi300,沪深300,25
1529,2011-04-25,2011,True,True,csi300,沪深300,25
1592,2011-07-25,2011,True,True,csi300,沪深300,25
1668,2011-11-16,2011,True,True,csi300,沪深300,25
1709,2012-01-16,2012,False,False,csi300,沪深300,25
1747,2012-03-15,2012,False,False,csi300,沪深300,25
1750,2012-03-20,2012,True,True,csi300,沪深300,25
1767,2012-04-17,2012,False,False,csi300,沪深300,25
1786,2012-05-16,2012,True,True,csi300,沪深300,25
1873,2012-09-17,2012,True,True,csi300,沪深300,25
1897,2012-10-26,2012,True,True,csi300,沪深300,25
1905,2012-11-07,2012,True,True,csi300,沪深300,25
1973,2013-02-21,2013,True,True,csi300,沪深300,25
1996,2013-03-26,2013,True,True,csi300,沪深300,25
2042,2013-06-05,2013,True,True,csi300,沪深300,25
2070,2013-07-18,2013,True,True,csi300,沪深300,25
2076,2013-07-26,2013,True,True,csi300,沪深300,25
2118,2013-09-26,2013,False,False,csi300,沪深300,25
2127,2013-10-16,2013,True,True,csi300,沪深300,25
2170,2013-12-16,2013,True,True,csi300,沪深300,25
2214,2014-02-24,2014,True,True,csi300,沪深300,25
2237,2014-03-27,2014,True,True,csi300,沪深300,25
2253,2014-04-21,2014,False,False,csi300,沪深300,25
2256,2014-04-24,2014,True,True,csi300,沪深300,25
2282,2014-06-04,2014,False,False,csi300,沪深300,25
2284,2014-06-06,2014,True,False,csi300,沪深300,25
2293,2014-06-19,2014,True,True,csi300,沪深300,25
2307,2014-07-09,2014,True,True,csi300,沪深300,25
2313,2014-07-17,2014,False,False,csi300,沪深300,25
2341,2014-08-26,2014,True,True,csi300,沪深300,25
2359,2014-09-22,2014,False,False,csi300,沪深300,25
2375,2014-10-21,2014,True,True,csi300,沪深300,25
2437,2015-01-19,2015,True,False,csi300,沪深300,25
2445,2015-01-29,2015,True,True,csi300,沪深300,25
2508,2015-05-07,2015,False,False,csi300,沪深300,25
2514,2015-05-15,2015,True,False,csi300,沪深300,25
2538,2015-06-18,2015,True,True,csi300,沪深300,25
2580,2015-08-18,2015,True,True,csi300,沪深300,25
2646,2015-11-27,2015,True,True,csi300,沪深300,25
2671,2016-01-04,2016,True,True,csi300,沪深300,25
2704,2016-02-25,2016,True,True,csi300,沪深300,25
2714,2016-03-10,2016,False,False,csi300,沪深300,25
2742,2016-04-20,2016,True,True,csi300,沪深300,25
2753,2016-05-06,2016,True,True,csi300,沪深300,25
2777,2016-06-13,2016,True,False,csi300,沪深300,25
2780,2016-06-16,2016,False,False,csi300,沪深300,25
2783,2016-06-21,2016,False,False,csi300,沪深300,25
2786,2016-06-24,2016,False,False,csi300,沪深300,25
2811,2016-07-29,2016,True,True,csi300,沪深300,25
2841,2016-09-09,2016,True,True,csi300,沪深300,25
2860,2016-10-17,2016,False,False,csi300,沪深300,25
2900,2016-12-12,2016,True,True,csi300,沪深300,25
2957,2017-03-09,2017,True,False,csi300,沪深300,25
2963,2017-03-17,2017,True,False,csi300,沪深300,25
2966,2017-03-22,2017,False,False,csi300,沪深300,25
2972,2017-03-30,2017,False,False,csi300,沪深300,25
2983,2017-04-18,2017,True,True,csi300,沪深300,25
3063,2017-08-11,2017,True,True,csi300,沪深300,25
3094,2017-09-25,2017,True,True,csi300,沪深300,25
3134,2017-11-27,2017,True,True,csi300,沪深300,25
3184,2018-02-06,2018,True,True,csi300,沪深300,25
3211,2018-03-22,2018,True,True,csi300,沪深300,25
3252,2018-05-24,2018,True,True,csi300,沪深300,25
3300,2018-08-01,2018,True,True,csi300,沪深300,25
3321,2018-08-30,2018,True,True,csi300,沪深300,25
3342,2018-10-08,2018,True,True,csi300,沪深300,25
3366,2018-11-09,2018,False,False,csi300,沪深300,25
3376,2018-11-23,2018,True,True,csi300,沪深300,25
3385,2018-12-06,2018,True,True,csi300,沪深300,25
3456,2019-03-26,2019,False,False,csi300,沪深300,25
3458,2019-03-28,2019,False,False,csi300,沪深300,25
3477,2019-04-25,2019,True,True,csi300,沪深300,25
3533,2019-07-18,2019,True,True,csi300,沪深300,25
3543,2019-08-01,2019,True,True,csi300,沪深300,25
3581,2019-09-25,2019,True,True,csi300,沪深300,25
3593,2019-10-18,2019,True,True,csi300,沪深300,25
3602,2019-10-31,2019,False,False,csi300,沪深300,25
3609,2019-11-11,2019,True,True,csi300,沪深300,25
3661,2020-01-23,2020,True,True,csi300,沪深300,25
3681,2020-02-28,2020,False,False,csi300,沪深300,25
3687,2020-03-09,2020,False,False,csi300,沪深300,25
3689,2020-03-11,2020,True,True,csi300,沪深300,25
3737,2020-05-22,2020,True,True,csi300,沪深300,25
3792,2020-08-11,2020,True,True,csi300,沪深300,25
3799,2020-08-20,2020,False,False,csi300,沪深300,25
3811,2020-09-07,2020,True,True,csi300,沪深300,25
3840,2020-10-26,2020,True,False,csi300,沪深300,25
3844,2020-10-30,2020,False,False,csi300,沪深300,25
3872,2020-12-09,2020,True,True,csi300,沪深300,25
3881,2020-12-22,2020,False,False,csi300,沪深300,25
3907,2021-01-28,2021,True,False,csi300,沪深300,25
3921,2021-02-24,2021,True,True,csi300,沪深300,25
3952,2021-04-09,2021,True,True,csi300,沪深300,25
3968,2021-05-06,2021,True,True,csi300,沪深300,25
3995,2021-06-15,2021,True,True,csi300,沪深300,25
4061,2021-09-15,2021,True,True,csi300,沪深300,25
4077,2021-10-18,2021,False,False,csi300,沪深300,25
4085,2021-10-28,2021,False,False,csi300,沪深300,25
4087,2021-11-01,2021,True,True,csi300,沪深300,25
4106,2021-11-26,2021,True,True,csi300,沪深300,25
4122,2021-12-20,2021,True,True,csi300,沪深300,25
4256,2022-07-12,2022,True,True,csi300,沪深300,25
4336,2022-11-09,2022,True,False,csi300,沪深300,25
4365,2022-12-20,2022,True,True,csi300,沪深300,25
4401,2023-02-16,2023,True,False,csi300,沪深300,25
4405,2023-02-22,2023,True,True,csi300,沪深300,25
4446,2023-04-21,2023,True,True,csi300,沪深300,25
4486,2023-06-21,2023,True,True,csi300,沪深300,25
4495,2023-07-06,2023,True,True,csi300,沪深300,25
4521,2023-08-11,2023,True,True,csi300,沪深300,25
4580,2023-11-10,2023,True,True,csi300,沪深300,25
4669,2024-03-25,2024,False,False,csi300,沪深300,25
4671,2024-03-27,2024,True,True,csi300,沪深300,25
4677,2024-04-08,2024,True,True,csi300,沪深300,25
4708,2024-05-24,2024,False,False,csi300,沪深300,25
4710,2024-05-28,2024,True,True,csi300,沪深300,25
4749,2024-07-23,2024,True,True,csi300,沪深300,25
4825,2024-11-15,2024,True,False,csi300,沪深300,25
4829,2024-11-21,2024,True,True,csi300,沪深300,25
4845,2024-12-13,2024,True,True,csi300,沪深300,25
4857,2024-12-31,2024,True,True,csi300,沪深300,25
4894,2025-03-03,2025,True,False,csi300,沪深300,25
4902,2025-03-13,2025,False,False,csi300,沪深300,25
4908,2025-03-21,2025,True,True,csi300,沪深300,25
4951,2025-05-27,2025,True,False,csi300,沪深300,25
4954,2025-05-30,2025,True,False,csi300,沪深300,25
4960,2025-06-10,2025,False,False,csi300,沪深300,25
4963,2025-06-13,2025,True,True,csi300,沪深300,25
5047,2025-10-17,2025,True,False,csi300,沪深300,25
5059,2025-11-04,2025,False,False,csi300,沪深300,25
5067,2025-11-14,2025,True,True,csi300,沪深300,25
5086,2025-12-11,2025,False,False,csi300,沪深300,25
5088,2025-12-15,2025,True,False,csi300,沪深300,25
5117,2026-01-27,2026,False,False,csi300,沪深300,25
5120,2026-01-30,2026,True,True,csi300,沪深300,25
5136,2026-03-03,2026,True,True,csi300,沪深300,25
5189,2026-05-21,2026,False,False,csi300,沪深300,25
5196,2026-06-01,2026,False,False,csi300,沪深300,25
5200,2026-06-05,2026,True,True,csi300,沪深300,25
5214,2026-06-26,2026,False,False,csi300,沪深300,25
5218,2026-07-02,2026,True,True,csi300,沪深300,25
42,2005-03-14,2005,True,True,csi1000,中证1000,20
115,2005-06-30,2005,True,True,csi1000,中证1000,20
175,2005-09-22,2005,True,True,csi1000,中证1000,20
220,2005-12-01,2005,True,True,csi1000,中证1000,20
234,2005-12-21,2005,False,False,csi1000,中证1000,20
267,2006-02-17,2006,True,False,csi1000,中证1000,20
276,2006-03-02,2006,True,True,csi1000,中证1000,20
313,2006-04-24,2006,True,True,csi1000,中证1000,20
366,2006-07-13,2006,True,False,csi1000,中证1000,20
370,2006-07-19,2006,True,True,csi1000,中证1000,20
378,2006-07-31,2006,True,True,csi1000,中证1000,20
433,2006-10-23,2006,False,False,csi1000,中证1000,20
436,2006-10-26,2006,True,True,csi1000,中证1000,20
578,2007-05-31,2007,True,True,csi1000,中证1000,20
594,2007-06-22,2007,True,True,csi1000,中证1000,20
651,2007-09-11,2007,False,False,csi1000,中证1000,20
662,2007-09-26,2007,True,False,csi1000,中证1000,20
668,2007-10-11,2007,True,True,csi1000,中证1000,20
698,2007-11-22,2007,True,True,csi1000,中证1000,20
738,2008-01-21,2008,True,True,csi1000,中证1000,20
771,2008-03-13,2008,True,True,csi1000,中证1000,20
819,2008-05-23,2008,True,True,csi1000,中证1000,20
857,2008-07-17,2008,False,False,csi1000,中证1000,20
867,2008-07-31,2008,True,True,csi1000,中证1000,20
965,2008-12-24,2008,True,True,csi1000,中证1000,20
1004,2009-02-26,2009,True,True,csi1000,中证1000,20
1011,2009-03-09,2009,True,True,csi1000,中证1000,20
1045,2009-04-27,2009,True,True,csi1000,中证1000,20
1054,2009-05-11,2009,False,False,csi1000,中证1000,20
1076,2009-06-12,2009,False,False,csi1000,中证1000,20
1109,2009-07-29,2009,False,False,csi1000,中证1000,20
1116,2009-08-07,2009,False,False,csi1000,中证1000,20
1119,2009-08-12,2009,True,True,csi1000,中证1000,20
1150,2009-09-24,2009,True,True,csi1000,中证1000,20
1190,2009-11-27,2009,False,False,csi1000,中证1000,20
1204,2009-12-17,2009,True,True,csi1000,中证1000,20
1229,2010-01-22,2010,True,True,csi1000,中证1000,20
1259,2010-03-12,2010,True,True,csi1000,中证1000,20
1284,2010-04-19,2010,True,False,csi1000,中证1000,20
1290,2010-04-27,2010,True,True,csi1000,中证1000,20
1324,2010-06-18,2010,False,False,csi1000,中证1000,20
1329,2010-06-25,2010,True,True,csi1000,中证1000,20
1389,2010-09-17,2010,True,True,csi1000,中证1000,20
1400,2010-10-14,2010,True,True,csi1000,中证1000,20
1421,2010-11-12,2010,False,False,csi1000,中证1000,20
1423,2010-11-16,2010,True,True,csi1000,中证1000,20
1433,2010-11-30,2010,True,True,csi1000,中证1000,20
1450,2010-12-23,2010,True,True,csi1000,中证1000,20
1512,2011-03-29,2011,True,True,csi1000,中证1000,20
1529,2011-04-25,2011,True,True,csi1000,中证1000,20
1592,2011-07-25,2011,True,True,csi1000,中证1000,20
1619,2011-08-31,2011,True,True,csi1000,中证1000,20
1670,2011-11-18,2011,True,True,csi1000,中证1000,20
1716,2012-02-01,2012,False,False,csi1000,中证1000,20
1746,2012-03-14,2012,True,False,csi1000,中证1000,20
1750,2012-03-20,2012,False,False,csi1000,中证1000,20
1752,2012-03-22,2012,True,True,csi1000,中证1000,20
1784,2012-05-14,2012,True,True,csi1000,中证1000,20
1799,2012-06-04,2012,True,True,csi1000,中证1000,20
1858,2012-08-27,2012,True,True,csi1000,中证1000,20
1873,2012-09-17,2012,True,False,csi1000,中证1000,20
1876,2012-09-20,2012,True,True,csi1000,中证1000,20
1896,2012-10-25,2012,True,True,csi1000,中证1000,20
1986,2013-03-12,2013,True,True,csi1000,中证1000,20
1998,2013-03-28,2013,True,True,csi1000,中证1000,20
2043,2013-06-06,2013,True,True,csi1000,中证1000,20
2091,2013-08-16,2013,False,False,csi1000,中证1000,20
2132,2013-10-23,2013,True,True,csi1000,中证1000,20
2160,2013-12-02,2013,False,False,csi1000,中证1000,20
2170,2013-12-16,2013,True,True,csi1000,中证1000,20
2184,2014-01-06,2014,False,False,csi1000,中证1000,20
2187,2014-01-09,2014,True,True,csi1000,中证1000,20
2194,2014-01-20,2014,False,False,csi1000,中证1000,20
2215,2014-02-25,2014,True,True,csi1000,中证1000,20
2222,2014-03-06,2014,True,True,csi1000,中证1000,20
2237,2014-03-27,2014,True,True,csi1000,中证1000,20
2253,2014-04-21,2014,True,True,csi1000,中证1000,20
2293,2014-06-19,2014,True,False,csi1000,中证1000,20
2315,2014-07-21,2014,False,False,csi1000,中证1000,20
2317,2014-07-23,2014,True,True,csi1000,中证1000,20
2376,2014-10-22,2014,True,True,csi1000,中证1000,20
2390,2014-11-11,2014,True,True,csi1000,中证1000,20
2410,2014-12-09,2014,False,False,csi1000,中证1000,20
2418,2014-12-19,2014,True,True,csi1000,中证1000,20
2508,2015-05-07,2015,False,False,csi1000,中证1000,20
2538,2015-06-18,2015,True,True,csi1000,中证1000,20
2565,2015-07-28,2015,False,False,csi1000,中证1000,20
2568,2015-07-31,2015,True,True,csi1000,中证1000,20
2582,2015-08-20,2015,True,True,csi1000,中证1000,20
2606,2015-09-25,2015,False,False,csi1000,中证1000,20
2646,2015-11-27,2015,True,True,csi1000,中证1000,20
2671,2016-01-04,2016,True,True,csi1000,中证1000,20
2704,2016-02-25,2016,True,True,csi1000,中证1000,20
2742,2016-04-20,2016,True,True,csi1000,中证1000,20
2753,2016-05-06,2016,True,True,csi1000,中证1000,20
2777,2016-06-13,2016,True,False,csi1000,中证1000,20
2809,2016-07-27,2016,True,True,csi1000,中证1000,20
2835,2016-09-01,2016,True,True,csi1000,中证1000,20
2842,2016-09-12,2016,True,True,csi1000,中证1000,20
2891,2016-11-29,2016,True,True,csi1000,中证1000,20
2921,2017-01-11,2017,True,True,csi1000,中证1000,20
2970,2017-03-28,2017,True,True,csi1000,中证1000,20
3019,2017-06-12,2017,False,False,csi1000,中证1000,20
3040,2017-07-11,2017,True,True,csi1000,中证1000,20
3063,2017-08-11,2017,False,False,csi1000,中证1000,20
3094,2017-09-25,2017,True,True,csi1000,中证1000,20
3104,2017-10-16,2017,True,True,csi1000,中证1000,20
3168,2018-01-15,2018,True,True,csi1000,中证1000,20
3212,2018-03-23,2018,True,True,csi1000,中证1000,20
3220,2018-04-04,2018,True,True,csi1000,中证1000,20
3244,2018-05-14,2018,False,False,csi1000,中证1000,20
3247,2018-05-17,2018,False,False,csi1000,中证1000,20
3253,2018-05-25,2018,True,True,csi1000,中证1000,20
3291,2018-07-19,2018,False,False,csi1000,中证1000,20
3300,2018-08-01,2018,True,True,csi1000,中证1000,20
3376,2018-11-23,2018,True,True,csi1000,中证1000,20
3385,2018-12-06,2018,True,True,csi1000,中证1000,20
3420,2019-01-28,2019,True,True,csi1000,中证1000,20
3458,2019-03-28,2019,False,False,csi1000,中证1000,20
3475,2019-04-23,2019,False,False,csi1000,中证1000,20
3477,2019-04-25,2019,True,True,csi1000,中证1000,20
3525,2019-07-08,2019,True,True,csi1000,中证1000,20
3581,2019-09-25,2019,True,True,csi1000,中证1000,20
3661,2020-01-23,2020,True,True,csi1000,中证1000,20
3687,2020-03-09,2020,False,False,csi1000,中证1000,20
3689,2020-03-11,2020,True,True,csi1000,中证1000,20
3711,2020-04-13,2020,False,False,csi1000,中证1000,20
3721,2020-04-27,2020,True,True,csi1000,中证1000,20
3737,2020-05-22,2020,True,False,csi1000,中证1000,20
3740,2020-05-27,2020,True,False,csi1000,中证1000,20
3780,2020-07-24,2020,True,True,csi1000,中证1000,20
3793,2020-08-12,2020,True,False,csi1000,中证1000,20
3799,2020-08-20,2020,True,False,csi1000,中证1000,20
3802,2020-08-25,2020,True,True,csi1000,中证1000,20
3837,2020-10-21,2020,True,True,csi1000,中证1000,20
3862,2020-11-25,2020,True,True,csi1000,中证1000,20
3872,2020-12-09,2020,True,True,csi1000,中证1000,20
3893,2021-01-08,2021,True,True,csi1000,中证1000,20
3905,2021-01-26,2021,True,True,csi1000,中证1000,20
3923,2021-02-26,2021,False,False,csi1000,中证1000,20
3929,2021-03-08,2021,True,True,csi1000,中证1000,20
3953,2021-04-12,2021,True,False,csi1000,中证1000,20
3956,2021-04-15,2021,False,False,csi1000,中证1000,20
3967,2021-04-30,2021,False,False,csi1000,中证1000,20
3969,2021-05-07,2021,True,True,csi1000,中证1000,20
3996,2021-06-16,2021,False,False,csi1000,中证1000,20
4008,2021-07-02,2021,False,False,csi1000,中证1000,20
4025,2021-07-27,2021,True,False,csi1000,中证1000,20
4040,2021-08-17,2021,False,False,csi1000,中证1000,20
4062,2021-09-16,2021,True,True,csi1000,中证1000,20
4113,2021-12-07,2021,False,False,csi1000,中证1000,20
4121,2021-12-17,2021,True,True,csi1000,中证1000,20
4133,2022-01-05,2022,True,True,csi1000,中证1000,20
4170,2022-03-04,2022,True,True,csi1000,中证1000,20
4256,2022-07-12,2022,True,False,csi1000,中证1000,20
4259,2022-07-15,2022,False,False,csi1000,中证1000,20
4265,2022-07-25,2022,False,False,csi1000,中证1000,20
4271,2022-08-02,2022,True,True,csi1000,中证1000,20
4287,2022-08-24,2022,True,True,csi1000,中证1000,20
4328,2022-10-28,2022,True,False,csi1000,中证1000,20
4345,2022-11-22,2022,True,True,csi1000,中证1000,20
4360,2022-12-13,2022,True,True,csi1000,中证1000,20
4408,2023-02-27,2023,True,False,csi1000,中证1000,20
4414,2023-03-07,2023,True,True,csi1000,中证1000,20
4429,2023-03-28,2023,True,True,csi1000,中证1000,20
4446,2023-04-21,2023,True,True,csi1000,中证1000,20
4486,2023-06-21,2023,True,True,csi1000,中证1000,20
4496,2023-07-07,2023,True,False,csi1000,中证1000,20
4499,2023-07-12,2023,True,True,csi1000,中证1000,20
4518,2023-08-08,2023,True,True,csi1000,中证1000,20
4540,2023-09-07,2023,True,False,csi1000,中证1000,20
4545,2023-09-14,2023,True,True,csi1000,中证1000,20
4574,2023-11-02,2023,False,False,csi1000,中证1000,20
4591,2023-11-27,2023,False,False,csi1000,中证1000,20
4593,2023-11-29,2023,True,True,csi1000,中证1000,20
4670,2024-03-26,2024,True,True,csi1000,中证1000,20
4677,2024-04-08,2024,True,True,csi1000,中证1000,20
4707,2024-05-23,2024,True,True,csi1000,中证1000,20
4758,2024-08-05,2024,True,True,csi1000,中证1000,20
4825,2024-11-15,2024,True,True,csi1000,中证1000,20
4847,2024-12-17,2024,True,True,csi1000,中证1000,20
4908,2025-03-21,2025,True,True,csi1000,中证1000,20
4949,2025-05-23,2025,True,True,csi1000,中证1000,20
4967,2025-06-19,2025,True,True,csi1000,中证1000,20
5021,2025-09-03,2025,True,True,csi1000,中证1000,20
5044,2025-10-14,2025,False,False,csi1000,中证1000,20
5046,2025-10-16,2025,True,True,csi1000,中证1000,20
5059,2025-11-04,2025,False,False,csi1000,中证1000,20
5069,2025-11-18,2025,True,True,csi1000,中证1000,20
5086,2025-12-11,2025,False,False,csi1000,中证1000,20
5088,2025-12-15,2025,True,True,csi1000,中证1000,20
5121,2026-02-02,2026,True,True,csi1000,中证1000,20
5136,2026-03-03,2026,True,True,csi1000,中证1000,20
5144,2026-03-13,2026,True,True,csi1000,中证1000,20
5189,2026-05-21,2026,False,False,csi1000,中证1000,20
5193,2026-05-27,2026,True,True,csi1000,中证1000,20
5220,2026-07-06,2026,True,True,csi1000,中证1000,20
43,2005-03-15,2005,True,True,csi1000,中证1000,25
115,2005-06-30,2005,True,True,csi1000,中证1000,25
176,2005-09-23,2005,True,True,csi1000,中证1000,25
221,2005-12-02,2005,True,True,csi1000,中证1000,25
234,2005-12-21,2005,True,False,csi1000,中证1000,25
268,2006-02-20,2006,False,False,csi1000,中证1000,25
278,2006-03-06,2006,True,True,csi1000,中证1000,25
313,2006-04-24,2006,True,False,csi1000,中证1000,25
378,2006-07-31,2006,True,True,csi1000,中证1000,25
436,2006-10-26,2006,True,True,csi1000,中证1000,25
578,2007-05-31,2007,True,True,csi1000,中证1000,25
662,2007-09-26,2007,True,False,csi1000,中证1000,25
668,2007-10-11,2007,True,True,csi1000,中证1000,25
739,2008-01-22,2008,True,True,csi1000,中证1000,25
758,2008-02-25,2008,True,False,csi1000,中证1000,25
771,2008-03-13,2008,True,True,csi1000,中证1000,25
820,2008-05-26,2008,True,True,csi1000,中证1000,25
857,2008-07-17,2008,False,False,csi1000,中证1000,25
869,2008-08-04,2008,True,True,csi1000,中证1000,25
965,2008-12-24,2008,True,True,csi1000,中证1000,25
1005,2009-02-27,2009,True,True,csi1000,中证1000,25
1011,2009-03-09,2009,True,True,csi1000,中证1000,25
1045,2009-04-27,2009,True,False,csi1000,中证1000,25
1119,2009-08-12,2009,True,True,csi1000,中证1000,25
1151,2009-09-25,2009,True,True,csi1000,中证1000,25
1204,2009-12-17,2009,True,True,csi1000,中证1000,25
1230,2010-01-25,2010,True,True,csi1000,中证1000,25
1260,2010-03-15,2010,False,False,csi1000,中证1000,25
1284,2010-04-19,2010,False,False,csi1000,中证1000,25
1290,2010-04-27,2010,True,True,csi1000,中证1000,25
1324,2010-06-18,2010,False,False,csi1000,中证1000,25
1329,2010-06-25,2010,True,True,csi1000,中证1000,25
1390,2010-09-20,2010,True,False,csi1000,中证1000,25
1394,2010-09-29,2010,False,False,csi1000,中证1000,25
1400,2010-10-14,2010,True,True,csi1000,中证1000,25
1424,2010-11-17,2010,True,False,csi1000,中证1000,25
1428,2010-11-23,2010,False,False,csi1000,中证1000,25
1433,2010-11-30,2010,True,True,csi1000,中证1000,25
1450,2010-12-23,2010,True,True,csi1000,中证1000,25
1513,2011-03-30,2011,True,True,csi1000,中证1000,25
1525,2011-04-19,2011,False,False,csi1000,中证1000,25
1529,2011-04-25,2011,True,True,csi1000,中证1000,25
1592,2011-07-25,2011,True,False,csi1000,中证1000,25
1595,2011-07-28,2011,True,True,csi1000,中证1000,25
1618,2011-08-30,2011,True,True,csi1000,中证1000,25
1670,2011-11-18,2011,True,True,csi1000,中证1000,25
1747,2012-03-15,2012,False,False,csi1000,中证1000,25
1753,2012-03-23,2012,True,True,csi1000,中证1000,25
1786,2012-05-16,2012,False,False,csi1000,中证1000,25
1788,2012-05-18,2012,True,True,csi1000,中证1000,25
1799,2012-06-04,2012,True,True,csi1000,中证1000,25
1858,2012-08-27,2012,True,True,csi1000,中证1000,25
1873,2012-09-17,2012,True,False,csi1000,中证1000,25
1876,2012-09-20,2012,True,True,csi1000,中证1000,25
1887,2012-10-12,2012,True,True,csi1000,中证1000,25
1896,2012-10-25,2012,True,True,csi1000,中证1000,25
1904,2012-11-06,2012,True,True,csi1000,中证1000,25
1986,2013-03-12,2013,True,True,csi1000,中证1000,25
1998,2013-03-28,2013,True,True,csi1000,中证1000,25
2043,2013-06-06,2013,True,True,csi1000,中证1000,25
2133,2013-10-24,2013,True,True,csi1000,中证1000,25
2160,2013-12-02,2013,False,False,csi1000,中证1000,25
2171,2013-12-17,2013,True,True,csi1000,中证1000,25
2184,2014-01-06,2014,False,False,csi1000,中证1000,25
2187,2014-01-09,2014,True,True,csi1000,中证1000,25
2194,2014-01-20,2014,False,False,csi1000,中证1000,25
2217,2014-02-27,2014,True,False,csi1000,中证1000,25
2224,2014-03-10,2014,True,True,csi1000,中证1000,25
2253,2014-04-21,2014,True,True,csi1000,中证1000,25
2293,2014-06-19,2014,False,False,csi1000,中证1000,25
2318,2014-07-24,2014,True,False,csi1000,中证1000,25
2377,2014-10-23,2014,True,True,csi1000,中证1000,25
2390,2014-11-11,2014,True,True,csi1000,中证1000,25
2410,2014-12-09,2014,False,False,csi1000,中证1000,25
2419,2014-12-22,2014,True,True,csi1000,中证1000,25
2539,2015-06-19,2015,True,True,csi1000,中证1000,25
2582,2015-08-20,2015,True,True,csi1000,中证1000,25
2649,2015-12-02,2015,False,False,csi1000,中证1000,25
2653,2015-12-08,2015,True,True,csi1000,中证1000,25
2671,2016-01-04,2016,True,True,csi1000,中证1000,25
2704,2016-02-25,2016,True,True,csi1000,中证1000,25
2742,2016-04-20,2016,True,True,csi1000,中证1000,25
2753,2016-05-06,2016,True,True,csi1000,中证1000,25
2777,2016-06-13,2016,False,False,csi1000,中证1000,25
2809,2016-07-27,2016,True,True,csi1000,中证1000,25
2842,2016-09-12,2016,True,True,csi1000,中证1000,25
2891,2016-11-29,2016,True,True,csi1000,中证1000,25
2970,2017-03-28,2017,True,True,csi1000,中证1000,25
3043,2017-07-14,2017,True,True,csi1000,中证1000,25
3063,2017-08-11,2017,False,False,csi1000,中证1000,25
3094,2017-09-25,2017,True,False,csi1000,中证1000,25
3097,2017-09-28,2017,False,False,csi1000,中证1000,25
3104,2017-10-16,2017,True,True,csi1000,中证1000,25
3168,2018-01-15,2018,True,True,csi1000,中证1000,25
3178,2018-01-29,2018,True,True,csi1000,中证1000,25
3212,2018-03-23,2018,True,False,csi1000,中证1000,25
3215,2018-03-28,2018,True,False,csi1000,中证1000,25
3220,2018-04-04,2018,True,True,csi1000,中证1000,25
3243,2018-05-11,2018,True,False,csi1000,中证1000,25
3246,2018-05-16,2018,True,False,csi1000,中证1000,25
3253,2018-05-25,2018,True,True,csi1000,中证1000,25
3300,2018-08-01,2018,True,True,csi1000,中证1000,25
3380,2018-11-29,2018,True,False,csi1000,中证1000,25
3386,2018-12-07,2018,True,True,csi1000,中证1000,25
3421,2019-01-29,2019,True,True,csi1000,中证1000,25
3475,2019-04-23,2019,False,False,csi1000,中证1000,25
3477,2019-04-25,2019,True,True,csi1000,中证1000,25
3525,2019-07-08,2019,True,True,csi1000,中证1000,25
3582,2019-09-26,2019,True,True,csi1000,中证1000,25
3661,2020-01-23,2020,True,True,csi1000,中证1000,25
3690,2020-03-12,2020,True,True,csi1000,中证1000,25
3722,2020-04-28,2020,True,False,csi1000,中证1000,25
3737,2020-05-22,2020,True,False,csi1000,中证1000,25
3740,2020-05-27,2020,True,False,csi1000,中证1000,25
3793,2020-08-12,2020,True,False,csi1000,中证1000,25
3803,2020-08-26,2020,True,False,csi1000,中证1000,25
3809,2020-09-03,2020,True,True,csi1000,中证1000,25
3837,2020-10-21,2020,True,True,csi1000,中证1000,25
3862,2020-11-25,2020,True,True,csi1000,中证1000,25
3872,2020-12-09,2020,True,True,csi1000,中证1000,25
3892,2021-01-07,2021,True,True,csi1000,中证1000,25
3905,2021-01-26,2021,True,True,csi1000,中证1000,25
3921,2021-02-24,2021,True,True,csi1000,中证1000,25
3929,2021-03-08,2021,True,True,csi1000,中证1000,25
3953,2021-04-12,2021,True,False,csi1000,中证1000,25
3969,2021-05-07,2021,True,True,csi1000,中证1000,25
4025,2021-07-27,2021,True,False,csi1000,中证1000,25
4040,2021-08-17,2021,False,False,csi1000,中证1000,25
4066,2021-09-24,2021,True,True,csi1000,中证1000,25
4121,2021-12-17,2021,True,True,csi1000,中证1000,25
4133,2022-01-05,2022,True,True,csi1000,中证1000,25
4171,2022-03-07,2022,True,True,csi1000,中证1000,25
4256,2022-07-12,2022,True,False,csi1000,中证1000,25
4259,2022-07-15,2022,False,False,csi1000,中证1000,25
4265,2022-07-25,2022,False,False,csi1000,中证1000,25
4271,2022-08-02,2022,True,True,csi1000,中证1000,25
4287,2022-08-24,2022,True,True,csi1000,中证1000,25
4348,2022-11-25,2022,True,False,csi1000,中证1000,25
4360,2022-12-13,2022,True,True,csi1000,中证1000,25
4408,2023-02-27,2023,False,False,csi1000,中证1000,25
4414,2023-03-07,2023,True,True,csi1000,中证1000,25
4446,2023-04-21,2023,True,True,csi1000,中证1000,25
4486,2023-06-21,2023,True,True,csi1000,中证1000,25
4496,2023-07-07,2023,True,False,csi1000,中证1000,25
4499,2023-07-12,2023,True,True,csi1000,中证1000,25
4574,2023-11-02,2023,False,False,csi1000,中证1000,25
4594,2023-11-30,2023,False,False,csi1000,中证1000,25
4597,2023-12-05,2023,True,True,csi1000,中证1000,25
4671,2024-03-27,2024,True,True,csi1000,中证1000,25
4677,2024-04-08,2024,True,True,csi1000,中证1000,25
4707,2024-05-23,2024,True,True,csi1000,中证1000,25
4758,2024-08-05,2024,True,True,csi1000,中证1000,25
4826,2024-11-18,2024,False,False,csi1000,中证1000,25
4830,2024-11-22,2024,True,True,csi1000,中证1000,25
4838,2024-12-04,2024,False,False,csi1000,中证1000,25
4847,2024-12-17,2024,True,True,csi1000,中证1000,25
4908,2025-03-21,2025,True,True,csi1000,中证1000,25
4949,2025-05-23,2025,False,False,csi1000,中证1000,25
4951,2025-05-27,2025,True,False,csi1000,中证1000,25
4954,2025-05-30,2025,False,False,csi1000,中证1000,25
4967,2025-06-19,2025,True,True,csi1000,中证1000,25
5022,2025-09-04,2025,False,False,csi1000,中证1000,25
5044,2025-10-14,2025,False,False,csi1000,中证1000,25
5046,2025-10-16,2025,True,True,csi1000,中证1000,25
5059,2025-11-04,2025,False,False,csi1000,中证1000,25
5069,2025-11-18,2025,True,True,csi1000,中证1000,25
5121,2026-02-02,2026,False,False,csi1000,中证1000,25
5124,2026-02-05,2026,True,False,csi1000,中证1000,25
5130,2026-02-13,2026,False,False,csi1000,中证1000,25
5136,2026-03-03,2026,True,True,csi1000,中证1000,25
5144,2026-03-13,2026,True,True,csi1000,中证1000,25
5189,2026-05-21,2026,False,False,csi1000,中证1000,25
5193,2026-05-27,2026,False,False,csi1000,中证1000,25
5195,2026-05-29,2026,True,True,csi1000,中证1000,25
5220,2026-07-06,2026,True,True,csi1000,中证1000,25
55,2010-08-20,2010,True,False,chinext,创业板指,20
58,2010-08-25,2010,True,True,chinext,创业板指,20
73,2010-09-15,2010,True,True,chinext,创业板指,20
123,2010-12-06,2010,False,False,chinext,创业板指,20
126,2010-12-09,2010,False,False,chinext,创业板指,20
136,2010-12-23,2010,True,True,chinext,创业板指,20
180,2011-03-03,2011,True,True,chinext,创业板指,20
188,2011-03-15,2011,False,False,chinext,创业板指,20
190,2011-03-17,2011,True,True,chinext,创业板指,20
278,2011-07-25,2011,True,False,chinext,创业板指,20
287,2011-08-05,2011,True,True,chinext,创业板指,20
296,2011-08-18,2011,True,True,chinext,创业板指,20
305,2011-08-31,2011,True,True,chinext,创业板指,20
357,2011-11-21,2011,True,True,chinext,创业板指,20
433,2012-03-15,2012,False,False,chinext,创业板指,20
436,2012-03-20,2012,True,True,chinext,创业板指,20
457,2012-04-23,2012,True,True,chinext,创业板指,20
474,2012-05-18,2012,True,False,chinext,创业板指,20
479,2012-05-25,2012,True,False,chinext,创业板指,20
485,2012-06-04,2012,True,True,chinext,创业板指,20
499,2012-06-25,2012,True,True,chinext,创业板指,20
507,2012-07-05,2012,False,False,chinext,创业板指,20
509,2012-07-09,2012,True,True,chinext,创业板指,20
544,2012-08-27,2012,True,True,chinext,创业板指,20
559,2012-09-17,2012,True,True,chinext,创业板指,20
582,2012-10-25,2012,True,True,chinext,创业板指,20
617,2012-12-13,2012,False,False,chinext,创业板指,20
672,2013-03-12,2013,True,True,chinext,创业板指,20
684,2013-03-28,2013,True,False,chinext,创业板指,20
687,2013-04-02,2013,True,True,chinext,创业板指,20
727,2013-06-04,2013,True,True,chinext,创业板指,20
736,2013-06-20,2013,True,True,chinext,创业板指,20
748,2013-07-08,2013,False,False,chinext,创业板指,20
773,2013-08-12,2013,False,False,chinext,创业板指,20
776,2013-08-15,2013,True,False,chinext,创业板指,20
787,2013-08-30,2013,False,False,chinext,创业板指,20
796,2013-09-12,2013,False,False,chinext,创业板指,20
814,2013-10-17,2013,False,False,chinext,创业板指,20
818,2013-10-23,2013,True,True,chinext,创业板指,20
846,2013-12-02,2013,True,True,chinext,创业板指,20
857,2013-12-17,2013,True,True,chinext,创业板指,20
901,2014-02-25,2014,True,True,chinext,创业板指,20
918,2014-03-20,2014,True,True,chinext,创业板指,20
979,2014-06-19,2014,True,False,chinext,创业板指,20
994,2014-07-10,2014,True,True,chinext,创业板指,20
1058,2014-10-17,2014,False,False,chinext,创业板指,20
1060,2014-10-21,2014,True,True,chinext,创业板指,20
1068,2014-10-31,2014,False,False,chinext,创业板指,20
1070,2014-11-04,2014,True,False,chinext,创业板指,20
1074,2014-11-10,2014,True,True,chinext,创业板指,20
1095,2014-12-09,2014,False,False,chinext,创业板指,20
1104,2014-12-22,2014,True,True,chinext,创业板指,20
1181,2015-04-20,2015,False,False,chinext,创业板指,20
1221,2015-06-16,2015,False,False,chinext,创业板指,20
1223,2015-06-18,2015,True,True,chinext,创业板指,20
1250,2015-07-28,2015,False,False,chinext,创业板指,20
1252,2015-07-30,2015,True,True,chinext,创业板指,20
1265,2015-08-18,2015,True,True,chinext,创业板指,20
1331,2015-11-27,2015,True,True,chinext,创业板指,20
1352,2015-12-28,2015,False,False,chinext,创业板指,20
1355,2015-12-31,2015,True,True,chinext,创业板指,20
1389,2016-02-25,2016,True,True,chinext,创业板指,20
1427,2016-04-20,2016,True,True,chinext,创业板指,20
1462,2016-06-13,2016,True,False,chinext,创业板指,20
1465,2016-06-16,2016,False,False,chinext,创业板指,20
1467,2016-06-20,2016,True,False,chinext,创业板指,20
1471,2016-06-24,2016,False,False,chinext,创业板指,20
1492,2016-07-25,2016,False,False,chinext,创业板指,20
1494,2016-07-27,2016,True,True,chinext,创业板指,20
1521,2016-09-02,2016,False,False,chinext,创业板指,20
1527,2016-09-12,2016,True,True,chinext,创业板指,20
1554,2016-10-28,2016,True,True,chinext,创业板指,20
1579,2016-12-02,2016,True,True,chinext,创业板指,20
1628,2017-02-17,2017,False,False,chinext,创业板指,20
1651,2017-03-22,2017,True,False,chinext,创业板指,20
1654,2017-03-27,2017,True,True,chinext,创业板指,20
1704,2017-06-12,2017,False,False,chinext,创业板指,20
1724,2017-07-10,2017,True,True,chinext,创业板指,20
1778,2017-09-22,2017,True,True,chinext,创业板指,20
1790,2017-10-17,2017,True,True,chinext,创业板指,20
1799,2017-10-30,2017,True,True,chinext,创业板指,20
1811,2017-11-15,2017,True,True,chinext,创业板指,20
1853,2018-01-15,2018,True,True,chinext,创业板指,20
1865,2018-01-31,2018,True,True,chinext,创业板指,20
1897,2018-03-23,2018,True,False,chinext,创业板指,20
1905,2018-04-04,2018,True,True,chinext,创业板指,20
1938,2018-05-25,2018,True,True,chinext,创业板指,20
1982,2018-07-27,2018,True,True,chinext,创业板指,20
2006,2018-08-30,2018,True,True,chinext,创业板指,20
2061,2018-11-23,2018,True,True,chinext,创业板指,20
2070,2018-12-06,2018,True,True,chinext,创业板指,20
2106,2019-01-29,2019,True,True,chinext,创业板指,20
2141,2019-03-26,2019,True,True,chinext,创业板指,20
2152,2019-04-11,2019,True,True,chinext,创业板指,20
2218,2019-07-18,2019,False,False,chinext,创业板指,20
2220,2019-07-22,2019,False,False,chinext,创业板指,20
2230,2019-08-05,2019,True,True,chinext,创业板指,20
2266,2019-09-25,2019,True,True,chinext,创业板指,20
2294,2019-11-11,2019,True,False,chinext,创业板指,20
2298,2019-11-15,2019,True,False,chinext,创业板指,20
2303,2019-11-22,2019,True,True,chinext,创业板指,20
2347,2020-02-03,2020,True,False,chinext,创业板指,20
2366,2020-02-28,2020,False,False,chinext,创业板指,20
2372,2020-03-09,2020,True,True,chinext,创业板指,20
2422,2020-05-22,2020,True,False,chinext,创业板指,20
2425,2020-05-27,2020,True,True,chinext,创业板指,20
2465,2020-07-24,2020,True,True,chinext,创业板指,20
2475,2020-08-07,2020,True,True,chinext,创业板指,20
2496,2020-09-07,2020,True,True,chinext,创业板指,20
2524,2020-10-23,2020,True,True,chinext,创业板指,20
2537,2020-11-11,2020,True,False,chinext,创业板指,20
2541,2020-11-17,2020,True,True,chinext,创业板指,20
2592,2021-01-28,2021,True,True,chinext,创业板指,20
2604,2021-02-22,2021,True,True,chinext,创业板指,20
2638,2021-04-12,2021,False,False,chinext,创业板指,20
2681,2021-06-16,2021,True,False,chinext,创业板指,20
2695,2021-07-06,2021,False,False,chinext,创业板指,20
2709,2021-07-26,2021,True,True,chinext,创业板指,20
2719,2021-08-09,2021,False,False,chinext,创业板指,20
2721,2021-08-11,2021,True,True,chinext,创业板指,20
2754,2021-09-29,2021,False,False,chinext,创业板指,20
2757,2021-10-11,2021,True,False,chinext,创业板指,20
2797,2021-12-06,2021,True,True,chinext,创业板指,20
2806,2021-12-17,2021,True,True,chinext,创业板指,20
2876,2022-04-06,2022,True,True,chinext,创业板指,20
2910,2022-05-27,2022,False,False,chinext,创业板指,20
2941,2022-07-12,2022,True,False,chinext,创业板指,20
2944,2022-07-15,2022,False,False,chinext,创业板指,20
2946,2022-07-19,2022,True,True,chinext,创业板指,20
2972,2022-08-24,2022,True,True,chinext,创业板指,20
3009,2022-10-24,2022,True,False,chinext,创业板指,20
3012,2022-10-27,2022,True,True,chinext,创业板指,20
3022,2022-11-10,2022,False,False,chinext,创业板指,20
3024,2022-11-14,2022,False,False,chinext,创业板指,20
3030,2022-11-22,2022,True,True,chinext,创业板指,20
3046,2022-12-14,2022,False,False,chinext,创业板指,20
3049,2022-12-19,2022,True,True,chinext,创业板指,20
3080,2023-02-08,2023,False,False,chinext,创业板指,20
3085,2023-02-15,2023,True,True,chinext,创业板指,20
3130,2023-04-20,2023,True,True,chinext,创业板指,20
3172,2023-06-26,2023,True,True,chinext,创业板指,20
3180,2023-07-06,2023,True,True,chinext,创业板指,20
3206,2023-08-11,2023,True,True,chinext,创业板指,20
3259,2023-11-02,2023,False,False,chinext,创业板指,20
3273,2023-11-22,2023,True,True,chinext,创业板指,20
3302,2024-01-03,2024,True,True,chinext,创业板指,20
3354,2024-03-25,2024,True,True,chinext,创业板指,20
3393,2024-05-24,2024,True,True,chinext,创业板指,20
3434,2024-07-23,2024,True,True,chinext,创业板指,20
3498,2024-10-30,2024,True,True,chinext,创业板指,20
3510,2024-11-15,2024,True,False,chinext,创业板指,20
3515,2024-11-22,2024,True,True,chinext,创业板指,20
3531,2024-12-16,2024,True,True,chinext,创业板指,20
3578,2025-02-28,2025,False,False,chinext,创业板指,20
3580,2025-03-04,2025,True,False,chinext,创业板指,20
3583,2025-03-07,2025,True,True,chinext,创业板指,20
3635,2025-05-26,2025,True,True,chinext,创业板指,20
3652,2025-06-19,2025,True,True,chinext,创业板指,20
3728,2025-10-13,2025,True,True,chinext,创业板指,20
3749,2025-11-11,2025,True,False,chinext,创业板指,20
3752,2025-11-14,2025,True,True,chinext,创业板指,20
3774,2025-12-16,2025,False,False,chinext,创业板指,20
3797,2026-01-20,2026,False,False,chinext,创业板指,20
3804,2026-01-29,2026,False,False,chinext,创业板指,20
3806,2026-02-02,2026,True,True,chinext,创业板指,20
3819,2026-02-27,2026,True,True,chinext,创业板指,20
3831,2026-03-17,2026,False,False,chinext,创业板指,20
3835,2026-03-23,2026,True,False,chinext,创业板指,20
3838,2026-03-26,2026,False,False,chinext,创业板指,20
3840,2026-03-30,2026,True,True,chinext,创业板指,20
3885,2026-06-05,2026,True,True,chinext,创业板指,20
3903,2026-07-02,2026,True,True,chinext,创业板指,20
58,2010-08-25,2010,True,False,chinext,创业板指,25
63,2010-09-01,2010,False,False,chinext,创业板指,25
73,2010-09-15,2010,True,True,chinext,创业板指,25
123,2010-12-06,2010,False,False,chinext,创业板指,25
126,2010-12-09,2010,False,False,chinext,创业板指,25
136,2010-12-23,2010,True,True,chinext,创业板指,25
180,2011-03-03,2011,False,False,chinext,创业板指,25
190,2011-03-17,2011,True,True,chinext,创业板指,25
288,2011-08-08,2011,True,True,chinext,创业板指,25
296,2011-08-18,2011,True,True,chinext,创业板指,25
305,2011-08-31,2011,True,True,chinext,创业板指,25
361,2011-11-25,2011,True,False,chinext,创业板指,25
364,2011-11-30,2011,True,True,chinext,创业板指,25
437,2012-03-21,2012,True,True,chinext,创业板指,25
474,2012-05-18,2012,True,False,chinext,创业板指,25
479,2012-05-25,2012,True,False,chinext,创业板指,25
486,2012-06-05,2012,True,True,chinext,创业板指,25
499,2012-06-25,2012,True,True,chinext,创业板指,25
507,2012-07-05,2012,False,False,chinext,创业板指,25
509,2012-07-09,2012,True,True,chinext,创业板指,25
547,2012-08-30,2012,True,True,chinext,创业板指,25
559,2012-09-17,2012,True,True,chinext,创业板指,25
581,2012-10-24,2012,True,True,chinext,创业板指,25
673,2013-03-13,2013,False,False,chinext,创业板指,25
677,2013-03-19,2013,False,False,chinext,创业板指,25
687,2013-04-02,2013,True,True,chinext,创业板指,25
729,2013-06-06,2013,False,False,chinext,创业板指,25
731,2013-06-13,2013,False,False,chinext,创业板指,25
736,2013-06-20,2013,True,True,chinext,创业板指,25
748,2013-07-08,2013,False,False,chinext,创业板指,25
777,2013-08-16,2013,False,False,chinext,创业板指,25
818,2013-10-23,2013,True,True,chinext,创业板指,25
846,2013-12-02,2013,True,True,chinext,创业板指,25
857,2013-12-17,2013,True,True,chinext,创业板指,25
901,2014-02-25,2014,True,True,chinext,创业板指,25
994,2014-07-10,2014,True,True,chinext,创业板指,25
1058,2014-10-17,2014,False,False,chinext,创业板指,25
1061,2014-10-22,2014,True,True,chinext,创业板指,25
1068,2014-10-31,2014,False,False,chinext,创业板指,25
1070,2014-11-04,2014,True,False,chinext,创业板指,25
1073,2014-11-07,2014,True,True,chinext,创业板指,25
1095,2014-12-09,2014,False,False,chinext,创业板指,25
1104,2014-12-22,2014,True,True,chinext,创业板指,25
1221,2015-06-16,2015,False,False,chinext,创业板指,25
1223,2015-06-18,2015,True,True,chinext,创业板指,25
1249,2015-07-27,2015,True,True,chinext,创业板指,25
1331,2015-11-27,2015,True,True,chinext,创业板指,25
1352,2015-12-28,2015,False,False,chinext,创业板指,25
1355,2015-12-31,2015,True,True,chinext,创业板指,25
1389,2016-02-25,2016,True,True,chinext,创业板指,25
1427,2016-04-20,2016,True,True,chinext,创业板指,25
1462,2016-06-13,2016,True,False,chinext,创业板指,25
1468,2016-06-21,2016,False,False,chinext,创业板指,25
1494,2016-07-27,2016,True,True,chinext,创业板指,25
1512,2016-08-22,2016,False,False,chinext,创业板指,25
1527,2016-09-12,2016,True,True,chinext,创业板指,25
1545,2016-10-17,2016,False,False,chinext,创业板指,25
1554,2016-10-28,2016,True,True,chinext,创业板指,25
1579,2016-12-02,2016,True,True,chinext,创业板指,25
1655,2017-03-28,2017,True,True,chinext,创业板指,25
1704,2017-06-12,2017,False,False,chinext,创业板指,25
1724,2017-07-10,2017,True,True,chinext,创业板指,25
1779,2017-09-25,2017,True,True,chinext,创业板指,25
1789,2017-10-16,2017,True,True,chinext,创业板指,25
1799,2017-10-30,2017,True,True,chinext,创业板指,25
1811,2017-11-15,2017,True,True,chinext,创业板指,25
1853,2018-01-15,2018,True,True,chinext,创业板指,25
1865,2018-01-31,2018,True,True,chinext,创业板指,25
1897,2018-03-23,2018,True,False,chinext,创业板指,25
1908,2018-04-11,2018,True,True,chinext,创业板指,25
1938,2018-05-25,2018,True,True,chinext,创业板指,25
1983,2018-07-30,2018,True,True,chinext,创业板指,25
2061,2018-11-23,2018,True,True,chinext,创业板指,25
2070,2018-12-06,2018,True,True,chinext,创业板指,25
2106,2019-01-29,2019,True,True,chinext,创业板指,25
2143,2019-03-28,2019,False,False,chinext,创业板指,25
2152,2019-04-11,2019,True,True,chinext,创业板指,25
2159,2019-04-22,2019,True,False,chinext,创业板指,25
2162,2019-04-25,2019,True,True,chinext,创业板指,25
2220,2019-07-22,2019,False,False,chinext,创业板指,25
2230,2019-08-05,2019,True,True,chinext,创业板指,25
2267,2019-09-26,2019,True,True,chinext,创业板指,25
2295,2019-11-12,2019,False,False,chinext,创业板指,25
2298,2019-11-15,2019,False,False,chinext,创业板指,25
2303,2019-11-22,2019,True,True,chinext,创业板指,25
2347,2020-02-03,2020,False,False,chinext,创业板指,25
2372,2020-03-09,2020,False,False,chinext,创业板指,25
2374,2020-03-11,2020,True,True,chinext,创业板指,25
2422,2020-05-22,2020,True,False,chinext,创业板指,25
2425,2020-05-27,2020,True,False,chinext,创业板指,25
2476,2020-08-10,2020,True,True,chinext,创业板指,25
2496,2020-09-07,2020,True,True,chinext,创业板指,25
2524,2020-10-23,2020,True,False,chinext,创业板指,25
2537,2020-11-11,2020,True,True,chinext,创业板指,25
2559,2020-12-11,2020,False,False,chinext,创业板指,25
2604,2021-02-22,2021,True,True,chinext,创业板指,25
2638,2021-04-12,2021,False,False,chinext,创业板指,25
2681,2021-06-16,2021,False,False,chinext,创业板指,25
2709,2021-07-26,2021,True,True,chinext,创业板指,25
2721,2021-08-11,2021,True,True,chinext,创业板指,25
2797,2021-12-06,2021,True,True,chinext,创业板指,25
2806,2021-12-17,2021,True,True,chinext,创业板指,25
2907,2022-05-24,2022,False,False,chinext,创业板指,25
2941,2022-07-12,2022,False,False,chinext,创业板指,25
2946,2022-07-19,2022,True,True,chinext,创业板指,25
2972,2022-08-24,2022,True,True,chinext,创业板指,25
3009,2022-10-24,2022,True,False,chinext,创业板指,25
3012,2022-10-27,2022,True,True,chinext,创业板指,25
3022,2022-11-10,2022,False,False,chinext,创业板指,25
3030,2022-11-22,2022,True,True,chinext,创业板指,25
3045,2022-12-13,2022,True,False,chinext,创业板指,25
3048,2022-12-16,2022,True,True,chinext,创业板指,25
3086,2023-02-16,2023,True,True,chinext,创业板指,25
3130,2023-04-20,2023,True,True,chinext,创业板指,25
3171,2023-06-21,2023,True,True,chinext,创业板指,25
3180,2023-07-06,2023,True,False,chinext,创业板指,25
3188,2023-07-18,2023,True,True,chinext,创业板指,25
3206,2023-08-11,2023,True,True,chinext,创业板指,25
3259,2023-11-02,2023,False,False,chinext,创业板指,25
3273,2023-11-22,2023,True,True,chinext,创业板指,25
3354,2024-03-25,2024,False,False,chinext,创业板指,25
3356,2024-03-27,2024,True,True,chinext,创业板指,25
3393,2024-05-24,2024,True,True,chinext,创业板指,25
3434,2024-07-23,2024,True,True,chinext,创业板指,25
3511,2024-11-18,2024,False,False,chinext,创业板指,25
3515,2024-11-22,2024,True,True,chinext,创业板指,25
3530,2024-12-13,2024,True,True,chinext,创业板指,25
3578,2025-02-28,2025,False,False,chinext,创业板指,25
3586,2025-03-12,2025,True,False,chinext,创业板指,25
3592,2025-03-20,2025,True,True,chinext,创业板指,25
3636,2025-05-27,2025,True,False,chinext,创业板指,25
3639,2025-05-30,2025,True,False,chinext,创业板指,25
3652,2025-06-19,2025,True,True,chinext,创业板指,25
3729,2025-10-14,2025,True,True,chinext,创业板指,25
3744,2025-11-04,2025,False,False,chinext,创业板指,25
3749,2025-11-11,2025,True,False,chinext,创业板指,25
3752,2025-11-14,2025,True,True,chinext,创业板指,25
3774,2025-12-16,2025,False,False,chinext,创业板指,25
3804,2026-01-29,2026,False,False,chinext,创业板指,25
3806,2026-02-02,2026,False,False,chinext,创业板指,25
3808,2026-02-04,2026,True,True,chinext,创业板指,25
3831,2026-03-17,2026,False,False,chinext,创业板指,25
3835,2026-03-23,2026,True,False,chinext,创业板指,25
3838,2026-03-26,2026,False,False,chinext,创业板指,25
3840,2026-03-30,2026,True,True,chinext,创业板指,25
3886,2026-06-08,2026,False,False,chinext,创业板指,25
3888,2026-06-10,2026,True,True,chinext,创业板指,25
3903,2026-07-02,2026,True,True,chinext,创业板指,25
33,2020-02-26,2020,True,True,star50,科创50,20
64,2020-04-10,2020,True,True,star50,科创50,20
92,2020-05-25,2020,False,False,star50,科创50,20
95,2020-05-28,2020,False,False,star50,科创50,20
104,2020-06-10,2020,False,False,star50,科创50,20
106,2020-06-12,2020,True,False,star50,科创50,20
128,2020-07-16,2020,True,True,star50,科创50,20
146,2020-08-11,2020,True,True,star50,科创50,20
179,2020-09-25,2020,True,False,star50,科创50,20
191,2020-10-21,2020,True,True,star50,科创50,20
206,2020-11-11,2020,True,False,star50,科创50,20
214,2020-11-23,2020,True,True,star50,科创50,20
261,2021-01-28,2021,True,True,star50,科创50,20
307,2021-04-12,2021,True,True,star50,科创50,20
323,2021-05-07,2021,True,True,star50,科创50,20
372,2021-07-16,2021,True,True,star50,科创50,20
384,2021-08-03,2021,False,False,star50,科创50,20
392,2021-08-13,2021,True,True,star50,科创50,20
439,2021-10-28,2021,False,False,star50,科创50,20
464,2021-12-02,2021,True,True,star50,科创50,20
523,2022-03-03,2022,True,True,star50,科创50,20
596,2022-06-22,2022,False,False,star50,科创50,20
603,2022-07-01,2022,False,False,star50,科创50,20
609,2022-07-11,2022,True,True,star50,科创50,20
638,2022-08-19,2022,True,True,star50,科创50,20
699,2022-11-22,2022,True,True,star50,科创50,20
755,2023-02-16,2023,True,True,star50,科创50,20
775,2023-03-16,2023,False,False,star50,科创50,20
801,2023-04-24,2023,True,True,star50,科创50,20
829,2023-06-06,2023,True,True,star50,科创50,20
840,2023-06-21,2023,True,True,star50,科创50,20
894,2023-09-07,2023,True,True,star50,科创50,20
915,2023-10-16,2023,True,True,star50,科创50,20
942,2023-11-22,2023,True,True,star50,科创50,20
1022,2024-03-22,2024,True,True,star50,科创50,20
1055,2024-05-15,2024,True,False,star50,科创50,20
1058,2024-05-20,2024,True,True,star50,科创50,20
1082,2024-06-24,2024,True,True,star50,科创50,20
1104,2024-07-24,2024,True,False,star50,科创50,20
1107,2024-07-29,2024,True,False,star50,科创50,20
1112,2024-08-05,2024,True,True,star50,科创50,20
1169,2024-11-01,2024,True,False,star50,科创50,20
1179,2024-11-15,2024,True,False,star50,科创50,20
1184,2024-11-22,2024,True,True,star50,科创50,20
1199,2024-12-13,2024,True,True,star50,科创50,20
1211,2024-12-31,2024,True,True,star50,科创50,20
1256,2025-03-13,2025,False,False,star50,科创50,20
1258,2025-03-17,2025,False,False,star50,科创50,20
1260,2025-03-19,2025,True,True,star50,科创50,20
1285,2025-04-24,2025,False,False,star50,科创50,20
1293,2025-05-09,2025,True,True,star50,科创50,20
1333,2025-07-07,2025,False,False,star50,科创50,20
1400,2025-10-16,2025,True,True,star50,科创50,20
1411,2025-10-31,2025,True,True,star50,科创50,20
1440,2025-12-11,2025,False,False,star50,科创50,20
1442,2025-12-15,2025,True,False,star50,科创50,20
1445,2025-12-18,2025,True,False,star50,科创50,20
1475,2026-02-02,2026,True,True,star50,科创50,20
1550,2026-06-01,2026,True,True,star50,科创50,20
1579,2026-07-13,2026,False,False,star50,科创50,20
1581,2026-07-15,2026,True,True,star50,科创50,20
34,2020-02-27,2020,True,True,star50,科创50,25
106,2020-06-12,2020,True,False,star50,科创50,25
129,2020-07-17,2020,True,False,star50,科创50,25
134,2020-07-24,2020,True,True,star50,科创50,25
144,2020-08-07,2020,True,True,star50,科创50,25
179,2020-09-25,2020,True,False,star50,科创50,25
191,2020-10-21,2020,True,True,star50,科创50,25
206,2020-11-11,2020,True,False,star50,科创50,25
211,2020-11-18,2020,False,False,star50,科创50,25
214,2020-11-23,2020,True,True,star50,科创50,25
262,2021-01-29,2021,True,False,star50,科创50,25
265,2021-02-03,2021,True,True,star50,科创50,25
307,2021-04-12,2021,True,False,star50,科创50,25
323,2021-05-07,2021,True,True,star50,科创50,25
372,2021-07-16,2021,True,True,star50,科创50,25
378,2021-07-26,2021,True,True,star50,科创50,25
384,2021-08-03,2021,False,False,star50,科创50,25
392,2021-08-13,2021,True,True,star50,科创50,25
439,2021-10-28,2021,False,False,star50,科创50,25
464,2021-12-02,2021,False,False,star50,科创50,25
466,2021-12-06,2021,True,True,star50,科创50,25
523,2022-03-03,2022,True,True,star50,科创50,25
609,2022-07-11,2022,True,True,star50,科创50,25
638,2022-08-19,2022,True,True,star50,科创50,25
699,2022-11-22,2022,True,True,star50,科创50,25
755,2023-02-16,2023,True,True,star50,科创50,25
801,2023-04-24,2023,True,True,star50,科创50,25
829,2023-06-06,2023,True,True,star50,科创50,25
840,2023-06-21,2023,True,True,star50,科创50,25
894,2023-09-07,2023,True,True,star50,科创50,25
942,2023-11-22,2023,False,False,star50,科创50,25
944,2023-11-24,2023,True,True,star50,科创50,25
1022,2024-03-22,2024,True,True,star50,科创50,25
1055,2024-05-15,2024,True,False,star50,科创50,25
1059,2024-05-21,2024,False,False,star50,科创50,25
1061,2024-05-23,2024,True,True,star50,科创50,25
1082,2024-06-24,2024,True,True,star50,科创50,25
1103,2024-07-23,2024,True,True,star50,科创50,25
1112,2024-08-05,2024,True,True,star50,科创50,25
1180,2024-11-18,2024,False,False,star50,科创50,25
1184,2024-11-22,2024,True,True,star50,科创50,25
1195,2024-12-09,2024,False,False,star50,科创50,25
1199,2024-12-13,2024,True,True,star50,科创50,25
1211,2024-12-31,2024,True,True,star50,科创50,25
1260,2025-03-19,2025,True,True,star50,科创50,25
1297,2025-05-15,2025,True,True,star50,科创50,25
1333,2025-07-07,2025,False,False,star50,科创50,25
1336,2025-07-10,2025,False,False,star50,科创50,25
1401,2025-10-17,2025,True,False,star50,科创50,25
1404,2025-10-22,2025,True,False,star50,科创50,25
1411,2025-10-31,2025,True,True,star50,科创50,25
1475,2026-02-02,2026,True,True,star50,科创50,25
1550,2026-06-01,2026,True,False,star50,科创50,25
1554,2026-06-05,2026,True,True,star50,科创50,25
1581,2026-07-15,2026,True,True,star50,科创50,25
40,2005-03-10,2005,True,False,dividend,中证红利,20
43,2005-03-15,2005,True,True,dividend,中证红利,20
67,2005-04-18,2005,True,True,dividend,中证红利,20
115,2005-06-30,2005,True,True,dividend,中证红利,20
157,2005-08-29,2005,True,True,dividend,中证红利,20
163,2005-09-06,2005,False,False,dividend,中证红利,20
175,2005-09-22,2005,True,True,dividend,中证红利,20
218,2005-11-29,2005,True,True,dividend,中证红利,20
279,2006-03-07,2006,True,True,dividend,中证红利,20
340,2006-06-07,2006,True,True,dividend,中证红利,20
366,2006-07-13,2006,True,True,dividend,中证红利,20
419,2006-09-26,2006,False,False,dividend,中证红利,20
504,2007-02-02,2007,True,True,dividend,中证红利,20
579,2007-06-01,2007,True,True,dividend,中证红利,20
595,2007-06-25,2007,True,False,dividend,中证红利,20
598,2007-06-28,2007,True,True,dividend,中证红利,20
662,2007-09-26,2007,False,False,dividend,中证红利,20
673,2007-10-18,2007,True,True,dividend,中证红利,20
738,2008-01-21,2008,True,True,dividend,中证红利,20
758,2008-02-25,2008,True,True,dividend,中证红利,20
765,2008-03-05,2008,True,True,dividend,中证红利,20
816,2008-05-20,2008,False,False,dividend,中证红利,20
818,2008-05-22,2008,True,True,dividend,中证红利,20
856,2008-07-16,2008,True,True,dividend,中证红利,20
865,2008-07-29,2008,True,True,dividend,中证红利,20
908,2008-10-06,2008,True,True,dividend,中证红利,20
964,2008-12-23,2008,True,True,dividend,中证红利,20
1004,2009-02-26,2009,True,True,dividend,中证红利,20
1044,2009-04-24,2009,True,True,dividend,中证红利,20
1065,2009-05-26,2009,False,False,dividend,中证红利,20
1076,2009-06-12,2009,True,True,dividend,中证红利,20
1119,2009-08-12,2009,True,True,dividend,中证红利,20
1148,2009-09-22,2009,True,True,dividend,中证红利,20
1190,2009-11-27,2009,False,False,dividend,中证红利,20
1204,2009-12-17,2009,True,True,dividend,中证红利,20
1218,2010-01-07,2010,True,True,dividend,中证红利,20
1227,2010-01-20,2010,True,True,dividend,中证红利,20
1259,2010-03-12,2010,True,True,dividend,中证红利,20
1284,2010-04-19,2010,True,True,dividend,中证红利,20
1372,2010-08-25,2010,True,True,dividend,中证红利,20
1387,2010-09-15,2010,True,True,dividend,中证红利,20
1421,2010-11-12,2010,True,True,dividend,中证红利,20
1451,2010-12-24,2010,True,True,dividend,中证红利,20
1461,2011-01-10,2011,True,True,dividend,中证红利,20
1502,2011-03-15,2011,False,False,dividend,中证红利,20
1504,2011-03-17,2011,True,True,dividend,中证红利,20
1513,2011-03-30,2011,True,False,dividend,中证红利,20
1525,2011-04-19,2011,True,False,dividend,中证红利,20
1528,2011-04-22,2011,True,True,dividend,中证红利,20
1589,2011-07-20,2011,True,True,dividend,中证红利,20
1669,2011-11-17,2011,True,True,dividend,中证红利,20
1746,2012-03-14,2012,True,True,dividend,中证红利,20
1783,2012-05-11,2012,True,True,dividend,中证红利,20
1848,2012-08-13,2012,True,True,dividend,中证红利,20
1873,2012-09-17,2012,True,True,dividend,中证红利,20
1897,2012-10-26,2012,True,True,dividend,中证红利,20
1906,2012-11-08,2012,True,True,dividend,中证红利,20
1973,2013-02-21,2013,True,True,dividend,中证红利,20
1996,2013-03-26,2013,True,True,dividend,中证红利,20
2041,2013-06-04,2013,True,True,dividend,中证红利,20
2071,2013-07-19,2013,True,False,dividend,中证红利,20
2074,2013-07-24,2013,True,True,dividend,中证红利,20
2118,2013-09-26,2013,True,True,dividend,中证红利,20
2167,2013-12-11,2013,True,True,dividend,中证红利,20
2215,2014-02-25,2014,True,True,dividend,中证红利,20
2238,2014-03-28,2014,True,False,dividend,中证红利,20
2253,2014-04-21,2014,True,True,dividend,中证红利,20
2279,2014-05-29,2014,True,True,dividend,中证红利,20
2293,2014-06-19,2014,True,True,dividend,中证红利,20
2341,2014-08-26,2014,True,True,dividend,中证红利,20
2373,2014-10-17,2014,False,False,dividend,中证红利,20
2375,2014-10-21,2014,True,True,dividend,中证红利,20
2437,2015-01-19,2015,True,False,dividend,中证红利,20
2445,2015-01-29,2015,True,True,dividend,中证红利,20
2507,2015-05-06,2015,True,True,dividend,中证红利,20
2514,2015-05-15,2015,True,False,dividend,中证红利,20
2539,2015-06-19,2015,True,True,dividend,中证红利,20
2564,2015-07-27,2015,True,True,dividend,中证红利,20
2580,2015-08-18,2015,False,False,dividend,中证红利,20
2582,2015-08-20,2015,True,True,dividend,中证红利,20
2628,2015-11-03,2015,False,False,dividend,中证红利,20
2646,2015-11-27,2015,True,True,dividend,中证红利,20
2671,2016-01-04,2016,True,True,dividend,中证红利,20
2704,2016-02-25,2016,True,True,dividend,中证红利,20
2714,2016-03-10,2016,True,False,dividend,中证红利,20
2742,2016-04-20,2016,True,True,dividend,中证红利,20
2753,2016-05-06,2016,True,True,dividend,中证红利,20
2777,2016-06-13,2016,True,False,dividend,中证红利,20
2780,2016-06-16,2016,False,False,dividend,中证红利,20
2785,2016-06-23,2016,True,True,dividend,中证红利,20
2835,2016-09-01,2016,True,False,dividend,中证红利,20
2841,2016-09-09,2016,True,True,dividend,中证红利,20
2896,2016-12-06,2016,False,False,dividend,中证红利,20
2900,2016-12-12,2016,True,True,dividend,中证红利,20
2922,2017-01-12,2017,True,True,dividend,中证红利,20
2957,2017-03-09,2017,True,False,dividend,中证红利,20
2963,2017-03-17,2017,False,False,dividend,中证红利,20
2972,2017-03-30,2017,False,False,dividend,中证红利,20
2984,2017-04-19,2017,True,False,dividend,中证红利,20
2987,2017-04-24,2017,True,True,dividend,中证红利,20
3044,2017-07-17,2017,True,False,dividend,中证红利,20
3058,2017-08-04,2017,False,False,dividend,中证红利,20
3063,2017-08-11,2017,True,True,dividend,中证红利,20
3094,2017-09-25,2017,True,False,dividend,中证红利,20
3097,2017-09-28,2017,False,False,dividend,中证红利,20
3117,2017-11-02,2017,True,False,dividend,中证红利,20
3132,2017-11-23,2017,True,True,dividend,中证红利,20
3156,2017-12-27,2017,False,False,dividend,中证红利,20
3181,2018-02-01,2018,False,False,dividend,中证红利,20
3184,2018-02-06,2018,True,True,dividend,中证红利,20
3207,2018-03-16,2018,True,True,dividend,中证红利,20
3252,2018-05-24,2018,True,True,dividend,中证红利,20
3300,2018-08-01,2018,True,True,dividend,中证红利,20
3322,2018-08-31,2018,True,False,dividend,中证红利,20
3325,2018-09-05,2018,True,True,dividend,中证红利,20
3343,2018-10-09,2018,False,False,dividend,中证红利,20
3345,2018-10-11,2018,True,True,dividend,中证红利,20
3376,2018-11-23,2018,True,True,dividend,中证红利,20
3385,2018-12-06,2018,False,False,dividend,中证红利,20
3387,2018-12-10,2018,True,False,dividend,中证红利,20
3394,2018-12-19,2018,True,True,dividend,中证红利,20
3456,2019-03-26,2019,False,False,dividend,中证红利,20
3458,2019-03-28,2019,False,False,dividend,中证红利,20
3474,2019-04-22,2019,True,True,dividend,中证红利,20
3525,2019-07-08,2019,True,True,dividend,中证红利,20
3560,2019-08-26,2019,False,False,dividend,中证红利,20
3579,2019-09-23,2019,True,True,dividend,中证红利,20
3592,2019-10-17,2019,True,True,dividend,中证红利,20
3601,2019-10-30,2019,True,True,dividend,中证红利,20
3659,2020-01-21,2020,True,True,dividend,中证红利,20
3681,2020-02-28,2020,False,False,dividend,中证红利,20
3687,2020-03-09,2020,False,False,dividend,中证红利,20
3689,2020-03-11,2020,True,True,dividend,中证红利,20
3720,2020-04-24,2020,False,False,dividend,中证红利,20
3722,2020-04-28,2020,False,False,dividend,中证红利,20
3732,2020-05-15,2020,True,False,dividend,中证红利,20
3735,2020-05-20,2020,True,True,dividend,中证红利,20
3751,2020-06-11,2020,True,True,dividend,中证红利,20
3761,2020-06-29,2020,False,False,dividend,中证红利,20
3780,2020-07-24,2020,True,True,dividend,中证红利,20
3803,2020-08-26,2020,True,False,dividend,中证红利,20
3811,2020-09-07,2020,True,True,dividend,中证红利,20
3838,2020-10-22,2020,True,True,dividend,中证红利,20
3870,2020-12-07,2020,True,True,dividend,中证红利,20
3904,2021-01-25,2021,True,True,dividend,中证红利,20
3931,2021-03-10,2021,False,False,dividend,中证红利,20
3941,2021-03-24,2021,True,True,dividend,中证红利,20
3954,2021-04-13,2021,False,False,dividend,中证红利,20
3978,2021-05-20,2021,False,False,dividend,中证红利,20
3995,2021-06-15,2021,True,True,dividend,中证红利,20
4008,2021-07-02,2021,True,True,dividend,中证红利,20
4066,2021-09-24,2021,True,True,dividend,中证红利,20
4118,2021-12-14,2021,True,False,dividend,中证红利,20
4122,2021-12-20,2021,False,False,dividend,中证红利,20
4146,2022-01-24,2022,True,True,dividend,中证红利,20
4157,2022-02-15,2022,False,False,dividend,中证红利,20
4164,2022-02-24,2022,True,True,dividend,中证红利,20
4171,2022-03-07,2022,True,True,dividend,中证红利,20
4201,2022-04-20,2022,True,True,dividend,中证红利,20
4222,2022-05-24,2022,False,False,dividend,中证红利,20
4238,2022-06-16,2022,True,True,dividend,中证红利,20
4252,2022-07-06,2022,True,True,dividend,中证红利,20
4303,2022-09-16,2022,True,True,dividend,中证红利,20
4362,2022-12-15,2022,False,False,dividend,中证红利,20
4364,2022-12-19,2022,True,True,dividend,中证红利,20
4379,2023-01-10,2023,False,False,dividend,中证红利,20
4401,2023-02-16,2023,True,False,dividend,中证红利,20
4417,2023-03-10,2023,False,False,dividend,中证红利,20
4419,2023-03-14,2023,False,False,dividend,中证红利,20
4421,2023-03-16,2023,True,True,dividend,中证红利,20
4460,2023-05-16,2023,True,True,dividend,中证红利,20
4521,2023-08-11,2023,True,True,dividend,中证红利,20
4541,2023-09-08,2023,False,False,dividend,中证红利,20
4554,2023-09-27,2023,True,True,dividend,中证红利,20
4593,2023-11-29,2023,False,False,dividend,中证红利,20
4597,2023-12-05,2023,True,True,dividend,中证红利,20
4605,2023-12-15,2023,True,True,dividend,中证红利,20
4627,2024-01-17,2024,True,True,dividend,中证红利,20
4640,2024-02-05,2024,False,False,dividend,中证红利,20
4660,2024-03-12,2024,True,True,dividend,中证红利,20
4691,2024-04-26,2024,True,True,dividend,中证红利,20
4714,2024-06-03,2024,True,True,dividend,中证红利,20
4770,2024-08-21,2024,True,True,dividend,中证红利,20
4812,2024-10-29,2024,True,True,dividend,中证红利,20
4822,2024-11-12,2024,False,False,dividend,中证红利,20
4824,2024-11-14,2024,True,False,dividend,中证红利,20
4830,2024-11-22,2024,True,True,dividend,中证红利,20
4850,2024-12-20,2024,True,False,dividend,中证红利,20
4858,2025-01-02,2025,True,True,dividend,中证红利,20
4885,2025-02-18,2025,True,True,dividend,中证红利,20
4914,2025-03-31,2025,False,False,dividend,中证红利,20
4918,2025-04-07,2025,True,True,dividend,中证红利,20
4935,2025-04-30,2025,False,False,dividend,中证红利,20
4950,2025-05-26,2025,True,True,dividend,中证红利,20
4957,2025-06-05,2025,True,True,dividend,中证红利,20
4987,2025-07-17,2025,False,False,dividend,中证红利,20
4997,2025-07-31,2025,True,True,dividend,中证红利,20
5007,2025-08-14,2025,True,True,dividend,中证红利,20
5016,2025-08-27,2025,True,True,dividend,中证红利,20
5069,2025-11-18,2025,True,True,dividend,中证红利,20
5110,2026-01-16,2026,False,False,dividend,中证红利,20
5121,2026-02-02,2026,True,False,dividend,中证红利,20
5147,2026-03-18,2026,True,True,dividend,中证红利,20
5183,2026-05-13,2026,True,True,dividend,中证红利,20
5201,2026-06-08,2026,True,True,dividend,中证红利,20
43,2005-03-15,2005,True,True,dividend,中证红利,25
104,2005-06-15,2005,False,False,dividend,中证红利,25
115,2005-06-30,2005,True,True,dividend,中证红利,25
158,2005-08-30,2005,False,False,dividend,中证红利,25
175,2005-09-22,2005,True,True,dividend,中证红利,25
218,2005-11-29,2005,True,True,dividend,中证红利,25
279,2006-03-07,2006,True,True,dividend,中证红利,25
342,2006-06-09,2006,True,True,dividend,中证红利,25
366,2006-07-13,2006,True,True,dividend,中证红利,25
504,2007-02-02,2007,True,True,dividend,中证红利,25
579,2007-06-01,2007,True,True,dividend,中证红利,25
595,2007-06-25,2007,True,True,dividend,中证红利,25
674,2007-10-19,2007,True,True,dividend,中证红利,25
738,2008-01-21,2008,True,True,dividend,中证红利,25
820,2008-05-26,2008,True,True,dividend,中证红利,25
865,2008-07-29,2008,True,True,dividend,中证红利,25
964,2008-12-23,2008,True,True,dividend,中证红利,25
1004,2009-02-26,2009,True,True,dividend,中证红利,25
1045,2009-04-27,2009,True,True,dividend,中证红利,25
1119,2009-08-12,2009,True,True,dividend,中证红利,25
1148,2009-09-22,2009,True,True,dividend,中证红利,25
1190,2009-11-27,2009,False,False,dividend,中证红利,25
1204,2009-12-17,2009,True,True,dividend,中证红利,25
1259,2010-03-12,2010,True,True,dividend,中证红利,25
1284,2010-04-19,2010,True,True,dividend,中证红利,25
1372,2010-08-25,2010,True,True,dividend,中证红利,25
1387,2010-09-15,2010,True,True,dividend,中证红利,25
1421,2010-11-12,2010,True,True,dividend,中证红利,25
1451,2010-12-24,2010,True,True,dividend,中证红利,25
1461,2011-01-10,2011,True,True,dividend,中证红利,25
1504,2011-03-17,2011,False,False,dividend,中证红利,25
1506,2011-03-21,2011,True,False,dividend,中证红利,25
1514,2011-03-31,2011,False,False,dividend,中证红利,25
1529,2011-04-25,2011,True,True,dividend,中证红利,25
1590,2011-07-21,2011,False,False,dividend,中证红利,25
1592,2011-07-25,2011,True,True,dividend,中证红利,25
1670,2011-11-18,2011,True,True,dividend,中证红利,25
1746,2012-03-14,2012,True,True,dividend,中证红利,25
1767,2012-04-17,2012,False,False,dividend,中证红利,25
1784,2012-05-14,2012,True,True,dividend,中证红利,25
1848,2012-08-13,2012,True,True,dividend,中证红利,25
1873,2012-09-17,2012,True,True,dividend,中证红利,25
1897,2012-10-26,2012,True,True,dividend,中证红利,25
1906,2012-11-08,2012,True,True,dividend,中证红利,25
1973,2013-02-21,2013,True,True,dividend,中证红利,25
1996,2013-03-26,2013,True,True,dividend,中证红利,25
2041,2013-06-04,2013,True,True,dividend,中证红利,25
2070,2013-07-18,2013,True,True,dividend,中证红利,25
2085,2013-08-08,2013,False,False,dividend,中证红利,25
2118,2013-09-26,2013,True,True,dividend,中证红利,25
2168,2013-12-12,2013,True,True,dividend,中证红利,25
2215,2014-02-25,2014,True,True,dividend,中证红利,25
2221,2014-03-05,2014,True,True,dividend,中证红利,25
2238,2014-03-28,2014,True,False,dividend,中证红利,25
2253,2014-04-21,2014,True,True,dividend,中证红利,25
2293,2014-06-19,2014,True,True,dividend,中证红利,25
2341,2014-08-26,2014,True,True,dividend,中证红利,25
2373,2014-10-17,2014,False,False,dividend,中证红利,25
2375,2014-10-21,2014,True,True,dividend,中证红利,25
2437,2015-01-19,2015,True,False,dividend,中证红利,25
2446,2015-01-30,2015,True,True,dividend,中证红利,25
2507,2015-05-06,2015,True,True,dividend,中证红利,25
2539,2015-06-19,2015,True,True,dividend,中证红利,25
2580,2015-08-18,2015,False,False,dividend,中证红利,25
2582,2015-08-20,2015,True,True,dividend,中证红利,25
2646,2015-11-27,2015,False,False,dividend,中证红利,25
2653,2015-12-08,2015,True,True,dividend,中证红利,25
2671,2016-01-04,2016,True,True,dividend,中证红利,25
2704,2016-02-25,2016,True,True,dividend,中证红利,25
2742,2016-04-20,2016,True,True,dividend,中证红利,25
2753,2016-05-06,2016,True,True,dividend,中证红利,25
2777,2016-06-13,2016,True,False,dividend,中证红利,25
2780,2016-06-16,2016,False,False,dividend,中证红利,25
2786,2016-06-24,2016,False,False,dividend,中证红利,25
2842,2016-09-12,2016,True,True,dividend,中证红利,25
2900,2016-12-12,2016,True,True,dividend,中证红利,25
2921,2017-01-11,2017,True,True,dividend,中证红利,25
2957,2017-03-09,2017,True,False,dividend,中证红利,25
2963,2017-03-17,2017,False,False,dividend,中证红利,25
2972,2017-03-30,2017,False,False,dividend,中证红利,25
2984,2017-04-19,2017,False,False,dividend,中证红利,25
2987,2017-04-24,2017,True,True,dividend,中证红利,25
3058,2017-08-04,2017,False,False,dividend,中证红利,25
3063,2017-08-11,2017,True,True,dividend,中证红利,25
3097,2017-09-28,2017,False,False,dividend,中证红利,25
3118,2017-11-03,2017,False,False,dividend,中证红利,25
3132,2017-11-23,2017,True,True,dividend,中证红利,25
3184,2018-02-06,2018,True,True,dividend,中证红利,25
3207,2018-03-16,2018,True,True,dividend,中证红利,25
3255,2018-05-29,2018,True,False,dividend,中证红利,25
3258,2018-06-01,2018,True,False,dividend,中证红利,25
3262,2018-06-07,2018,True,True,dividend,中证红利,25
3301,2018-08-02,2018,True,True,dividend,中证红利,25
3342,2018-10-08,2018,True,True,dividend,中证红利,25
3376,2018-11-23,2018,True,True,dividend,中证红利,25
3385,2018-12-06,2018,False,False,dividend,中证红利,25
3387,2018-12-10,2018,True,False,dividend,中证红利,25
3393,2018-12-18,2018,True,True,dividend,中证红利,25
3475,2019-04-23,2019,False,False,dividend,中证红利,25
3477,2019-04-25,2019,True,True,dividend,中证红利,25
3516,2019-06-25,2019,False,False,dividend,中证红利,25
3519,2019-06-28,2019,False,False,dividend,中证红利,25
3525,2019-07-08,2019,True,True,dividend,中证红利,25
3564,2019-08-30,2019,False,False,dividend,中证红利,25
3581,2019-09-25,2019,True,True,dividend,中证红利,25
3591,2019-10-16,2019,True,True,dividend,中证红利,25
3606,2019-11-06,2019,False,False,dividend,中证红利,25
3608,2019-11-08,2019,True,True,dividend,中证红利,25
3659,2020-01-21,2020,True,True,dividend,中证红利,25
3681,2020-02-28,2020,False,False,dividend,中证红利,25
3687,2020-03-09,2020,False,False,dividend,中证红利,25
3690,2020-03-12,2020,True,True,dividend,中证红利,25
3722,2020-04-28,2020,False,False,dividend,中证红利,25
3733,2020-05-18,2020,False,False,dividend,中证红利,25
3735,2020-05-20,2020,True,True,dividend,中证红利,25
3751,2020-06-11,2020,True,True,dividend,中证红利,25
3761,2020-06-29,2020,False,False,dividend,中证红利,25
3780,2020-07-24,2020,True,True,dividend,中证红利,25
3803,2020-08-26,2020,False,False,dividend,中证红利,25
3811,2020-09-07,2020,True,True,dividend,中证红利,25
3839,2020-10-23,2020,True,True,dividend,中证红利,25
3871,2020-12-08,2020,True,True,dividend,中证红利,25
3904,2021-01-25,2021,True,True,dividend,中证红利,25
3941,2021-03-24,2021,True,True,dividend,中证红利,25
3954,2021-04-13,2021,False,False,dividend,中证红利,25
3995,2021-06-15,2021,True,True,dividend,中证红利,25
4005,2021-06-29,2021,False,False,dividend,中证红利,25
4007,2021-07-01,2021,True,True,dividend,中证红利,25
4020,2021-07-20,2021,True,False,dividend,中证红利,25
4023,2021-07-23,2021,True,True,dividend,中证红利,25
4066,2021-09-24,2021,True,True,dividend,中证红利,25
4122,2021-12-20,2021,False,False,dividend,中证红利,25
4147,2022-01-25,2022,True,True,dividend,中证红利,25
4156,2022-02-14,2022,True,False,dividend,中证红利,25
4159,2022-02-17,2022,False,False,dividend,中证红利,25
4164,2022-02-24,2022,True,True,dividend,中证红利,25
4172,2022-03-08,2022,True,True,dividend,中证红利,25
4201,2022-04-20,2022,True,True,dividend,中证红利,25
4238,2022-06-16,2022,True,True,dividend,中证红利,25
4252,2022-07-06,2022,True,True,dividend,中证红利,25
4303,2022-09-16,2022,True,True,dividend,中证红利,25
4364,2022-12-19,2022,True,True,dividend,中证红利,25
4417,2023-03-10,2023,False,False,dividend,中证红利,25
4419,2023-03-14,2023,False,False,dividend,中证红利,25
4421,2023-03-16,2023,False,False,dividend,中证红利,25
4423,2023-03-20,2023,True,True,dividend,中证红利,25
4461,2023-05-17,2023,False,False,dividend,中证红利,25
4463,2023-05-19,2023,True,True,dividend,中证红利,25
4521,2023-08-11,2023,True,True,dividend,中证红利,25
4540,2023-09-07,2023,True,False,dividend,中证红利,25
4556,2023-10-09,2023,True,True,dividend,中证红利,25
4593,2023-11-29,2023,False,False,dividend,中证红利,25
4597,2023-12-05,2023,True,True,dividend,中证红利,25
4605,2023-12-15,2023,True,True,dividend,中证红利,25
4627,2024-01-17,2024,True,True,dividend,中证红利,25
4639,2024-02-02,2024,True,False,dividend,中证红利,25
4664,2024-03-18,2024,True,True,dividend,中证红利,25
4716,2024-06-05,2024,True,True,dividend,中证红利,25
4814,2024-10-31,2024,True,False,dividend,中证红利,25
4822,2024-11-12,2024,False,False,dividend,中证红利,25
4824,2024-11-14,2024,True,False,dividend,中证红利,25
4830,2024-11-22,2024,True,True,dividend,中证红利,25
4858,2025-01-02,2025,True,True,dividend,中证红利,25
4885,2025-02-18,2025,True,True,dividend,中证红利,25
4918,2025-04-07,2025,True,True,dividend,中证红利,25
4934,2025-04-29,2025,True,True,dividend,中证红利,25
4951,2025-05-27,2025,False,False,dividend,中证红利,25
4963,2025-06-13,2025,True,True,dividend,中证红利,25
4997,2025-07-31,2025,True,True,dividend,中证红利,25
5007,2025-08-14,2025,True,True,dividend,中证红利,25
5016,2025-08-27,2025,True,True,dividend,中证红利,25
5069,2025-11-18,2025,True,True,dividend,中证红利,25
5110,2026-01-16,2026,False,False,dividend,中证红利,25
5121,2026-02-02,2026,True,False,dividend,中证红利,25
5148,2026-03-19,2026,True,True,dividend,中证红利,25
5183,2026-05-13,2026,True,True,dividend,中证红利,25
5199,2026-06-04,2026,True,True,dividend,中证红利,25
