date,open,close,high,low,amount,instrument_key,instrument_name,ma20,ma25,ma60,ma120,ma200
2005-01-04,996.28,989.98,996.28,982.99,494737.55,csi1000,中证1000,,,,,
2005-01-05,989.87,1013.58,1018.26,988.57,822661.44,csi1000,中证1000,,,,,
2005-01-06,1014.97,1005.47,1014.97,1001.21,732454.01,csi1000,中证1000,,,,,
2005-01-07,1005.52,1011.74,1021.71,1001.1,758240.02,csi1000,中证1000,,,,,
2005-01-10,1011.93,1023.64,1023.64,1007.8,596927.64,csi1000,中证1000,,,,,
2005-01-11,1024.04,1027.16,1027.16,1017.79,782625.85,csi1000,中证1000,,,,,
2005-01-12,1026.74,1024.92,1026.74,1014.77,762477.1,csi1000,中证1000,,,,,
2005-01-13,1024.13,1029.3,1030.49,1020.67,1021112.01,csi1000,中证1000,,,,,
2005-01-14,1028.99,1011.88,1034.59,1011.44,864133.52,csi1000,中证1000,,,,,
2005-01-17,1002.33,986.66,1002.33,984.38,921192.16,csi1000,中证1000,,,,,
2005-01-18,985.67,1008.11,1008.48,985.67,990504.23,csi1000,中证1000,,,,,
2005-01-19,1007.11,1002.46,1008.22,997.62,1162300.13,csi1000,中证1000,,,,,
2005-01-20,999.93,989.44,999.93,982.42,1108445.45,csi1000,中证1000,,,,,
2005-01-21,987.43,1006.25,1007.92,966.08,1660074.32,csi1000,中证1000,,,,,
2005-01-24,1028.01,1028.01,1029.0,1016.09,1778422.99,csi1000,中证1000,,,,,
2005-01-25,1023.1,1015.1,1023.1,1005.49,1290204.95,csi1000,中证1000,,,,,
2005-01-26,1014.25,1006.84,1015.13,1004.61,1205919.1,csi1000,中证1000,,,,,
2005-01-27,1005.89,989.41,1005.89,988.12,1151757.26,csi1000,中证1000,,,,,
2005-01-28,989.41,963.01,989.41,960.24,1073928.0,csi1000,中证1000,,,,,
2005-01-31,954.94,924.17,954.94,923.13,1143886.61,csi1000,中证1000,1002.8565000000001,,,,
2005-02-01,917.3,905.8,929.22,905.21,1107525.14,csi1000,中证1000,998.6475,,,,
2005-02-02,904.13,958.39,959.99,904.13,1528858.65,csi1000,中证1000,995.8879999999999,,,,
2005-02-03,956.73,936.86,962.26,936.51,1386026.79,csi1000,中证1000,992.4575000000001,,,,
2005-02-04,937.15,952.39,954.91,934.96,1277179.64,csi1000,中证1000,989.49,,,,
2005-02-16,959.28,966.39,975.5,958.48,1251498.7,csi1000,中证1000,986.6274999999999,991.0784,,,
2005-02-17,966.04,973.81,973.81,957.8,1127479.45,csi1000,中证1000,983.96,990.4316,,,
2005-02-18,973.19,964.01,974.21,963.76,1079202.54,csi1000,中证1000,980.9144999999999,988.4487999999999,,,
2005-02-21,963.58,983.61,983.69,963.58,1311630.55,csi1000,中证1000,978.6299999999999,987.5744,,,
2005-02-22,983.96,1015.66,1016.38,982.76,2277205.95,csi1000,中证1000,978.8189999999998,987.7312,,,
2005-02-23,1016.77,1032.9,1038.91,1010.43,2613755.15,csi1000,中证1000,981.131,988.1016000000001,,,
2005-02-24,1031.75,1035.35,1037.78,1023.3,2337970.98,csi1000,中证1000,982.493,988.4292,,,
2005-02-25,1034.54,1032.41,1046.99,1032.32,2256679.12,csi1000,中证1000,983.9904999999999,988.7287999999999,,,
2005-02-28,1032.18,1029.38,1034.46,1021.86,1734785.62,csi1000,中证1000,985.9875,988.732,,,
2005-03-01,1028.61,1030.81,1031.54,1018.99,1470517.11,csi1000,中证1000,987.2155,989.4892,,,
2005-03-02,1031.5,1014.53,1038.35,1013.83,1831920.94,csi1000,中证1000,986.5415,990.6039999999999,,,
2005-03-03,1011.26,1020.25,1021.45,1003.21,1327873.74,csi1000,中证1000,986.799,991.0896,,,
2005-03-04,1020.55,1011.36,1022.23,1009.84,1103897.62,csi1000,中证1000,987.025,991.4456,,,
2005-03-07,1011.81,1013.59,1016.56,1009.27,972267.64,csi1000,中证1000,988.234,992.4116,,,
2005-03-08,1014.26,1037.03,1037.06,1014.26,1594232.67,csi1000,中证1000,991.9350000000001,993.6428,,,
2005-03-09,1039.51,1042.18,1044.01,1034.48,1880125.66,csi1000,中证1000,997.8354999999999,994.2095999999999,,,
2005-03-10,1042.74,1011.79,1043.32,1008.4,1735186.74,csi1000,中证1000,1003.135,994.0772000000001,,,
2005-03-11,1009.98,1017.45,1018.11,1005.95,1401692.22,csi1000,中证1000,1006.0880000000001,994.5016,,,
2005-03-14,1016.72,1005.99,1016.72,990.34,1561112.06,csi1000,中证1000,1009.5445,995.1648,,,
2005-03-15,1005.51,993.48,1007.55,991.23,1329083.79,csi1000,中证1000,1011.5989999999999,996.3836,,,
2005-03-16,991.75,982.84,991.77,977.6,1105233.63,csi1000,中证1000,1012.4215,998.7303999999999,,,
2005-03-17,980.92,967.59,984.38,967.48,1127534.0,csi1000,中证1000,1012.1105,1001.202,,,
2005-03-18,965.18,946.71,969.39,943.69,1217741.92,csi1000,中证1000,1011.2455000000002,1000.7348000000001,,,
2005-03-21,945.76,950.79,952.09,939.19,883849.41,csi1000,中证1000,1009.6045,1001.2919999999999,,,
2005-03-22,950.8,915.94,951.15,915.73,1196442.83,csi1000,中证1000,1004.6185000000002,999.8340000000001,,,
2005-03-23,915.04,915.97,933.53,909.34,1184107.23,csi1000,中证1000,998.7719999999999,997.8172,,,
2005-03-24,914.47,928.54,928.68,906.58,1046097.77,csi1000,中证1000,993.4315,996.0064,,,
2005-03-25,928.73,923.2,928.73,918.79,1055056.66,csi1000,中证1000,987.9710000000001,994.3740000000001,,,
2005-03-28,921.89,911.35,921.89,896.95,961090.42,csi1000,中证1000,982.0695,991.4836,,,
2005-03-29,910.67,904.82,919.16,904.73,886913.79,csi1000,中证1000,975.7699999999999,987.05,,,
2005-03-30,902.01,869.58,902.01,868.89,1084932.5,csi1000,中证1000,968.5225,980.5172,,,
2005-03-31,868.27,880.9,880.91,860.42,925705.95,csi1000,中证1000,961.555,974.3392000000001,,,
2005-04-01,880.26,913.85,921.49,870.6,1670438.32,csi1000,中证1000,956.6795,969.5968,,,
2005-04-04,904.54,896.29,909.31,890.3,1289542.53,csi1000,中证1000,950.8145000000001,964.2732000000001,,,
2005-04-05,894.29,886.2,898.45,884.66,1062394.66,csi1000,中证1000,943.2729999999999,958.4887999999999,,,
2005-04-06,886.2,898.88,903.12,874.03,1298918.75,csi1000,中证1000,936.108,953.8628,978.9333333333333,,
2005-04-07,898.6,913.66,925.78,897.65,1973750.64,csi1000,中证1000,931.2014999999999,949.5992,977.6613333333333,,
2005-04-08,913.34,931.38,931.88,909.87,1676923.87,csi1000,中证1000,926.8979999999999,946.4,976.2913333333333,,
2005-04-11,930.52,931.97,940.15,924.6,1672758.1,csi1000,中证1000,923.1970000000001,943.1352,975.0663333333334,,
2005-04-12,930.97,905.87,930.97,905.77,1276594.47,csi1000,中证1000,918.8165000000001,937.8888000000001,973.3018333333333,,
2005-04-13,908.76,929.11,929.66,908.76,1547536.0,csi1000,中证1000,916.1300000000001,933.3660000000001,971.7263333333333,,
2005-04-14,931.79,916.35,932.91,914.62,1699260.94,csi1000,中证1000,913.568,929.5484,969.8795000000001,,
2005-04-15,912.68,887.93,912.68,886.01,1760858.58,csi1000,中证1000,910.6290000000001,924.3675999999999,967.5963333333334,,
2005-04-18,882.41,868.33,882.41,862.17,1084737.29,csi1000,中证1000,906.5060000000001,918.8612,964.9135,,
2005-04-19,867.35,867.23,871.67,856.7,962069.04,csi1000,中证1000,904.0705,913.8112000000001,962.5026666666668,,
2005-04-20,866.65,844.93,866.65,843.77,1237491.37,csi1000,中证1000,900.5185000000001,908.2948000000001,960.1405,,
2005-04-21,843.57,826.05,846.79,820.48,1425269.04,csi1000,中证1000,895.394,902.6332000000001,957.1061666666666,,
2005-04-22,823.62,806.65,826.77,800.95,1448845.48,csi1000,中证1000,889.5664999999999,897.0308,953.8426666666667,,
2005-04-25,792.11,789.54,794.46,778.24,1283510.21,csi1000,中证1000,883.476,890.5808000000001,950.511,,
2005-04-26,784.95,806.94,811.24,780.44,1371690.23,csi1000,中证1000,878.5820000000001,886.2208,947.1891666666667,,
2005-04-27,809.9,790.24,809.9,789.96,1230318.67,csi1000,中证1000,874.615,881.1916,943.2263333333334,,
2005-04-28,787.36,813.63,817.23,777.63,1530630.19,csi1000,中证1000,871.2515000000001,876.5952000000001,939.8685,,
2005-04-29,812.84,802.28,814.27,801.0,1376870.62,csi1000,中证1000,865.673,871.7583999999999,936.4591666666668,,
2005-05-09,803.67,771.08,806.51,770.86,964443.6,csi1000,中证1000,859.4125,866.1476000000001,932.8203333333333,,
2005-05-10,767.78,773.2,773.2,746.65,1178146.43,csi1000,中证1000,853.7625,860.8828,929.6568333333333,,
2005-05-11,771.41,772.08,781.3,766.4,1120796.49,csi1000,中证1000,847.4225,856.9828,927.1220000000001,,
2005-05-12,772.16,769.02,778.23,761.26,1246417.57,csi1000,中证1000,840.1905,852.5075999999999,924.8423333333334,,
2005-05-13,766.13,779.49,780.41,764.34,1221495.31,csi1000,中证1000,832.5959999999999,847.1331999999999,921.8606666666667,,
2005-05-16,778.48,776.54,778.48,770.59,935839.31,csi1000,中证1000,824.8245000000001,842.3431999999999,919.1886666666667,,
2005-05-17,775.24,785.44,788.68,770.83,1180189.42,csi1000,中证1000,818.803,838.3128000000002,916.4061666666668,,
2005-05-18,785.25,794.57,794.76,780.58,1222897.79,csi1000,中证1000,812.076,834.1404000000001,913.5425,,
2005-05-19,795.21,794.49,798.11,783.64,1074998.83,csi1000,中证1000,805.983,829.3736,910.5538333333334,,
2005-05-20,794.71,787.9,797.34,787.57,1226793.16,csi1000,中证1000,800.9815000000001,823.6344,907.6186666666667,,
2005-05-23,784.48,758.68,784.48,757.72,1179870.5,csi1000,中证1000,795.499,816.7028,903.8698333333334,,
2005-05-24,756.41,777.77,782.26,753.41,1111553.37,csi1000,中证1000,791.0260000000001,811.5788,899.905,,
2005-05-25,778.17,781.99,788.77,773.48,1190658.14,csi1000,中证1000,787.879,805.694,895.7231666666668,,
2005-05-26,781.52,772.87,784.46,770.66,1109768.03,csi1000,中证1000,785.22,799.9548,891.3485,,
2005-05-27,771.07,767.27,783.11,766.36,1021733.32,csi1000,中证1000,783.251,795.1283999999999,886.9295000000001,,
2005-05-30,764.93,776.41,777.65,761.48,838625.7,csi1000,中证1000,782.5945,791.4515999999999,882.7133333333333,,
2005-05-31,776.24,775.74,779.82,772.61,981839.04,csi1000,中证1000,781.0345,787.7919999999999,878.4621666666666,,
2005-06-01,775.55,760.51,775.55,755.93,1080148.58,csi1000,中证1000,779.548,784.4151999999999,874.2284999999999,,
2005-06-02,759.99,756.82,764.55,752.32,1086313.67,csi1000,中证1000,776.7075,781.646,869.838,,
2005-06-03,755.93,756.91,762.25,747.06,1023605.5,csi1000,中证1000,774.4390000000001,779.6564,865.5971666666667,,
2005-06-06,755.12,766.73,766.81,743.67,895900.44,csi1000,中证1000,774.2215,778.7440000000001,861.4828333333334,,
2005-06-07,767.28,767.91,780.69,763.67,1412035.28,csi1000,中证1000,773.957,777.1828,856.9975,,
2005-06-08,770.46,826.23,830.13,770.08,3303475.14,csi1000,中证1000,776.6645000000001,778.6224000000001,853.3983333333332,,
2005-06-09,825.58,836.83,848.34,815.38,3542474.9,csi1000,中证1000,780.0550000000001,779.5504,850.4823333333334,,
2005-06-10,836.54,820.0,837.07,815.81,2389042.11,csi1000,中证1000,782.0805,780.2592,847.1915,,
2005-06-13,821.9,825.87,828.71,810.45,1862176.62,csi1000,中证1000,784.547,782.4508000000001,844.1895000000001,,
2005-06-14,826.62,807.36,832.19,807.16,1662562.24,csi1000,中证1000,785.643,783.8172,841.0875,,
2005-06-15,805.59,788.29,805.59,786.85,1486633.27,csi1000,中证1000,785.329,784.4656,837.845,,
2005-06-16,787.5,797.43,797.53,778.75,1402971.32,csi1000,中证1000,785.476,785.602,835.009,,
2005-06-17,799.17,790.55,801.79,786.99,1249846.14,csi1000,中证1000,785.6084999999999,786.0444,832.4063333333332,,
2005-06-20,790.11,813.12,813.23,777.65,1636025.42,csi1000,中证1000,788.3305,787.5076000000001,830.1118333333333,,
2005-06-21,813.87,806.02,815.0,803.07,1425905.99,csi1000,中证1000,789.743,788.3307999999998,828.2798333333334,,
2005-06-22,804.63,810.03,810.93,799.18,1414657.34,csi1000,中证1000,791.145,788.9492,826.5141666666666,,
2005-06-23,807.94,796.05,809.02,794.54,1331881.35,csi1000,中证1000,792.304,789.0116,824.306,,
2005-06-24,793.83,799.7,800.03,789.9,1392793.44,csi1000,中证1000,793.9254999999999,789.4836,822.2476666666666,,
2005-06-27,804.25,822.88,828.19,804.25,2284130.28,csi1000,中证1000,796.249,792.0515999999999,820.7731666666666,,
2005-06-28,820.98,807.64,820.98,805.86,1413534.88,csi1000,中证1000,797.8439999999999,793.2464,819.1535,,
2005-06-29,809.28,805.1,812.73,804.08,1321964.84,csi1000,中证1000,800.0735,794.1708,818.0788333333334,,
2005-06-30,804.46,781.83,804.46,781.71,1542577.22,csi1000,中证1000,801.324,794.5292000000002,816.4276666666667,,
2005-07-01,779.48,743.12,779.48,742.13,1872582.87,csi1000,中证1000,800.6345,793.5632,813.5821666666667,,
2005-07-04,736.66,734.95,736.66,712.7,1602784.14,csi1000,中证1000,799.0455,791.9048000000001,810.8931666666667,,
2005-07-05,732.54,729.36,738.87,722.22,1188659.59,csi1000,中证1000,797.118,790.0495999999999,808.2791666666667,,
2005-07-06,729.28,727.06,735.97,721.42,1105248.6,csi1000,中证1000,792.1595,788.7116000000001,805.4155,892.1744166666667,
2005-07-07,726.93,732.05,737.01,723.96,1078282.11,csi1000,中证1000,786.9205,787.7208,802.3886666666666,890.025,
2005-07-08,730.58,706.74,730.58,706.3,1277682.06,csi1000,中证1000,781.2574999999999,785.714,798.6446666666667,887.4680000000001,
2005-07-11,709.05,694.83,726.19,693.62,1264472.0,csi1000,中证1000,774.7055,782.8379999999999,794.6923333333333,884.8793333333334,
2005-07-12,691.28,720.57,722.14,685.78,1663751.33,csi1000,中证1000,770.366,780.9443999999999,791.604,882.4529166666666,
2005-07-13,718.91,711.95,719.75,708.64,1414119.19,csi1000,中证1000,766.5490000000001,776.3731999999999,787.9846666666667,879.8555,
2005-07-14,711.09,711.58,719.47,708.37,1228525.46,csi1000,中证1000,762.2565000000001,771.3632000000001,784.5718333333333,877.2256666666666,
2005-07-15,712.13,690.49,716.43,688.69,1296857.37,csi1000,中证1000,757.2535,766.1828,781.2811666666665,874.4387499999999,
2005-07-18,688.09,669.03,688.09,665.87,1057003.53,csi1000,中证1000,750.049,759.9091999999999,777.9595,871.4365,
2005-07-19,667.76,677.02,677.92,663.35,920325.61,csi1000,中证1000,743.5989999999999,754.6956000000001,774.7893333333334,868.6460000000001,
2005-07-20,677.2,682.12,685.57,671.73,950536.98,csi1000,中证1000,737.2035000000001,750.4488,772.0758333333332,866.1081666666666,
2005-07-21,682.97,679.02,683.23,668.03,1111501.75,csi1000,中证1000,731.352,745.7124,769.6253333333334,863.36575,
2005-07-22,678.73,694.29,701.14,677.56,2102000.59,csi1000,中证1000,726.0815,741.862,767.7526666666668,860.7976666666667,
2005-07-25,694.04,692.39,694.04,686.52,1376345.29,csi1000,中证1000,719.557,737.0328,766.1335,858.3222499999999,
2005-07-26,691.5,709.1,709.1,691.05,2025920.8,csi1000,中证1000,714.63,733.1560000000001,764.5028333333333,855.846,
2005-07-27,708.67,724.05,724.05,702.75,2125089.58,csi1000,中证1000,710.5775,729.7167999999999,763.3996666666667,853.313,
2005-07-28,723.71,725.81,734.17,719.93,2465034.13,csi1000,中证1000,707.7765,726.9072,761.936,850.90225,
2005-07-29,724.81,722.87,727.08,717.53,1771571.3,csi1000,中证1000,706.7639999999999,723.834,760.6125,848.5358333333334,
2005-08-01,721.49,729.9,729.99,720.35,1372699.56,csi1000,中证1000,706.5115,720.1148000000001,759.9261666666666,846.3732500000001,
2005-08-02,730.33,744.01,744.01,725.62,2031681.97,csi1000,中证1000,707.2439999999999,717.5695999999999,759.4396666666667,844.5482499999999,
2005-08-03,745.66,751.89,763.3,743.34,2966003.7,csi1000,中证1000,708.4855,715.4412,759.1031666666667,843.1125833333333,
2005-08-04,750.61,747.57,750.74,744.11,2223620.64,csi1000,中证1000,709.2615,714.0707999999998,758.7456666666666,841.794,
2005-08-05,748.0,772.15,772.22,747.89,2794786.04,csi1000,中证1000,712.5319999999999,715.232,758.6233333333333,840.242,
2005-08-08,777.96,783.73,789.48,772.66,3337860.41,csi1000,中证1000,716.977,717.1831999999999,758.7431666666668,838.9659166666665,
2005-08-09,786.08,799.41,799.46,778.52,2962722.16,csi1000,中证1000,720.919,719.9852000000001,758.976,837.6910833333333,
2005-08-10,799.1,809.46,809.47,788.69,3183349.79,csi1000,中证1000,725.7945,723.2811999999999,759.2241666666666,836.3833333333333,
2005-08-11,811.74,817.62,819.15,805.2,3364643.22,csi1000,中证1000,731.0964999999999,726.7040000000001,759.6096666666667,835.0817499999999,
2005-08-12,819.0,803.44,827.34,799.17,4008386.56,csi1000,中证1000,736.7439999999999,730.572,759.8686666666667,833.7436666666667,
2005-08-15,803.66,830.34,830.54,803.37,3061160.98,csi1000,中证1000,744.8095000000001,735.9924000000001,761.063,832.4664166666666,
2005-08-16,832.39,833.49,838.76,824.86,3869609.1,csi1000,中证1000,752.633,740.5092000000001,761.9916666666667,830.9483333333334,
2005-08-17,833.35,857.66,857.66,818.79,4535422.42,csi1000,中证1000,761.41,746.3376000000001,763.2528333333333,829.4879999999999,
2005-08-18,859.07,826.42,878.13,825.84,5862568.58,csi1000,中证1000,768.78,750.9312,764.1453333333334,827.7469166666667,
2005-08-19,821.77,827.46,833.29,804.28,4342307.31,csi1000,中证1000,775.4385,756.41,765.1484999999999,826.039,
2005-08-22,825.52,836.52,838.06,817.69,2593216.94,csi1000,中证1000,782.645,763.1095999999999,766.1503333333334,824.4318333333334,
2005-08-23,834.93,819.17,834.93,808.25,2588825.06,csi1000,中证1000,788.1485,768.7955999999999,766.8741666666667,822.6681666666667,
2005-08-24,818.85,831.0,831.32,815.76,2841418.16,csi1000,中证1000,793.496,774.7508,768.0490000000001,821.13875,
2005-08-25,831.37,843.88,843.93,827.02,2971158.34,csi1000,中证1000,799.3995,781.3451999999999,769.5,819.669,
2005-08-26,845.09,848.02,851.54,838.33,3096152.86,csi1000,中证1000,805.657,787.4944,771.0185,818.3078333333334,
2005-08-29,848.14,842.15,850.82,832.19,3013695.42,csi1000,中证1000,811.2695000000001,793.4848,772.2755,816.8791666666667,
2005-08-30,840.33,832.52,842.6,832.52,2501182.82,csi1000,中证1000,815.695,798.4216,773.3523333333334,815.1749166666666,
2005-08-31,831.0,850.73,850.95,823.71,2720483.3,csi1000,中证1000,820.637,803.4888000000001,773.7606666666667,813.5795,
2005-09-01,850.26,870.71,871.44,846.45,3656856.91,csi1000,中证1000,826.7940000000001,809.2847999999999,774.3253333333334,812.4038333333333,
2005-09-02,872.61,880.86,882.64,868.45,3867123.49,csi1000,中证1000,832.2295,815.6044,775.3396666666666,811.2655833333333,
2005-09-05,882.74,891.16,891.22,877.61,3080218.39,csi1000,中证1000,837.601,822.0548,776.4278333333333,810.3086666666666,
2005-09-06,893.59,864.93,898.55,862.82,3922936.59,csi1000,中证1000,840.8770000000001,826.8916,777.3873333333333,809.2374166666666,
2005-09-07,864.14,893.58,893.59,858.82,3569207.2,csi1000,中证1000,845.083,832.5592,779.1421666666666,808.4935833333333,
2005-09-08,896.17,897.37,899.89,881.57,4084904.21,csi1000,中证1000,849.0705,838.5512000000001,780.8078333333332,807.9084166666668,
2005-09-09,897.41,888.0,901.95,882.38,2915857.87,csi1000,中证1000,853.2985000000001,843.1852,782.432,807.4191666666667,
2005-09-12,888.84,894.16,894.21,883.78,2051689.09,csi1000,中证1000,856.4895,847.6024000000001,783.7826666666666,806.9472499999999,
2005-09-13,895.05,915.5,915.5,893.68,3154642.41,csi1000,中证1000,860.5899999999999,852.2460000000001,785.6073333333334,806.9435833333333,
2005-09-14,916.88,927.82,927.95,913.1,4268347.54,csi1000,中证1000,864.098,856.9804,787.5705,807.0423333333333,
2005-09-15,926.86,929.95,932.75,921.18,3664611.28,csi1000,中证1000,869.2744999999999,861.4736,789.8021666666666,807.0540833333332,
2005-09-16,929.08,930.41,931.71,919.4,2966946.61,csi1000,中证1000,874.4219999999999,866.5524,791.9806666666667,807.1141666666666,
2005-09-19,932.58,947.9,947.9,930.79,3633007.53,csi1000,中证1000,879.991,871.2547999999999,794.0643333333334,807.41875,
2005-09-20,950.67,947.28,951.7,936.32,4708887.34,csi1000,中证1000,886.3965000000001,875.8063999999999,796.3916666666667,807.7725833333333,
2005-09-21,942.73,933.81,946.03,933.45,4306509.65,csi1000,中证1000,891.537,878.8523999999999,798.5368333333333,808.3078333333334,
2005-09-22,927.85,892.08,929.01,879.44,3858553.85,csi1000,中证1000,893.9469999999999,881.4788000000001,800.3743333333333,808.401,
2005-09-23,885.94,874.67,895.15,874.67,2470351.98,csi1000,中证1000,895.2795,883.3672,802.5668333333334,808.0745000000001,
2005-09-26,873.95,884.29,884.52,868.28,1885136.72,csi1000,中证1000,897.3865,885.278,805.0558333333333,807.9745,
2005-09-27,884.26,859.63,887.34,859.43,2418509.75,csi1000,中证1000,898.742,886.8964,807.227,807.7530833333334,
2005-09-28,857.59,857.46,868.15,854.1,2012547.22,csi1000,中证1000,899.0785,887.9548,809.4003333333333,807.4079166666667,
2005-09-29,855.55,876.57,876.78,855.55,2373054.77,csi1000,中证1000,899.3715,889.2624000000001,811.809,807.0988333333333,
2005-09-30,876.92,870.96,876.92,869.23,2025483.49,csi1000,中证1000,898.8765000000001,890.18,814.546,806.5953333333333,
2005-10-10,870.25,859.08,870.25,857.13,1803455.86,csi1000,中证1000,897.2725,890.8572,817.2834999999999,805.9879166666667,
2005-10-11,857.27,879.88,880.13,853.72,1886938.18,csi1000,中证1000,898.0200000000001,892.7516,819.9386666666667,805.7713333333334,
2005-10-12,880.11,889.6,893.64,875.35,2047171.42,csi1000,中证1000,897.8209999999999,894.3063999999999,822.8995,805.4420833333332,
2005-10-13,890.44,886.08,893.38,882.2,2161941.92,csi1000,中证1000,897.2565000000001,894.9212,825.8078333333334,805.1898333333334,
2005-10-14,884.32,876.26,884.72,873.11,1851454.16,csi1000,中证1000,896.6695,894.7372,828.904,805.0925833333333,
2005-10-17,873.79,879.27,879.68,866.64,1669485.2,csi1000,中证1000,895.925,894.2616,832.408,805.1837499999999,
2005-10-18,878.94,897.45,897.66,878.94,2479574.81,csi1000,中证1000,895.0225,895.5624,836.0818333333333,805.4355833333334,
2005-10-19,897.73,891.35,906.31,889.94,2784692.22,csi1000,中证1000,893.1990000000002,895.4732,839.569,805.8224166666666,
2005-10-20,891.15,891.06,891.54,874.26,2275535.22,csi1000,中证1000,891.2545,895.2208,843.103,806.3641666666666,
2005-10-21,891.33,897.64,902.33,888.02,2265740.8,csi1000,中证1000,889.616,895.6064,846.4921666666667,807.1224166666666,
2005-10-24,896.58,897.36,899.72,890.94,1946045.17,csi1000,中证1000,887.0889999999999,895.7344,849.9083333333333,808.0209166666666,
2005-10-25,896.22,876.64,896.22,876.48,2040043.84,csi1000,中证1000,883.557,894.18,852.7006666666667,808.6017499999999,
2005-10-26,875.05,853.18,876.09,852.4,2267515.4,csi1000,中证1000,879.5255,891.1944,854.8528333333333,809.1262499999999,
2005-10-27,848.86,837.34,853.46,831.34,2108943.05,csi1000,中证1000,876.7885,887.49,856.7116666666666,809.3238333333334,
2005-10-28,839.37,806.56,839.37,794.02,2080815.0,csi1000,中证1000,873.383,882.536,858.1065,809.3595,
2005-10-31,803.01,812.45,815.65,799.61,1612590.21,csi1000,中证1000,869.7910000000002,877.118,859.4823333333334,809.7042500000001,
2005-11-01,810.97,804.35,810.97,789.02,1723265.44,csi1000,中证1000,867.027,871.4007999999999,860.4879999999999,809.9638333333334,
2005-11-02,804.15,826.51,828.83,804.15,2251458.31,csi1000,中证1000,865.4795,867.1088000000001,861.7316666666667,810.4174166666667,864.6727000000001
2005-11-03,826.04,818.95,830.39,813.85,1925940.95,csi1000,中证1000,862.5984999999998,864.1836,862.9213333333333,810.8335000000001,863.8175499999999
2005-11-04,818.21,826.77,827.21,808.89,1674602.37,csi1000,中证1000,860.3889999999999,862.2676000000001,863.8316666666667,811.2274999999998,862.8835
2005-11-07,827.48,837.67,837.91,823.15,1596636.54,csi1000,中证1000,859.3185,860.4028,864.7306666666666,811.7369166666667,862.0445
2005-11-08,837.9,846.56,846.91,831.2,1795778.27,csi1000,中证1000,857.6524999999999,859.88,865.5165,812.24625,861.2186
2005-11-09,847.17,842.77,851.6,842.7,2168394.15,csi1000,中证1000,855.311,859.2924,866.0716666666667,812.6479166666667,860.31425
2005-11-10,841.52,816.01,841.52,815.44,2375131.79,csi1000,中证1000,851.8075000000001,856.87,866.0448333333334,812.82725,859.2584999999999
2005-11-11,814.29,822.67,828.69,810.63,1747338.31,csi1000,中证1000,849.1279999999999,854.9384,866.3653333333333,813.1170000000001,858.24725
2005-11-14,820.64,827.48,827.48,816.91,1384955.16,csi1000,中证1000,846.5385,853.6744,866.3176666666666,813.6903333333333,857.23815
2005-11-15,827.42,821.06,833.82,815.59,1533962.1,csi1000,中证1000,842.719,851.3215999999999,866.1105000000001,814.0510833333333,856.28405
2005-11-16,820.29,827.59,827.74,805.37,1391521.37,csi1000,中证1000,839.531,848.8412,865.6093333333333,814.4310833333334,855.4887000000001
2005-11-17,827.17,828.65,832.99,823.34,1427822.45,csi1000,中证1000,836.4105,846.5440000000001,865.6465000000001,814.8959166666666,854.5914
2005-11-18,827.2,848.78,850.84,826.9,2661333.72,csi1000,中证1000,833.9675,845.4448,866.0018333333334,815.5751666666667,853.823
2005-11-21,851.66,855.43,856.39,848.72,1937010.52,csi1000,中证1000,831.8710000000001,844.4911999999999,866.3169999999999,816.2336666666667,853.15295
2005-11-22,854.89,833.59,855.19,833.58,1775171.64,csi1000,中证1000,829.7185,841.9368,866.5573333333334,816.71575,852.2896499999999
2005-11-23,832.1,841.31,841.91,828.41,1397492.73,csi1000,中证1000,829.125,839.9352,866.7291666666666,817.3890833333334,851.35615
2005-11-24,840.11,845.48,847.57,839.03,1599367.07,csi1000,中证1000,829.5319999999999,838.112,866.7558333333333,818.1279166666666,850.5080499999999
2005-11-25,845.83,847.34,847.59,841.11,1456071.39,csi1000,中证1000,831.5709999999999,836.1,866.7445,818.8815,849.7105499999999
2005-11-28,849.19,846.43,850.82,842.09,1406013.57,csi1000,中证1000,833.2700000000001,834.0628,866.8158333333334,819.5456666666666,848.9956499999998
2005-11-29,847.09,835.31,847.24,834.84,1568068.09,csi1000,中证1000,834.818,832.4096,866.8623333333333,820.1073333333334,848.3571500000002
2005-11-30,835.54,839.24,839.25,829.6,1810034.56,csi1000,中证1000,835.4545,831.852,866.6708333333333,820.21575,847.9325
2005-12-01,839.54,835.39,841.2,830.45,1348588.76,csi1000,中证1000,836.2764999999999,831.7739999999999,866.0821666666666,820.20375,847.5804499999999
2005-12-02,834.07,821.72,834.69,819.08,1370138.77,csi1000,中证1000,836.024,832.3804000000001,865.0965,820.2180833333333,846.8970999999999
2005-12-05,821.08,794.32,821.08,793.52,1441804.8,csi1000,中证1000,833.8565000000001,831.6552,863.4825,819.9551666666666,846.1844
2005-12-06,792.21,796.99,800.0,788.0,1070777.12,csi1000,中证1000,831.378,831.3607999999999,862.3501666666667,819.86875,845.4073999999999
2005-12-07,796.99,805.53,805.62,795.44,1088952.5,csi1000,中证1000,829.516,830.5216,860.8826666666666,820.0124166666667,844.6030999999999
2005-12-08,805.99,802.54,807.82,797.75,1198641.4,csi1000,中证1000,828.8425,829.8651999999998,859.3021666666667,820.055,843.74675
2005-12-09,802.66,816.96,818.11,799.27,1352711.8,csi1000,中证1000,828.557,829.4728,858.1181666666668,820.2750833333333,843.0115
2005-12-12,818.45,823.32,825.05,815.25,1378173.94,csi1000,中证1000,828.3489999999999,828.8988,856.9375,820.3600833333333,842.2100499999999
2005-12-13,823.34,822.53,823.34,812.25,1054002.14,csi1000,中证1000,828.4225,827.9376,855.388,820.4976666666666,841.2444
2005-12-14,822.53,831.8,832.09,816.84,1321135.72,csi1000,中证1000,828.633,827.4987999999998,853.7876666666667,820.6790833333332,840.2389
2005-12-15,831.64,824.61,835.82,823.76,1284669.67,csi1000,中证1000,828.4309999999999,827.8428,852.032,820.9170833333334,839.1852
2005-12-16,824.58,831.96,832.29,821.46,1240785.44,csi1000,中证1000,827.5899999999999,828.2144000000001,850.3911666666667,821.1859166666667,838.18295
2005-12-19,832.92,834.02,835.48,828.88,1201414.23,csi1000,中证1000,826.5195,828.4759999999999,848.4931666666666,821.2787500000001,837.2061500000001
2005-12-20,834.24,835.01,835.01,826.78,1151476.59,csi1000,中证1000,826.5905,829.0340000000001,846.622,821.5068333333334,836.2271499999999
2005-12-21,834.7,823.37,834.85,822.58,1116880.01,csi1000,中证1000,825.6935,828.8652000000001,844.7813333333332,821.6590833333333,835.2713500000001
2005-12-22,823.11,826.91,826.91,819.08,980930.81,csi1000,中证1000,824.765,828.7955999999999,843.6951666666666,822.03475,834.3046499999999
2005-12-23,826.99,834.72,834.74,826.04,1314246.44,csi1000,中证1000,824.134,828.2332000000001,843.0293333333334,822.7980833333334,833.4214499999999
2005-12-26,835.63,841.21,842.77,835.52,1633859.2,csi1000,中证1000,823.8729999999999,827.6644,842.3113333333333,823.6835833333333,832.5595500000001
2005-12-27,841.16,841.93,843.39,836.08,1403398.48,csi1000,中证1000,824.204,827.998,842.0163333333334,824.6216666666667,831.5840499999999
2005-12-28,842.11,844.07,844.18,838.84,1283324.65,csi1000,中证1000,824.4455,828.1084,841.7931666666667,825.5967499999999,830.5935000000001
2005-12-29,846.54,852.39,852.69,845.97,1879185.31,csi1000,中证1000,825.2955,828.3847999999999,841.3901666666666,826.5995833333334,829.7964999999999
2005-12-30,853.46,842.74,854.58,841.29,1675366.91,csi1000,中证1000,826.3465,828.2008000000001,840.9198333333333,827.7329166666666,828.9229500000001
2006-01-04,843.92,852.53,853.54,843.07,1644713.79,csi1000,中证1000,829.257,828.4448,840.8106666666666,829.0470833333333,828.15565
2006-01-05,852.53,865.7,865.7,852.53,2860486.69,csi1000,中证1000,832.6924999999999,829.6604000000001,840.5743333333334,830.2565,827.51675
2006-01-06,867.26,872.82,876.55,861.5,3312897.06,csi1000,中证1000,836.057,831.0036,840.2946666666667,831.5970833333333,826.96665
2006-01-09,875.19,886.66,886.83,873.48,3263816.2,csi1000,中证1000,840.2629999999999,833.0544,840.3043333333333,833.0560833333334,826.562
2006-01-10,886.79,889.15,889.39,876.64,2639767.42,csi1000,中证1000,843.8725000000001,835.7515999999999,840.5191666666667,834.7115833333334,826.2742
2006-01-11,888.87,880.91,889.62,876.2,2944713.25,csi1000,中证1000,846.7520000000001,839.2151999999999,840.5465,836.47725,825.9248
2006-01-12,879.94,899.81,899.96,879.07,3076944.31,csi1000,中证1000,850.616,843.328,840.5858333333333,838.3338333333334,825.8441499999999
2006-01-13,900.83,904.61,906.75,896.37,3329580.02,csi1000,中证1000,854.2565000000001,847.2912,840.8068333333334,840.1879166666666,825.7873499999998
2006-01-16,905.25,892.8,907.65,892.77,2949911.34,csi1000,中证1000,857.6659999999999,850.9016,840.8358333333333,841.9694166666667,825.60865
2006-01-17,890.61,891.54,894.04,885.57,2329987.83,csi1000,中证1000,860.6449999999999,853.8847999999999,840.7341666666666,843.6131666666666,825.4503500000001
2006-01-18,890.42,908.86,908.86,890.42,2981579.8,csi1000,中证1000,864.3870000000001,857.3063999999999,840.9258333333332,845.4170833333334,825.4378999999999
2006-01-19,910.27,914.31,914.42,901.92,3317354.97,csi1000,中证1000,868.3519999999999,860.9775999999999,841.5536666666667,847.1271666666667,825.48535
2006-01-20,914.78,908.66,914.78,904.26,3389254.88,csi1000,中证1000,872.6164999999999,864.052,842.4783333333332,848.6655833333333,825.68075
2006-01-23,909.96,909.73,910.06,897.04,3369268.57,csi1000,中证1000,876.7575,867.4567999999999,843.6848333333334,850.1982499999999,825.8249000000001
2006-01-24,910.74,903.84,914.68,903.79,3305868.25,csi1000,中证1000,880.2134999999998,870.332,845.3061666666666,851.7063333333334,825.77485
2006-01-25,902.82,887.72,905.64,884.17,3160232.59,csi1000,中证1000,882.539,872.48,846.5606666666666,853.0215000000001,825.732
2006-02-06,889.41,909.47,909.48,889.41,2685013.2,csi1000,中证1000,885.9159999999999,875.4584,848.3126666666667,854.4003333333333,825.8483500000001
2006-02-07,911.13,915.25,915.43,903.0,3854008.86,csi1000,中证1000,889.475,879.1336,849.7916666666666,855.7616666666667,825.9302
2006-02-08,914.82,924.71,924.71,910.68,3067346.33,csi1000,中证1000,893.091,883.0455999999999,851.5543333333334,857.2378333333332,825.98545
2006-02-09,926.21,914.4,926.21,913.0,2839469.92,csi1000,中证1000,896.674,886.2328,853.0148333333333,858.4232499999999,825.90055
2006-02-10,916.83,925.09,925.22,913.93,2610968.42,csi1000,中证1000,900.302,889.5880000000001,854.4718333333333,859.60125,825.86615
2006-02-13,926.24,926.47,926.47,913.08,2827185.34,csi1000,中证1000,903.3404999999999,892.9695999999999,855.8036666666667,860.6600833333334,825.9691499999999
2006-02-14,926.52,934.09,934.98,923.86,2810255.39,csi1000,中证1000,906.4039999999999,896.5704,857.3256666666667,861.6986666666667,825.99405
2006-02-15,936.93,935.77,938.51,931.3,3321186.98,csi1000,中证1000,908.8594999999999,899.9055999999999,859.3216666666666,862.68325,826.0911500000001
2006-02-16,935.87,914.0,935.87,913.47,3843756.23,csi1000,中证1000,910.1020000000001,902.7559999999999,860.8438333333332,863.6045833333334,826.2215000000001
2006-02-17,914.0,907.71,920.12,904.93,3099004.59,csi1000,中证1000,911.442,904.9631999999999,862.181,864.2493333333333,826.4184
2006-02-20,905.91,899.59,908.11,898.59,2467924.93,csi1000,中证1000,911.4309999999999,906.3187999999999,863.4898333333333,864.8001666666665,826.5802
2006-02-21,898.26,918.34,918.49,886.79,2861793.1,csi1000,中证1000,912.1175,908.1396,865.0023333333334,865.3058333333335,826.9472499999999
2006-02-22,919.13,919.56,927.41,916.27,3239813.47,csi1000,中证1000,913.4555,909.4556,866.5175,866.082,827.4148
2006-02-23,918.49,920.87,920.96,908.52,2718378.2,csi1000,中证1000,914.9219999999999,910.7244000000001,867.7189999999999,866.8604166666667,827.9859000000001
2006-02-24,920.78,926.62,926.62,918.37,2590107.59,csi1000,中证1000,915.8100000000001,912.5528000000002,868.9055000000001,867.6112499999999,828.6713000000001
2006-02-27,926.74,926.48,928.99,921.35,2801869.07,csi1000,中证1000,916.4185000000001,913.6196000000001,870.4536666666667,868.5055,829.2689999999999
2006-02-28,924.96,929.38,929.57,910.94,2875042.67,csi1000,中证1000,917.4545,914.6103999999999,871.9215,869.3253333333333,829.9647
2006-03-01,929.3,936.7,936.74,927.02,2683680.05,csi1000,中证1000,918.8030000000001,916.3664,873.4418333333334,870.0988333333333,830.58005
2006-03-02,937.07,917.95,937.07,913.73,3175980.56,csi1000,中证1000,919.5085000000001,917.4227999999999,874.6186666666667,870.6815833333334,831.1583999999999
2006-03-03,915.81,918.01,919.77,904.53,2612269.12,csi1000,中证1000,921.0229999999999,917.7887999999999,875.8116666666666,871.3137499999999,831.8930499999999
2006-03-06,918.54,915.66,920.49,912.38,1958920.98,csi1000,中证1000,921.3325000000001,917.8428,877.1508333333334,872.0065833333334,832.60535
2006-03-07,915.29,889.0,915.33,887.6,2430341.93,csi1000,中证1000,920.0200000000001,917.0564000000002,877.9801666666667,872.3255,833.18995
2006-03-08,884.89,889.97,892.11,877.08,2204339.9,csi1000,中证1000,918.283,916.266,878.8898333333334,872.4860000000001,833.7947
2006-03-09,889.54,884.03,892.52,881.72,1682469.79,csi1000,中证1000,916.7645,915.4736000000001,879.9283333333334,872.5124166666667,834.3174
2006-03-10,884.18,885.41,889.53,881.84,1678766.47,csi1000,中证1000,914.7805000000001,915.3812000000001,881.4465,872.4645,834.86175
2006-03-13,884.66,892.68,892.68,883.3,1567895.89,csi1000,中证1000,913.091,914.7095999999999,883.0413333333332,872.6957500000001,835.39795
2006-03-14,893.14,895.8,895.82,887.44,2025898.97,csi1000,中证1000,911.1765000000001,913.9316,884.5458333333333,872.7142500000001,835.9040999999999
2006-03-15,894.17,902.74,902.74,892.49,1891710.89,csi1000,中证1000,909.525,913.0527999999999,886.2158333333333,872.759,836.4453500000001
2006-03-16,902.64,903.93,904.16,898.24,1937201.9,csi1000,中证1000,909.0215000000001,912.6339999999999,887.6653333333333,872.89175,837.0255000000001
2006-03-17,903.34,899.39,904.61,894.56,2043512.37,csi1000,中证1000,908.6055,911.6059999999999,888.9331666666666,872.9353333333333,837.7290500000001
2006-03-20,899.4,908.36,908.39,893.1,2106510.75,csi1000,中证1000,909.0440000000001,910.8816,890.3636666666666,872.8758333333334,838.382
2006-03-21,908.79,911.14,915.29,906.26,2606234.66,csi1000,中证1000,908.684,909.9636,891.6859999999999,872.7368333333333,839.0277500000001
2006-03-22,910.63,920.3,920.3,908.92,2811037.96,csi1000,中证1000,908.7209999999999,909.3448,893.2808333333334,872.6564166666667,839.7649
2006-03-23,920.84,931.18,932.53,920.0,3442308.26,csi1000,中证1000,909.2365,910.0319999999999,894.9345,872.6628333333333,840.58445
2006-03-24,932.31,921.31,932.31,920.53,2906458.27,csi1000,中证1000,908.9709999999999,910.576,896.3893333333333,872.44125,841.3089499999999
2006-03-27,921.84,931.03,931.03,916.63,2573428.89,csi1000,中证1000,909.1984999999999,911.8336,897.9896666666666,872.3058333333335,842.0853999999999
2006-03-28,931.48,933.3,934.34,928.26,2780596.07,csi1000,中证1000,909.3945,912.432,899.8218333333334,872.3015833333333,842.94935
2006-03-29,933.32,931.04,940.13,929.44,3151692.74,csi1000,中证1000,909.1115,912.8911999999999,901.5573333333334,872.62625,843.8204499999999
2006-03-30,931.71,923.95,931.84,923.12,2879474.61,csi1000,中证1000,909.4114999999999,913.0144,903.0445,873.0369166666666,844.65565
2006-03-31,921.76,923.19,924.48,913.56,2521564.94,csi1000,中证1000,909.6705,912.8771999999999,904.4108333333334,873.3610833333333,845.43795
2006-04-03,924.14,936.34,936.34,924.14,3323740.63,csi1000,中证1000,910.7045,913.2715999999999,905.9843333333333,874.0003333333333,846.2801
2006-04-04,937.85,947.25,947.32,932.98,3882960.15,csi1000,中证1000,913.6169999999998,913.9864,907.704,874.7485833333334,846.8852
2006-04-05,947.83,955.0,955.06,944.05,3791520.32,csi1000,中证1000,916.8684999999999,914.7184,909.4141666666667,875.4021666666666,847.47605
2006-04-06,956.56,952.32,960.56,948.08,3900245.87,csi1000,中证1000,920.2829999999998,916.0931999999999,911.2405,876.0801666666667,848.13765
2006-04-07,952.04,961.44,961.46,948.15,4051389.39,csi1000,中证1000,924.0844999999999,917.8304,913.0556666666668,876.9331666666666,848.8155
2006-04-10,961.62,980.27,980.27,960.45,4255021.59,csi1000,中证1000,928.4640000000002,920.4148,914.9651666666666,877.7697499999999,849.68005
2006-04-11,982.68,982.14,984.77,969.89,4436562.13,csi1000,中证1000,932.781,924.1404000000001,916.7871666666666,878.5409166666667,850.6493
2006-04-12,982.04,986.35,991.17,976.3,4226949.42,csi1000,中证1000,936.9615,927.9956,918.4486666666668,879.3765000000001,851.5939
2006-04-13,987.27,960.33,993.01,960.04,4674002.55,csi1000,中证1000,939.7815,931.0476000000001,919.635,880.0770833333333,852.4428
2006-04-14,957.59,977.09,977.29,951.05,3576208.72,csi1000,中证1000,943.6665,934.7148,921.2379999999999,880.8922500000001,853.26265
2006-04-17,979.77,988.19,990.93,976.48,4306232.52,csi1000,中证1000,947.658,938.5352,922.711,881.6484166666667,854.1735000000001
2006-04-18,988.98,986.35,990.57,981.65,3413862.66,csi1000,中证1000,951.4185000000001,942.1572,924.0733333333334,882.4400833333333,855.0551
2006-04-19,989.18,982.99,989.18,971.6,3854213.94,csi1000,中证1000,954.5530000000001,945.3672,925.5764999999999,883.2061666666667,855.9898
2006-04-20,983.76,970.81,983.76,963.9,4036906.69,csi1000,中证1000,956.5345000000001,948.0424,926.8976666666666,883.8159166666667,856.84535
2006-04-21,968.85,972.54,975.83,959.41,4297991.87,csi1000,中证1000,959.0959999999999,950.9684,927.9590000000001,884.4424166666668,857.59365
2006-04-24,971.41,950.93,971.41,944.78,4773367.24,csi1000,中证1000,960.091,952.6712,928.5693333333332,885.0615,858.3100999999999
2006-04-25,943.63,945.52,949.75,929.69,4047309.67,csi1000,中证1000,960.702,954.0464,929.1836666666667,885.831,859.0121999999999
2006-04-26,943.11,956.2,958.75,940.58,4494721.05,csi1000,中证1000,961.96,955.4824000000001,929.9581666666667,886.8215,859.88405
2006-04-27,955.52,957.59,959.34,944.94,4148188.58,csi1000,中证1000,963.642,956.5388,930.854,888.0800833333334,860.9564
2006-04-28,945.09,965.29,969.38,937.75,4417299.52,csi1000,中证1000,965.7470000000001,958.298,932.1468333333333,889.35375,862.1080999999999
2006-05-08,967.83,993.2,993.2,967.83,4435952.14,csi1000,中证1000,968.5900000000001,960.7848000000001,933.5423333333333,890.9275,863.4273
2006-05-09,997.28,1022.82,1022.82,992.63,5892553.59,csi1000,中证1000,972.3685000000002,964.3656000000001,935.3351666666666,892.5634166666666,864.9061
2006-05-10,1026.97,1037.93,1042.28,1016.79,6449033.84,csi1000,中证1000,976.5150000000001,968.6412000000001,937.2221666666667,894.38825,866.4354999999999
2006-05-11,1041.02,1033.48,1064.93,1033.45,7907109.74,csi1000,中证1000,980.5730000000001,973.0224000000001,939.2068333333333,896.1108333333334,868.0692
2006-05-12,1032.96,1066.17,1066.23,1029.74,6572317.57,csi1000,中证1000,985.8095,978.7416000000001,941.5581666666668,898.0149999999999,869.9259000000001
2006-05-15,1073.24,1108.9,1109.05,1062.06,8307746.98,csi1000,中证1000,992.241,985.6440000000001,944.5986666666666,900.2011666666666,871.86755
2006-05-16,1115.56,1080.74,1122.47,1073.04,7949402.81,csi1000,中证1000,997.1709999999999,990.9836,947.0428333333333,902.18425,873.7114999999999
2006-05-17,1076.33,1101.69,1103.57,1072.38,6495640.81,csi1000,中证1000,1002.9380000000001,996.8512000000001,949.8081666666666,904.5649166666666,875.66205
2006-05-18,1103.46,1121.48,1125.56,1091.87,6103071.44,csi1000,中证1000,1010.9955,1003.6176,953.2661666666667,907.055,877.817
2006-05-19,1124.23,1153.64,1156.92,1121.23,6728615.64,csi1000,中证1000,1019.823,1011.3056,957.365,909.773,880.2400499999999
2006-05-22,1161.11,1183.7,1191.25,1157.65,6714507.64,csi1000,中证1000,1029.5985,1019.4428,962.1001666666666,912.7950000000001,882.77345
2006-05-23,1185.41,1138.82,1185.41,1138.78,6733916.88,csi1000,中证1000,1037.222,1025.71,965.7748333333334,915.3885833333333,885.05695
2006-05-24,1141.73,1119.44,1162.7,1092.68,5912697.26,csi1000,中证1000,1044.0445,1031.0336,969.1061666666667,917.8118333333333,887.2590500000001
2006-05-25,1118.92,1140.35,1143.25,1116.47,4457516.87,csi1000,中证1000,1052.5215,1038.2344,972.7641666666666,920.2415833333333,889.48935
2006-05-26,1146.03,1170.28,1170.28,1146.03,4723733.41,csi1000,中证1000,1062.4085,1045.962,976.8251666666667,922.8653333333333,891.8788
2006-05-29,1178.22,1198.81,1199.35,1171.09,4946920.55,csi1000,中证1000,1074.8025000000002,1054.3868,981.364,925.9088333333333,894.3273499999999
2006-05-30,1204.46,1218.73,1218.73,1196.49,5363735.5,csi1000,中证1000,1088.4630000000002,1063.682,986.1864999999999,929.054,896.80075
2006-05-31,1221.39,1224.03,1235.35,1211.39,6540851.69,csi1000,中证1000,1101.8545,1073.3236,990.9753333333334,932.2085833333333,899.29185
2006-06-01,1224.77,1278.24,1278.72,1224.56,7587386.81,csi1000,中证1000,1117.8870000000002,1085.6208,996.9801666666666,935.7994166666667,902.0686999999999
2006-06-02,1287.26,1287.82,1300.09,1273.43,7283340.75,csi1000,中证1000,1134.0135,1098.2320000000002,1003.1436666666667,939.4776666666666,904.8583
2006-06-05,1297.44,1323.45,1323.45,1284.51,6947884.28,csi1000,中证1000,1150.526,1113.1328,1009.9401666666666,943.5455000000001,907.7555
2006-06-06,1325.08,1322.52,1333.93,1315.82,6160504.11,csi1000,中证1000,1165.511,1128.2128,1017.1655,947.5728333333333,910.6086499999999
2006-06-07,1323.54,1244.92,1324.51,1244.8,6608005.52,csi1000,中证1000,1175.8605,1139.7616,1023.0813333333333,950.9855833333332,913.0954
2006-06-08,1234.6,1242.22,1245.39,1204.25,5258641.23,csi1000,中证1000,1186.2975000000001,1151.1468,1029.0511666666666,954.48975,915.44575
2006-06-09,1236.39,1214.09,1250.16,1213.99,5538803.8,csi1000,中证1000,1193.6935,1161.0988,1034.5291666666667,957.9878333333334,917.5975500000001
2006-06-12,1205.7,1211.76,1220.67,1196.33,3523444.57,csi1000,中证1000,1198.8365,1169.8411999999998,1039.8471666666667,961.44425,919.6592999999999
2006-06-13,1209.87,1220.09,1227.22,1200.46,3620163.39,csi1000,中证1000,1205.804,1177.732,1045.252,964.8989166666667,921.7124500000001
2006-06-14,1217.56,1218.23,1218.34,1198.89,3450927.22,csi1000,中证1000,1211.6309999999999,1184.944,1050.5101666666667,968.363,923.7155
2006-06-15,1218.82,1227.78,1238.12,1218.82,3241791.21,csi1000,中证1000,1216.946,1192.716,1055.9076666666667,971.7865,925.8372
2006-06-16,1238.37,1254.81,1255.87,1237.44,4104586.25,csi1000,中证1000,1222.0045,1200.2616,1061.8313333333333,975.3822500000001,927.9595499999999
2006-06-19,1244.4,1268.85,1274.46,1237.99,4365190.43,csi1000,中证1000,1226.262,1206.6596,1067.8395,979.1015833333332,930.13635
2006-06-20,1267.71,1285.23,1285.62,1261.31,4504936.38,csi1000,中证1000,1233.5825,1214.8392000000001,1074.0743333333332,982.8801666666667,932.2742
2006-06-21,1285.51,1278.46,1292.95,1271.72,4958910.95,csi1000,中证1000,1241.5335,1221.91,1080.0436666666667,986.66225,934.5344
2006-06-22,1275.1,1280.87,1283.55,1265.53,4392574.66,csi1000,中证1000,1248.5594999999998,1228.2856,1085.8718333333334,990.4031666666667,936.8014499999999
2006-06-23,1278.75,1297.75,1299.26,1270.54,4456676.41,csi1000,中证1000,1254.933,1234.05,1092.1458333333333,994.2675833333332,939.1075999999999
2006-06-26,1301.32,1319.45,1319.58,1301.32,4287421.95,csi1000,中证1000,1260.965,1239.48,1098.6195,998.3045833333333,941.609
2006-06-27,1323.53,1325.17,1326.83,1312.08,4607735.39,csi1000,中证1000,1266.2869999999998,1246.934,1105.1506666666667,1002.48625,944.07985
2006-06-28,1323.77,1326.39,1329.79,1318.79,3859489.91,csi1000,中证1000,1271.405,1255.2120000000002,1111.7398333333333,1006.6485833333334,946.4924000000001
2006-06-29,1325.79,1349.11,1350.68,1325.79,5428632.66,csi1000,中证1000,1274.9485,1263.5623999999998,1118.8258333333333,1010.9351666666666,948.9978499999999
2006-06-30,1353.62,1336.66,1356.09,1329.56,4523079.16,csi1000,中证1000,1277.3905,1270.2176,1125.717,1015.0639166666667,951.4703999999999
2006-07-03,1336.16,1356.29,1356.29,1332.92,3883976.68,csi1000,中证1000,1279.0324999999998,1276.5167999999999,1132.7161666666666,1019.35025,954.08925
2006-07-04,1359.22,1348.17,1361.98,1336.4,4610397.07,csi1000,中证1000,1280.315,1281.6944,1139.3981666666666,1023.5510833333334,956.57645
2006-07-05,1346.89,1345.33,1348.88,1322.65,3525340.72,csi1000,中证1000,1285.3355,1286.5464,1145.9036666666666,1027.6589166666665,958.94955
2006-07-06,1346.36,1382.23,1382.23,1346.36,4532567.62,csi1000,中证1000,1292.3359999999998,1290.706,1153.0688333333333,1032.1546666666666,961.4564
2006-07-07,1387.59,1383.65,1392.02,1378.36,4647032.86,csi1000,中证1000,1300.8139999999999,1294.5392,1160.1056666666668,1036.5806666666667,963.9188499999999
2006-07-10,1386.82,1405.09,1406.56,1380.21,4110272.41,csi1000,中证1000,1310.4805000000001,1297.8048,1167.1860000000001,1041.0755833333335,966.61965
2006-07-11,1407.13,1417.3,1417.3,1399.26,4409090.76,csi1000,中证1000,1320.341,1301.596,1174.4386666666667,1045.6129166666667,969.23825
2006-07-12,1422.13,1415.93,1433.35,1415.36,4853046.06,csi1000,中证1000,1330.226,1308.4364,1181.5983333333331,1050.0235,971.8310500000001
2006-07-13,1410.22,1314.4,1410.22,1314.4,6273860.81,csi1000,中证1000,1334.5570000000002,1311.3236,1187.4995000000001,1053.56725,973.9630500000001
2006-07-14,1296.64,1325.64,1339.07,1290.61,3763373.35,csi1000,中证1000,1338.0985,1315.7856,1193.3086666666668,1057.2733333333333,976.12045
2006-07-17,1323.12,1351.16,1351.16,1315.53,3299064.5,csi1000,中证1000,1342.2140000000002,1321.3616,1199.3581666666664,1061.0345833333333,978.29875
2006-07-18,1350.16,1362.29,1362.29,1337.06,3275861.72,csi1000,中证1000,1346.0670000000002,1327.0495999999998,1205.6238333333336,1064.8485833333334,980.4711
2006-07-19,1358.53,1337.53,1358.69,1323.66,3592577.12,csi1000,中证1000,1349.0205,1331.8216,1211.5328333333334,1068.5546666666667,982.5089999999999
2006-07-20,1334.37,1350.85,1354.64,1331.07,3327454.97,csi1000,中证1000,1352.5194999999999,1336.7444,1217.8668333333335,1072.38225,984.6112
2006-07-21,1348.66,1352.62,1356.68,1346.72,2610585.29,csi1000,中证1000,1355.2630000000001,1340.6568,1224.2015,1076.08025,986.6347999999999
2006-07-24,1325.48,1350.75,1352.08,1315.28,2744817.3,csi1000,中证1000,1356.828,1343.9328,1230.8651666666667,1079.7172500000001,988.65215
2006-07-25,1351.32,1369.89,1375.03,1351.32,3028699.34,csi1000,中证1000,1359.064,1347.3192,1237.9379999999999,1083.5608333333334,990.8325499999999
2006-07-26,1372.85,1383.19,1388.7,1366.77,3239212.26,csi1000,中证1000,1361.904,1351.5084,1245.0545,1087.5063333333335,993.2881
2006-07-27,1383.27,1375.14,1392.35,1362.88,3288848.18,csi1000,中证1000,1363.2055,1355.2792000000002,1252.0136666666667,1091.4338333333333,995.79045
2006-07-28,1377.95,1366.58,1381.91,1344.06,3632117.28,csi1000,中证1000,1364.7015000000001,1358.0323999999998,1258.7018333333333,1095.4243333333332,998.2019
2006-07-31,1360.12,1309.66,1360.12,1309.58,3195956.21,csi1000,中证1000,1362.3700000000001,1357.6408,1263.9761666666666,1098.75925,1000.45205
2006-08-01,1307.4,1286.35,1318.24,1282.36,2357900.31,csi1000,中证1000,1359.279,1356.0880000000002,1268.3683333333333,1101.8517500000003,1002.5965
2006-08-02,1282.94,1273.41,1290.58,1254.67,2077942.56,csi1000,中证1000,1355.683,1353.9688,1272.2930000000001,1104.757583333333,1004.5807000000001
2006-08-03,1273.68,1269.58,1281.61,1257.85,1588467.86,csi1000,中证1000,1350.0505,1350.7876,1276.228,1107.7174166666666,1006.5737999999999
2006-08-04,1269.34,1221.2,1276.33,1220.34,2325315.5,csi1000,中证1000,1341.928,1346.1692,1278.8118333333334,1110.185,1008.3844
2006-08-07,1215.35,1185.39,1215.35,1182.42,2100674.47,csi1000,中证1000,1330.943,1339.3332,1280.0866666666666,1112.3426666666667,1009.9119499999999
2006-08-08,1180.7,1226.9,1226.91,1180.7,2377236.05,csi1000,中证1000,1321.423,1334.4823999999999,1282.5226666666667,1114.7827499999999,1011.59845
2006-08-09,1228.25,1234.1,1241.82,1218.67,2413562.56,csi1000,中证1000,1312.3315,1330.0332,1284.7295000000001,1117.2688333333333,1013.3385499999999
2006-08-10,1233.8,1253.95,1253.95,1232.0,2070117.42,csi1000,中证1000,1309.309,1324.902,1286.9373333333335,1120.1017500000003,1015.227
2006-08-11,1255.11,1261.15,1264.38,1247.58,1926624.33,csi1000,中证1000,1306.0845,1320.0020000000002,1288.7291666666667,1123.0470833333334,1017.1364
2006-08-14,1259.64,1219.08,1263.17,1216.36,2371512.04,csi1000,中证1000,1299.4805000000001,1312.5616,1289.3188333333333,1125.7095,1018.74455
2006-08-15,1216.7,1243.47,1243.47,1208.59,2000401.63,csi1000,中证1000,1293.5394999999999,1305.6084,1291.0629999999999,1128.4189166666665,1020.50515
2006-08-16,1242.99,1262.19,1262.49,1236.21,2308030.57,csi1000,中证1000,1289.7725,1299.4588,1293.4421666666667,1131.2741666666666,1022.3608
2006-08-17,1261.35,1255.46,1261.35,1240.86,2109544.01,csi1000,中证1000,1285.0030000000002,1297.1012,1295.3606666666667,1134.0624166666666,1024.1499000000001
2006-08-18,1253.58,1246.44,1261.41,1245.08,2007166.39,csi1000,中证1000,1279.694,1293.9332,1296.63,1136.7275833333333,1025.8953
2006-08-21,1206.07,1258.16,1258.62,1194.68,2254301.03,csi1000,中证1000,1275.0645,1290.2132,1297.6191666666666,1139.4915833333332,1027.8029000000001
2006-08-22,1256.34,1271.19,1276.42,1253.03,2400915.22,csi1000,中证1000,1270.1295,1286.5692,1298.4935,1142.34,1029.8929500000002
2006-08-23,1271.6,1268.33,1277.55,1262.95,2522188.29,csi1000,中证1000,1264.3865,1283.8011999999999,1299.2318333333335,1145.1035833333335,1032.0479
2006-08-24,1267.61,1286.41,1286.41,1259.42,2382438.0,csi1000,中证1000,1259.95,1281.2236,1299.368,1148.174083333333,1034.44715
2006-08-25,1286.5,1286.58,1294.27,1282.87,2486167.72,csi1000,中证1000,1255.95,1278.582,1299.3473333333336,1151.2455,1036.8178
2006-08-28,1289.35,1316.24,1316.24,1289.35,3165022.49,csi1000,中证1000,1256.279,1277.2016,1299.2271666666666,1154.5836666666667,1039.37725
2006-08-29,1317.69,1315.66,1335.85,1315.52,4034959.31,csi1000,中证1000,1257.7445,1275.0323999999998,1299.1128333333334,1158.1391666666668,1041.823
2006-08-30,1313.27,1329.2,1329.2,1307.44,2653764.81,csi1000,中证1000,1260.534,1272.8728,1300.5175000000002,1161.799416666667,1044.37425
2006-08-31,1330.57,1336.31,1336.57,1322.66,2950402.64,csi1000,中证1000,1263.8705,1271.3196,1302.0856666666666,1165.5684166666667,1046.92195
2006-09-01,1332.59,1310.68,1337.11,1305.56,2951391.46,csi1000,中证1000,1268.3445,1269.0836,1303.6955,1169.1123333333335,1049.287
2006-09-04,1315.56,1343.19,1343.19,1314.5,2932205.97,csi1000,中证1000,1276.2345,1270.4248,1305.886,1172.8665833333332,1051.77015
2006-09-05,1343.04,1344.89,1349.76,1338.23,3091883.01,csi1000,中证1000,1282.134,1272.7664,1307.9660000000001,1176.609,1054.28075
2006-09-06,1344.73,1355.48,1355.48,1336.68,2675705.97,csi1000,中证1000,1288.203,1276.0492000000002,1310.2534999999998,1180.3818333333334,1056.9781
2006-09-07,1355.89,1334.17,1355.89,1326.94,2579209.13,csi1000,中证1000,1292.214,1278.6328,1312.0266666666664,1183.9671666666666,1059.5356
2006-09-08,1332.27,1337.72,1344.37,1331.84,2069245.07,csi1000,中证1000,1296.0425,1283.2936,1313.4085,1187.6199166666668,1062.0868
2006-09-11,1338.92,1348.99,1348.99,1323.45,2473712.69,csi1000,中证1000,1302.538,1289.8375999999998,1314.7441666666668,1191.2918333333332,1064.7264499999999
2006-09-12,1350.77,1356.04,1359.82,1346.35,2633091.81,csi1000,中证1000,1308.1665,1295.0032,1315.9243333333332,1194.9993333333334,1067.3687
2006-09-13,1355.26,1339.06,1357.8,1338.13,2842591.69,csi1000,中证1000,1312.01,1299.2016,1316.9343333333334,1198.4890000000003,1069.92075
2006-09-14,1336.58,1341.53,1341.53,1321.26,2567299.67,csi1000,中证1000,1316.3135,1302.7048,1317.9453333333333,1201.9085833333334,1072.3845
2006-09-15,1340.74,1354.52,1356.31,1339.53,2732696.58,csi1000,中证1000,1321.7175000000002,1306.4396000000002,1318.8915000000002,1205.5186666666666,1074.87995
2006-09-18,1357.56,1375.47,1375.47,1356.76,2868758.93,csi1000,中证1000,1327.583,1312.6951999999999,1319.8251666666665,1209.2223333333334,1077.5893500000002
2006-09-19,1378.18,1378.55,1386.24,1370.35,3135723.22,csi1000,中证1000,1332.951,1318.0983999999999,1320.7148333333332,1212.93275,1080.27555
2006-09-20,1379.5,1385.26,1389.0,1368.72,3308405.23,csi1000,中证1000,1338.7975000000001,1323.0212,1321.696,1216.7179166666667,1082.9744500000002
2006-09-21,1384.75,1390.2,1391.53,1380.94,3171020.73,csi1000,中证1000,1343.987,1328.4108,1322.3808333333334,1220.6033333333332,1085.68875
2006-09-22,1389.28,1376.9,1389.55,1373.72,3058437.14,csi1000,中证1000,1348.5030000000002,1333.6292,1323.0515,1224.38425,1088.3411
2006-09-25,1374.25,1381.1,1386.56,1367.5,2493081.61,csi1000,中证1000,1351.746,1338.5467999999998,1323.465,1228.0905833333334,1091.0700499999998
2006-09-26,1379.17,1381.72,1382.91,1370.87,2743413.42,csi1000,中证1000,1355.0490000000002,1342.9679999999998,1324.0241666666666,1231.7111666666667,1093.78245
2006-09-27,1381.73,1391.08,1391.08,1379.05,2637117.82,csi1000,中证1000,1358.143,1347.8780000000002,1324.7866666666666,1235.3451666666665,1096.5609000000002
2006-09-28,1391.55,1399.31,1404.89,1389.12,2816528.48,csi1000,中证1000,1361.2930000000001,1352.394,1325.0713333333333,1239.0700833333333,1099.44885
2006-09-29,1399.83,1411.51,1411.51,1399.83,2963807.57,csi1000,中证1000,1366.3345,1357.3912,1325.5356666666667,1242.8206666666667,1102.5348
2006-10-09,1418.48,1433.79,1433.79,1417.93,3113051.49,csi1000,中证1000,1370.8645000000001,1362.0932,1326.014,1246.6,1105.7188
2006-10-10,1435.45,1439.84,1444.07,1427.0,3489905.6,csi1000,中证1000,1375.612,1367.0603999999998,1326.3896666666665,1250.4141666666667,1108.8903500000001
2006-10-11,1441.91,1446.87,1446.87,1430.36,3066747.81,csi1000,中证1000,1380.1815,1371.7672,1326.9053333333334,1254.2518333333333,1112.112
2006-10-12,1449.17,1434.16,1449.22,1433.37,3609569.79,csi1000,中证1000,1385.181,1375.6812000000002,1328.9013333333335,1258.2004166666668,1115.198
2006-10-13,1432.21,1442.02,1446.36,1427.65,3371285.28,csi1000,中证1000,1390.396,1380.9348,1330.841,1262.0748333333333,1118.2915
2006-10-16,1443.36,1440.44,1445.46,1433.36,3190547.15,csi1000,中证1000,1394.9685000000002,1384.8248,1332.3290000000002,1265.8435833333335,1121.3810500000002
2006-10-17,1439.22,1438.82,1445.95,1434.55,2770238.8,csi1000,中证1000,1399.1075,1388.582,1333.6045000000001,1269.6141666666667,1124.41615
2006-10-18,1438.01,1453.1,1453.1,1437.53,2907280.49,csi1000,中证1000,1404.8094999999998,1392.4868,1335.5306666666665,1273.5317499999999,1127.5586
2006-10-19,1452.36,1456.88,1458.5,1448.44,3374728.25,csi1000,中证1000,1410.577,1397.3952,1337.2978333333333,1277.582333333333,1130.6832000000002
2006-10-20,1456.1,1444.57,1459.95,1443.99,3314754.55,csi1000,中证1000,1415.0795,1401.6691999999998,1338.830333333333,1281.5159166666667,1133.73595
2006-10-23,1442.57,1405.31,1446.02,1396.86,3742847.91,csi1000,中证1000,1416.5714999999998,1403.922,1339.7396666666668,1285.3024166666664,1136.58745
2006-10-24,1402.99,1438.42,1439.22,1402.99,3312022.88,csi1000,中证1000,1419.565,1407.2172,1340.8818333333334,1289.4099166666667,1139.6626999999999
2006-10-25,1439.63,1426.44,1441.79,1414.5,3108297.6,csi1000,中证1000,1421.624,1410.7124000000001,1341.6026666666667,1293.3285833333332,1142.66035
2006-10-26,1426.44,1411.51,1426.44,1408.84,2435618.32,csi1000,中证1000,1422.6895,1413.5115999999998,1342.2088333333334,1297.1112499999997,1145.5443
2006-10-27,1410.16,1387.6,1410.52,1381.47,2459256.33,csi1000,中证1000,1423.2244999999998,1414.8348,1342.5591666666667,1300.6305,1148.27625
2006-10-30,1385.73,1382.04,1390.26,1361.53,2239740.77,csi1000,中证1000,1423.2715,1415.0975999999998,1343.7655000000002,1303.8708333333334,1150.9768
2006-10-31,1380.76,1396.96,1396.96,1379.41,2224612.26,csi1000,中证1000,1424.0335,1415.8340000000003,1345.6090000000002,1306.9886666666666,1153.74125
2006-11-01,1398.49,1403.52,1403.54,1390.27,2418010.05,csi1000,中证1000,1424.6555,1416.5644,1347.7775,1310.0352500000001,1156.4969
2006-11-02,1402.08,1397.88,1402.08,1384.55,2416552.77,csi1000,中证1000,1424.584,1416.8716,1349.9158333333332,1313.0719166666665,1159.2726
2006-11-03,1396.95,1405.0,1408.02,1396.6,2275027.09,csi1000,中证1000,1424.2585000000001,1417.9956,1352.9791666666667,1315.8954999999999,1162.03495
2006-11-06,1400.01,1400.54,1405.71,1392.01,2467408.85,csi1000,中证1000,1422.596,1418.7731999999999,1356.5649999999998,1318.3258333333333,1164.7091500000001
2006-11-07,1399.06,1379.31,1399.06,1364.99,2539438.05,csi1000,中证1000,1419.5695,1418.6768000000002,1359.105166666667,1320.8139166666665,1167.2416
2006-11-08,1379.27,1375.24,1379.32,1368.28,1734695.52,csi1000,中证1000,1415.988,1418.0432,1361.4575,1323.0935,1169.6845
2006-11-09,1373.66,1392.82,1393.73,1372.83,1895366.48,csi1000,中证1000,1413.921,1417.7836000000002,1363.7720000000002,1325.3546666666666,1172.2028500000001
2006-11-10,1393.05,1353.48,1396.01,1345.39,2280307.22,csi1000,中证1000,1409.4940000000001,1415.4624,1365.3108333333332,1327.02,1174.5656999999999
2006-11-13,1352.23,1306.78,1352.23,1301.17,2271463.68,csi1000,中证1000,1402.8110000000001,1410.382,1366.7725,1328.0456666666666,1176.60055
2006-11-14,1305.09,1325.16,1325.16,1289.52,1766974.03,csi1000,中证1000,1397.128,1405.7948000000001,1368.1340000000002,1329.5985,1178.7033000000001
2006-11-15,1324.46,1342.7,1342.7,1316.85,1688406.35,csi1000,中证1000,1391.608,1401.628,1369.4758333333334,1331.459,1180.9528
2006-11-16,1343.12,1321.5,1345.22,1320.77,2172912.27,csi1000,中证1000,1384.839,1397.1215999999997,1370.5765,1332.968583333333,1183.1026
2006-11-17,1318.96,1333.44,1333.44,1311.61,1721619.78,csi1000,中证1000,1379.2824999999998,1392.7784,1372.0265,1334.3282499999998,1185.2255
2006-11-20,1333.63,1322.59,1334.09,1313.71,2235253.48,csi1000,中证1000,1375.1465,1388.0644,1373.1003333333333,1335.35975,1187.2669
2006-11-21,1321.43,1330.85,1330.85,1306.28,2091175.69,csi1000,中证1000,1369.768,1383.7456,1374.0946666666669,1336.2940833333332,1189.37785
2006-11-22,1329.8,1340.4,1348.37,1324.25,2392870.93,csi1000,中证1000,1365.466,1379.2376000000002,1375.2958333333333,1337.2638333333334,1191.5312
2006-11-23,1339.62,1350.14,1350.14,1335.13,2329431.62,csi1000,中证1000,1362.3974999999998,1374.968,1376.358,1337.863,1193.7627
2006-11-24,1349.31,1362.57,1364.39,1339.6,2412092.99,csi1000,中证1000,1361.1460000000002,1371.688,1377.6245000000001,1338.4859166666668,1196.1369499999998
2006-11-27,1362.6,1386.25,1386.25,1362.27,2627776.47,csi1000,中证1000,1361.3565,1370.9256,1378.7913333333336,1339.00925,1198.5208499999999
2006-11-28,1388.59,1392.4,1397.76,1383.41,2507742.66,csi1000,中证1000,1361.1285,1369.0848,1380.0703333333333,1339.5915833333333,1200.9066
2006-11-29,1382.28,1402.46,1402.46,1365.65,2636423.22,csi1000,中证1000,1361.0755,1368.1256,1381.2913333333336,1340.9044166666667,1203.29535
2006-11-30,1403.56,1421.48,1424.46,1403.34,3644778.78,csi1000,中证1000,1362.2555,1368.5244,1382.7108333333335,1342.39825,1205.83075
2006-12-01,1424.68,1429.85,1434.67,1422.02,3943667.85,csi1000,中证1000,1363.498,1370.2143999999998,1384.697,1344.1962500000002,1208.35455
2006-12-04,1430.93,1450.57,1450.57,1430.93,4123759.96,csi1000,中证1000,1365.9995000000001,1372.9556,1386.4866666666667,1346.1863333333333,1210.97505
2006-12-05,1452.86,1461.38,1464.02,1441.31,4821322.07,csi1000,中证1000,1370.103,1375.5323999999998,1388.4281666666668,1348.1970833333332,1213.6115
2006-12-06,1459.75,1441.37,1463.11,1399.57,4911709.26,csi1000,中证1000,1373.4095,1377.0464000000002,1389.8596666666667,1350.0565833333333,1216.1395
2006-12-07,1437.75,1429.17,1450.31,1428.84,4301314.31,csi1000,中证1000,1375.227,1378.2980000000002,1391.443,1351.7348333333332,1218.71535
2006-12-08,1418.83,1380.1,1421.59,1380.1,3174170.31,csi1000,中证1000,1376.558,1377.3020000000001,1392.1493333333335,1352.7789166666666,1221.0773
2006-12-11,1375.73,1415.91,1415.96,1375.52,2538839.63,csi1000,中证1000,1382.0145,1377.9168,1393.2646666666665,1354.0044166666667,1223.6589
2006-12-12,1420.79,1420.93,1425.7,1400.91,2983842.67,csi1000,中证1000,1386.803,1379.5815999999998,1394.3461666666667,1355.13525,1226.17185
2006-12-13,1422.45,1427.68,1427.68,1407.05,2584825.6,csi1000,中证1000,1391.0520000000001,1381.6791999999998,1395.8231666666666,1356.3787499999999,1228.71245
2006-12-14,1426.93,1446.22,1446.66,1426.88,3209752.34,csi1000,中证1000,1397.288,1383.8152,1397.5679999999998,1357.7566666666667,1231.3392
2006-12-15,1450.8,1460.18,1460.18,1446.7,3647255.34,csi1000,中证1000,1403.625,1388.0832,1399.3290000000002,1359.11025,1234.007
2006-12-18,1466.18,1481.21,1483.33,1464.72,4430689.31,csi1000,中证1000,1411.556,1395.0603999999998,1401.0913333333333,1360.4582500000001,1236.78065
2006-12-19,1484.79,1493.62,1493.62,1458.63,4829546.25,csi1000,中证1000,1419.6945,1401.7988,1403.0091666666667,1361.862,1239.60185
2006-12-20,1481.44,1525.95,1525.95,1478.56,5199928.8,csi1000,中证1000,1428.9720000000002,1409.1288,1405.354,1363.525,1242.5481
2006-12-21,1526.3,1517.89,1542.09,1514.65,5455117.93,csi1000,中证1000,1437.3595,1416.9844,1407.482166666667,1364.9315,1245.5478
2006-12-22,1508.69,1507.89,1520.52,1490.95,4458973.03,csi1000,中证1000,1444.6254999999999,1423.9624000000001,1409.6653333333334,1366.3584166666667,1248.4972
2006-12-25,1518.75,1523.82,1529.23,1514.99,4651990.1,csi1000,中证1000,1451.504,1432.0116,1412.0440000000003,1367.7544999999998,1251.538
2006-12-26,1525.81,1507.07,1529.13,1492.64,4528880.89,csi1000,中证1000,1457.2375,1439.0604,1414.1331666666667,1369.0786666666668,1254.62835
2006-12-27,1507.07,1511.8,1512.24,1501.56,3890571.46,csi1000,中证1000,1462.7045,1445.9163999999998,1416.1451666666667,1370.4659166666665,1257.7375
2006-12-28,1511.62,1472.15,1512.61,1468.51,4129657.07,csi1000,中证1000,1465.2379999999998,1450.7967999999998,1417.3591666666666,1371.2152500000002,1260.6781
2006-12-29,1471.77,1485.1,1490.15,1471.77,3924797.35,csi1000,中证1000,1468.0004999999999,1455.6979999999999,1418.5856666666666,1372.0606666666667,1263.67655
2007-01-04,1492.67,1480.94,1497.24,1477.59,6277626.8,csi1000,中证1000,1469.519,1459.4856,1419.3715000000002,1372.69275,1266.61785
2007-01-05,1482.0,1517.5,1517.5,1477.3,6247472.72,csi1000,中证1000,1472.325,1464.4895999999999,1420.6658333333335,1373.52775,1269.7263500000001
2007-01-08,1517.74,1571.82,1571.82,1517.42,7902816.38,csi1000,中证1000,1478.8475,1471.264,1422.7483333333332,1374.8268333333333,1273.07175
2007-01-09,1584.3,1610.2,1611.22,1584.3,9212451.8,csi1000,中证1000,1487.899,1478.8128,1425.6823333333332,1377.2918333333334,1276.6031
2007-01-10,1616.76,1653.72,1653.72,1602.65,10236408.33,csi1000,中证1000,1501.58,1487.7676000000001,1429.2106666666666,1380.0258333333334,1280.37475
2007-01-11,1661.12,1669.98,1708.51,1653.69,12746709.22,csi1000,中证1000,1514.2835,1496.5439999999999,1433.0363333333335,1382.6826666666666,1284.1828500000001
2007-01-12,1663.19,1616.33,1682.19,1614.73,10545390.07,csi1000,中证1000,1524.0535,1502.7420000000002,1435.9948333333334,1384.7996666666668,1287.7087999999999
2007-01-15,1613.34,1683.9,1683.9,1613.34,8843868.11,csi1000,中证1000,1536.8645000000001,1512.4432000000002,1439.8415,1387.6860833333335,1291.5267999999999
2007-01-16,1686.53,1727.79,1727.79,1678.44,10837768.7,csi1000,中证1000,1550.9429999999998,1524.388,1444.3566666666666,1390.82725,1295.50985
2007-01-17,1730.0,1730.6,1771.33,1693.8,13338855.28,csi1000,中证1000,1564.4640000000002,1538.408,1449.1238333333336,1393.9770833333334,1299.5563
2007-01-18,1724.31,1776.39,1778.55,1713.78,12254174.73,csi1000,中证1000,1579.223,1552.8272,1455.3084999999999,1397.5240833333335,1303.7830999999999
2007-01-19,1782.17,1836.65,1836.65,1782.17,13845358.95,csi1000,中证1000,1596.3745000000001,1569.4560000000001,1461.9456666666665,1401.41375,1308.29985
2007-01-22,1844.55,1906.27,1906.27,1844.55,13902863.65,csi1000,中证1000,1615.3905,1588.5996000000002,1469.9428333333333,1405.77275,1313.1760000000002
2007-01-23,1915.15,1921.53,1926.44,1855.74,13796644.88,csi1000,中证1000,1635.5725,1607.612,1478.4431666666667,1410.3260000000002,1318.1639000000002
2007-01-24,1919.54,1926.33,1939.42,1906.71,11696607.82,csi1000,中证1000,1656.4945,1626.2580000000003,1487.4219999999998,1414.9905833333332,1323.1796
2007-01-25,1919.1,1853.94,1919.1,1852.0,11946084.29,csi1000,中证1000,1673.0005,1641.1672,1495.287,1419.52625,1327.7676
2007-01-26,1842.12,1860.58,1867.29,1779.53,10346898.39,csi1000,中证1000,1690.6760000000002,1655.8455999999999,1503.014,1424.3114999999998,1332.3342499999999
2007-01-29,1874.21,1924.46,1924.46,1874.21,9820649.63,csi1000,中证1000,1711.309,1671.786,1511.6963333333333,1429.736916666667,1337.18155
2007-01-30,1933.77,1910.42,1935.55,1895.78,10135443.14,csi1000,中证1000,1733.2224999999999,1687.4872,1520.2386666666666,1435.0772499999998,1341.97205
2007-01-31,1902.86,1830.29,1913.8,1818.08,9581008.12,csi1000,中证1000,1750.482,1700.3831999999998,1527.3268333333333,1440.153,1346.3163
2007-02-01,1810.77,1834.24,1843.22,1775.46,7936514.16,csi1000,中证1000,1768.1470000000002,1712.8,1534.5551666666668,1445.5600833333333,1350.5861499999999
2007-02-02,1838.66,1806.41,1855.12,1803.42,7976851.43,csi1000,中证1000,1782.5925,1724.7735999999998,1541.6734999999999,1450.3893333333333,1354.7075
2007-02-05,1806.42,1827.62,1838.17,1803.84,5651364.74,csi1000,中证1000,1795.3825000000002,1737.4064,1549.213166666667,1455.3353333333332,1358.9138500000001
2007-02-06,1833.99,1876.42,1876.42,1831.8,6481987.59,csi1000,中证1000,1808.6935,1753.5772,1557.2731666666666,1460.5225833333332,1363.4942999999998
2007-02-07,1882.69,1900.95,1900.95,1878.01,7715790.88,csi1000,中证1000,1821.0549999999998,1770.2112,1566.3976666666667,1465.8542499999999,1368.1136000000001
2007-02-08,1905.39,1936.74,1938.15,1900.52,8511972.96,csi1000,中证1000,1834.393,1788.4432000000002,1576.8970000000002,1471.8347500000002,1372.85635
2007-02-09,1939.59,1938.72,1950.5,1919.9,7694594.58,csi1000,中证1000,1850.5125,1805.2920000000001,1587.123,1477.6285,1377.6182000000001
2007-02-12,1940.85,1979.74,1979.74,1940.85,7301153.54,csi1000,中证1000,1865.3045000000002,1821.6088,1597.7403333333334,1483.6080833333333,1382.60195
2007-02-13,1987.08,2011.05,2011.05,1977.41,8076457.13,csi1000,中证1000,1879.4675,1837.6428,1609.2328333333332,1489.9046666666666,1387.80315
2007-02-14,2011.05,2052.67,2061.85,2011.05,9889087.27,csi1000,中证1000,1895.5710000000004,1853.6008000000002,1621.22,1496.62325,1393.2038
2007-02-15,2060.36,2112.06,2112.34,2060.36,11043820.72,csi1000,中证1000,1912.3545000000001,1871.2839999999999,1634.3778333333332,1503.7390833333334,1399.0094499999998
2007-02-16,2148.95,2165.07,2196.99,2146.48,13994950.34,csi1000,中证1000,1928.7755000000002,1893.2336000000003,1648.2815,1511.1880833333335,1405.1072
2007-02-26,2185.37,2271.81,2271.81,2167.58,12611899.44,csi1000,中证1000,1947.0524999999998,1916.75,1663.805,1519.5504166666665,1411.68525
2007-02-27,2281.21,2097.43,2310.12,2096.53,17630000.67,csi1000,中证1000,1955.8474999999999,1931.5356,1676.2598333333333,1526.3089166666666,1417.3844499999998
2007-02-28,2067.75,2199.83,2204.76,2067.75,13196094.94,csi1000,中证1000,1969.5224999999998,1950.3048000000001,1690.2141666666664,1533.9193333333335,1423.5571499999999
2007-03-01,2208.01,2172.81,2219.34,2135.91,14194853.55,csi1000,中证1000,1985.466,1966.1616000000001,1703.3234999999997,1541.0574166666668,1429.4551999999999
2007-03-02,2174.21,2211.79,2225.75,2172.14,10891722.79,csi1000,中证1000,2003.0265,1981.1672,1716.98,1548.5251666666666,1435.4000499999997
2007-03-05,2219.58,2225.25,2254.51,2147.15,11534140.98,csi1000,中证1000,2018.066,1993.9263999999998,1730.6931666666667,1555.9922499999998,1441.3366499999997
2007-03-06,2220.16,2231.35,2241.41,2196.77,8179406.02,csi1000,中证1000,2034.1125,2006.3192,1744.1909999999998,1563.4509166666664,1447.326
2007-03-07,2239.97,2288.4,2288.4,2239.97,9333571.82,csi1000,中证1000,2057.018,2020.802,1758.500166666667,1571.5985833333332,1453.43715
2007-03-08,2296.89,2344.16,2344.16,2279.48,10926326.8,csi1000,中证1000,2082.514,2040.4108,1773.3933333333334,1579.9399999999998,1459.61345
2007-03-09,2348.7,2366.49,2380.3,2313.66,12614492.87,csi1000,中证1000,2110.518,2060.6472,1788.4785,1588.4533333333336,1466.0422
2007-03-12,2368.94,2449.1,2449.1,2368.89,14296808.04,csi1000,中证1000,2141.5919999999996,2081.6328,1805.2740000000001,1597.5668333333333,1472.7792499999998
2007-03-13,2456.66,2481.59,2489.51,2448.6,13881004.59,csi1000,中证1000,2171.8505,2104.4796,1822.8143333333333,1607.1286666666667,1479.5798000000002
2007-03-14,2463.13,2475.98,2509.8,2388.34,13775725.02,csi1000,中证1000,2200.602,2130.3072,1841.079,1616.6141666666665,1486.1915
2007-03-15,2478.83,2531.94,2536.8,2477.88,12208139.95,csi1000,中证1000,2230.362,2158.2152,1859.6795,1626.4720833333333,1492.9326999999998
2007-03-16,2538.0,2485.45,2546.88,2452.74,13880736.41,csi1000,中证1000,2257.6984999999995,2185.3768,1877.4215,1635.8838333333333,1499.6658499999999
2007-03-19,2415.78,2538.3,2541.95,2402.11,11703392.87,csi1000,中证1000,2285.6265,2213.804,1895.9318333333333,1645.8774999999998,1506.7601499999998
2007-03-20,2546.74,2610.54,2611.73,2546.74,10520153.28,csi1000,中证1000,2315.601,2243.1688,1915.337166666667,1656.4525833333332,1514.1111
2007-03-21,2627.75,2659.3,2659.42,2607.94,12100805.48,csi1000,中证1000,2345.9325,2273.5028,1935.3224999999998,1667.32575,1521.5562
2007-03-22,2671.61,2677.63,2711.04,2667.82,14181876.13,csi1000,中证1000,2374.2110000000002,2303.1384,1955.2628333333334,1678.1770833333333,1528.9503
2007-03-23,2678.41,2708.89,2714.88,2639.82,14533000.75,csi1000,中证1000,2401.402,2333.9452,1975.5173333333332,1689.2632500000002,1536.4011
2007-03-26,2721.03,2784.11,2784.47,2721.03,14732391.3,csi1000,中证1000,2427.0170000000003,2366.12,1996.4866666666667,1700.9203333333332,1544.2015
2007-03-27,2788.57,2835.29,2835.29,2769.9,15177283.63,csi1000,中证1000,2463.9100000000003,2399.0896000000002,2018.4433333333334,1712.96275,1551.9867499999998
2007-03-28,2838.12,2816.99,2855.07,2694.06,18290006.31,csi1000,中证1000,2494.768,2429.6623999999997,2040.2616666666665,1724.9635,1559.6326
2007-03-29,2813.11,2702.91,2813.84,2702.27,14490279.74,csi1000,中证1000,2521.273,2453.2963999999997,2059.9131666666667,1735.9785833333333,1566.5299000000002
2007-03-30,2686.05,2731.19,2741.3,2669.26,8747457.41,csi1000,中证1000,2547.243,2475.9411999999998,2080.3151666666668,1747.2241666666666,1573.5732500000001
2007-04-02,2745.17,2796.51,2796.51,2742.65,8965998.82,csi1000,中证1000,2575.806,2496.9292,2101.727,1758.9360833333335,1581.3312000000003
2007-04-03,2809.93,2833.0,2833.0,2796.71,11011319.06,csi1000,中证1000,2605.8885,2526.3520000000003,2124.407833333333,1770.8835000000001,1589.2851
2007-04-04,2836.04,2859.24,2859.37,2814.15,11431193.58,csi1000,中证1000,2634.4305,2552.7284,2147.3101666666666,1782.9479166666667,1597.5108500000001
2007-04-05,2860.48,2920.68,2922.03,2850.22,12823216.44,csi1000,中证1000,2663.2565,2582.6432,2171.3058333333333,1795.3386666666665,1606.05545
2007-04-06,2902.18,2954.23,2960.6,2888.25,13883319.98,csi1000,中证1000,2692.6435,2612.3408,2195.251333333333,1807.9585833333333,1614.72615
2007-04-09,2970.36,2999.09,2999.09,2964.61,15535698.07,csi1000,中证1000,2720.143,2643.2944,2219.039166666667,1820.89375,1623.63045
2007-04-10,3004.76,3033.29,3033.29,2929.95,15898414.71,csi1000,中证1000,2747.728,2675.3720000000003,2242.7573333333335,1834.2198333333333,1632.658
2007-04-11,3044.33,3059.64,3059.98,2995.86,15418666.09,csi1000,中证1000,2776.911,2706.2216000000003,2266.1893333333333,1847.7,1641.6821499999999
2007-04-12,3059.61,3125.47,3125.47,3047.7,15401124.08,csi1000,中证1000,2806.5875,2737.4739999999997,2290.4475,1861.7419166666666,1650.96525
2007-04-13,3152.03,3147.18,3205.04,3130.02,18967410.37,csi1000,中证1000,2839.674,2768.7016000000003,2315.9616666666666,1875.97825,1660.275
2007-04-16,3151.25,3238.2,3238.4,3151.25,15875793.42,csi1000,中证1000,2874.669,2800.2656,2341.866666666667,1890.8540833333332,1670.0737
2007-04-17,3249.25,3320.88,3321.38,3203.14,19474515.8,csi1000,中证1000,2910.186,2833.8372000000004,2368.418166666667,1906.387416666667,1680.27375
2007-04-18,3334.38,3410.57,3412.41,3313.05,17739863.44,csi1000,中证1000,2947.7495000000004,2871.2207999999996,2396.417666666667,1922.7707500000001,1690.8378500000001
2007-04-19,3409.32,3260.65,3409.32,3186.87,19403775.93,csi1000,中证1000,2976.9004999999997,2900.3692000000005,2421.1553333333336,1938.2319166666668,1700.54385
2007-04-20,3278.08,3420.55,3429.18,3278.08,15125687.94,csi1000,中证1000,3012.4835,2937.7731999999996,2447.5536666666667,1954.7496666666666,1711.0207500000001
2007-04-23,3462.58,3562.61,3563.1,3462.58,17684317.91,csi1000,中证1000,3051.4085,2978.7456,2475.1593333333335,1972.5510833333333,1722.20185
2007-04-24,3593.06,3579.3,3619.74,3544.11,18918429.73,csi1000,中证1000,3088.609,3017.4959999999996,2502.788833333333,1990.6160000000002,1733.3528
2007-04-25,3578.09,3583.26,3604.24,3501.85,15488970.85,csi1000,中证1000,3126.9224999999997,3054.4544,2530.4043333333334,2008.9131666666667,1744.5857999999998
2007-04-26,3597.15,3621.14,3623.85,3573.77,11877840.2,csi1000,中证1000,3172.834,3092.1948,2559.8576666666663,2027.5723333333333,1755.91005
2007-04-27,3623.94,3615.14,3637.25,3576.31,13712319.44,csi1000,中证1000,3217.0315,3128.4448,2589.1003333333338,2046.0571666666667,1767.2449000000001
2007-04-30,3603.88,3654.97,3664.85,3586.83,14136380.73,csi1000,中证1000,3259.9545,3163.2792000000004,2617.9421666666667,2064.81925,1778.7930999999999
2007-05-08,3682.97,3814.82,3814.91,3682.97,15916352.78,csi1000,中证1000,3309.0455,3202.4604,2649.6821666666665,2084.960416666667,1790.95605
2007-05-09,3831.93,3864.12,3870.31,3702.85,20413423.91,csi1000,中证1000,3359.2895,3244.3456,2683.5793333333336,2105.4530833333333,1803.3584
2007-05-10,3872.6,3896.25,3904.88,3830.3,16934515.21,csi1000,中证1000,3408.068,3292.0791999999997,2717.946166666667,2126.250666666667,1815.8142
2007-05-11,3866.74,3891.92,3904.61,3806.42,15350802.52,csi1000,中证1000,3454.9525000000003,3338.5084,2752.7046666666665,2147.189083333333,1828.1872999999998
2007-05-14,3845.48,3923.15,3947.46,3816.13,13639833.86,csi1000,中证1000,3501.1555,3383.574,2787.630166666667,2168.4216666666666,1840.7233999999999
2007-05-15,3923.15,3801.79,3954.48,3794.74,15372775.52,csi1000,中证1000,3539.5805,3422.3256,2819.7196666666664,2188.496416666667,1853.16035
2007-05-16,3794.3,3873.75,3873.75,3733.14,12302960.52,csi1000,中证1000,3580.286,3462.906,2852.599666666667,2209.498666666667,1865.9008999999999
2007-05-17,3899.83,3982.92,3992.56,3894.55,13992316.1,csi1000,中证1000,3623.1585000000005,3505.3956000000007,2886.7026666666666,2231.799833333333,1879.0597
2007-05-18,3994.0,4032.92,4054.03,3968.57,13400957.37,csi1000,中证1000,3667.4455000000003,3548.5432,2921.6059999999998,2254.3645,1892.41285
2007-05-21,3916.94,4138.97,4139.2,3910.59,15376155.22,csi1000,中证1000,3712.4840000000004,3594.1384000000003,2957.5931666666665,2277.66675,1906.42005
2007-05-22,4199.33,4227.78,4254.87,4199.33,18253384.51,csi1000,中证1000,3757.829,3641.9180000000006,2994.538666666667,2301.88575,1920.8047
2007-05-23,4266.54,4347.98,4348.38,4253.87,17851150.35,csi1000,中证1000,3804.6995,3693.4516,3032.7938333333336,2327.0069166666663,1935.7815
2007-05-24,4381.95,4346.68,4389.28,4247.06,20622117.93,csi1000,中证1000,3859.0009999999993,3742.3,3070.0375,2352.207666666667,1950.7611499999998
2007-05-25,4330.58,4384.99,4396.81,4303.42,16442768.29,csi1000,中证1000,3907.2230000000004,3791.8124,3107.0361666666663,2377.6588333333334,1965.8366499999997
2007-05-28,4426.95,4448.76,4473.3,4416.23,18239727.9,csi1000,中证1000,3951.5305,3840.2347999999997,3143.3186666666666,2403.5618333333337,1981.1644999999999
2007-05-29,4460.96,4484.44,4484.44,4392.53,16096526.38,csi1000,中证1000,3996.7875,3886.7771999999995,3183.1021666666666,2429.6809999999996,1996.711
2007-05-30,4198.83,4151.0,4373.32,4142.3,14986995.63,csi1000,中证1000,4025.1744999999996,3916.3944,3215.6216666666664,2452.9179166666668,2010.6331
2007-05-31,3998.18,3894.68,4043.21,3830.04,13868937.41,csi1000,中证1000,4038.8514999999998,3941.7556,3244.3194999999996,2473.8215,2023.5581999999997
2007-06-01,3848.26,3632.9,3912.33,3626.15,13131453.94,csi1000,中证1000,4039.7394999999997,3950.2495999999996,3268.0046666666667,2492.492333333333,2035.29095
2007-06-04,3544.81,3359.93,3561.93,3358.34,7509287.78,csi1000,中证1000,4024.9875,3942.1424000000006,3286.916,2508.804583333333,2045.7235500000002
2007-06-05,3298.92,3321.85,3321.85,3107.82,12582794.62,csi1000,中证1000,4000.339,3931.8444,3305.091,2524.6410000000005,2055.9849
2007-06-06,3334.27,3354.83,3438.09,3237.17,16746972.48,csi1000,中证1000,3974.8745000000004,3922.7072,3322.8648333333335,2540.6825,2066.65305
2007-06-07,3354.83,3505.62,3505.8,3339.3,15655797.29,csi1000,中证1000,3955.343,3918.0863999999997,3342.2225000000003,2557.8079166666666,2078.2542
2007-06-08,3513.94,3578.51,3608.35,3502.86,14958927.5,csi1000,中证1000,3939.6724999999997,3916.6212,3362.422833333333,2575.450666666666,2090.01225
2007-06-11,3623.89,3625.51,3658.75,3599.63,13843485.96,csi1000,中证1000,3924.7905,3915.4428,3382.029666666667,2593.651833333333,2101.9692999999997
2007-06-12,3651.24,3682.44,3682.44,3491.25,15614156.33,csi1000,中证1000,3918.8230000000003,3910.1476000000002,3402.0438333333327,2612.4290833333334,2114.11175
2007-06-13,3718.54,3838.02,3848.07,3706.46,18198479.94,csi1000,中证1000,3917.0365000000006,3909.1036000000004,3424.7445000000002,2632.91175,2126.9961000000003
2007-06-14,3839.17,3776.99,3866.66,3748.12,15051082.71,csi1000,中证1000,3906.7399999999993,3904.3332,3445.4953333333333,2652.5874166666667,2139.78565
2007-06-15,3740.32,3763.26,3794.74,3706.36,12160450.09,csi1000,中证1000,3893.257,3899.1868,3466.7921666666666,2672.1068333333333,2152.3846000000003
2007-06-18,3821.68,3878.97,3891.59,3821.68,12498544.4,csi1000,中证1000,3880.257,3897.4196,3489.1366666666668,2692.5342499999997,2165.4685
2007-06-19,3891.54,3958.33,3958.65,3852.23,13798442.91,csi1000,中证1000,3866.7844999999993,3903.6812,3511.599833333333,2713.4685,2178.98285
2007-06-20,3961.05,3867.76,4016.3,3841.76,14116824.34,csi1000,中证1000,3842.7735000000002,3903.4416,3531.7408333333337,2733.5316666666668,2192.08945
2007-06-21,3851.16,3821.4,3912.1,3746.92,12335272.87,csi1000,中证1000,3816.5095,3896.9807999999994,3550.8036666666667,2753.03325,2204.90565
2007-06-22,3815.14,3587.39,3823.52,3550.94,11896341.61,csi1000,中证1000,3776.6295,3879.1595999999995,3565.4453333333336,2770.4813333333336,2216.4866500000003
2007-06-25,3585.47,3338.37,3627.3,3324.15,9772476.25,csi1000,中证1000,3721.1100000000006,3847.1356,3574.683,2785.5848333333333,2226.83685
2007-06-26,3236.32,3383.89,3383.89,3178.18,8934549.22,csi1000,中证1000,3666.0825000000004,3813.38,3583.826333333333,2801.134833333333,2237.32425
2007-06-27,3394.91,3467.48,3476.24,3344.98,10199591.65,csi1000,中证1000,3631.9065,3778.16,3594.6678333333334,2817.4647499999996,2248.22875
2007-06-28,3482.43,3299.12,3517.95,3297.64,11761136.41,csi1000,中证1000,3602.1285,3736.2576,3604.6046666666666,2832.258916666666,2258.14315
2007-06-29,3187.53,3152.37,3263.3,3102.67,8747456.22,csi1000,中证1000,3578.1020000000003,3686.9528000000005,3611.624333333333,2845.9697499999997,2267.3266999999996
2007-07-02,3124.74,3223.95,3223.95,3074.28,8198883.49,csi1000,中证1000,3571.303,3637.9604000000004,3618.7483333333334,2860.2376666666664,2276.8004499999997
2007-07-03,3250.25,3271.84,3273.88,3157.53,8082475.23,csi1000,中证1000,3568.8025000000002,3589.4564,3626.0623333333333,2875.2350833333335,2286.4781
2007-07-04,3270.02,3176.33,3271.66,3162.88,6620506.31,csi1000,中证1000,3559.8775,3550.4696000000004,3631.3471666666665,2889.328666666667,2295.80635
2007-07-05,3119.89,2962.84,3119.89,2962.19,6871674.16,csi1000,中证1000,3532.7385000000004,3513.196,3632.049833333333,2901.677833333333,2303.9046
2007-07-06,3007.99,3147.56,3154.98,2896.11,9892131.54,csi1000,中证1000,3511.191,3493.7824,3635.272,2915.2616666666663,2312.91795
2007-07-09,3168.13,3244.46,3264.67,3132.52,10452628.27,csi1000,中证1000,3492.1385,3489.1636,3639.3615,2929.200333333333,2322.36285
2007-07-10,3241.34,3165.1,3241.34,3137.49,9641078.96,csi1000,中证1000,3466.2715,3482.8936,3641.5583333333334,2942.157833333333,2331.5175
2007-07-11,3139.66,3195.87,3205.09,3124.37,6468397.6,csi1000,中证1000,3434.1639999999998,3476.5352000000003,3643.8288333333335,2955.009083333333,2340.80825
2007-07-12,3202.54,3229.94,3229.94,3189.56,5947075.54,csi1000,中证1000,3406.8115,3465.5080000000003,3645.57,2968.00875,2350.2129999999997
2007-07-13,3226.63,3223.99,3230.96,3164.2,5542800.17,csi1000,中证1000,3379.8480000000004,3451.3271999999997,3646.8501666666666,2981.405916666666,2359.55275
2007-07-16,3220.54,3104.85,3222.48,3104.85,5874000.17,csi1000,中证1000,3341.142,3430.5008000000003,3644.6276666666668,2993.247166666667,2368.3817
2007-07-17,3081.42,3156.06,3187.26,3061.06,5513452.92,csi1000,中证1000,3301.0284999999994,3409.4456,3641.8806666666665,3005.1494166666666,2377.45435
2007-07-18,3150.32,3149.73,3194.21,3121.82,5414568.87,csi1000,中证1000,3265.1269999999995,3381.9139999999998,3637.533333333333,3016.9755,2386.4304
2007-07-19,3148.13,3173.07,3183.74,3127.64,4505621.17,csi1000,中证1000,3232.7105,3357.7572000000005,3636.073666666666,3028.6145,2395.4184
2007-07-20,3176.2,3281.92,3284.07,3176.2,7817604.58,csi1000,中证1000,3217.437,3338.5036,3633.7631666666666,3040.658416666666,2404.93525
2007-07-23,3287.19,3467.96,3467.96,3287.19,11483967.56,csi1000,中证1000,3223.9165000000003,3322.0631999999996,3632.1856666666663,3053.6725,2415.34875
2007-07-24,3503.06,3512.93,3602.69,3483.13,13013870.64,csi1000,中证1000,3230.3685,3304.2472000000002,3631.0795,3066.9341666666664,2425.9624
2007-07-25,3509.51,3642.35,3642.77,3509.51,11440976.76,csi1000,中证1000,3239.112,3295.2307999999994,3632.0643333333333,3081.2343333333333,2437.28965
2007-07-26,3665.31,3731.4,3747.33,3643.11,11222700.54,csi1000,中证1000,3260.726,3291.6308000000004,3633.902,3096.8798333333334,2449.04115
2007-07-27,3732.32,3840.43,3840.43,3666.24,12852016.04,csi1000,中证1000,3295.129,3301.7524,3637.6568333333335,3113.378583333333,2461.3347
2007-07-30,3844.34,3936.79,3958.0,3844.34,13397156.69,csi1000,中证1000,3330.7709999999997,3325.6892,3642.353833333333,3130.148,2474.0632499999997
2007-07-31,3930.28,4005.34,4008.47,3873.39,13558290.23,csi1000,中证1000,3367.446,3350.5471999999995,3645.5291666666667,3147.605666666667,2487.0933999999997
2007-08-01,4027.94,3784.02,4042.04,3779.69,16945412.43,csi1000,中证1000,3397.8305,3363.2088,3644.1941666666667,3163.88675,2498.95595
2007-08-02,3773.96,3932.08,3932.08,3773.96,12462255.67,csi1000,中证1000,3446.2925000000005,3388.5272000000004,3644.791333333333,3181.36875,2511.4474
2007-08-03,3953.35,3968.66,3984.01,3893.07,13424003.45,csi1000,中证1000,3487.3475,3421.1787999999997,3646.0703333333336,3199.3875,2524.0915
2007-08-06,3982.99,4037.02,4037.02,3942.18,13183887.85,csi1000,中证1000,3526.9754999999996,3453.7016,3647.9681666666665,3217.7991666666667,2537.04225
2007-08-07,4047.62,4041.94,4078.13,3965.37,13993953.06,csi1000,中证1000,3570.8175,3484.5056,3651.9706666666666,3235.845166666667,2550.08115
2007-08-08,4011.18,3970.94,4031.15,3883.79,10647528.85,csi1000,中证1000,3609.571,3516.29,3653.5905,3253.0950833333336,2562.7257499999996
2007-08-09,3969.05,3997.01,4015.1,3968.76,9875911.34,csi1000,中证1000,3647.9244999999996,3557.6567999999997,3653.825333333333,3270.264,2575.5085999999997
2007-08-10,3993.19,3895.46,3993.19,3803.11,10627056.9,csi1000,中证1000,3681.4980000000005,3587.5728000000004,3651.5343333333335,3286.5701666666664,2587.7918
2007-08-13,3877.39,3861.26,3890.8,3795.77,9743004.59,csi1000,中证1000,3719.3185,3612.2448,3646.9058333333332,3302.2495,2599.8326
2007-08-14,3865.34,3982.68,3985.69,3864.5,9062816.83,csi1000,中证1000,3760.6495000000004,3644.9480000000003,3642.820833333333,3318.6797500000002,2612.4616
2007-08-15,3996.92,3957.01,4006.55,3853.1,9862294.18,csi1000,中证1000,3801.0135,3675.3936,3636.3046666666664,3334.5492499999996,2625.0238
2007-08-16,3940.39,3995.48,4021.39,3893.39,9639994.84,csi1000,中证1000,3842.1339999999996,3706.0152,3630.4513333333334,3350.2444166666664,2637.9746499999997
2007-08-17,3995.48,3984.81,4047.85,3957.05,10182761.74,csi1000,中证1000,3877.2784999999994,3736.448,3623.781666666667,3365.4089166666668,2650.7065999999995
2007-08-20,4062.34,4140.42,4140.42,4054.48,10884895.05,csi1000,中证1000,3910.9015,3777.8707999999997,3618.6426666666666,3380.9806666666673,2664.2765000000004
2007-08-21,4167.01,4178.02,4196.15,4127.77,11023312.05,csi1000,中证1000,3944.156,3818.7491999999997,3613.535666666667,3398.318916666666,2678.1090500000005
2007-08-22,4118.86,4237.94,4248.63,4104.94,12430776.21,csi1000,中证1000,3973.9354999999996,3862.2776,3614.9846666666663,3415.3031666666666,2692.3607500000003
2007-08-23,4253.75,4286.92,4294.08,4237.67,11635141.39,csi1000,中证1000,4001.7115,3906.8315999999995,3621.522,3432.9207499999998,2706.88515
2007-08-24,4310.45,4320.98,4330.27,4284.76,11969332.69,csi1000,中证1000,4025.739,3948.394,3632.9900000000002,3450.4973333333332,2721.50525
2007-08-27,4363.89,4318.12,4380.07,4262.07,12117226.32,csi1000,中证1000,4044.8055,3982.4004000000004,3648.9598333333333,3467.9379166666668,2736.07825
2007-08-28,4307.36,4344.09,4344.86,4231.61,12631096.62,csi1000,中证1000,4061.743,4015.6468,3665.997166666667,3485.544083333333,2750.8093
2007-08-29,4326.8,4316.88,4365.94,4250.89,11256329.39,csi1000,中证1000,4088.386,4042.6280000000006,3682.0313333333334,3502.448083333333,2765.3687
2007-08-30,4334.79,4468.39,4469.47,4334.79,13056942.56,csi1000,中证1000,4115.2015,4072.1076000000003,3698.0775,3520.15,2780.70795
2007-08-31,4505.2,4515.24,4532.75,4491.4,12859790.69,csi1000,中证1000,4142.5305,4099.1,3713.6896666666667,3538.05625,2796.3876
2007-09-03,4561.54,4621.48,4621.48,4556.17,14338601.08,csi1000,中证1000,4171.753500000001,4126.4876,3730.289166666667,3556.159416666667,2812.6188
2007-09-04,4642.13,4558.49,4644.21,4537.73,13505430.11,csi1000,中证1000,4197.581,4148.6136,3744.8900000000003,3573.4669166666667,2828.4471499999995
2007-09-05,4566.98,4570.19,4585.06,4484.86,11061148.39,csi1000,中证1000,4227.5435,4180.060399999999,3757.092833333333,3590.9186666666665,2844.5307000000003
2007-09-06,4595.79,4632.49,4645.66,4595.79,12163511.91,csi1000,中证1000,4259.3175,4208.0768,3771.351166666667,3608.42325,2861.1592499999997
2007-09-07,4598.21,4533.11,4618.71,4516.56,13744949.42,csi1000,中证1000,4291.2,4230.6548,3784.182,3625.4870833333334,2877.199
2007-09-10,4489.35,4645.33,4645.33,4450.14,13488099.19,csi1000,中证1000,4330.4035,4254.9872,3796.9546666666665,3643.0456666666664,2893.71215
2007-09-11,4645.45,4334.65,4655.36,4332.78,12767100.85,csi1000,中证1000,4348.0019999999995,4266.6956,3803.226666666667,3657.4132499999996,2908.7778999999996
2007-09-12,4300.87,4370.09,4399.51,4190.09,11033679.76,csi1000,中证1000,4368.656,4282.661599999999,3811.598833333333,3671.6698333333334,2923.96115
2007-09-13,4381.45,4439.13,4439.61,4333.6,8347496.42,csi1000,中证1000,4390.8385,4300.3464,3821.894333333333,3686.349,2939.5438499999996
2007-09-14,4439.36,4502.4,4515.12,4390.25,9297085.25,csi1000,中证1000,4416.718,4324.624,3837.1445,3701.2949166666663,2955.4015999999997
2007-09-17,4487.74,4596.26,4608.66,4485.5,10884434.91,csi1000,中证1000,4439.51,4354.024,3858.1093333333333,3716.3961666666664,2971.6809
2007-09-18,4608.87,4655.17,4657.57,4573.01,11416992.48,csi1000,中证1000,4463.3675,4380.9236,3879.2973333333334,3731.5618333333337,2988.2060500000002
2007-09-19,4671.26,4584.83,4675.55,4569.87,10622222.94,csi1000,中证1000,4480.712,4406.0364,3897.9198333333334,3746.2938333333327,3004.31735
2007-09-20,4591.93,4617.75,4634.55,4571.12,9366850.34,csi1000,中证1000,4497.253500000001,4430.9272,3919.897,3762.250833333333,3020.47485
2007-09-21,4636.83,4562.12,4638.51,4466.89,10480813.72,csi1000,中证1000,4509.3105000000005,4454.0196000000005,3943.3928333333333,3777.5085833333333,3036.32345
2007-09-24,4573.21,4577.25,4605.09,4501.54,9448728.9,csi1000,中证1000,4522.267,4471.4928,3965.947833333333,3792.348083333333,3052.1974
2007-09-25,4574.46,4547.6,4592.45,4508.1,7260214.18,csi1000,中证1000,4532.4425,4486.276,3987.2105,3806.6364166666667,3067.828
2007-09-26,4541.63,4471.17,4571.27,4446.94,6706660.91,csi1000,中证1000,4540.157,4495.6052,4008.791166666667,3820.0691666666667,3083.0346000000004
2007-09-27,4482.45,4498.61,4511.22,4461.09,6085784.61,csi1000,中证1000,4541.668,4504.0728,4034.3873333333336,3833.2185833333333,3098.2747999999997
2007-09-28,4528.84,4582.44,4597.54,4528.84,7645182.97,csi1000,中证1000,4545.028,4514.5312,4058.302,3846.787,3113.8801000000003
2007-10-08,4612.92,4579.57,4622.23,4575.55,8074535.93,csi1000,中证1000,4542.9325,4524.9892,4080.553833333333,3859.9576666666667,3129.5710999999997
2007-10-09,4567.6,4594.7,4595.2,4515.06,7179861.76,csi1000,中证1000,4544.743,4535.0136,4104.3805,3872.969416666667,3145.39875
2007-10-10,4607.54,4588.08,4623.11,4557.11,8078082.9,csi1000,中证1000,4545.6375,4545.8616,4127.584,3885.706416666667,3161.43865
2007-10-11,4589.99,4510.27,4591.32,4500.39,8671714.95,csi1000,中证1000,4539.5265,4547.5368,4148.922833333333,3897.2464166666664,3176.9104500000003
2007-10-12,4508.23,4375.31,4508.23,4172.94,11065894.32,csi1000,中证1000,4531.6365,4541.939600000001,4168.1115,3907.480833333333,3191.68235
2007-10-15,4375.77,4364.8,4389.6,4275.34,8787328.38,csi1000,中证1000,4517.61,4531.6723999999995,4189.1106666666665,3916.869166666667,3206.3679500000003
2007-10-16,4368.86,4404.02,4404.82,4317.45,6784268.76,csi1000,中证1000,4521.0785,4525.4936,4209.91,3925.8953333333334,3221.15695
2007-10-17,4401.27,4401.07,4419.26,4356.41,6747228.98,csi1000,中证1000,4522.6275000000005,4518.7288,4230.765666666667,3934.1495,3235.8614000000002
2007-10-18,4399.68,4316.6,4399.68,4307.62,7523248.51,csi1000,中证1000,4516.501,4506.0932,4249.8245,3942.9490833333334,3250.03835
2007-10-19,4326.21,4277.37,4365.78,4254.35,5229956.57,csi1000,中证1000,4505.2495,4495.8636,4266.415333333333,3950.08925,3263.9570999999996
2007-10-22,4244.03,4158.93,4270.0,4154.56,5196364.34,csi1000,中证1000,4483.383,4476.4076000000005,4277.931500000001,3955.0585833333334,3277.1220000000003
2007-10-23,4155.0,4147.84,4187.59,4039.6,5595610.25,csi1000,中证1000,4458.0165,4468.9352,4288.513333333333,3959.796416666666,3290.27175
2007-10-24,4156.19,4049.97,4165.89,4046.51,5490998.41,csi1000,中证1000,4431.2735,4456.1304,4295.307,3963.6856666666667,3302.98215
2007-10-25,4024.72,3747.13,4024.72,3743.17,6891516.49,csi1000,中证1000,4387.742499999999,4428.4504,4295.569166666666,3964.7355833333336,3314.0987
2007-10-26,3682.81,3699.73,3739.02,3607.53,5056667.85,csi1000,中证1000,4344.623,4396.3436,4293.224166666666,3965.4404999999997,3325.0619999999994
2007-10-29,3707.59,3750.87,3751.4,3659.35,4276114.97,csi1000,中证1000,4303.304,4362.528,4290.1255,3966.239666666667,3336.25735
2007-10-30,3764.86,3857.89,3858.23,3741.23,4233566.86,csi1000,中证1000,4268.8185,4330.6368,4287.668000000001,3966.5985833333334,3348.18605
2007-10-31,3896.27,4009.75,4013.52,3890.1,6336739.66,csi1000,中证1000,4245.7474999999995,4307.6336,4291.430166666667,3967.812166666667,3360.8093
2007-11-01,4016.72,3908.54,4016.72,3901.96,5879321.88,csi1000,中证1000,4216.244,4279.2652,4291.037833333334,3967.914583333333,3372.9473
2007-11-02,3844.55,3829.23,3891.81,3805.17,5089101.97,csi1000,中证1000,4178.583500000001,4249.9496,4288.714,3967.3921666666665,3384.5059499999998
2007-11-05,3814.04,3898.53,3909.51,3797.15,4181667.7,csi1000,中证1000,4144.5315,4222.8008,4286.405833333333,3967.187,3396.1395
2007-11-06,3901.49,3946.96,3975.25,3897.04,4468151.3,csi1000,中证1000,4112.1445,4198.7752,4284.822833333334,3968.39675,3407.8232999999996
2007-11-07,3947.68,3939.37,3967.17,3862.38,4399284.63,csi1000,中证1000,4079.7090000000003,4177.5032,4284.296666666667,3968.943583333333,3419.2515499999995
2007-11-08,3927.42,3778.06,3929.49,3778.06,5085545.32,csi1000,中证1000,4043.0985,4148.6812,4280.6475,3967.2364166666666,3429.7919500000003
2007-11-09,3747.12,3744.0,3782.05,3668.66,4310366.73,csi1000,中证1000,4011.5330000000004,4115.1436,4278.123166666667,3964.82875,3440.4303000000004
2007-11-12,3684.19,3708.95,3723.71,3626.09,4559428.33,csi1000,中证1000,3978.7405,4080.3188,4275.584666666667,3961.24525,3450.55555
2007-11-13,3730.72,3730.29,3780.28,3683.88,4550455.1,csi1000,中证1000,3945.054,4045.7424,4271.378166666666,3957.0995,3460.56805
2007-11-14,3745.95,3844.5,3844.5,3743.9,4859214.54,csi1000,中证1000,3917.2254999999996,4015.9991999999997,4269.503,3952.9038333333333,3471.13755
2007-11-15,3842.6,3828.13,3864.05,3814.2,5556288.21,csi1000,中证1000,3892.8019999999997,3988.7136,4266.713833333333,3948.5825833333333,3481.39625
2007-11-16,3804.15,3843.97,3850.81,3781.46,4835311.31,csi1000,中证1000,3871.132,3967.46,4264.3665,3944.074083333333,3491.4328499999997
2007-11-19,3855.6,3922.6,3930.52,3855.6,5915379.08,csi1000,中证1000,3859.3154999999997,3949.7719999999995,4260.736166666667,3939.6894166666666,3501.5144999999993
2007-11-20,3913.46,3956.56,3971.2,3897.56,5665963.32,csi1000,中证1000,3849.7515,3931.8736000000004,4257.045166666667,3935.290416666667,3511.6896500000003
2007-11-21,3960.23,3923.88,3975.27,3918.12,5302842.25,csi1000,中证1000,3843.446999999999,3912.7859999999996,4251.810833333334,3933.3977499999996,3521.6774
2007-11-22,3883.02,3731.98,3883.02,3724.98,4557488.94,csi1000,中证1000,3842.6895000000004,3889.4012,4242.561833333333,3932.0419166666666,3531.0676000000003
2007-11-23,3707.62,3802.83,3802.83,3688.73,3094911.85,csi1000,中证1000,3847.8444999999992,3870.4195999999997,4233.926,3933.458,3540.77885
2007-11-26,3831.21,3779.6,3862.93,3776.95,4443520.45,csi1000,中证1000,3849.281,3855.2464,4224.950666666667,3936.95525,3550.0545499999994
2007-11-27,3758.87,3722.9,3789.5,3712.44,3446325.3,csi1000,中证1000,3842.5315,3838.2488,4214.5975,3940.2973333333334,3559.11695
2007-11-28,3723.19,3713.34,3762.23,3688.5,3419416.43,csi1000,中证1000,3827.7110000000002,3824.7835999999998,4204.5385,3943.2849166666665,3568.5322
2007-11-29,3731.37,3801.33,3803.48,3699.73,4502355.55,csi1000,中证1000,3822.3505000000005,3826.9516000000003,4193.420833333334,3945.7491666666665,3578.36765
2007-11-30,3785.47,3733.48,3797.44,3728.5,4046392.27,csi1000,中证1000,3817.5629999999996,3828.3016,4180.3915,3947.0405833333334,3588.0029999999997
2007-12-03,3719.46,3766.88,3780.22,3711.26,3309393.86,csi1000,中证1000,3810.9805,3828.942,4166.148166666667,3948.2186666666666,3597.6992999999998
2007-12-04,3767.6,3792.24,3797.22,3767.6,3658595.46,csi1000,中证1000,3803.2445,3826.316,4153.377333333334,3949.1336666666666,3607.2783999999997
2007-12-05,3792.29,3852.44,3852.44,3782.08,4937329.49,csi1000,中证1000,3798.8979999999997,3820.0236,4141.414833333333,3949.253833333333,3617.03585
2007-12-06,3861.15,3895.76,3895.76,3843.74,5837760.88,csi1000,中证1000,3804.7829999999994,3819.5124,4129.136,3950.2435833333334,3626.8309500000005
2007-12-07,3907.05,3960.61,3960.61,3904.11,6757314.76,csi1000,中证1000,3815.6134999999995,3824.7675999999997,4119.594333333333,3951.8881666666666,3636.9404000000004
2007-12-10,3915.5,4059.24,4060.23,3901.06,7055402.6,csi1000,中证1000,3833.1279999999997,3831.196,4109.826166666667,3953.390416666667,3647.3379000000004
2007-12-11,4065.27,4112.21,4112.21,4040.18,7248897.41,csi1000,中证1000,3852.2240000000006,3837.8060000000005,4106.118833333333,3954.6727499999997,3657.8437
2007-12-12,4108.33,4154.34,4176.75,4092.99,7053935.92,csi1000,中证1000,3867.7160000000003,3846.4048,4102.523,3957.060916666667,3668.3520499999995
2007-12-13,4149.52,4037.53,4187.29,4037.26,6980594.58,csi1000,中证1000,3878.186,3856.7835999999998,4095.8296666666665,3958.862,3677.9794
2007-12-14,3999.44,4103.85,4103.85,3960.16,5152811.87,csi1000,中证1000,3891.1800000000003,3871.1776,4089.187166666667,3963.1658333333335,3687.6732999999995
2007-12-17,4107.6,4133.82,4176.84,4106.84,6351701.82,csi1000,中证1000,3901.7409999999995,3888.1724,4081.479833333333,3969.794583333334,3696.9833500000004
2007-12-18,4119.17,4095.0,4150.99,4086.08,4818010.76,csi1000,中证1000,3908.6629999999996,3902.7608,4072.1436666666664,3975.7205000000004,3706.9712
2007-12-19,4102.78,4167.27,4177.49,4102.78,5675336.99,csi1000,中证1000,3920.8325000000004,3915.6716,4065.184333333333,3981.5520833333335,3716.8084000000003
2007-12-20,4173.06,4210.52,4219.76,4173.06,6136183.08,csi1000,中证1000,3944.7595,3930.9672000000005,4058.3971666666666,3989.1470833333337,3726.9969499999993
2007-12-21,4194.9,4281.39,4281.39,4194.75,7519090.44,csi1000,中证1000,3968.687500000001,3948.4640000000004,4053.7183333333332,3998.5555833333333,3737.34495
2007-12-24,4306.75,4344.31,4378.7,4304.81,8606153.19,csi1000,中证1000,3996.9230000000002,3965.3324,4049.8360000000002,4007.891916666667,3747.94025
2007-12-25,4350.25,4388.73,4389.84,4327.4,7619857.27,csi1000,中证1000,4030.2144999999996,3982.6191999999996,4047.1881666666663,4017.199333333333,3758.72715
2007-12-26,4399.28,4473.13,4473.16,4399.28,7514968.59,csi1000,中证1000,4068.204,4004.5892000000003,4047.2208333333333,4028.006,3769.6508000000003
2007-12-27,4482.21,4499.83,4532.39,4482.21,9228433.26,csi1000,中证1000,4103.129,4035.3032000000003,4047.2411666666667,4040.8142500000004,3780.42915
2007-12-28,4505.71,4493.42,4523.67,4470.52,7706127.48,csi1000,中证1000,4141.126,4062.9267999999997,4045.7574999999997,4052.02975,3791.0638
2008-01-02,4508.45,4636.77,4638.28,4506.36,13079877.26,csi1000,中证1000,4184.6205,4097.2136,4046.7108333333335,4063.6323333333335,3802.0021500000003
2008-01-03,4637.94,4741.03,4745.87,4629.2,16364543.86,csi1000,中证1000,4232.06,4137.9388,4049.1496666666667,4076.765083333333,3813.29935
2008-01-04,4753.6,4778.03,4782.83,4703.51,14128202.82,csi1000,中证1000,4278.3395,4180.5264,4052.3155,4089.94975,3824.8095999999996
2008-01-07,4775.44,4867.13,4874.84,4758.87,15059087.72,csi1000,中证1000,4326.908,4223.158399999999,4058.2631666666666,4103.593,3836.48555
2008-01-08,4872.79,4739.09,4887.26,4696.17,17135945.23,csi1000,中证1000,4365.832,4263.3828,4064.3261666666667,4116.218833333333,3847.75375
2008-01-09,4717.03,4884.27,4884.27,4712.22,13560668.58,csi1000,中证1000,4407.0835,4308.078399999999,4072.984,4131.047333333333,3859.4836
2008-01-10,4884.27,4894.59,4939.95,4876.7,15870160.11,csi1000,中证1000,4446.2025,4352.1724,4081.1601666666666,4145.535083333333,3870.90385
2008-01-11,4893.12,4867.47,4901.22,4796.84,13367957.68,csi1000,中证1000,4481.859,4392.7736,4088.9335,4159.849583333334,3881.9447000000005
2008-01-14,4878.46,4946.35,4948.58,4859.2,14451715.54,csi1000,中证1000,4527.3,4434.7972,4099.4293333333335,4174.626916666666,3893.2883
2008-01-15,4948.37,4999.92,5009.84,4945.86,14879342.94,csi1000,中证1000,4572.103499999999,4476.3696,4111.471833333334,4188.943583333334,3904.7434500000004
2008-01-16,4977.45,4957.38,4995.46,4926.34,17092024.88,csi1000,中证1000,4613.2815,4512.2952000000005,4124.779333333333,4201.355416666667,3915.6098
2008-01-17,4933.1,4849.48,5005.81,4690.87,19163599.61,csi1000,中证1000,4651.0055,4541.786,4136.473333333333,4212.493333333334,3925.68075
2008-01-18,4847.12,4886.73,4890.7,4793.39,13521580.59,csi1000,中证1000,4686.9785,4571.0816,4150.419333333333,4222.863166666666,3936.02945
2008-01-21,4902.59,4680.89,4916.01,4662.92,13830522.54,csi1000,中证1000,4710.497,4596.816000000001,4165.982,4230.775583333333,3945.91935
2008-01-22,4581.63,4292.69,4581.63,4279.78,14806798.72,csi1000,中证1000,4711.062,4604.3696,4175.864666666666,4234.544416666667,3953.72685
2008-01-23,4253.82,4471.13,4473.36,4198.89,15340870.42,csi1000,中证1000,4717.403,4617.862,4187.869000000001,4238.997249999999,3962.09995
2008-01-24,4490.24,4605.94,4643.52,4457.65,15098259.8,csi1000,中证1000,4728.2635,4638.2996,4200.3365,4244.0022500000005,3970.9646500000003
2008-01-25,4602.78,4612.95,4662.09,4581.3,13788912.55,csi1000,中证1000,4735.2545,4656.1268,4210.389833333333,4250.91,3979.7332
2008-01-28,4592.09,4282.73,4592.09,4265.72,11832498.62,csi1000,中证1000,4724.3994999999995,4659.0152,4216.626333333333,4253.832083333333,3986.5434499999997
2008-01-29,4279.79,4360.98,4385.59,4231.61,8970372.15,csi1000,中证1000,4717.7775,4662.1988,4225.488833333334,4257.101416666666,3993.5772
2008-01-30,4387.34,4389.44,4460.14,4275.58,9496113.92,csi1000,中证1000,4705.410999999999,4664.004,4233.670666666667,4260.03825,4000.5289500000003
2008-01-31,4378.19,4215.11,4393.13,4215.11,7465984.72,csi1000,中证1000,4679.115,4657.0592,4238.139833333334,4261.481333333333,4006.4380499999997
2008-02-01,4201.99,4027.37,4238.12,3904.83,8912999.63,csi1000,中证1000,4641.582,4639.2288,4239.6065,4261.9515833333335,4011.2767
2008-02-04,4112.86,4346.52,4346.52,4112.86,8315065.55,csi1000,中证1000,4615.5515,4633.096399999999,4249.080833333333,4264.864166666667,4017.38195
2008-02-05,4343.75,4366.55,4409.98,4283.08,7862565.41,csi1000,中证1000,4596.924499999999,4628.0216,4259.456666666667,4268.789916666667,4023.4788
2008-02-13,4341.47,4371.4,4430.51,4289.06,6399852.33,csi1000,中证1000,4571.281000000001,4617.4068,4270.4975,4273.0410833333335,4029.1448
2008-02-14,4384.39,4455.05,4469.42,4384.39,6189775.26,csi1000,中证1000,4549.303999999999,4605.9676,4282.5768333333335,4276.9775,4034.81565
2008-02-15,4432.28,4437.49,4437.49,4356.93,6601927.18,csi1000,中证1000,4527.804999999999,4592.346,4292.46,4280.9815,4039.95025
2008-02-18,4472.84,4555.32,4581.99,4472.84,8777539.04,csi1000,中证1000,4508.253500000001,4579.8736,4304.579833333333,4285.646833333333,4046.4236000000005
2008-02-19,4560.99,4639.88,4648.52,4542.46,10204823.61,csi1000,中证1000,4490.2515,4575.905199999999,4317.844999999999,4291.10575,4052.5202499999996
2008-02-20,4650.17,4620.5,4671.56,4604.87,11290327.83,csi1000,中证1000,4473.407499999999,4565.3544,4329.4766666666665,4295.1064166666665,4057.8097
2008-02-21,4596.71,4682.19,4707.7,4578.79,11690409.21,csi1000,中证1000,4465.043,4556.8584,4341.5705,4299.307833333333,4063.32415
2008-02-22,4676.43,4591.94,4692.23,4508.16,12189061.51,csi1000,中证1000,4450.3035,4545.8372,4352.704833333333,4302.257833333333,4068.3675499999995
2008-02-25,4595.95,4442.76,4618.27,4434.01,9403960.13,csi1000,中证1000,4438.396999999999,4525.6936,4364.551166666667,4303.556500000001,4072.47565
2008-02-26,4522.33,4446.17,4572.89,4318.42,9164425.46,csi1000,中证1000,4446.071,4503.5436,4375.273499999999,4304.599749999999,4076.6308000000004
2008-02-27,4458.84,4555.18,4555.18,4428.93,8195867.59,csi1000,中证1000,4450.2735,4487.4556,4388.199833333333,4306.57525,4081.1318499999998
2008-02-28,4555.78,4571.87,4620.34,4517.89,9161532.74,csi1000,中证1000,4448.57,4476.3512,4402.349333333333,4308.473416666667,4084.9171
2008-02-29,4568.91,4646.54,4647.4,4558.41,9533124.12,csi1000,中证1000,4450.2495,4466.7436,4417.902666666666,4311.220583333334,4088.8291999999997
2008-03-03,4643.99,4814.76,4815.77,4616.19,14301996.35,csi1000,中证1000,4476.851000000001,4472.0984,4434.793166666667,4314.107,4093.42175
2008-03-04,4831.77,4824.67,4893.77,4806.54,17381370.61,csi1000,中证1000,4500.0355,4493.3776,4452.979666666667,4316.685583333334,4098.0855
2008-03-05,4815.2,4877.33,4878.03,4741.74,14883346.14,csi1000,中证1000,4524.43,4509.6256,4471.487166666668,4318.817666666667,4102.856400000001
2008-03-06,4896.46,4882.96,4968.09,4881.94,17415130.2,csi1000,中证1000,4557.8225,4520.7064,4489.6658333333335,4321.521583333333,4108.262250000001
2008-03-07,4857.3,4805.96,4875.15,4771.8,11914614.87,csi1000,中证1000,4596.7519999999995,4528.4268,4505.557833333334,4323.486333333333,4112.9233
2008-03-10,4778.84,4673.06,4787.84,4648.26,10005697.02,csi1000,中证1000,4613.079,4544.04,4518.512833333333,4323.824416666666,4116.374
2008-03-11,4636.15,4761.06,4761.06,4588.56,9591387.09,csi1000,中证1000,4632.8045,4560.043199999999,4531.853666666666,4325.724,4120.014700000001
2008-03-12,4829.86,4656.53,4852.11,4656.53,10406942.56,csi1000,中证1000,4647.061,4570.7268,4541.8085,4325.817333333333,4122.6025
2008-03-13,4598.11,4466.08,4632.68,4379.51,10865705.26,csi1000,中证1000,4647.6125,4580.7656,4547.7063333333335,4326.912583333334,4123.794
2008-03-14,4443.65,4435.48,4493.7,4387.12,6629109.37,csi1000,中证1000,4647.512000000001,4597.09,4552.392000000001,4327.4575,4124.2315
2008-03-17,4412.61,4096.92,4419.1,4096.92,8473550.66,csi1000,中证1000,4624.592000000001,4587.106000000001,4553.381833333334,4324.60575,4122.9827000000005
2008-03-18,4028.13,3814.21,4109.16,3762.7,8993987.29,csi1000,中证1000,4583.3085,4565.0124,4548.5545,4318.870833333333,4120.1288
2008-03-19,3879.56,3999.94,4051.84,3821.04,9393561.58,csi1000,中证1000,4552.2805,4550.1539999999995,4546.323166666666,4313.9015,4117.8847000000005
2008-03-20,3946.19,4154.0,4198.6,3803.94,11381612.18,csi1000,中证1000,4525.871,4538.112,4547.3065,4309.725083333333,4116.2325
2008-03-21,4145.43,4197.44,4246.98,4116.69,10139729.44,csi1000,中证1000,4506.146,4528.51,4547.809333333334,4306.496833333334,4116.4646999999995
2008-03-24,4241.34,4130.15,4294.69,4130.15,9089241.96,csi1000,中证1000,4490.5154999999995,4511.503199999999,4546.469833333334,4302.4335,4117.64205
2008-03-25,4064.31,4193.51,4197.61,4030.43,8779773.25,csi1000,中证1000,4477.882500000001,4493.6484,4545.005166666667,4299.36175,4120.4451
2008-03-26,4211.74,4180.57,4262.63,4145.32,7151697.71,csi1000,中证1000,4459.152,4476.0512,4542.2761666666665,4296.056083333334,4124.5482999999995
2008-03-27,4131.92,3949.96,4131.92,3949.59,8233031.9,csi1000,中证1000,4428.056500000001,4446.762,4534.963333333333,4291.07575,4127.6888500000005
2008-03-28,3905.13,4060.04,4068.31,3797.5,7976873.05,csi1000,中证1000,4398.7315,4425.486,4528.0785000000005,4287.649666666667,4131.2149
2008-03-31,3956.7,3861.6,4016.76,3860.55,6862673.01,csi1000,中证1000,4351.0735,4402.2396,4517.441333333333,4282.34125,4132.9947999999995
2008-04-01,3830.13,3539.51,3872.1,3533.22,8459244.6,csi1000,中证1000,4286.8155,4365.9732,4501.542833333334,4273.650166666667,4132.7998
2008-04-02,3549.92,3319.6,3597.44,3292.36,8157065.35,csi1000,中证1000,4208.929,4316.55,4479.589999999999,4263.150416666666,4131.2702500000005
2008-04-03,3294.0,3393.43,3439.24,3219.81,6660677.09,csi1000,中证1000,4134.452499999999,4269.4124,4457.13,4253.139833333333,4129.8252
2008-04-07,3358.68,3596.27,3601.38,3322.91,7568752.52,csi1000,中证1000,4073.968,4227.4016,4437.433999999999,4244.87475,4128.61645
2008-04-08,3606.13,3673.96,3706.82,3580.48,8981313.5,csi1000,中证1000,4024.0130000000004,4181.7696,4417.547833333333,4237.9055,4128.1013
2008-04-09,3648.96,3466.97,3711.47,3466.65,8503467.99,csi1000,中证1000,3959.3085,4127.4616,4396.345833333334,4230.336,4126.61985
2008-04-10,3421.09,3567.63,3567.63,3387.59,6984736.81,csi1000,中证1000,3904.8634999999995,4075.0735999999997,4374.401833333333,4223.692916666666,4125.063149999999
2008-04-11,3587.43,3619.04,3648.31,3581.98,6905172.27,csi1000,中证1000,3862.5115000000005,4024.5168000000003,4353.142666666667,4217.151416666667,4123.3667
2008-04-14,3552.62,3399.32,3552.62,3388.01,7109387.18,csi1000,中证1000,3810.7034999999996,3968.2512,4328.6735,4208.8035,4121.0245
2008-04-15,3380.86,3504.25,3504.5,3330.39,6236874.57,csi1000,中证1000,3781.0699999999997,3921.4988,4304.6385,4202.033916666666,4119.43875
2008-04-16,3494.02,3423.92,3509.48,3403.43,5837791.01,csi1000,中证1000,3761.5555,3868.0132,4278.371833333333,4194.921833333333,4118.6214
2008-04-17,3412.78,3291.15,3466.43,3244.41,6015465.6,csi1000,中证1000,3726.1160000000004,3813.3979999999997,4250.601333333334,4187.690333333333,4118.3853
2008-04-18,3268.8,3116.69,3268.8,3111.99,5771726.37,csi1000,中证1000,3674.2504999999996,3759.4224,4221.721500000001,4179.0974166666665,4117.049300000001
2008-04-21,3308.47,3101.9,3315.22,3066.63,7317266.39,csi1000,中证1000,3619.4735,3706.0791999999997,4191.974333333334,4171.196833333333,4115.221399999999
2008-04-22,3066.24,3054.43,3070.66,2911.55,6145136.43,csi1000,中证1000,3565.6875,3664.3795999999998,4164.866666666667,4165.424333333333,4113.99795
2008-04-23,3037.27,3182.86,3200.33,3012.47,7197728.26,csi1000,中证1000,3515.1549999999997,3639.1256,4146.3695,4161.1170833333335,4114.1503999999995
2008-04-24,3417.31,3448.8,3451.67,3342.65,16419582.0,csi1000,中证1000,3478.5665,3617.08,4129.330666666667,4158.599833333333,4115.27465
2008-04-25,3438.23,3457.99,3555.08,3392.3,14416257.94,csi1000,中证1000,3453.968,3589.2396000000003,4110.198166666666,4155.267333333333,4116.205400000001
2008-04-28,3408.37,3446.97,3477.26,3380.88,9884092.7,csi1000,中证1000,3423.3145000000004,3559.2208,4090.7651666666666,4150.5775,4117.5586
2008-04-29,3436.98,3472.67,3493.02,3432.68,9112060.25,csi1000,中证1000,3403.868,3532.9216,4077.264166666667,4146.94525,4120.10775
2008-04-30,3482.62,3584.35,3590.4,3482.62,12151864.65,csi1000,中证1000,3406.1099999999997,3508.5552,4064.3203333333336,4144.904583333333,4122.2917
2008-05-05,3607.5,3694.12,3700.63,3555.25,13242884.02,csi1000,中证1000,3424.8360000000002,3489.0972,4052.7316666666666,4143.201166666667,4124.54
2008-05-06,3675.4,3698.92,3749.5,3635.0,13428301.45,csi1000,中证1000,3440.1105000000002,3479.0556,4044.1285,4141.134166666667,4127.2091
2008-05-07,3676.34,3553.33,3720.31,3552.88,12654612.27,csi1000,中证1000,3437.9635000000003,3458.7872,4036.2278333333334,4137.917166666667,4128.9964
2008-05-08,3514.93,3669.87,3669.87,3508.75,10510735.88,csi1000,中证1000,3437.7589999999996,3451.118,4024.950333333333,4137.015583333333,4131.19605
2008-05-09,3694.32,3674.63,3724.51,3593.48,13232543.55,csi1000,中证1000,3448.142,3456.5228,4013.4183333333335,4136.4375,4133.44925
2008-05-12,3620.64,3749.79,3789.15,3589.48,12969455.34,csi1000,中证1000,3457.25,3473.7304,4003.0581666666667,4136.777833333333,4136.673949999999
2008-05-13,3653.0,3776.84,3800.07,3648.18,16107876.13,csi1000,中证1000,3465.1400000000003,3489.0668,3991.7546666666667,4137.16575,4139.77785
2008-05-14,3775.45,3856.09,3856.09,3775.45,16040991.59,csi1000,中证1000,3487.9784999999997,3499.4596,3982.0646666666667,4137.262333333333,4143.30965
2008-05-15,3869.81,3831.38,3916.8,3828.25,13926824.08,csi1000,中证1000,3504.335,3505.7563999999998,3969.9990000000003,4137.2894166666665,4146.6012
2008-05-16,3823.84,3789.1,3848.72,3731.57,10523788.38,csi1000,中证1000,3522.5939999999996,3518.6416000000004,3955.8193333333334,4136.832166666667,4149.1371
2008-05-19,3777.57,3805.89,3831.61,3742.4,9311917.98,csi1000,中证1000,3548.3309999999997,3528.172,3942.2425000000003,4135.859583333333,4150.82675
2008-05-20,3807.84,3592.68,3833.74,3570.79,12408208.46,csi1000,中证1000,3572.1305,3527.1175999999996,3924.0840000000003,4132.82725,4151.2255000000005
2008-05-21,3542.19,3690.7,3706.85,3463.29,13277179.76,csi1000,中证1000,3601.5705000000003,3538.7728,3909.0633333333335,4130.884083333333,4151.46725
2008-05-22,3655.88,3672.2,3748.39,3628.19,13020577.74,csi1000,中证1000,3632.459,3545.4908,3896.2206666666666,4130.385916666667,4151.17125
2008-05-23,3649.53,3603.27,3672.96,3548.96,10911742.72,csi1000,中证1000,3653.4795,3552.6648,3882.1723333333334,4128.722916666667,4149.98545
2008-05-26,3572.07,3483.41,3572.07,3480.48,8584319.51,csi1000,中证1000,3655.21,3560.3551999999995,3864.3095,4126.254666666667,4147.71855
2008-05-27,3465.52,3486.91,3501.29,3432.54,6965421.62,csi1000,中证1000,3656.656,3575.164,3846.226833333333,4124.288083333334,4145.1264
2008-05-28,3481.49,3568.68,3580.49,3464.48,8967628.51,csi1000,中证1000,3662.7415,3593.8351999999995,3828.2625,4123.082583333334,4144.0497
2008-05-29,3566.35,3501.28,3595.61,3501.28,9559714.35,csi1000,中证1000,3664.172,3611.7092000000002,3806.371166666667,4120.582166666666,4141.8957
2008-05-30,3491.35,3506.84,3524.93,3443.9,9588352.59,csi1000,中证1000,3660.2964999999995,3624.6684000000005,3784.4073333333336,4118.6935,4139.5866
2008-06-02,3495.41,3553.31,3558.23,3482.43,9668079.6,csi1000,中证1000,3653.256,3628.8488,3762.3403333333335,4116.913750000001,4137.16805
2008-06-03,3551.32,3536.92,3559.92,3512.71,8354404.79,csi1000,中证1000,3645.1560000000004,3632.006,3739.906333333333,4114.786083333333,4134.6429499999995
2008-06-04,3519.58,3472.67,3525.61,3439.97,7849939.52,csi1000,中证1000,3641.1230000000005,3633.0339999999997,3717.6848333333332,4111.6213333333335,4132.1516
2008-06-05,3461.05,3434.02,3473.78,3413.97,7370048.13,csi1000,中证1000,3629.3305,3631.488,3697.0341666666664,4107.7735,4129.33665
2008-06-06,3442.89,3420.07,3453.33,3401.38,6413782.36,csi1000,中证1000,3616.6025,3624.9168,3674.684333333333,4103.268999999999,4126.959699999999
2008-06-10,3264.43,3125.79,3268.28,3114.44,8203079.43,csi1000,中证1000,3585.4024999999992,3602.1836,3649.172,4095.49025,4123.2823499999995
2008-06-11,3055.09,3054.53,3093.46,2994.79,7716575.7,csi1000,中证1000,3549.2869999999994,3576.408,3625.6461666666664,4086.67625,4118.6416
2008-06-12,3035.01,3024.65,3069.34,2965.94,8174247.26,csi1000,中证1000,3507.715,3555.2607999999996,3602.1323333333335,4077.262166666667,4113.9798
2008-06-13,3031.01,2881.04,3054.1,2877.81,7302827.83,csi1000,中证1000,3460.1979999999994,3523.7076,3581.8676666666665,4067.6247500000004,4108.4076
2008-06-16,2871.27,2811.91,2905.76,2770.5,6865181.88,csi1000,中证1000,3411.3385000000003,3489.1988,3565.1626666666666,4056.858583333333,4102.5431
2008-06-17,2800.45,2640.92,2826.47,2624.81,7110639.07,csi1000,中证1000,3353.09,3444.844,3542.512333333333,4044.41775,4095.0456
2008-06-18,2614.15,2777.72,2797.4,2530.12,10617723.47,csi1000,中证1000,3312.3419999999996,3404.8792000000003,3519.574333333333,4033.4404166666664,4088.0441000000005
2008-06-19,2747.21,2561.03,2760.93,2558.04,8961216.16,csi1000,中证1000,3255.8585,3353.0768,3492.3008333333332,4020.0550833333336,4079.6595500000003
2008-06-20,2567.18,2600.3,2693.88,2466.9,10771018.16,csi1000,中证1000,3202.2635,3303.8336,3466.8033333333337,4006.6365833333334,4071.2264499999997
2008-06-23,2567.32,2548.05,2606.64,2530.42,6882637.61,csi1000,中证1000,3149.5025,3254.1915999999997,3439.379,3992.1920833333334,4062.3618
2008-06-24,2529.75,2616.06,2625.9,2525.83,7697492.61,csi1000,中证1000,3106.135,3206.5984,3413.3038333333334,3977.79,4053.8514999999998
2008-06-25,2612.58,2754.75,2756.55,2609.28,10193604.51,csi1000,中证1000,3069.527,3173.0812,3393.3836666666666,3964.1735,4045.9048
2008-06-26,2746.11,2787.85,2816.28,2725.99,10963142.72,csi1000,中证1000,3030.4855,3136.9671999999996,3372.1805000000004,3950.1295,4038.2596500000004
2008-06-27,2695.96,2590.32,2710.42,2567.42,9246958.42,csi1000,中证1000,2984.9375,3093.692,3350.9925000000003,3934.2169166666663,4028.8693
2008-06-30,2543.43,2579.61,2612.97,2519.18,6210894.1,csi1000,中证1000,2938.576,3052.7456000000006,3334.9941666666664,3918.2685,4019.19115
2008-07-01,2580.14,2526.32,2593.96,2511.08,7400265.63,csi1000,中证1000,2887.2264999999998,3014.462,3321.7728333333334,3900.6814166666663,4008.7153500000004
2008-07-02,2528.3,2572.61,2603.58,2516.01,8263368.17,csi1000,中证1000,2839.011,2977.89,3308.0924999999997,3882.6112500000004,3998.7859500000004
2008-07-03,2539.69,2686.88,2717.81,2507.95,13968043.05,csi1000,中证1000,2799.7215000000006,2942.6180000000004,3292.936,3865.185,3989.3694
2008-07-04,2676.24,2685.17,2722.33,2657.14,12342487.77,csi1000,中证1000,2762.279,2909.9736,3276.4561666666664,3847.002,3979.6328
2008-07-07,2689.81,2832.04,2833.58,2689.81,14931471.54,csi1000,中证1000,2732.8775,2882.9815999999996,3265.8740000000003,3831.109916666667,3971.12745
2008-07-08,2839.47,2887.93,2900.56,2793.76,16627280.16,csi1000,中证1000,2720.9845,2856.3664000000003,3254.545666666667,3814.4737499999997,3962.3404500000006
2008-07-09,2891.24,2967.54,2967.54,2891.24,17696739.96,csi1000,中证1000,2716.6349999999998,2833.5912,3243.6873333333333,3798.415,3955.5049
2008-07-10,2936.15,2904.62,3012.35,2904.6,18638754.87,csi1000,中证1000,2710.6335,2810.8692000000005,3235.4423333333334,3782.0579166666666,3948.17755
2008-07-11,2886.88,2891.36,2919.05,2832.44,13631915.58,csi1000,中证1000,2711.1495,2789.1628,3225.2275,3764.933,3940.4387
2008-07-14,2872.28,2958.01,2958.01,2864.44,12793515.49,csi1000,中证1000,2718.4545000000003,2770.6804,3217.462333333334,3747.9170833333333,3932.71675
2008-07-15,2967.79,2892.85,2990.1,2866.58,15774090.35,csi1000,中证1000,2731.0510000000004,2761.3628,3210.824,3730.7126666666663,3924.1997
2008-07-16,2860.54,2751.05,2866.43,2697.65,13604502.47,csi1000,中证1000,2729.7175,2749.2236,3204.73,3713.22575,3914.6791
2008-07-17,2784.32,2711.72,2823.43,2704.56,11228619.7,csi1000,中证1000,2737.252,2736.7064,3198.227,3695.1006666666667,3905.31355
2008-07-18,2726.4,2792.7,2805.16,2635.25,11423204.13,csi1000,中证1000,2746.8720000000003,2733.1728,3193.8648333333335,3679.36575,3896.1883000000003
2008-07-21,2778.16,2913.7,2921.62,2761.88,13943888.02,csi1000,中证1000,2765.1544999999996,2737.2444,3189.378833333333,3667.874166666667,3887.9462
2008-07-22,2915.02,2931.3,2963.76,2904.1,13855631.69,csi1000,中证1000,2780.9165000000003,2748.8596000000002,3180.7538333333337,3655.04225,3879.7164500000003
2008-07-23,2941.08,2915.13,2969.88,2907.97,13480059.28,csi1000,中证1000,2788.9355,2754.356,3171.7061666666664,3640.952166666667,3871.5541000000003
2008-07-24,2929.32,2990.77,2996.55,2929.32,14779507.64,csi1000,中证1000,2799.0815000000002,2771.5456,3164.1028333333334,3627.4339999999997,3864.1521000000002
2008-07-25,2961.68,2971.52,3003.98,2942.79,13878628.02,csi1000,中证1000,2818.1415,2786.3944,3155.750333333333,3616.50725,3856.5166499999996
2008-07-28,2985.04,3021.51,3030.05,2985.04,14019055.7,csi1000,中证1000,2840.2365,2805.3327999999997,3146.3696666666665,3605.3450000000003,3848.7119999999995
2008-07-29,2989.23,2960.07,2992.29,2941.72,13079905.36,csi1000,中证1000,2861.924,2819.0932000000003,3134.1355,3593.4335833333334,3840.6145
2008-07-30,2989.57,2944.37,3005.21,2915.47,11550311.28,csi1000,中证1000,2880.5119999999997,2826.678,3121.559666666667,3582.844083333333,3832.3628500000004
2008-07-31,2944.36,2834.1,2951.98,2833.08,10378955.82,csi1000,中证1000,2887.8730000000005,2828.528,3109.5725,3572.9001666666663,3823.5929499999997
2008-08-01,2820.23,2876.13,2898.31,2776.04,10159944.41,csi1000,中证1000,2897.421,2839.9604000000004,3096.3435,3560.6469166666666,3815.4222499999996
2008-08-04,2857.85,2803.57,2877.18,2799.35,8160347.51,csi1000,中证1000,2895.9975,2848.9188,3081.8258333333333,3547.6220833333336,3807.56355
2008-08-05,2798.87,2712.63,2813.83,2702.62,8474526.86,csi1000,中证1000,2887.2324999999996,2856.3712,3064.5398333333337,3533.799,3799.3026999999997
2008-08-06,2725.83,2705.28,2745.19,2660.46,8219543.46,csi1000,中证1000,2874.1195000000002,2861.678,3046.6805,3519.2175833333336,3790.8089999999997
2008-08-07,2702.19,2717.35,2726.68,2667.61,7866924.14,csi1000,中证1000,2864.7560000000003,2862.8968,3027.7015,3504.8830833333336,3782.3903999999998
2008-08-08,2716.4,2514.97,2720.04,2514.16,10156371.15,csi1000,中证1000,2845.9365000000003,2856.0888,3005.7613333333334,3487.880166666667,3773.3822500000006
2008-08-11,2496.24,2295.76,2496.24,2288.4,8492202.24,csi1000,中证1000,2812.8239999999996,2834.6376,2980.8723333333332,3468.3458333333333,3763.4741999999997
2008-08-12,2257.44,2251.39,2285.57,2212.5,7879428.11,csi1000,中证1000,2780.7509999999997,2809.1760000000004,2954.964,3448.60325,3753.9365
2008-08-13,2234.48,2246.76,2269.63,2143.42,8218189.71,csi1000,中证1000,2755.5364999999997,2780.3448,2932.532,3428.308,3744.4311
2008-08-14,2231.97,2263.95,2281.54,2218.1,6899963.65,csi1000,中证1000,2733.148,2754.718,2908.752833333333,3408.9080833333337,3735.501
2008-08-15,2256.74,2257.41,2291.41,2223.63,6653915.45,csi1000,中证1000,2706.3835,2729.36,2885.1730000000002,3390.6968333333334,3728.0524
2008-08-18,2257.19,2079.55,2262.21,2077.59,7563034.27,csi1000,中证1000,2664.6760000000004,2694.2216,2859.777666666667,3370.975,3719.9515
2008-08-19,2037.62,2119.83,2123.04,2024.86,7029056.09,csi1000,中证1000,2624.1025,2663.3008,2837.051333333334,3350.680416666667,3711.7963
2008-08-20,2108.08,2299.67,2301.92,2079.66,12543070.53,csi1000,中证1000,2593.3295000000003,2645.2456,2817.2640000000006,3331.7454166666666,3704.0052
2008-08-21,2268.15,2217.05,2317.79,2211.93,11568847.68,csi1000,中证1000,2554.6434999999997,2625.4588,2794.7368333333334,3311.499666666666,3695.0417
2008-08-22,2197.38,2171.68,2203.89,2113.97,8279491.62,csi1000,中证1000,2514.6515,2600.618,2772.576833333333,3289.474,3686.3574
2008-08-25,2170.27,2170.92,2210.03,2143.39,6556650.09,csi1000,中证1000,2472.1220000000003,2570.9067999999997,2750.3115000000003,3267.3594166666667,3678.0658500000004
2008-08-26,2147.11,2041.98,2147.11,2014.09,8208277.39,csi1000,中证1000,2426.2174999999997,2535.334,2725.1226666666666,3243.7315,3668.7831
2008-08-27,2030.9,2044.26,2079.45,1987.96,8063870.44,csi1000,中证1000,2381.2120000000004,2500.4992,2700.2450000000003,3220.0756666666666,3659.2696
2008-08-28,2040.04,2044.35,2063.7,2024.66,7075548.46,csi1000,中证1000,2341.7245,2462.6423999999997,2676.4396666666667,3197.06225,3649.7945
2008-08-29,2044.69,2105.88,2130.42,2044.69,8950192.29,csi1000,中证1000,2303.212,2428.0168,2654.3040000000005,3175.669083333333,3641.4336
2008-09-01,2093.13,2046.06,2093.35,2026.9,7914955.29,csi1000,中证1000,2265.3365000000003,2388.9988,2631.4038333333333,3153.044083333333,3632.9439
2008-09-02,2031.3,2064.11,2087.06,2005.66,8054873.46,csi1000,中证1000,2232.9105000000004,2353.1604,2613.7091666666665,3131.4405833333335,3624.7197
2008-09-03,2058.34,2057.11,2083.42,2016.4,10228926.4,csi1000,中证1000,2200.502,2317.67,2597.0855,3111.3658333333337,3616.3538
2008-09-04,2046.8,2066.88,2088.89,2035.42,7530693.85,csi1000,中证1000,2167.9785,2286.9812,2581.122666666667,3091.6275,3607.4657
2008-09-05,2005.3,1952.6,2019.35,1950.92,8192269.42,csi1000,中证1000,2139.8599999999997,2250.04,2565.6486666666665,3073.7581666666665,3598.08805
2008-09-08,1946.85,1847.39,1962.17,1840.62,8000342.88,csi1000,中证1000,2117.4415,2211.7928,2549.5733333333333,3057.368,3588.1051500000003
2008-09-09,1850.5,1864.16,1874.0,1829.4,6780552.24,csi1000,中证1000,2098.0800000000004,2177.8540000000003,2536.6273333333334,3039.5698333333335,3577.8129500000005
2008-09-10,1850.62,1883.98,1914.15,1832.76,7946156.73,csi1000,中证1000,2079.941,2145.002,2521.7316666666666,3020.6530000000002,3567.45005
2008-09-11,1876.91,1838.23,1895.49,1828.18,7202906.04,csi1000,中证1000,2058.6549999999997,2109.8372,2509.685,3000.992916666667,3557.0218
2008-09-12,1834.54,1836.74,1867.31,1830.3,5955441.0,csi1000,中证1000,2037.6215,2082.708,2496.959,2981.8811666666666,3547.5456
2008-09-16,1836.26,1795.37,1836.26,1782.01,7109720.79,csi1000,中证1000,2023.4125,2062.6924000000004,2484.4143333333336,2961.8966666666665,3537.5083
2008-09-17,1793.49,1764.2,1816.05,1755.88,7400168.55,csi1000,中证1000,2005.631,2043.2048000000002,2470.2166666666667,2941.76025,3527.4313
2008-09-18,1726.39,1710.75,1745.09,1613.85,10391719.74,csi1000,中证1000,1976.185,2021.7644,2452.8166666666666,2923.1001666666666,3517.37055
2008-09-19,1861.83,1877.69,1877.69,1842.26,10452974.22,csi1000,中证1000,1959.217,2006.3139999999999,2437.6473333333333,2904.9139166666664,3508.1922999999997
2008-09-22,1990.89,1963.3,2049.22,1887.01,20356550.64,csi1000,中证1000,1948.798,1994.5495999999998,2427.1969999999997,2889.0947499999997,3499.00215
2008-09-23,1897.88,1832.16,1897.88,1832.16,11835845.83,csi1000,中证1000,1931.86,1984.654,2414.7395,2874.8668333333335,3489.49555
2008-09-24,1802.98,1877.35,1877.35,1782.03,10313703.34,csi1000,中证1000,1923.6285,1974.9548000000002,2403.923333333333,2862.8480833333333,3480.0478999999996
2008-09-25,1878.1,1921.03,1937.53,1875.83,15014656.5,csi1000,中证1000,1917.4669999999999,1959.8092,2393.063666666667,2850.578083333334,3470.69185
2008-09-26,1927.41,1917.37,1939.88,1880.49,12164643.36,csi1000,中证1000,1911.118,1947.8220000000001,2380.2385,2836.58725,3461.0164999999997
2008-10-06,1879.29,1855.12,1890.76,1842.82,10516984.13,csi1000,中证1000,1898.5800000000004,1935.1596000000002,2366.4043333333334,2821.43025,3450.8133
2008-10-07,1800.18,1849.97,1873.15,1786.4,8913821.71,csi1000,中证1000,1888.7754999999997,1922.3216,2350.0364999999997,2807.95525,3440.2600999999995
2008-10-08,1816.72,1807.69,1842.67,1790.27,8445164.53,csi1000,中证1000,1875.9544999999998,1912.95,2332.0325,2793.2890833333336,3429.0023499999998
2008-10-09,1839.68,1781.02,1848.3,1780.86,7950083.93,csi1000,中证1000,1862.15,1902.4204,2312.257166666667,2777.97225,3417.3464000000004
2008-10-10,1717.47,1646.93,1717.47,1646.04,8681875.88,csi1000,中证1000,1841.1525000000001,1886.5236000000002,2291.2956666666664,2763.369,3404.80935
2008-10-13,1621.04,1686.88,1686.88,1570.07,8139710.88,csi1000,中证1000,1827.8665,1869.7636000000002,2271.221,2748.22425,3393.0561
2008-10-14,1735.29,1629.74,1743.29,1629.74,9811242.58,csi1000,中证1000,1816.984,1853.1108,2249.0831666666663,2733.2727499999996,3380.68555
2008-10-15,1612.58,1615.78,1633.6,1591.81,6383969.32,csi1000,中证1000,1804.5649999999998,1835.1775999999998,2227.7986666666666,2719.3113333333336,3368.0953499999996
2008-10-16,1556.04,1524.32,1568.16,1523.58,8624878.58,csi1000,中证1000,1786.5819999999999,1813.8659999999998,2207.3531666666668,2706.041583333333,3355.24195
2008-10-17,1534.44,1547.96,1558.06,1519.53,7316455.62,csi1000,中证1000,1772.0684999999999,1793.1091999999999,2187.9571666666666,2693.0920833333334,3342.1454
2008-10-20,1545.53,1606.02,1610.14,1529.29,8429620.63,csi1000,中证1000,1760.5325,1779.246,2168.179166666667,2681.022,3329.1229000000003
2008-10-21,1610.46,1611.73,1650.85,1602.0,11228953.33,csi1000,中证1000,1751.3504999999998,1769.8196000000003,2146.4796666666666,2667.92925,3315.7746
2008-10-22,1593.79,1580.89,1622.65,1580.18,9488223.87,csi1000,中证1000,1742.1850000000002,1758.4888,2123.9728333333337,2652.3633333333337,3301.9575
2008-10-23,1552.36,1597.61,1597.61,1541.09,8926029.81,csi1000,中证1000,1736.5279999999998,1747.0340000000003,2102.014166666667,2636.8601666666664,3288.0019
2008-10-24,1595.16,1575.06,1607.15,1555.35,8503590.65,csi1000,中证1000,1721.3965,1736.5072,2078.419,2621.2609166666666,3273.5115499999997
2008-10-27,1547.15,1452.94,1547.15,1448.99,9354489.88,csi1000,中证1000,1695.8785,1721.1552000000001,2053.1093333333333,2604.4298333333336,3258.2771000000002
2008-10-28,1419.48,1490.74,1496.04,1408.36,9928541.32,csi1000,中证1000,1678.8075000000001,1708.97,2027.5964999999999,2586.983083333333,3243.2637
2008-10-29,1506.81,1426.08,1508.42,1426.08,9318457.87,csi1000,中证1000,1656.2440000000001,1695.4452,2002.03,2568.08275,3227.2102499999996
2008-10-30,1432.33,1436.9,1456.27,1412.78,8643420.14,csi1000,中证1000,1632.0375,1684.4912,1976.9055,2549.2325833333334,3210.6895999999997
2008-10-31,1433.45,1406.76,1444.32,1398.28,7707158.89,csi1000,中证1000,1606.507,1665.654,1953.1165,2531.3444999999997,3193.83325
2008-11-03,1397.76,1388.38,1408.53,1381.34,7020895.99,csi1000,中证1000,1583.17,1642.6572,1928.3206666666665,2512.3320833333332,3176.4395
2008-11-04,1380.37,1374.35,1382.45,1343.01,8212139.85,csi1000,中证1000,1559.389,1624.3448,1904.5003333333334,2493.1630833333334,3159.6157999999996
2008-11-05,1376.98,1423.45,1429.38,1376.98,10463162.86,csi1000,中证1000,1540.1770000000001,1606.1888000000001,1883.014,2473.776916666667,3142.3117
2008-11-06,1392.42,1405.8,1407.3,1379.23,9693931.79,csi1000,中证1000,1521.416,1585.5796000000003,1861.356,2454.01825,3124.8677499999994
2008-11-07,1382.26,1432.78,1439.51,1374.9,9340026.03,csi1000,中证1000,1510.7085000000002,1566.1960000000001,1839.9464999999998,2433.824,3107.6943
2008-11-10,1456.09,1541.3,1543.83,1456.09,14864459.33,csi1000,中证1000,1503.4295,1553.6431999999998,1823.7186666666666,2414.74,3090.6690500000004
2008-11-11,1539.14,1533.36,1571.18,1520.82,16567176.25,csi1000,中证1000,1498.6105000000002,1540.9788,1811.012,2395.9421666666667,3073.33625
2008-11-12,1519.73,1580.05,1580.2,1514.7,13097877.22,csi1000,中证1000,1496.824,1531.8732,1799.823,2377.3935,3056.4495999999995
2008-11-13,1565.85,1652.16,1672.6,1561.19,21702437.53,csi1000,中证1000,1503.216,1526.7187999999996,1789.913,2361.2224999999994,3040.4629999999997
2008-11-14,1666.74,1737.47,1737.47,1650.3,24218622.98,csi1000,中证1000,1512.6915000000001,1530.3403999999998,1781.138333333333,2344.9455833333336,3024.7167
2008-11-17,1735.42,1827.97,1828.15,1725.39,25243291.12,csi1000,中证1000,1523.789,1535.984,1773.981,2329.5769999999998,3010.4521000000004
2008-11-18,1815.94,1695.21,1841.63,1685.35,27384040.19,csi1000,中证1000,1527.963,1538.6028,1767.5753333333334,2313.6765,2997.4647000000004
2008-11-19,1678.68,1809.92,1817.11,1678.68,22739126.28,csi1000,中证1000,1539.4145,1546.3684,1762.4101666666668,2299.73075,2984.15865
2008-11-20,1784.9,1811.99,1850.93,1767.94,23061828.43,csi1000,中证1000,1550.1335,1557.8752000000002,1754.2821666666669,2285.773083333333,2970.1889
2008-11-21,1761.55,1794.57,1841.94,1710.45,21912827.84,csi1000,中证1000,1561.109,1567.7395999999999,1747.2408333333333,2270.9888333333333,2956.097
2008-11-24,1792.82,1726.55,1809.33,1724.31,15840911.24,csi1000,中证1000,1574.7895,1572.5608,1739.8220000000001,2256.199416666667,2943.3161000000005
2008-11-25,1744.91,1714.32,1762.56,1667.43,13727238.67,csi1000,中证1000,1585.9685,1576.6643999999997,1732.2119999999998,2241.2617499999997,2930.0827999999997
2008-11-26,1708.41,1717.22,1740.18,1691.47,10852918.02,csi1000,中证1000,1600.5255000000002,1582.1175999999998,1726.7993333333332,2225.9610000000002,2916.7217
2008-11-27,1830.41,1738.55,1834.43,1738.35,20416854.41,csi1000,中证1000,1615.608,1587.7552000000003,1721.7041666666667,2210.9745833333336,2904.3389
2008-11-28,1720.3,1719.43,1743.76,1698.87,14165634.46,csi1000,中证1000,1631.2415,1593.53,1716.2888333333333,2196.36425,2892.7992
2008-12-01,1711.86,1801.67,1801.67,1701.08,18545217.05,csi1000,中证1000,1651.9060000000002,1607.4791999999998,1711.2186666666669,2182.7613333333334,2880.07495
2008-12-02,1763.85,1841.69,1853.67,1756.14,25838126.46,csi1000,中证1000,1675.273,1621.5172,1707.8125,2169.608166666667,2867.45065
2008-12-03,1855.19,1912.76,1912.76,1852.29,27571725.02,csi1000,中证1000,1699.7385,1640.9843999999998,1705.29,2159.4995833333332,2855.15745
2008-12-04,1932.68,1912.81,1974.78,1910.05,31614918.77,csi1000,中证1000,1725.089,1660.0208000000002,1702.8849999999998,2149.98525,2842.44625
2008-12-05,1898.73,1972.41,1972.93,1897.0,24632893.12,csi1000,中证1000,1752.0705000000003,1682.6468,1701.3105,2141.2165833333333,2830.1208500000002
2008-12-08,1992.51,2054.21,2054.21,1988.12,30243773.93,csi1000,中证1000,1777.716,1709.28,1703.004,2134.3263333333334,2817.6152999999995
2008-12-09,2059.82,2001.22,2059.82,1992.43,26644613.69,csi1000,中证1000,1801.109,1734.3547999999998,1705.5678333333333,2127.570583333333,2804.422
2008-12-10,1985.32,2070.9,2072.05,1985.05,24830721.35,csi1000,中证1000,1825.6515000000004,1760.2528,1709.0135,2122.820416666667,2791.6740000000004
2008-12-11,2072.23,2013.36,2080.4,2012.19,24996662.14,csi1000,中证1000,1843.7115000000001,1784.5551999999998,1711.1698333333334,2116.45075,2778.32985
2008-12-12,1992.96,1916.2,2006.33,1884.5,20012340.73,csi1000,中证1000,1852.648,1803.8919999999998,1712.4693333333335,2111.077166666667,2764.9511500000003
2008-12-15,1942.35,1956.29,1962.3,1902.67,14931802.69,csi1000,中证1000,1859.0639999999999,1820.4916,1714.4618333333333,2105.710416666667,2752.5188
2008-12-16,1943.04,1983.74,1986.0,1890.82,15169031.44,csi1000,中证1000,1873.4904999999999,1838.5068,1717.6013333333333,2101.0078333333336,2740.2066499999996
2008-12-17,1989.16,2015.5,2040.09,1984.67,20197616.63,csi1000,中证1000,1883.7694999999999,1855.9248,1721.7896666666668,2096.003166666667,2727.5082499999994
2008-12-18,2015.31,2049.5,2051.61,1996.36,18349532.49,csi1000,中证1000,1895.645,1871.8184000000003,1727.4355,2090.1260833333336,2714.8963999999996
2008-12-19,2049.62,2066.43,2090.69,2045.03,20911236.74,csi1000,中证1000,1909.238,1884.9768000000001,1730.5811666666668,2084.11425,2701.9958500000002
2008-12-22,2062.06,2075.31,2090.68,2033.02,18041931.03,csi1000,中证1000,1926.676,1894.8704,1732.448,2079.8224999999998,2688.2986
2008-12-23,2080.98,1938.6,2080.98,1937.84,20357485.21,csi1000,中证1000,1937.89,1904.606,1734.222,2074.48075,2673.86825
2008-12-24,1908.52,1895.66,1927.88,1870.43,15284422.59,csi1000,中证1000,1946.812,1908.0356000000002,1734.5271666666667,2069.22525,2658.9599
2008-12-25,1900.85,1898.36,1925.25,1857.97,12985876.85,csi1000,中证1000,1954.8025000000002,1911.4903999999997,1734.1493333333335,2063.6065000000003,2644.0368999999996
2008-12-26,1898.48,1877.9,1911.88,1870.09,11362509.85,csi1000,中证1000,1962.726,1914.8236,1733.4914999999999,2056.8650000000002,2629.3965999999996
2008-12-29,1868.91,1873.53,1883.34,1818.2,9914773.85,csi1000,中证1000,1966.319,1920.7028,1733.7983333333332,2050.1013333333335,2615.39895
2008-12-30,1870.87,1865.96,1894.62,1855.05,10500768.99,csi1000,中证1000,1967.5325,1926.7684000000002,1734.0648333333334,2042.0506666666665,2600.9234500000002
2008-12-31,1866.63,1830.82,1876.47,1830.01,9220931.89,csi1000,中证1000,1963.4355,1931.3124000000003,1734.4503333333334,2033.2414166666667,2586.7949000000003
2009-01-05,1856.37,1920.1,1920.1,1853.96,14009263.48,csi1000,中证1000,1963.8,1938.5744,1736.7683333333332,2024.5127500000003,2574.065
2009-01-06,1915.6,1982.87,1985.19,1904.69,19523416.34,csi1000,中证1000,1964.3229999999999,1949.1119999999999,1742.3673333333331,2016.8315,2561.80195
2009-01-07,1980.76,1995.19,2013.32,1973.6,19499385.96,csi1000,中证1000,1961.372,1956.8528,1747.5058333333332,2009.3634166666668,2551.2933
2009-01-08,1963.39,1951.99,1980.23,1931.1,16754100.71,csi1000,中证1000,1958.9105,1961.2648,1752.8766666666668,2000.9799166666667,2541.9822
2009-01-09,1951.42,2009.1,2010.87,1951.42,15950030.8,csi1000,中证1000,1955.8204999999998,1965.1184000000003,1759.4320000000002,1993.6153333333334,2532.0280000000002
2009-01-12,2005.76,2032.54,2061.76,2001.61,19324608.99,csi1000,中证1000,1956.7794999999999,1969.9075999999998,1767.9023333333332,1987.6277499999999,2521.4207
2009-01-13,2013.75,1970.03,2019.69,1965.65,16083994.64,csi1000,中证1000,1959.471,1969.8124000000003,1774.9368333333332,1981.4470000000001,2510.2836500000003
2009-01-14,1965.39,2054.57,2054.57,1965.39,18425259.32,csi1000,中证1000,1964.3849999999998,1969.8268000000003,1782.4126666666668,1975.2959166666665,2499.90575
2009-01-15,2038.81,2079.86,2105.8,2035.19,24433660.22,csi1000,中证1000,1969.191,1972.9724,1790.2148333333332,1968.34725,2489.3375
2009-01-16,2087.21,2090.02,2119.18,2080.11,24570616.85,csi1000,中证1000,1972.9170000000001,1973.7372,1798.7003333333332,1961.3365833333332,2478.88475
2009-01-19,2100.97,2085.58,2112.96,2058.66,18446024.0,csi1000,中证1000,1974.721,1976.626,1806.8331666666668,1954.4236666666668,2469.5628500000003
2009-01-20,2084.22,2111.39,2111.39,2071.22,14942551.39,csi1000,中证1000,1976.9689999999998,1984.4336,1815.772,1947.0955,2459.8196000000003
2009-01-21,2088.52,2107.87,2125.91,2079.9,17320141.36,csi1000,中证1000,1978.5970000000002,1990.4968,1826.6875,1939.8984166666667,2451.05095
2009-01-22,2119.53,2140.16,2146.83,2111.99,18794982.95,csi1000,中证1000,1988.675,1996.7535999999998,1837.5111666666667,1932.5538333333332,2444.0542
2009-01-23,2137.28,2122.35,2145.03,2118.39,17730650.63,csi1000,中证1000,2000.0095000000001,2001.0276,1849.1156666666668,1925.5728333333332,2438.06795
2009-02-02,2141.82,2193.69,2193.69,2132.45,19594987.46,csi1000,中证1000,2014.7759999999998,2006.7951999999998,1861.7288333333336,1919.3171666666667,2432.06925
2009-02-03,2193.04,2254.41,2254.41,2189.67,27046717.3,csi1000,中证1000,2033.6015,2014.3143999999998,1875.8563333333332,1914.4864166666666,2425.35995
2009-02-04,2262.96,2297.07,2297.07,2254.5,29148946.47,csi1000,中证1000,2054.7785,2023.1847999999998,1891.0011666666667,1909.6609166666667,2418.4755
2009-02-05,2294.75,2270.26,2309.05,2248.11,32329720.78,csi1000,中证1000,2074.9935,2036.4512,1905.933,1905.2166666666667,2412.49195
2009-02-06,2276.06,2367.72,2371.45,2276.06,33190480.44,csi1000,中证1000,2101.8385000000003,2055.3336,1921.6708333333333,1902.3424166666666,2406.4924
2009-02-09,2397.06,2441.64,2441.8,2373.06,38192268.95,csi1000,中证1000,2127.9155,2077.0647999999997,1938.9348333333332,1900.1454166666667,2400.6054
2009-02-10,2430.75,2508.65,2508.65,2406.22,36277075.21,csi1000,中证1000,2154.2045,2102.2948,1956.8660000000002,1898.40625,2396.15205
2009-02-11,2468.55,2511.31,2570.05,2455.34,40677037.45,csi1000,中证1000,2180.0105,2127.806,1973.0328333333334,1898.37575,2391.18735
2009-02-12,2517.74,2557.24,2557.24,2444.54,34465480.41,csi1000,中证1000,2210.273,2155.4572,1990.0974999999999,1900.55475,2386.85395
2009-02-13,2556.87,2640.39,2642.1,2549.83,37426625.99,csi1000,中证1000,2241.8375,2187.84,2007.7698333333333,1903.7964166666668,2383.60015
2009-02-16,2664.25,2694.43,2697.06,2628.51,40335481.59,csi1000,中证1000,2274.932,2218.8131999999996,2025.141,1907.5269999999998,2381.48885
2009-02-17,2684.8,2591.38,2689.04,2587.61,37178897.25,csi1000,中证1000,2305.9995,2243.1536,2039.3728333333336,1910.2555833333333,2378.93625
2009-02-18,2537.83,2500.36,2599.27,2498.67,30127315.52,csi1000,中证1000,2328.2889999999998,2263.3604,2050.5793333333336,1912.2801666666667,2376.1659
2009-02-19,2524.28,2560.66,2564.8,2504.13,26436742.57,csi1000,中证1000,2352.329,2287.7072,2065.0035,1916.2894166666665,2373.0549
2009-02-20,2562.19,2643.54,2643.54,2546.38,27799561.49,csi1000,中证1000,2380.005,2313.0847999999996,2078.8971666666666,1920.6536666666666,2369.0286
2009-02-23,2636.37,2732.42,2739.55,2623.31,32308051.22,csi1000,中证1000,2412.347,2341.08,2094.2376666666664,1924.2599166666664,2365.4007500000002
2009-02-24,2705.3,2622.02,2739.88,2611.21,37764068.04,csi1000,中证1000,2437.8785,2367.1596,2108.0285,1927.6346666666666,2361.276
2009-02-25,2643.36,2650.18,2664.37,2565.99,30903427.65,csi1000,中证1000,2464.9939999999997,2390.984,2123.4223333333334,1931.6221666666668,2357.16355
2009-02-26,2651.48,2461.93,2677.42,2429.27,31315311.32,csi1000,中证1000,2481.0825,2406.2668,2135.8825,1934.0472499999998,2351.55145
2009-02-27,2411.68,2302.02,2425.11,2279.69,25188538.49,csi1000,中证1000,2490.066,2414.7468,2145.6291666666666,1936.2142500000002,2344.59095
2009-03-02,2270.11,2374.97,2378.04,2264.15,18394691.25,csi1000,中证1000,2499.13,2426.3224,2156.2361666666666,1938.9701666666667,2337.9712
2009-03-03,2315.22,2402.44,2431.08,2298.41,21328813.23,csi1000,中证1000,2506.5315,2437.9644,2167.6196666666665,1941.95425,2332.21675
2009-03-04,2411.28,2541.43,2543.46,2411.28,28488288.09,csi1000,中证1000,2518.7495,2455.3068000000003,2179.949,1945.5838333333334,2326.57455
2009-03-05,2567.04,2564.77,2596.92,2501.13,31555021.97,csi1000,中证1000,2533.475,2472.2912,2192.000333333333,1949.9064166666665,2321.02525
2009-03-06,2524.11,2548.34,2570.82,2510.3,24529147.4,csi1000,中证1000,2542.506,2489.3308,2202.5933333333332,1953.9416666666666,2315.018
2009-03-09,2555.46,2429.33,2577.17,2423.76,23977939.76,csi1000,中证1000,2541.8905,2498.7563999999998,2211.2019999999998,1957.0435,2308.2804499999997
2009-03-10,2399.63,2487.79,2487.79,2394.62,16377506.45,csi1000,中证1000,2540.8475000000003,2508.0916,2219.7916666666665,1960.551083333333,2301.4389499999997
2009-03-11,2531.02,2481.96,2535.8,2468.95,20110315.24,csi1000,中证1000,2539.38,2515.4872,2226.920833333333,1964.9624166666667,2294.69185
2009-03-12,2468.34,2492.52,2500.58,2403.97,19387497.17,csi1000,中证1000,2536.144,2524.3776000000003,2235.109166666667,1970.3385,2288.20895
2009-03-13,2500.24,2469.92,2518.58,2465.36,18490138.66,csi1000,中证1000,2527.6205,2528.4656,2241.7595,1975.3865,2281.5291
2009-03-16,2455.57,2503.91,2503.91,2439.22,15758991.15,csi1000,中证1000,2518.0945,2530.9564,2249.9353333333333,1980.5525833333334,2276.08525
2009-03-17,2505.44,2595.07,2602.98,2496.8,25365242.33,csi1000,中证1000,2518.279,2534.4132,2261.2498333333338,1986.8595833333334,2270.6070999999997
2009-03-18,2605.72,2624.44,2664.28,2602.21,28741946.21,csi1000,中证1000,2524.483,2538.9384,2272.385666666667,1993.4237500000002,2265.3683
2009-03-19,2629.51,2687.28,2687.28,2623.14,30033634.85,csi1000,中证1000,2530.814,2544.14,2284.1113333333333,2000.8563333333332,2260.78835
2009-03-20,2687.11,2672.45,2691.37,2621.49,29108580.29,csi1000,中证1000,2532.2594999999997,2545.4224000000004,2295.0604999999996,2008.4250833333333,2256.73355
2009-03-23,2669.21,2723.02,2726.86,2661.31,29674793.05,csi1000,中证1000,2531.7895,2546.5660000000003,2306.2858333333334,2016.8606666666667,2252.9141
2009-03-24,2741.75,2743.76,2754.18,2707.42,32238727.96,csi1000,中证1000,2537.8765,2552.6612,2317.5746666666664,2024.0779166666666,2248.7895
2009-03-25,2728.49,2681.4,2756.65,2681.4,28915746.63,csi1000,中证1000,2539.4375,2559.9028,2327.6761666666666,2030.0620833333335,2244.6901000000003
2009-03-26,2673.7,2747.38,2747.38,2638.05,28024220.32,csi1000,中证1000,2553.71,2567.3716,2341.155833333333,2037.6889166666667,2240.8928
2009-03-27,2758.91,2773.33,2790.0,2742.8,32862048.27,csi1000,中证1000,2577.2754999999997,2572.5632,2355.7836666666667,2045.1554166666667,2236.9928999999997
2009-03-30,2774.7,2785.36,2806.15,2763.79,28459268.8,csi1000,中证1000,2597.795,2574.6808,2370.567,2052.358166666667,2233.2351
2009-03-31,2728.74,2814.17,2814.25,2708.28,27369591.13,csi1000,中证1000,2618.3815000000004,2582.3668,2386.1715,2059.8315,2229.9426000000003
2009-04-01,2822.11,2855.85,2866.8,2822.11,34713126.32,csi1000,中证1000,2634.1025,2590.5935999999997,2402.5435,2068.1709166666665,2227.05175
2009-04-02,2864.72,2861.15,2889.34,2842.91,34609696.07,csi1000,中证1000,2648.9215,2606.5624,2419.1299999999997,2076.5974166666665,2224.25715
2009-04-03,2875.42,2848.33,2888.39,2810.9,33454380.58,csi1000,中证1000,2663.921,2628.4148,2436.0885,2085.269416666667,2222.86985
2009-04-07,2850.97,2893.86,2893.86,2850.97,25016358.2,csi1000,中证1000,2687.1475,2649.1704,2452.3178333333335,2094.543083333333,2222.0665
2009-04-08,2884.4,2799.43,2896.32,2799.43,28859689.9,csi1000,中证1000,2702.7295,2665.05,2465.927166666667,2104.14725,2220.9404
2009-04-09,2790.23,2860.71,2860.71,2782.93,24313226.01,csi1000,中证1000,2721.667,2677.8212,2480.3525,2113.929166666667,2220.83875
2009-04-10,2872.57,2945.91,2946.32,2863.82,32214720.31,csi1000,中证1000,2744.3365000000003,2693.0668,2496.9178333333334,2124.89725,2221.50875
2009-04-13,2960.73,2979.83,2985.34,2950.62,33836281.21,csi1000,中证1000,2769.8320000000003,2710.3264,2513.096666666667,2136.2643333333335,2223.2033
2009-04-14,2980.06,3030.31,3034.31,2962.73,33828448.74,csi1000,中证1000,2796.152,2734.3656,2529.726166666667,2148.81425,2224.46625
2009-04-15,3015.77,3071.29,3071.31,2990.13,35468709.36,csi1000,中证1000,2819.963,2757.7056,2548.0804999999996,2161.5086666666666,2227.01755
2009-04-16,3079.32,3089.67,3108.38,3026.23,38266459.63,csi1000,中证1000,2843.2245,2782.014,2565.3321666666666,2173.8724166666666,2229.4644
2009-04-17,3080.73,3042.66,3089.34,3002.19,34156270.66,csi1000,中证1000,2860.9934999999996,2804.0195999999996,2581.3788333333337,2185.7968333333333,2231.93745
2009-04-20,3032.36,3122.54,3122.54,3032.36,33117621.36,csi1000,中证1000,2883.498,2830.1244,2598.5875,2198.643916666667,2234.46985
2009-04-21,3094.51,3117.7,3134.62,3062.09,34559301.1,csi1000,中证1000,2903.232,2854.676,2615.7895,2211.311333333333,2236.2846
2009-04-22,3122.59,2959.56,3141.93,2936.99,37364005.09,csi1000,中证1000,2914.022,2869.2556,2629.9256666666665,2222.848833333333,2237.14315
2009-04-23,2929.24,2980.15,2999.27,2899.9,25216853.14,csi1000,中证1000,2928.9595,2883.4840000000004,2644.463666666666,2235.5755833333333,2239.0923000000003
2009-04-24,2990.47,2956.25,3002.09,2954.19,24124606.55,csi1000,中证1000,2939.403,2894.2428000000004,2658.0651666666663,2247.7881666666667,2240.9755
2009-04-27,2948.43,2838.17,2955.16,2829.24,22256027.51,csi1000,中证1000,2942.645,2900.8716000000004,2669.9955,2259.5555833333333,2242.5347500000003
2009-04-28,2812.15,2870.51,2870.51,2811.64,20129940.19,csi1000,中证1000,2946.9025,2906.7712,2681.2758333333336,2271.502333333333,2244.0242500000004
2009-04-29,2870.53,2933.56,2939.43,2861.93,26668475.93,csi1000,中证1000,2952.872,2914.3632000000002,2692.5950000000003,2284.2256666666667,2245.25765
2009-04-30,2943.51,2971.9,2980.95,2933.4,27360099.08,csi1000,中证1000,2958.6745,2925.9832,2703.842166666667,2297.421666666667,2246.6913
2009-05-04,2979.81,3069.85,3069.85,2979.81,28660871.47,csi1000,中证1000,2969.1094999999996,2938.8819999999996,2717.1686666666665,2311.5508333333332,2247.88035
2009-05-05,3093.53,3117.4,3128.56,3075.9,32150670.3,csi1000,中证1000,2982.563,2952.6448000000005,2729.663333333333,2325.6670833333333,2249.0277
2009-05-06,3113.66,3175.64,3175.64,3102.38,33662478.44,csi1000,中证1000,2996.652,2968.2560000000003,2741.896666666667,2340.41575,2250.0682
2009-05-07,3190.75,3154.78,3196.73,3090.64,37135537.04,csi1000,中证1000,3014.4195,2981.8804,2752.6655000000005,2354.76575,2251.319
2009-05-08,3138.12,3160.74,3175.41,3108.63,33759922.48,csi1000,中证1000,3029.421,2994.0759999999996,2763.4893333333334,2368.2610833333333,2252.6659
2009-05-11,3170.97,3033.39,3173.62,3033.39,32957872.29,csi1000,中证1000,3033.795,3000.9656,2771.4251666666664,2380.7613333333334,2253.0428
2009-05-12,3005.82,3108.81,3108.81,3000.69,22336964.65,csi1000,中证1000,3040.2439999999997,3011.3848000000003,2779.2321666666667,2393.5009999999997,2254.1226
2009-05-13,3112.52,3137.42,3146.93,3095.23,26458526.39,csi1000,中证1000,3045.5995,3021.1272000000004,2786.6153333333336,2405.878166666667,2256.05445
2009-05-14,3118.64,3160.98,3166.87,3105.15,27137221.12,csi1000,中证1000,3050.084,3035.5892,2796.108666666667,2417.74075,2258.30075
2009-05-15,3170.07,3183.19,3194.2,3157.52,27127437.06,csi1000,中证1000,3054.7599999999998,3048.4884,2807.4891666666667,2429.03425,2260.2531999999997
2009-05-18,3175.59,3212.93,3215.19,3134.15,25897938.63,csi1000,中证1000,3063.2735,3059.1692,2818.360333333333,2441.681916666667,2261.74935
2009-05-19,3229.79,3243.41,3247.47,3217.32,30084132.62,csi1000,中证1000,3069.317,3069.7124,2828.358166666667,2453.6276666666668,2263.3098999999997
2009-05-20,3241.11,3227.42,3266.33,3221.47,29334396.68,csi1000,中证1000,3074.803,3077.5968,2836.6081666666664,2465.422916666667,2264.87135
2009-05-21,3210.37,3170.25,3226.23,3151.45,27409062.26,csi1000,中证1000,3085.3375,3081.5552,2845.7453333333333,2476.886916666667,2265.76875
2009-05-22,3159.48,3164.27,3195.18,3146.04,21143008.93,csi1000,中证1000,3094.5434999999998,3084.5391999999997,2854.3134999999997,2488.867916666667,2266.7325
2009-05-25,3081.76,3165.13,3171.88,3051.87,22903611.56,csi1000,中证1000,3104.9875,3089.4380000000006,2866.0334999999995,2500.958,2267.4506
2009-05-26,3164.93,3179.55,3219.85,3164.93,25568562.36,csi1000,中证1000,3122.0565,3091.7183999999997,2880.659,2513.144083333333,2268.548
2009-05-27,3188.26,3179.67,3200.64,3148.79,20340286.25,csi1000,中证1000,3137.5145,3094.1972000000005,2894.0706666666665,2525.1534166666665,2269.7245
2009-06-01,3198.59,3226.04,3228.13,3194.84,23492670.94,csi1000,中证1000,3152.1385,3104.8564,2907.7973333333334,2537.7085,2271.6842
2009-06-02,3238.17,3242.41,3252.86,3223.84,27410531.31,csi1000,中证1000,3165.6639999999998,3115.3468,2919.4803333333334,2549.7146666666667,2273.5156
2009-06-03,3240.05,3266.59,3266.59,3239.01,26998642.79,csi1000,中证1000,3175.501,3127.7603999999997,2931.177333333333,2561.5888333333337,2275.8307
2009-06-04,3257.22,3256.33,3265.77,3204.82,27220614.05,csi1000,中证1000,3182.4474999999998,3144.4868,2942.9771666666666,2572.7852500000004,2278.5492
2009-06-05,3258.76,3243.5,3277.16,3239.94,25591424.53,csi1000,中证1000,3185.8405,3159.4064000000003,2956.546666666667,2583.8743333333337,2281.2403
2009-06-08,3245.52,3244.39,3267.71,3219.12,23973296.78,csi1000,中证1000,3190.321,3171.8396000000002,2969.1566666666668,2594.4741666666664,2283.8755
2009-06-09,3243.71,3266.02,3266.02,3188.75,24552694.7,csi1000,中证1000,3195.585,3183.6044,2982.224333333333,2604.5725833333336,2287.6307500000003
2009-06-10,3271.41,3302.47,3302.47,3265.77,26355508.28,csi1000,中证1000,3209.0389999999998,3192.9092000000005,2995.7234999999996,2615.416333333333,2292.6643
2009-06-11,3297.32,3282.26,3316.84,3263.03,25242870.31,csi1000,中证1000,3217.7115,3199.5036,3009.2625,2625.511,2297.8186499999997
2009-06-12,3278.44,3217.71,3286.27,3197.27,27262679.37,csi1000,中证1000,3221.726,3201.1864,3021.1591666666664,2635.54725,2302.6734
2009-06-15,3214.73,3258.58,3258.58,3200.12,20255910.01,csi1000,中证1000,3226.6059999999998,3205.3383999999996,3032.2176666666664,2646.7337500000003,2307.64655
2009-06-16,3228.95,3250.12,3256.39,3219.68,20489721.28,csi1000,中证1000,3229.9525000000003,3208.9136000000003,3042.6456666666663,2657.5156666666667,2312.6101
2009-06-17,3245.3,3293.83,3297.42,3237.12,22150931.34,csi1000,中证1000,3233.9975000000004,3219.3312,3052.754833333333,2668.433083333333,2318.6815
2009-06-18,3297.13,3311.36,3311.46,3286.89,25111533.85,csi1000,中证1000,3237.395,3227.4332,3063.4033333333336,2679.2319166666666,2324.63915
2009-06-19,3315.2,3319.75,3330.32,3295.59,28344252.01,csi1000,中证1000,3242.0115,3234.7264,3073.348833333333,2689.8173333333334,2329.73955
2009-06-22,3332.51,3297.35,3335.19,3285.79,24759340.01,csi1000,中证1000,3248.3665,3240.1812,3082.5753333333337,2700.075,2335.14105
2009-06-23,3259.32,3295.94,3318.02,3249.17,21309675.34,csi1000,中证1000,3254.95,3244.6911999999998,3092.817666666667,2710.2469166666665,2340.76235
2009-06-24,3296.79,3333.87,3333.87,3290.78,21136410.19,csi1000,中证1000,3263.3869999999997,3249.5288,3102.5925,2721.8741666666665,2346.5771
2009-06-25,3335.43,3339.82,3348.75,3321.29,22301714.69,csi1000,中证1000,3271.4005,3253.3852,3112.034,2733.9088333333334,2353.0663
2009-06-26,3343.39,3356.42,3357.23,3330.05,22286311.96,csi1000,中证1000,3280.238,3258.5452,3121.5516666666667,2746.059333333333,2359.6270999999997
2009-06-29,3360.36,3364.94,3380.68,3353.03,24767448.27,csi1000,中证1000,3287.183,3266.3328,3130.7311666666665,2758.451333333333,2366.23005
2009-06-30,3365.22,3335.1,3365.41,3322.86,23160629.76,csi1000,中证1000,3291.8175,3273.1659999999997,3138.7186666666666,2770.6310833333337,2372.37615
2009-07-01,3324.32,3357.22,3357.63,3321.79,23845475.66,csi1000,中证1000,3296.3489999999997,3280.8495999999996,3146.9865,2783.05825,2378.93195
2009-07-02,3367.13,3389.92,3389.92,3358.72,26330943.08,csi1000,中证1000,3303.0285000000003,3289.2644,3156.013,2796.05075,2385.561
2009-07-03,3378.73,3423.76,3424.08,3366.88,30461756.38,csi1000,中证1000,3312.0415000000003,3299.028,3164.8446666666664,2808.58125,2392.39425
2009-07-06,3426.37,3417.16,3428.93,3389.66,27721689.88,csi1000,中证1000,3320.6800000000003,3306.6728000000003,3175.1401666666666,2820.533666666667,2399.14565
2009-07-07,3414.55,3433.16,3450.61,3399.04,27338254.97,csi1000,中证1000,3329.0370000000003,3314.3027999999995,3184.681,2832.5167500000002,2406.5484500000002
2009-07-08,3419.26,3479.21,3481.94,3412.12,25234878.91,csi1000,中证1000,3337.874,3322.8076,3193.5693333333334,2845.243583333334,2414.70755
2009-07-09,3479.08,3551.98,3551.98,3479.08,31850815.83,csi1000,中证1000,3351.3599999999997,3334.6335999999997,3203.1051666666667,2858.1009166666668,2423.14665
2009-07-10,3553.46,3566.93,3585.61,3547.12,31383115.76,csi1000,中证1000,3368.821,3347.5708,3212.0488333333333,2870.8875,2431.5614
2009-07-13,3556.61,3598.01,3617.49,3551.88,30669208.01,csi1000,中证1000,3385.7925000000005,3361.7156,3220.8275000000003,2884.4539999999997,2440.3603
2009-07-14,3608.92,3658.5,3658.5,3608.92,30677081.38,csi1000,中证1000,3406.2115,3377.4148,3230.308,2897.820083333333,2449.4691000000003
2009-07-15,3671.57,3694.75,3697.93,3663.25,35833502.82,csi1000,中证1000,3426.2574999999997,3393.1059999999998,3241.1761666666666,2911.2774999999997,2458.966
2009-07-16,3702.9,3682.37,3719.34,3671.41,34508258.14,csi1000,中证1000,3444.808,3409.1103999999996,3250.5066666666667,2924.547083333333,2468.55685
2009-07-17,3672.52,3703.26,3712.84,3662.72,30762981.81,csi1000,中证1000,3463.9835,3428.5324,3260.266,2938.02775,2478.5194
2009-07-20,3713.33,3768.36,3768.36,3713.33,33523636.58,csi1000,中证1000,3487.5340000000006,3448.9236000000005,3273.746,2951.835833333333,2487.97275
2009-07-21,3773.29,3671.16,3773.29,3663.04,35562115.44,csi1000,中证1000,3506.2950000000005,3465.7652,3285.2628333333337,2964.8632500000003,2496.51205
2009-07-22,3666.34,3725.45,3725.46,3666.34,28552238.55,csi1000,中证1000,3525.874,3483.03,3298.0828333333334,2978.0739999999996,2505.9785
2009-07-23,3730.72,3771.71,3771.71,3723.01,29688694.75,csi1000,中证1000,3547.4685,3501.4439999999995,3313.6418333333336,2991.8186666666666,2515.4503
2009-07-24,3784.5,3741.69,3791.66,3674.06,32145320.25,csi1000,中证1000,3566.732,3518.3215999999998,3328.1615,3004.7186666666666,2524.5536
2009-07-27,3751.59,3816.04,3816.15,3751.59,30903967.45,csi1000,中证1000,3589.2870000000003,3539.0692,3342.8695,3017.73225,2534.04695
2009-07-28,3820.96,3865.94,3865.94,3789.0,34931607.56,csi1000,中证1000,3615.829,3561.8691999999996,3357.7701666666667,3030.8061666666667,2544.1010499999998
2009-07-29,3853.99,3618.03,3859.08,3534.54,36571774.72,csi1000,中证1000,3628.8695,3573.2356,3366.9064999999996,3042.0375833333333,2552.94135
2009-07-30,3629.47,3660.61,3682.57,3535.76,27473300.33,csi1000,中证1000,3642.404,3586.0671999999995,3375.96,3052.8116666666665,2562.20595
2009-07-31,3678.64,3771.17,3773.39,3670.6,28828441.81,csi1000,中证1000,3659.7745000000004,3602.6571999999996,3385.8854999999994,3063.8910833333334,2572.1567
2009-08-03,3783.49,3838.62,3838.62,3761.73,32649637.55,csi1000,中证1000,3680.8475,3621.6044,3397.282833333333,3074.974166666667,2583.1151499999996
2009-08-04,3840.23,3876.24,3876.24,3776.56,35390498.68,csi1000,中证1000,3703.0015,3643.25,3409.2078333333334,3086.3485833333334,2594.06195
2009-08-05,3874.9,3901.16,3920.69,3825.16,35433192.41,csi1000,中证1000,3724.0989999999997,3665.0076,3423.670666666667,3097.547916666667,2605.41905
2009-08-06,3876.75,3849.22,3914.77,3785.33,30238363.8,csi1000,中证1000,3738.9610000000002,3683.3796,3436.0108333333337,3107.6215,2616.58625
2009-08-07,3844.77,3742.53,3869.91,3727.67,27156832.8,csi1000,中证1000,3747.7409999999995,3696.1304,3446.096,3116.355666666667,2627.6773
2009-08-10,3777.36,3774.8,3807.19,3708.37,21703224.38,csi1000,中证1000,3756.5805,3710.4359999999997,3456.326333333333,3126.2174999999997,2638.8115000000003
2009-08-11,3784.71,3800.7,3803.04,3748.73,17948291.43,csi1000,中证1000,3763.6904999999997,3725.1376,3466.6181666666666,3137.0536666666667,2649.7849
2009-08-12,3787.97,3610.93,3787.97,3602.42,21189729.05,csi1000,中证1000,3759.4995000000004,3730.4064000000003,3473.2515,3145.8059166666662,2659.7808999999997
2009-08-13,3608.81,3616.84,3633.92,3540.76,16723423.71,csi1000,中证1000,3756.2229999999995,3733.0008000000003,3479.4753333333333,3153.91675,2669.96065
2009-08-14,3612.38,3434.0,3620.68,3434.0,19437656.87,csi1000,中证1000,3742.7599999999998,3727.6836,3482.9183333333335,3159.7632500000004,2679.1426
2009-08-17,3389.62,3197.23,3395.88,3196.08,19459033.86,csi1000,中证1000,3714.2034999999996,3711.6524,3483.3680000000004,3164.5566666666664,2687.25345
2009-08-18,3162.93,3252.12,3261.74,3140.34,15083012.84,csi1000,中证1000,3693.2515,3695.3972,3484.8321666666666,3169.572833333333,2696.24935
2009-08-19,3249.88,3086.19,3267.01,3060.47,17681072.1,csi1000,中证1000,3661.2885,3671.0548,3483.5165,3174.775,2704.2266
2009-08-20,3077.99,3206.88,3208.56,3077.63,17045402.08,csi1000,中证1000,3633.047,3652.0352000000003,3483.972,3182.3154999999997,2713.1306
2009-08-21,3200.6,3312.08,3312.08,3177.55,22183479.19,csi1000,中证1000,3611.5665,3636.388,3486.1788333333334,3190.1247500000004,2722.5065000000004
2009-08-24,3316.24,3395.4,3408.75,3299.14,23312244.36,csi1000,中证1000,3590.5345,3621.4695999999994,3489.0015,3198.3994166666666,2732.4497
2009-08-25,3377.81,3355.87,3377.81,3256.55,25576271.41,csi1000,中证1000,3565.031,3608.8580000000006,3490.8925,3205.1864166666664,2742.28715
2009-08-26,3337.56,3461.41,3490.91,3316.17,26179485.7,csi1000,中证1000,3557.2,3598.2963999999997,3494.1394999999998,3212.6584166666667,2752.7224499999998
2009-08-27,3449.51,3500.65,3527.26,3428.63,28947627.1,csi1000,中证1000,3549.2019999999998,3587.454,3498.2115,3220.594333333333,2763.1084499999997
2009-08-28,3487.76,3398.37,3491.13,3381.39,21880251.96,csi1000,中证1000,3530.5619999999994,3573.7212,3500.7926666666667,3228.669666666667,2773.0713
2009-08-31,3350.02,3163.17,3350.02,3160.12,19324838.43,csi1000,中证1000,3496.7895,3547.6064,3499.439,3234.297833333333,2781.72325
2009-09-01,3129.71,3138.41,3200.42,3096.54,15452208.68,csi1000,中证1000,3459.8979999999997,3518.5052,3497.312166666667,3239.76825,2789.7088
2009-09-02,3119.67,3151.0,3163.17,3085.36,13147901.71,csi1000,中证1000,3422.3900000000003,3499.824,3494.7876666666666,3245.255583333333,2797.797
2009-09-03,3150.83,3293.92,3304.09,3148.98,19638053.19,csi1000,中证1000,3394.625,3485.1564000000003,3494.9820000000004,3252.1222500000003,2806.3663500000002
2009-09-04,3286.12,3355.19,3372.31,3271.47,21969176.83,csi1000,中证1000,3375.2580000000003,3468.5172000000002,3497.2733333333335,3259.21625,2814.8815000000004
2009-09-07,3369.5,3405.0,3435.12,3366.74,24903766.89,csi1000,中证1000,3356.768,3451.1724,3499.713666666667,3265.9656666666665,2823.2191500000004
2009-09-08,3390.02,3455.47,3455.47,3354.85,23960144.2,csi1000,中证1000,3339.5065000000004,3434.3416,3503.1361666666667,3272.8909166666663,2831.3566499999997
2009-09-09,3456.2,3466.62,3470.8,3412.53,22934744.43,csi1000,中证1000,3332.2909999999997,3416.96,3506.0160000000005,3279.3854166666665,2840.2137
2009-09-10,3452.47,3429.54,3467.81,3406.44,19642863.03,csi1000,中证1000,3322.9260000000004,3400.1728000000003,3507.9856666666665,3285.6944999999996,2848.3118000000004
2009-09-11,3416.81,3492.15,3502.15,3415.89,21783885.58,csi1000,中证1000,3325.8334999999997,3390.1576,3510.859,3292.1039166666665,2856.7125999999994
2009-09-14,3505.09,3579.92,3588.08,3504.67,27961557.58,csi1000,中证1000,3344.968,3382.3624,3515.5685,3299.0719166666668,2865.63935
2009-09-15,3580.88,3619.6,3634.62,3561.7,28748243.28,csi1000,中证1000,3363.3419999999996,3375.1184000000003,3520.962833333333,3306.89025,2875.1045999999997
2009-09-16,3612.68,3646.41,3671.17,3568.7,29989324.49,csi1000,中证1000,3391.353,3376.5375999999997,3526.1718333333333,3314.3821666666668,2884.76505
2009-09-17,3654.04,3740.76,3750.21,3654.04,34900649.79,csi1000,中证1000,3418.047,3381.4944,3532.8541666666665,3322.4440833333333,2894.88275
2009-09-18,3748.15,3626.91,3769.12,3593.66,36427641.7,csi1000,中证1000,3433.7885,3389.2108000000003,3537.362333333333,3329.457,2904.3245500000003
2009-09-21,3593.12,3676.52,3679.38,3524.48,25620493.57,csi1000,中证1000,3447.8445,3408.3824,3542.5553333333332,3336.64325,2914.11
2009-09-22,3668.1,3589.19,3703.28,3589.19,23239188.78,csi1000,中证1000,3459.5105000000003,3421.8652,3546.7901666666667,3342.754416666666,2923.0476
2009-09-23,3573.68,3482.48,3609.83,3460.3,20626518.45,csi1000,中证1000,3460.564,3437.7168,3548.877833333333,3347.9321666666665,2931.2515499999995
2009-09-24,3460.71,3452.75,3501.26,3362.91,17797838.68,csi1000,中证1000,3458.1690000000003,3447.5516,3549.925,3352.9689999999996,2938.9515
2009-09-25,3438.03,3415.83,3461.02,3401.64,14197227.01,csi1000,中证1000,3459.042,3451.7016,3549.7928333333334,3357.31875,2946.4665999999997
2009-09-28,3425.47,3308.5,3459.1,3291.93,14144701.83,csi1000,中证1000,3466.3085,3448.2255999999998,3547.9818333333333,3361.561,2953.1470499999996
2009-09-29,3300.05,3220.38,3318.75,3161.48,12908988.25,csi1000,中证1000,3470.407,3442.8059999999996,3544.4355,3364.55825,2958.9779
2009-09-30,3238.06,3250.4,3292.43,3238.06,10847566.91,csi1000,中证1000,3475.3769999999995,3434.3656,3540.6220000000003,3367.095666666667,2965.2238
2009-10-09,3301.83,3419.11,3419.11,3301.83,13675772.13,csi1000,中证1000,3481.6364999999996,3431.104,3538.4075,3370.7563333333333,2971.96485
2009-10-12,3428.11,3439.28,3468.01,3402.02,14853737.47,csi1000,中证1000,3485.8409999999994,3432.7403999999997,3536.2799999999997,3374.1644166666665,2979.09445
2009-10-13,3430.1,3501.87,3501.87,3424.43,14161818.89,csi1000,中证1000,3490.6845000000003,3446.2884000000004,3534.677666666666,3377.752583333334,2987.0227999999997
2009-10-14,3513.73,3543.41,3569.94,3511.22,20467103.88,csi1000,中证1000,3495.0814999999993,3462.4883999999997,3532.7594999999997,3381.53375,2994.9584000000004
2009-10-15,3558.83,3559.61,3576.67,3527.25,17673220.47,csi1000,中证1000,3499.7309999999998,3478.8327999999997,3530.5071666666668,3385.8416666666667,3002.83775
2009-10-16,3564.62,3578.56,3578.56,3514.53,18114346.85,csi1000,中证1000,3507.182,3490.2184,3528.777,3389.641833333333,3010.65305
2009-10-19,3577.87,3661.71,3661.71,3571.84,22252979.28,csi1000,中证1000,3515.66,3502.4791999999998,3528.0845,3394.1752500000002,3018.7141
2009-10-20,3675.12,3715.83,3715.83,3658.75,26465585.42,csi1000,中证1000,3522.4555,3514.9123999999997,3527.2090000000003,3400.4775000000004,3026.9611
2009-10-21,3709.69,3686.21,3728.91,3686.21,27041718.08,csi1000,中证1000,3525.786,3524.1420000000003,3527.4598333333333,3406.3613333333333,3035.0156
2009-10-22,3669.93,3706.27,3728.56,3661.99,23467661.56,csi1000,中证1000,3528.779,3533.728,3527.1401666666666,3412.6115,3043.8539499999997
2009-10-23,3709.34,3751.55,3769.76,3709.34,28017230.9,csi1000,中证1000,3529.3185,3546.6083999999996,3526.804166666667,3420.223,3053.1334
2009-10-26,3760.59,3761.26,3768.97,3719.19,25877299.26,csi1000,中证1000,3536.036,3557.3728,3527.130333333333,3427.645916666667,3062.4479000000006
2009-10-27,3738.04,3657.89,3738.04,3657.49,27425771.94,csi1000,中证1000,3535.1045,3560.4916000000003,3524.4945000000002,3433.6820000000002,3071.34785
2009-10-28,3640.67,3695.39,3695.39,3611.88,21061020.94,csi1000,中证1000,3540.4145,3563.5232,3521.652,3439.711083333333,3080.45715
2009-10-29,3640.74,3624.55,3667.6,3613.11,21749996.46,csi1000,中证1000,3547.518,3562.6488,3521.760666666667,3444.3335833333335,3089.2501
2009-10-30,3665.74,3665.99,3701.99,3639.96,22571969.93,csi1000,中证1000,3558.1800000000003,3559.658,3521.8503333333333,3448.9051666666664,3098.42595
2009-11-02,3579.57,3784.19,3784.19,3574.26,27877976.7,csi1000,中证1000,3576.5980000000004,3565.9492,3522.0673333333334,3453.9764166666664,3107.7464
2009-11-03,3792.56,3869.77,3870.44,3791.27,34098163.31,csi1000,中证1000,3604.6614999999997,3573.6792000000005,3522.5864999999994,3459.9346666666665,3117.1809000000003
2009-11-04,3875.36,3911.09,3912.64,3863.79,33245803.4,csi1000,中证1000,3639.197,3586.5552000000002,3523.1673333333333,3466.1875833333334,3126.7603999999997
2009-11-05,3909.73,3951.0,3959.08,3897.07,32072596.33,csi1000,中证1000,3674.2270000000003,3605.2960000000003,3523.998,3473.8343333333332,3136.7554499999997
2009-11-06,3966.78,3969.64,4002.13,3958.11,36244433.28,csi1000,中证1000,3701.7535000000003,3625.9716000000003,3526.0049999999997,3481.007916666667,3146.55815
2009-11-09,3973.39,4006.83,4006.83,3949.79,31288402.97,csi1000,中证1000,3730.131,3649.6116,3530.4099999999994,3488.2529999999997,3156.4296000000004
2009-11-10,4019.88,4017.98,4044.3,4004.88,30254195.54,csi1000,中证1000,3755.9365000000007,3677.9908,3534.463,3495.3946666666666,3166.66935
2009-11-11,4011.71,4046.11,4051.62,3996.56,27956110.7,csi1000,中证1000,3781.0715000000005,3711.02,3538.5531666666666,3502.5856666666664,3176.6270499999996
2009-11-12,4051.54,4056.64,4096.22,4041.47,28742456.09,csi1000,中证1000,3805.9230000000002,3743.2696,3545.9816666666666,3509.6165833333334,3186.51095
2009-11-13,4041.44,4104.99,4104.99,4008.08,29023068.18,csi1000,中证1000,3832.2445,3770.7048000000004,3554.1175,3516.7964166666666,3196.5857999999994
2009-11-16,4129.49,4197.54,4197.54,4129.49,37100451.23,csi1000,中证1000,3859.036,3801.0352000000003,3566.8431666666665,3524.88075,3207.1456
2009-11-17,4209.03,4226.5,4239.84,4176.31,34599338.89,csi1000,中证1000,3884.5695,3830.0204,3583.9976666666666,3533.6828333333333,3217.72115
2009-11-18,4222.53,4253.37,4253.37,4198.6,34066239.65,csi1000,中证1000,3912.9275000000002,3858.4188,3600.6851666666666,3542.7586666666666,3228.44865
2009-11-19,4255.64,4331.01,4331.01,4250.79,37859802.49,csi1000,中证1000,3944.1645000000003,3889.2748000000006,3621.4321666666665,3552.474333333333,3239.4028999999996
2009-11-20,4322.46,4358.75,4392.56,4301.62,37520294.92,csi1000,中证1000,3974.5244999999995,3920.4824,3640.6299999999997,3562.301,3250.5849
2009-11-23,4365.47,4445.73,4445.73,4365.47,37442547.97,csi1000,中证1000,4008.7480000000005,3951.8432000000003,3659.524166666667,3572.8515,3261.8451
2009-11-24,4457.77,4193.56,4461.63,4170.55,46980899.96,csi1000,中证1000,4035.5315,3970.9524,3672.8268333333335,3580.914166666667,3271.5408500000003
2009-11-25,4174.86,4360.02,4360.02,4161.02,35122583.43,csi1000,中证1000,4068.7630000000004,3997.9048,3689.5626666666667,3590.2275833333333,3281.855600000001
2009-11-26,4365.81,4182.09,4386.48,4162.29,43085601.61,csi1000,中证1000,4096.64,4016.9376,3701.574,3597.85675,3291.4147500000004
2009-11-27,4122.38,4074.01,4208.36,4043.49,30124405.79,csi1000,中证1000,4117.040999999999,4029.8360000000002,3711.1299999999997,3604.6707499999998,3299.9462
2009-11-30,4103.54,4264.05,4264.05,4103.54,27481662.36,csi1000,中证1000,4141.034,4049.9475999999995,3725.5579999999995,3613.175333333333,3309.0582499999996
2009-12-01,4268.19,4394.99,4394.99,4248.89,34015788.29,csi1000,中证1000,4167.295,4079.4316,3746.0883333333336,3622.7636666666667,3318.48995
2009-12-02,4410.74,4474.93,4484.05,4404.46,38891039.34,csi1000,中证1000,4195.486999999999,4110.6132,3768.3636666666666,3632.8379166666664,3328.30805
2009-12-03,4462.58,4515.84,4515.84,4450.04,36373552.65,csi1000,中证1000,4223.728999999999,4146.264800000001,3791.111,3642.9493333333335,3338.1010499999998
2009-12-04,4503.67,4375.98,4533.17,4279.57,37743654.93,csi1000,中证1000,4244.046,4174.6644,3809.1453333333334,3652.063666666667,3346.7789999999995
2009-12-07,4375.16,4459.08,4459.08,4375.16,23658190.41,csi1000,中证1000,4266.6585,4201.66,3827.5434999999998,3662.4084166666667,3355.6022500000004
2009-12-08,4457.13,4450.83,4471.71,4402.31,25680909.67,csi1000,中证1000,4288.3009999999995,4224.9024,3844.974,3672.3438333333334,3364.8995
2009-12-09,4407.21,4386.53,4449.06,4363.74,23067015.57,csi1000,中证1000,4305.322,4243.92,3860.491666666667,3681.8139166666665,3374.33035
2009-12-10,4400.14,4411.69,4434.56,4362.71,18440684.15,csi1000,中证1000,4323.0745,4262.3476,3876.242833333333,3691.129416666667,3383.5854999999997
2009-12-11,4418.0,4408.39,4438.92,4390.28,18730691.16,csi1000,中证1000,4338.2445,4279.8976,3892.5570000000002,3700.271333333333,3392.40975
2009-12-14,4407.44,4384.54,4408.21,4296.17,18964352.92,csi1000,中证1000,4347.5945,4295.005999999999,3907.4301666666665,3709.1445833333332,3400.6703500000003
2009-12-15,4384.9,4412.45,4426.48,4372.32,19967715.56,csi1000,中证1000,4356.892,4310.784799999999,3921.3056666666666,3718.4370833333332,3409.6225
2009-12-16,4398.48,4391.34,4427.71,4374.11,19134237.29,csi1000,中证1000,4363.7905,4324.594,3934.1679999999997,3727.5654166666664,3418.3283
2009-12-17,4390.56,4258.45,4403.99,4256.65,19120977.79,csi1000,中证1000,4360.1625,4332.6664,3944.3686666666667,3735.27025,3427.3109000000004
2009-12-18,4215.86,4091.68,4215.86,4080.39,17300467.43,csi1000,中证1000,4346.808999999999,4332.134,3950.217333333333,3741.53575,3436.2592000000004
2009-12-21,4083.96,4146.9,4146.9,4070.36,11907595.78,csi1000,中证1000,4331.867499999999,4330.1084,3958.8838333333333,3748.1230833333334,3445.1188499999994
2009-12-22,4148.0,4024.34,4153.6,4014.47,14420474.81,csi1000,中证1000,4323.4065,4322.022,3964.6808333333333,3753.6180833333337,3453.2283500000003
2009-12-23,4016.97,4098.22,4098.22,4016.97,13000961.59,csi1000,中证1000,4310.3165,4315.816000000001,3973.1646666666666,3759.9774166666666,3461.0123
2009-12-24,4100.93,4229.8,4236.27,4096.4,18274245.81,csi1000,中证1000,4312.701999999999,4311.7676,3985.6200000000003,3767.2489166666664,3469.33745
2009-12-25,4227.1,4255.65,4280.91,4208.57,16578436.44,csi1000,中证1000,4321.784000000001,4307.643599999999,3999.0016666666666,3774.4633333333336,3477.874
2009-12-28,4262.37,4326.27,4326.27,4262.37,17366613.55,csi1000,中证1000,4324.8949999999995,4302.8652,4014.1756666666665,3781.98425,3487.3586999999998
2009-12-29,4330.13,4351.14,4351.14,4280.41,18633928.95,csi1000,中证1000,4322.7025,4309.1684000000005,4031.553,3789.7674166666666,3496.6754499999997
2009-12-30,4346.4,4336.61,4360.52,4298.53,19009667.87,csi1000,中证1000,4315.7865,4308.232,4050.156833333333,3797.296166666667,3505.9487
2009-12-31,4337.55,4391.28,4392.86,4334.13,19574831.48,csi1000,中证1000,4309.558500000001,4316.5996000000005,4069.1715,3804.89675,3515.4425
2010-01-04,4413.75,4406.77,4436.06,4393.5,23533327.18,csi1000,中证1000,4311.098,4329.91,4085.6325,3812.02,3525.12675
2010-01-05,4411.28,4462.23,4462.23,4378.1,26467952.25,csi1000,中证1000,4311.2555,4337.8372,4102.681666666667,3819.4808333333335,3534.9183500000004
2010-01-06,4459.85,4452.87,4499.51,4445.5,28617067.3,csi1000,中证1000,4311.3575,4340.1524,4118.531666666667,3826.6046666666666,3544.2073499999997
2010-01-07,4440.11,4361.16,4452.18,4345.05,28255441.07,csi1000,中证1000,4310.089,4335.6016,4132.160833333333,3832.4601666666667,3552.8909500000004
2010-01-08,4335.78,4417.77,4417.79,4323.46,22353872.59,csi1000,中证1000,4310.393,4331.6788,4146.4635,3838.485333333333,3561.5433999999996
2010-01-11,4445.6,4449.94,4450.02,4398.06,26684597.02,csi1000,中证1000,4312.4705,4334.6372,4160.9865,3844.88175,3570.43085
2010-01-12,4440.99,4541.6,4541.6,4435.91,30220964.77,csi1000,中证1000,4320.3235,4337.938,4175.651333333333,3851.867916666667,3579.52375
2010-01-13,4447.51,4485.32,4545.42,4430.01,29812304.94,csi1000,中证1000,4323.967,4339.3176,4188.476166666666,3857.842583333333,3588.2315500000004
2010-01-14,4494.06,4609.3,4609.3,4494.06,32785953.15,csi1000,中证1000,4334.865,4348.2284,4203.861,3865.6604166666666,3597.8710499999997
2010-01-15,4617.9,4658.09,4658.09,4617.86,31794609.18,csi1000,中证1000,4354.847,4358.0844,4219.724666666667,3873.432416666667,3607.4246
2010-01-18,4653.55,4734.05,4734.05,4644.25,30990289.6,csi1000,中证1000,4386.9655,4371.1107999999995,4236.099666666666,3881.4519166666664,3617.2282
2010-01-19,4736.71,4740.45,4758.18,4695.72,31494201.12,csi1000,中证1000,4416.643,4385.3472,4252.4195,3889.7749166666667,3627.00365
2010-01-20,4742.51,4586.75,4744.69,4572.72,38658477.6,csi1000,中证1000,4444.763499999999,4392.319200000001,4267.9005,3896.1975,3635.8665499999997
2010-01-21,4586.21,4606.43,4632.24,4545.29,26609595.06,csi1000,中证1000,4470.174,4400.922799999999,4283.0845,3902.36825,3644.61945
2010-01-22,4553.78,4471.28,4560.12,4390.85,27096635.71,csi1000,中证1000,4482.2480000000005,4409.436,4297.196666666667,3909.478666666667,3652.6701000000003
2010-01-25,4439.89,4407.04,4478.3,4404.22,17491933.33,csi1000,中证1000,4489.817499999999,4422.0504,4309.5475,3915.6989166666667,3660.4636499999997
2010-01-26,4406.44,4226.94,4429.23,4186.37,19967021.64,csi1000,中证1000,4484.851,4425.2519999999995,4316.926666666667,3919.4970000000003,3667.1290500000005
2010-01-27,4219.65,4194.63,4270.9,4171.26,15747504.98,csi1000,中证1000,4477.0255,4432.0635999999995,4322.341,3922.46375,3674.10505
2010-01-28,4188.83,4248.04,4252.35,4171.81,14630828.77,csi1000,中证1000,4472.597,4438.0564,4327.956833333333,3925.562083333333,3681.0417
2010-01-29,4227.87,4290.32,4328.53,4212.45,18836346.88,csi1000,中证1000,4467.549,4440.477199999999,4333.612166666667,3928.805083333333,3687.76375
2010-02-01,4284.35,4239.98,4287.38,4182.13,18658280.83,csi1000,中证1000,4459.2095,4439.850399999999,4338.117833333334,3932.0614166666664,3694.0645
2010-02-02,4248.43,4225.47,4304.08,4222.17,18778930.38,csi1000,中证1000,4447.371499999999,4435.8184,4341.761833333333,3936.0859166666664,3700.0402999999997
2010-02-03,4227.26,4304.84,4304.84,4097.35,22930072.06,csi1000,中证1000,4439.969999999999,4433.9664,4346.542833333334,3940.502916666667,3706.2080499999997
2010-02-04,4283.9,4364.23,4394.57,4262.71,25757781.2,csi1000,中证1000,4440.1235,4435.0712,4351.844833333334,3945.199,3712.5808500000003
2010-02-05,4272.23,4281.78,4341.2,4243.41,28437403.9,csi1000,中证1000,4433.3240000000005,4430.6912,4355.597166666667,3950.789416666667,3718.7764500000003
2010-02-08,4272.28,4278.58,4300.57,4253.32,18382477.98,csi1000,中证1000,4424.755999999999,4425.5635999999995,4358.490333333333,3956.3039166666663,3724.55665
2010-02-09,4264.27,4277.33,4299.84,4245.52,15470376.1,csi1000,中证1000,4411.5425,4418.1676,4359.820166666666,3963.3316666666665,3730.3547999999996
2010-02-10,4294.83,4330.42,4330.42,4282.9,13699352.5,csi1000,中证1000,4403.7975,4413.2696000000005,4361.552166666666,3972.7749166666667,3737.2090999999996
2010-02-11,4329.63,4307.13,4337.32,4304.24,13416423.01,csi1000,中证1000,4388.689,4411.1084,4362.448166666667,3981.5666666666666,3743.844
2010-02-12,4311.89,4366.28,4368.53,4311.89,13759792.99,csi1000,中证1000,4374.0985,4409.0488,4363.036,3992.2340833333337,3750.8941500000005
2010-02-22,4362.92,4392.69,4422.33,4355.04,18755465.56,csi1000,中证1000,4357.0305,4406.7588,4363.6016666666665,4002.1158333333337,3758.66675
2010-02-23,4389.42,4464.23,4464.23,4353.05,24387302.14,csi1000,中证1000,4343.2195,4403.664000000001,4363.91,4011.7170833333334,3766.6353499999996
2010-02-24,4443.03,4559.66,4559.66,4425.66,29169644.56,csi1000,中证1000,4341.865,4406.637599999999,4370.011666666667,4021.41925,3774.7658500000002
2010-02-25,4566.04,4645.06,4645.83,4563.95,34747183.43,csi1000,中证1000,4343.7964999999995,4408.068,4374.762333333333,4032.1625,3783.1316500000003
2010-02-26,4632.31,4653.34,4676.42,4616.13,32808135.0,csi1000,中证1000,4352.8994999999995,4407.878,4382.6165,4042.09525,3791.0491
2010-03-01,4656.98,4721.89,4727.43,4656.98,35248880.77,csi1000,中证1000,4368.642,4407.3916,4393.4145,4052.2722500000004,3799.07155
2010-03-02,4721.26,4724.64,4736.49,4684.11,34657843.53,csi1000,中证1000,4393.527,4406.7591999999995,4401.091,4063.3245,3806.8165500000005
2010-03-03,4716.52,4788.5,4790.08,4710.67,34517448.72,csi1000,中证1000,4423.2205,4414.8292,4407.6494999999995,4076.868916666667,3814.98515
2010-03-04,4788.59,4617.85,4812.36,4599.47,36855640.67,csi1000,中证1000,4441.711,4415.286,4410.0315,4089.1975833333336,3822.2707
2010-03-05,4613.45,4617.36,4650.44,4563.11,23542352.15,csi1000,中证1000,4458.063,4421.129199999999,4411.723499999999,4101.41725,3830.19055
2010-03-08,4625.93,4676.44,4685.49,4624.21,21011671.65,csi1000,中证1000,4479.886,4431.905199999999,4416.7311666666665,4112.93825,3838.0287
2010-03-09,4671.06,4682.25,4697.4,4625.14,24149333.8,csi1000,中证1000,4502.725,4450.1176000000005,4420.450666666667,4123.997083333333,3845.75285
2010-03-10,4675.99,4630.01,4696.87,4593.55,23171809.95,csi1000,中证1000,4518.9835,4467.5328,4423.437,4134.2055,3853.098
2010-03-11,4624.9,4605.25,4643.78,4560.09,20235753.9,csi1000,中证1000,4531.0345,4481.8212,4427.082333333334,4143.787,3860.2083
2010-03-12,4603.95,4532.08,4613.17,4526.87,18599438.13,csi1000,中证1000,4543.549499999999,4491.491599999999,4429.088833333333,4152.6658333333335,3866.80405
2010-03-15,4523.61,4498.09,4530.22,4468.32,15324122.49,csi1000,中证1000,4554.525,4501.816000000001,4430.583833333333,4161.5704166666665,3873.0774499999998
2010-03-16,4494.44,4555.31,4555.31,4487.26,16042872.73,csi1000,中证1000,4568.424000000001,4515.0096,4433.429999999999,4170.430083333334,3879.7169
2010-03-17,4566.41,4674.64,4674.64,4562.89,23557346.96,csi1000,中证1000,4585.635,4529.8016,4437.7998333333335,4179.55275,3887.2388499999997
2010-03-18,4680.97,4686.25,4702.18,4661.87,23401174.78,csi1000,中证1000,4604.591,4542.6824,4442.715,4188.4415,3894.84875
2010-03-19,4685.39,4723.85,4726.74,4675.29,24598942.85,csi1000,中证1000,4622.4695,4560.3652,4450.471666666666,4197.420166666667,3902.6423500000005
2010-03-22,4727.62,4766.94,4767.16,4717.6,26611457.66,csi1000,中证1000,4641.182,4579.8996,4461.726,4205.971666666666,3910.5793
2010-03-23,4764.46,4739.37,4772.88,4722.23,25726721.69,csi1000,中证1000,4654.939,4598.3812,4471.6005,4215.242166666667,3918.3777999999998
2010-03-24,4740.85,4750.99,4764.17,4734.84,26037783.29,csi1000,中证1000,4664.5055,4615.204,4483.711333333334,4224.196083333333,3926.00255
2010-03-25,4738.48,4678.81,4738.48,4673.92,25576855.7,csi1000,中证1000,4666.193,4630.0712,4493.387833333332,4233.27625,3933.18455
2010-03-26,4671.04,4742.46,4745.96,4667.11,22040026.59,csi1000,中证1000,4670.649,4645.1184,4501.9321666666665,4243.776083333333,3940.5639
2010-03-29,4754.34,4770.54,4776.45,4730.68,23794925.0,csi1000,中证1000,4673.081499999999,4660.2324,4510.513666666666,4254.757666666667,3948.13495
2010-03-30,4768.34,4800.45,4804.22,4757.41,23150003.74,csi1000,中证1000,4676.871999999999,4673.6812,4518.416666666667,4266.296166666666,3955.9197
2010-03-31,4796.98,4822.08,4822.08,4785.13,26453051.87,csi1000,中证1000,4678.5509999999995,4684.178000000001,4526.265666666667,4278.909333333333,3963.8081499999994
2010-04-01,4825.02,4904.3,4904.3,4825.02,33234781.61,csi1000,中证1000,4692.8735,4694.5476,4535.727166666667,4292.942,3971.99955
2010-04-02,4905.15,4922.82,4924.71,4890.6,30192645.5,csi1000,中证1000,4708.146500000001,4705.3268,4544.586166666666,4306.878833333333,3980.1013000000003
2010-04-06,4934.54,4942.33,4946.53,4904.43,28887721.62,csi1000,中证1000,4721.441000000001,4714.1444,4553.512166666667,4319.5723333333335,3988.40165
2010-04-07,4934.03,4951.73,4951.73,4910.69,25147351.81,csi1000,中证1000,4734.915,4723.228,4561.670499999999,4332.176083333334,3997.07175
2010-04-08,4943.46,4956.37,4973.17,4934.42,28810981.46,csi1000,中证1000,4751.233,4729.9428,4570.062166666667,4344.296916666667,4005.5607
2010-04-09,4956.02,5031.25,5031.25,4956.02,28687494.16,csi1000,中证1000,4772.533,4746.4788,4581.230333333334,4356.695583333333,4014.46635
2010-04-12,5042.4,5088.29,5088.29,5042.32,37388723.31,csi1000,中证1000,4800.3435,4765.316000000001,4592.405666666667,4369.434583333334,4023.43865
2010-04-13,5085.98,4989.39,5096.26,4863.93,37330979.59,csi1000,中证1000,4824.9085000000005,4777.834,4601.3965,4381.1915,4031.8288000000002
2010-04-14,4979.61,5074.68,5074.68,4967.58,29512031.83,csi1000,中证1000,4850.8769999999995,4793.5312,4610.281166666667,4392.9662499999995,4040.6034499999996
2010-04-15,5072.44,5024.77,5083.15,4982.38,29919563.44,csi1000,中证1000,4868.3835,4809.321599999999,4619.272,4403.874083333333,4049.24055
2010-04-16,5003.3,5019.35,5060.51,4968.61,22644312.92,csi1000,中证1000,4885.0385,4825.8856,4626.1061666666665,4414.983583333334,4057.8576000000003
2010-04-19,4970.81,4806.11,5001.17,4805.13,28991826.92,csi1000,中证1000,4889.1515,4836.8468,4628.573166666667,4424.148916666667,4065.2188
2010-04-20,4797.43,4875.09,4875.36,4721.83,25616413.42,csi1000,中证1000,4894.559,4851.9268,4630.923833333333,4433.51175,4072.8951500000003
2010-04-21,4875.59,5029.03,5029.83,4875.59,30961711.7,csi1000,中证1000,4909.042,4870.8756,4635.7335,4444.0765,4081.2581999999993
2010-04-22,5014.71,5060.75,5101.7,4983.89,31925137.94,csi1000,中证1000,4924.530000000001,4886.32,4643.6335,4455.767000000001,4089.7372499999997
2010-04-23,5047.73,5007.6,5092.53,4985.29,28868502.19,csi1000,中证1000,4940.9695,4899.174,4650.319666666666,4466.702083333334,4098.09975
2010-04-26,5010.75,4999.06,5027.58,4975.97,23916181.77,csi1000,中证1000,4953.799499999999,4910.1824,4659.115999999999,4478.156333333333,4106.308950000001
2010-04-27,4980.26,4869.61,4980.26,4775.24,25950078.89,csi1000,中证1000,4958.753,4914.2892,4666.8255,4488.1865,4113.7074
2010-04-28,4797.18,4834.79,4888.72,4776.87,21062891.11,csi1000,中证1000,4960.47,4918.106,4676.9563333333335,4496.941500000001,4120.76255
2010-04-29,4840.27,4686.94,4872.15,4686.54,24663377.24,csi1000,中证1000,4953.713000000001,4915.544,4685.1615,4503.75125,4127.111449999999
2010-04-30,4660.71,4527.76,4666.54,4446.61,21206810.73,csi1000,中证1000,4934.886,4909.502,4689.8235,4508.890166666666,4132.58445
2010-05-04,4440.05,4520.36,4561.57,4406.26,15726977.75,csi1000,中证1000,4914.763,4900.6179999999995,4693.6575,4513.634833333333,4137.7901999999995
2010-05-05,4469.48,4662.84,4663.09,4469.48,19549629.4,csi1000,中证1000,4900.7885,4896.31,4700.705166666667,4519.4115,4143.3445
2010-05-06,4647.98,4533.9,4685.91,4531.56,20821356.67,csi1000,中证1000,4879.897,4885.648,4705.845666666666,4523.80375,4148.17935
2010-05-07,4425.17,4453.17,4544.4,4395.61,18961783.17,csi1000,中证1000,4854.737,4870.8916,4708.3178333333335,4527.430333333334,4152.45515
2010-05-10,4445.12,4367.27,4492.48,4279.21,18760415.83,csi1000,中证1000,4821.5380000000005,4849.410400000001,4708.3685,4530.1066666666675,4155.999
2010-05-11,4445.28,4239.79,4465.54,4225.81,19276373.58,csi1000,中证1000,4779.112999999999,4822.089199999999,4707.6686666666665,4531.6329166666665,4158.724200000001
2010-05-12,4203.75,4134.52,4251.88,4073.1,18362245.0,csi1000,中证1000,4736.3695,4789.7768,4705.267666666667,4531.879,4160.984950000001
2010-05-13,4131.42,4236.4,4236.4,4044.52,18333425.47,csi1000,中证1000,4694.4555,4761.1636,4704.5855,4532.202833333333,4163.65065
2010-05-14,4204.46,4257.81,4292.14,4178.97,17333995.56,csi1000,中证1000,4656.1075,4733.2212,4703.375333333333,4532.463749999999,4166.097900000001
2010-05-17,4202.32,3981.29,4202.32,3981.2,18239201.42,csi1000,中证1000,4604.204500000001,4691.2228000000005,4697.944666666666,4530.196416666667,4167.648550000001
2010-05-18,3954.47,4007.42,4022.24,3852.67,18538967.92,csi1000,中证1000,4564.27,4647.988,4691.9636666666665,4527.499833333333,4169.0584
2010-05-19,3980.12,4007.16,4065.78,3939.08,16088787.78,csi1000,中证1000,4520.8735,4608.6988,4685.538166666667,4524.569916666666,4170.23565
2010-05-20,3972.05,3918.58,4047.39,3908.76,15450011.03,csi1000,中证1000,4465.351,4562.4548,4676.4439999999995,4520.177,4171.1201
2010-05-21,3802.06,3993.74,3993.74,3779.69,18864999.79,csi1000,中证1000,4412.0005,4521.2136,4667.012000000001,4518.511833333334,4172.0086
2010-05-24,4022.89,4179.35,4191.25,4022.89,24403597.13,csi1000,中证1000,4370.588000000001,4487.6136,4659.250166666667,4517.00625,4173.57565
2010-05-25,4154.3,4169.4,4201.22,4118.44,22546803.58,csi1000,中证1000,4329.1050000000005,4462.1452,4651.1845,4516.900500000001,4176.3325
2010-05-26,4153.68,4182.71,4202.21,4139.92,17051520.23,csi1000,中证1000,4294.76,4434.45,4642.198166666667,4517.806333333333,4178.943
2010-05-27,4171.49,4264.16,4272.79,4126.04,21016878.82,csi1000,中证1000,4266.228499999999,4403.8552,4634.5235,4517.80725,4181.40795
2010-05-28,4297.02,4281.09,4309.41,4248.63,21107962.01,csi1000,中证1000,4245.936,4372.6688,4626.066666666667,4516.8580833333335,4183.6203000000005
2010-05-31,4262.43,4149.96,4306.73,4149.96,20266252.25,csi1000,中证1000,4227.046,4338.3632,4618.2685,4514.15,4184.9889
2010-06-01,4108.79,4061.45,4134.7,3967.33,18219926.63,csi1000,中证1000,4204.1005,4300.8588,4609.003333333333,4510.363416666666,4185.790349999999
2010-06-02,4043.22,4129.53,4129.53,4006.13,15105583.47,csi1000,中证1000,4177.4349999999995,4271.2556,4599.888166666667,4508.309666666667,4187.1919
2010-06-03,4145.08,4098.9,4195.22,4098.05,17740038.54,csi1000,中证1000,4155.6849999999995,4241.82,4590.165666666667,4505.308166666668,4188.97375
2010-06-04,4068.77,4133.33,4138.02,4057.52,14137760.86,csi1000,中证1000,4139.693,4219.6756,4581.8876666666665,4502.662333333333,4190.7663999999995
2010-06-07,4044.27,4119.62,4128.91,4026.96,15374416.41,csi1000,中证1000,4127.3105,4203.35,4573.793833333333,4500.4380833333325,4192.361
2010-06-08,4113.05,4180.62,4183.31,4112.36,16968260.59,csi1000,中证1000,4124.352,4189.7604,4567.936166666667,4498.5125,4195.20945
2010-06-09,4192.7,4288.9,4288.9,4190.33,21829111.1,csi1000,中证1000,4132.071,4174.8028,4564.449666666666,4497.51675,4198.56975
2010-06-10,4269.69,4297.88,4328.45,4269.69,19855119.11,csi1000,中证1000,4135.1449999999995,4165.362,4560.159166666666,4496.794583333333,4202.88915
2010-06-11,4311.43,4277.14,4327.65,4272.39,17169068.19,csi1000,中证1000,4136.1115,4158.3208,4553.534166666666,4495.667,4208.2887
2010-06-17,4300.1,4231.54,4319.79,4230.97,14090117.01,csi1000,中证1000,4148.624,4152.8916,4545.955666666666,4494.335333333333,4213.1858
2010-06-18,4220.8,4067.74,4220.8,4041.61,16416094.35,csi1000,中证1000,4151.639999999999,4146.0096,4535.0205,4492.7460833333325,4218.0935500000005
2010-06-21,4047.85,4169.36,4169.36,4014.36,16537145.77,csi1000,中证1000,4159.749999999999,4147.4032,4525.060833333334,4493.393416666667,4222.90595
2010-06-22,4166.48,4207.43,4221.82,4155.94,16901382.07,csi1000,中证1000,4174.1925,4146.2444,4516.195166666667,4493.897833333333,4227.382699999999
2010-06-23,4188.6,4205.53,4238.03,4144.63,17135816.45,csi1000,中证1000,4184.782,4144.1532,4507.104166666667,4495.40775,4231.433349999999
2010-06-24,4198.99,4207.91,4227.27,4173.12,14387577.21,csi1000,中证1000,4186.21,4153.218,4499.255833333334,4496.321833333333,4235.69355
2010-06-25,4189.72,4139.81,4194.71,4100.57,14011781.94,csi1000,中证1000,4184.7305,4158.5136,4489.211666666667,4495.571916666667,4239.08555
2010-06-28,4133.04,4053.19,4137.61,4037.91,11164559.77,csi1000,中证1000,4178.2545,4160.3548,4477.255833333334,4493.88475,4241.84825
2010-06-29,4049.75,3814.47,4066.9,3814.47,16834477.14,csi1000,中证1000,4155.77,4156.1903999999995,4460.822833333334,4489.61975,4243.92875
2010-06-30,3771.69,3732.65,3771.69,3687.95,12723866.54,csi1000,中证1000,4128.348,4145.7468,4442.665666666667,4484.465666666667,4246.77615
2010-07-01,3722.41,3685.54,3760.66,3676.6,14182106.2,csi1000,中证1000,4105.127,4125.9944,4422.353,4479.040083333332,4249.5118
2010-07-02,3676.01,3659.95,3678.62,3492.26,18580034.51,csi1000,中证1000,4085.0520000000006,4105.6164,4401.305166666667,4472.9456666666665,4252.056549999999
2010-07-05,3614.05,3627.29,3652.79,3562.73,12463376.53,csi1000,中证1000,4059.94,4083.3995999999997,4379.387833333332,4466.45,4253.7234
2010-07-06,3617.51,3738.74,3738.74,3616.42,16291797.64,csi1000,中证1000,4041.932,4062.3828,4359.171333333334,4460.420916666666,4255.6411499999995
2010-07-07,3742.8,3795.59,3795.59,3726.93,16093305.39,csi1000,中证1000,4025.0449999999996,4042.9628,4339.825,4454.943583333333,4257.594099999999
2010-07-08,3801.14,3773.37,3814.03,3735.03,15662634.3,csi1000,中证1000,4007.7324999999996,4027.8992000000003,4318.860333333333,4450.0453333333335,4259.1836
2010-07-09,3772.33,3886.27,3892.93,3749.8,21379212.44,csi1000,中证1000,3993.0150000000003,4020.8919999999994,4298.826666666667,4445.616166666668,4261.28185
2010-07-12,3886.43,3934.18,3946.7,3879.5,20997399.27,csi1000,中证1000,3975.279,4013.078,4281.239833333333,4441.318166666666,4263.80505
2010-07-13,3901.66,3878.64,3901.66,3832.4,18656255.01,csi1000,中证1000,3954.3170000000005,4004.2676,4261.305833333334,4435.7935,4265.7375
2010-07-14,3882.4,3916.17,3949.89,3882.4,19029780.54,csi1000,中证1000,3936.2685000000006,3995.5812,4242.829166666666,4431.050583333334,4267.41875
2010-07-15,3907.59,3816.8,3942.27,3816.8,17920600.15,csi1000,中证1000,3915.5315,3983.4684,4222.786666666667,4424.446416666667,4268.404750000001
2010-07-16,3793.09,3841.83,3847.47,3746.86,15350133.44,csi1000,中证1000,3904.236,3969.9168,4206.715333333334,4417.64425,4269.38185
2010-07-19,3805.5,3930.96,3937.28,3792.01,18075213.7,csi1000,中证1000,3892.3160000000003,3955.5991999999997,4190.979833333333,4410.9518333333335,4270.33285
2010-07-20,3939.44,4053.19,4053.19,3939.44,27987351.49,csi1000,中证1000,3884.6040000000003,3945.8115999999995,4174.715833333333,4405.224666666666,4272.46425
2010-07-21,4051.57,4059.38,4087.0,4040.86,27255296.55,csi1000,中证1000,3877.2964999999995,3937.1012,4158.026333333333,4400.829916666667,4274.37855
2010-07-22,4047.94,4125.25,4125.25,4042.66,25790739.56,csi1000,中证1000,3873.1634999999997,3932.8496,4143.3205,4396.820083333334,4277.05885
2010-07-23,4129.55,4131.47,4135.99,4073.52,24375488.68,csi1000,中证1000,3872.7464999999997,3935.3988,4128.8606666666665,4393.988333333333,4280.3038
2010-07-26,4136.44,4188.47,4189.9,4125.02,25195193.75,csi1000,中证1000,3879.5104999999994,3936.1632,4117.508333333333,4392.166916666667,4283.9824
2010-07-27,4179.4,4184.58,4207.46,4161.9,25745503.29,csi1000,中证1000,3898.0159999999996,3935.2492,4106.6714999999995,4391.813916666667,4287.826150000001
2010-07-28,4173.59,4266.85,4266.85,4163.14,31082329.93,csi1000,中证1000,3924.726,3937.702,4099.67,4392.41575,4292.6179
2010-07-29,4272.65,4296.21,4299.57,4243.46,32943206.63,csi1000,中证1000,3955.259499999999,3941.2340000000004,4095.8108333333334,4392.817166666667,4297.99705
2010-07-30,4289.97,4299.04,4311.37,4241.85,26976921.1,csi1000,中证1000,3987.214,3947.6032,4092.1221666666665,4392.889833333334,4303.24025
2010-08-02,4298.68,4389.72,4389.72,4298.68,32222205.1,csi1000,中证1000,4025.3355,3961.0644,4087.5701666666664,4394.1376666666665,4308.0933
2010-08-03,4394.86,4320.95,4417.92,4320.95,36248245.51,csi1000,中证1000,4054.446,3981.3235999999997,4084.021,4394.933333333333,4312.50165
2010-08-04,4304.86,4372.51,4372.51,4253.97,31282951.14,csi1000,中证1000,4083.292,4006.9180000000006,4082.6766666666663,4395.497249999999,4316.85485
2010-08-05,4369.34,4396.12,4433.18,4354.96,33402695.81,csi1000,中证1000,4114.4295,4035.3412,4083.1575000000003,4395.763000000001,4321.118399999999
2010-08-06,4387.82,4480.65,4480.65,4360.85,34411457.47,csi1000,中证1000,4144.1485,4068.1692,4087.1718333333333,4397.420249999999,4325.7236
2010-08-09,4486.45,4549.79,4549.79,4482.74,34064906.69,csi1000,中证1000,4174.928999999999,4105.069200000001,4094.0930000000003,4399.680333333334,4330.579750000001
2010-08-10,4550.46,4385.81,4554.58,4385.81,34481118.98,csi1000,中证1000,4200.2875,4130.952,4096.583166666667,4400.584333333333,4334.20025
2010-08-11,4364.37,4439.11,4442.65,4364.37,24127287.77,csi1000,中证1000,4226.4345,4156.692800000001,4099.604833333334,4401.490083333334,4337.816650000001
2010-08-12,4391.64,4388.62,4466.27,4372.14,27586985.0,csi1000,中证1000,4255.025500000001,4181.3027999999995,4106.393666666667,4402.1691666666675,4341.328700000001
2010-08-13,4390.05,4471.54,4471.54,4359.04,24683778.45,csi1000,中证1000,4286.511,4204.7136,4114.129,4403.046333333333,4345.15505
2010-08-16,4470.43,4573.42,4579.27,4465.25,33168063.06,csi1000,中证1000,4318.634,4230.2832,4123.566666666667,4404.552416666667,4349.2644
2010-08-17,4584.45,4618.33,4629.67,4566.16,34682964.42,csi1000,中证1000,4346.891,4259.870800000001,4135.229166666667,4405.836583333334,4353.54975
2010-08-18,4617.06,4611.65,4631.0,4557.83,31184948.49,csi1000,中证1000,4374.504500000001,4287.69,4145.527666666667,4406.269833333334,4358.31855
2010-08-19,4607.08,4621.57,4653.36,4580.76,32357544.08,csi1000,中证1000,4399.3205,4319.8808,4152.898,4406.074083333334,4362.949449999999
2010-08-20,4599.29,4522.61,4604.41,4520.4,31040557.77,csi1000,中证1000,4418.8775000000005,4347.111999999999,4158.784833333333,4404.984666666667,4367.4397500000005
2010-08-23,4519.5,4565.87,4579.6,4519.5,26297193.67,csi1000,中证1000,4437.7475,4372.508400000001,4165.170833333334,4403.6845,4371.93915
2010-08-24,4559.53,4626.35,4644.71,4529.91,30078611.45,csi1000,中证1000,4459.836,4395.4348,4171.207333333334,4402.8654166666665,4376.14995
2010-08-25,4599.38,4534.71,4629.46,4529.61,30682389.96,csi1000,中证1000,4473.229,4414.448,4175.434333333334,4400.750499999999,4379.47465
2010-08-26,4543.79,4562.35,4579.04,4518.11,24486572.68,csi1000,中证1000,4486.536,4431.932,4182.3075,4400.288,4382.73095
2010-08-27,4555.53,4585.51,4593.92,4534.04,21385724.41,csi1000,中证1000,4500.8595000000005,4450.0936,4191.041833333334,4400.022583333333,4385.903499999999
2010-08-30,4606.94,4705.88,4705.88,4606.94,30781840.04,csi1000,中证1000,4516.6675,4470.79,4200.647666666667,4400.267916666667,4389.584699999999
2010-08-31,4691.88,4755.85,4768.08,4678.78,33963110.18,csi1000,中证1000,4538.4125,4493.6408,4211.596833333333,4400.88125,4393.3297999999995
2010-09-01,4761.27,4698.73,4791.65,4643.16,37997489.24,csi1000,中证1000,4554.7235,4510.916,4221.020166666666,4401.453916666666,4396.733550000001
2010-09-02,4730.29,4802.27,4806.2,4705.7,38966584.15,csi1000,中证1000,4575.031,4531.158399999999,4232.397666666667,4403.0957499999995,4400.51435
2010-09-03,4808.34,4845.91,4855.38,4777.5,39890318.21,csi1000,中证1000,4593.294,4553.0332,4243.485833333334,4405.710999999999,4404.4607
2010-09-06,4868.43,4824.31,4877.55,4793.32,39440090.1,csi1000,中证1000,4607.0199999999995,4570.4168,4252.409333333333,4408.4295,4408.0573
2010-09-07,4818.19,4865.78,4865.78,4784.44,30532354.26,csi1000,中证1000,4631.0185,4592.21,4261.874333333334,4411.01675,4411.398499999999
2010-09-08,4843.67,4905.63,4908.77,4828.05,32586479.88,csi1000,中证1000,4654.3445,4613.534799999999,4272.349166666667,4412.941666666667,4414.79415
2010-09-09,4914.43,4837.02,4933.28,4825.52,37319883.63,csi1000,中证1000,4676.764499999999,4631.1708,4282.4405,4414.198083333333,4417.7124
2010-09-10,4831.84,4886.05,4891.84,4760.58,33025336.04,csi1000,中证1000,4697.49,4647.3868,4296.079,4415.54975,4420.4876
2010-09-13,4896.5,4967.47,4969.13,4890.25,33803385.85,csi1000,中证1000,4717.1925,4664.094,4309.380833333334,4417.220833333334,4423.5312
2010-09-14,4975.59,4982.86,5001.63,4949.95,36605137.44,csi1000,中证1000,4735.419,4687.976,4322.304666666667,4419.249916666667,4426.21685
2010-09-15,4980.28,4888.01,4980.28,4869.45,33842350.56,csi1000,中证1000,4749.236999999999,4705.932,4333.6793333333335,4420.39175,4429.6891
2010-09-16,4881.21,4766.85,4901.56,4703.6,31944327.54,csi1000,中证1000,4756.501,4721.0612,4342.995,4421.125416666666,4431.723249999999
2010-09-17,4770.41,4767.48,4812.53,4741.16,23647185.71,csi1000,中证1000,4768.7445,4732.8988,4353.456166666667,4421.333916666667,4434.6502
2010-09-20,4767.34,4695.94,4781.22,4672.86,21083783.91,csi1000,中证1000,4775.248,4737.799599999999,4364.1686666666665,4420.71225,4437.7598499999995
2010-09-21,4700.0,4677.68,4715.32,4642.85,16358019.14,csi1000,中证1000,4777.8145,4740.1736,4378.5555,4419.689166666667,4439.828
2010-09-27,4696.7,4801.46,4801.46,4696.7,19686212.54,csi1000,中证1000,4791.152,4747.766,4396.369000000001,4419.517333333333,4441.86035
2010-09-28,4796.27,4785.7,4816.51,4769.97,22736566.36,csi1000,中证1000,4802.3195,4754.3312,4414.705,4418.5289999999995,4443.4142
2010-09-29,4778.79,4720.63,4790.64,4706.21,20235714.54,csi1000,中证1000,4809.0755,4762.252,4432.383,4416.8440833333325,4444.43815
2010-09-30,4695.9,4785.49,4785.49,4682.88,18333137.85,csi1000,中证1000,4813.0560000000005,4771.0368,4451.686333333334,4415.537083333333,4446.4857
2010-10-08,4819.0,4899.57,4917.72,4819.0,26799233.38,csi1000,中证1000,4820.242,4781.9656,4471.0335,4415.102416666667,4448.68815
2010-10-11,4914.31,4922.59,4951.72,4877.78,36287894.24,csi1000,中证1000,4831.435,4797.4808,4489.816833333333,4414.820916666667,4451.04695
2010-10-12,4907.14,4950.26,4950.26,4887.9,32880325.89,csi1000,中证1000,4838.8345,4812.9972,4509.431666666667,4414.146,4453.8656
2010-10-13,4947.21,4968.83,4969.01,4900.34,35810770.14,csi1000,中证1000,4844.9805,4828.33,4527.474333333334,4413.1505,4456.6513
2010-10-14,4975.9,4809.47,4977.33,4806.77,37423663.79,csi1000,中证1000,4844.2385,4832.4736,4542.0625,4411.6511666666665,4458.6567000000005
2010-10-15,4779.7,4789.48,4836.76,4753.97,33663270.66,csi1000,中证1000,4840.4235,4833.8188,4557.243166666666,4409.2745,4460.6814
2010-10-18,4784.12,4708.4,4784.22,4471.4,34306954.92,csi1000,中证1000,4830.562,4834.2056,4570.447,4406.638083333334,4462.16115
2010-10-19,4699.81,4865.7,4865.7,4699.12,27906609.48,csi1000,中证1000,4831.996000000001,4836.7428,4587.928666666668,4405.357666666666,4464.53295
2010-10-20,4774.57,4892.28,4911.86,4754.34,34915208.17,csi1000,中证1000,4832.307500000001,4838.5976,4605.436166666666,4406.07575,4467.7021
2010-10-21,4897.23,4930.62,4936.62,4864.27,31092263.99,csi1000,中证1000,4830.465,4842.85,4622.0971666666655,4406.5385,4471.8967999999995
2010-10-22,4929.92,4985.85,4996.92,4926.14,32829320.52,csi1000,中证1000,4830.614500000001,4847.6528,4637.6415,4406.178666666666,4476.09155
2010-10-25,5004.19,5107.28,5107.28,5004.19,39926693.61,csi1000,中证1000,4841.5779999999995,4855.7188,4655.1065,4406.566416666667,4481.50625
2010-10-26,5119.92,5158.05,5158.05,5087.05,43152858.36,csi1000,中证1000,4861.138,4868.56,4672.319833333333,4407.820166666667,4486.8054
2010-10-27,5156.79,5124.13,5192.08,5106.74,42595803.12,csi1000,中证1000,4878.9705,4878.0832,4688.864166666666,4408.862416666667,4491.277050000001
2010-10-28,5103.27,5145.56,5156.89,5086.86,34806289.24,csi1000,中证1000,4901.4515,4885.206800000001,4704.815666666666,4411.161999999999,4495.7266
2010-10-29,5151.64,5211.52,5226.64,5142.68,34586594.29,csi1000,中证1000,4928.1435,4894.3532000000005,4721.931333333333,4414.301416666666,4500.15285
2010-11-01,5232.57,5362.94,5362.94,5232.57,42128070.98,csi1000,中证1000,4956.217500000001,4913.350399999999,4740.1995,4419.93475,4505.21185
2010-11-02,5369.64,5343.49,5440.5,5342.23,51100356.72,csi1000,中证1000,4984.107,4936.416,4757.654166666666,4426.7325,4510.24625
2010-11-03,5329.36,5271.81,5363.09,5271.08,40014624.26,csi1000,中证1000,5011.666,4956.589199999999,4773.866999999999,4432.994583333333,4514.6489
2010-11-04,5272.22,5392.56,5392.56,5272.22,38501884.64,csi1000,中证1000,5042.0195,4984.454000000001,4790.581,4439.075583333334,4519.57785
2010-11-05,5439.44,5473.11,5473.11,5414.91,45670602.61,csi1000,中证1000,5070.6965,5016.2712,4809.783666666667,4446.902333333333,4524.63225
2010-11-08,5494.18,5598.48,5598.48,5490.64,49945345.63,csi1000,中证1000,5104.491,5048.152,4830.2164999999995,4456.446583333333,4530.360299999999
2010-11-09,5604.38,5635.75,5635.87,5568.22,47690814.74,csi1000,中证1000,5138.7654999999995,5082.1539999999995,4850.8769999999995,4467.01725,4536.733249999999
2010-11-10,5620.44,5651.39,5669.45,5596.35,44241922.14,csi1000,中证1000,5172.8935,5119.3844,4870.389333333334,4478.780583333334,4542.90135
2010-11-11,5624.63,5596.38,5738.79,5596.31,48221111.91,csi1000,中证1000,5212.239,5151.82,4887.8325,4490.962750000001,4548.63355
2010-11-12,5565.69,5227.25,5592.1,5223.82,52475071.67,csi1000,中证1000,5234.1275000000005,5164.9272,4901.8565,4499.219833333334,4552.0617999999995
2010-11-15,5232.54,5367.21,5367.21,5186.59,33301721.79,csi1000,中证1000,5267.068,5182.712,4917.324833333333,4508.464833333333,4556.47125
2010-11-16,5367.05,5197.37,5416.53,5144.76,37430747.4,csi1000,中证1000,5283.651500000001,5192.5964,4930.804,4518.5988333333335,4559.4116
2010-11-17,5126.01,5001.94,5188.44,4976.71,26583001.04,csi1000,中证1000,5289.134499999999,5193.9208,4939.644,4526.8865,4561.1308500000005
2010-11-18,5037.75,5080.88,5090.08,4962.94,22306488.96,csi1000,中证1000,5296.6475,5204.7771999999995,4948.1016666666665,4535.8341666666665,4562.865
2010-11-19,5099.98,5236.57,5236.61,5075.76,29050993.53,csi1000,中证1000,5309.183500000001,5222.660800000001,4958.4056666666675,4546.817416666667,4565.345600000001
2010-11-22,5205.91,5332.61,5368.22,5195.62,33897855.57,csi1000,中证1000,5320.45,5247.629199999999,4970.421666666666,4557.974666666666,4569.0749000000005
2010-11-23,5314.47,5261.92,5314.47,5158.92,28996143.97,csi1000,中证1000,5325.6435,5263.477999999999,4981.094166666667,4566.996083333333,4572.35235
2010-11-24,5230.5,5414.17,5414.17,5230.5,30351143.52,csi1000,中证1000,5340.1455000000005,5284.3535999999995,4995.9535000000005,4577.369166666667,4577.0668
2010-11-25,5436.3,5452.84,5479.13,5417.94,36490379.35,csi1000,中证1000,5355.5095,5305.2424,5010.736333333333,4587.953583333334,4582.2958
2010-11-26,5439.52,5444.86,5468.15,5378.15,30056950.67,csi1000,中证1000,5367.1765,5323.602800000001,5024.378166666666,4597.79275,4588.3854
2010-11-29,5435.43,5458.1,5486.32,5397.6,28474665.39,csi1000,中证1000,5371.9345,5337.6356,5039.768,4607.601166666666,4594.70275
2010-11-30,5451.03,5294.7,5459.71,5146.8,36325945.38,csi1000,中证1000,5369.495000000001,5343.1016,5051.9738333333335,4617.140666666667,4599.93605
2010-12-01,5276.01,5306.36,5325.65,5249.53,21952975.02,csi1000,中证1000,5371.2225,5350.390800000001,5063.987999999999,4627.514916666667,4605.01625
2010-12-02,5365.06,5333.58,5386.33,5327.06,28636362.29,csi1000,中证1000,5368.2735,5357.9116,5074.449666666667,4637.548666666667,4610.4842499999995
2010-12-03,5329.13,5299.78,5336.65,5244.42,23876326.54,csi1000,中证1000,5359.607,5361.441999999999,5083.515166666666,4647.556,4615.8558
2010-12-06,5299.73,5224.88,5307.58,5191.13,21531315.98,csi1000,中证1000,5340.927,5355.919599999999,5092.284333333333,4656.65225,4620.456
2010-12-07,5205.65,5295.33,5299.74,5136.72,20969767.71,csi1000,中证1000,5323.906,5353.9932,5100.5019999999995,4666.449833333333,4625.1115
2010-12-08,5285.04,5294.81,5343.67,5279.49,22305609.37,csi1000,中证1000,5306.076999999999,5354.913199999999,5107.983666666667,4675.7347500000005,4630.176649999999
2010-12-09,5265.12,5186.43,5265.86,5185.31,22226800.62,csi1000,中证1000,5285.5795,5346.668000000001,5114.019,4683.214166666667,4634.7159
2010-12-10,5154.9,5253.71,5261.96,5151.15,18609036.34,csi1000,中证1000,5286.902499999999,5337.892,5120.4845000000005,4691.179416666667,4639.5978000000005
2010-12-13,5274.5,5403.93,5403.93,5274.5,26217051.94,csi1000,中证1000,5288.7385,5330.11,5128.7895,4700.569333333333,4644.9653499999995
2010-12-14,5421.63,5482.79,5482.79,5404.1,29766583.71,csi1000,中证1000,5303.009499999999,5323.9916,5139.552333333334,4710.996416666667,4650.84365
2010-12-15,5477.04,5464.13,5514.59,5460.59,28228348.03,csi1000,中证1000,5326.119000000001,5316.5012,5149.187,4722.633000000001,4656.332899999999
2010-12-16,5451.94,5470.23,5502.17,5450.32,26157268.97,csi1000,中证1000,5345.586499999999,5311.4552,5157.566333333333,4733.473583333334,4661.7206
2010-12-17,5460.37,5473.97,5475.15,5441.91,20707149.02,csi1000,中证1000,5357.456499999999,5321.3240000000005,5165.7515,4744.028083333334,4666.7693
2010-12-20,5486.26,5409.48,5505.76,5270.11,27992239.55,csi1000,中证1000,5361.3,5323.0148,5174.442666666667,4754.061,4671.0184
2010-12-21,5407.15,5461.56,5461.56,5366.49,23787574.13,csi1000,中证1000,5371.282,5333.5824,5186.021166666666,4764.508083333333,4675.1008999999995
2010-12-22,5460.36,5420.19,5462.35,5401.42,23045057.88,csi1000,中证1000,5371.5830000000005,5350.3124,5196.899666666666,4775.1779166666665,4678.93515
2010-12-23,5408.57,5307.19,5418.25,5299.81,21160910.88,csi1000,中证1000,5364.300499999999,5359.364799999999,5207.087166666666,4785.627916666666,4681.86165
2010-12-24,5280.7,5205.72,5280.7,5159.41,18981143.3,csi1000,中证1000,5352.3435,5358.1308,5215.887833333333,4797.221666666666,4684.2670499999995
2010-12-27,5218.95,5046.63,5262.71,5031.06,20756702.09,csi1000,中证1000,5331.7699999999995,5346.6916,5219.974,4808.1714999999995,4685.557699999999
2010-12-28,5015.79,4934.75,5017.19,4895.81,18328275.25,csi1000,中证1000,5313.7725,5333.6048,5222.458166666667,4818.581583333334,4687.142199999999
2010-12-29,4935.49,5022.07,5022.07,4928.57,13759254.71,csi1000,中证1000,5299.558,5317.9208,5227.482166666668,4829.932583333332,4689.16575
2010-12-30,5019.55,5044.62,5065.63,4995.3,14692028.51,csi1000,中证1000,5285.11,5301.592000000001,5231.801,4841.743666666666,4691.00665
2010-12-31,5047.44,5155.56,5155.56,5047.44,16892563.85,csi1000,中证1000,5277.898999999999,5290.02,5236.067500000001,4853.5505,4693.3732
2011-01-04,5179.36,5230.73,5230.73,5160.53,26287443.64,csi1000,中证1000,5278.1915,5280.925200000001,5241.203166666667,4865.509999999999,4696.3768
2011-01-05,5211.74,5243.37,5254.68,5185.43,25513863.71,csi1000,中证1000,5275.593500000001,5278.871999999999,5246.088333333333,4877.759999999999,4699.567400000001
2011-01-06,5243.61,5224.82,5263.35,5209.78,24260585.48,csi1000,中证1000,5272.094,5275.6104000000005,5250.354833333333,4888.914583333333,4703.0311
2011-01-07,5212.85,5191.94,5243.94,5161.79,24598046.31,csi1000,中证1000,5272.3695,5269.9448,5256.729333333334,4899.395916666666,4706.500349999999
2011-01-10,5186.72,5051.95,5191.59,5051.14,22427070.6,csi1000,中证1000,5262.281499999999,5260.0316,5261.103833333334,4909.1735,4708.98355
2011-01-11,5033.27,5006.63,5033.27,4953.43,19132898.49,csi1000,中证1000,5242.4165,5251.301599999999,5266.074333333334,4918.260666666666,4710.6435
2011-01-12,5011.44,5042.24,5044.8,4342.89,17525615.42,csi1000,中证1000,5220.389,5241.178000000001,5269.016666666666,4928.472666666667,4712.42345
2011-01-13,5056.25,5043.77,5067.83,5030.83,17280470.64,csi1000,中证1000,5199.371,5231.136399999999,5271.5415,4938.488833333333,4714.02305
2011-01-14,5033.91,4942.07,5033.91,4933.27,19416018.06,csi1000,中证1000,5172.963000000001,5221.362,5271.732333333333,4946.91475,4714.8987
2011-01-17,4907.93,4728.31,4907.93,4715.25,20671442.13,csi1000,中证1000,5135.68,5200.346,5267.44,4952.54075,4714.843400000001
2011-01-18,4707.54,4750.15,4752.65,4678.67,14078480.41,csi1000,中证1000,5102.7135,5174.1948,5261.487833333334,4958.297166666667,4714.839199999999
2011-01-19,4750.88,4873.8,4873.8,4743.63,19328576.8,csi1000,中证1000,5073.3255,5149.8351999999995,5256.750333333333,4964.535083333334,4715.81415
2011-01-20,4861.98,4699.94,4862.04,4699.43,20776255.25,csi1000,中证1000,5037.313,5119.2676,5249.6805,4969.272333333332,4715.60155
2011-01-21,4682.72,4739.9,4773.93,4668.9,20293547.92,csi1000,中证1000,5008.9485,5090.054399999999,5242.919500000001,4973.867583333334,4715.44835
2011-01-24,4740.8,4636.9,4756.11,4635.73,19587150.25,csi1000,中证1000,4980.507500000001,5056.571599999999,5233.3425,4977.636916666667,4714.6306
2011-01-25,4622.43,4540.68,4622.43,4500.92,16075326.45,csi1000,中证1000,4955.21,5021.8196,5219.638166666667,4979.918833333333,4713.2236
2011-01-26,4536.74,4619.12,4621.01,4536.74,14438457.43,csi1000,中证1000,4939.4285,4988.122,5207.565333333333,4982.60975,4711.7977
2011-01-27,4594.22,4695.33,4708.96,4566.6,20108498.05,csi1000,中证1000,4923.0915,4959.1276,5197.957333333334,4985.912166666667,4710.66025
2011-01-28,4688.32,4749.43,4760.29,4681.3,19004282.69,csi1000,中证1000,4908.332,4936.8171999999995,5187.2385,4988.90975,4709.69575
2011-01-31,4746.74,4816.66,4816.66,4736.94,21466713.05,csi1000,中证1000,4891.387,4921.2548,5176.297666666666,4993.040666666667,4709.020399999999
2011-02-01,4816.71,4830.41,4839.54,4801.61,18043271.12,csi1000,中证1000,4871.371,4912.606,5163.496499999999,4996.8565,4708.3906
2011-02-09,4796.68,4820.36,4860.2,4782.74,21369426.6,csi1000,中证1000,4850.220499999999,4908.0304,5149.906666666666,5000.391833333333,4707.33615
2011-02-10,4815.24,4962.52,4962.52,4812.02,25781040.1,csi1000,中证1000,4837.1055,4905.6484,5138.425499999999,5004.407416666667,4706.7073
2011-02-11,4961.37,5012.78,5026.63,4949.47,27088371.55,csi1000,中证1000,4828.1475,4904.3748,5128.698833333333,5008.265666666667,4706.82425
2011-02-14,5017.08,5087.25,5095.67,5017.08,31469842.79,csi1000,中证1000,4829.9125,4901.6424,5126.3655,5014.111,4706.8871
2011-02-15,5088.64,5100.43,5151.71,5070.64,34975594.55,csi1000,中证1000,4834.602499999999,4896.4304,5121.9191666666675,5019.622,4707.2654
2011-02-16,5091.25,5196.15,5196.15,5087.31,30723805.21,csi1000,中证1000,4842.298000000001,4894.5416,5121.898833333334,5026.351416666667,4708.1494
2011-02-17,5207.77,5231.71,5237.0,5161.81,35386311.53,csi1000,中证1000,4851.695,4894.8172,5125.7283333333335,5032.686166666666,4710.2774
2011-02-18,5220.2,5197.12,5242.32,5172.9,32677706.9,csi1000,中证1000,4864.4475,4895.0244,5127.665666666667,5037.883666666666,4711.88755
2011-02-21,5164.56,5304.08,5304.08,5157.75,34636794.25,csi1000,中证1000,4893.236,4905.1096,5128.7908333333335,5043.59825,4713.2628
2011-02-22,5309.88,5166.97,5314.46,5164.44,39939080.43,csi1000,中证1000,4914.077,4911.5232,5126.030166666666,5048.225916666666,4713.793900000001
2011-02-23,5147.97,5235.27,5244.56,5147.97,32278983.67,csi1000,中证1000,4932.1505,4919.2444,5125.585999999999,5053.3400833333335,4714.93225
2011-02-24,5223.03,5269.96,5276.85,5211.73,32532300.01,csi1000,中证1000,4960.6515,4928.292,5123.1825,5059.568,4716.28675
2011-02-25,5262.88,5279.13,5283.02,5216.02,30230353.9,csi1000,中证1000,4987.613,4941.7744,5120.287333333335,5065.511833333334,4718.33435
2011-02-28,5280.21,5347.3,5347.3,5254.26,33234627.69,csi1000,中证1000,5023.133,4966.534000000001,5118.6613333333335,5071.51975,4720.8969
2011-03-01,5351.2,5373.2,5391.79,5332.6,36685809.1,csi1000,中证1000,5064.759,4991.456,5117.2463333333335,5078.507166666666,4724.3282
2011-03-02,5350.41,5362.24,5371.3,5275.45,35143809.51,csi1000,中证1000,5101.915,5010.9936,5118.372,5085.172916666666,4728.5006
2011-03-03,5359.19,5266.44,5377.56,5255.4,34825068.0,csi1000,中证1000,5130.4705,5033.6536,5117.706666666667,5090.847333333333,4732.231000000001
2011-03-04,5263.51,5330.17,5330.17,5249.37,28323939.23,csi1000,中证1000,5159.5075,5057.2644,5117.649833333333,5096.04975,4735.56765
2011-03-07,5344.66,5389.84,5389.84,5344.66,37471035.64,csi1000,中证1000,5188.166499999999,5087.3820000000005,5119.150833333333,5101.333,4739.84735
2011-03-08,5385.09,5425.68,5425.68,5361.81,33885824.8,csi1000,中证1000,5217.93,5122.782,5122.4975,5107.390916666667,4744.7099
2011-03-09,5423.58,5446.14,5450.22,5406.18,36887403.47,csi1000,中证1000,5249.219,5155.8628,5125.0109999999995,5112.7565,4750.10425
2011-03-10,5437.65,5413.56,5441.58,5408.43,35342777.47,csi1000,中证1000,5271.771,5184.592,5126.9901666666665,5117.486916666666,4755.9731
2011-03-11,5387.33,5406.95,5472.9,5382.47,36576122.93,csi1000,中证1000,5291.4794999999995,5210.8928000000005,5130.6655,5122.342250000001,4762.33525
2011-03-14,5383.97,5462.4,5462.4,5377.86,38161616.84,csi1000,中证1000,5310.237,5236.7224,5134.143666666667,5127.314083333334,4768.46525
2011-03-15,5454.69,5411.27,5454.69,5300.92,42579867.02,csi1000,中证1000,5325.7789999999995,5259.956799999999,5134.266,5131.527749999999,4774.23255
2011-03-16,5405.03,5481.89,5481.89,5405.03,36852891.42,csi1000,中证1000,5340.066000000001,5286.418000000001,5134.251,5136.901666666667,4781.73555
2011-03-17,5438.87,5377.46,5461.55,5355.37,37501298.39,csi1000,中证1000,5347.3535,5303.015600000001,5132.806500000001,5140.996750000001,4788.58575
2011-03-18,5401.45,5417.94,5433.94,5385.66,30320984.97,csi1000,中证1000,5358.3945,5319.222000000001,5131.935,5144.750666666666,4795.63965
2011-03-21,5405.48,5389.57,5417.58,5363.91,29230479.3,csi1000,中证1000,5362.669,5331.3148,5130.528333333334,5148.139916666666,4802.9946
2011-03-22,5393.8,5389.59,5400.64,5323.07,27501173.84,csi1000,中证1000,5373.8,5342.8812,5130.196833333333,5152.31975,4809.97385
2011-03-23,5381.71,5448.02,5448.02,5375.29,29778975.25,csi1000,中证1000,5384.4375,5352.956,5129.971166666667,5157.996166666667,4816.3171999999995
2011-03-24,5448.34,5473.54,5488.73,5435.17,36651402.42,csi1000,中证1000,5394.6165,5362.6292,5130.860333333333,5163.88,4822.8379
2011-03-25,5466.35,5502.75,5508.73,5465.61,39168270.7,csi1000,中证1000,5405.7975,5374.8544,5134.1196666666665,5170.603416666666,4829.4381
2011-03-28,5511.46,5493.79,5523.9,5482.61,44191533.32,csi1000,中证1000,5413.122,5382.442800000001,5138.920833333334,5177.404333333334,4835.58625
2011-03-29,5479.4,5404.85,5479.86,5398.04,46027020.62,csi1000,中证1000,5414.7045,5391.9580000000005,5144.891166666666,5182.432583333333,4841.2050500000005
2011-03-30,5391.95,5357.79,5406.98,5335.67,35037250.85,csi1000,中证1000,5414.482,5396.8588,5151.941833333332,5187.2,4847.2442
2011-03-31,5351.18,5285.19,5371.46,5278.08,33463085.7,csi1000,中证1000,5415.4195,5397.468000000001,5156.327166666666,5191.904666666666,4853.3629
2011-04-01,5278.54,5346.7,5346.7,5268.44,27174518.45,csi1000,中证1000,5416.246,5400.1708,5161.3618333333325,5196.581416666667,4859.44875
2011-04-06,5327.26,5345.4,5351.04,5312.56,30239495.39,csi1000,中证1000,5414.024,5400.0948,5164.525833333333,5200.296666666667,4865.68125
2011-04-07,5340.33,5373.33,5373.33,5318.68,31174451.96,csi1000,中证1000,5411.4065,5400.1,5166.9025,5204.052833333333,4871.88125
2011-04-08,5370.26,5430.06,5430.06,5360.66,31591858.92,csi1000,中证1000,5410.6025,5402.812800000001,5170.014,5208.051166666666,4878.43345
2011-04-11,5433.08,5396.87,5438.09,5390.88,38445300.02,csi1000,中证1000,5409.768,5408.03,5172.8815,5211.618166666666,4884.514700000001
2011-04-12,5381.97,5377.31,5405.25,5351.46,34529547.35,csi1000,中证1000,5408.286,5409.9156,5175.9710000000005,5216.350166666667,4889.95675
2011-04-13,5358.02,5424.46,5424.46,5328.59,30719955.62,csi1000,中证1000,5406.389,5411.3004,5182.179499999999,5221.641666666666,4895.58965
2011-04-14,5421.91,5419.14,5436.87,5404.92,32826461.28,csi1000,中证1000,5406.7825,5411.0388,5189.054666666666,5227.5644999999995,4901.29965
2011-04-15,5406.51,5418.88,5418.88,5356.62,33999089.15,csi1000,中证1000,5403.6320000000005,5409.948399999999,5195.331999999999,5232.174333333333,4907.23635
2011-04-18,5403.82,5453.71,5453.71,5396.06,38905135.41,csi1000,中证1000,5407.4445,5411.554400000001,5202.164333333334,5236.852916666667,4914.1662
2011-04-19,5427.75,5408.91,5447.38,5373.87,42594360.45,csi1000,中证1000,5406.993,5411.6328,5209.945000000001,5240.8386666666665,4920.36395
2011-04-20,5401.47,5446.99,5449.83,5401.3,35437651.91,csi1000,中证1000,5409.864,5411.0164,5221.923,5244.681500000001,4926.561750000001
2011-04-21,5452.31,5472.29,5478.36,5444.46,34484061.47,csi1000,中证1000,5413.999,5413.4572,5233.958666666667,5247.72325,4932.89555
2011-04-22,5465.83,5430.41,5465.83,5419.11,31631975.79,csi1000,中证1000,5413.1185000000005,5411.397999999999,5243.2355,5249.992916666667,4939.00805
2011-04-25,5414.55,5298.65,5414.55,5298.65,31789337.24,csi1000,中证1000,5404.374,5408.2456,5253.214000000001,5251.447249999999,4944.802250000001
2011-04-26,5271.72,5196.52,5286.18,5172.86,25425850.04,csi1000,中证1000,5389.0625,5399.3888,5260.824333333333,5251.871916666667,4950.5189
2011-04-27,5198.14,5128.22,5221.96,5087.53,26695934.79,csi1000,中证1000,5370.784000000001,5388.9348,5269.013000000001,5251.177750000001,4957.08765
2011-04-28,5128.21,4948.71,5148.0,4946.7,25434876.09,csi1000,中证1000,5347.977,5371.299599999999,5275.8135,5247.725833333333,4963.16795
2011-04-29,4940.53,5027.55,5027.55,4922.74,19071040.21,csi1000,中证1000,5331.465,5354.480799999999,5282.620666666668,5245.092999999999,4969.878
2011-05-03,5029.67,5119.16,5119.16,5012.78,22197079.22,csi1000,中证1000,5323.163500000001,5340.305600000001,5289.6845,5243.820916666667,4977.1740500000005
2011-05-04,5101.63,5016.81,5101.63,4998.98,24706180.4,csi1000,中证1000,5306.669,5320.868,5294.140833333334,5240.689666666667,4984.12165
2011-05-05,4996.25,5040.33,5056.34,4993.1,20151090.4,csi1000,中证1000,5291.4155,5302.7296,5297.868666666666,5237.083166666666,4990.629599999999
2011-05-06,5005.82,5080.04,5095.83,4980.17,21036017.59,csi1000,中证1000,5276.750999999999,5289.7372,5302.029166666666,5232.762833333333,4997.05185
2011-05-09,5085.36,5126.68,5131.6,5085.36,21672864.2,csi1000,中证1000,5261.582,5280.4928,5307.1345,5228.520583333333,5003.8184
2011-05-10,5128.88,5169.23,5169.23,5108.33,23499208.77,csi1000,中证1000,5250.2,5275.8544,5310.579666666667,5224.502583333333,5010.2332
2011-05-11,5164.61,5179.61,5199.56,5126.81,26816574.56,csi1000,中证1000,5240.3150000000005,5269.1708,5313.360166666666,5221.029500000001,5016.460349999999
2011-05-12,5145.18,5100.27,5176.38,5099.74,29078730.51,csi1000,中证1000,5224.1055,5259.365600000001,5313.577166666667,5219.971333333333,5022.5685
2011-05-13,5092.31,5143.46,5143.46,5054.29,26014444.85,csi1000,中证1000,5210.3215,5250.1708,5314.294333333333,5218.106750000001,5028.70495
2011-05-16,5142.36,5141.23,5166.56,5133.72,25442363.81,csi1000,中证1000,5196.439,5238.6176000000005,5313.379000000001,5217.638916666667,5035.3270999999995
2011-05-17,5128.59,5100.07,5139.57,5047.57,27447227.79,csi1000,中证1000,5178.757,5226.7456,5311.1849999999995,5218.456666666666,5041.6183
2011-05-18,5084.62,5137.72,5139.75,5072.47,25063206.76,csi1000,中证1000,5165.1975,5217.161999999999,5310.195000000001,5218.930333333334,5047.6521
2011-05-19,5139.42,5115.63,5167.68,5111.85,25721662.07,csi1000,中证1000,5148.6295,5204.8088,5307.054166666667,5217.922500000001,5052.9643
2011-05-20,5105.39,5102.13,5114.02,5073.37,22829715.55,csi1000,中证1000,5130.121499999999,5192.1284000000005,5305.973500000001,5216.001833333333,5058.1780499999995
2011-05-23,5092.35,4907.39,5092.35,4905.23,29138368.6,csi1000,中证1000,5103.9705,5171.6688,5300.508833333334,5213.047416666666,5062.08875
2011-05-24,4877.9,4908.91,4913.87,4805.25,24851803.54,csi1000,中证1000,5084.4835,5149.876800000001,5294.491333333333,5208.836916666666,5065.97595
2011-05-25,4902.75,4855.59,4925.38,4849.58,25473261.97,csi1000,中证1000,5067.437,5127.744000000001,5287.432333333332,5203.859833333333,5069.31155
2011-05-26,4871.09,4815.85,4898.47,4815.71,27171015.36,csi1000,中证1000,5051.818499999999,5102.4983999999995,5278.574833333333,5198.618083333334,5072.4679
2011-05-27,4801.69,4644.29,4807.32,4641.23,27378294.68,csi1000,中证1000,5036.597500000001,5069.3784000000005,5266.426333333333,5191.836333333334,5074.3551
2011-05-30,4618.52,4565.12,4641.61,4556.99,21302995.68,csi1000,中证1000,5013.476000000001,5034.7668,5253.141,5185.7564999999995,5075.6996500000005
2011-05-31,4559.63,4661.69,4661.69,4552.23,20692161.78,csi1000,中证1000,4990.6025,5009.2884,5243.061833333332,5180.38425,5077.5129
2011-06-01,4655.29,4723.71,4728.0,4640.63,23782704.82,csi1000,中证1000,4975.9475,4990.376,5232.954166666666,5175.302,5079.18285
2011-06-02,4664.2,4658.37,4679.12,4586.98,24416879.29,csi1000,中证1000,4956.8495,4971.582,5220.763000000001,5169.956916666666,5080.86995
2011-06-03,4655.33,4739.36,4747.84,4655.33,21460087.46,csi1000,中证1000,4939.8155,4963.208,5209.324333333333,5165.910916666666,5082.7042
2011-06-07,4734.79,4792.02,4792.02,4725.07,21958162.76,csi1000,中证1000,4923.0824999999995,4953.786800000001,5198.422333333334,5161.716666666666,5084.6837
2011-06-08,4789.81,4826.86,4830.17,4741.2,25896557.14,csi1000,中证1000,4905.964,4942.0948,5188.644,5157.817083333332,5086.41475
2011-06-09,4815.06,4716.71,4817.43,4716.71,26118420.32,csi1000,中证1000,4882.819,4930.0908,5177.14,5153.90275,5087.24935
2011-06-10,4696.93,4724.62,4724.62,4628.98,22449877.95,csi1000,中证1000,4864.0365,4917.4624,5164.843666666667,5149.493666666667,5088.9434
2011-06-13,4694.37,4724.57,4733.29,4650.16,19314970.05,csi1000,中证1000,4843.092000000001,4903.2436,5153.398666666667,5143.832333333334,5090.3706999999995
2011-06-14,4721.75,4796.47,4805.8,4719.12,24277718.5,csi1000,中证1000,4825.853999999999,4890.0352,5141.975,5138.112999999999,5092.40995
2011-06-15,4786.72,4755.42,4818.75,4754.11,22683046.81,csi1000,中证1000,4808.6215,4873.482800000001,5131.607666666667,5132.207083333333,5093.82935
2011-06-16,4713.32,4645.56,4713.66,4636.66,22002073.08,csi1000,中证1000,4784.0135,4852.120800000001,5118.734666666667,5125.334833333332,5094.19005
2011-06-17,4637.51,4571.23,4661.47,4566.94,19677201.62,csi1000,中证1000,4756.7935,4830.9592,5105.095666666666,5117.812000000001,5093.95455
2011-06-20,4555.24,4505.85,4556.41,4474.58,18055873.44,csi1000,中证1000,4726.9795,4805.4547999999995,5090.366666666667,5110.28175,5093.42555
2011-06-21,4507.34,4562.74,4562.74,4484.4,19788667.01,csi1000,中证1000,4709.747,4782.3152,5075.611999999999,5102.791583333334,5093.1314
2011-06-22,4563.09,4565.62,4586.73,4540.52,18709052.86,csi1000,中证1000,4692.5825,4760.9372,5060.4800000000005,5095.670166666667,5093.34645
2011-06-23,4551.16,4647.98,4656.47,4518.12,23584895.99,csi1000,中证1000,4682.201999999999,4741.3476,5046.233833333334,5090.17675,5093.757
2011-06-24,4633.75,4757.73,4781.39,4623.47,33552638.11,csi1000,中证1000,4679.296,4727.031599999999,5033.966166666666,5086.443499999999,5094.4139000000005
2011-06-27,4761.06,4832.01,4836.37,4760.86,31753990.77,csi1000,中证1000,4688.681999999999,4716.2268,5024.418833333333,5084.655,5095.9004
2011-06-28,4832.73,4850.8,4859.14,4809.38,27646231.62,csi1000,中证1000,4702.965999999999,4713.9632,5015.969,5083.955416666667,5097.3426500000005
2011-06-29,4847.03,4800.19,4867.61,4800.19,28106260.39,csi1000,中证1000,4709.891,4709.6144,5007.885666666667,5082.1064166666665,5098.416050000001
2011-06-30,4793.81,4872.27,4874.48,4793.81,26898137.69,csi1000,中证1000,4717.319,4710.281599999999,4999.9785,5080.670166666667,5099.248
2011-07-01,4885.06,4899.16,4931.46,4880.29,35957753.22,csi1000,中证1000,4729.3585,4713.6140000000005,4992.541166666666,5078.5335000000005,5099.964550000001
2011-07-04,4912.41,5011.67,5011.67,4912.41,43281513.73,csi1000,中证1000,4742.974,4728.3092,4986.5135,5076.708,5101.52925
2011-07-05,5019.74,5055.65,5060.42,5007.29,43815269.02,csi1000,中证1000,4756.1555,4747.9304,4980.273333333333,5075.143666666667,5102.79615
2011-07-06,5043.51,5081.96,5081.96,5012.49,41652160.22,csi1000,中证1000,4768.9105,4764.7412,4975.024833333333,5073.953166666667,5103.9764000000005
2011-07-07,5070.25,5073.06,5134.24,5053.34,44543584.17,csi1000,中证1000,4786.728,4778.715200000001,4969.954,5072.9625,5105.220149999999
2011-07-08,5061.25,5057.72,5079.21,5018.93,33954029.74,csi1000,中证1000,4803.383,4794.6892,4963.841666666666,5073.010583333334,5106.17985
2011-07-11,5049.66,5110.36,5112.38,5037.28,36341919.77,csi1000,中证1000,4822.6725,4809.5292,4958.695333333334,5073.875,5107.2035000000005
2011-07-12,5056.31,5030.08,5073.77,5027.46,41774768.57,csi1000,中证1000,4834.353000000001,4819.0516,4952.215333333333,5073.773666666667,5108.1688
2011-07-13,5023.03,5132.07,5132.07,5023.03,38186464.78,csi1000,中证1000,4853.1855,4831.26,4946.854666666666,5074.5095,5109.3989
2011-07-14,5136.73,5187.08,5187.08,5122.19,43936121.84,csi1000,中证1000,4880.2615,4850.074799999999,4943.1575,5076.55125,5110.49695
2011-07-15,5176.12,5229.1,5229.1,5165.66,47871760.6,csi1000,中证1000,4913.155000000001,4870.254,4939.526,5080.7245,5111.72815
2011-07-18,5232.3,5235.19,5257.06,5214.34,43756521.32,csi1000,中证1000,4949.621999999999,4890.6788,4935.574333333333,5084.7665,5113.4640500000005
2011-07-19,5211.54,5176.19,5211.54,5155.91,37877457.9,csi1000,中证1000,4980.2945,4905.8676000000005,4931.337333333333,5087.286416666667,5115.51075
2011-07-20,5196.97,5184.12,5214.53,5129.46,34927269.75,csi1000,中证1000,5011.2195,4923.0156,4929.428499999999,5091.32125,5117.59395
2011-07-21,5176.68,5111.41,5179.95,5110.49,33034205.43,csi1000,中证1000,5034.391,4941.649600000001,4928.01,5094.417166666666,5119.6713
2011-07-22,5118.93,5143.21,5159.32,5111.15,30784452.57,csi1000,中证1000,5053.665,4964.5288,4928.259833333333,5098.636416666666,5121.998949999999
2011-07-25,5126.23,4920.46,5126.23,4901.89,40903785.42,csi1000,中证1000,5058.0875,4981.1132,4927.789000000001,5101.80125,5122.5939499999995
2011-07-26,4907.77,4951.52,4951.52,4880.42,28357019.94,csi1000,中证1000,5063.1235,4996.6644,4926.521833333333,5104.57125,5123.42305
2011-07-27,4940.15,5037.96,5042.86,4913.72,31547246.58,csi1000,中证1000,5075.012000000001,5015.558,4925.1685,5107.4265,5125.0097000000005
2011-07-28,4975.71,5013.66,5018.89,4957.46,29763099.91,csi1000,中证1000,5082.0815,5030.1852,4925.116,5109.628416666667,5126.15055
2011-07-29,5007.9,4963.42,5031.36,4951.12,28057864.14,csi1000,中证1000,5085.2945,5038.4128,4923.8341666666665,5110.851416666667,5126.4698
2011-08-01,4953.59,4995.38,5010.19,4941.49,24359137.89,csi1000,中证1000,5084.48,5044.9476,4922.4231666666665,5112.226166666666,5126.83375
2011-08-02,4981.33,4971.39,4981.33,4888.38,28979912.58,csi1000,中证1000,5080.267,5049.7712,4919.835000000001,5113.48475,5126.9394
2011-08-03,4923.48,4995.0,5007.67,4903.56,26737826.38,csi1000,中证1000,5075.919,5057.5636,4916.931166666666,5113.755416666666,5127.070250000001
2011-08-04,4999.26,5016.52,5035.78,4999.03,27740560.59,csi1000,中证1000,5073.092,5063.3336,4914.213,5113.7865833333335,5128.1055
2011-08-05,4852.44,4896.38,4937.39,4816.35,29987331.77,csi1000,中证1000,5065.025,5063.2224,4910.814833333333,5112.196,5128.64
2011-08-08,4826.06,4627.1,4842.18,4539.71,36772771.65,csi1000,中证1000,5040.861999999999,5047.8396,4902.208833333334,5108.251583333333,5128.2335
2011-08-09,4479.24,4619.64,4647.66,4385.51,34936684.79,csi1000,中证1000,5020.339999999999,5030.399200000001,4893.515666666665,5103.447333333333,5127.0032
2011-08-10,4686.78,4693.61,4753.18,4686.78,35755695.78,csi1000,中证1000,4998.4169999999995,5014.8652,4886.741333333334,5098.963166666666,5126.0098499999995
2011-08-11,4585.32,4780.69,4780.69,4572.24,35804962.96,csi1000,中证1000,4978.0975,5003.1704,4880.7908333333335,5095.492916666667,5125.2602
2011-08-12,4807.16,4838.92,4856.81,4806.29,37129324.92,csi1000,中证1000,4958.5885,4994.4184000000005,4876.179,5091.616583333333,5124.52555
2011-08-15,4847.62,4918.88,4918.88,4847.62,34263505.79,csi1000,中证1000,4942.773,4986.7591999999995,4873.124833333333,5089.549166666667,5123.583549999999
2011-08-16,4923.41,4888.68,4935.88,4872.41,32845159.79,csi1000,中证1000,4928.397500000001,4981.1032000000005,4872.812999999999,5086.660916666666,5122.2367
2011-08-17,4875.5,4881.84,4907.36,4854.56,29605861.31,csi1000,中证1000,4913.2835,4971.094,4872.361833333333,5083.426583333333,5121.025250000001
2011-08-18,4875.93,4789.21,4880.45,4787.66,28248852.69,csi1000,中证1000,4897.1735,4955.1792000000005,4871.255499999999,5079.343916666667,5119.2435
2011-08-19,4685.37,4742.32,4742.32,4662.65,24807863.97,csi1000,中证1000,4877.129,4935.708,4870.03,5074.302416666667,5116.8975
2011-08-22,4738.5,4715.7,4785.84,4699.02,22672863.35,csi1000,中证1000,4866.8910000000005,4914.9284,4871.220166666667,5068.82325,5113.6613
2011-08-23,4725.94,4799.18,4799.18,4715.76,23854581.36,csi1000,中证1000,4859.274,4899.848,4875.121166666667,5064.131083333333,5110.9397500000005
2011-08-24,4821.44,4797.8,4852.22,4790.2,28274398.09,csi1000,中证1000,4847.266,4884.3952,4877.389666666667,5060.2257500000005,5108.5697
2011-08-25,4799.23,4879.62,4879.62,4782.67,31022193.79,csi1000,中证1000,4840.564,4875.1236,4879.988166666666,5056.471166666667,5106.005
2011-08-26,4865.46,4905.07,4916.43,4854.53,28708163.73,csi1000,中证1000,4837.6465,4865.598,4884.099833333333,5052.431416666667,5103.1648000000005
2011-08-29,4888.86,4876.72,4899.21,4866.66,27293798.37,csi1000,中证1000,4831.7135,4863.8484,4886.389166666667,5047.85675,5099.5560000000005
2011-08-30,4894.09,4824.92,4926.7,4824.11,28513620.47,csi1000,中证1000,4824.39,4858.7844000000005,4886.9375,5042.679916666666,5095.50185
2011-08-31,4821.1,4798.73,4841.75,4748.6,24438598.44,csi1000,中证1000,4814.5765,4849.215200000001,4886.468666666667,5037.556333333333,5091.23855
2011-09-01,4801.87,4771.88,4833.45,4750.68,22517802.47,csi1000,中证1000,4802.3445,4839.544,4887.388166666667,5032.264083333333,5087.1160500000005
2011-09-02,4762.91,4716.88,4771.52,4684.33,19326077.76,csi1000,中证1000,4793.3695,4829.6824,4887.259166666667,5026.051416666666,5084.564200000001
2011-09-05,4674.47,4596.13,4674.47,4595.76,19462208.29,csi1000,中证1000,4791.821000000001,4813.7124,4885.1185,5019.258583333333,5080.7088
2011-09-06,4562.82,4568.59,4598.67,4544.28,17309746.06,csi1000,中证1000,4789.2685,4797.600399999999,4881.320500000001,5011.64775,5077.5649
2011-09-07,4580.44,4684.1,4684.1,4580.44,23508657.12,csi1000,中证1000,4788.793,4785.1644,4880.131833333333,5005.86975,5075.9757
2011-09-08,4698.65,4635.03,4705.92,4635.0,23530126.17,csi1000,中证1000,4781.51,4769.9048,4879.9563333333335,4999.345499999999,5073.746450000001
2011-09-09,4629.63,4609.58,4670.99,4588.09,19504450.78,csi1000,中证1000,4770.043,4758.4328000000005,4880.595499999999,4992.845583333334,5070.6115
2011-09-13,4533.0,4532.08,4547.51,4502.93,19194493.46,csi1000,中证1000,4750.7029999999995,4754.632,4881.032666666667,4985.699666666666,5066.60885
2011-09-14,4548.67,4589.69,4589.69,4480.98,20360030.79,csi1000,中证1000,4735.7535,4753.433999999999,4881.481833333334,4978.546916666667,5063.2477
2011-09-15,4593.09,4598.45,4630.1,4585.68,21487372.27,csi1000,中证1000,4721.584,4749.6276,4882.0289999999995,4971.2545,5059.1691
2011-09-16,4610.36,4598.81,4629.62,4595.79,20014998.86,csi1000,中证1000,4712.064,4742.3524,4881.2095,4963.721666666666,5054.89895
2011-09-19,4580.07,4507.68,4580.07,4507.68,18611998.87,csi1000,中证1000,4700.332,4729.1028,4877.042,4955.504083333333,5050.21305
2011-09-20,4495.39,4537.53,4553.95,4476.07,18420581.72,csi1000,中证1000,4691.4235,4713.8488,4872.134,4948.276416666667,5045.610199999999
2011-09-21,4534.95,4666.07,4669.9,4523.67,29249984.31,csi1000,中证1000,4684.767999999999,4704.9444,4869.055166666667,4942.512083333333,5042.46705
2011-09-22,4631.8,4529.96,4650.4,4529.96,26318660.2,csi1000,中证1000,4671.376,4690.8692,4864.551333333334,4936.218500000001,5038.58505
2011-09-23,4449.63,4494.48,4509.93,4426.5,22944487.61,csi1000,中证1000,4652.119,4679.08,4858.254833333333,4929.116666666667,5034.38955
2011-09-26,4475.63,4426.4,4516.97,4412.56,20195864.8,csi1000,中证1000,4628.1855000000005,4666.4432,4850.3755,4921.458333333333,5030.02265
2011-09-27,4450.04,4441.81,4475.37,4398.56,19883347.73,csi1000,中证1000,4606.4400000000005,4655.4876,4840.877833333333,4913.6956666666665,5026.1073
2011-09-28,4458.46,4358.34,4472.2,4344.65,20461346.01,csi1000,中证1000,4583.111,4637.853999999999,4829.255999999999,4904.764666666667,5021.422350000001
2011-09-29,4331.22,4189.11,4331.22,4185.8,21409278.74,csi1000,中证1000,4552.629999999999,4613.506399999999,4814.375166666667,4894.7,5015.89385
2011-09-30,4192.62,4174.45,4212.61,4122.48,15433113.17,csi1000,中证1000,4522.7585,4585.299599999999,4799.398333333333,4884.676166666667,5010.833949999999
2011-10-10,4184.09,4159.45,4200.13,4146.51,13505480.31,csi1000,中证1000,4494.887,4555.4748,4784.427166666666,4874.134416666667,5005.36265
2011-10-11,4242.47,4152.72,4270.78,4108.03,19763804.13,csi1000,中证1000,4472.7164999999995,4526.514800000001,4768.4664999999995,4863.580916666667,4999.1066
2011-10-12,4136.67,4302.1,4303.15,4093.18,28476883.22,csi1000,中证1000,4459.392,4505.602,4756.3335,4854.274416666667,4993.20315
2011-10-13,4296.47,4370.72,4371.31,4285.42,30545977.07,csi1000,中证1000,4443.723,4488.4816,4743.644333333334,4845.249500000001,4987.7361
2011-10-14,4357.69,4350.42,4366.39,4309.69,22879540.47,csi1000,中证1000,4429.492499999999,4471.6232,4729.7,4836.428750000001,4982.13705
2011-10-17,4356.75,4368.77,4387.01,4336.07,22608087.39,csi1000,中证1000,4417.452,4457.6988,4715.3611666666675,4827.443583333333,4976.61105
2011-10-18,4341.78,4230.95,4343.07,4227.29,24941164.87,csi1000,中证1000,4402.3955000000005,4443.0916,4698.623833333333,4817.0990833333335,4970.7184
2011-10-19,4232.19,4216.67,4255.95,4189.02,19814958.82,csi1000,中证1000,4383.7445,4429.0148,4682.631833333334,4806.984583333333,4964.49395
2011-10-20,4199.43,4088.08,4199.43,4054.44,21273298.48,csi1000,中证1000,4358.226000000001,4405.174,4664.3645,4796.896500000001,4957.8333999999995
2011-10-21,4077.76,4008.55,4086.1,4004.71,16673495.79,csi1000,中证1000,4328.713000000001,4380.114799999999,4645.9835,4786.99675,4951.340200000001
2011-10-24,4007.49,4071.46,4071.46,3918.86,22000394.64,csi1000,中证1000,4306.902,4358.59,4628.121,4778.190416666666,4945.668900000001
2011-10-25,4065.09,4185.19,4192.33,4053.56,30401096.49,csi1000,中证1000,4289.285,4344.7144,4615.8665,4771.8277499999995,4941.3617
2011-10-26,4154.52,4217.89,4256.19,4142.24,33666835.04,csi1000,中证1000,4266.876,4329.8423999999995,4603.6393333333335,4765.080583333333,4937.7774
2011-10-27,4217.95,4216.23,4261.51,4199.16,29722573.37,csi1000,中证1000,4251.1895,4314.5536,4589.943833333334,4757.556166666666,4933.7482
2011-10-28,4258.77,4306.4,4306.4,4238.42,34333502.75,csi1000,中证1000,4241.7855,4302.8571999999995,4578.156166666667,4751.636083333333,4930.0571
2011-10-31,4303.37,4350.13,4350.13,4292.44,32014935.03,csi1000,中证1000,4237.972,4296.5552,4567.934666666667,4745.884416666667,4926.02995
2011-11-01,4312.11,4355.0,4368.66,4294.72,32945125.56,csi1000,中证1000,4233.6315,4289.254,4557.261666666667,4739.842416666666,4921.6513
2011-11-02,4284.44,4432.33,4432.33,4265.36,38542615.96,csi1000,中证1000,4237.331,4279.9044,4548.2773333333325,4734.056166666666,4917.5961
2011-11-03,4451.92,4458.45,4520.75,4451.92,50929304.14,csi1000,中证1000,4250.798000000001,4277.044,4539.334833333332,4728.133000000001,4913.76425
2011-11-04,4475.8,4491.17,4503.65,4451.24,37961308.26,csi1000,中证1000,4266.634,4276.911599999999,4530.579000000001,4722.395999999999,4910.2604
2011-11-07,4479.52,4474.75,4517.04,4465.35,29648077.1,csi1000,中证1000,4282.399,4278.8456,4523.551833333334,4717.183333333333,4907.3744
2011-11-08,4470.74,4420.98,4485.41,4411.87,29205368.33,csi1000,中证1000,4295.812,4278.0124,4520.1165,4711.162666666667,4904.44615
2011-11-09,4427.31,4501.26,4501.26,4385.84,30523855.23,csi1000,中证1000,4305.7699999999995,4283.729200000001,4518.1435,4705.829583333333,4901.74125
2011-11-10,4450.63,4441.79,4495.98,4437.93,33252592.29,csi1000,中证1000,4309.3235,4293.8364,4513.9465,4700.343916666667,4898.73135
2011-11-11,4441.29,4441.94,4480.75,4420.96,28033393.71,csi1000,中证1000,4313.8995,4304.536,4508.300666666666,4694.54575,4896.2307
2011-11-14,4474.53,4553.24,4553.24,4474.53,34655653.61,csi1000,中证1000,4323.123,4320.2876,4503.539333333333,4689.859166666666,4895.35535
2011-11-15,4552.8,4587.39,4587.39,4547.18,34584636.73,csi1000,中证1000,4340.945,4337.6744,4498.0145,4685.569666666667,4894.54155
2011-11-16,4586.21,4474.27,4586.21,4457.43,37685003.26,csi1000,中证1000,4353.825,4344.5612,4491.107666666667,4681.960333333333,4892.543900000001
2011-11-17,4471.59,4474.34,4525.95,4456.24,27483088.99,csi1000,中证1000,4373.138,4348.706,4484.316,4678.338916666667,4891.4159
2011-11-18,4444.92,4333.89,4444.92,4325.66,28092043.89,csi1000,中证1000,4389.405,4348.044800000001,4476.727333333333,4673.991416666668,4889.385850000001
2011-11-21,4326.48,4347.0,4347.0,4287.21,20308270.35,csi1000,中证1000,4403.182,4347.174,4470.138666666667,4670.084333333333,4887.93635
2011-11-22,4308.5,4341.69,4341.69,4272.69,20941940.01,csi1000,中证1000,4411.007,4351.6035999999995,4463.905166666666,4667.562666666667,4886.9414
2011-11-23,4343.4,4318.12,4363.39,4310.82,19484245.63,csi1000,中证1000,4416.0185,4355.6616,4455.8875,4665.504333333333,4885.4364000000005
2011-11-24,4279.34,4311.28,4337.21,4248.43,22124369.68,csi1000,中证1000,4420.771,4364.5896,4447.778833333334,4662.58425,4883.5161499999995
2011-11-25,4306.05,4280.95,4336.82,4267.66,21105723.27,csi1000,中证1000,4419.4985,4375.4856,4437.801,4658.894583333333,4881.17375
2011-11-28,4283.89,4283.1,4304.89,4251.61,19566734.66,csi1000,中证1000,4416.146999999999,4383.9511999999995,4427.434833333334,4655.767333333333,4878.505950000001
2011-11-29,4316.23,4358.57,4358.57,4301.98,24492615.12,csi1000,中证1000,4416.3255,4390.8864,4418.799,4652.594083333333,4876.14675
2011-11-30,4352.35,4164.12,4352.35,4109.1,29357519.4,csi1000,中证1000,4402.915,4388.735599999999,4407.785666666667,4647.361583333333,4872.8655499999995
2011-12-01,4278.11,4254.09,4319.83,4238.57,32549978.43,csi1000,中证1000,4392.696999999999,4390.25,4398.708333333333,4642.5885,4869.3234
2011-12-02,4232.55,4164.81,4232.55,4137.22,24152225.61,csi1000,中证1000,4376.379,4384.5864,4388.5905,4637.989333333333,4865.083549999999
2011-12-05,4150.52,4021.21,4150.52,4012.86,19268815.49,csi1000,中证1000,4353.701999999999,4371.4295999999995,4376.996,4632.127583333333,4859.75335
2011-12-06,4006.46,4022.73,4035.36,3962.99,17345025.0,csi1000,中证1000,4333.7895,4358.1388,4367.439333333333,4626.278916666666,4854.364850000001
2011-12-07,4017.67,4035.03,4051.61,4001.12,16234234.06,csi1000,中证1000,4310.478000000001,4342.2468,4358.546666666667,4619.933583333333,4848.55925
2011-12-08,4023.25,4034.05,4068.46,3953.17,20013131.77,csi1000,中证1000,4290.090999999999,4325.2708,4347.7125,4613.922166666667,4842.57095
2011-12-09,4002.45,3991.45,4041.32,3978.78,15623913.49,csi1000,中证1000,4267.5665,4305.282,4336.986166666667,4608.4712500000005,4836.5426
2011-12-12,3989.66,3939.27,4003.11,3935.5,15031461.72,csi1000,中证1000,4236.868,4283.8628,4325.814333333334,4603.204916666667,4829.71855
2011-12-13,3918.62,3789.03,3918.62,3777.1,20604113.64,csi1000,中证1000,4196.95,4258.5848000000005,4313.430166666667,4597.2314166666665,4822.82885
2011-12-14,3773.09,3705.48,3803.36,3696.02,16567001.13,csi1000,中证1000,4158.5105,4226.7536,4298.693333333334,4590.087583333333,4815.1799
2011-12-15,3681.81,3598.94,3681.81,3594.68,19331345.51,csi1000,中证1000,4114.7405,4193.0396,4282.034833333334,4582.031916666666,4806.8248
2011-12-16,3592.2,3705.58,3705.58,3581.43,19402497.47,csi1000,中证1000,4083.325,4163.5852,4267.147666666667,4574.178583333333,4798.95705
2011-12-19,3683.04,3715.7,3716.98,3617.34,19889928.97,csi1000,中证1000,4051.7600000000007,4130.083600000001,4253.948,4565.495,4790.79905
2011-12-20,3703.86,3701.62,3755.46,3692.6,20304679.96,csi1000,中证1000,4019.7565000000004,4094.6528,4240.016166666666,4556.075083333333,4782.44115
2011-12-21,3723.75,3602.6,3742.82,3600.69,19030324.92,csi1000,中证1000,3983.9805,4059.7860000000005,4222.291666666667,4545.6734166666665,4773.64295
2011-12-22,3569.41,3535.24,3574.63,3418.37,22329274.75,csi1000,中证1000,3945.1784999999995,4022.2219999999998,4205.713,4535.132166666666,4764.98695
2011-12-23,3520.31,3561.98,3598.35,3503.19,19539168.84,csi1000,中证1000,3909.2299999999996,3991.3456,4190.171333333334,4524.213083333333,4756.146000000001
2011-12-26,3558.99,3536.28,3594.91,3535.96,16231459.13,csi1000,中证1000,3871.889,3958.9168,4175.335999999999,4512.85575,4746.8782
2011-12-27,3521.74,3422.98,3521.74,3418.61,16886556.19,csi1000,中证1000,3825.1095,3922.1684000000005,4158.3555,4499.616666666667,4736.8647
2011-12-28,3396.07,3393.37,3396.07,3300.8,17595039.14,csi1000,中证1000,3786.572,3885.1784,4142.272666666667,4485.7643333333335,4726.60085
2011-12-29,3376.41,3394.85,3418.38,3363.23,15150172.37,csi1000,中证1000,3743.6100000000006,3848.5212,4129.035,4471.705083333333,4716.5073
2011-12-30,3399.63,3456.29,3457.19,3399.63,16631763.94,csi1000,中证1000,3708.1839999999997,3815.5348,4117.065666666666,4458.232,4706.754
2012-01-04,3478.34,3362.83,3494.01,3362.83,18486035.88,csi1000,中证1000,3675.2650000000003,3778.7239999999997,4103.788666666666,4444.107916666667,4696.25615
2012-01-05,3337.37,3205.4,3337.37,3200.99,21303427.75,csi1000,中证1000,3634.3985000000002,3732.5972,4088.0,4428.23325,4685.2268
2012-01-06,3190.72,3224.5,3224.99,3126.58,19084907.83,csi1000,中证1000,3593.8719999999994,3695.0124000000005,4070.04,4413.186749999999,4673.93985
2012-01-09,3221.74,3365.9,3365.9,3191.0,26758133.36,csi1000,中证1000,3560.4645000000005,3659.4847999999997,4053.293,4398.468666666667,4663.88205
2012-01-10,3366.37,3503.24,3506.94,3357.48,38670095.16,csi1000,中证1000,3536.053999999999,3633.022,4039.173333333333,4384.4366666666665,4654.308550000001
2012-01-11,3498.71,3519.51,3543.26,3476.91,35495706.74,csi1000,中证1000,3515.0660000000003,3612.954,4025.0190000000002,4370.190083333333,4644.95825
2012-01-12,3504.84,3518.88,3559.31,3494.77,31587110.56,csi1000,中证1000,3501.5585,3592.8,4013.151166666666,4355.8875,4635.6047
2012-01-13,3512.56,3374.16,3517.77,3355.08,31409155.04,csi1000,中证1000,3484.9924999999994,3566.3651999999997,3999.1093333333333,4340.870583333333,4625.2354
2012-01-16,3338.85,3255.89,3352.69,3255.89,19378629.09,csi1000,中证1000,3467.84,3535.2388,3985.2395,4324.802,4614.14715
2012-01-17,3248.03,3437.33,3437.33,3232.53,29892423.29,csi1000,中证1000,3454.4275000000002,3513.0739999999996,3975.7191666666668,4310.851333333333,4603.82005
2012-01-18,3442.7,3350.37,3472.08,3337.52,30876434.5,csi1000,中证1000,3436.161,3489.518,3963.701,4295.910999999999,4593.10295
2012-01-19,3339.49,3374.28,3397.54,3313.72,23504975.05,csi1000,中证1000,3419.7940000000003,3472.928,3950.185833333334,4283.0261666666665,4582.950099999999
2012-01-20,3375.78,3415.75,3422.75,3371.09,21982155.33,csi1000,中证1000,3410.4515,3461.3388,3936.8168333333333,4270.228083333333,4573.2399
2012-01-30,3425.4,3404.91,3447.33,3397.62,19385850.84,csi1000,中证1000,3403.935,3453.5776,3923.2948333333334,4256.619333333333,4563.8385
2012-01-31,3396.25,3406.68,3409.21,3360.15,18033641.5,csi1000,中证1000,3396.1699999999996,3441.6216,3908.2995,4243.227833333333,4554.1384
2012-02-01,3399.93,3387.94,3439.65,3375.29,20922844.55,csi1000,中证1000,3388.7529999999997,3428.5112,3892.263,4230.0988333333335,4544.3511
2012-02-02,3391.77,3457.05,3457.05,3391.12,24523387.6,csi1000,中证1000,3390.4565000000002,3418.7284000000004,3877.2971666666663,4217.279416666667,4534.769700000001
2012-02-03,3454.79,3518.87,3525.2,3444.5,32676348.64,csi1000,中证1000,3396.7315000000003,3415.3792,3862.072833333333,4205.1750833333335,4525.21375
2012-02-06,3524.48,3557.08,3561.18,3517.14,34369644.55,csi1000,中证1000,3404.843,3416.2528,3847.05,4193.192416666667,4516.0148
2012-02-07,3540.96,3496.4,3540.96,3469.83,29014620.02,csi1000,中证1000,3406.8485,3413.6295999999998,3830.4705000000004,4180.52475,4506.610250000001
2012-02-08,3489.76,3593.28,3593.28,3480.04,35189670.71,csi1000,中证1000,3418.371,3415.9095999999995,3815.7793333333334,4169.665583333333,4497.45435
2012-02-09,3589.93,3627.82,3660.19,3583.79,44879393.55,csi1000,中证1000,3439.4919999999997,3424.1032,3802.56,4161.33825,4488.4977499999995
2012-02-10,3622.81,3648.42,3664.81,3618.73,38111083.29,csi1000,中证1000,3460.6879999999996,3434.3052000000002,3788.346,4153.24475,4479.64545
2012-02-13,3621.37,3700.1,3714.45,3604.36,39876186.36,csi1000,中证1000,3477.398,3446.5152000000003,3775.9845,4144.9655,4470.8774
2012-02-14,3697.35,3703.36,3713.01,3674.03,34996669.19,csi1000,中证1000,3487.404,3456.3980000000006,3763.674833333333,4135.987749999999,4462.34965
2012-02-15,3698.88,3769.99,3769.99,3686.39,44607414.08,csi1000,中证1000,3499.928,3472.6844,3750.620666666667,4127.08,4453.96465
2012-02-16,3765.16,3775.8,3799.29,3734.83,45583451.82,csi1000,中证1000,3512.774,3495.5004,3737.0941666666668,4117.5543333333335,4445.4822
2012-02-17,3778.31,3763.09,3791.36,3721.31,36107831.78,csi1000,中证1000,3532.2205000000004,3517.044,3725.2411666666667,4108.174416666667,4437.1456
2012-02-20,3807.93,3771.66,3816.26,3769.23,38992428.49,csi1000,中证1000,3558.0089999999996,3533.2744000000002,3713.5298333333335,4098.922916666666,4429.51065
2012-02-21,3765.47,3820.26,3820.26,3723.99,38080735.74,csi1000,中证1000,3577.1555,3545.9551999999994,3704.9693333333335,4090.848333333334,4422.62935
2012-02-22,3819.69,3895.76,3895.76,3816.51,50991579.96,csi1000,中证1000,3604.425,3561.0052,3697.448666666666,4083.7936666666665,4416.46705
2012-02-23,3892.53,3900.04,3916.34,3857.78,46677014.2,csi1000,中证1000,3630.7129999999997,3576.2515999999996,3690.087833333333,4076.9965,4411.2237
2012-02-24,3896.02,3941.75,3941.75,3883.43,48570537.36,csi1000,中证1000,3657.013,3598.9552000000003,3683.815,4069.85125,4405.7946999999995
2012-02-27,3948.55,3942.39,4003.72,3942.39,58651828.82,csi1000,中证1000,3683.8869999999997,3626.4151999999995,3677.6668333333337,4062.7228333333337,4399.910849999999
2012-02-28,3923.23,3907.7,3933.56,3855.6,48490532.74,csi1000,中证1000,3708.9380000000006,3645.23,3671.4459999999995,4054.6234999999997,4394.3653
2012-02-29,3896.11,3858.54,3917.63,3856.02,37604712.78,csi1000,中证1000,3732.468,3665.5568,3664.3700000000003,4045.902416666667,4388.45635
2012-03-01,3843.99,3887.17,3910.41,3842.02,32115439.35,csi1000,中证1000,3753.9739999999997,3686.0724,3656.513333333334,4037.6561666666666,4382.492
2012-03-02,3891.39,3961.58,3961.58,3891.39,40646766.14,csi1000,中证1000,3776.1095,3707.9056,3653.137666666667,4030.461666666667,4376.666499999999
2012-03-05,3971.62,3981.73,3996.04,3971.62,44385233.02,csi1000,中证1000,3797.3419999999996,3730.9783999999995,3648.598333333334,4023.6533333333336,4370.728999999999
2012-03-06,3973.32,3954.19,3973.38,3913.85,44450420.48,csi1000,中证1000,3820.2315000000003,3752.8788,3645.088,4016.83925,4364.6019
2012-03-07,3912.03,3939.3,3989.1,3899.53,42022233.71,csi1000,中证1000,3837.5325,3774.9332,3643.7228333333333,4010.3594166666667,4358.79705
2012-03-08,3947.31,3993.56,4004.43,3947.31,39562062.0,csi1000,中证1000,3855.8195,3796.3936,3643.2366666666667,4005.338,4353.04755
2012-03-09,4002.38,4053.9,4053.9,3994.49,42298528.38,csi1000,中证1000,3876.0935000000004,3817.7947999999997,3643.551166666666,4001.0489166666666,4347.610900000001
2012-03-12,4060.52,4078.68,4078.68,4041.95,42466047.34,csi1000,中证1000,3895.0225,3838.6588,3644.295,3996.0037500000003,4342.503949999999
2012-03-13,4074.99,4114.57,4114.57,4062.05,45201684.31,csi1000,中证1000,3915.583,3863.3856,3646.3469999999998,3991.666583333333,4337.3882
2012-03-14,4126.94,3919.62,4152.02,3887.28,70821135.43,csi1000,中证1000,3923.0645000000004,3876.4392000000003,3646.0195,3985.916916666667,4331.40815
2012-03-15,3907.14,3869.06,3938.58,3797.19,48521636.36,csi1000,中证1000,3927.7275,3886.0888,3647.3533333333335,3980.3917500000002,4325.2428
2012-03-16,3872.74,3971.51,3971.51,3867.09,43729243.03,csi1000,中证1000,3938.1484999999993,3899.0124,3651.7871666666665,3975.2402500000003,4320.5634
2012-03-19,3970.25,4040.96,4040.96,3957.08,42891734.45,csi1000,中证1000,3951.6135000000004,3912.6468,3659.1541666666662,3970.5944999999997,4316.223650000001
2012-03-20,4028.37,3949.49,4028.37,3949.38,40456960.2,csi1000,中证1000,3958.075,3922.4919999999997,3663.2193333333335,3965.1835,4311.69315
2012-03-21,3959.06,3965.64,3982.64,3890.58,38666767.44,csi1000,中证1000,3961.5690000000004,3930.3179999999998,3667.3849999999998,3960.6665,4307.4421
2012-03-22,3960.41,3956.74,3987.21,3932.58,34161698.21,csi1000,中证1000,3964.404,3937.5556,3671.637,3955.8265833333335,4304.00435
2012-03-23,3941.92,3873.49,3941.92,3855.15,32224099.15,csi1000,中证1000,3960.9910000000004,3941.9716000000003,3676.151833333334,3949.2217499999997,4300.5462
2012-03-26,3863.5,3860.82,3880.0,3828.6,24495341.56,csi1000,中证1000,3956.9125,3945.538,3681.5781666666667,3943.6455833333334,4296.54185
2012-03-27,3872.74,3852.9,3898.06,3846.81,26970509.21,csi1000,中证1000,3954.1724999999997,3946.8436000000006,3686.4268333333334,3938.2990833333333,4292.187800000001
2012-03-28,3835.22,3663.07,3835.22,3655.51,34526637.44,csi1000,中证1000,3944.399,3937.5359999999996,3688.5400000000004,3931.938,4287.211299999999
2012-03-29,3636.35,3580.75,3645.55,3542.07,28899341.62,csi1000,中证1000,3929.078,3924.7644,3691.1695000000004,3924.7625,4281.41825
2012-03-30,3575.35,3560.49,3601.52,3528.67,25340204.23,csi1000,中证1000,3909.0235000000002,3909.514,3693.9548333333337,3918.1137499999995,4275.2606
2012-04-05,3562.15,3676.55,3677.11,3555.71,28386076.89,csi1000,中证1000,3893.7645,3898.8804000000005,3698.6498333333334,3913.8424166666664,4269.50905
2012-04-06,3675.84,3713.28,3722.83,3669.29,30448414.28,csi1000,中证1000,3881.719,3891.1036000000004,3702.9329999999995,3909.999333333333,4264.4919
2012-04-09,3702.71,3666.37,3718.73,3665.89,26308428.9,csi1000,中证1000,3868.0724999999998,3883.4168,3707.992,3905.8903333333337,4259.20065
2012-04-10,3647.14,3710.36,3710.36,3576.44,30693245.54,csi1000,中证1000,3853.9125,3876.3444,3716.4080000000004,3902.2039999999997,4254.1296
2012-04-11,3667.46,3739.42,3739.42,3648.17,34396228.49,csi1000,中证1000,3838.1884999999993,3867.458,3724.9900000000002,3897.5150000000003,4248.84435
2012-04-12,3740.79,3818.15,3818.15,3735.67,43773876.19,csi1000,中证1000,3825.1620000000003,3860.9148,3732.5274999999997,3892.91025,4244.157999999999
2012-04-13,3823.76,3850.73,3869.57,3816.08,47198744.95,csi1000,中证1000,3811.97,3856.7764,3738.319,3888.7461666666663,4240.18385
2012-04-16,3822.88,3868.56,3885.14,3812.16,43211929.48,csi1000,中证1000,3809.417,3853.9467999999997,3744.1365,3884.57775,4236.6705
2012-04-17,3864.33,3815.25,3883.65,3814.09,45940691.55,csi1000,中证1000,3806.7264999999998,3846.8144,3749.0760000000005,3881.1135833333333,4233.2175
2012-04-18,3818.11,3904.49,3907.44,3813.73,50063092.35,csi1000,中证1000,3803.3755000000006,3840.8380000000006,3757.9148333333337,3878.5120833333335,4229.92625
2012-04-19,3902.26,3901.32,3921.41,3878.46,44659943.22,csi1000,中证1000,3796.3934999999997,3833.7436,3768.672,3876.95575,4226.60475
2012-04-20,3890.64,3932.12,3938.39,3879.42,48156825.48,csi1000,中证1000,3795.525,3826.4456,3776.9185,3876.3188333333333,4223.02545
2012-04-23,3927.51,3867.25,3930.33,3848.04,53684760.63,csi1000,中证1000,3790.6055,3824.3507999999997,3785.533166666667,3874.6170833333335,4218.57305
2012-04-24,3828.31,3832.42,3877.18,3708.51,55965470.21,csi1000,中证1000,3784.3895,3822.8851999999997,3793.1688333333327,3871.6773333333335,4213.5751
2012-04-25,3820.21,3894.92,3906.54,3812.08,57763720.09,csi1000,中证1000,3785.4610000000002,3819.8216,3801.1549999999997,3868.9859166666665,4208.7957
2012-04-26,3899.52,3870.69,3905.75,3854.68,52823139.79,csi1000,中证1000,3785.9545000000007,3813.0107999999996,3808.918,3866.1064166666665,4204.1482
2012-04-27,3858.76,3837.88,3867.35,3833.62,39354635.53,csi1000,中证1000,3785.2034999999996,3808.5464,3816.1046666666666,3862.202083333333,4198.97625
2012-05-02,3875.5,3874.24,3891.06,3836.73,45148165.15,csi1000,中证1000,3795.762,3804.8904,3824.2096666666666,3858.2363333333333,4193.8516500000005
2012-05-03,3866.26,3892.93,3892.93,3856.22,40823936.25,csi1000,中证1000,3811.371,3802.3379999999997,3831.474333333333,3854.38575,4188.25795
2012-05-04,3889.18,3924.26,3925.58,3880.13,42583144.64,csi1000,中证1000,3829.5595000000003,3804.3688,3838.2308333333335,3850.151833333333,4182.601
2012-05-07,3903.46,3954.18,3954.18,3896.88,41209447.51,csi1000,中证1000,3843.441,3808.1032,3844.8491666666664,3845.949583333333,4176.962100000001
2012-05-08,3950.95,3958.42,3972.92,3924.58,42221025.17,csi1000,中证1000,3855.6979999999994,3812.3239999999996,3852.5495,3841.51,4171.3889
2012-05-09,3932.23,3897.47,3932.23,3893.76,42082252.61,csi1000,中证1000,3867.2529999999997,3821.7,3857.6193333333335,3836.699333333333,4165.5876499999995
2012-05-10,3889.71,3912.47,3926.96,3889.71,35786792.92,csi1000,中证1000,3877.3585,3834.9688,3862.3635,3832.4617500000004,4159.5982
2012-05-11,3909.24,3886.52,3931.78,3886.52,37113556.56,csi1000,中证1000,3884.7135000000003,3848.01,3866.331833333333,3827.3389166666666,4153.8804
2012-05-14,3916.21,3880.78,3933.61,3878.72,38840043.21,csi1000,中证1000,3887.845,3856.1792,3869.3431666666665,3822.6638333333335,4147.623949999999
2012-05-15,3849.34,3865.88,3865.88,3814.82,37910370.02,csi1000,中证1000,3888.6025,3862.2831999999994,3872.0518333333334,3817.8633333333337,4141.0179499999995
2012-05-16,3857.78,3826.03,3868.27,3825.55,34798615.24,csi1000,中证1000,3886.476,3868.6696,3872.985833333333,3811.80325,4134.0026
2012-05-17,3821.01,3880.79,3881.54,3810.44,39238653.37,csi1000,中证1000,3889.7529999999997,3875.4868,3874.735666666667,3805.914916666667,4127.2306
2012-05-18,3856.1,3810.51,3873.25,3799.64,40426758.17,csi1000,中证1000,3885.054,3878.3304,3875.526,3800.3835833333333,4120.4022
2012-05-21,3802.52,3802.15,3824.5,3761.18,33354331.27,csi1000,中证1000,3880.0955000000004,3877.6904000000004,3876.034166666667,3794.782,4113.4923499999995
2012-05-22,3811.95,3852.18,3852.18,3811.95,31923786.94,csi1000,中证1000,3876.0985,3877.7483999999995,3876.5661666666665,3790.76775,4107.1962
2012-05-23,3845.12,3844.08,3859.53,3800.73,38039164.55,csi1000,中证1000,3874.9399999999996,3876.7691999999997,3875.7048333333337,3786.57675,4100.70055
2012-05-24,3832.32,3816.31,3854.92,3806.05,35564273.83,csi1000,中证1000,3874.1345,3876.8115999999995,3874.309333333333,3782.1985833333333,4095.1798000000003
2012-05-25,3816.26,3773.09,3823.2,3761.15,34341286.27,csi1000,中证1000,3868.043,3871.5556,3871.4983333333334,3777.6566666666668,4089.28765
2012-05-28,3759.78,3822.53,3822.53,3694.43,40247099.75,csi1000,中证1000,3865.6349999999998,3868.4040000000005,3869.5006666666663,3773.58375,4083.2104999999997
2012-05-29,3819.59,3881.07,3886.37,3817.0,46035093.99,csi1000,中证1000,3867.7945,3866.362,3869.0568333333335,3770.2514166666665,4077.5475500000002
2012-05-30,3877.26,3889.62,3903.62,3870.39,40673140.65,csi1000,中证1000,3868.5635,3867.2568000000006,3869.574833333333,3766.9724166666665,4072.1785499999996
2012-05-31,3869.31,3898.59,3921.23,3856.05,36222136.6,csi1000,中证1000,3868.8465000000006,3869.9036000000006,3869.765166666666,3763.1392499999997,4066.6946000000003
2012-06-01,3896.87,3892.22,3919.87,3874.03,33957647.23,csi1000,中证1000,3867.2445,3869.7956,3868.6091666666666,3760.873416666667,4061.29875
2012-06-04,3826.08,3755.0,3845.85,3755.0,38195872.5,csi1000,中证1000,3857.2855000000004,3865.1680000000006,3864.830333333333,3756.714333333334,4055.09875
2012-06-05,3756.77,3748.98,3777.72,3733.57,28480640.37,csi1000,中证1000,3846.8135,3861.612,3861.4101666666666,3753.249083333333,4048.7610499999996
2012-06-06,3753.89,3734.67,3772.41,3713.49,24938888.21,csi1000,中证1000,3838.6735,3856.0292,3857.999666666667,3750.8612500000004,4042.9525
2012-06-07,3766.55,3712.7,3779.84,3702.65,27389725.97,csi1000,中证1000,3828.6850000000004,3848.82,3853.3186666666666,3748.277666666667,4038.3804999999998
2012-06-08,3742.75,3697.72,3745.32,3689.54,26728721.98,csi1000,中证1000,3819.245,3839.7583999999997,3847.3823333333335,3745.46675,4033.7708999999995
2012-06-11,3697.24,3760.43,3760.43,3683.22,27244841.72,csi1000,中证1000,3813.2275,3832.0084,3842.078166666666,3743.1865833333336,4029.105
2012-06-12,3744.69,3738.89,3759.01,3727.1,25331679.76,csi1000,中证1000,3806.8779999999997,3823.2272000000003,3835.8168333333333,3741.081916666667,4023.896
2012-06-13,3742.89,3803.81,3803.81,3737.66,30867211.95,csi1000,中证1000,3805.767,3819.4808000000003,3833.8866666666668,3739.9530833333333,4018.72045
2012-06-14,3796.46,3777.59,3821.16,3774.72,30222841.96,csi1000,中证1000,3800.607,3814.0856,3832.3621666666663,3739.85775,4013.014
2012-06-15,3780.95,3784.17,3805.7,3737.53,28189280.19,csi1000,中证1000,3799.2899999999995,3809.9916,3829.2398333333335,3740.5135,4007.4914499999995
2012-06-18,3796.15,3824.15,3830.06,3796.15,27852589.33,csi1000,中证1000,3800.3900000000003,3807.7264,3825.6263333333336,3742.39025,4002.203
2012-06-19,3818.44,3799.51,3824.22,3794.63,28385997.98,csi1000,中证1000,3797.7564999999995,3805.0715999999998,3823.1266666666666,3743.1730000000002,3997.2545
2012-06-20,3803.67,3784.33,3816.55,3778.74,25264894.85,csi1000,中证1000,3794.7690000000002,3803.4035999999996,3820.1048333333333,3743.744916666667,3992.4645499999997
2012-06-21,3777.62,3729.21,3777.62,3712.71,27249516.56,csi1000,中证1000,3790.4139999999998,3797.3403999999996,3816.3126666666662,3743.974833333333,3987.5321000000004
2012-06-25,3716.49,3633.24,3716.49,3631.95,24758714.9,csi1000,中证1000,3783.4214999999995,3790.2496,3812.3085,3744.230166666667,3981.7024
2012-06-26,3612.75,3627.99,3642.05,3568.1,23411308.54,csi1000,中证1000,3773.6945,3783.2832,3808.428,3745.0030833333335,3975.8533500000003
2012-06-27,3624.3,3615.95,3663.95,3614.19,23569263.71,csi1000,中证1000,3760.4385,3773.8340000000003,3804.4788333333336,3745.4528333333337,3969.535
2012-06-28,3620.47,3562.42,3634.09,3562.42,24996414.68,csi1000,中证1000,3744.0784999999996,3762.5676000000003,3802.8013333333333,3745.670666666667,3962.82175
2012-06-29,3543.99,3610.25,3610.25,3523.18,23547535.03,csi1000,中证1000,3729.6614999999997,3754.3252,3803.2929999999997,3747.23125,3956.4894
2012-07-02,3628.8,3659.61,3676.4,3625.12,29378489.31,csi1000,中证1000,3718.031,3749.7859999999996,3804.945,3749.4499166666665,3950.66285
2012-07-03,3656.51,3672.97,3700.72,3650.07,32388878.99,csi1000,中证1000,3713.9294999999997,3743.8035999999997,3804.8853333333336,3751.7675833333337,3945.0340499999998
2012-07-04,3675.5,3659.61,3684.43,3645.88,30934651.79,csi1000,中证1000,3709.4610000000002,3734.9452,3803.9908333333337,3753.4619166666666,3939.4727
2012-07-05,3647.35,3572.75,3647.35,3561.58,29730424.33,csi1000,中证1000,3701.3650000000002,3722.2704000000003,3802.4305,3755.2112500000003,3933.7520499999996
2012-07-06,3587.68,3645.55,3645.55,3543.14,33299009.3,csi1000,中证1000,3698.0075000000006,3712.1488,3801.3503333333333,3758.8791666666666,3928.9991499999996
2012-07-09,3623.75,3553.28,3640.22,3552.73,34030637.09,csi1000,中证1000,3690.7855000000004,3698.5912,3798.2479999999996,3761.6189999999997,3923.9226
2012-07-10,3538.78,3512.12,3551.36,3501.37,28355809.48,csi1000,中证1000,3678.37,3688.8759999999997,3793.1475,3762.8375,3918.0627000000004
2012-07-11,3504.89,3544.09,3544.09,3496.53,26253795.79,csi1000,中证1000,3668.63,3680.6803999999997,3788.0368333333336,3763.1779166666665,3912.6079999999997
2012-07-12,3536.86,3596.42,3608.66,3515.96,33976506.82,csi1000,中证1000,3658.2605000000003,3675.1504,3783.5011666666664,3763.818833333333,3907.5422000000003
2012-07-13,3581.58,3570.76,3606.66,3560.84,29775163.78,csi1000,中证1000,3647.9190000000003,3669.4728000000005,3779.4263333333333,3764.251166666667,3902.7356000000004
2012-07-16,3563.17,3416.2,3563.48,3414.66,35001241.83,csi1000,中证1000,3629.5205,3658.212,3771.2881666666667,3764.6014999999998,3896.8681500000002
2012-07-17,3398.12,3445.55,3445.55,3384.68,26910195.74,csi1000,中证1000,3610.5905,3645.6168,3763.692,3766.182,3891.1036500000005
2012-07-18,3437.65,3476.42,3476.42,3396.65,29903933.92,csi1000,中证1000,3594.436,3635.118,3756.097,3766.50775,3885.4917
2012-07-19,3467.46,3525.84,3549.26,3458.54,38195898.3,csi1000,中证1000,3581.5114999999996,3623.9991999999997,3750.4068333333335,3767.9700000000003,3880.5825
2012-07-20,3519.59,3510.48,3545.35,3501.34,31887488.83,csi1000,中证1000,3570.575,3613.3147999999997,3745.041166666667,3769.105,3875.44725
2012-07-23,3489.55,3477.06,3498.25,3447.91,28230588.58,csi1000,中证1000,3562.7660000000005,3601.0304000000006,3738.076833333333,3769.6159166666666,3869.5022
2012-07-24,3454.43,3507.03,3527.36,3447.8,28996850.64,csi1000,中证1000,3556.718,3588.3456,3732.015833333333,3770.4669166666667,3864.38755
2012-07-25,3495.88,3482.59,3518.06,3476.31,28155651.88,csi1000,中证1000,3550.05,3575.6688,3726.0943333333335,3771.0995,3859.3281
2012-07-26,3477.21,3444.94,3507.22,3441.49,25657745.76,csi1000,中证1000,3544.1760000000004,3562.0932000000003,3718.9393333333337,3771.5745,3854.4208000000003
2012-07-27,3454.14,3420.61,3466.01,3408.68,24488217.88,csi1000,中证1000,3534.6940000000004,3549.7492,3711.0673333333334,3771.2708333333335,3849.3148000000006
2012-07-30,3416.92,3335.24,3435.7,3320.17,25625185.95,csi1000,中证1000,3518.4755000000005,3537.8291999999997,3701.250333333333,3769.7405833333332,3844.1992999999998
2012-07-31,3324.87,3272.06,3326.44,3253.93,24588104.83,csi1000,中证1000,3498.4300000000003,3523.592,3689.8816666666667,3767.3654166666665,3839.6140499999997
2012-08-01,3267.74,3333.01,3352.78,3267.74,23683080.62,csi1000,中证1000,3482.1,3512.2744000000002,3679.4581666666663,3766.0038333333337,3835.40685
2012-08-02,3327.65,3314.23,3349.31,3293.56,22576159.22,csi1000,中证1000,3469.174,3502.3468,3669.7375,3763.6784166666666,3831.1807499999995
2012-08-03,3319.09,3393.94,3393.94,3312.92,26273801.82,csi1000,中证1000,3456.5935,3493.6944,3661.095333333333,3761.7294166666666,3827.38685
2012-08-06,3381.39,3484.0,3485.65,3376.77,33620426.44,csi1000,中证1000,3453.1295,3486.67,3654.3866666666668,3760.35925,3823.29635
2012-08-07,3483.02,3524.75,3524.75,3479.3,39182284.94,csi1000,中证1000,3453.761,3480.7412,3648.4528333333337,3758.898,3819.0665000000004
2012-08-08,3520.97,3515.61,3535.37,3488.32,37552169.17,csi1000,中证1000,3452.3370000000004,3474.9812,3642.615,3757.333416666667,3814.89245
2012-08-09,3510.21,3565.9,3565.9,3491.76,41252729.79,csi1000,中证1000,3450.811,3474.7072,3638.2794999999996,3755.6326666666664,3810.8781
2012-08-10,3561.85,3562.51,3572.94,3545.26,38151626.39,csi1000,中证1000,3450.3985000000002,3471.3856,3632.974833333333,3753.85525,3807.5359000000003
2012-08-13,3554.65,3489.25,3557.64,3488.43,34847690.47,csi1000,中证1000,3454.0510000000004,3468.8244,3627.6205,3751.5732500000004,3803.8988
2012-08-14,3483.77,3526.63,3526.63,3425.83,37070054.81,csi1000,中证1000,3458.1050000000005,3469.4048,3623.0285,3749.5313333333334,3801.09155
2012-08-15,3519.49,3490.39,3525.73,3486.54,32237435.25,csi1000,中证1000,3458.8035000000004,3467.2568000000006,3616.9986666666664,3746.7824166666664,3798.50075
2012-08-16,3480.19,3462.81,3495.12,3455.47,27429335.41,csi1000,中证1000,3455.6520000000005,3461.9124000000006,3610.6441666666665,3743.1745,3795.4575
2012-08-17,3457.61,3465.93,3474.78,3426.46,24293237.44,csi1000,中证1000,3453.4244999999996,3457.7192,3604.8045,3739.556916666667,3791.8612
2012-08-20,3448.27,3487.6,3492.51,3423.58,26630774.74,csi1000,中证1000,3453.9515,3460.5752,3600.046333333333,3735.7723333333333,3788.2097500000004
2012-08-21,3485.82,3549.84,3560.25,3482.38,35908284.55,csi1000,中证1000,3456.0919999999996,3464.7468,3595.5015000000003,3732.5010833333336,3784.8777999999998
2012-08-22,3549.05,3528.2,3556.6,3512.16,35168943.34,csi1000,中证1000,3458.3725,3466.8179999999998,3589.6203333333333,3729.338583333333,3780.9868000000006
2012-08-23,3521.89,3556.22,3558.72,3510.07,34662487.15,csi1000,中证1000,3463.9365,3468.0332,3584.063666666667,3726.81925,3777.0172500000003
2012-08-24,3542.97,3475.56,3545.37,3475.56,34021026.02,csi1000,中证1000,3466.6839999999997,3466.6364000000003,3577.013166666666,3723.389166666667,3772.62005
2012-08-27,3457.28,3394.92,3457.28,3394.33,29955288.5,csi1000,中证1000,3469.668,3463.3507999999997,3568.7248333333337,3718.667,3767.433
2012-08-28,3386.63,3420.87,3442.99,3379.18,26023863.91,csi1000,中证1000,3477.1085,3459.9044,3563.1560000000004,3713.9931666666666,3762.2451
2012-08-29,3415.57,3408.17,3449.3,3401.51,27871942.61,csi1000,中证1000,3480.8665,3456.9276,3557.4758333333334,3709.443,3756.8301
2012-08-30,3398.2,3340.95,3416.37,3285.59,31949182.8,csi1000,中证1000,3482.2025000000003,3452.768,3550.913833333333,3704.45675,3751.1611
2012-08-31,3330.92,3354.8,3366.84,3320.93,22788439.27,csi1000,中证1000,3480.2455,3450.1356,3544.948833333334,3699.1337500000004,3745.8302000000003
2012-09-03,3347.03,3417.64,3423.44,3341.67,26781691.84,csi1000,中证1000,3476.9275000000002,3453.4316000000003,3540.2808333333332,3693.831583333333,3740.4121
2012-09-04,3418.2,3390.99,3437.95,3386.46,27931957.84,csi1000,中证1000,3470.2395000000006,3458.1887999999994,3534.1235,3688.100833333333,3735.1581
2012-09-05,3384.02,3419.6,3430.28,3376.99,27157569.27,csi1000,中证1000,3465.439,3461.6524,3528.802,3682.3094166666665,3730.0464
2012-09-06,3423.91,3458.19,3458.19,3421.86,29219570.5,csi1000,中证1000,3460.0534999999995,3467.4108,3523.0416666666665,3678.4641666666666,3724.5711499999998
2012-09-07,3482.53,3569.98,3600.19,3482.53,58661569.72,csi1000,中证1000,3460.4269999999997,3474.4524,3519.5815000000002,3675.9718333333335,3719.4840999999997
2012-09-10,3571.24,3608.76,3619.73,3561.83,51614573.34,csi1000,中证1000,3466.4025,3479.4428000000003,3516.658,3672.9489166666667,3715.1565499999997
2012-09-11,3596.41,3602.09,3602.09,3573.21,42973556.52,csi1000,中证1000,3470.1755,3482.5364,3512.9570000000003,3669.291666666667,3710.7953
2012-09-12,3612.15,3628.53,3628.53,3586.49,43634569.28,csi1000,中证1000,3477.0824999999995,3487.0532000000003,3510.1073333333334,3666.6169999999997,3707.2684999999997
2012-09-13,3625.71,3567.51,3634.01,3567.51,42544751.11,csi1000,中证1000,3482.3175,3487.1176,3506.4936666666667,3663.2992500000005,3703.3710499999997
2012-09-14,3592.05,3568.22,3607.64,3538.62,39561615.21,csi1000,中证1000,3487.432,3487.3459999999995,3503.8105,3660.061583333333,3699.5037000000007
2012-09-17,3563.9,3462.53,3565.8,3462.53,35531614.35,csi1000,中证1000,3486.1785000000004,3486.2771999999995,3500.965333333333,3656.636916666667,3695.22575
2012-09-18,3447.79,3454.67,3478.94,3436.54,25995982.23,csi1000,中证1000,3481.4200000000005,3483.3988,3498.076666666667,3653.252333333333,3690.9427
2012-09-19,3457.31,3486.53,3488.25,3455.66,25160964.55,csi1000,中证1000,3479.3365000000003,3483.2443999999996,3495.9196666666667,3650.19925,3686.9706
2012-09-20,3480.23,3364.47,3480.23,3361.5,32486921.55,csi1000,中证1000,3469.7490000000007,3479.3107999999997,3492.6205,3647.7109166666664,3682.37745
2012-09-21,3351.94,3329.3,3375.22,3325.9,26860274.91,csi1000,中证1000,3462.436,3473.8456,3487.938,3645.6155,3677.2311000000004
2012-09-24,3311.99,3351.99,3364.24,3284.43,24109411.93,csi1000,中证1000,3460.2895,3468.4211999999998,3482.811,3643.878,3673.1704500000005
2012-09-25,3343.63,3323.86,3364.77,3314.01,24047894.25,csi1000,中证1000,3455.439,3459.382,3476.9925,3640.938916666667,3668.5193
2012-09-26,3315.49,3231.02,3325.8,3224.68,23770238.18,csi1000,中证1000,3446.5815000000002,3447.4948,3469.849333333333,3636.920083333333,3663.85035
2012-09-27,3227.5,3301.32,3323.16,3225.91,28273113.28,csi1000,中证1000,3444.6,3437.2988,3465.3255,3633.8779999999997,3660.2509000000005
2012-09-28,3288.97,3359.22,3359.25,3280.18,27580912.78,csi1000,中证1000,3444.821,3432.6452000000004,3460.5533333333337,3630.9518333333335,3656.93335
2012-10-08,3361.28,3358.49,3382.12,3341.34,21602845.05,csi1000,中证1000,3441.8635000000004,3431.1880000000006,3457.3068333333335,3627.7774166666663,3653.55065
2012-10-09,3359.95,3451.72,3451.72,3359.95,34707166.21,csi1000,中证1000,3444.9,3432.4219999999996,3456.3001666666664,3624.723833333333,3650.639
2012-10-10,3446.93,3494.37,3494.37,3438.2,40453624.82,csi1000,中证1000,3448.6385,3435.87,3455.4715,3621.754166666667,3648.1536000000006
2012-10-11,3489.3,3440.52,3498.43,3439.71,40884746.89,csi1000,中证1000,3447.755,3439.8528,3452.8731666666667,3618.187166666666,3645.65985
2012-10-12,3442.05,3432.24,3473.11,3395.82,32981093.66,csi1000,中证1000,3440.868,3442.9503999999997,3450.5645,3614.995416666666,3643.8759000000005
2012-10-15,3428.38,3405.95,3428.38,3372.86,29690130.57,csi1000,中证1000,3430.7275,3442.4827999999998,3450.3936666666664,3610.8409166666665,3642.37825
2012-10-16,3401.1,3418.92,3443.62,3390.88,30265840.78,csi1000,中证1000,3421.5690000000004,3443.6,3449.949833333333,3606.820916666666,3641.47815
2012-10-17,3421.95,3432.01,3441.07,3394.84,30816196.7,csi1000,中证1000,3411.743,3444.0964000000004,3449.2096666666666,3602.653333333333,3640.1103000000003
2012-10-18,3430.32,3486.98,3494.55,3430.32,41952920.67,csi1000,中证1000,3407.7165,3445.248,3448.562,3599.4844166666667,3638.9667000000004
2012-10-19,3484.83,3477.78,3493.08,3468.96,33449153.76,csi1000,中证1000,3403.1945,3441.56,3448.0170000000003,3596.5290833333333,3637.8475
2012-10-22,3458.75,3492.79,3495.2,3449.97,29862533.46,csi1000,中证1000,3404.7074999999995,3436.9211999999998,3448.2791666666667,3593.178,3637.29845
2012-10-23,3492.53,3455.7,3500.65,3453.16,35828046.2,csi1000,中证1000,3404.7590000000005,3431.0656,3447.423666666667,3589.7197499999997,3636.9007500000002
2012-10-24,3434.44,3440.75,3461.21,3427.94,32551625.2,csi1000,中证1000,3402.4700000000003,3423.5544,3446.726333333333,3586.4103333333333,3636.2946
2012-10-25,3440.99,3401.95,3460.66,3400.98,34907279.16,csi1000,中证1000,3404.344,3416.9320000000002,3446.009833333333,3582.4745833333336,3635.62295
2012-10-26,3397.84,3327.72,3401.85,3308.93,31630598.82,csi1000,中证1000,3404.2650000000003,3407.312,3444.461666666667,3577.7645,3635.1466499999997
2012-10-29,3318.97,3321.76,3335.93,3304.42,22786735.84,csi1000,中证1000,3402.7535000000003,3401.6812,3444.237,3572.7436666666667,3634.7886
2012-10-30,3320.0,3327.51,3356.61,3320.0,24757356.21,csi1000,中证1000,3402.936,3396.5948000000003,3445.1611666666668,3567.521416666667,3634.4519
2012-10-31,3326.23,3342.92,3342.92,3308.76,24247599.73,csi1000,中证1000,3408.531,3390.8504000000003,3445.3263333333334,3562.39225,3633.88505
2012-11-01,3343.17,3402.75,3409.63,3343.17,35375695.01,csi1000,中证1000,3413.6025,3392.3816,3446.8016666666667,3558.2695833333337,3634.0846500000002
2012-11-02,3403.37,3418.42,3419.4,3385.77,35197698.13,csi1000,中证1000,3416.5625,3395.9464000000003,3447.2096666666666,3554.1524999999997,3635.1497499999996
2012-11-05,3416.22,3406.76,3424.96,3391.32,31562874.21,csi1000,中证1000,3418.976,3398.1371999999997,3445.9223333333334,3550.1545,3636.06105
2012-11-06,3405.99,3380.06,3405.99,3332.9,32505978.16,csi1000,中证1000,3415.393,3400.3851999999997,3443.5108333333333,3545.9818333333333,3636.1318499999998
2012-11-07,3376.73,3380.4,3395.18,3361.58,26606001.13,csi1000,中证1000,3409.6945,3406.3603999999996,3441.2573333333335,3541.9361666666664,3635.5176500000002
2012-11-08,3354.83,3293.7,3355.68,3293.7,32259613.03,csi1000,中证1000,3402.3534999999997,3406.0556,3436.720666666667,3537.5000833333334,3634.3885999999998
2012-11-09,3283.87,3284.72,3308.94,3273.17,25462697.67,csi1000,中证1000,3394.9775,3403.0756,3432.0908333333336,3532.532833333333,3633.2178
2012-11-12,3285.93,3312.96,3314.02,3283.19,25664984.02,csi1000,中证1000,3390.328,3401.2543999999994,3429.152666666667,3528.3865833333334,3632.9118
2012-11-13,3312.98,3245.89,3312.98,3240.29,30633488.51,csi1000,中证1000,3381.6765,3393.0212000000006,3424.4736666666663,3523.7510833333336,3632.8618
2012-11-14,3242.14,3248.08,3251.06,3210.26,24362209.1,csi1000,中证1000,3372.4800000000005,3383.1695999999997,3420.435166666667,3518.7169166666667,3631.9155499999997
2012-11-15,3234.58,3185.24,3245.29,3184.44,24435834.86,csi1000,中证1000,3357.393,3372.9584000000004,3415.809,3513.2265833333336,3631.0899
2012-11-16,3178.3,3165.49,3178.67,3143.04,22109397.31,csi1000,中证1000,3341.7784999999994,3362.2884000000004,3410.8016666666663,3507.8030833333332,3630.04595
2012-11-19,3162.5,3183.37,3183.68,3135.74,21435559.13,csi1000,中证1000,3326.3075,3353.3852,3405.731166666667,3502.88875,3628.88405
2012-11-20,3188.62,3174.42,3202.73,3173.76,22747563.8,csi1000,中证1000,3312.2434999999996,3343.6052,3399.4741666666664,3497.487833333333,3627.7316000000005
2012-11-21,3170.43,3208.17,3208.17,3130.32,27341096.03,csi1000,中证1000,3300.6144999999997,3334.6515999999997,3394.1403333333337,3491.8803333333335,3626.7390499999997
2012-11-22,3195.46,3169.89,3195.46,3161.96,24627457.72,csi1000,中证1000,3289.0115000000005,3321.968,3387.7015,3485.882583333333,3625.6488
2012-11-23,3166.5,3177.76,3194.75,3163.83,23903126.07,csi1000,中证1000,3281.5135,3309.9672000000005,3382.738166666667,3479.8756666666663,3624.2523499999998
2012-11-26,3175.09,3137.87,3175.37,3135.0,22211029.96,csi1000,中证1000,3272.319,3295.7704,3378.4539999999997,3473.5894166666667,3622.34735
2012-11-27,3127.64,3005.27,3127.64,3005.27,27530230.2,csi1000,中证1000,3256.207,3277.7532,3371.527333333333,3467.3416666666667,3619.5883000000003
2012-11-28,2988.75,2930.06,2988.75,2921.78,22425018.99,csi1000,中证1000,3235.564,3257.3256,3363.5588333333335,3460.5173333333337,3616.7565999999997
2012-11-29,2927.73,2892.59,2954.0,2888.67,20888284.52,csi1000,中证1000,3210.056,3236.9512,3356.086166666667,3453.5,3613.25315
2012-11-30,2889.21,2930.45,2933.38,2880.77,21960914.88,csi1000,中证1000,3185.6575000000003,3221.0604,3349.0136666666663,3446.98125,3609.7663000000002
2012-12-03,2926.67,2850.82,2941.67,2849.6,22978730.05,csi1000,中证1000,3157.8605,3202.2228000000005,3339.5666666666666,3439.92375,3605.7783
2012-12-04,2839.7,2887.79,2891.1,2798.27,27334407.88,csi1000,中证1000,3133.2470000000003,3184.6339999999996,3331.1800000000003,3432.65175,3601.71675
2012-12-05,2880.15,2999.13,3017.89,2873.95,41490477.24,csi1000,中证1000,3114.1835,3170.8824,3324.1721666666667,3426.4870833333334,3598.1956
2012-12-06,2996.91,2998.71,3018.39,2980.62,32953771.34,csi1000,中证1000,3099.4339999999997,3154.7207999999996,3316.514166666667,3419.7779166666664,3594.3392
2012-12-07,2994.53,3071.86,3076.48,2986.16,46063651.25,csi1000,中证1000,3088.791,3140.8583999999996,3308.2121666666662,3413.8968333333332,3590.8195
2012-12-10,3076.9,3128.4,3130.84,3065.6,49458464.12,csi1000,中证1000,3079.563,3129.724,3300.2061666666673,3408.432083333333,3587.64605
2012-12-11,3117.68,3104.63,3141.24,3100.6,44816198.09,csi1000,中证1000,3072.5,3118.7068000000004,3291.915166666666,3402.4360833333335,3584.3108999999995
2012-12-12,3099.03,3104.94,3117.14,3068.21,37472748.12,csi1000,中证1000,3065.343,3107.6883999999995,3283.1886666666664,3396.648,3580.7343
2012-12-13,3097.57,3061.62,3112.89,3059.03,34755003.98,csi1000,中证1000,3059.162,3098.4052,3274.7571666666668,3390.6254166666668,3576.5636
2012-12-14,3054.65,3183.75,3188.34,3054.65,59244471.24,csi1000,中证1000,3060.075,3094.3664000000003,3268.349333333333,3386.079916666667,3572.9821500000003
2012-12-17,3188.29,3201.25,3210.6,3171.96,53424805.15,csi1000,中证1000,3060.969,3089.8980000000006,3263.9946666666665,3382.48,3569.2796500000004
2012-12-18,3195.9,3192.98,3233.6,3176.62,47887146.92,csi1000,中证1000,3061.897,3087.7816,3259.6331666666665,3378.854916666666,3565.5326
2012-12-19,3186.8,3205.87,3219.45,3182.16,37897381.25,csi1000,中证1000,3061.782,3086.0932000000003,3254.9554999999996,3375.437583333333,3562.0234499999997
2012-12-20,3198.37,3215.95,3219.51,3168.02,39828563.62,csi1000,中证1000,3064.085,3087.3215999999998,3252.4801666666667,3372.550333333333,3558.8105
2012-12-21,3216.75,3218.08,3255.34,3200.77,41919132.59,csi1000,中证1000,3066.1009999999997,3089.4251999999997,3250.6265,3369.2822499999997,3555.4650500000002
2012-12-24,3212.27,3244.1,3246.91,3209.53,34606936.81,csi1000,中证1000,3071.4125,3091.8544,3248.828333333333,3365.8196666666668,3551.8776500000004
2012-12-25,3239.01,3318.39,3326.79,3232.24,57412400.34,csi1000,中证1000,3087.0685,3097.6132000000002,3248.737166666667,3362.864833333333,3548.5609500000005
2012-12-26,3317.39,3373.75,3373.75,3313.96,58920338.49,csi1000,中证1000,3109.2529999999997,3104.2364000000002,3251.1160000000004,3360.4826666666663,3545.65875
2012-12-27,3377.3,3340.74,3391.57,3339.94,59527404.46,csi1000,中证1000,3131.6605,3111.0704000000005,3251.773,3358.5492499999996,3542.6659499999996
2012-12-28,3335.71,3378.98,3378.98,3326.12,50062614.31,csi1000,中证1000,3154.087,3119.1191999999996,3252.1023333333337,3356.3278333333337,3539.59305
2012-12-31,3384.58,3406.8,3409.61,3373.73,48029139.54,csi1000,中证1000,3181.886,3129.8764,3252.9075000000003,3355.107166666667,3536.35755
2013-01-04,3427.27,3391.45,3434.72,3358.3,55378826.16,csi1000,中证1000,3207.069,3145.3235999999997,3251.9030000000002,3354.1015833333336,3532.9214
2013-01-07,3387.16,3441.69,3441.69,3380.11,56401236.71,csi1000,中证1000,3229.197,3165.7888000000003,3251.0249999999996,3353.2482499999996,3529.5570000000002
2013-01-08,3444.44,3492.86,3501.48,3426.98,69849821.39,csi1000,中证1000,3253.9045,3189.7996000000003,3251.8973333333333,3352.3852500000003,3527.4232
2013-01-09,3487.33,3497.93,3526.02,3461.28,73056367.65,csi1000,中证1000,3275.208,3212.4988,3252.9921666666664,3351.7783333333336,3525.56755
2013-01-10,3493.87,3524.25,3530.58,3492.49,64209319.09,csi1000,中证1000,3295.0004999999996,3239.4359999999997,3254.9638333333332,3352.67875,3523.33125
2013-01-11,3525.95,3454.62,3534.48,3446.31,69427742.07,csi1000,中证1000,3312.5,3262.1092,3255.5588333333335,3352.7543333333333,3520.3995499999996
2013-01-14,3449.48,3578.98,3581.01,3449.03,74044364.99,csi1000,中证1000,3336.202,3285.3032000000003,3258.008333333333,3353.6089999999995,3518.5469999999996
2013-01-15,3583.84,3649.14,3659.87,3583.7,91420266.77,csi1000,中证1000,3365.578,3311.3204000000005,3260.7110000000002,3354.6365,3516.9644999999996
2013-01-16,3643.42,3645.82,3656.87,3580.84,82218812.78,csi1000,中证1000,3388.6815,3334.2788,3263.5116666666663,3355.7643333333335,3515.4099
2013-01-17,3639.06,3602.85,3646.8,3593.07,63930476.44,csi1000,中证1000,3408.7614999999996,3353.2568,3265.346,3356.8125833333334,3514.0566999999996
2013-01-18,3605.09,3659.56,3659.56,3594.82,64001510.36,csi1000,中证1000,3432.0905,3375.4539999999997,3268.7436666666667,3358.0836666666664,3513.0504000000005
2013-01-21,3663.77,3689.91,3689.91,3645.51,65795719.72,csi1000,中证1000,3456.2925000000005,3398.8528,3272.896333333333,3359.811333333333,3512.2354499999997
2013-01-22,3685.27,3617.13,3685.27,3590.16,64846818.85,csi1000,中证1000,3476.3514999999998,3421.0731999999994,3276.4826666666663,3361.2462499999997,3512.0057500000003
2013-01-23,3605.1,3630.04,3630.77,3570.81,58280833.37,csi1000,中证1000,3496.9495,3438.9248,3281.521333333333,3362.9914999999996,3512.2522000000004
2013-01-24,3627.27,3540.22,3657.68,3511.36,69589374.48,csi1000,中证1000,3511.7555,3452.4836,3285.1623333333337,3364.699666666667,3512.15085
2013-01-25,3532.52,3536.9,3556.97,3517.32,42688426.96,csi1000,中证1000,3522.6809999999996,3466.2403999999997,3288.6521666666667,3366.9066666666668,3511.4526
2013-01-28,3536.28,3629.36,3629.36,3536.28,49166785.94,csi1000,中证1000,3535.4615,3483.18,3293.426166666666,3369.37625,3511.033
2013-01-29,3632.45,3663.64,3671.29,3625.51,57102915.29,csi1000,中证1000,3551.6065000000003,3501.0876000000003,3297.7743333333333,3372.288,3511.01935
2013-01-30,3666.21,3661.03,3672.06,3626.88,59215562.26,csi1000,中证1000,3565.709,3518.8056,3301.8178333333335,3374.51375,3510.7727
2013-01-31,3655.88,3639.19,3657.06,3617.58,53885824.05,csi1000,中证1000,3577.3285000000005,3534.6092,3305.6916666666666,3375.8070000000002,3510.2715499999995
2013-02-01,3632.69,3659.46,3664.88,3622.89,52516219.72,csi1000,中证1000,3590.7289999999994,3548.252,3310.3483333333334,3376.929583333333,3509.4781000000007
2013-02-04,3664.59,3624.82,3672.31,3610.21,56637102.33,csi1000,中证1000,3599.8855000000003,3558.2947999999997,3314.422,3377.8396666666667,3508.3485499999997
2013-02-05,3605.23,3657.51,3657.51,3593.2,47706728.65,csi1000,中证1000,3608.118,3570.9656,3320.4855,3378.6030833333334,3507.2933000000003
2013-02-06,3658.07,3681.31,3691.81,3658.07,42858438.26,csi1000,中证1000,3617.2870000000003,3583.0588000000002,3327.095333333333,3379.593083333333,3506.6236
2013-02-07,3681.26,3700.57,3706.56,3665.37,40657425.77,csi1000,中证1000,3626.103,3594.8095999999996,3333.5555,3381.354083333333,3505.6040000000003
2013-02-08,3700.11,3755.54,3763.4,3699.94,42782208.87,csi1000,中证1000,3641.1490000000003,3609.3732,3342.049666666667,3383.2616666666663,3504.8751
2013-02-18,3774.06,3797.69,3801.89,3762.9,54301735.01,csi1000,中证1000,3652.0844999999995,3623.6132000000002,3351.2098333333333,3385.8225,3504.20295
2013-02-19,3794.51,3737.65,3799.16,3723.08,55775443.01,csi1000,中证1000,3656.5099999999998,3633.4048,3360.4166666666665,3388.1128333333336,3503.5549499999997
2013-02-20,3734.22,3818.44,3818.44,3733.2,56063909.86,csi1000,中证1000,3665.1410000000005,3646.2252000000003,3371.2991666666667,3391.0504166666665,3503.4850500000002
2013-02-21,3797.96,3750.17,3800.27,3717.77,63409196.14,csi1000,中证1000,3672.507,3655.262,3380.7458333333334,3393.2385,3502.7613
2013-02-22,3742.91,3744.1,3784.23,3738.36,46120169.28,csi1000,中证1000,3676.7339999999995,3666.8412000000008,3390.2405,3394.857333333333,3502.1283500000004
2013-02-25,3752.5,3790.96,3797.04,3751.26,46447265.43,csi1000,中证1000,3681.7864999999997,3675.3203999999996,3399.953666666667,3397.047,3501.89375
2013-02-26,3775.2,3743.81,3807.76,3740.23,55447268.78,csi1000,中证1000,3688.1205,3679.1072,3409.5190000000002,3398.6102499999997,3501.2416000000003
2013-02-27,3746.55,3745.41,3775.55,3713.43,47563604.85,csi1000,中证1000,3693.889,3683.0908,3418.9798333333333,3400.859,3500.5040000000004
2013-02-28,3751.82,3815.72,3815.72,3739.3,55404248.5,csi1000,中证1000,3707.6639999999998,3691.6056,3430.2773333333334,3404.3656666666666,3499.9613
2013-03-01,3812.45,3876.64,3876.64,3809.04,63526147.77,csi1000,中证1000,3724.6510000000003,3700.2888000000003,3444.800166666667,3408.16375,3499.5735999999997
2013-03-04,3847.07,3760.61,3847.2,3733.81,74447381.74,csi1000,中证1000,3731.2135000000003,3703.1168,3458.6426666666666,3411.1007499999996,3498.58455
2013-03-05,3754.67,3848.59,3848.59,3744.29,58206979.6,csi1000,中证1000,3740.4610000000002,3712.3752000000004,3474.576,3415.3310833333335,3498.34015
2013-03-06,3855.49,3914.84,3914.84,3855.49,72515285.02,csi1000,中证1000,3753.1515,3723.7672,3490.9825,3419.998083333333,3498.3519999999994
2013-03-07,3909.43,3867.61,3916.14,3827.82,70618629.44,csi1000,中证1000,3764.5724999999998,3736.8628,3507.9289999999996,3423.7478333333333,3498.2574500000005
2013-03-08,3866.65,3829.17,3884.07,3824.18,51514351.64,csi1000,中证1000,3773.0579999999995,3748.5536000000006,3523.6186666666667,3427.3993333333337,3497.9994
2013-03-11,3823.26,3832.11,3848.73,3803.93,43929899.13,csi1000,中证1000,3783.4224999999997,3756.6636000000003,3537.501666666666,3430.8369166666666,3497.83055
2013-03-12,3829.91,3726.21,3847.22,3679.0,59522296.58,csi1000,中证1000,3786.8575000000005,3759.1664,3549.6266666666666,3433.070416666667,3497.33145
2013-03-13,3715.09,3696.45,3717.83,3656.72,44432853.84,csi1000,中证1000,3787.6144999999997,3760.5832,3560.0365,3434.124333333333,3496.40975
2013-03-14,3686.44,3709.72,3728.68,3683.27,38373254.35,csi1000,中证1000,3788.072,3763.4044,3569.725166666666,3434.9656666666665,3495.9057999999995
2013-03-15,3707.1,3715.14,3765.32,3672.57,45100033.14,csi1000,中证1000,3786.0519999999997,3765.6315999999997,3579.9003333333335,3435.90775,3495.47075
2013-03-18,3703.14,3671.8,3722.71,3668.69,38558559.8,csi1000,中证1000,3779.7575000000006,3767.5108,3589.348,3436.2683333333334,3494.56885
2013-03-19,3669.64,3675.68,3689.66,3613.2,39018300.78,csi1000,中证1000,3776.6589999999997,3768.2376,3599.5823333333333,3437.16975,3493.72685
2013-03-20,3675.11,3769.26,3769.26,3673.02,48578394.64,csi1000,中证1000,3774.2,3771.7556,3609.3408333333336,3438.8450833333336,3493.4916
2013-03-21,3768.48,3818.09,3829.12,3767.51,56442431.67,csi1000,中证1000,3777.596,3776.4564,3619.6215,3441.808083333333,3493.7166
2013-03-22,3812.61,3827.1,3833.2,3800.16,50061809.16,csi1000,中证1000,3781.746,3779.3188,3630.1901666666668,3444.911666666667,3493.73945
2013-03-25,3827.62,3834.29,3844.81,3803.41,47325817.47,csi1000,中证1000,3783.9125,3780.7827999999995,3640.6638333333335,3447.8096666666665,3493.50555
2013-03-26,3822.38,3814.19,3822.75,3764.62,48650405.98,csi1000,中证1000,3787.4315,3783.8444,3650.6345,3451.557333333333,3493.1284
2013-03-27,3811.66,3825.75,3847.04,3798.34,46197709.25,csi1000,中证1000,3791.4485,3784.1367999999998,3660.7623333333336,3455.6944166666667,3492.7641999999996
2013-03-28,3801.36,3710.24,3801.36,3710.24,49404295.5,csi1000,中证1000,3786.1744999999996,3782.5396,3668.5313333333334,3458.679833333333,3491.8543
2013-03-29,3709.37,3712.22,3734.72,3695.06,38171596.72,csi1000,中证1000,3777.9534999999996,3781.2644,3675.0951666666665,3461.916166666667,3491.6403999999998
2013-04-01,3710.33,3743.37,3755.56,3710.32,38123344.47,csi1000,中证1000,3777.0915,3779.3608000000004,3681.2554999999998,3466.18575,3491.61235
2013-04-02,3741.7,3680.15,3770.94,3673.8,44027699.68,csi1000,中证1000,3768.6695,3776.8144,3686.912333333333,3469.3426666666664,3491.3397499999996
2013-04-03,3678.89,3642.59,3687.38,3625.5,42112052.19,csi1000,中证1000,3755.057,3772.7016000000003,3691.305833333333,3471.704083333333,3490.9892
2013-04-08,3597.39,3669.01,3669.02,3548.96,42463464.95,csi1000,中证1000,3745.1270000000004,3766.8332,3695.676,3474.29175,3490.84565
2013-04-09,3666.48,3703.4,3707.53,3666.34,38983791.67,csi1000,中证1000,3738.8385000000003,3759.9035999999996,3700.8751666666662,3476.3890833333335,3490.5605
2013-04-10,3697.6,3685.73,3708.31,3652.12,37806712.28,csi1000,中证1000,3731.5195,3756.9084000000003,3704.9425,3477.98375,3490.2947
2013-04-11,3690.89,3674.33,3702.91,3672.55,36424867.66,csi1000,中证1000,3728.9255,3749.938,3707.9669999999996,3479.9321666666665,3489.6473000000005
2013-04-12,3667.61,3643.71,3686.2,3640.87,33993416.95,csi1000,中证1000,3726.2885,3739.0928000000004,3710.396666666667,3481.6944166666667,3488.9779
2013-04-15,3632.5,3594.43,3632.5,3583.94,31431888.67,csi1000,中证1000,3720.524,3728.1656,3711.5663333333337,3483.265083333333,3488.0292
2013-04-16,3560.81,3629.74,3629.74,3545.6,31677948.98,csi1000,中证1000,3716.254,3720.1883999999995,3714.485,3485.0219166666666,3487.05715
2013-04-17,3627.76,3669.8,3669.8,3626.29,31311741.42,csi1000,中证1000,3716.154,3713.696,3715.998666666667,3487.0035000000003,3486.4085999999998
2013-04-18,3650.82,3681.91,3689.28,3638.09,33527444.55,csi1000,中证1000,3716.4655,3711.9240000000004,3716.544833333333,3488.6279166666664,3485.8965000000003
2013-04-19,3681.87,3752.88,3762.4,3681.87,46065961.06,csi1000,中证1000,3715.6465,3714.1812,3718.329166666667,3490.920416666667,3486.01485
2013-04-22,3739.32,3793.25,3793.25,3737.49,47241625.61,csi1000,中证1000,3714.4044999999996,3717.5224,3721.5025,3493.4242500000005,3486.8149
2013-04-23,3790.75,3685.54,3790.78,3682.75,47977849.43,csi1000,中证1000,3707.3265000000006,3716.3384,3721.9355,3495.3395833333334,3487.1026500000003
2013-04-24,3682.07,3770.95,3774.48,3681.0,44270557.43,csi1000,中证1000,3704.1595,3720.3044,3723.2861666666668,3498.09125,3487.8776500000004
2013-04-25,3763.74,3700.49,3789.45,3700.49,49579773.81,csi1000,中证1000,3698.4744999999994,3721.2968,3724.6755,3500.579083333333,3488.5679999999998
2013-04-26,3693.93,3627.5,3705.33,3620.41,37106276.35,csi1000,中证1000,3688.5619999999994,3715.6264,3724.6331666666665,3503.07725,3488.65425
2013-05-02,3615.23,3667.16,3667.16,3605.87,28425770.51,csi1000,中证1000,3686.4080000000004,3709.5892,3726.748833333333,3505.955583333334,3488.692
2013-05-03,3674.16,3746.93,3752.7,3674.16,41185513.56,csi1000,中证1000,3688.1435000000006,3706.3824,3730.249333333333,3509.4507500000004,3489.0618
2013-05-06,3753.77,3817.58,3821.54,3753.77,46778676.89,csi1000,中证1000,3691.8539999999994,3705.7140000000004,3733.3863333333334,3513.4062499999995,3489.8516500000005
2013-05-07,3813.07,3829.51,3836.21,3799.18,45384174.52,csi1000,中证1000,3699.322,3706.3268,3736.150833333333,3516.962583333333,3491.13545
2013-05-08,3833.92,3877.75,3877.75,3830.56,48955404.65,csi1000,中证1000,3711.0800000000004,3708.4067999999997,3739.762833333333,3520.790333333333,3492.2964500000003
2013-05-09,3874.25,3892.92,3892.92,3846.63,56215287.77,csi1000,中证1000,3722.2754999999997,3715.7139999999995,3743.991666666667,3524.8416666666667,3493.9946499999996
2013-05-10,3886.0,3912.06,3912.35,3867.0,54585020.89,csi1000,中证1000,3732.7084999999997,3723.7075999999997,3748.201666666667,3529.275,3495.99435
2013-05-13,3912.17,3936.8,3936.8,3893.22,49325521.78,csi1000,中证1000,3745.262,3731.4447999999998,3753.4013333333332,3533.911666666667,3497.9579
2013-05-14,3929.39,3889.65,3929.39,3866.05,46944199.46,csi1000,中证1000,3756.028,3739.8248000000003,3757.2703333333334,3538.8779166666664,3499.4240499999996
2013-05-15,3888.15,3953.85,3953.85,3888.15,46446986.92,csi1000,中证1000,3771.535,3752.2751999999996,3761.8126666666662,3544.4539999999997,3501.3394999999996
2013-05-16,3947.51,3977.96,3999.97,3939.43,62981306.77,csi1000,中证1000,3790.7115,3764.6332,3766.4358333333334,3549.9956666666667,3504.1483000000003
2013-05-17,3972.41,4031.55,4037.42,3969.94,63796805.63,csi1000,中证1000,3810.8019999999997,3777.7592000000004,3771.036,3556.5428333333334,3507.0782999999997
2013-05-20,4039.56,4105.23,4105.23,4036.18,75222500.75,csi1000,中证1000,3832.5735,3794.5391999999997,3776.161666666667,3563.6857499999996,3510.22235
2013-05-21,4101.09,4168.57,4168.57,4093.69,74865954.13,csi1000,中证1000,3856.9065,3814.3088000000002,3783.3436666666666,3571.880166666667,3513.436
2013-05-22,4158.74,4111.25,4164.86,4093.93,73126834.65,csi1000,中证1000,3874.825,3833.0103999999997,3788.223833333333,3579.7615,3516.4398499999998
2013-05-23,4094.11,4089.16,4153.43,4076.16,64903986.55,csi1000,中证1000,3889.6205,3852.7996000000003,3793.8736666666664,3587.30975,3519.5003500000003
2013-05-24,4089.49,4160.95,4160.95,4089.49,57761472.92,csi1000,中证1000,3913.3909999999996,3874.048,3800.821166666667,3595.5308333333332,3522.76995
2013-05-27,4164.27,4210.93,4210.93,4163.81,63705975.6,csi1000,中证1000,3935.3899999999994,3895.6932,3807.8206666666665,3603.8871666666664,3526.41165
2013-05-28,4207.92,4179.86,4212.07,4137.09,67505585.19,csi1000,中证1000,3959.3585,3915.6112,3815.0881666666664,3612.3035833333333,3530.08625
2013-05-29,4178.14,4213.76,4216.17,4174.72,63329325.59,csi1000,中证1000,3988.6715000000004,3934.0464,3822.894,3620.9369166666665,3534.052
2013-05-30,4199.12,4231.04,4238.52,4188.8,62418455.62,csi1000,中证1000,4016.8655,3951.558,3829.816,3630.046666666667,3538.531
2013-05-31,4230.77,4210.97,4256.53,4210.3,64315826.45,csi1000,中证1000,4040.0674999999997,3972.5751999999998,3835.3881666666666,3640.0941666666668,3543.22555
2013-06-03,4204.52,4172.69,4220.44,4163.58,56174742.26,csi1000,中证1000,4057.8230000000003,3988.6448,3842.2561666666666,3650.449416666667,3547.4239500000003
2013-06-04,4166.93,4080.09,4166.93,4041.68,56870094.47,csi1000,中证1000,4070.352,4003.8287999999993,3846.1145,3660.34525,3551.25325
2013-06-05,4073.73,4104.91,4110.79,4067.03,43438045.59,csi1000,中证1000,4081.71,4022.9251999999997,3849.2823333333336,3670.132416666667,3554.8081
2013-06-06,4088.04,4036.81,4093.52,4033.78,45104276.83,csi1000,中证1000,4088.9044999999996,4037.7111999999997,3852.1023333333337,3680.0156666666667,3557.5721499999995
2013-06-07,4036.28,3985.51,4062.93,3959.86,47453490.66,csi1000,中证1000,4092.5769999999998,4047.2544,3854.7079999999996,3689.163333333333,3559.8759499999996
2013-06-13,3939.75,3887.75,3939.75,3788.3,44387214.49,csi1000,中证1000,4090.1244999999994,4050.0612,3855.635333333333,3696.5685,3561.73665
2013-06-14,3892.87,3975.52,3981.8,3892.87,42188318.38,csi1000,中证1000,4094.418,4055.9015999999997,3859.7905,3704.7085833333335,3563.78475
2013-06-17,3985.37,3996.34,4028.77,3967.97,46110424.07,csi1000,中证1000,4096.5425,4060.6452000000004,3864.788666666667,3712.4125833333333,3565.9538999999995
2013-06-18,3995.61,4005.14,4013.98,3947.0,41621879.62,csi1000,中证1000,4097.9015,4065.134,3869.7123333333334,3719.71875,3568.5333499999997
2013-06-19,3984.79,3987.3,3987.3,3926.6,40639074.85,csi1000,中证1000,4095.689,4068.1436000000003,3874.2483333333334,3727.074333333333,3570.8367
2013-06-20,3965.7,3860.89,3976.15,3859.83,40875203.28,csi1000,中证1000,4083.4719999999993,4065.1072000000004,3877.3998333333334,3733.3739166666664,3572.6892
2013-06-21,3791.66,3833.82,3855.66,3721.59,40189806.99,csi1000,中证1000,4066.7345,4062.874,3880.0355,3739.808916666667,3574.54425
2013-06-24,3824.98,3604.75,3824.98,3570.71,47784422.77,csi1000,中证1000,4041.4095,4048.91,3877.2936666666665,3743.31725,3575.2383499999996
2013-06-25,3563.81,3602.57,3616.72,3330.6,59335053.58,csi1000,中证1000,4017.0799999999995,4033.8944,3873.701666666667,3746.6615833333335,3575.8132
2013-06-26,3598.27,3697.96,3697.96,3578.02,50686996.82,csi1000,中证1000,3993.9305,4020.5507999999995,3871.5493333333334,3750.86975,3576.5538
2013-06-27,3703.46,3625.68,3758.31,3625.64,55869028.89,csi1000,中证1000,3964.668,4001.3688,3868.0724999999998,3754.3681666666666,3577.0412
2013-06-28,3599.11,3602.11,3680.9,3556.3,42771846.16,csi1000,中证1000,3935.7805,3978.7104000000004,3864.5378333333333,3757.586166666667,3577.27065
2013-07-01,3594.87,3693.6,3693.6,3582.4,38958083.77,csi1000,中证1000,3909.7725,3962.0044,3862.3353333333334,3761.5488333333333,3578.36085
2013-07-02,3695.51,3769.93,3769.93,3692.47,48886352.74,csi1000,中证1000,3886.7169999999996,3949.2352,3863.3301666666666,3765.93075,3580.2358999999997
2013-07-03,3758.15,3780.6,3789.83,3690.78,50712673.66,csi1000,中证1000,3865.1985,3934.0212,3864.4698333333336,3769.7825000000003,3582.0345500000003
2013-07-04,3761.03,3795.61,3839.36,3742.64,54343627.5,csi1000,中证1000,3846.3445,3917.4084,3865.3405,3773.2980000000002,3583.9717499999997
2013-07-05,3795.21,3756.33,3830.27,3756.33,50909690.88,csi1000,中证1000,3830.1565,3900.4671999999996,3866.610166666667,3776.7612500000005,3586.0486499999997
2013-07-08,3698.58,3620.65,3705.5,3611.25,47893443.09,csi1000,中证1000,3805.9435,3876.7428000000004,3866.2445000000002,3778.7751666666663,3587.3779
2013-07-09,3612.35,3650.7,3650.7,3595.79,36798728.18,csi1000,中证1000,3786.638,3853.5292000000004,3865.9393333333333,3780.8076666666666,3588.5431999999996
2013-07-10,3649.54,3751.05,3751.05,3648.77,48918199.98,csi1000,中证1000,3774.915,3835.1324000000004,3866.7335000000003,3783.804333333333,3590.3435
2013-07-11,3747.89,3832.03,3855.89,3747.89,64681864.86,csi1000,中证1000,3772.129,3821.5060000000003,3869.1718333333333,3787.057166666667,3592.40565
2013-07-12,3828.74,3829.2,3884.54,3820.95,57146481.62,csi1000,中证1000,3764.8130000000006,3811.4704,3871.753,3789.86,3594.2607000000003
2013-07-15,3833.03,3923.38,3923.38,3833.03,55851763.39,csi1000,中证1000,3761.165,3804.2092000000002,3876.4141666666665,3793.4054166666665,3596.0277
2013-07-16,3927.98,3966.64,3966.64,3902.4,58538894.9,csi1000,中证1000,3759.2400000000002,3801.4024000000004,3882.6176666666665,3797.0919999999996,3597.8171
2013-07-17,3957.36,3908.83,3979.76,3889.21,60919216.36,csi1000,中证1000,3755.3165,3798.3351999999995,3887.2691666666665,3800.8770833333333,3599.3507999999997
2013-07-18,3895.67,3911.2,3933.6,3867.41,56634089.99,csi1000,中证1000,3757.832,3799.2732,3891.2925,3803.6455833333334,3600.7641500000004
2013-07-19,3909.24,3832.16,3958.21,3832.16,63718575.4,csi1000,中证1000,3757.749,3793.5388000000003,3893.796666666667,3805.1707499999998,3602.0874
2013-07-22,3806.73,3919.3,3919.3,3794.53,50383589.31,csi1000,中证1000,3773.4764999999998,3790.4572,3896.5703333333336,3807.4497499999998,3603.8428
2013-07-23,3928.55,4015.22,4015.22,3928.55,64604799.43,csi1000,中证1000,3794.1090000000004,3790.8603999999996,3900.2698333333333,3810.8861666666667,3606.60625
2013-07-24,4010.29,4057.86,4064.61,3986.12,67645799.55,csi1000,中证1000,3812.1040000000003,3793.6827999999996,3906.4751666666666,3814.2053333333333,3609.6222
2013-07-25,4057.98,3963.31,4066.01,3951.42,65622663.22,csi1000,中证1000,3828.9855000000002,3797.7796,3909.6811666666667,3816.4836666666665,3612.0061
2013-07-26,3950.73,3968.93,3984.38,3905.06,50975271.65,csi1000,中证1000,3847.3265,3803.184,3914.1551666666664,3819.415333333333,3615.0283999999997
2013-07-29,3952.46,3901.1,3966.77,3894.07,48705140.27,csi1000,中证1000,3857.7015,3815.038,3918.715166666667,3821.6741666666667,3617.8874
2013-07-30,3898.47,3882.32,3921.88,3797.79,46604459.36,csi1000,中证1000,3863.321000000001,3826.228,3922.3011666666666,3824.525,3620.53905
2013-07-31,3888.09,3900.49,3925.29,3885.45,43020988.36,csi1000,中证1000,3869.3154999999997,3834.3291999999997,3924.8605000000002,3827.554916666667,3623.4221999999995
2013-08-01,3904.84,4026.47,4026.47,3904.84,57295128.74,csi1000,中证1000,3880.8585,3850.3607999999995,3928.342,3830.8641666666667,3627.3994499999994
2013-08-02,4040.02,4038.77,4078.69,4034.8,63577496.97,csi1000,中证1000,3894.9805,3867.8271999999997,3931.8296666666665,3833.9902500000003,3631.0867
2013-08-05,4036.29,4102.13,4102.13,4036.29,55481187.69,csi1000,中证1000,3919.0544999999997,3884.1684000000005,3935.5693333333334,3837.666083333333,3634.80125
2013-08-06,4100.47,4146.67,4155.57,4092.63,63460297.76,csi1000,中证1000,3943.8530000000005,3899.238,3939.7985,3841.8950833333333,3638.74215
2013-08-07,4140.77,4094.32,4147.76,4086.93,65208908.17,csi1000,中证1000,3961.0165,3911.7868,3942.8361666666665,3845.518916666667,3641.95515
2013-08-08,4081.52,4113.07,4137.07,4074.38,53518606.37,csi1000,中证1000,3975.0685000000003,3924.4852,3945.774,3849.587666666667,3645.0486499999997
2013-08-09,4116.27,4113.43,4142.62,4056.86,56797537.17,csi1000,中证1000,3989.2799999999997,3938.7691999999997,3949.5036666666665,3853.387,3648.4132
2013-08-12,4118.48,4146.49,4146.49,4105.04,65786976.51,csi1000,中证1000,4000.4355000000005,3959.8027999999995,3952.714333333334,3857.2635,3651.9844499999995
2013-08-13,4145.74,4178.39,4178.39,4130.03,60722531.7,csi1000,中证1000,4011.023,3980.9103999999998,3956.0548333333336,3861.2453333333333,3655.84665
2013-08-14,4181.0,4175.45,4202.15,4147.25,63558307.13,csi1000,中证1000,4024.3540000000003,3997.8863999999994,3958.4531666666667,3864.7445833333336,3659.6293
2013-08-15,4168.58,4131.23,4182.05,4129.32,59409961.59,csi1000,中证1000,4035.3555,4009.8543999999993,3958.8865,3867.5240833333332,3663.1254
2013-08-16,4104.5,4032.38,4165.91,4029.65,63185335.05,csi1000,中证1000,4045.3665,4017.9815999999996,3956.616666666667,3869.9801666666667,3665.8523999999998
2013-08-19,4010.64,4129.44,4129.44,4007.3,47782429.93,csi1000,中证1000,4055.8735,4026.224,3956.9198333333334,3872.5718333333334,3669.1107
2013-08-20,4126.69,4141.53,4163.46,4110.8,53891482.61,csi1000,中证1000,4062.189,4033.2195999999994,3957.7926666666667,3875.8331666666663,3672.3544
2013-08-21,4136.15,4164.53,4164.53,4117.84,51411000.22,csi1000,中证1000,4067.5225,4043.4476,3957.8523333333333,3879.3367500000004,3675.89855
2013-08-22,4157.79,4181.36,4200.04,4156.48,55396824.47,csi1000,中证1000,4078.425,4054.2539999999995,3957.3595,3882.5900833333335,3679.6016
2013-08-23,4189.57,4184.82,4210.37,4101.79,63949315.34,csi1000,中证1000,4089.2195,4068.3604000000005,3957.4421666666667,3886.2651666666666,3683.5159499999995
2013-08-26,4186.71,4267.37,4267.37,4186.71,61955373.97,csi1000,中证1000,4107.533,4082.2832,3958.335666666667,3890.614833333333,3688.2142
2013-08-27,4266.08,4306.38,4306.38,4247.76,66373766.74,csi1000,中证1000,4128.735999999999,4093.9296000000004,3959.591333333333,3894.703666666667,3693.1373
2013-08-28,4280.21,4257.97,4300.45,4248.54,76765767.73,csi1000,中证1000,4146.61,4101.934,3960.374666666666,3897.881416666666,3697.7896
2013-08-29,4255.02,4260.79,4272.25,4229.1,67835144.22,csi1000,中证1000,4158.326,4113.8332,3961.843,3902.0495833333334,3702.37895
2013-08-30,4256.81,4181.74,4270.0,4164.49,84967551.91,csi1000,中证1000,4165.474499999999,4122.3456,3963.5371666666665,3904.8258333333333,3706.2738999999997
2013-09-02,4173.48,4218.4,4218.4,4147.44,63153128.29,csi1000,中证1000,4171.288,4135.0376,3965.4286666666667,3907.3555,3710.2738
2013-09-03,4221.02,4290.87,4290.87,4216.86,66334085.76,csi1000,中证1000,4178.498,4151.379599999999,3969.663,3910.882666666667,3714.6943499999998
2013-09-04,4290.87,4298.86,4311.21,4273.97,68242048.37,csi1000,中证1000,4188.725,4167.3144,3974.8855,3914.79675,3719.28835
2013-09-05,4292.64,4324.73,4333.82,4282.72,66810123.19,csi1000,中证1000,4199.307999999999,4179.2447999999995,3982.1685,3918.9019166666667,3724.0099999999993
2013-09-06,4317.88,4352.46,4357.44,4309.43,66097718.48,csi1000,中证1000,4211.2595,4191.7924,3988.4508333333333,3924.1206666666667,3729.3038
2013-09-09,4355.5,4369.94,4373.88,4340.57,76220440.65,csi1000,中证1000,4222.432,4202.5048,3994.6775,3929.7330833333335,3734.7299
2013-09-10,4372.78,4387.76,4387.76,4352.6,82248067.22,csi1000,中证1000,4232.9005,4212.1484,4001.0545,3935.3834166666666,3740.1039
2013-09-11,4382.22,4318.72,4382.22,4296.34,88709502.2,csi1000,中证1000,4240.064,4221.1244,4006.5781666666667,3940.4132499999996,3745.46805
2013-09-12,4302.42,4319.11,4340.64,4297.48,67222910.04,csi1000,中证1000,4249.4580000000005,4229.366,4014.215166666667,3945.8075,3750.8232000000003
2013-09-13,4314.72,4352.95,4360.37,4300.15,61962406.76,csi1000,中证1000,4265.4865,4238.9468,4022.8673333333336,3951.4514166666663,3756.6617499999998
2013-09-16,4354.72,4384.99,4403.52,4354.72,59468963.75,csi1000,中证1000,4278.264,4248.4868,4035.8713333333335,3956.5824999999995,3762.75925
2013-09-17,4384.62,4325.06,4384.62,4324.22,61955350.7,csi1000,中证1000,4287.4405,4254.3535999999995,4047.9128333333333,3960.80725,3768.4677
2013-09-18,4320.39,4366.14,4366.14,4315.18,49950361.18,csi1000,中证1000,4297.521,4261.9812,4059.0491666666667,3965.2992499999996,3774.4262999999996
2013-09-23,4372.88,4455.81,4455.81,4372.88,62235430.55,csi1000,中证1000,4311.2435,4274.9644,4072.884666666667,3970.478583333333,3780.6645000000003
2013-09-24,4455.43,4468.38,4476.0,4417.95,70562403.47,csi1000,中证1000,4325.4215,4292.4044,4087.3225,3975.9301666666665,3787.15695
2013-09-25,4464.49,4447.11,4485.34,4439.36,71671652.91,csi1000,中证1000,4334.4085,4305.1112,4099.880999999999,3981.1081666666664,3793.5036999999998
2013-09-26,4437.38,4378.19,4449.53,4375.46,63272884.2,csi1000,中证1000,4337.999000000001,4314.5776000000005,4110.018666666667,3986.6744166666667,3799.7053
2013-09-27,4378.41,4393.74,4411.63,4378.41,51440395.19,csi1000,中证1000,4344.7875,4323.746,4120.237666666666,3992.3537499999998,3806.6476500000003
2013-09-30,4405.45,4470.45,4470.45,4405.45,44992325.44,csi1000,中证1000,4355.2705,4335.3096000000005,4131.485,3998.41275,3814.3496
2013-10-08,4476.78,4542.31,4542.31,4471.67,58208220.92,csi1000,中证1000,4373.299000000001,4349.6092,4144.584666666667,4005.5974166666665,3822.5981999999995
2013-10-09,4537.15,4612.13,4612.13,4526.54,67191504.33,csi1000,中证1000,4392.9855,4363.3996,4161.109333333333,4013.6769166666663,3831.0065999999997
2013-10-10,4619.85,4567.57,4620.73,4558.38,76335445.28,csi1000,中证1000,4406.8205,4373.8472,4176.3905,4021.1649166666666,3839.59035
2013-10-11,4576.75,4613.58,4613.58,4562.18,74209245.34,csi1000,中证1000,4422.556500000001,4388.071599999999,4190.766,4028.7497500000004,3848.2192999999997
2013-10-14,4614.79,4665.91,4666.21,4607.93,80666147.08,csi1000,中证1000,4439.6155,4404.2764,4204.664,4036.9179166666663,3856.5532000000003
2013-10-15,4669.7,4662.77,4676.49,4629.51,79287459.27,csi1000,中证1000,4455.130999999999,4423.517599999999,4218.556833333333,4045.154916666667,3864.8735
2013-10-16,4651.25,4518.72,4651.25,4495.95,73260603.66,csi1000,中证1000,4462.57,4435.5304,4228.479166666667,4052.4466666666663,3872.1077999999998
2013-10-17,4534.21,4517.77,4578.33,4504.02,68961440.56,csi1000,中证1000,4469.0705,4444.606400000001,4237.664666666667,4060.141166666667,3879.05465
2013-10-18,4513.65,4549.99,4557.93,4509.03,56823024.26,csi1000,中证1000,4480.634,4454.6516,4248.350666666667,4067.8099166666666,3886.2814500000004
2013-10-21,4561.34,4673.76,4673.76,4561.34,73234540.88,csi1000,中证1000,4498.3665,4468.6128,4261.06,4076.1762499999995,3894.1255499999997
2013-10-22,4673.02,4621.39,4695.68,4609.94,87793557.06,csi1000,中证1000,4511.788500000001,4479.37,4274.213833333333,4084.00525,3901.9244
2013-10-23,4608.21,4504.0,4609.14,4474.65,78577712.43,csi1000,中证1000,4517.739,4484.7324,4283.958833333333,4090.264583333333,3908.52565
2013-10-24,4488.92,4469.64,4515.1,4460.63,54412236.72,csi1000,中证1000,4524.968,4488.0076,4291.5325,4095.901166666667,3914.8676
2013-10-25,4470.25,4388.61,4485.49,4358.69,57451323.11,csi1000,中证1000,4526.0915,4490.8032,4297.045,4101.760083333334,3920.84575
2013-10-28,4380.43,4384.38,4394.9,4357.0,48264886.94,csi1000,中证1000,4522.5199999999995,4493.414000000001,4304.062833333333,4106.872,3926.7383
2013-10-29,4375.6,4269.66,4405.14,4142.71,69568196.0,csi1000,中证1000,4512.584,4490.0824,4309.075,4111.615083333333,3932.0068499999998
2013-10-30,4254.27,4335.59,4335.59,4250.32,52444195.36,csi1000,中证1000,4507.008,4488.106400000001,4316.3165,4117.515833333334,3937.5944
2013-10-31,4323.68,4270.97,4323.68,4266.9,52007702.41,csi1000,中证1000,4501.646999999999,4485.942800000001,4322.794,4122.547583333333,3942.72875
2013-11-01,4246.98,4240.21,4265.81,4189.42,45905880.78,csi1000,中证1000,4493.9705,4480.9056,4328.456,4126.6582499999995,3947.33785
2013-11-04,4234.14,4267.37,4285.83,4234.14,38943516.52,csi1000,中证1000,4483.8165,4473.368,4332.471,4130.4065,3951.80595
2013-11-05,4257.64,4340.39,4340.39,4225.4,49174222.94,csi1000,中证1000,4473.720499999999,4468.2484,4337.4980000000005,4134.663833333334,3956.8042
2013-11-06,4329.77,4303.9,4381.46,4303.9,58073422.11,csi1000,中证1000,4458.309,4462.52,4340.860833333333,4138.2150833333335,3961.4288
2013-11-07,4282.13,4246.21,4306.19,4238.86,44878409.22,csi1000,中证1000,4442.241,4457.2408000000005,4342.519833333333,4141.159166666666,3965.6258499999994
2013-11-08,4223.51,4186.17,4235.99,4172.08,43754927.72,csi1000,中证1000,4420.870499999999,4448.938,4344.050666666667,4143.443416666666,3969.59945
2013-11-11,4177.11,4213.14,4227.76,4149.45,37982767.15,csi1000,中证1000,4398.232000000001,4438.6456,4345.7185,4145.74625,3973.4566999999997
2013-11-12,4209.54,4248.37,4248.37,4195.72,44381324.91,csi1000,中证1000,4377.512000000001,4426.888,4347.967500000001,4148.735583333333,3977.23425
2013-11-13,4239.52,4173.5,4239.73,4173.45,44623493.06,csi1000,中证1000,4360.251,4409.3428,4348.417666666666,4150.566,3980.6121000000003
2013-11-14,4159.23,4242.91,4242.91,4133.72,46715236.62,csi1000,中证1000,4346.508,4396.356400000001,4349.493,4152.773916666667,3984.2054000000003
2013-11-15,4242.94,4324.29,4358.54,4242.94,62762393.74,csi1000,中证1000,4335.223,4384.784799999999,4351.973666666667,4155.2134166666665,3988.55375
2013-11-18,4346.21,4421.24,4421.24,4343.86,70825798.83,csi1000,中证1000,4322.597,4374.998,4356.807166666667,4157.846833333333,3992.76505
2013-11-19,4427.64,4446.48,4456.89,4417.56,67821938.55,csi1000,中证1000,4313.8515,4366.3464,4363.708833333333,4160.1627499999995,3996.7517500000004
2013-11-20,4449.16,4486.61,4486.61,4432.08,68196112.53,csi1000,中证1000,4312.982,4365.062,4369.661666666667,4163.29075,4000.9557
2013-11-21,4472.09,4478.39,4489.45,4442.3,72435297.9,csi1000,中证1000,4313.4195,4363.4868,4375.276,4166.534333333333,4005.3334000000004
2013-11-22,4476.97,4467.83,4491.17,4450.83,63342554.0,csi1000,中证1000,4317.3805,4360.2004,4380.331,4169.091666666666,4009.37475
2013-11-25,4459.09,4473.54,4507.21,4444.93,61344834.4,csi1000,中证1000,4321.8385,4352.1916,4385.200666666667,4171.280083333333,4013.2929000000004
2013-11-26,4467.42,4490.51,4502.71,4454.84,59258067.17,csi1000,中证1000,4332.881,4346.9564,4390.295500000001,4173.868833333333,4017.6598000000004
2013-11-27,4485.65,4559.45,4559.45,4483.22,63154697.78,csi1000,中证1000,4344.074,4349.1744,4395.1635,4176.749583333333,4022.30685
2013-11-28,4562.76,4587.69,4610.24,4562.71,69419017.47,csi1000,中证1000,4359.910000000001,4353.8964000000005,4399.852,4179.721666666666,4027.5442
2013-11-29,4587.02,4643.3,4646.57,4587.02,69151893.04,csi1000,中证1000,4380.0644999999995,4364.084,4406.274166666667,4183.324416666666,4033.0762
2013-12-02,4497.19,4354.57,4534.35,4330.88,84377917.1,csi1000,中证1000,4384.4245,4362.8916,4407.837166666666,4184.8400833333335,4036.70225
2013-12-03,4298.71,4427.71,4434.67,4277.03,59298062.62,csi1000,中证1000,4388.7905,4369.2136,4411.9366666666665,4187.736916666667,4040.5226000000002
2013-12-04,4418.53,4465.71,4513.63,4412.42,72285883.59,csi1000,中证1000,4396.880999999999,4374.4184,4416.0585,4190.743583333333,4044.546
2013-12-05,4460.31,4436.97,4473.3,4428.31,64972729.44,csi1000,中证1000,4406.419,4381.0584,4418.4935,4194.0782500000005,4048.5349
2013-12-06,4424.81,4430.06,4444.09,4406.56,55180429.38,csi1000,中证1000,4418.6135,4388.6524,4420.680166666667,4197.782833333334,4052.3879
2013-12-09,4439.3,4494.5,4494.5,4439.3,55015116.2,csi1000,中证1000,4432.681500000001,4397.7375999999995,4423.509666666667,4202.839083333333,4056.7363
2013-12-10,4499.14,4491.97,4507.37,4467.33,60176513.72,csi1000,中证1000,4444.8615,4403.8008,4425.834833333333,4207.142833333333,4060.9085999999998
2013-12-11,4482.38,4465.05,4488.08,4429.29,54400370.09,csi1000,中证1000,4459.439,4410.2468,4427.42,4211.04875,4064.8273000000004
2013-12-12,4457.0,4507.54,4528.83,4456.03,50424208.07,csi1000,中证1000,4472.670499999999,4420.7,4429.416333333333,4215.235416666666,4068.8621499999995
2013-12-13,4491.58,4520.79,4530.07,4476.0,49935860.73,csi1000,中证1000,4482.4955,4434.0848,4432.784166666666,4219.681166666666,4072.6883999999995
2013-12-16,4521.31,4460.13,4524.86,4448.47,55904895.76,csi1000,中证1000,4484.44,4443.9644,4435.1345,4224.6748333333335,4076.0006
2013-12-17,4455.89,4433.7,4469.85,4409.3,47363748.82,csi1000,中证1000,4483.801,4451.3776,4436.480333333334,4229.673833333333,4079.4808499999995
2013-12-18,4432.91,4429.14,4454.68,4412.6,41341859.19,csi1000,中证1000,4480.9275,4461.6032000000005,4437.216166666667,4236.54375,4082.53435
2013-12-19,4434.23,4393.52,4460.16,4392.21,41539329.35,csi1000,中证1000,4476.683999999999,4467.6276,4438.357166666667,4243.134999999999,4085.7511
2013-12-20,4390.96,4348.8,4408.8,4329.65,42815055.47,csi1000,中证1000,4470.7325,4468.608,4438.068166666666,4248.558666666667,4088.7746
2013-12-23,4344.47,4334.17,4353.12,4266.77,38548820.76,csi1000,中证1000,4463.764,4465.1252,4436.0408333333335,4254.462750000001,4091.49065
2013-12-24,4335.37,4379.27,4406.02,4335.37,40966373.65,csi1000,中证1000,4458.201999999999,4462.4367999999995,4434.555666666666,4260.939083333334,4094.66795
2013-12-25,4381.57,4454.29,4454.29,4371.82,43668866.79,csi1000,中证1000,4452.944,4461.144,4434.675333333334,4267.278166666667,4098.21235
2013-12-26,4454.27,4375.15,4457.73,4373.48,48482136.72,csi1000,中证1000,4442.317,4457.0144,4434.624666666667,4272.321666666667,4101.0095
2013-12-27,4368.93,4455.35,4464.94,4368.93,47338606.58,csi1000,中证1000,4432.919500000001,4456.5152,4435.651500000001,4277.944583333333,4103.90305
2013-12-30,4473.65,4487.49,4494.81,4464.51,50978162.01,csi1000,中证1000,4439.5655,4457.0732,4435.9355000000005,4283.71025,4107.53745
2013-12-31,4473.2,4482.86,4488.93,4440.41,47264737.39,csi1000,中证1000,4442.323,4456.767199999999,4434.944666666666,4289.764666666666,4110.7088
2014-01-02,4477.76,4539.5,4539.54,4470.13,46888048.03,csi1000,中证1000,4446.0125,4455.9692,4433.734166666666,4297.4217499999995,4113.8321000000005
2014-01-03,4530.64,4531.75,4543.21,4504.95,54297714.15,csi1000,中证1000,4450.7515,4453.7316,4433.137166666666,4304.763833333333,4117.1528
2014-01-06,4522.04,4411.27,4522.04,4408.38,55573213.21,csi1000,中证1000,4449.812,4444.4504,4429.765333333333,4310.265666666667,4120.0633
2014-01-07,4391.45,4458.56,4458.56,4382.78,44584941.86,csi1000,中证1000,4448.015,4448.61,4426.3095,4315.48675,4123.19555
2014-01-08,4466.04,4504.67,4521.71,4466.02,53139077.08,csi1000,中证1000,4448.65,4451.6884,4423.6745,4321.115666666667,4127.08785
2014-01-09,4499.1,4431.8,4531.29,4431.44,53621772.92,csi1000,中证1000,4446.9875,4450.332,4422.225833333333,4325.3525,4130.7646
2014-01-10,4415.1,4354.84,4432.85,4339.46,46212832.23,csi1000,中证1000,4439.3525,4447.0468,4419.510333333334,4328.5875,4133.9902
2014-01-13,4350.65,4346.71,4386.5,4320.72,40214700.23,csi1000,中证1000,4430.6485,4443.7128,4416.122333333334,4332.2365,4137.14805
2014-01-14,4346.66,4447.7,4447.7,4345.42,45163671.59,csi1000,中证1000,4430.027,4441.8408,4412.354666666666,4336.707333333334,4141.02755
2014-01-15,4445.89,4494.1,4494.1,4440.85,48173643.49,csi1000,中证1000,4433.0470000000005,4441.926,4410.233166666667,4342.2235,4145.119650000001
2014-01-16,4493.5,4485.27,4518.33,4476.44,48984270.0,csi1000,中证1000,4435.853499999999,4442.7348,4409.921,4346.939916666667,4148.6997
2014-01-17,4473.46,4445.2,4477.49,4441.82,42829880.2,csi1000,中证1000,4438.437500000001,4440.2412,4409.513666666667,4350.5230833333335,4151.83525
2014-01-20,4442.76,4415.1,4462.48,4390.81,42394005.92,csi1000,中证1000,4441.7525000000005,4436.0136,4409.955166666667,4353.500083333333,4154.77525
2014-01-21,4410.08,4486.87,4486.87,4409.94,46133096.88,csi1000,中证1000,4449.3875,4437.0832,4411.663333333333,4357.863083333334,4158.03815
2014-01-22,4486.86,4584.08,4584.08,4486.86,62216446.42,csi1000,中证1000,4459.628,4443.0984,4416.903666666666,4362.989333333334,4161.8876
2014-01-23,4581.14,4627.34,4647.51,4576.68,60604536.63,csi1000,中证1000,4468.2805,4451.0264,4421.766166666667,4369.041333333333,4165.89555
2014-01-24,4617.82,4695.29,4705.33,4614.45,66327202.37,csi1000,中证1000,4484.2875,4463.0972,4428.838166666666,4375.816083333333,4170.8208
2014-01-27,4675.59,4682.05,4725.97,4652.33,60592700.05,csi1000,中证1000,4495.6224999999995,4476.4272,4436.202166666667,4382.329083333333,4175.6699499999995
2014-01-28,4680.31,4667.73,4703.59,4624.46,50261883.51,csi1000,中证1000,4504.6345,4489.7696,4442.874833333333,4387.672916666666,4180.29175
2014-01-29,4670.2,4730.86,4733.71,4670.11,50287709.36,csi1000,中证1000,4517.0345,4503.8332,4449.382666666667,4393.440333333333,4185.545300000001
2014-01-30,4722.92,4714.68,4743.73,4701.09,43586710.67,csi1000,中证1000,4525.793500000001,4514.2488,4456.229,4398.544916666667,4190.90575
2014-02-07,4688.68,4818.25,4818.25,4673.21,52199437.97,csi1000,中证1000,4540.1185000000005,4531.9728000000005,4465.763000000001,4404.141416666666,4196.65195
2014-02-10,4829.61,4943.38,4943.38,4829.61,83068900.14,csi1000,中证1000,4566.724,4551.494000000001,4478.383166666667,4411.216916666667,4202.85185
2014-02-11,4944.97,4941.81,4979.22,4874.54,85038825.92,csi1000,中证1000,4590.8865,4569.666800000001,4490.527666666667,4418.123083333334,4209.132250000001
2014-02-12,4942.31,5005.03,5005.03,4920.6,82547086.47,csi1000,中证1000,4615.9045,4590.5536,4503.138666666667,4425.553083333334,4215.785749999999
2014-02-13,4999.26,4901.68,5008.39,4901.68,88716215.5,csi1000,中证1000,4639.3985,4605.0408,4515.275,4431.846333333333,4222.0756
2014-02-14,4899.41,5000.59,5000.59,4896.22,73504341.93,csi1000,中证1000,4671.686,4623.794400000001,4527.903,4438.698,4229.106400000001
2014-02-17,5019.18,5117.39,5117.39,5019.18,89647488.58,csi1000,中证1000,4710.219999999999,4652.0392,4541.1213333333335,4446.5475,4236.54465
2014-02-18,5119.09,5120.24,5136.5,5086.17,91304635.94,csi1000,中证1000,4743.847,4678.5064,4552.771333333334,4454.78925,4243.79685
2014-02-19,5115.11,5120.14,5149.06,5083.95,90640796.16,csi1000,中证1000,4775.148999999999,4703.1252,4563.999,4463.853916666666,4250.988
2014-02-20,5124.86,5035.17,5131.42,5016.25,85746016.83,csi1000,中证1000,4802.644,4727.26,4573.141666666666,4471.401666666668,4257.39945
2014-02-21,5027.73,5030.78,5059.97,4978.84,68261677.77,csi1000,中证1000,4831.923,4754.2976,4582.348166666666,4478.812083333334,4263.5871
2014-02-24,5015.06,5064.49,5064.49,4967.12,69894261.82,csi1000,中证1000,4864.3925,4783.0088,4592.2925000000005,4486.31175,4270.48185
2014-02-25,5067.19,4849.37,5107.76,4821.91,93823835.29,csi1000,中证1000,4882.5175,4799.0756,4598.556333333333,4491.878500000001,4275.87395
2014-02-26,4811.45,4881.73,4881.73,4726.41,68791055.3,csi1000,中证1000,4897.4,4814.5808,4605.076666666666,4497.686083333334,4281.7801500000005
2014-02-27,4886.04,4795.55,4965.12,4791.11,77556707.95,csi1000,中证1000,4905.8105,4826.991999999999,4609.011666666667,4502.087583333332,4287.6204
2014-02-28,4783.9,4842.52,4842.63,4716.47,64416639.69,csi1000,中证1000,4913.1720000000005,4842.8848,4613.258833333334,4506.555416666667,4293.4972
2014-03-03,4842.61,4954.17,4954.17,4835.4,69905641.09,csi1000,中证1000,4926.778,4864.4476,4618.4400000000005,4512.357083333333,4299.5334
2014-03-04,4932.53,4961.94,4964.69,4898.47,68364642.33,csi1000,中证1000,4941.4885,4883.4504,4628.562833333333,4518.2,4305.2552
2014-03-05,4976.1,4963.66,4998.38,4949.73,65198671.31,csi1000,中证1000,4953.128500000001,4898.6336,4637.495333333334,4524.716,4310.92595
2014-03-06,4954.43,4962.4,4973.08,4887.57,64697299.73,csi1000,中证1000,4965.514499999999,4912.036,4645.773499999999,4530.916,4316.3492
2014-03-07,4961.17,4949.84,4990.45,4923.37,63889203.8,csi1000,中证1000,4972.093999999999,4922.218000000001,4654.321333333334,4536.407416666667,4321.6338
2014-03-10,4912.13,4760.67,4912.13,4752.82,66249942.04,csi1000,中证1000,4962.9585,4925.3628,4659.8315,4540.255833333334,4325.87685
2014-03-11,4744.93,4746.73,4785.15,4694.59,54306544.15,csi1000,中证1000,4953.204500000001,4928.522800000001,4664.035333333333,4543.7725,4329.9265000000005
2014-03-12,4731.06,4726.86,4772.29,4648.18,53586721.4,csi1000,中证1000,4939.296,4928.3628,4667.9501666666665,4546.8925,4334.11255
2014-03-13,4723.06,4794.0,4794.0,4721.72,48012620.14,csi1000,中证1000,4933.912,4931.5356,4673.432666666667,4550.426333333334,4338.3133
2014-03-14,4771.57,4785.04,4806.56,4747.7,46964160.14,csi1000,中证1000,4923.1345,4930.2072,4678.057666666667,4553.737,4342.3487
2014-03-17,4788.71,4903.13,4903.13,4788.71,52513108.04,csi1000,中证1000,4912.4215,4928.5972,4684.429999999999,4558.607083333333,4346.7066
2014-03-18,4908.19,4934.42,4960.72,4906.72,60622323.0,csi1000,中证1000,4903.1305,4928.3016,4692.334833333333,4563.734666666666,4350.85255
2014-03-19,4924.72,4937.73,4937.73,4883.5,60026835.01,csi1000,中证1000,4894.01,4925.6096,4700.735333333333,4568.6078333333335,4354.69835
2014-03-20,4926.87,4798.4,4951.37,4798.4,64495590.99,csi1000,中证1000,4882.1714999999995,4921.4784,4706.889666666667,4572.0529166666665,4358.134099999999
2014-03-21,4769.4,4870.01,4875.75,4723.08,63425002.72,csi1000,中证1000,4874.133,4916.2552,4714.831166666667,4576.594166666666,4362.03835
2014-03-24,4867.42,4876.47,4891.94,4847.36,64702210.1,csi1000,中证1000,4864.732,4906.618399999999,4723.625666666666,4580.846916666666,4365.615949999999
2014-03-25,4866.32,4876.29,4895.17,4845.41,64107166.37,csi1000,中证1000,4866.0779999999995,4896.8604,4732.661000000001,4584.350916666666,4368.94275
2014-03-26,4878.41,4903.92,4912.88,4878.41,55600148.59,csi1000,中证1000,4867.1875,4888.2116000000005,4741.405166666666,4587.980416666667,4372.56305
2014-03-27,4894.98,4804.21,4894.98,4804.21,62338518.14,csi1000,中证1000,4867.6205,4878.9732,4747.237166666668,4590.95625,4375.5153
2014-03-28,4787.97,4671.79,4795.02,4660.6,65413846.67,csi1000,中证1000,4859.084,4864.613600000001,4752.181166666666,4593.402916666667,4377.719050000001
2014-03-31,4661.62,4633.27,4674.71,4604.12,46020146.93,csi1000,中证1000,4843.039,4847.364799999999,4755.146500000001,4595.399,4379.830550000001
2014-04-01,4626.75,4714.95,4715.01,4626.74,42810265.03,csi1000,中证1000,4830.6894999999995,4841.988,4758.9375,4597.4365,4382.54185
2014-04-02,4714.32,4683.78,4726.36,4670.87,47357470.51,csi1000,中证1000,4816.6955,4834.07,4762.286166666667,4598.6154166666665,4385.5603
2014-04-03,4684.91,4686.95,4714.55,4663.36,47804942.98,csi1000,中证1000,4802.923,4829.726000000001,4764.743666666666,4599.238916666666,4388.470499999999
2014-04-04,4677.56,4743.68,4743.68,4668.06,43716443.13,csi1000,中证1000,4792.615,4825.7724,4768.275833333333,4600.7065,4392.00485
2014-04-08,4720.46,4774.53,4774.53,4709.21,51917305.56,csi1000,中证1000,4793.308,4818.5868,4774.330166666667,4602.047750000001,4395.94995
2014-04-09,4779.17,4830.54,4830.54,4779.04,53214275.39,csi1000,中证1000,4797.4985,4813.3308,4780.529833333334,4603.419666666667,4400.6639000000005
2014-04-10,4836.88,4849.66,4877.17,4832.99,62373172.69,csi1000,中证1000,4803.638499999999,4808.770799999999,4786.279666666666,4604.977083333333,4405.0346
2014-04-11,4826.19,4822.71,4833.11,4791.77,53121940.96,csi1000,中证1000,4805.074,4803.1832,4792.794833333333,4607.510333333334,4409.166450000001
2014-04-14,4822.67,4858.16,4858.16,4822.0,50074378.34,csi1000,中证1000,4808.7300000000005,4799.516,4801.1835,4610.346916666666,4413.43155
2014-04-15,4857.8,4838.65,4862.54,4828.88,53863680.96,csi1000,中证1000,4805.505999999999,4802.6352,4809.382500000001,4612.752416666667,4417.6883
2014-04-16,4828.25,4847.64,4850.57,4809.84,50088998.84,csi1000,中证1000,4801.1669999999995,4806.6716,4816.0481666666665,4614.201416666667,4422.62205
2014-04-17,4849.34,4847.68,4864.2,4846.53,50490265.31,csi1000,中证1000,4796.664500000001,4811.5044,4821.941166666667,4616.087166666666,4427.69135
2014-04-18,4838.57,4870.31,4870.31,4828.53,45234429.37,csi1000,中证1000,4800.26,4814.5568,4828.3585,4619.13975,4434.01915
2014-04-21,4841.34,4794.88,4868.32,4791.76,51997603.85,csi1000,中证1000,4796.5035,4814.950400000001,4834.1865,4621.850083333334,4439.9807
2014-04-22,4784.43,4748.01,4804.18,4681.22,50943712.27,csi1000,中证1000,4790.0805,4808.7456,4839.735000000001,4624.845083333334,4445.23095
2014-04-23,4741.62,4730.83,4764.52,4709.9,39181197.32,csi1000,中证1000,4782.807500000001,4800.602,4843.801,4627.732166666667,4450.7567
2014-04-24,4723.53,4682.83,4727.75,4671.66,41896846.46,csi1000,中证1000,4771.753,4790.406,4845.446833333333,4631.175249999999,4456.1603
2014-04-25,4677.13,4582.63,4682.03,4581.3,45191036.17,csi1000,中证1000,4760.674,4781.7752,4844.701666666666,4633.233916666666,4460.60545
2014-04-28,4559.94,4424.41,4559.94,4421.81,45211916.95,csi1000,中证1000,4748.305,4763.9511999999995,4840.187,4634.512583333333,4463.877850000001
2014-04-29,4412.38,4479.26,4479.26,4411.41,35099505.6,csi1000,中证1000,4740.6044999999995,4748.062800000001,4836.8071666666665,4636.504666666667,4467.37115
2014-04-30,4476.21,4525.31,4526.49,4472.69,33529681.38,csi1000,中证1000,4731.1225,4734.0236,4834.4335,4638.654166666666,4471.019649999999
2014-05-05,4521.11,4577.41,4577.41,4511.61,34180146.19,csi1000,中证1000,4725.804,4720.963199999999,4831.876,4640.629333333333,4475.12505
2014-05-06,4575.01,4612.15,4629.43,4571.12,38035478.67,csi1000,中证1000,4722.064,4713.2808,4830.167166666666,4643.198083333334,4480.08255
2014-05-07,4599.44,4533.01,4599.44,4531.59,38723716.27,csi1000,中证1000,4711.5305,4707.7296,4825.413166666666,4645.588083333334,4484.4941
2014-05-08,4518.13,4532.26,4587.36,4514.17,36798823.71,csi1000,中证1000,4699.4169999999995,4703.689200000001,4818.561166666666,4648.472166666667,4488.40015
2014-05-09,4528.18,4481.84,4533.02,4449.78,36056217.9,csi1000,中证1000,4681.982,4694.364799999999,4810.895,4650.711333333334,4491.6492
2014-05-12,4506.17,4576.42,4576.42,4490.48,43231063.95,csi1000,中证1000,4668.320000000001,4690.0704,4803.7515,4653.445083333334,4495.3853
2014-05-13,4571.44,4574.8,4596.03,4558.05,42267804.59,csi1000,中证1000,4655.9245,4685.5844,4798.3035,4656.78925,4498.6424
2014-05-14,4569.9,4577.68,4585.98,4560.77,35969660.65,csi1000,中证1000,4641.9005,4678.9444,4791.255,4659.579,4501.6976
2014-05-15,4571.44,4491.75,4575.97,4489.15,39775063.0,csi1000,中证1000,4624.5555,4667.6332,4780.827666666666,4660.9745,4504.6122000000005
2014-05-16,4479.11,4472.17,4491.0,4417.22,34065793.5,csi1000,中证1000,4605.782,4653.2984,4770.026499999999,4661.398916666667,4507.41705
2014-05-19,4464.79,4458.38,4464.79,4422.77,31909547.69,csi1000,中证1000,4586.317,4637.647199999999,4758.997166666666,4661.498083333334,4510.54815
2014-05-20,4478.31,4480.03,4518.14,4468.62,35600719.13,csi1000,中证1000,4566.803,4623.94,4749.744833333333,4661.443249999999,4513.3518
2014-05-21,4471.25,4518.66,4518.66,4437.64,34901397.95,csi1000,中证1000,4552.992,4610.36,4741.2095,4661.778833333333,4515.869000000001
2014-05-22,4521.67,4527.6,4570.78,4521.67,44371553.3,csi1000,中证1000,4541.9715,4597.918000000001,4732.261333333333,4662.276916666667,4518.2177
2014-05-23,4523.06,4582.46,4582.46,4513.98,39826600.52,csi1000,中证1000,4534.553,4587.3108,4727.8128333333325,4663.184583333334,4521.31345
2014-05-26,4592.14,4645.0,4645.0,4592.14,47255713.57,csi1000,中证1000,4532.6615,4579.2036,4723.867333333333,4664.472,4524.6938
2014-05-27,4642.69,4624.34,4649.08,4618.99,43888098.49,csi1000,中证1000,4534.747,4569.364799999999,4721.013833333333,4665.01275,4528.31
2014-05-28,4623.92,4690.62,4690.88,4620.88,52817281.01,csi1000,中证1000,4548.0575,4565.1944,4718.482166666667,4665.8705,4532.351500000001
2014-05-29,4687.91,4635.01,4696.82,4633.78,54178631.68,csi1000,中证1000,4555.845,4560.6744,4713.162833333334,4665.801416666667,4536.0241000000005
2014-05-30,4628.01,4648.23,4660.44,4602.08,46032202.88,csi1000,中证1000,4561.991,4557.3704,4707.934333333334,4668.248583333333,4539.1329000000005
2014-06-03,4648.93,4640.24,4669.12,4640.11,44816701.98,csi1000,中证1000,4565.132500000001,4555.6668,4702.543999999999,4670.019666666666,4542.14025
2014-06-04,4633.91,4610.72,4633.91,4569.19,45447567.88,csi1000,中证1000,4565.061,4556.790400000001,4696.682666666667,4671.228083333333,4544.6832
2014-06-05,4602.32,4671.33,4671.33,4597.99,46056319.74,csi1000,中证1000,4571.977000000001,4566.6672,4692.040833333333,4673.181083333334,4547.306500000001
2014-06-06,4671.86,4662.31,4681.4,4635.98,46481635.33,csi1000,中证1000,4578.4795,4573.9892,4690.401500000001,4675.1165,4550.14645
2014-06-09,4652.37,4627.43,4669.16,4624.01,43103003.6,csi1000,中证1000,4585.759,4578.074,4688.413166666667,4676.22425,4552.71825
2014-06-10,4627.48,4686.09,4686.09,4606.32,49275752.18,csi1000,中证1000,4591.242499999999,4582.421200000001,4687.733666666666,4677.841916666667,4555.58155
2014-06-11,4681.62,4717.94,4721.45,4675.9,52561945.36,csi1000,中证1000,4598.3994999999995,4586.6528,4686.465999999999,4679.949333333333,4558.4388
2014-06-12,4707.19,4712.04,4728.51,4693.84,54015156.32,csi1000,中证1000,4605.1175,4593.814,4685.249333333334,4681.6535,4561.1070500000005
2014-06-13,4704.12,4766.52,4770.43,4702.67,59622090.68,csi1000,中证1000,4618.856,4603.1844,4682.9725,4683.70125,4564.0624
2014-06-16,4772.8,4800.6,4803.64,4772.8,58616078.28,csi1000,中证1000,4635.2775,4615.9348,4680.742166666667,4686.5385,4567.40925
2014-06-17,4795.05,4757.48,4795.05,4755.49,56115084.66,csi1000,中证1000,4650.2325,4623.1772,4677.738,4689.236666666666,4571.03475
2014-06-18,4753.63,4721.7,4762.03,4719.47,54353966.43,csi1000,中证1000,4662.316000000001,4629.0532,4676.459666666667,4691.674666666668,4573.996050000001
2014-06-19,4716.53,4581.91,4727.58,4553.96,57872717.25,csi1000,中证1000,4665.478499999999,4629.2224,4671.657999999999,4693.244583333333,4576.19795
2014-06-20,4577.51,4635.06,4635.06,4570.8,40623909.52,csi1000,中证1000,4670.8515,4634.9548,4667.6345,4695.6300833333335,4578.5506
2014-06-23,4642.17,4697.42,4709.5,4642.17,45918592.55,csi1000,中证1000,4676.5995,4643.964800000001,4664.653333333334,4698.657166666668,4581.1309
2014-06-24,4698.46,4733.76,4733.76,4697.78,47523068.9,csi1000,中证1000,4681.0375,4654.98,4661.817333333333,4701.611250000001,4583.8756
2014-06-25,4730.56,4715.85,4730.56,4692.63,47760635.82,csi1000,中证1000,4685.613,4664.4128,4660.344666666667,4703.790916666667,4586.118
2014-06-26,4715.92,4793.36,4798.66,4715.92,58296088.07,csi1000,中证1000,4690.75,4675.4008,4662.370833333333,4707.276,4588.552900000001
2014-06-27,4796.01,4829.48,4851.75,4786.46,67166323.86,csi1000,中证1000,4700.4735,4687.476,4665.641,4710.39375,4591.410449999999
2014-06-30,4834.31,4884.4,4884.4,4825.86,66133910.75,csi1000,中证1000,4712.282,4699.5536,4668.465166666667,4713.701333333333,4594.5285
2014-07-01,4889.94,4915.74,4915.74,4874.26,69501629.47,csi1000,中证1000,4726.057,4710.3832,4672.331166666667,4717.308666666667,4598.1985
2014-07-02,4917.37,4945.53,4945.53,4892.29,73041167.4,csi1000,中证1000,4742.7975,4723.2308,4676.640833333334,4720.692250000001,4601.834150000001
2014-07-03,4944.63,4980.71,4992.64,4929.88,81577551.45,csi1000,中证1000,4758.2665,4734.8344,4680.591333333333,4724.433583333333,4605.283350000001
2014-07-04,4982.27,4977.59,4989.84,4962.9,70887992.03,csi1000,中证1000,4774.0305,4748.5376,4683.975666666667,4729.152916666667,4608.677
2014-07-07,4979.56,4970.87,4987.8,4938.08,65543863.94,csi1000,中证1000,4791.2025,4761.4432,4686.3144999999995,4733.422166666666,4611.9077
2014-07-08,4965.86,5014.86,5014.86,4927.17,67172120.19,csi1000,中证1000,4807.6410000000005,4776.428,4689.0678333333335,4737.67375,4615.2197
2014-07-09,5005.97,4937.32,5026.15,4936.78,77016339.02,csi1000,中证1000,4818.61,4789.492,4690.978,4741.886416666666,4618.0566
2014-07-10,4931.95,4935.69,4968.69,4926.39,61969316.97,csi1000,中证1000,4829.7925,4800.0664,4692.270166666667,4746.726833333333,4620.79625
2014-07-11,4931.8,4966.18,4977.93,4928.0,60230038.52,csi1000,中证1000,4839.775500000001,4812.2212,4694.395666666666,4751.8890833333335,4624.03355
2014-07-14,4972.84,5025.24,5025.24,4966.51,70418974.98,csi1000,中证1000,4851.0075,4828.1336,4697.355666666666,4756.701916666667,4627.5642
2014-07-15,5023.59,4992.83,5024.26,4958.62,75448227.04,csi1000,中证1000,4862.775,4840.4032,4699.774833333333,4760.857999999999,4630.7636
2014-07-16,4984.68,4925.46,4993.96,4905.7,71081257.07,csi1000,中证1000,4872.963,4848.704,4700.694,4764.52625,4633.465950000001
2014-07-17,4917.54,4907.89,4923.39,4871.72,55743918.12,csi1000,中证1000,4889.262000000001,4856.538,4702.577499999999,4768.3820000000005,4636.380099999999
2014-07-18,4891.84,4910.77,4939.63,4886.17,52310053.41,csi1000,中证1000,4903.047500000001,4862.308,4705.290166666667,4772.512583333333,4639.10325
2014-07-21,4906.8,4898.25,4913.81,4868.21,51580620.38,csi1000,中证1000,4913.089,4866.214,4708.0805,4775.940749999999,4641.31545
2014-07-22,4892.31,4966.79,4966.79,4892.31,60225339.86,csi1000,中证1000,4924.7405,4874.586399999999,4712.813166666666,4779.13,4643.8075
2014-07-23,4967.41,4897.56,4968.79,4875.4,66688680.08,csi1000,中证1000,4933.825999999999,4881.6208,4718.062,4781.381833333334,4646.059749999999
2014-07-24,4889.27,4859.62,4894.79,4806.44,66077952.37,csi1000,中证1000,4937.139,4892.7292,4725.315500000001,4782.75125,4648.4669
2014-07-25,4855.75,4899.73,4899.73,4855.18,56989400.95,csi1000,中证1000,4940.6515,4903.316,4732.323333333334,4784.565250000001,4650.9968499999995
2014-07-28,4911.33,4984.28,4984.28,4911.33,74685623.04,csi1000,中证1000,4945.6455000000005,4914.7904,4739.972833333333,4787.203166666667,4653.566
2014-07-29,4990.96,5046.41,5058.0,4981.87,82335662.36,csi1000,中证1000,4952.179,4927.2964,4747.7895,4789.83275,4656.086499999999
2014-07-30,5043.1,5088.65,5088.81,5036.77,83741338.86,csi1000,中证1000,4959.335,4942.2083999999995,4755.7311666666665,4792.949166666667,4658.4691
2014-07-31,5088.47,5115.58,5115.58,5072.24,73980346.86,csi1000,中证1000,4966.0785000000005,4955.0972,4765.440666666666,4795.426916666666,4661.20915
2014-08-01,5101.98,5056.04,5123.46,5048.2,86925392.87,csi1000,中证1000,4970.000999999999,4964.1596,4774.170333333333,4796.36575,4663.42145
2014-08-04,5061.76,5121.73,5121.73,5061.76,75398742.9,csi1000,中证1000,4977.544,4973.6528,4784.835166666667,4797.865083333333,4665.70055
2014-08-05,5124.91,5170.16,5170.16,5093.28,84834191.48,csi1000,中证1000,4985.308999999999,4983.8296,4794.730833333333,4799.241166666668,4668.2375
2014-08-06,5159.57,5192.31,5198.83,5142.94,81679162.72,csi1000,中证1000,4998.0585,4993.7008000000005,4805.022666666667,4801.663083333333,4671.60545
2014-08-07,5189.99,5158.5,5222.56,5156.04,79465958.51,csi1000,中证1000,5009.199,5000.8124,4814.7029999999995,4802.979,4674.8090999999995
2014-08-08,5160.0,5206.2,5215.25,5160.0,66788243.02,csi1000,中证1000,5021.2,5009.9568,4826.6105,4803.719083333333,4678.09015
2014-08-11,5216.31,5285.67,5285.67,5216.31,80104107.32,csi1000,中证1000,5034.221500000001,5022.5488000000005,4840.168833333333,4805.0976666666675,4681.1497
2014-08-12,5288.2,5322.3,5322.3,5279.09,86378976.25,csi1000,中证1000,5050.695000000001,5034.8464,4854.567500000001,4806.782333333334,4684.65425
2014-08-13,5319.77,5320.85,5325.88,5250.88,88348005.48,csi1000,中证1000,5070.4645,5050.187599999999,4868.581166666667,4809.163,4688.7384999999995
2014-08-14,5317.2,5302.98,5360.22,5299.6,92993745.89,csi1000,中证1000,5090.218999999999,5064.8792,4881.653166666667,4811.431333333332,4692.905199999999
2014-08-15,5302.93,5359.73,5360.88,5294.19,85131633.91,csi1000,中证1000,5112.6669999999995,5080.6212,4895.522,4813.891666666666,4697.7608
2014-08-18,5369.4,5449.27,5449.27,5369.4,95620101.37,csi1000,中证1000,5140.217999999999,5097.5824,4909.968833333333,4818.890833333333,4703.08525
2014-08-19,5457.7,5473.4,5481.77,5432.38,101896363.23,csi1000,中证1000,5165.5485,5116.8052,4923.775500000001,4823.821416666667,4709.103950000001
2014-08-20,5473.4,5461.59,5491.07,5443.47,89641149.11,csi1000,中证1000,5193.75,5138.2504,4937.729666666666,4829.371750000001,4714.73395
2014-08-21,5463.99,5477.34,5477.34,5409.21,84572102.63,csi1000,中证1000,5224.636,5161.0284,4950.841666666666,4834.661916666667,4720.7658
2014-08-22,5477.47,5524.37,5530.14,5469.95,84769209.13,csi1000,中证1000,5255.868,5185.5724,4965.664333333333,4839.413583333333,4727.1866
2014-08-25,5525.21,5485.08,5525.21,5469.58,80451135.35,csi1000,中证1000,5280.908,5209.0456,4979.611833333333,4843.7730833333335,4733.27515
2014-08-26,5473.01,5376.85,5482.46,5357.83,83357609.77,csi1000,中证1000,5297.429999999999,5225.448,4991.888666666667,4847.216333333333,4738.45745
2014-08-27,5372.6,5406.56,5418.46,5372.6,65659843.95,csi1000,中证1000,5313.3255,5245.808000000001,5005.152666666666,4850.917666666666,4743.97075
2014-08-28,5407.18,5359.56,5417.24,5343.1,66965609.84,csi1000,中证1000,5325.5244999999995,5265.8056,5016.623166666666,4854.332,4749.5375
2014-08-29,5352.07,5421.29,5421.29,5349.53,51403289.55,csi1000,中证1000,5343.787,5286.668000000001,5029.272833333333,4859.837166666666,4755.7131
2014-09-01,5428.58,5522.78,5522.78,5428.58,67441943.26,csi1000,中证1000,5363.8395,5308.2080000000005,5044.195333333333,4866.30425,4762.2613
2014-09-02,5537.51,5604.66,5604.66,5537.27,93938352.26,csi1000,中证1000,5385.5645,5330.5380000000005,5059.504833333334,4873.619250000001,4769.0427500000005
2014-09-03,5617.89,5648.72,5654.08,5598.36,102042911.73,csi1000,中证1000,5408.385,5352.940799999999,5075.017833333333,4880.741916666667,4776.41885
2014-09-04,5654.47,5704.28,5704.78,5635.91,106112105.96,csi1000,中证1000,5435.674000000001,5376.4888,5091.555166666667,4888.40225,4783.7257
2014-09-05,5710.52,5722.82,5722.82,5677.0,97993475.85,csi1000,中证1000,5461.504999999999,5403.16,5107.4935,4895.232999999999,4790.71835
2014-09-09,5730.35,5757.87,5757.87,5689.95,97415090.5,csi1000,中证1000,5485.115,5428.605599999999,5123.448,4902.095083333334,4797.4015
2014-09-10,5742.79,5797.45,5801.35,5713.77,97294132.53,csi1000,中证1000,5508.8724999999995,5453.6972,5140.780833333333,4909.259416666667,4804.156349999999
2014-09-11,5797.52,5790.1,5863.58,5750.92,115013593.48,csi1000,中证1000,5532.335,5477.6088,5158.5875,4917.523583333334,4810.6738000000005
2014-09-12,5789.05,5862.17,5862.17,5780.38,98284046.71,csi1000,中证1000,5560.294500000001,5505.7555999999995,5179.925166666667,4925.791583333334,4817.592699999999
2014-09-15,5866.13,5922.27,5922.87,5852.35,109300546.07,csi1000,中证1000,5588.4214999999995,5534.398400000001,5201.378666666667,4934.506583333333,4824.8649
2014-09-16,5924.35,5717.84,5931.08,5714.88,133329825.57,csi1000,中证1000,5601.85,5551.6852,5218.385666666666,4941.5195,4831.086399999999
2014-09-17,5718.86,5757.99,5757.99,5652.73,91438360.15,csi1000,中证1000,5616.0795,5569.1128,5235.456166666667,4948.636750000001,4837.4238
2014-09-18,5754.18,5803.72,5803.72,5739.16,82063560.8,csi1000,中证1000,5633.186,5588.4276,5253.587333333333,4956.966,4843.64515
2014-09-19,5807.99,5870.09,5872.93,5802.98,82165207.4,csi1000,中证1000,5652.8235,5611.111999999999,5271.532833333333,4966.9518333333335,4850.057150000001
2014-09-22,5865.17,5820.68,5865.17,5804.85,87634501.58,csi1000,中证1000,5667.639,5629.550000000001,5288.052833333334,4976.846916666666,4855.94405
2014-09-23,5819.08,5905.17,5905.17,5819.08,83779799.55,csi1000,中证1000,5688.6435,5647.786,5305.065666666666,4986.765416666666,4863.69705
2014-09-24,5897.94,5984.15,5984.15,5885.27,99190383.59,csi1000,中证1000,5719.0085,5668.215999999999,5322.8724999999995,4997.601833333333,4871.47925
2014-09-25,6000.95,5989.88,6043.62,5970.59,105241453.26,csi1000,中证1000,5748.1745,5689.3476,5340.278333333333,5008.459583333333,4879.1001
2014-09-26,5983.13,6015.45,6015.45,5963.25,89931942.87,csi1000,中证1000,5780.968999999999,5710.872,5357.524,5019.057666666666,4886.9925
2014-09-29,6033.64,6080.1,6081.61,6033.64,96461886.46,csi1000,中证1000,5813.9095,5733.101200000001,5375.899166666667,5029.937416666667,4895.2427
2014-09-30,6090.73,6127.13,6127.13,6075.66,87239051.91,csi1000,中证1000,5844.127,5758.7832,5395.170166666666,5040.742333333334,4903.405849999999
2014-10-08,6146.77,6214.97,6214.97,6117.74,95468882.7,csi1000,中证1000,5874.6425,5792.307999999999,5415.1720000000005,5052.1199166666665,4912.02085
2014-10-09,6227.4,6238.26,6246.09,6146.36,118732868.69,csi1000,中证1000,5904.1195,5825.576,5436.854333333334,5063.916166666667,4920.8869
2014-10-10,6221.25,6216.98,6247.03,6179.1,107165547.66,csi1000,中证1000,5929.7545,5859.8728,5458.2091666666665,5075.239666666666,4929.4341
2014-10-13,6195.37,6216.67,6216.67,6115.99,98766282.84,csi1000,中证1000,5954.447,5891.687999999999,5479.050666666666,5086.723166666667,4937.9135
2014-10-14,6209.94,6204.0,6262.34,6165.05,94780842.59,csi1000,中证1000,5976.7535,5918.9367999999995,5498.696666666667,5098.0261666666665,4946.63285
2014-10-15,6200.05,6222.79,6222.79,6140.25,89678625.63,csi1000,中证1000,5998.0205000000005,5943.662,5519.196,5109.485416666666,4955.5783
2014-10-16,6190.18,6134.74,6253.09,6134.74,100008395.71,csi1000,中证1000,6015.2525000000005,5963.102800000001,5539.350666666666,5120.022333333332,4964.1063
2014-10-17,6118.98,6058.67,6140.12,5943.59,97125862.0,csi1000,中证1000,6025.0775,5977.278399999999,5558.530333333333,5130.553916666667,4972.43205
2014-10-20,6068.78,6154.52,6154.69,6068.52,79024982.0,csi1000,中证1000,6036.6900000000005,5994.5464,5579.2595,5142.274833333333,4981.46065
2014-10-21,6153.02,6103.01,6176.07,6097.37,79548408.0,csi1000,中证1000,6055.9485,6008.352000000001,5599.338833333333,5153.709666666667,4990.30485
2014-10-22,6102.46,6027.51,6131.89,6024.4,73558799.0,csi1000,中证1000,6069.4245,6017.554400000001,5617.017500000001,5164.915333333334,4998.546050000001
2014-10-23,6009.84,5930.48,6032.61,5899.89,74296958.0,csi1000,中证1000,6075.7625,6023.169599999999,5634.2328333333335,5176.147416666668,5005.927
2014-10-24,5930.57,5941.93,5980.34,5917.56,59431259.0,csi1000,中证1000,6079.3545,6026.36,5652.271333333333,5188.793416666666,5013.760899999999
2014-10-27,5927.15,6006.84,6007.16,5899.77,61642426.0,csi1000,中证1000,6088.6625,6029.7428,5670.723166666667,5201.52325,5021.51835
2014-10-28,6021.65,6163.67,6163.67,6021.64,84583163.0,csi1000,中证1000,6101.5875,6047.576,5690.379666666667,5215.1762499999995,5029.8992499999995
2014-10-29,6179.46,6246.7,6269.96,6179.16,111427173.0,csi1000,中证1000,6114.715,6067.124400000001,5710.3845,5229.087,5038.71845
2014-10-30,6248.47,6241.59,6284.7,6222.81,103958948.0,csi1000,中证1000,6127.300499999999,6084.6392000000005,5729.600166666667,5242.665666666667,5047.2289
2014-10-31,6242.84,6208.61,6261.71,6158.8,92561304.0,csi1000,中证1000,6136.9585,6098.18,5747.817333333333,5256.629,5055.6132
2014-11-03,6217.1,6275.99,6276.23,6216.88,91731125.0,csi1000,中证1000,6146.753,6116.3924,5768.149833333334,5271.160083333333,5064.9367999999995
2014-11-04,6275.0,6231.82,6280.83,6207.4,89067834.0,csi1000,中证1000,6151.9875,6129.4583999999995,5786.651333333332,5285.74325,5073.803100000001
2014-11-05,6222.94,6227.25,6241.07,6188.34,78088754.0,csi1000,中证1000,6152.6015,6139.1824,5804.2695,5299.500166666667,5082.416
2014-11-06,6223.08,6289.19,6289.83,6201.27,76807817.0,csi1000,中证1000,6155.147999999999,6151.1548,5822.550833333333,5313.78675,5091.70295
2014-11-07,6297.35,6228.17,6319.09,6204.81,91712220.0,csi1000,中证1000,6155.7074999999995,6159.6636,5840.378666666667,5327.5408333333335,5101.0696
2014-11-10,6236.19,6246.61,6247.72,6196.99,77106878.0,csi1000,中证1000,6157.2045,6166.323999999999,5857.718833333333,5342.164666666667,5110.569100000001
2014-11-11,6252.39,6023.0,6253.22,5973.74,101830341.0,csi1000,中证1000,6148.1545,6162.1588,5870.007666666667,5355.08825,5118.4456
2014-11-12,6005.86,6120.06,6120.25,5992.9,66379154.0,csi1000,中证1000,6143.018,6158.3624,5883.303666666666,5368.935583333333,5126.5754
2014-11-13,6116.98,6023.78,6117.11,5987.0,83136020.0,csi1000,中证1000,6137.47,6149.7832,5895.019166666667,5381.800166666667,5134.2679499999995
2014-11-14,6002.05,6009.45,6024.37,5965.81,61066376.0,csi1000,中证1000,6135.009,6141.482,5906.7936666666665,5394.223416666667,5142.089199999999
2014-11-17,6016.54,6100.83,6118.01,5992.8,64869968.0,csi1000,中证1000,6132.324500000001,6136.8484,5919.145333333333,5407.333666666667,5150.51785
2014-11-18,6095.87,6139.52,6139.76,6094.61,63801908.0,csi1000,中证1000,6134.15,6134.269200000001,5930.6495,5420.309166666667,5158.7811
2014-11-19,6134.37,6193.56,6206.81,6134.05,71495027.0,csi1000,中证1000,6142.4525,6133.1,5942.652166666667,5433.213833333332,5166.8285
2014-11-20,6174.89,6185.92,6189.44,6158.34,65048454.0,csi1000,中证1000,6155.2245,6135.147199999999,5954.724333333334,5446.227,5174.6214
2014-11-21,6183.47,6240.77,6240.78,6183.34,71436627.0,csi1000,中证1000,6170.166499999999,6142.4312,5967.448166666667,5459.144916666667,5182.3488
2014-11-24,6281.56,6293.02,6304.45,6253.74,96363989.0,csi1000,中证1000,6184.4755,6147.9712,5980.259,5472.961666666667,5190.40365
2014-11-25,6295.68,6392.44,6392.8,6290.37,101629030.0,csi1000,中证1000,6195.914,6159.5484,5995.381666666666,5487.49675,5199.0272
2014-11-26,6400.59,6435.14,6435.34,6381.89,108408198.0,csi1000,中证1000,6205.336,6175.8535999999995,6013.019833333334,5502.45425,5207.5486
2014-11-27,6450.51,6472.59,6472.79,6420.73,113636694.0,csi1000,中证1000,6216.886,6197.5380000000005,6030.787,5517.969833333334,5216.33815
2014-11-28,6476.57,6478.11,6499.2,6419.2,118216945.0,csi1000,中证1000,6230.361,6218.9852,6049.4295,5533.026333333332,5224.63745
2014-12-01,6478.0,6392.46,6478.0,6360.93,106276380.0,csi1000,中证1000,6236.1845,6234.41,6065.615666666667,5547.4442500000005,5231.88285
2014-12-02,6385.95,6457.56,6466.69,6382.65,97590434.0,csi1000,中证1000,6247.4715,6246.1656,6081.195333333334,5562.695333333333,5239.4616
2014-12-03,6465.46,6513.96,6514.31,6393.73,131922968.0,csi1000,中证1000,6261.807,6256.856,6096.350333333333,5577.927583333334,5247.00625
2014-12-04,6517.68,6605.32,6608.23,6515.23,135021971.0,csi1000,中证1000,6277.6135,6271.4052,6112.2936666666665,5593.655750000001,5255.52445
2014-12-05,6612.19,6462.09,6612.19,6294.19,149610293.0,csi1000,中证1000,6289.3095,6281.544400000001,6124.923833333333,5608.2395,5262.831950000001
2014-12-08,6445.51,6457.51,6494.32,6390.9,129043526.0,csi1000,中证1000,6299.8545,6288.8052,6137.168666666667,5622.3310833333335,5269.53255
2014-12-09,6435.57,6161.37,6435.67,6153.78,158101979.0,csi1000,中证1000,6306.773,6285.9872000000005,6143.893666666667,5633.670833333334,5274.738200000001
2014-12-10,6137.27,6366.81,6367.07,6111.76,102951530.0,csi1000,中证1000,6319.1105,6291.569600000001,6153.383000000001,5647.081916666667,5280.971549999999
2014-12-11,6361.34,6463.32,6463.72,6335.86,111619808.0,csi1000,中证1000,6341.0875,6298.534799999999,6164.6033333333335,5661.595416666666,5288.1123
2014-12-12,6469.27,6545.19,6549.42,6455.97,104460717.0,csi1000,中证1000,6367.8745,6311.2155999999995,6175.987,5677.956083333334,5295.6843499999995
2014-12-15,6528.87,6658.15,6664.25,6510.36,114471533.0,csi1000,中证1000,6395.7405,6327.677200000001,6188.251666666666,5694.815166666666,5303.65265
2014-12-16,6663.47,6635.25,6678.41,6590.84,106863793.0,csi1000,中证1000,6420.527,6352.167200000001,6203.541833333334,5710.963749999999,5312.582050000001
2014-12-17,6613.97,6551.12,6613.97,6494.31,110482238.0,csi1000,中证1000,6438.405,6369.409600000001,6216.760666666667,5726.108416666666,5320.929
2014-12-18,6538.88,6540.88,6581.06,6529.34,88667391.0,csi1000,中证1000,6456.153,6390.093600000001,6229.046666666666,5741.316999999999,5329.655650000001
2014-12-19,6524.55,6438.04,6524.76,6346.3,100389366.0,csi1000,中证1000,6466.0165,6407.2372,6238.5125,5755.022666666667,5337.63325
2014-12-22,6406.51,6120.58,6406.55,6097.91,116794188.0,csi1000,中证1000,6457.3945,6408.0272,6243.510833333333,5765.7818333333325,5343.4653
2014-12-23,6087.27,6023.37,6153.65,6012.57,74189417.0,csi1000,中证1000,6438.941000000001,6403.3812,6245.480833333333,5775.27325,5348.77245
2014-12-24,6045.09,6154.88,6155.29,6045.09,68493930.0,csi1000,中证1000,6424.928,6401.834,6248.326333333333,5785.599416666666,5354.72855
2014-12-25,6166.47,6222.51,6222.65,6159.04,68349427.0,csi1000,中证1000,6412.424000000001,6403.297599999999,6252.2035000000005,5796.240916666666,5361.029100000001
2014-12-26,6218.91,6233.94,6233.96,6196.22,78209171.0,csi1000,中证1000,6400.2155,6403.024399999999,6255.845,5806.6845,5367.4496
2014-12-29,6222.94,6098.98,6222.94,6068.54,91938614.0,csi1000,中证1000,6385.5415,6395.2628,6256.1596666666655,5816.029416666667,5374.1411499999995
2014-12-30,6083.96,5982.64,6088.87,5967.82,79477247.0,csi1000,中证1000,6361.7955,6378.870800000001,6253.751499999999,5824.4608333333335,5380.3207
2014-12-31,5981.12,6027.52,6027.52,5945.72,70597816.0,csi1000,中证1000,6337.4735,6362.566,6250.627333333334,5832.899666666667,5386.8240000000005
2015-01-05,6025.75,6049.79,6052.44,5948.27,94805191.0,csi1000,中证1000,6309.697,6345.654,6247.486166666667,5842.170249999999,5393.10295
2015-01-06,6021.45,6172.39,6172.64,5986.4,93992033.0,csi1000,中证1000,6295.212,6333.425200000001,6246.743,5852.476083333333,5400.039699999999
2015-01-07,6161.48,6166.77,6171.15,6118.14,80620124.0,csi1000,中证1000,6280.675,6324.3976,6245.911333333334,5862.481,5406.3579
2015-01-08,6161.55,6164.11,6211.46,6126.97,81315646.0,csi1000,中证1000,6280.812,6312.6596,6245.2465,5871.971583333333,5412.50635
2015-01-09,6148.11,6128.01,6214.29,6128.01,73267839.0,csi1000,中证1000,6268.872,6297.221600000001,6243.666833333334,5881.431416666667,5418.4577500000005
2015-01-12,6098.81,6062.28,6102.44,6033.71,66088789.0,csi1000,中证1000,6248.82,6275.5,6242.4591666666665,5890.904916666666,5424.77715
2015-01-13,6059.38,6167.12,6167.35,6058.6,60714313.0,csi1000,中证1000,6229.916499999999,6263.7011999999995,6244.266666666666,5901.398499999999,5431.2627
2015-01-14,6167.75,6139.29,6170.91,6114.24,58690608.0,csi1000,中证1000,6203.9735,6250.9724000000015,6244.012833333333,5911.636166666667,5437.576800000001
2015-01-15,6136.56,6168.66,6177.05,6136.1,54697305.0,csi1000,中证1000,6180.644,6251.263999999999,6245.107,5922.222916666667,5444.0386499999995
2015-01-16,6172.96,6252.08,6252.14,6169.05,68559022.0,csi1000,中证1000,6165.692,6246.6748,6248.849833333333,5932.933666666667,5450.779450000001
2015-01-19,6133.54,6109.29,6296.61,6033.88,93416976.0,csi1000,中证1000,6144.1125,6232.5136,6251.83,5943.031416666666,5457.3048499999995
2015-01-20,6135.61,6336.63,6336.71,6135.61,86835549.0,csi1000,中证1000,6139.042,6224.1712,6258.408333333334,5955.3398333333325,5465.6290500000005
2015-01-21,6358.02,6465.73,6465.83,6357.68,103809604.0,csi1000,中证1000,6156.2995,6216.474399999999,6266.0565,5968.389833333334,5474.79135
2015-01-22,6472.17,6568.64,6569.9,6466.65,103663936.0,csi1000,中证1000,6183.563,6213.81,6272.806,5981.592833333332,5484.059800000001
2015-01-23,6576.98,6502.07,6577.38,6481.21,104475111.0,csi1000,中证1000,6200.9225,6211.847999999999,6277.062166666667,5993.723333333333,5493.15125
2015-01-26,6508.73,6642.61,6642.72,6508.09,98178613.0,csi1000,中证1000,6221.9275,6215.9172,6283.745833333333,6006.673,5502.92955
2015-01-27,6652.21,6693.81,6694.82,6582.44,109774966.0,csi1000,中证1000,6244.921,6226.148,6291.8325,6019.824916666667,5512.6802
2015-01-28,6680.08,6666.26,6725.67,6649.19,93994268.0,csi1000,中证1000,6273.285,6247.9752,6298.3369999999995,6033.243416666666,5522.13885
2015-01-29,6620.23,6625.0,6661.73,6594.44,76681462.0,csi1000,中证1000,6305.403,6272.040400000001,6304.89,6045.770666666666,5531.11115
2015-01-30,6629.28,6546.6,6655.61,6546.14,82176298.0,csi1000,中证1000,6331.357000000001,6287.709199999999,6310.212500000001,6057.241,5539.59585
2015-02-02,6485.15,6535.9,6567.4,6449.57,68269625.0,csi1000,中证1000,6355.6625,6300.244800000001,6314.324333333334,6068.437583333333,5548.161800000001
2015-02-03,6547.75,6654.55,6661.89,6547.62,76220862.0,csi1000,中证1000,6379.7705000000005,6317.069200000001,6321.430666666666,6080.904666666667,5557.14375
2015-02-04,6665.88,6653.34,6692.31,6645.19,79437504.0,csi1000,中证1000,6404.099,6339.2436,6328.2095,6092.964166666667,5566.2172
2015-02-05,6685.76,6654.08,6729.51,6649.22,90406834.0,csi1000,中证1000,6428.5975,6366.101200000001,6338.7275,6104.367583333334,5575.249400000001
2015-02-06,6637.54,6526.95,6658.95,6503.59,79270860.0,csi1000,中证1000,6448.5445,6386.078399999999,6345.509,6114.406333333333,5583.64575
2015-02-09,6508.38,6474.82,6541.72,6458.18,57602370.0,csi1000,中证1000,6469.1715,6403.0796,6353.026333333332,6124.022750000001,5591.668300000001
2015-02-10,6468.52,6555.82,6556.07,6458.43,51108336.0,csi1000,中证1000,6488.6065,6418.416800000001,6362.132500000001,6134.463083333334,5600.472999999999
2015-02-11,6563.87,6645.51,6645.98,6563.73,60970632.0,csi1000,中证1000,6513.9175,6437.5664,6371.2105,6145.1779166666665,5609.960499999999
2015-02-12,6652.56,6703.81,6707.65,6652.47,67541873.0,csi1000,中证1000,6540.675,6459.154399999999,6380.615333333333,6155.632416666666,5619.825400000001
2015-02-13,6732.3,6815.85,6824.59,6731.72,87051568.0,csi1000,中证1000,6568.863500000001,6486.668,6390.9868333333325,6166.8195000000005,5630.490500000001
2015-02-16,6831.26,6965.3,6965.46,6831.09,87515654.0,csi1000,中证1000,6611.664,6522.7888,6403.976500000001,6179.350416666666,5642.40385
2015-02-17,6987.39,7020.05,7020.2,6948.22,82909248.0,csi1000,中证1000,6645.834999999999,6556.906,6416.9645,6192.2063333333335,5655.382049999999
2015-02-25,7037.96,7004.67,7060.07,6984.17,84447188.0,csi1000,中证1000,6672.782000000001,6591.5212,6428.825333333333,6204.542166666666,5668.0091
2015-02-26,7001.18,7045.27,7045.53,6967.94,90364869.0,csi1000,中证1000,6696.6134999999995,6626.5856,6439.705833333334,6217.54375,5680.6089
2015-02-27,7045.79,7141.89,7142.26,7042.14,100041339.0,csi1000,中证1000,6728.6044999999995,6662.178000000001,6451.485000000001,6232.252416666667,5693.4313
2015-03-02,7187.53,7317.68,7317.87,7172.75,130745604.0,csi1000,中证1000,6762.358,6710.5136,6465.569833333333,6248.178416666667,5706.95895
2015-03-03,7306.44,7282.11,7386.82,7272.46,141157279.0,csi1000,中证1000,6791.772999999999,6748.3328,6478.969833333334,6264.199666666667,5720.704450000001
2015-03-04,7277.54,7411.03,7411.27,7277.54,120372109.0,csi1000,中证1000,6829.0115000000005,6786.1448,6495.945999999999,6280.780833333334,5735.098300000001
2015-03-05,7417.53,7450.91,7451.24,7375.11,125691364.0,csi1000,中证1000,6870.307000000001,6821.4356,6512.501833333333,6296.848583333333,5749.94365
2015-03-06,7454.92,7338.4,7467.43,7330.45,114322835.0,csi1000,中证1000,6909.897,6854.8888,6526.242499999999,6311.296416666666,5763.753549999999
2015-03-09,7314.93,7450.82,7450.82,7284.73,100410773.0,csi1000,中证1000,6955.642999999999,6887.2172,6540.3341666666665,6326.313916666667,5778.13365
2015-03-10,7460.61,7566.48,7577.37,7458.68,109149118.0,csi1000,中证1000,7001.239500000001,6922.124,6558.740666666667,6341.83225,5793.07765
2015-03-11,7573.26,7566.31,7573.75,7538.49,109467191.0,csi1000,中证1000,7046.888000000001,6958.126,6577.220666666666,6357.194666666666,5808.45045
2015-03-12,7566.49,7514.44,7592.53,7455.08,110024337.0,csi1000,中证1000,7089.906,6993.7036,6599.771833333333,6371.8327500000005,5823.661799999999
2015-03-13,7530.21,7649.35,7649.76,7530.21,97658951.0,csi1000,中证1000,7146.026,7037.813600000001,6621.1475,6387.2652499999995,5839.61665
2015-03-16,7707.4,7903.36,7903.62,7706.95,144325531.0,csi1000,中证1000,7217.4529999999995,7092.512,6645.148166666666,6404.87575,5856.7333
2015-03-17,7946.13,7993.24,8031.47,7896.75,171200489.0,csi1000,中证1000,7289.3240000000005,7146.0596,6669.282333333333,6422.634666666667,5874.1062
2015-03-18,7992.92,8150.95,8150.96,7968.12,164707604.0,csi1000,中证1000,7364.596,7205.964,6694.162333333333,6441.207,5892.22295
2015-03-19,8149.48,8216.62,8217.38,8103.79,168089569.0,csi1000,中证1000,7440.236499999999,7268.4655999999995,6720.5185,6462.030166666666,5910.39375
2015-03-20,8216.3,8318.83,8336.83,8213.72,153792550.0,csi1000,中证1000,7515.385499999999,7340.140800000001,6749.980333333334,6483.3705,5928.762900000001
2015-03-23,8360.92,8560.44,8560.76,8360.92,178375850.0,csi1000,中证1000,7595.1425,7423.565600000001,6783.639666666667,6506.343166666667,5948.4434
2015-03-24,8593.78,8655.38,8665.25,8319.36,211379800.0,csi1000,中证1000,7676.9090000000015,7507.547999999999,6820.595333333334,6529.553916666667,5968.267200000001
2015-03-25,8662.77,8784.91,8834.25,8604.24,182163305.0,csi1000,中证1000,7765.921,7593.124,6865.0008333333335,6554.255833333333,5989.0167
2015-03-26,8730.36,8611.86,8786.74,8523.36,172182140.0,csi1000,中证1000,7844.2505,7669.446000000001,6908.142333333334,6576.811583333333,6008.834850000001
2015-03-27,8586.4,8710.29,8715.29,8578.53,131913472.0,csi1000,中证1000,7922.6705,7745.2236,6950.7325,6599.529416666667,6029.1851
2015-03-30,8721.21,8719.22,8758.75,8663.83,156089903.0,csi1000,中证1000,7992.7475,7815.380399999999,6992.344333333333,6622.273916666667,6049.7276
2015-03-31,8734.95,8780.74,8859.42,8676.63,156648225.0,csi1000,中证1000,8067.678999999999,7885.808000000001,7034.791,6645.318,6070.274650000001
2015-04-01,8785.13,9008.2,9015.01,8782.13,149793978.0,csi1000,中证1000,8147.5375,7965.949199999999,7083.278,6669.718833333333,6092.0041
2015-04-02,9061.5,9238.05,9238.35,9061.5,178430172.0,csi1000,中证1000,8236.894499999999,8053.660400000001,7137.534833333334,6695.643166666666,6115.057200000001
2015-04-03,9204.84,9419.2,9422.84,9159.57,176106329.0,csi1000,中证1000,8340.9345,8144.752799999999,7194.0628333333325,6722.345083333334,6138.72275
2015-04-07,9457.74,9600.72,9600.83,9457.65,180856036.0,csi1000,中证1000,8448.429500000002,8236.0744,7253.245,6750.365583333333,6163.13665
2015-04-08,9625.21,9455.59,9628.23,9264.54,187491504.0,csi1000,中证1000,8542.885,8323.0136,7307.965,6777.354,6186.854399999999
2015-04-09,9446.68,9369.66,9446.68,8988.71,174096974.0,csi1000,中证1000,8633.052500000002,8401.3588,7361.3465,6803.628916666667,6209.8701
2015-04-10,9325.42,9600.4,9621.5,9276.95,147301783.0,csi1000,中证1000,8737.3505,8487.3384,7418.618,6831.93225,6233.869099999999
2015-04-13,9652.53,9813.6,9838.88,9616.39,171137997.0,csi1000,中证1000,8845.563,8586.3464,7480.0445,6861.855666666667,6259.1497
2015-04-14,9830.53,9830.06,9926.39,9741.7,175412073.0,csi1000,中证1000,8941.898000000001,8681.516,7542.840833333334,6892.65,6284.6915
2015-04-15,9800.64,9441.19,9800.64,9434.62,157667548.0,csi1000,中证1000,9014.2955,8756.5044,7597.408666666667,6920.837666666667,6308.9879
2015-04-16,9319.96,9541.77,9654.16,9209.41,135211844.0,csi1000,中证1000,9083.836500000001,8835.5228,7654.116666666667,6949.0647500000005,6333.52145
2015-04-17,9612.73,9567.7,9663.93,9526.09,161823147.0,csi1000,中证1000,9151.3905,8917.653199999999,7710.767333333333,6977.937166666667,6357.872850000001
2015-04-20,9541.26,9353.61,9591.21,9317.3,175439660.0,csi1000,中证1000,9203.1295,8985.8236,7762.4595,7005.654666666666,6380.972100000001
2015-04-21,9364.31,9716.35,9716.61,9362.87,151818225.0,csi1000,中证1000,9260.925,9058.343200000001,7822.577166666667,7037.203583333333,6405.9746
2015-04-22,9798.16,9995.26,9995.6,9798.16,180965492.0,csi1000,中证1000,9327.919,9138.424,7883.5543333333335,7070.981333333333,6431.984100000001
2015-04-23,10035.43,10105.27,10157.04,9977.37,188557277.0,csi1000,中证1000,9393.937,9216.596800000001,7944.213333333334,7105.134916666666,6458.363050000001
2015-04-24,9990.34,10123.91,10153.96,9909.48,174194274.0,csi1000,中证1000,9469.5395,9292.888400000002,8003.467833333333,7138.136916666667,6484.5606
2015-04-27,10202.03,10174.9,10297.1,10093.25,172488850.0,csi1000,中证1000,9542.77,9367.1312,8064.681666666667,7170.871916666667,6510.856400000001
2015-04-28,10184.26,9847.89,10184.26,9744.38,169266059.0,csi1000,中证1000,9599.2035,9418.629200000001,8118.103,7200.924416666667,6535.3682
2015-04-29,9817.45,10107.4,10111.91,9792.64,134623435.0,csi1000,中证1000,9665.5365,9476.71,8174.996166666667,7233.414333333333,6561.00165
2015-04-30,10156.36,10180.49,10298.49,10155.19,140745122.0,csi1000,中证1000,9724.151,9532.5332,8233.566666666668,7265.9518333333335,6587.0161499999995
2015-05-04,10206.21,10270.13,10281.71,10085.33,132156751.0,csi1000,中证1000,9775.755000000001,9598.864,8294.318833333333,7299.604416666666,6613.51245
2015-05-05,10273.57,10007.27,10286.56,9950.57,148578165.0,csi1000,中证1000,9805.1585,9650.7432,8351.996666666666,7331.104583333333,6638.474499999999
2015-05-06,10032.05,9973.99,10264.64,9913.61,133198975.0,csi1000,中证1000,9823.822,9700.934000000001,8409.298166666667,7361.81125,6663.6578500000005
2015-05-07,9934.93,9806.51,9989.86,9789.18,113428136.0,csi1000,中证1000,9841.367999999999,9741.9648,8461.830833333333,7391.630749999999,6688.011949999999
2015-05-08,9913.85,10274.38,10274.58,9913.85,127807094.0,csi1000,中证1000,9886.604,9792.612000000001,8522.1815,7425.1955,6714.55295
2015-05-11,10424.97,10771.62,10772.06,10386.63,160409623.0,csi1000,中证1000,9945.164999999999,9853.9548,8590.807166666667,7464.767333333333,6743.28485
2015-05-12,10871.48,11051.43,11051.87,10782.2,178092914.0,csi1000,中证1000,10007.0565,9919.244,8666.215166666667,7505.862083333334,6773.577849999999
2015-05-13,10969.33,11137.3,11259.27,10834.98,176980538.0,csi1000,中证1000,10072.4185,9980.707199999999,8743.923166666667,7548.474749999999,6804.637049999999
2015-05-14,11158.42,11211.1,11272.84,11093.57,169815190.0,csi1000,中证1000,10160.914,10050.9276,8821.511166666667,7591.821833333333,6836.1531
2015-05-15,11165.97,11217.93,11316.89,11000.63,160382705.0,csi1000,中证1000,10244.722,10124.858400000001,8897.718166666666,7634.464333333333,6867.6889
2015-05-18,11234.72,11542.28,11557.17,11222.2,152855850.0,csi1000,中证1000,10343.451,10202.5336,8978.359333333332,7679.4873333333335,6900.90905
2015-05-19,11624.3,11831.36,11837.65,11525.34,162963109.0,csi1000,中证1000,10467.338500000002,10283.244,9061.951166666666,7726.469,6935.2319
2015-05-20,11912.38,12132.37,12321.41,11909.24,198115217.0,csi1000,中证1000,10588.139500000001,10375.3364,9148.069,7776.02275,6971.405949999999
2015-05-21,12214.48,12586.05,12586.64,12213.73,191956135.0,csi1000,中证1000,10717.679,10501.1308,9240.835666666668,7828.900083333333,7010.038100000001
2015-05-22,12782.05,12687.29,12848.23,12386.94,228746994.0,csi1000,中证1000,10846.78,10626.951599999999,9335.546,7882.185666666666,7048.975900000001
2015-05-25,12513.18,12877.87,12894.44,12408.1,222812989.0,csi1000,中证1000,10984.478,10759.358400000001,9432.756000000001,7936.230916666666,7088.44385
2015-05-26,12962.67,13401.31,13402.18,12960.29,228034571.0,csi1000,中证1000,11145.7985,10921.266399999999,9537.079666666667,7994.282333333334,7130.218349999999
2015-05-27,13484.77,13582.55,13642.14,13174.12,230412223.0,csi1000,中证1000,11332.5315,11075.914400000001,9641.494166666667,8053.532000000001,7172.68785
2015-05-28,13610.78,12818.99,13806.21,12816.46,256655917.0,csi1000,中证1000,11468.111,11188.8636,9733.7755,8106.372666666667,7211.2049
2015-05-29,12775.09,13027.21,13250.95,12237.6,210025558.0,csi1000,中证1000,11610.447,11305.741199999999,9827.378499999999,8161.662249999999,7251.060750000001
2015-06-01,13146.12,13691.17,13691.6,13146.07,188014377.0,csi1000,中证1000,11781.499,11448.431600000002,9931.382833333335,8221.942333333334,7293.907949999999
2015-06-02,13805.72,14276.32,14277.33,13763.64,212235506.0,csi1000,中证1000,11994.9515,11612.488399999998,10047.014833333333,8286.628666666666,7339.43875
2015-06-03,14381.02,14356.6,14461.29,13928.16,216560312.0,csi1000,中证1000,12214.081999999999,11792.8368,10162.111166666666,8351.222666666667,7385.260200000001
2015-06-04,14366.78,14308.65,14424.36,13459.88,203077082.0,csi1000,中证1000,12439.189,11960.8868,10274.480666666666,8416.610666666667,7431.01095
2015-06-05,14513.11,14465.75,14656.25,14174.18,228745894.0,csi1000,中证1000,12648.7575,12132.297199999999,10389.471333333333,8483.346,7477.3087
2015-06-08,14445.11,14099.73,14445.11,13967.37,213782197.0,csi1000,中证1000,12815.163,12285.481200000002,10499.226166666665,8549.499,7521.379
2015-06-09,14018.54,14106.23,14217.84,13899.36,169875376.0,csi1000,中证1000,12967.903000000002,12449.4396,10606.840833333332,8613.994166666665,7565.29865
2015-06-10,14047.11,14461.81,14596.06,13918.59,179123587.0,csi1000,中证1000,13134.1285,12628.9524,10716.148333333334,8680.64825,7611.00345
2015-06-11,14486.94,14768.88,14769.59,14478.84,185505153.0,csi1000,中证1000,13312.017499999998,12827.4472,10829.075666666668,8749.179,7658.332949999999
2015-06-12,14844.62,15006.34,15086.44,14825.28,205350949.0,csi1000,中证1000,13501.438,13016.7256,10943.332166666665,8818.747250000002,7706.566
2015-06-15,15050.58,14707.78,15076.49,14675.21,222763962.0,csi1000,中证1000,13659.713,13174.171999999999,11051.518166666667,8886.018333333333,7752.85855
2015-06-16,14514.85,14102.22,14514.85,13981.68,192589672.0,csi1000,中证1000,13773.256,13296.2036,11147.908,8948.944166666666,7796.00265
2015-06-17,14061.98,14407.31,14446.51,13603.85,180359316.0,csi1000,中证1000,13887.003,13427.004,11245.355833333333,9014.49775,7840.73125
2015-06-18,14392.32,13934.21,14499.87,13894.26,169696188.0,csi1000,中证1000,13954.410999999998,13535.928399999999,11333.336333333335,9076.965833333332,7883.015600000001
2015-06-19,13564.22,13024.72,13688.94,12999.07,150201723.0,csi1000,中证1000,13971.282499999998,13608.2,11403.999833333333,9134.500333333333,7920.51735
2015-06-23,12955.75,13047.02,13131.65,12168.35,156528854.0,csi1000,中证1000,13979.74,13668.3896,11477.919166666667,9193.03075,7958.32705
2015-06-24,13176.06,13313.79,13382.76,12935.57,165156313.0,csi1000,中证1000,13975.363999999998,13727.6868,11554.644166666667,9252.688333333332,7998.011750000001
2015-06-25,13357.21,12760.48,13361.77,12585.36,172863828.0,csi1000,中证1000,13934.2605,13752.811199999998,11621.9985,9307.171416666666,8034.78135
2015-06-26,12309.8,11730.75,12311.04,11710.78,147403220.0,csi1000,中证1000,13879.848500000002,13718.599199999999,11671.165333333334,9352.978166666666,8066.637299999999
2015-06-29,11923.42,10906.04,11933.72,10787.16,182273836.0,csi1000,中证1000,13773.789999999999,13647.349199999999,11702.796,9393.037,8094.06105
2015-06-30,10543.23,11381.47,11389.19,10110.66,216880947.0,csi1000,中证1000,13658.304999999998,13587.4932,11738.519666666667,9438.027250000001,8123.3545
2015-07-01,11264.87,10734.01,11641.03,10685.37,190361495.0,csi1000,中证1000,13481.189499999999,13480.801200000002,11760.433166666666,9477.248,8149.00125
2015-07-02,10626.73,10002.36,10696.42,9959.56,169217315.0,csi1000,中证1000,13263.477499999999,13337.593599999998,11767.127166666667,9510.186083333334,8170.76945
2015-07-03,9545.27,9358.73,10055.57,9282.59,164507669.0,csi1000,中证1000,13015.9815,13199.183199999998,11765.512833333334,9536.738916666665,8189.041699999999
2015-07-06,9943.96,8858.91,9943.96,8755.04,202661177.0,csi1000,中证1000,12735.639500000001,13032.451200000001,11757.000333333333,9559.173416666665,8204.722150000001
2015-07-07,8517.29,8356.13,8528.49,8352.94,78383269.0,csi1000,中证1000,12448.4595,12819.0496,11736.2625,9577.440250000001,8217.71345
2015-07-08,8057.11,8114.6,8128.54,8056.46,78507679.0,csi1000,中证1000,12148.878,12572.580800000002,11707.945833333333,9593.995166666666,8229.299200000001
2015-07-09,7951.43,8348.88,8349.73,7951.43,134135907.0,csi1000,中证1000,11843.231499999998,12332.271999999999,11683.259500000002,9613.050166666666,8242.0931
2015-07-10,8488.35,8620.27,8621.39,8478.26,82269987.0,csi1000,中证1000,11535.801000000001,12104.736800000002,11669.577500000001,9633.493083333335,8255.8836
2015-07-13,8930.79,9032.56,9034.35,8879.57,132737568.0,csi1000,中证1000,11237.112,11887.409200000002,11661.090666666665,9657.603666666668,8271.43505
2015-07-14,9311.51,9338.17,9501.08,9236.84,186540095.0,csi1000,中证1000,10968.6315,11696.9468,11657.265166666668,9684.016249999999,8289.536699999999
2015-07-15,9424.22,8942.91,9424.22,8918.93,214098523.0,csi1000,中证1000,10710.666,11490.413999999999,11650.420166666669,9706.439833333334,8305.4613
2015-07-16,8615.93,9041.23,9241.73,8470.13,202674478.0,csi1000,中证1000,10442.362,11273.5908,11639.168166666666,9730.872666666666,8321.64885
2015-07-17,9087.16,9541.26,9588.17,9078.86,187982797.0,csi1000,中证1000,10222.7145,11064.486,11631.6015,9757.577916666665,8340.004700000001
2015-07-20,9657.62,9839.92,9940.92,9579.16,230396091.0,csi1000,中证1000,10063.4745,10857.8292,11627.179,9785.696166666667,8360.1009
2015-07-21,9762.6,10062.89,10139.15,9652.93,208161377.0,csi1000,中证1000,9914.268,10672.0336,11626.162,9814.814916666666,8380.8895
2015-07-22,10082.96,10228.86,10270.11,9923.16,220861144.0,csi1000,中证1000,9760.021499999999,10517.099199999999,11627.061333333333,9845.871500000001,8402.11305
2015-07-23,10251.56,10553.22,10585.68,10197.66,235207444.0,csi1000,中证1000,9649.6585,10362.9356,11638.816833333334,9878.459916666669,8424.92975
2015-07-24,10579.16,10449.75,10782.59,10351.93,258806921.0,csi1000,中证1000,9585.608499999998,10223.5572,11644.522666666668,9909.759416666668,8447.10125
2015-07-27,10235.63,9719.55,10556.47,9716.97,227179702.0,csi1000,中证1000,9526.284,10091.350400000001,11636.840333333332,9935.203500000001,8465.298499999999
2015-07-28,9125.96,9284.54,9769.62,9036.62,219787329.0,csi1000,中证1000,9421.4375,9940.8512,11620.413833333332,9957.366333333333,8481.08555
2015-07-29,9435.39,9727.23,9727.53,9019.91,186331068.0,csi1000,中证1000,9371.0985,9797.388799999999,11615.746500000001,9983.871583333332,8498.646850000001
2015-07-30,9679.1,9460.73,9910.54,9422.04,201168533.0,csi1000,中证1000,9344.017,9665.3988,11607.192166666668,10008.245166666668,8514.7592
2015-07-31,9283.38,9223.64,9512.49,9081.72,149505420.0,csi1000,中证1000,9337.2625,9565.1144,11597.477666666668,10029.65425,8529.7925
2015-08-03,9076.07,8723.59,9109.28,8656.51,146175146.0,csi1000,中证1000,9330.4965,9477.8164,11571.631166666666,10046.906333333334,8542.3271
2015-08-04,8720.24,9265.22,9265.35,8720.24,166394678.0,csi1000,中证1000,9375.951,9393.1664,11546.524500000001,10068.665833333334,8557.6332
2015-08-05,9285.29,9240.88,9465.77,9131.8,188591006.0,csi1000,中证1000,9432.265,9333.4412,11516.348666666667,10091.281916666665,8572.72365
2015-08-06,9025.67,9229.35,9331.65,8996.41,143823184.0,csi1000,中证1000,9476.2885,9302.5208,11484.5495,10114.236333333334,8588.196699999999
2015-08-07,9321.98,9585.14,9585.51,9319.25,185532771.0,csi1000,中证1000,9524.532,9311.5772,11457.450166666667,10139.480666666666,8605.82905
2015-08-10,9704.08,10077.94,10133.76,9680.44,224007088.0,csi1000,中证1000,9576.801,9360.3384,11438.450333333334,10168.084249999998,8625.44615
2015-08-11,10093.88,10153.71,10300.82,10050.24,242343252.0,csi1000,中证1000,9617.578,9432.241600000001,11415.307499999999,10196.833416666666,8645.69965
2015-08-12,10053.47,10005.93,10227.34,10003.36,202560432.0,csi1000,中证1000,9670.729000000001,9507.8948,11384.883666666667,10223.417416666667,8665.59175
2015-08-13,9946.41,10308.79,10309.77,9893.16,204653227.0,csi1000,中证1000,9734.107,9586.2912,11354.490666666668,10251.279833333334,8687.4833
2015-08-14,10400.5,10377.98,10505.92,10295.34,234011253.0,csi1000,中证1000,9775.943,9656.599600000001,11317.6895,10279.262583333333,8709.66355
2015-08-17,10339.26,10563.13,10563.51,10267.23,223077746.0,csi1000,中证1000,9812.103500000001,9717.8224,11282.286833333334,10308.916416666667,8732.445
2015-08-18,10582.23,9806.7,10603.36,9781.75,257015167.0,csi1000,中证1000,9799.293999999998,9736.5636,11231.100666666665,10331.928333333335,8750.66015
2015-08-19,9442.91,10057.84,10118.27,9224.17,229399080.0,csi1000,中证1000,9790.742999999999,9781.1608,11175.376166666665,10356.227916666665,8769.71585
2015-08-20,9947.82,9739.92,10149.46,9734.62,198712421.0,csi1000,中证1000,9750.078,9809.1084,11111.332333333332,10376.41325,8787.2075
2015-08-21,9531.92,9208.15,9661.6,9159.43,168873775.0,csi1000,中证1000,9687.998,9795.784,11051.151666666667,10392.463583333334,8802.2052
2015-08-24,8782.49,8506.72,8833.71,8505.74,109304976.0,csi1000,中证1000,9627.3565,9742.456,10975.810166666666,10401.594333333334,8813.358849999999
2015-08-25,7889.78,7882.11,8073.07,7878.48,112860368.0,csi1000,中证1000,9557.235,9655.2248,10878.992499999998,10405.187666666667,8821.6103
2015-08-26,7836.28,7543.78,8103.1,7457.89,201157358.0,csi1000,中证1000,9448.0625,9547.8216,10766.7835,10406.899166666666,8828.19295
2015-08-27,7666.5,7793.54,7794.85,7370.21,165206427.0,csi1000,中证1000,9364.703,9437.4344,10657.399166666668,10409.755166666666,8835.7147
2015-08-28,7912.79,8270.96,8271.6,7861.96,188872573.0,csi1000,中证1000,9317.069,9350.282799999999,10556.771,10415.625833333332,8845.92865
2015-08-31,8222.53,7950.46,8222.53,7950.1,161855872.0,csi1000,中证1000,9278.4125,9279.5192,10448.182833333332,10418.827083333334,8854.447900000001
2015-09-01,7848.66,7441.34,7848.66,7433.89,135520184.0,csi1000,中证1000,9187.218499999999,9205.7912,10337.209666666668,10418.217916666666,8861.5396
2015-09-02,7072.79,7129.97,7619.51,7057.55,142113580.0,csi1000,中证1000,9081.672999999999,9101.900800000001,10220.938666666667,10413.88975,8866.58915
2015-09-07,7243.44,7291.47,7465.77,7219.47,130831510.0,csi1000,中证1000,8984.778999999999,9015.1304,10101.432999999999,10408.790666666666,8872.9276
2015-09-08,7247.57,7651.5,7660.61,7204.36,127749654.0,csi1000,中证1000,8888.097,8952.2448,9982.81,10405.942833333333,8881.137850000001
2015-09-09,7716.55,7956.73,7980.59,7697.81,189523444.0,csi1000,中证1000,8782.0365,8921.570399999999,9865.316499999999,10404.324333333334,8890.41735
2015-09-10,7831.5,7843.0,7999.54,7798.75,146584420.0,csi1000,中证1000,8666.501,8864.6816,9750.903499999999,10401.210833333334,8898.93475
2015-09-11,7826.74,7952.14,7975.51,7808.48,129061754.0,csi1000,中证1000,8563.8115,8813.132000000001,9648.402166666667,10398.155083333335,8907.727649999999
2015-09-14,7997.34,7412.3,8022.06,7391.9,157164423.0,csi1000,中证1000,8418.987000000001,8740.45,9531.818666666666,10388.58725,8913.85955
2015-09-15,7183.33,7034.9,7352.0,7008.99,128426049.0,csi1000,中证1000,8251.833,8638.4404,9416.830166666665,10375.08325,8917.8302
2015-09-16,7062.84,7500.61,7517.62,7049.42,145459062.0,csi1000,中证1000,8098.706999999999,8535.3472,9324.761666666667,10364.38075,8923.86815
2015-09-17,7516.36,7428.64,7771.46,7428.57,179202581.0,csi1000,中证1000,7979.804000000001,8426.3444,9231.122,10354.520583333333,8929.04915
2015-09-18,7484.28,7556.2,7599.36,7386.12,127467527.0,csi1000,中证1000,7854.721999999999,8328.3552,9135.162166666667,10344.903166666665,8934.65445
2015-09-21,7453.17,7847.88,7850.81,7430.94,146572488.0,csi1000,中证1000,7760.12,8229.9188,9053.2855,10337.642,8941.5309
2015-09-22,7868.64,7880.84,7974.88,7765.78,168127746.0,csi1000,中证1000,7693.7545,8130.0332,8989.120333333332,10330.142833333335,8948.544549999999
2015-09-23,7734.28,7824.07,7924.52,7716.13,146837149.0,csi1000,中证1000,7659.622,8020.470800000001,8937.754166666668,10320.275083333334,8955.7026
2015-09-24,7856.02,7928.82,7951.79,7814.34,143692058.0,csi1000,中证1000,7661.9574999999995,7945.355599999999,8880.21,10309.364833333333,8963.058899999998
2015-09-25,7877.93,7640.17,7934.52,7585.15,146334824.0,csi1000,中证1000,7666.776999999999,7848.6488,8828.646,10294.539583333333,8968.68995
2015-09-28,7643.16,7839.62,7841.22,7536.82,108647169.0,csi1000,中证1000,7669.081,7772.636799999999,8792.600333333334,10279.86375,8974.86145
2015-09-29,7702.65,7720.68,7824.23,7658.2,111153312.0,csi1000,中证1000,7641.567,7713.137999999999,8765.2995,10265.406166666666,8981.1544
2015-09-30,7753.35,7727.51,7794.64,7642.7,95677235.0,csi1000,中证1000,7630.419499999999,7681.969599999999,8746.442833333333,10251.721583333334,8987.5044
2015-10-08,7961.0,8056.28,8099.15,7902.55,140742785.0,csi1000,中证1000,7661.166499999999,7688.9364000000005,8741.445333333333,10238.853916666667,8996.978949999999
2015-10-09,8045.77,8180.4,8213.56,8028.61,155003131.0,csi1000,中证1000,7713.688,7714.4012,8742.542,10225.243916666666,9006.046900000001
2015-10-12,8226.55,8522.63,8590.91,8225.24,209461900.0,csi1000,中证1000,7775.245999999999,7743.5648,8745.437833333333,10214.348666666667,9016.34345
2015-10-13,8447.74,8651.05,8672.87,8420.64,189675916.0,csi1000,中证1000,7825.2235,7758.768400000001,8745.950833333332,10207.764166666668,9026.87275
2015-10-14,8610.35,8534.73,8682.82,8515.65,186002676.0,csi1000,中证1000,7854.123499999999,7782.1392,8737.653666666667,10199.372166666668,9036.25565
2015-10-15,8476.31,8808.46,8808.9,8476.31,194661645.0,csi1000,中证1000,7902.3965,7836.823999999999,8728.825166666667,10193.045166666667,9047.1217
2015-10-16,8866.79,8943.02,8948.62,8742.43,228040227.0,csi1000,中证1000,7951.9405,7909.346,8728.827,10189.623583333334,9059.0812
2015-10-19,8961.66,8935.39,9008.61,8806.43,221277634.0,csi1000,中证1000,8028.094999999999,7975.102799999999,8727.063,10183.115583333332,9071.05375
2015-10-20,8915.87,9116.54,9117.3,8891.94,203106482.0,csi1000,中证1000,8132.176999999999,8033.7044,8719.984333333334,10175.792916666665,9084.44625
2015-10-21,9116.48,8541.61,9157.92,8515.13,258802567.0,csi1000,中证1000,8184.227000000001,8057.0996,8698.345833333333,10162.762416666666,9096.5514
2015-10-22,8531.69,8894.76,8901.22,8525.98,203631358.0,csi1000,中证1000,8257.533,8099.17,8678.877,10152.5195,9110.90835
2015-10-23,8977.88,9182.55,9220.98,8942.33,228775169.0,csi1000,中证1000,8338.8505,8148.3864,8661.4385,10144.249916666666,9126.0467
2015-10-26,9296.19,9262.89,9347.64,9126.58,242221817.0,csi1000,中证1000,8409.600999999999,8222.41,8639.932999999999,10139.374916666666,9141.248599999999
2015-10-27,9183.79,9345.97,9398.73,8882.22,222131674.0,csi1000,中证1000,8482.8575,8314.8528,8621.536666666667,10133.029666666667,9156.80875
2015-10-28,9277.73,9131.87,9406.35,9091.56,205456498.0,csi1000,中证1000,8548.247500000001,8380.1032,8611.742,10124.291166666666,9171.9732
2015-10-29,9197.47,9214.59,9320.23,9058.94,176350290.0,csi1000,中证1000,8612.536,8451.5412,8610.576166666666,10115.494999999999,9188.13295
2015-10-30,9183.49,9188.27,9332.91,9031.78,184262793.0,csi1000,中证1000,8689.941,8516.824,8601.593499999999,10108.67,9203.936699999998
2015-11-02,8946.88,8944.68,9236.42,8915.77,168322277.0,csi1000,中证1000,8745.194,8560.696,8592.992666666667,10100.092416666665,9218.41115
2015-11-03,8963.77,8924.42,9033.58,8837.31,140358089.0,csi1000,中证1000,8805.381,8602.439199999999,8588.005666666668,10092.741666666667,9232.1713
2015-11-04,8973.16,9396.84,9396.99,8973.16,204045838.0,csi1000,中证1000,8888.8475,8665.35,8599.226499999999,10085.428833333333,9248.32165
2015-11-05,9416.49,9391.45,9525.22,9295.37,245075764.0,csi1000,中证1000,8955.606000000002,8723.8552,8601.330333333333,10073.927416666666,9264.458349999999
2015-11-06,9396.09,9629.28,9640.44,9395.73,216520262.0,csi1000,中证1000,9028.05,8803.4196,8607.803666666667,10062.076166666666,9281.9647
2015-11-09,9560.54,9816.03,9861.11,9473.46,236496323.0,csi1000,中证1000,9092.72,8882.476,8617.581666666667,10051.065583333333,9300.733450000002
2015-11-10,9770.13,9911.24,9958.15,9739.17,235822028.0,csi1000,中证1000,9155.7295,8970.0984,8623.016666666666,10040.233416666666,9319.45405
2015-11-11,9910.12,10100.51,10106.02,9873.24,223200520.0,csi1000,中证1000,9234.0185,9065.018399999999,8623.392833333333,10030.921583333333,9339.26015
2015-11-12,10137.46,10135.08,10223.71,9990.76,230272673.0,csi1000,中证1000,9300.3495,9148.1704,8623.082333333334,10019.194916666667,9359.09225
2015-11-13,10030.15,9934.77,10102.65,9813.03,220846360.0,csi1000,中证1000,9349.937000000002,9218.3452,8621.896333333332,10003.390000000001,9377.5057
2015-11-16,9749.11,10194.78,10195.72,9736.48,182064082.0,csi1000,中证1000,9412.906500000001,9285.2312,8619.996166666668,9987.243416666666,9397.933149999999
2015-11-17,10308.23,10109.4,10361.3,10088.03,235707297.0,csi1000,中证1000,9462.549500000001,9343.5652,8615.519833333334,9966.604666666668,9416.797
2015-11-18,10116.71,9928.66,10203.4,9902.83,178331593.0,csi1000,中证1000,9531.902,9399.3224,8604.945333333333,9943.616083333332,9434.11165
2015-11-19,9954.66,10235.35,10235.83,9944.38,172873938.0,csi1000,中证1000,9598.9315,9456.398000000001,8612.0895,9921.595083333332,9452.445199999998
2015-11-20,10272.35,10440.35,10477.22,10265.66,220410689.0,csi1000,中证1000,9661.8215,9516.2912,8618.464666666667,9896.920416666668,9472.1366
2015-11-23,10447.81,10341.42,10546.74,10297.14,229338424.0,csi1000,中证1000,9715.748000000001,9572.5324,8628.489666666666,9869.911,9490.63065
2015-11-24,10324.04,10459.6,10460.35,10204.42,168607354.0,csi1000,中证1000,9771.429500000002,9626.2548,8649.347166666666,9850.249416666667,9509.4596
2015-11-25,10470.93,10696.31,10707.77,10468.34,201271485.0,csi1000,中证1000,9849.6515,9712.4428,8685.840333333334,9830.82525,9529.60985
2015-11-26,10745.06,10620.83,10772.62,10595.1,214649939.0,csi1000,中证1000,9919.9635,9781.4856,8731.485666666667,9805.239083333332,9549.589
2015-11-27,10560.39,9933.5,10619.71,9859.02,222809138.0,csi1000,中证1000,9957.225,9811.5236,8771.314333333334,9769.048916666665,9566.5235
2015-11-30,9935.4,10001.19,10058.66,9406.72,197454471.0,csi1000,中证1000,10010.050500000001,9841.0556,8808.1085,9732.753833333332,9583.84995
2015-12-01,9985.79,9955.21,10101.51,9832.26,164580513.0,csi1000,中证1000,10061.59,9865.4252,8836.179333333333,9696.475166666665,9600.35325
2015-12-02,9928.27,9822.05,9954.86,9506.1,148946435.0,csi1000,中证1000,10082.8505,9893.0324,8867.3725,9657.777666666665,9616.1968
2015-12-03,9833.3,10102.89,10103.48,9832.95,146324450.0,csi1000,中证1000,10118.422499999999,9928.564400000001,8911.731666666667,9624.470666666666,9633.440849999999
2015-12-04,10073.67,10081.57,10199.95,9996.29,161440115.0,csi1000,中证1000,10141.037,9964.2964,8960.925,9590.931833333332,9651.21395
2015-12-07,10105.79,10238.02,10238.79,10038.58,151512379.0,csi1000,中证1000,10162.136499999999,10016.03,9010.034166666666,9555.733583333333,9670.02995
2015-12-08,10189.87,10057.74,10210.75,10022.62,163772258.0,csi1000,中证1000,10169.461500000001,10061.3628,9050.138166666666,9516.474083333333,9687.539550000001
2015-12-09,10002.73,10034.19,10111.56,9945.79,142173279.0,csi1000,中证1000,10166.1455,10086.8568,9084.7625,9475.0395,9704.48295
2015-12-10,10024.19,10035.45,10145.99,10008.74,140759649.0,csi1000,中证1000,10161.164,10112.6168,9121.303333333333,9436.103416666669,9721.14115
2015-12-11,10003.76,9946.12,10043.54,9915.11,124486374.0,csi1000,中证1000,10161.731499999998,10125.2904,9154.536333333332,9401.469249999998,9736.7925
2015-12-14,9845.07,10118.9,10119.68,9829.34,118085397.0,csi1000,中证1000,10157.9375,10137.405200000001,9199.646333333334,9365.732500000002,9752.5605
2015-12-15,10137.46,10278.47,10312.42,10136.87,131733827.0,csi1000,中证1000,10166.391,10152.0944,9253.705833333333,9335.268000000002,9768.8526
2015-12-16,10319.56,10374.23,10438.45,10314.86,141451444.0,csi1000,中证1000,10188.6695,10163.0432,9301.5995,9313.180583333333,9785.7004
2015-12-17,10436.8,10679.96,10680.39,10436.8,186572135.0,csi1000,中证1000,10210.899999999998,10184.8384,9355.788166666667,9293.455083333334,9803.873849999998
2015-12-18,10678.38,10629.97,10721.66,10562.67,173091610.0,csi1000,中证1000,10220.381,10212.6464,9407.017666666668,9271.089916666668,9821.314250000001
2015-12-21,10596.41,10699.61,10712.04,10579.92,159785363.0,csi1000,中证1000,10238.2905,10232.8396,9454.5465,9253.916000000001,9838.2239
2015-12-22,10724.02,10809.24,10809.84,10652.01,153991000.0,csi1000,中证1000,10255.7725,10260.833200000001,9503.353166666666,9246.236750000002,9855.85955
2015-12-23,10817.28,10638.16,10828.97,10613.43,169423349.0,csi1000,中证1000,10252.865,10289.2132,9550.254666666668,9244.004416666667,9871.9952
2015-12-24,10600.47,10633.19,10662.43,10413.92,129950765.0,csi1000,中证1000,10253.483,10305.1268,9595.327499999998,9237.76875,9887.9066
2015-12-25,10651.66,10726.99,10760.15,10645.44,123800665.0,csi1000,中证1000,10293.1575,10316.5924,9646.7745,9237.71025,9904.84955
2015-12-28,10765.91,10515.36,10859.83,10515.36,169848140.0,csi1000,中证1000,10318.866,10323.55,9691.370166666668,9241.98525,9920.17225
2015-12-29,10499.5,10653.71,10654.42,10406.06,129304324.0,csi1000,中证1000,10353.791000000001,10331.314400000001,9740.253999999999,9252.776749999999,9935.608400000001
2015-12-30,10678.11,10806.7,10813.02,10661.28,139096428.0,csi1000,中证1000,10403.0235,10335.73,9791.573833333332,9269.008333333333,9951.81035
2015-12-31,10810.35,10614.38,10839.04,10614.38,129979474.0,csi1000,中证1000,10428.598000000002,10335.472,9834.208833333334,9287.827083333334,9967.31005
2016-01-04,10598.27,9694.84,10602.65,9694.63,117304144.0,csi1000,中证1000,10409.2615,10325.925599999999,9859.449499999999,9300.99575,9977.5375
2016-01-05,9140.67,9452.04,9680.16,9084.87,168628044.0,csi1000,中证1000,10369.9625,10303.9596,9874.939666666667,9310.18875,9985.280900000002
2016-01-06,9511.73,9709.57,9710.12,9404.07,139630139.0,csi1000,中证1000,10352.554,10294.134,9892.581666666667,9319.266249999999,9993.86255
2016-01-07,9511.14,8856.49,9511.14,8850.15,40495428.0,csi1000,中证1000,10293.668999999998,10255.5116,9897.944333333335,9317.798999999999,9997.390249999999
2016-01-08,9049.77,8876.25,9141.57,8404.5,156924299.0,csi1000,中证1000,10235.708999999999,10206.446,9899.074166666667,9313.949666666666,10000.6884
2016-01-11,8651.33,8205.12,8754.36,8203.43,143568813.0,csi1000,中证1000,10148.659000000001,10131.387999999999,9886.775833333335,9307.801416666667,10000.11985
2016-01-12,8164.34,8187.96,8304.14,7968.75,121171242.0,csi1000,中证1000,10052.112,10049.385600000001,9874.318666666666,9300.690833333334,9998.25745
2016-01-13,8230.08,7836.12,8311.73,7836.06,113177530.0,csi1000,中证1000,9929.994499999999,9960.5208,9852.978333333333,9286.481333333333,9994.16115
2016-01-14,7548.03,8157.74,8174.31,7534.04,122934077.0,csi1000,中证1000,9819.17,9885.462800000001,9846.5805,9272.463166666665,9991.025300000001
2016-01-15,8092.87,7868.17,8202.34,7813.26,119230953.0,csi1000,中证1000,9678.5805,9798.7716,9829.470666666666,9254.173833333334,9987.306849999999
2016-01-18,7689.66,8060.88,8158.56,7685.47,106505827.0,csi1000,中证1000,9550.126,9723.362,9810.776166666668,9236.107333333332,9984.0598
2016-01-19,8041.86,8388.38,8400.6,8018.64,127304224.0,csi1000,中证1000,9434.5645,9654.1412,9796.201000000001,9218.067000000001,9982.4056
2016-01-20,8328.72,8321.39,8468.79,8244.73,129081048.0,csi1000,中证1000,9310.172,9575.858,9779.124666666668,9200.330666666667,9980.108849999999
2016-01-21,8167.95,7944.57,8410.16,7944.57,120472896.0,csi1000,中证1000,9175.4925,9478.6716,9759.336333333335,9185.539166666666,9974.7907
2016-01-22,8036.32,8074.29,8115.4,7787.62,101116759.0,csi1000,中证1000,9047.5475,9374.4448,9740.331333333334,9175.453750000002,9968.971899999999
2016-01-25,8153.35,8180.5,8256.16,8076.4,96248174.0,csi1000,中证1000,8920.223000000002,9276.466,9723.535166666667,9162.564333333336,9962.7784
2016-01-26,8071.36,7545.54,8093.24,7526.59,120673951.0,csi1000,中证1000,8771.732,9150.3032,9700.216166666667,9146.604416666665,9952.5025
2016-01-27,7557.46,7466.75,7585.83,7047.79,124251577.0,csi1000,中证1000,8612.384,9016.6036,9675.921666666665,9131.963666666667,9942.5583
2016-01-28,7344.02,7100.9,7438.69,7067.55,96362166.0,csi1000,中证1000,8427.094000000001,8875.1132,9637.655999999999,9118.44125,9931.2145
2016-01-29,7071.75,7385.76,7459.37,7037.83,102285179.0,csi1000,中证1000,8265.662999999999,8745.216,9604.227833333334,9102.779083333333,9920.1413
2016-02-01,7358.75,7292.61,7420.48,7163.91,86843686.0,csi1000,中证1000,8145.5515,8607.8408,9565.283333333333,9086.5435,9907.53635
2016-02-02,7296.22,7576.07,7600.08,7295.8,97978432.0,csi1000,中证1000,8051.753,8490.2692,9527.950666666668,9072.766166666666,9896.266399999999
2016-02-03,7480.3,7630.46,7665.65,7428.9,94483564.0,csi1000,中证1000,7947.797500000001,8369.339199999999,9489.937666666667,9056.477166666667,9887.21275
2016-02-04,7661.65,7807.4,7839.28,7661.65,108295716.0,csi1000,中证1000,7895.343000000001,8249.3672,9451.719166666668,9037.556000000002,9878.5409
2016-02-05,7828.61,7718.71,7856.73,7716.21,86297862.0,csi1000,中证1000,7837.466,8133.540400000001,9411.446333333333,9017.264333333333,9869.29595
2016-02-15,7434.27,7726.37,7772.49,7432.4,78794684.0,csi1000,中证1000,7813.5284999999985,8054.801600000001,9374.639666666666,8998.268,9861.159749999999
2016-02-16,7767.03,8069.59,8088.71,7767.03,115565925.0,csi1000,中证1000,7807.609999999999,7999.5036,9339.219833333333,8979.608,9852.925949999999
2016-02-17,8060.91,8202.15,8214.94,8010.82,129697950.0,csi1000,中证1000,7825.9115,7939.206799999999,9307.432333333332,8961.476083333333,9843.9604
2016-02-18,8256.95,8176.14,8282.91,8155.08,134063477.0,csi1000,中证1000,7826.8315,7911.9928,9278.223666666667,8941.5845,9834.31475
2016-02-19,8146.06,8239.26,8289.21,8133.5,112787021.0,csi1000,中证1000,7845.386,7886.5132,9244.9555,8928.5225,9824.8915
2016-02-22,8350.28,8407.85,8407.88,8303.21,133158051.0,csi1000,中证1000,7862.7345000000005,7894.6224,9211.0805,8914.772583333333,9816.05625
2016-02-23,8414.67,8357.36,8437.16,8230.98,130530937.0,csi1000,中证1000,7861.183499999999,7901.3984,9178.012833333332,8903.251250000001,9808.6036
2016-02-24,8316.83,8364.66,8399.43,8161.0,136094745.0,csi1000,中证1000,7863.347,7922.54,9143.097166666666,8896.222166666666,9799.8899
2016-02-25,8340.46,7702.59,8340.59,7673.22,157436163.0,csi1000,中证1000,7851.248,7904.334,9093.201833333333,8889.521083333333,9787.500399999999
2016-02-26,7750.73,7666.82,7799.29,7487.27,121574171.0,csi1000,中证1000,7830.8745,7896.28,9043.968333333332,8887.727,9774.48385
2016-02-29,7614.16,7183.68,7614.16,7113.07,115344403.0,csi1000,中证1000,7781.0335,7861.192000000001,8998.137999999999,8884.726166666667,9760.365899999999
2016-03-01,7183.11,7345.09,7402.31,7038.61,115563408.0,csi1000,中证1000,7771.011,7819.4604,8953.869666666667,8880.989083333336,9747.2214
2016-03-02,7324.49,7711.89,7724.3,7323.37,147164819.0,csi1000,中证1000,7783.268000000001,7795.080399999999,8916.481000000002,8876.330166666668,9736.7483
2016-03-03,7711.3,7727.16,7875.95,7693.9,157062423.0,csi1000,中证1000,7814.581000000001,7786.384,8881.566166666666,8874.469333333333,9724.0122
2016-03-04,7684.92,7418.8,7735.55,7321.56,141152405.0,csi1000,中证1000,7816.233,7760.164400000001,8836.831333333334,8874.281500000001,9707.2481
2016-03-07,7494.04,7600.44,7670.96,7494.04,110951408.0,csi1000,中证1000,7831.6245,7736.962,8795.479166666666,8878.202083333334,9689.99315
2016-03-08,7585.86,7670.69,7670.99,7276.67,131822526.0,csi1000,中证1000,7836.355500000001,7741.968000000001,8752.690333333334,8881.362250000002,9672.660100000001
2016-03-09,7486.95,7500.17,7634.0,7430.43,101761865.0,csi1000,中证1000,7829.841,7743.3048,8710.064166666667,8880.101166666667,9654.10545
2016-03-10,7503.42,7376.7,7568.24,7364.29,87401499.0,csi1000,中证1000,7808.306,7754.336800000001,8665.772666666668,8875.267583333332,9634.899300000001
2016-03-11,7284.95,7349.57,7401.51,7239.56,75245882.0,csi1000,中证1000,7789.849,7752.8892,8621.008,8871.155666666666,9613.935749999999
2016-03-14,7441.09,7640.13,7715.64,7441.04,120335729.0,csi1000,中证1000,7785.537000000001,7766.79,8582.574833333334,8868.555583333333,9592.9796
2016-03-15,7612.97,7571.82,7668.85,7537.79,99636094.0,csi1000,中证1000,7760.6485,7766.62,8540.1235,8869.884916666666,9570.17685
2016-03-16,7633.75,7484.23,7659.05,7426.95,91359384.0,csi1000,中证1000,7724.7525,7760.770800000001,8493.552833333333,8873.629333333334,9544.66775
2016-03-17,7514.68,7779.88,7795.71,7514.58,133550636.0,csi1000,中证1000,7704.9395,7759.67,8450.313666666667,8875.956583333334,9520.1307
2016-03-18,7823.57,8097.2,8118.71,7820.29,181322736.0,csi1000,中证1000,7697.836499999999,7774.8096,8407.267666666667,8881.527916666668,9496.22735
2016-03-21,8206.53,8325.98,8326.38,8172.85,191675070.0,csi1000,中证1000,7693.7429999999995,7798.794,8368.867833333334,8887.94275,9470.850699999999
2016-03-22,8248.53,8311.21,8387.55,8203.09,164074441.0,csi1000,中证1000,7691.4355,7808.4588,8329.061166666666,8891.803833333333,9444.493999999999
2016-03-23,8279.88,8408.64,8408.95,8262.26,146117448.0,csi1000,中证1000,7693.6345,7816.718400000001,8289.051166666666,8896.202166666664,9422.44225
2016-03-24,8324.85,8279.65,8453.3,8247.29,160637356.0,csi1000,中证1000,7722.4875,7820.8588,8249.742666666667,8899.998666666668,9398.70445
2016-03-25,8252.42,8343.24,8353.02,8211.84,124555552.0,csi1000,中证1000,7756.308499999999,7825.018,8211.576833333333,8903.452166666666,9371.9648
2016-03-28,8400.21,8298.78,8482.57,8266.55,142988613.0,csi1000,中证1000,7812.063499999999,7820.6552,8171.106666666666,8908.940583333335,9342.0771
2016-03-29,8274.09,8119.0,8292.43,8040.76,124650562.0,csi1000,中证1000,7850.759,7811.1208,8131.167333333333,8911.26875,9310.889099999999
2016-03-30,8187.45,8438.68,8439.09,8187.45,139635610.0,csi1000,中证1000,7887.0985,7814.0815999999995,8094.250166666666,8917.252083333333,9281.53925
2016-03-31,8475.43,8447.18,8541.46,8414.89,150139445.0,csi1000,中证1000,7923.099499999999,7843.8652,8054.924833333334,8923.249333333333,9251.4464
2016-04-01,8399.18,8389.29,8426.46,8240.87,127161059.0,csi1000,中证1000,7971.624000000001,7872.763999999999,8017.84,8926.024416666665,9222.8942
2016-04-05,8401.34,8635.67,8642.98,8380.46,156308363.0,csi1000,中证1000,8023.385499999999,7930.8436,8000.187166666667,8929.818333333335,9195.5414
2016-04-06,8601.66,8691.23,8699.52,8579.43,159968936.0,csi1000,中证1000,8074.4125,7984.689199999999,7987.5070000000005,8931.223333333333,9166.6885
2016-04-07,8715.01,8549.51,8733.5,8549.51,158150556.0,csi1000,中证1000,8126.879500000001,8018.194,7968.172666666666,8930.377166666667,9135.59165
2016-04-08,8465.83,8484.17,8511.87,8359.53,133415289.0,csi1000,中证1000,8182.253,8048.474400000001,7961.967333333334,8929.955833333333,9102.9808
2016-04-11,8560.09,8677.41,8719.22,8560.09,143629779.0,csi1000,中证1000,8248.645,8098.8188,7958.653333333334,8928.863749999999,9072.828950000001
2016-04-12,8664.28,8608.37,8688.71,8501.04,132072149.0,csi1000,中证1000,8297.056999999999,8139.1359999999995,7965.3741666666665,8926.075,9045.359699999999
2016-04-13,8655.19,8729.84,8831.59,8655.19,174063296.0,csi1000,中证1000,8354.958,8181.5019999999995,7974.4055,8924.362083333333,9016.97235
2016-04-14,8780.55,8837.02,8837.44,8711.79,139648321.0,csi1000,中证1000,8422.5975,8234.976,7991.087166666666,8922.03275,8991.4864
2016-04-15,8840.53,8841.09,8866.01,8777.97,131207613.0,csi1000,中证1000,8475.658,8293.551599999999,8002.476333333334,8924.528416666666,8970.56825
2016-04-18,8780.46,8715.85,8780.46,8646.33,126184987.0,csi1000,中证1000,8506.590500000002,8348.202800000001,8016.604333333333,8923.0375,8948.9124
2016-04-19,8755.25,8754.5,8784.33,8678.97,112831795.0,csi1000,中证1000,8528.016500000002,8392.7776,8028.164666666666,8919.470416666669,8926.11595
2016-04-20,8784.65,8312.2,8798.78,8158.82,180286506.0,csi1000,中证1000,8528.066,8422.3928,8026.895,8911.548,8903.87455
2016-04-21,8268.02,8198.51,8382.27,8185.37,121190772.0,csi1000,中证1000,8517.5595,8450.964,8024.847,8901.985833333334,8886.21335
2016-04-22,8130.9,8282.42,8282.9,8112.33,95979533.0,csi1000,中证1000,8517.698,8471.0656,8030.477833333333,8894.907083333334,8873.095249999998
2016-04-25,8246.03,8232.48,8261.94,8106.07,89622024.0,csi1000,中证1000,8512.16,8476.4768,8033.114333333334,8886.722833333333,8857.3503
2016-04-26,8218.47,8343.42,8343.71,8202.15,88430554.0,csi1000,中证1000,8514.392000000002,8477.1744,8035.829666666667,8879.682416666667,8845.39735
2016-04-27,8357.26,8323.46,8426.83,8307.39,102936177.0,csi1000,中证1000,8524.615000000002,8477.664400000001,8048.795,8874.505583333335,8837.00285
2016-04-28,8319.22,8303.56,8336.13,8130.93,104958785.0,csi1000,中证1000,8517.859,8473.461200000002,8062.7418333333335,8869.33175,8831.727
2016-04-29,8253.48,8291.7,8340.58,8239.79,81485851.0,csi1000,中证1000,8510.085000000001,8473.9432,8082.5885,8860.122250000002,8828.890949999999
2016-05-03,8290.79,8558.58,8558.58,8256.68,115718540.0,csi1000,中证1000,8518.5495,8482.5568,8102.1355,8853.181666666667,8829.9032
2016-05-04,8526.31,8565.11,8632.7,8514.49,117296052.0,csi1000,中证1000,8515.0215,8493.21,8123.343833333333,8844.313583333334,8832.15575
2016-05-05,8549.33,8628.74,8631.98,8522.15,102759921.0,csi1000,中证1000,8511.897,8513.5996,8140.888333333334,8834.4195,8833.55505
2016-05-06,8632.45,8276.03,8663.07,8275.97,146570763.0,csi1000,中证1000,8498.223,8507.0936,8151.647833333333,8820.79275,8831.83385
2016-05-09,8180.63,7918.15,8180.69,7876.17,115454407.0,csi1000,中证1000,8469.922,8485.9324,8153.493666666666,8802.606416666667,8826.2618
2016-05-10,7898.65,7898.66,7961.59,7855.29,73811219.0,csi1000,中证1000,8430.9845,8466.307200000001,8156.492833333334,8783.969583333332,8819.064250000001
2016-05-11,7950.38,7823.98,7973.6,7800.97,81092251.0,csi1000,中证1000,8391.765000000001,8433.8396,8158.1196666666665,8766.379666666668,8813.4696
2016-05-12,7706.13,7821.91,7822.76,7570.92,86855484.0,csi1000,中证1000,8346.3685,8399.0668,8153.991666666667,8746.605749999999,8807.373
2016-05-13,7794.62,7806.96,7902.0,7758.26,78814837.0,csi1000,中证1000,8294.8655,8369.3648,8147.405166666667,8727.41875,8798.701500000001
2016-05-16,7783.3,7961.15,7961.43,7744.88,83332776.0,csi1000,中证1000,8250.8685,8348.444,8143.822,8711.022833333333,8789.30765
2016-05-17,7964.51,7961.5,8040.2,7901.18,99759675.0,csi1000,中证1000,8213.151,8319.8076,8139.192666666667,8692.074083333333,8778.8007
2016-05-18,7886.25,7711.95,7886.5,7614.2,96022202.0,csi1000,中证1000,8161.0235,8283.950799999999,8127.594333333333,8669.337416666667,8766.21615
2016-05-19,7707.33,7767.32,7868.72,7707.33,85485602.0,csi1000,中证1000,8133.7795,8245.45,8117.760333333334,8647.886583333333,8752.28665
2016-05-20,7699.07,7860.13,7860.13,7665.86,85485430.0,csi1000,中证1000,8116.8605,8206.3744,8109.351500000001,8626.224333333334,8739.33855
2016-05-23,7876.12,7995.58,7995.99,7876.12,95304781.0,csi1000,中证1000,8102.5185,8172.554,8114.234666666666,8603.71825,8730.7187
2016-05-24,7981.01,7913.68,7981.22,7852.69,86831645.0,csi1000,中证1000,8086.5785000000005,8140.4672,8118.349,8581.158666666666,8723.864399999999
2016-05-25,7965.75,7889.73,8012.16,7848.52,84806900.0,csi1000,中证1000,8063.893999999998,8105.8764,8130.1165,8564.12725,8714.676899999999
2016-05-26,7864.03,7929.47,7929.67,7703.52,93572769.0,csi1000,中证1000,8044.1945,8090.5671999999995,8139.8561666666665,8546.862916666667,8707.0206
2016-05-27,7904.77,7912.86,7976.51,7879.64,84973823.0,csi1000,中证1000,8024.6595,8079.1412,8143.205666666667,8529.843333333332,8700.4667
2016-05-30,7863.31,7867.6,7946.13,7787.46,75242813.0,csi1000,中证1000,8003.4545,8062.5484,8145.546333333334,8513.55625,8696.18675
2016-05-31,7872.31,8197.56,8197.64,7872.31,137392339.0,csi1000,中证1000,7985.4035,8061.151599999999,8158.525666666666,8497.6785,8690.84845
2016-06-01,8207.25,8270.52,8324.09,8202.72,144266879.0,csi1000,中证1000,7970.673999999999,8058.235600000001,8169.693666666667,8482.586416666667,8685.99665
2016-06-02,8261.6,8369.43,8369.67,8255.96,133157989.0,csi1000,中证1000,7957.708499999999,8060.0743999999995,8181.339333333333,8467.014833333333,8681.69705
2016-06-03,8370.79,8391.76,8442.9,8336.96,140387635.0,csi1000,中证1000,7963.495,8063.6024,8196.199166666667,8453.131666666666,8675.73015
2016-06-06,8418.34,8422.47,8443.57,8359.02,117501278.0,csi1000,中证1000,7988.711,8068.833200000001,8213.628666666666,8439.700666666666,8667.452800000001
2016-06-07,8421.61,8434.67,8439.14,8363.41,110744225.0,csi1000,中证1000,8015.5115000000005,8063.876799999999,8231.713666666667,8426.360833333332,8658.8576
2016-06-08,8417.75,8431.89,8481.65,8340.9,114686485.0,csi1000,中证1000,8045.906999999999,8058.548000000001,8244.909666666666,8413.74225,8650.9874
2016-06-13,8307.19,8000.82,8387.42,8000.65,137074807.0,csi1000,中证1000,8054.852499999999,8033.4312,8252.059666666666,8396.091583333333,8639.44755
2016-06-14,7957.93,8038.59,8053.54,7931.23,96775234.0,csi1000,中证1000,8066.433999999999,8023.9336,8261.299,8377.425916666667,8627.750600000001
2016-06-15,7948.18,8340.54,8369.94,7936.62,135462801.0,csi1000,中证1000,8085.4035,8040.829199999999,8270.643333333333,8360.4785,8616.63765
2016-06-16,8339.82,8358.03,8421.33,8314.98,144450018.0,csi1000,中证1000,8105.2300000000005,8059.203999999999,8274.990500000002,8341.129083333333,8609.3943
2016-06-17,8374.07,8414.51,8480.65,8338.73,141419118.0,csi1000,中证1000,8140.357999999998,8082.8252,8276.465999999999,8322.666916666667,8601.17765
2016-06-20,8417.36,8457.93,8476.47,8330.67,120792726.0,csi1000,中证1000,8174.888500000001,8108.266,8278.911333333333,8303.98625,8594.7677
2016-06-21,8510.75,8350.76,8552.66,8305.55,135449442.0,csi1000,中证1000,8199.42,8130.018,8277.946666666667,8283.498916666667,8590.48075
2016-06-22,8323.88,8513.54,8513.93,8316.1,117220450.0,csi1000,中证1000,8225.318,8152.1136,8281.844833333333,8265.79375,8590.514850000001
2016-06-23,8510.84,8495.78,8547.39,8424.91,132779327.0,csi1000,中证1000,8254.422999999999,8173.4848,8284.387166666666,8247.982,8593.5832
2016-06-24,8477.03,8428.82,8547.68,8153.16,162435643.0,csi1000,中证1000,8281.3775,8202.1596,8286.5545,8228.830583333332,8598.008399999999
2016-06-27,8360.52,8646.16,8646.37,8358.34,139794183.0,csi1000,中证1000,8317.212000000001,8237.313199999999,8295.3405,8213.253916666667,8602.2715
2016-06-28,8616.07,8730.2,8737.82,8599.85,158998677.0,csi1000,中证1000,8358.079,8272.116,8300.199166666667,8197.224666666667,8604.5677
2016-06-29,8758.7,8745.82,8784.95,8704.35,153125293.0,csi1000,中证1000,8401.99,8302.125600000001,8305.1765,8180.050666666666,8608.5445
2016-06-30,8753.85,8741.1,8776.24,8692.26,134709876.0,csi1000,中证1000,8429.167,8335.2224,8311.04,8164.44,8615.0433
2016-07-01,8747.79,8710.52,8779.63,8680.08,121163473.0,csi1000,中证1000,8451.167,8368.054,8312.2875,8156.2373333333335,8622.94605
2016-07-04,8661.27,8874.07,8882.85,8653.86,145919710.0,csi1000,中证1000,8476.399000000001,8405.838,8315.334833333332,8151.420916666666,8630.859050000001
2016-07-05,8886.51,8914.84,8925.09,8839.94,158076817.0,csi1000,中证1000,8502.553,8445.9172,8321.423666666667,8144.7981666666665,8637.17575
2016-07-06,8885.33,8947.14,8957.58,8862.76,145409658.0,csi1000,中证1000,8528.7865,8489.0988,8329.139833333333,8145.553583333333,8642.1278
2016-07-07,8942.99,8954.28,8988.32,8851.3,167293291.0,csi1000,中证1000,8554.767,8519.3676,8333.754333333334,8146.203833333333,8647.6842
2016-07-08,8941.49,8939.26,8996.97,8904.59,133166210.0,csi1000,中证1000,8580.1355,8546.1172,8339.269166666667,8152.321666666667,8652.6198
2016-07-11,8953.87,8875.0,9004.75,8865.59,145652840.0,csi1000,中证1000,8623.844500000001,8566.34,8341.6885,8158.0470000000005,8659.9333
2016-07-12,8862.37,8943.06,8943.15,8719.88,151324255.0,csi1000,中证1000,8669.068000000001,8588.392,8343.455833333333,8167.271500000001,8669.4741
2016-07-13,8963.44,9023.24,9042.07,8926.76,153686181.0,csi1000,中证1000,8703.203,8612.4228,8346.491666666667,8174.4839999999995,8677.08725
2016-07-14,9011.39,9042.76,9044.02,8976.52,131381190.0,csi1000,中证1000,8737.4395,8636.7464,8351.940166666667,8184.27225,8685.15785
2016-07-15,9039.88,8982.89,9048.35,8952.61,123145606.0,csi1000,中证1000,8765.8585,8658.7864,8355.746666666668,8191.955666666667,8692.2913
2016-07-18,8962.96,8937.86,8990.29,8881.5,119175003.0,csi1000,中证1000,8789.855,8696.268,8366.174333333334,8196.534666666666,8697.7412
2016-07-19,8928.64,8996.83,8996.96,8883.77,111464506.0,csi1000,中证1000,8822.158500000001,8734.597600000001,8379.479666666668,8202.163333333334,8703.32115
2016-07-20,8999.11,8997.89,9044.37,8976.0,113691762.0,csi1000,中证1000,8846.376,8760.8916,8391.404166666667,8210.941,8709.19025
2016-07-21,8991.33,9007.55,9065.69,8964.62,123864175.0,csi1000,中证1000,8871.9645,8786.8724,8404.322,8218.718166666667,8714.5839
2016-07-22,9002.09,8931.97,9022.06,8925.94,119719642.0,csi1000,中证1000,8897.122,8807.5708,8414.131166666666,8224.980416666667,8721.042899999999
2016-07-25,8911.94,8925.34,8969.6,8875.78,110849151.0,csi1000,中证1000,8911.081,8826.2672,8424.1625,8236.47875,8726.4715
2016-07-26,8922.75,9035.56,9035.88,8922.75,108617970.0,csi1000,中证1000,8926.349,8853.6592,8436.3625,8249.552166666666,8733.045900000001
2016-07-27,9037.5,8602.92,9046.09,8488.96,183550034.0,csi1000,中证1000,8919.204000000002,8857.2344,8441.549500000001,8262.069,8737.42295
2016-07-28,8580.09,8571.56,8636.49,8431.12,124905321.0,csi1000,中证1000,8910.727,8860.265599999999,8441.765833333333,8271.950666666668,8739.99935
2016-07-29,8565.25,8501.09,8584.64,8457.97,93736940.0,csi1000,中证1000,8900.255500000001,8863.1564,8440.698833333334,8282.021333333332,8741.6028
2016-08-01,8462.91,8363.61,8462.91,8263.36,92963396.0,csi1000,中证1000,8874.7325,8851.8544,8436.28,8288.584166666666,8740.8077
2016-08-02,8353.42,8445.78,8446.36,8353.14,74035892.0,csi1000,中证1000,8851.2795,8840.4776,8439.109166666667,8295.3785,8739.78135
2016-08-03,8431.52,8482.2,8491.26,8412.78,90593224.0,csi1000,中证1000,8828.0325,8829.9328,8448.51,8301.001833333334,8739.5187
2016-08-04,8474.26,8553.01,8564.84,8447.36,96134386.0,csi1000,中证1000,8807.969000000001,8822.4092,8459.415833333334,8307.954333333333,8738.24145
2016-08-05,8545.86,8505.36,8571.18,8498.59,92599575.0,csi1000,中证1000,8786.274,8814.202800000001,8470.772166666668,8314.445916666666,8736.05315
2016-08-08,8480.79,8607.4,8607.45,8426.64,94418365.0,csi1000,中证1000,8772.893999999998,8803.536,8483.863666666666,8318.927666666666,8734.413199999999
2016-08-09,8601.84,8699.39,8699.69,8596.79,111616974.0,csi1000,中证1000,8760.7105,8794.918,8498.7375,8323.071333333333,8732.32745
2016-08-10,8694.38,8671.78,8725.45,8668.06,107888605.0,csi1000,中证1000,8743.1375,8783.903600000001,8510.581333333334,8327.201666666668,8732.978299999999
2016-08-11,8647.12,8531.69,8667.25,8531.69,101674089.0,csi1000,中证1000,8717.583999999999,8767.0,8520.0845,8329.638583333333,8731.16295
2016-08-12,8515.52,8615.05,8615.2,8507.65,89999874.0,csi1000,中证1000,8699.192,8754.0316,8535.136166666667,8331.365249999999,8728.325449999998
2016-08-15,8628.63,8807.83,8821.69,8590.06,147277987.0,csi1000,中证1000,8692.6905,8751.344799999999,8552.478,8335.119166666665,8726.050150000001
2016-08-16,8813.21,8877.07,8903.49,8812.6,139697287.0,csi1000,中证1000,8686.7025,8748.7052,8569.427,8339.38925,8723.70565
2016-08-17,8867.46,8911.75,8933.03,8846.32,125914786.0,csi1000,中证1000,8682.395499999999,8744.2456,8584.6965,8349.465583333333,8722.60505
2016-08-18,8899.19,8908.32,8942.57,8880.26,135852418.0,csi1000,中证1000,8677.434,8738.868,8601.273833333333,8359.811416666667,8721.0737
2016-08-19,8895.3,8923.36,8945.17,8864.07,113786262.0,csi1000,中证1000,8677.0035,8736.486799999999,8618.501,8374.30875,8719.74915
2016-08-22,8921.91,8810.84,8939.7,8809.22,116515710.0,csi1000,中证1000,8671.2785,8731.405999999999,8633.1905,8386.523333333334,8719.07995
2016-08-23,8796.5,8820.21,8847.65,8756.92,102217501.0,csi1000,中证1000,8660.511,8724.3412,8648.313,8395.759333333333,8718.5589
2016-08-24,8824.72,8850.51,8892.08,8815.47,96568449.0,csi1000,中证1000,8672.8905,8718.446,8664.694833333333,8405.120583333333,8715.82725
2016-08-25,8799.76,8784.58,8799.76,8681.19,109264243.0,csi1000,中证1000,8683.5415,8709.5272,8674.478500000001,8416.502083333333,8712.7929
2016-08-26,8799.49,8814.46,8883.77,8794.91,101766106.0,csi1000,中证1000,8699.21,8704.8268,8683.544166666667,8426.618916666666,8708.7188
2016-08-29,8808.73,8836.99,8860.04,8798.06,92119543.0,csi1000,中证1000,8722.879,8701.2928,8691.336833333333,8436.338083333334,8703.8236
2016-08-30,8842.42,8838.46,8886.01,8822.25,91810803.0,csi1000,中证1000,8742.513,8693.4088,8698.781833333333,8447.4905,8698.4597
2016-08-31,8833.21,8838.38,8844.47,8772.95,89379217.0,csi1000,中证1000,8760.322,8702.8272,8705.713666666667,8459.671166666667,8692.14905
2016-09-01,8831.6,8770.75,8851.75,8770.75,98825372.0,csi1000,中证1000,8771.208999999999,8710.7948,8711.315,8471.514333333333,8685.3274
2016-09-02,8750.94,8724.94,8790.0,8675.92,92456764.0,csi1000,中证1000,8782.188,8719.7488,8716.199166666667,8480.554416666666,8679.278250000001
2016-09-05,8743.74,8761.96,8804.77,8739.65,88919083.0,csi1000,中证1000,8789.916000000001,8735.6828,8728.884833333334,8490.47225,8672.114150000001
2016-09-06,8761.42,8906.87,8907.17,8689.65,115145508.0,csi1000,中证1000,8800.289999999999,8754.126400000001,8743.356166666666,8502.327583333334,8666.101499999999
2016-09-07,8908.51,8897.8,8959.99,8886.79,125540068.0,csi1000,中证1000,8811.591,8770.750399999999,8752.643833333334,8511.643583333333,8660.9472
2016-09-08,8888.01,8938.43,8939.42,8880.4,104444233.0,csi1000,中证1000,8831.928,8786.1672,8762.317166666668,8518.653833333334,8654.4626
2016-09-09,8934.27,8872.31,8958.51,8872.31,108190052.0,csi1000,中证1000,8844.791000000001,8800.8452,8769.947166666669,8523.206583333333,8646.6224
2016-09-12,8705.75,8587.4,8737.99,8585.87,117367564.0,csi1000,中证1000,8833.769499999999,8800.0452,8772.105000000001,8525.508166666667,8637.8523
2016-09-13,8635.58,8656.68,8664.91,8595.5,88810715.0,csi1000,中证1000,8822.75,8798.336800000001,8777.203666666666,8527.575166666667,8628.8377
2016-09-14,8612.7,8618.15,8664.1,8579.35,85065787.0,csi1000,中证1000,8808.07,8796.1916,8778.947166666667,8530.396,8618.446899999999
2016-09-19,8630.65,8716.49,8716.98,8630.65,79058353.0,csi1000,中证1000,8798.478500000001,8803.5836,8782.625666666667,8533.506416666667,8608.9252
2016-09-20,8721.38,8712.28,8724.89,8685.97,80607041.0,csi1000,中证1000,8787.9245,8807.4728,8787.35,8536.952249999998,8602.8191
2016-09-21,8705.25,8732.0,8756.13,8704.93,76784213.0,csi1000,中证1000,8783.9825,8804.4396,8788.780666666666,8542.060583333332,8596.47315
2016-09-22,8779.89,8770.09,8801.57,8760.15,91791037.0,csi1000,中证1000,8781.4765,8800.1604,8789.4455,8544.822333333334,8590.54755
2016-09-23,8773.9,8729.61,8781.25,8728.06,89465761.0,csi1000,中证1000,8775.431499999999,8792.8748,8789.175333333334,8547.175916666667,8585.08535
2016-09-26,8711.88,8544.18,8712.23,8544.18,96348977.0,csi1000,中证1000,8763.4115,8778.3092,8785.893333333333,8548.466666666667,8577.2918
2016-09-27,8521.01,8604.1,8604.55,8477.8,82333482.0,csi1000,中证1000,8752.8935,8765.5388,8784.119666666667,8548.203583333334,8569.90445
2016-09-28,8604.24,8592.13,8613.14,8575.03,75728268.0,csi1000,中证1000,8740.6505,8756.7904,8779.420666666667,8547.377750000001,8561.675
2016-09-29,8597.29,8618.61,8651.21,8597.25,76203282.0,csi1000,中证1000,8729.658,8748.7264,8774.4835,8547.953583333334,8554.47935
2016-09-30,8607.97,8661.02,8669.15,8606.38,71987186.0,csi1000,中证1000,8720.789999999999,8741.1468,8769.714833333333,8549.427333333333,8547.6135
2016-10-10,8699.71,8842.82,8843.03,8687.75,104310238.0,csi1000,中证1000,8724.3935,8743.4764,8767.857166666667,8550.805750000001,8541.65035
2016-10-11,8845.23,8903.46,8903.88,8834.12,104427883.0,csi1000,中证1000,8733.3195,8747.0364,8767.2605,8553.264833333333,8536.43705
2016-10-12,8879.66,8915.44,8915.91,8862.01,102626587.0,csi1000,中证1000,8740.9935,8750.1744,8767.9345,8554.8115,8530.41975
2016-10-13,8914.56,8929.51,8952.76,8905.26,106486982.0,csi1000,中证1000,8742.1255,8753.8164,8767.708666666667,8555.58225,8523.67495
2016-10-14,8913.74,8913.7,8918.77,8845.37,102099828.0,csi1000,中证1000,8742.9205,8756.8292,8765.883,8556.187333333333,8516.372299999999
2016-10-17,8922.13,8832.09,8940.04,8802.8,106112258.0,csi1000,中证1000,8737.603500000001,8759.2828,8762.371833333333,8557.155999999999,8507.132950000001
2016-10-18,8822.79,8966.69,8966.69,8822.79,105622596.0,csi1000,中证1000,8742.3225,8768.952800000001,8762.101833333332,8558.92425,8498.81655
2016-10-19,8976.85,8954.2,8992.07,8926.89,108631275.0,csi1000,中证1000,8760.6625,8776.6424,8762.374166666666,8564.274249999999,8490.0895
2016-10-20,8957.47,8995.41,9006.84,8953.29,116412953.0,csi1000,中证1000,8777.599,8780.184000000001,8762.3505,8570.915083333333,8481.02035
2016-10-21,8987.24,8943.01,8991.04,8857.1,111821512.0,csi1000,中证1000,8793.842,8781.9924,8761.435833333333,8576.42,8472.5446
2016-10-24,8940.54,9000.7,9010.23,8918.21,111382659.0,csi1000,中证1000,8808.0525,8784.4832,8761.321666666665,8582.821833333333,8464.38215
2016-10-25,9003.38,9039.48,9039.95,9001.11,114219919.0,csi1000,中证1000,8824.4125,8791.170000000002,8763.113500000001,8588.622333333333,8455.944599999999
2016-10-26,9041.93,9000.76,9042.36,8966.46,124162316.0,csi1000,中证1000,8837.8505,8807.704399999999,8764.370499999999,8594.2665,8448.3716
2016-10-27,8989.7,8997.02,8997.86,8956.63,101499118.0,csi1000,中证1000,8849.197,8821.318000000001,8763.728166666666,8600.045333333333,8440.08815
2016-10-28,8988.22,8914.62,9006.22,8913.06,112402190.0,csi1000,中证1000,8858.4475,8833.176800000001,8768.923166666667,8605.236333333332,8430.62775
2016-10-31,8893.29,8910.51,8920.66,8841.15,101155494.0,csi1000,中证1000,8876.764,8840.9376,8774.572333333334,8608.169083333334,8422.108400000001
2016-11-01,8914.68,9006.79,9006.79,8914.58,106559327.0,csi1000,中证1000,8896.8985,8852.718,8783.000666666667,8611.84975,8418.66815
2016-11-02,8990.47,8946.74,9006.79,8939.55,121370925.0,csi1000,中证1000,8914.629,8861.307600000002,8792.719500000001,8614.499749999999,8416.14165
2016-11-03,8922.04,9004.85,9055.51,8914.68,135517866.0,csi1000,中证1000,8933.941,8870.697999999999,8802.037333333334,8620.57325,8412.618050000001
2016-11-04,9000.49,8979.93,9040.35,8960.58,119656585.0,csi1000,中证1000,8949.8865,8880.7108,8810.332833333332,8629.421416666668,8413.23525
2016-11-07,8981.43,8975.57,9002.59,8946.76,115234303.0,csi1000,中证1000,8956.524000000001,8897.9664,8817.3755,8638.395666666667,8413.73185
2016-11-08,8996.91,9030.73,9042.72,8988.38,112032650.0,csi1000,中证1000,8962.8875,8915.0316,8826.131666666666,8648.451916666667,8417.8599
2016-11-09,9027.95,8967.6,9038.98,8853.89,143021034.0,csi1000,中证1000,8965.4955,8930.0504,8832.135,8657.999333333333,8421.758100000001
2016-11-10,9028.67,9083.84,9084.76,9028.67,139759125.0,csi1000,中证1000,8973.212,8948.6596,8838.5425,8668.640000000001,8427.9967
2016-11-11,9080.44,9121.51,9121.61,9064.25,146580053.0,csi1000,中证1000,8983.6025,8967.0792,8846.038,8678.309666666666,8432.81555
2016-11-14,9105.93,9152.17,9162.3,9093.46,147471690.0,csi1000,中证1000,8999.6065,8979.4532,8856.379333333334,8688.231916666666,8439.235550000001
2016-11-15,9152.19,9197.86,9198.24,9123.28,132372898.0,csi1000,中证1000,9011.164999999999,8991.2292,8866.092833333334,8700.6145,8444.92045
2016-11-16,9208.49,9211.95,9236.68,9202.18,138225702.0,csi1000,中证1000,9024.052500000002,9003.0896,8872.828166666666,8712.653083333333,8449.0383
2016-11-17,9197.92,9174.44,9198.09,9131.9,118432469.0,csi1000,中证1000,9033.004,9012.8868,8877.784333333333,8723.605666666666,8453.30355
2016-11-18,9176.33,9146.21,9191.47,9132.73,112850683.0,csi1000,中证1000,9043.164,9022.1872,8881.692000000001,8733.19425,8459.31175
2016-11-21,9138.06,9167.49,9181.96,9135.2,106921569.0,csi1000,中证1000,9051.5035,9035.603200000001,8886.011499999999,8743.642666666665,8464.777750000001
2016-11-22,9176.55,9244.21,9244.55,9174.56,117043710.0,csi1000,中证1000,9061.74,9046.704,8891.359,8754.93,8470.0963
2016-11-23,9250.04,9180.01,9257.17,9161.52,124025602.0,csi1000,中证1000,9070.7025,9055.7364,8897.511833333334,8765.351166666665,8478.26865
2016-11-24,9166.58,9116.57,9185.55,9096.0,112366061.0,csi1000,中证1000,9076.68,9060.5828,8902.451166666666,8775.382083333334,8486.51775
2016-11-25,9109.17,9134.82,9134.82,8957.16,109498272.0,csi1000,中证1000,9087.69,9068.2552,8907.189666666667,8785.94225,8496.68735
2016-11-28,9148.96,9133.91,9163.65,9121.59,103632039.0,csi1000,中证1000,9098.86,9073.5836,8913.011833333332,8793.745166666666,8505.428100000001
2016-11-29,9120.59,9031.29,9132.16,9031.29,110035443.0,csi1000,中证1000,9100.085,9073.256,8916.625666666667,8800.084916666667,8514.121500000001
2016-11-30,9013.15,9014.91,9053.17,8983.7,93976147.0,csi1000,中证1000,9103.4935,9073.822,8919.591000000002,8805.463916666666,8521.315700000001
2016-12-01,9021.97,9055.99,9056.24,9021.97,87812641.0,csi1000,中证1000,9106.0505,9076.1808,8923.2165,8810.999166666668,8528.44335
2016-12-02,9056.01,8900.41,9060.63,8900.41,100572332.0,csi1000,中证1000,9102.074499999999,9075.6124,8924.250333333333,8814.982,8533.9084
2016-12-05,8818.61,8851.52,8908.11,8793.09,83782214.0,csi1000,中证1000,9095.872,9073.252799999998,8925.596500000001,8818.45575,8539.57245
2016-12-06,8865.34,8871.73,8896.55,8853.91,73750645.0,csi1000,中证1000,9087.922,9067.850400000001,8928.043,8822.121083333333,8545.29925
2016-12-07,8870.3,8969.14,8969.34,8855.41,83649893.0,csi1000,中证1000,9087.999,9068.746399999998,8931.496000000001,8830.190416666666,8549.797
2016-12-08,8973.1,8914.51,8974.18,8908.31,85521811.0,csi1000,中证1000,9079.532500000001,9065.1328,8931.623333333333,8837.48975,8553.3588
2016-12-09,8903.74,8881.34,8920.31,8864.07,83459736.0,csi1000,中证1000,9067.524000000001,9061.189199999999,8931.348999999998,8841.996416666667,8556.8848
2016-12-12,8875.59,8397.48,8879.45,8391.03,124182101.0,csi1000,中证1000,9029.789499999999,9038.0656,8922.333166666669,8842.325166666667,8557.6759
2016-12-13,8371.37,8433.59,8458.32,8299.28,90004166.0,csi1000,中证1000,8991.576,9014.18,8915.021166666667,8842.484166666667,8557.8046
2016-12-14,8416.98,8378.06,8464.95,8339.6,89861967.0,csi1000,中证1000,8949.8815,8990.598399999999,8911.532166666666,8841.818583333334,8557.9081
2016-12-15,8347.61,8467.71,8516.85,8340.85,87825641.0,csi1000,中证1000,8914.545,8965.9532,8908.382666666668,8842.793166666668,8558.42335
2016-12-16,8470.54,8559.99,8565.79,8466.35,87829367.0,csi1000,中证1000,8885.234,8943.4924,8907.413333333334,8843.180250000001,8562.710350000001
2016-12-19,8554.96,8551.33,8556.44,8521.12,83590215.0,csi1000,中证1000,8854.426,8919.4588,8904.660666666667,8843.643166666667,8567.1329
2016-12-20,8543.87,8546.19,8561.34,8509.59,77659679.0,csi1000,中证1000,8819.525,8893.392,8901.8925,8844.62125,8573.945450000001
2016-12-21,8558.28,8609.41,8609.67,8558.28,81903836.0,csi1000,中证1000,8790.994999999999,8869.2904,8899.849333333334,8844.315,8580.26705
2016-12-22,8602.35,8607.95,8618.37,8560.97,80737036.0,csi1000,中证1000,8765.564,8846.6308,8897.147,8843.296250000001,8584.747350000001
2016-12-23,8602.67,8509.36,8609.79,8502.05,79636353.0,csi1000,中证1000,8734.291,8821.156799999999,8893.476166666667,8841.32575,8588.65835
2016-12-26,8472.45,8547.1,8547.25,8380.69,76270136.0,csi1000,中证1000,8704.950499999999,8796.3412,8893.524833333333,8839.709083333331,8594.29985
2016-12-27,8541.0,8555.99,8575.38,8534.15,73504220.0,csi1000,中证1000,8681.185500000001,8768.8124,8892.723,8838.421333333332,8599.0776
2016-12-28,8551.22,8521.38,8568.13,8507.89,75672018.0,csi1000,中证1000,8656.509,8742.4672,8891.543833333333,8835.482250000001,8603.33105
2016-12-29,8505.46,8488.3,8551.19,8484.44,70069228.0,csi1000,中证1000,8628.124500000002,8717.336399999998,8889.372000000001,8831.92775,8608.271700000001
2016-12-30,8487.15,8490.86,8516.61,8466.74,68994180.0,csi1000,中证1000,8607.647,8691.578000000001,8886.536,8828.125416666668,8613.8425
2017-01-03,8503.66,8565.14,8565.34,8503.66,72674829.0,csi1000,中证1000,8593.328,8668.8272,8881.908,8824.882583333334,8619.92035
2017-01-04,8567.23,8669.95,8670.16,8554.13,94103352.0,csi1000,中证1000,8583.239,8654.373599999999,8878.016166666666,8822.638333333334,8625.069449999999
2017-01-05,8665.23,8670.76,8694.44,8657.74,94888573.0,csi1000,中证1000,8568.32,8640.6076,8873.938166666667,8820.936333333335,8630.56415
2017-01-06,8661.69,8609.9,8666.66,8603.91,97656020.0,csi1000,中证1000,8553.0895,8622.764000000001,8868.611333333332,8818.16,8636.1925
2017-01-09,8595.91,8653.85,8654.13,8578.99,89797119.0,csi1000,中证1000,8541.715,8612.901600000001,8864.2805,8815.081750000001,8640.56235
2017-01-10,8646.08,8609.55,8666.9,8604.12,89114428.0,csi1000,中证1000,8552.3185,8603.2228,8860.5715,8811.471666666668,8643.1241
2017-01-11,8592.75,8519.84,8619.64,8514.63,85553215.0,csi1000,中证1000,8556.631,8589.1472,8853.124,8807.612916666667,8644.093400000002
2017-01-12,8509.53,8443.26,8536.59,8433.78,79330448.0,csi1000,中证1000,8559.891,8568.112000000001,8844.608333333334,8803.49125,8644.75365
2017-01-13,8434.0,8286.24,8444.98,8277.79,79257182.0,csi1000,中证1000,8550.8175,8542.9812,8832.788833333332,8797.569666666668,8644.14165
2017-01-16,8263.2,7931.96,8263.98,7715.43,106208207.0,csi1000,中证1000,8519.416000000001,8505.006,8815.938,8788.686916666666,8642.4032
2017-01-17,7900.93,8028.65,8031.99,7808.21,77390492.0,csi1000,中证1000,8493.282000000001,8490.2528,8799.737166666666,8780.529416666666,8640.83025
2017-01-18,8009.51,7989.14,8036.38,7972.29,64076272.0,csi1000,中证1000,8465.429500000002,8472.4748,8782.2315,8772.672499999999,8639.282050000002
2017-01-19,7966.47,7955.39,8000.82,7927.71,60107254.0,csi1000,中证1000,8432.728500000001,8455.568000000001,8764.808666666668,8764.589583333332,8638.464
2017-01-20,7945.19,8087.77,8102.39,7944.39,65199868.0,csi1000,中证1000,8406.7195,8440.3704,8749.6545,8756.691333333332,8636.70945
2017-01-23,8100.04,8169.11,8185.73,8100.04,68353735.0,csi1000,中证1000,8389.707,8424.735200000001,8737.229333333333,8753.076250000002,8635.3191
2017-01-24,8160.78,8123.59,8163.78,8115.13,62916847.0,csi1000,中证1000,8368.531500000001,8407.625600000001,8724.114,8749.343166666666,8633.9906
2017-01-25,8107.67,8150.6,8160.44,8099.99,54697164.0,csi1000,中证1000,8348.262,8391.802,8709.844166666668,8746.422416666666,8631.56525
2017-01-26,8157.02,8205.87,8206.01,8157.02,50228165.0,csi1000,中证1000,8332.4865,8375.6604,8697.496333333334,8745.107916666666,8629.13845
2017-02-03,8212.41,8182.28,8217.69,8157.67,45388793.0,csi1000,中证1000,8317.1855,8358.6336,8683.786833333334,8742.912083333333,8627.3023
2017-02-06,8181.91,8280.01,8280.01,8175.46,64263077.0,csi1000,中证1000,8306.643,8349.4596,8672.1215,8741.227166666667,8626.281500000001
2017-02-07,8271.76,8282.38,8295.99,8233.8,74017381.0,csi1000,中证1000,8292.505000000001,8338.870799999999,8660.568333333333,8738.971916666667,8624.30635
2017-02-08,8267.79,8342.43,8342.52,8226.58,78238751.0,csi1000,中证1000,8276.129,8330.3284,8649.096666666666,8737.614166666668,8622.97665
2017-02-09,8338.0,8410.26,8411.14,8330.8,91724775.0,csi1000,中证1000,8263.104000000001,8325.8836,8639.807666666668,8735.971333333333,8621.37875
2017-02-10,8404.51,8380.79,8414.18,8374.53,98085517.0,csi1000,中证1000,8251.6485,8321.583200000001,8628.090166666667,8733.316333333332,8619.097600000001
2017-02-13,8373.75,8432.96,8433.32,8363.25,89710927.0,csi1000,中证1000,8240.604000000001,8319.2672,8616.614333333333,8731.326166666668,8617.05695
2017-02-14,8427.7,8423.84,8433.14,8399.06,84401361.0,csi1000,中证1000,8231.318500000001,8313.6152,8604.475499999999,8730.427416666667,8615.596899999999
2017-02-15,8415.57,8344.07,8434.52,8331.36,96558303.0,csi1000,中证1000,8222.53,8300.58,8590.245666666666,8728.16925,8613.54475
2017-02-16,8333.81,8397.56,8401.71,8329.71,89653901.0,csi1000,中证1000,8220.244999999999,8289.652,8576.672499999999,8724.750333333333,8613.97155
2017-02-17,8390.12,8324.42,8401.07,8307.23,99137008.0,csi1000,中证1000,8222.153999999999,8278.2328,8562.505500000001,8720.144916666666,8614.6011
2017-02-20,8318.28,8397.24,8397.43,8312.56,93649509.0,csi1000,中证1000,8245.418,8267.9684,8550.022666666666,8715.857333333333,8615.1752
2017-02-21,8399.04,8479.61,8479.61,8393.54,103682214.0,csi1000,中证1000,8267.966,8262.7708,8538.557999999999,8712.28475,8616.41085
2017-02-22,8477.75,8510.31,8510.42,8457.63,104126870.0,csi1000,中证1000,8294.0245,8262.3896,8526.326333333334,8708.842666666667,8617.2453
2017-02-23,8507.96,8512.71,8515.45,8460.44,113484936.0,csi1000,中证1000,8321.8905,8265.1676,8515.204666666667,8706.35825,8618.19155
2017-02-24,8500.7,8543.45,8544.32,8487.5,94768417.0,csi1000,中证1000,8344.674500000001,8275.456,8505.652666666667,8704.051916666667,8619.391
2017-02-27,8534.72,8476.91,8546.62,8470.75,90304755.0,csi1000,中证1000,8360.0645,8297.254,8494.6875,8700.938583333333,8620.31705
2017-02-28,8470.44,8508.09,8508.35,8460.48,81385427.0,csi1000,中证1000,8379.2895,8316.4316,8484.257166666668,8698.6345,8620.0646
2017-03-01,8497.89,8526.47,8548.82,8491.74,93476812.0,csi1000,中证1000,8398.083,8337.9248,8475.843499999999,8696.234583333333,8619.8714
2017-03-02,8529.58,8471.44,8539.11,8467.39,90446682.0,csi1000,中证1000,8411.3615,8358.566799999999,8466.785666666667,8693.188333333334,8619.0849
2017-03-03,8450.97,8505.45,8509.88,8425.38,85758079.0,csi1000,中证1000,8427.52,8375.274,8457.61,8690.41325,8620.232
2017-03-06,8513.21,8608.15,8608.4,8513.21,89786243.0,csi1000,中证1000,8443.927,8392.835599999999,8452.739,8688.494666666667,8623.681999999999
2017-03-07,8614.85,8624.47,8625.52,8574.29,94884636.0,csi1000,中证1000,8461.0315,8412.870799999999,8448.954833333333,8687.275666666666,8627.31105
2017-03-08,8622.11,8589.87,8624.44,8563.96,85651452.0,csi1000,中证1000,8473.4035,8430.4416,8444.257166666666,8686.150083333334,8631.140500000001
2017-03-09,8578.89,8535.56,8579.25,8513.65,87844316.0,csi1000,中证1000,8479.6685,8443.6292,8437.030833333332,8684.263416666667,8634.70875
2017-03-10,8526.54,8537.78,8561.52,8519.67,75282220.0,csi1000,中证1000,8487.518,8457.849199999999,8430.752,8681.187666666667,8638.36285
2017-03-13,8529.17,8598.52,8598.52,8477.7,81584816.0,csi1000,中证1000,8495.796,8470.589600000001,8426.038333333334,8678.693666666666,8641.5497
2017-03-14,8604.77,8581.71,8618.29,8563.61,83475898.0,csi1000,中证1000,8503.689499999999,8482.5628,8429.108833333334,8675.721,8644.650749999999
2017-03-15,8563.47,8574.03,8582.9,8540.1,82728825.0,csi1000,中证1000,8515.1875,8491.8268,8431.449499999999,8673.235333333334,8648.96115
2017-03-16,8582.96,8664.98,8664.98,8582.96,96216896.0,csi1000,中证1000,8528.558500000001,8502.0156,8436.2315,8673.881833333335,8653.44945
2017-03-17,8671.52,8603.87,8704.85,8601.57,107253153.0,csi1000,中证1000,8542.530999999999,8510.9388,8438.500833333334,8673.44175,8657.168150000001
2017-03-20,8594.71,8634.84,8635.08,8569.83,92282683.0,csi1000,中证1000,8554.411,8519.014000000001,8439.748333333333,8673.580833333333,8660.36445
2017-03-21,8629.06,8639.57,8640.1,8607.66,81416937.0,csi1000,中证1000,8562.409,8527.6432,8441.219000000001,8672.939833333332,8663.9939
2017-03-22,8604.61,8592.51,8625.41,8547.05,92984855.0,csi1000,中证1000,8566.519,8537.5808,8441.991,8671.94175,8667.5078
2017-03-23,8592.34,8590.96,8624.07,8500.52,100487706.0,csi1000,中证1000,8570.4315,8545.3168,8441.683500000001,8670.766416666667,8670.81525
2017-03-24,8583.95,8602.29,8606.61,8552.68,93303695.0,csi1000,中证1000,8573.3735,8556.4316,8441.589166666667,8669.368083333333,8674.2624
2017-03-27,8603.23,8586.91,8611.4,8570.86,90339837.0,csi1000,中证1000,8578.8735,8564.018399999999,8442.881666666666,8668.178916666666,8677.85895
2017-03-28,8579.05,8558.07,8591.84,8546.12,83218324.0,csi1000,中证1000,8581.3725,8567.1568,8443.0645,8668.294666666667,8679.6615
2017-03-29,8555.99,8488.22,8565.86,8484.74,97931194.0,csi1000,中证1000,8579.46,8566.2732,8441.935000000001,8667.329,8680.75
2017-03-30,8471.24,8315.04,8473.34,8303.0,113802456.0,csi1000,中证1000,8571.64,8558.3664,8438.496000000001,8665.019916666666,8680.47805
2017-03-31,8314.08,8339.15,8351.42,8291.69,89185469.0,csi1000,中证1000,8563.325,8550.1944,8436.010166666667,8662.691083333333,8680.215
2017-04-05,8369.39,8522.01,8522.01,8369.39,104236897.0,csi1000,中证1000,8559.018,8551.9984,8436.529333333334,8661.532666666668,8680.7127
2017-04-06,8531.2,8543.66,8557.52,8514.09,103718630.0,csi1000,中证1000,8554.9775,8553.4212,8436.171333333334,8659.039666666667,8681.25765
2017-04-07,8539.14,8544.75,8567.8,8523.3,104429268.0,csi1000,中证1000,8552.7215,8554.152399999999,8434.084666666668,8656.050416666667,8681.821950000001
2017-04-10,8522.92,8449.16,8523.4,8439.31,116716199.0,csi1000,中证1000,8548.4015,8553.2612,8430.391333333333,8652.16475,8684.06365
2017-04-11,8432.47,8514.44,8514.44,8373.84,134251475.0,csi1000,中证1000,8547.2345,8553.620799999999,8428.800333333333,8648.705833333333,8686.4429
2017-04-12,8505.7,8444.39,8505.92,8439.44,126675246.0,csi1000,中证1000,8539.528,8547.0704,8425.309333333333,8644.794916666668,8686.96215
2017-04-13,8429.73,8470.31,8490.86,8423.3,106494465.0,csi1000,中证1000,8533.958,8540.904,8422.988666666666,8641.780083333333,8687.52355
2017-04-14,8460.64,8345.65,8463.06,8338.87,104302848.0,csi1000,中证1000,8522.539,8531.1352,8420.0855,8636.60475,8687.179250000001
2017-04-17,8309.78,8220.66,8309.78,8183.07,92375203.0,csi1000,中证1000,8500.323,8518.539200000001,8416.3755,8630.491916666668,8685.9929
2017-04-18,8216.21,8136.41,8247.05,8133.05,86728419.0,csi1000,中证1000,8476.95,8502.484400000001,8413.878333333334,8623.333583333333,8684.92115
2017-04-19,8101.8,8033.5,8101.8,7939.29,96674578.0,csi1000,中证1000,8446.883,8479.8836,8415.570666666667,8615.754333333334,8682.52095
2017-04-20,8021.06,7987.65,8059.11,7925.3,80173877.0,csi1000,中证1000,8414.287,8456.1212,8414.887333333334,8607.31225,8679.980300000001
2017-04-21,7984.47,7945.39,8014.83,7938.32,68609374.0,csi1000,中证1000,8381.931,8430.9756,8414.158166666666,8598.194833333333,8677.56315
2017-04-24,7921.42,7698.28,7921.42,7698.1,79123069.0,csi1000,中证1000,8337.297,8392.3076,8409.873,8587.340833333334,8672.82375
2017-04-25,7699.98,7724.0,7779.67,7691.32,69817708.0,csi1000,中证1000,8293.3825,8357.1128,8403.810166666668,8576.732333333333,8667.79275
2017-04-26,7721.66,7751.94,7763.07,7718.76,72124687.0,csi1000,中证1000,8251.634,8321.7968,8396.857333333333,8567.043333333333,8662.82335
2017-04-27,7737.07,7799.12,7810.11,7593.02,98167781.0,csi1000,中证1000,8213.6865,8288.1788,8391.4495,8557.78175,8658.113449999999
2017-04-28,7777.75,7842.08,7842.11,7768.05,73216270.0,csi1000,中证1000,8181.3795,8258.1616,8386.307499999999,8548.075833333332,8653.77125
2017-05-02,7831.44,7845.47,7851.41,7811.84,70339042.0,csi1000,中证1000,8157.901,8228.341999999999,8380.300833333333,8538.898583333334,8648.62825
2017-05-03,7832.02,7830.64,7860.3,7796.82,79325256.0,csi1000,中证1000,8132.4755000000005,8197.476,8374.440166666667,8529.1135,8643.207250000001
2017-05-04,7804.78,7804.58,7877.32,7763.84,81643054.0,csi1000,中证1000,8096.603999999999,8166.1828000000005,8366.516333333333,8519.318916666667,8637.49445
2017-05-05,7780.14,7700.26,7787.57,7700.21,75760190.0,csi1000,中证1000,8054.433999999999,8131.870400000001,8356.814333333334,8508.691333333332,8631.224349999999
2017-05-08,7679.16,7555.28,7691.48,7555.06,73319729.0,csi1000,中证1000,8004.960499999999,8094.5528,8343.695166666666,8496.395916666666,8624.30445
2017-05-09,7522.22,7602.96,7603.36,7475.41,67280805.0,csi1000,中证1000,7962.650499999999,8066.0696,8330.240166666666,8485.023916666667,8617.944249999999
2017-05-10,7597.77,7451.78,7637.64,7451.36,77301565.0,csi1000,中证1000,7909.517499999999,8030.574799999999,8314.756666666666,8471.423416666667,8610.48785
2017-05-11,7400.42,7387.15,7408.11,7199.41,89986689.0,csi1000,中证1000,7856.655500000001,7985.180399999999,8297.3265,8456.970416666667,8602.3074
2017-05-12,7368.07,7371.3,7395.36,7306.38,68955148.0,csi1000,中证1000,7801.705,7938.286000000001,8279.784166666668,8442.129833333334,8593.9501
2017-05-15,7386.2,7391.61,7425.32,7386.2,62018727.0,csi1000,中证1000,7754.003,7892.160400000001,8263.909833333333,8427.07775,8585.993699999999
2017-05-16,7377.76,7549.77,7549.92,7324.14,87956327.0,csi1000,中证1000,7720.458500000001,7856.1848,8249.78,8413.22625,8579.05325
2017-05-17,7545.21,7570.44,7609.53,7538.67,87397565.0,csi1000,中证1000,7692.160000000001,7818.4248,8237.213666666667,8399.859583333333,8571.9213
2017-05-18,7509.41,7519.19,7581.83,7490.78,76571371.0,csi1000,中证1000,7666.4445000000005,7781.416799999999,8222.5795,8386.301083333334,8564.5278
2017-05-19,7517.13,7510.11,7540.92,7472.28,70235465.0,csi1000,中证1000,7642.5675,7743.0088,8206.421166666667,8372.489583333334,8557.0406
2017-05-22,7500.51,7372.79,7521.63,7354.07,75642748.0,csi1000,中证1000,7613.9375,7704.094399999999,8187.4625,8356.894416666666,8549.244700000001
2017-05-23,7352.25,7138.24,7359.78,7132.31,81300141.0,csi1000,中证1000,7585.9355,7660.7976,8164.554666666666,8339.879666666666,8540.3092
2017-05-24,7099.27,7172.14,7172.66,6996.64,69675338.0,csi1000,中证1000,7558.342500000001,7622.2267999999995,8141.6995,8323.676083333334,8530.9921
2017-05-25,7160.16,7232.63,7241.23,7078.55,78452460.0,csi1000,中证1000,7532.376999999999,7590.191999999999,8120.9615,8307.824499999999,8524.140650000001
2017-05-26,7224.81,7233.34,7265.15,7221.08,73388876.0,csi1000,中证1000,7504.088000000001,7560.0196,8099.715666666666,8291.986416666667,8517.44955
2017-05-31,7303.58,7212.7,7327.32,7211.07,68088164.0,csi1000,中证1000,7472.619000000001,7530.712,8077.8195,8276.8315,8511.007599999999
2017-06-01,7191.69,7016.3,7191.69,7015.87,73048074.0,csi1000,中证1000,7431.160500000001,7503.4328000000005,8053.567166666666,8260.176416666667,8504.27105
2017-06-02,6989.44,7094.43,7105.03,6927.92,72114679.0,csi1000,中证1000,7394.35,7478.25,8030.050166666667,8243.830083333332,8497.5143
2017-06-05,7102.5,7160.53,7172.44,7099.62,63186152.0,csi1000,中证1000,7362.147500000001,7454.593600000001,8005.9231666666665,8229.331083333333,8490.90595
2017-06-06,7147.17,7197.62,7198.3,7136.46,61678299.0,csi1000,中证1000,7337.0154999999995,7430.5336,7982.142333333333,8215.548583333333,8484.129
2017-06-07,7194.69,7347.6,7347.6,7192.86,91546724.0,csi1000,中证1000,7326.6315,7410.7544,7961.437833333333,8202.8475,8478.3402
2017-06-08,7349.93,7342.48,7374.86,7327.07,84987150.0,csi1000,中证1000,7313.6075,7390.6348,7941.553166666667,8189.2919999999995,8472.0156
2017-06-09,7331.5,7348.52,7353.41,7288.32,76717904.0,csi1000,中证1000,7308.4445000000005,7371.3499999999985,7921.732166666668,8176.242083333333,8465.26125
2017-06-12,7314.67,7246.71,7322.47,7241.07,75468498.0,csi1000,中证1000,7301.422499999999,7349.0352,7899.202,8162.620166666666,8458.135900000001
2017-06-13,7234.28,7352.98,7358.43,7232.69,73604184.0,csi1000,中证1000,7300.5065,7335.143999999999,7878.723166666667,8153.916,8452.24235
2017-06-14,7346.52,7362.86,7382.58,7340.7,80236269.0,csi1000,中证1000,7299.069,7327.4472,7858.537,8144.99325,8445.9814
2017-06-15,7350.01,7455.39,7468.21,7348.42,91008686.0,csi1000,中证1000,7294.35,7321.5444,7838.377166666667,8137.3043333333335,8439.2192
2017-06-16,7453.6,7442.95,7463.05,7433.42,78770823.0,csi1000,中证1000,7287.975499999999,7321.1912,7819.028499999999,8128.764666666667,8432.0486
2017-06-19,7435.25,7489.76,7489.82,7435.24,74348242.0,csi1000,中证1000,7286.503999999999,7325.2956,7799.943833333334,8119.846083333334,8424.93865
2017-06-20,7496.89,7503.8,7542.13,7495.72,88753750.0,csi1000,中证1000,7286.188499999999,7330.5956,7781.0143333333335,8111.116666666667,8417.91605
2017-06-21,7510.01,7504.19,7521.21,7456.56,82020574.0,csi1000,中证1000,7292.758499999999,7335.0988,7762.875666666666,8102.433333333333,8410.8202
2017-06-22,7495.92,7371.96,7506.41,7371.96,92135684.0,csi1000,中证1000,7304.4445000000005,7327.9864,7742.558999999999,8092.121249999999,8403.6258
2017-06-23,7355.76,7376.67,7383.93,7262.41,81280141.0,csi1000,中证1000,7314.670999999999,7320.235600000001,7722.132,8081.860583333333,8396.408099999999
2017-06-26,7370.62,7462.1,7462.25,7363.38,75951957.0,csi1000,中证1000,7326.1445,7317.952000000001,7703.385166666668,8073.133416666667,8389.466049999999
2017-06-27,7461.4,7474.03,7493.82,7442.85,75652329.0,csi1000,中证1000,7338.178999999999,7316.5088,7685.3178333333335,8064.191166666667,8382.9133
2017-06-28,7457.36,7423.47,7457.71,7411.38,70053215.0,csi1000,中证1000,7348.717500000001,7318.536000000001,7667.572,8054.7535,8375.958349999999
2017-06-29,7424.97,7456.67,7480.74,7424.97,67297454.0,csi1000,中证1000,7370.736,7331.2732,7653.265833333334,8045.880916666666,8369.05675
2017-06-30,7435.7,7465.76,7473.27,7416.45,64150203.0,csi1000,中证1000,7389.3025,7343.018,7638.709333333333,8037.3597500000005,8362.19325
2017-07-03,7468.15,7537.11,7537.33,7460.44,74486293.0,csi1000,中证1000,7408.1315,7355.1972,7622.294333333333,8029.411833333334,8355.6869
2017-07-04,7533.99,7523.7,7540.94,7506.52,72648178.0,csi1000,中证1000,7424.4355,7366.8116,7605.295,8020.733166666667,8349.45165
2017-07-05,7520.86,7588.09,7588.12,7510.53,82890334.0,csi1000,中证1000,7436.459999999999,7381.8272,7589.350666666666,8011.717666666666,8343.7674
2017-07-06,7583.15,7601.79,7613.26,7543.34,100425646.0,csi1000,中证1000,7449.4255,7405.246800000001,7575.227833333334,8002.809583333334,8337.966550000001
2017-07-07,7585.33,7623.38,7623.5,7576.81,94199614.0,csi1000,中证1000,7463.1685,7426.404800000001,7560.376833333334,7994.588583333333,8331.5491
2017-07-10,7613.31,7577.82,7626.85,7567.1,99698487.0,csi1000,中证1000,7479.724,7443.0964,7545.934,7985.621666666668,8324.949200000001
2017-07-11,7566.41,7484.06,7575.47,7484.06,90991082.0,csi1000,中证1000,7486.278,7454.553999999999,7529.4965,7976.242583333334,8317.677350000002
2017-07-12,7471.56,7474.33,7494.95,7367.26,89792195.0,csi1000,中证1000,7491.8515,7459.623200000001,7514.974499999999,7967.530000000001,8310.68745
2017-07-13,7463.28,7474.3,7494.73,7452.13,81808389.0,csi1000,中证1000,7492.7970000000005,7464.896,7502.535166666667,7959.455333333333,8305.121949999999
2017-07-14,7460.53,7433.18,7465.54,7415.58,73794909.0,csi1000,中证1000,7492.308500000001,7468.282400000001,7490.814666666667,7952.346500000001,8299.00445
2017-07-17,7405.91,7048.54,7405.91,7048.54,116496105.0,csi1000,中证1000,7470.2475,7460.355599999999,7474.398666666666,7944.984666666666,8291.1564
2017-07-18,7013.31,7109.6,7109.94,6988.52,82600121.0,csi1000,中证1000,7450.5375,7450.620400000001,7459.7645,7937.325916666668,8283.12195
2017-07-19,7097.54,7202.81,7202.95,7081.51,101966429.0,csi1000,中证1000,7435.468500000001,7444.2184,7447.388166666667,7930.773166666667,8275.5746
2017-07-20,7199.68,7244.9,7273.98,7192.07,106172491.0,csi1000,中证1000,7429.1155,7435.7988000000005,7439.831833333333,7924.852416666667,8268.1391
2017-07-21,7232.81,7252.71,7268.24,7227.96,100077281.0,csi1000,中证1000,7422.9175000000005,7428.189200000001,7431.977,7917.8935833333335,8260.5522
2017-07-24,7235.01,7292.65,7295.28,7228.84,106202521.0,csi1000,中证1000,7414.445,7420.3048,7424.322166666666,7910.58975,8253.3674
2017-07-25,7281.39,7278.84,7297.11,7237.52,92389196.0,csi1000,中证1000,7404.6855,7411.3064,7415.650833333333,7903.550166666667,8247.0407
2017-07-26,7275.88,7289.88,7290.14,7238.27,96347421.0,csi1000,中证1000,7398.005999999999,7402.734,7406.4475,7896.3775,8240.4696
2017-07-27,7274.15,7383.11,7388.29,7252.46,124169690.0,csi1000,中证1000,7394.3279999999995,7403.18,7398.7415,7889.521166666666,8234.4245
2017-07-28,7366.55,7386.21,7400.37,7361.36,103203280.0,csi1000,中证1000,7390.3505000000005,7403.5616,7391.334333333333,7882.887250000001,8228.2625
2017-07-31,7382.96,7444.96,7445.25,7371.04,119850688.0,csi1000,中证1000,7385.7429999999995,7402.876,7385.340666666667,7875.9285,8222.1822
2017-08-01,7444.75,7452.93,7456.41,7416.97,116322119.0,csi1000,中证1000,7382.2045,7402.031999999999,7381.2185,7869.016416666667,8215.232750000001
2017-08-02,7445.29,7389.51,7453.2,7385.35,122436327.0,csi1000,中证1000,7372.275500000001,7400.6736,7378.455666666666,7861.075416666666,8207.663
2017-08-03,7374.47,7424.11,7451.61,7368.53,114162782.0,csi1000,中证1000,7363.391500000001,7399.3712,7375.474833333333,7852.8575,8200.20635
2017-08-04,7417.31,7389.15,7447.36,7389.15,123600728.0,csi1000,中证1000,7351.68,7396.306799999999,7374.431,7844.593833333333,8192.504550000001
2017-08-07,7379.03,7445.18,7445.68,7379.03,99658818.0,csi1000,中证1000,7345.048,7392.629600000001,7375.398166666667,7836.3623333333335,8185.161950000001
2017-08-08,7446.23,7470.69,7482.25,7423.21,120566699.0,csi1000,中证1000,7344.3795,7390.5092,7377.054666666666,7828.419416666667,8178.35495
2017-08-09,7469.29,7495.39,7495.8,7455.69,113083964.0,csi1000,中证1000,7345.432500000001,7386.8012,7378.784333333333,7821.347083333332,8170.998450000001
2017-08-10,7478.93,7441.24,7499.87,7381.21,115524978.0,csi1000,中证1000,7343.7795,7380.379199999999,7376.9755,7813.37775,8163.43365
2017-08-11,7389.74,7328.4,7425.3,7318.48,117100247.0,csi1000,中证1000,7338.5405,7368.58,7372.941500000001,7805.077583333333,8155.0986
2017-08-14,7331.64,7474.64,7475.2,7331.64,105158120.0,csi1000,中证1000,7359.8455,7364.4528,7372.199,7797.389249999999,8147.75675
2017-08-15,7477.27,7507.29,7507.76,7462.44,101089524.0,csi1000,中证1000,7379.7300000000005,7365.3820000000005,7372.152,7789.2865833333335,8140.289699999999
2017-08-16,7502.57,7544.39,7553.5,7475.2,112649947.0,csi1000,中证1000,7396.808999999999,7368.184399999999,7375.012000000001,7781.237250000001,8132.81425
2017-08-17,7547.78,7614.21,7615.75,7545.63,125774281.0,csi1000,中证1000,7415.2744999999995,7373.7808,7382.944833333333,7773.74975,8125.8815
2017-08-18,7564.98,7576.05,7595.27,7547.67,111948507.0,csi1000,中证1000,7431.441499999999,7379.495599999999,7389.676666666666,7765.688083333333,8118.776650000001
2017-08-21,7583.08,7631.75,7631.95,7583.05,101044855.0,csi1000,中证1000,7448.3965,7402.8240000000005,7396.328666666666,7758.645083333334,8112.3623
2017-08-22,7622.99,7585.11,7622.99,7567.69,102144022.0,csi1000,中证1000,7463.710000000001,7421.844400000001,7402.191500000001,7750.953583333334,8105.735299999999
2017-08-23,7572.08,7534.46,7581.2,7516.69,86378899.0,csi1000,中证1000,7475.939,7435.1104000000005,7407.554166666667,7742.686833333334,8098.3736499999995
2017-08-24,7531.84,7486.06,7540.77,7470.35,84636693.0,csi1000,中证1000,7481.086499999999,7444.7568,7415.3835,7734.475333333334,8091.070250000001
2017-08-25,7483.85,7559.31,7566.03,7483.85,86605024.0,csi1000,中证1000,7489.741499999999,7457.020799999999,7423.1314999999995,7726.590833333334,8083.84255
2017-08-28,7563.54,7642.65,7656.79,7563.54,106388383.0,csi1000,中证1000,7499.626000000001,7471.020799999999,7431.166833333334,7718.545,8077.15615
2017-08-29,7639.01,7623.25,7653.18,7607.19,104143952.0,csi1000,中证1000,7508.142000000002,7484.7972,7438.260666666667,7710.2015,8070.39455
2017-08-30,7618.38,7654.37,7663.33,7618.38,107534864.0,csi1000,中证1000,7521.385,7499.376799999999,7443.3735,7702.4056666666675,8063.51275
2017-08-31,7654.34,7679.87,7680.31,7639.78,102046479.0,csi1000,中证1000,7534.173,7511.247200000001,7448.996666666667,7695.274916666666,8057.074099999999
2017-09-01,7687.84,7739.91,7740.29,7674.2,124204193.0,csi1000,中证1000,7551.711,7525.395199999999,7455.519833333334,7688.626,8050.354450000001
2017-09-04,7739.87,7798.18,7798.51,7730.11,133033942.0,csi1000,中证1000,7569.361,7539.524,7464.711,7681.9565,8043.7378
2017-09-05,7790.7,7800.54,7803.9,7751.47,118988268.0,csi1000,中证1000,7585.8535,7553.4284,7472.1703333333335,7675.44675,8036.979649999999
2017-09-06,7776.99,7858.28,7858.36,7766.04,125957092.0,csi1000,中证1000,7603.998,7572.1792,7480.427333333334,7669.482166666667,8030.28175
2017-09-07,7859.4,7823.4,7886.92,7819.32,130396053.0,csi1000,中证1000,7623.106,7588.1508,7486.560833333333,7662.468999999999,8023.339
2017-09-08,7816.21,7838.8,7861.04,7789.33,115813341.0,csi1000,中证1000,7648.625999999999,7606.1368,7493.158333333334,7656.093416666667,8016.6608
2017-09-11,7835.82,7920.69,7920.86,7832.68,119948688.0,csi1000,中证1000,7670.928499999999,7625.1572,7500.3405,7650.142166666667,8010.5332
2017-09-12,7926.47,7899.42,7965.69,7883.66,155595841.0,csi1000,中证1000,7690.535000000001,7642.306399999999,7506.934166666668,7643.97425,8004.19285
2017-09-13,7888.84,7928.75,7928.95,7872.76,114389441.0,csi1000,中证1000,7709.753,7659.640799999999,7514.010166666668,7638.442916666667,7997.61555
2017-09-14,7930.83,7916.67,7951.84,7885.68,125385871.0,csi1000,中证1000,7724.875999999999,7678.658,7523.0886666666665,7632.823833333333,7991.29885
2017-09-15,7902.2,7880.57,7904.36,7846.92,116482297.0,csi1000,中证1000,7740.102000000001,7700.7447999999995,7531.487,7626.8095,7985.11885
2017-09-18,7870.64,7941.68,7941.94,7870.64,103390755.0,csi1000,中证1000,7755.5985,7719.4264,7539.48,7621.432583333333,7979.153150000001
2017-09-19,7941.07,7905.71,7948.3,7880.96,109775245.0,csi1000,中证1000,7771.628500000001,7735.3632,7546.674666666667,7615.996249999999,7973.01215
2017-09-20,7896.82,7975.39,7975.61,7883.28,116876089.0,csi1000,中证1000,7793.675,7752.6032000000005,7555.873333333333,7611.722666666667,7967.732649999999
2017-09-21,7974.71,7886.52,7981.78,7886.52,116850713.0,csi1000,中证1000,7813.698000000001,7763.495599999999,7563.0375,7608.151666666668,7962.0907
2017-09-22,7860.86,7849.73,7873.25,7807.83,102139599.0,csi1000,中证1000,7828.219,7774.442800000001,7569.437,7604.073166666667,7956.059399999999
2017-09-25,7835.2,7731.8,7843.28,7725.57,91623510.0,csi1000,中证1000,7832.6765,7778.4448,7572.681833333333,7597.488083333334,7950.21635
2017-09-26,7723.11,7746.24,7751.06,7697.11,77843700.0,csi1000,中证1000,7838.825999999999,7784.89,7576.390833333334,7590.8429166666665,7944.68995
2017-09-27,7745.59,7810.23,7812.88,7742.47,81346629.0,csi1000,中证1000,7846.619000000001,7795.9208,7580.0931666666675,7584.721916666666,7939.38245
2017-09-28,7800.13,7768.38,7818.99,7766.86,86698342.0,csi1000,中证1000,7851.044499999999,7807.2136,7582.8696666666665,7579.04875,7933.37865
2017-09-29,7779.88,7842.59,7842.96,7779.88,85523200.0,csi1000,中证1000,7856.1785,7818.5448,7586.523166666666,7573.45,7928.019049999999
2017-10-09,7921.73,7941.18,7945.04,7894.3,102276853.0,csi1000,中证1000,7863.3285000000005,7830.486,7592.579166666666,7569.256583333334,7923.31825
2017-10-10,7934.37,7994.46,7994.74,7925.55,102305671.0,csi1000,中证1000,7873.0244999999995,7845.334400000001,7601.085833333333,7565.291166666667,7921.303150000001
2017-10-11,7991.22,7961.11,7997.98,7953.95,114720884.0,csi1000,中证1000,7878.166,7857.604,7609.198833333333,7562.086666666667,7918.94075
2017-10-12,7951.67,7940.14,7962.31,7886.24,100875163.0,csi1000,中证1000,7884.003,7868.0148,7616.962833333334,7559.749,7916.75115
2017-10-13,7934.43,7972.42,7972.67,7926.76,90829343.0,csi1000,中证1000,7890.684000000001,7877.3152,7625.950166666666,7558.382416666666,7914.2747
2017-10-16,7963.52,7819.59,7964.26,7817.24,107362554.0,csi1000,中证1000,7885.629000000001,7878.171599999999,7638.801,7556.599833333333,7910.572700000001
2017-10-17,7799.78,7805.07,7836.4,7772.89,70959771.0,csi1000,中证1000,7880.911499999999,7878.352800000001,7650.392166666667,7555.078333333333,7906.8414
2017-10-18,7806.88,7730.27,7829.99,7729.05,82414922.0,csi1000,中证1000,7870.9875,7873.2324,7659.183166666668,7553.285666666667,7902.7618
2017-10-19,7718.8,7656.06,7734.9,7637.61,83055058.0,csi1000,中证1000,7857.957,7866.5388,7666.035833333333,7552.9338333333335,7897.99505
2017-10-20,7650.08,7751.43,7751.43,7647.06,68092599.0,csi1000,中证1000,7851.5,7863.044,7674.347833333333,7553.162416666667,7893.71245
2017-10-23,7753.69,7793.54,7793.81,7746.89,71750404.0,csi1000,中证1000,7844.093000000001,7857.9580000000005,7682.696,7553.509083333333,7890.13335
2017-10-24,7786.3,7752.92,7786.3,7702.55,72746506.0,csi1000,中证1000,7836.4535000000005,7852.098000000001,7690.597333333333,7553.124083333333,7886.16245
2017-10-25,7745.32,7799.75,7799.87,7740.49,69358583.0,csi1000,中证1000,7827.6714999999995,7846.938,7699.095166666666,7552.771333333334,7882.38125
2017-10-26,7791.74,7830.11,7836.7,7783.91,83826361.0,csi1000,中证1000,7824.851,7843.475600000001,7706.545166666667,7552.643333333334,7878.9249
2017-10-27,7821.56,7770.71,7831.02,7762.64,77703303.0,csi1000,中证1000,7820.9,7839.0812,7712.9535,7552.143916666667,7875.33695
2017-10-30,7753.68,7574.65,7755.65,7531.29,96450484.0,csi1000,中证1000,7813.042499999999,7824.4,7715.115000000001,7550.227833333333,7870.7559
2017-10-31,7563.65,7631.53,7631.92,7560.9,69384453.0,csi1000,中证1000,7807.306999999999,7813.4328000000005,7718.091666666666,7549.655083333334,7866.08785
2017-11-01,7630.42,7635.44,7659.37,7622.94,74009354.0,csi1000,中证1000,7798.567499999999,7799.8348,7722.1905,7550.323083333334,7860.915300000001
2017-11-02,7622.84,7542.35,7622.84,7540.89,76617542.0,csi1000,中证1000,7787.2660000000005,7786.068,7724.161166666668,7549.817999999999,7855.273250000001
2017-11-03,7534.44,7476.98,7549.83,7436.43,80044389.0,csi1000,中证1000,7768.9855,7771.157999999999,7725.625,7550.028,7849.60865
2017-11-06,7476.19,7551.35,7551.89,7453.2,73389682.0,csi1000,中证1000,7749.494000000001,7763.94,7727.394499999999,7551.396333333334,7844.09615
2017-11-07,7548.38,7596.17,7596.42,7530.04,81226162.0,csi1000,中证1000,7729.5795,7757.937199999999,7729.485833333334,7553.27025,7839.0292500000005
2017-11-08,7585.91,7617.52,7653.42,7578.69,86674802.0,csi1000,中证1000,7712.4,7750.2288,7731.521333333333,7555.152833333333,7834.517649999999
2017-11-09,7610.89,7656.67,7657.25,7609.24,78332482.0,csi1000,中证1000,7698.2265,7745.7604,7735.111833333333,7556.0436666666665,7830.584699999999
2017-11-10,7649.47,7669.97,7677.7,7634.65,89683889.0,csi1000,中证1000,7683.103999999999,7738.855600000001,7740.804666666666,7556.873083333334,7827.50335
2017-11-13,7673.52,7681.63,7682.06,7649.43,96787326.0,csi1000,中证1000,7676.206,7728.473600000001,7744.2545,7558.22675,7826.251699999999
2017-11-14,7676.7,7627.49,7683.23,7596.8,96157933.0,csi1000,中证1000,7667.326999999999,7713.7948,7746.257833333333,7559.204916666667,7824.2459
2017-11-15,7609.72,7556.42,7618.4,7530.81,78824888.0,csi1000,中证1000,7658.6345,7697.6071999999995,7746.458333333333,7560.735166666667,7822.0823
2017-11-16,7543.01,7535.59,7575.51,7523.89,75868519.0,csi1000,中证1000,7652.611,7681.425200000001,7745.148,7564.046416666667,7819.9833
2017-11-17,7528.8,7272.66,7529.21,7262.89,105824511.0,csi1000,中证1000,7628.672500000001,7653.4348,7740.0915,7564.884083333334,7815.90775
2017-11-20,7234.33,7292.46,7292.51,7089.63,79268800.0,csi1000,中证1000,7603.6185,7632.3496000000005,7734.4366666666665,7565.382666666667,7811.5244999999995
2017-11-21,7283.61,7289.31,7332.98,7246.2,78289056.0,csi1000,中证1000,7580.438,7611.7192000000005,7729.506666666666,7565.849083333333,7807.3531
2017-11-22,7290.64,7297.39,7330.65,7244.99,83721769.0,csi1000,中证1000,7555.3200000000015,7594.404,7725.5555,7566.554833333333,7803.087049999999
2017-11-23,7283.75,7129.05,7283.75,7124.03,84917041.0,csi1000,中证1000,7520.267,7573.3236,7719.605333333334,7567.494416666666,7797.702950000001
2017-11-24,7102.26,7139.55,7165.41,7093.73,68774421.0,csi1000,中证1000,7488.709000000001,7548.8484,7712.609333333333,7567.870416666668,7792.4893
2017-11-27,7130.1,7065.84,7148.31,7057.33,66026161.0,csi1000,中证1000,7463.268500000001,7519.740399999999,7702.995833333333,7567.0813333333335,7786.41845
2017-11-28,7057.53,7176.92,7177.1,7057.36,64844703.0,csi1000,中证1000,7440.5380000000005,7496.700400000001,7695.557,7566.908833333333,7780.8911499999995
2017-11-29,7176.16,7193.12,7194.78,7110.48,79386985.0,csi1000,中证1000,7418.4220000000005,7472.4352,7687.8695,7565.6215,7775.1446
2017-11-30,7176.15,7153.57,7199.27,7133.81,71253522.0,csi1000,中证1000,7398.983,7445.3736,7679.097833333333,7564.0472500000005,7768.86115
2017-12-01,7144.48,7215.78,7221.0,7144.07,68773426.0,csi1000,中证1000,7385.923,7423.1764,7670.3623333333335,7562.941083333334,7763.0361
2017-12-04,7209.78,7139.75,7215.28,7135.4,68490651.0,csi1000,中证1000,7365.342999999999,7405.780400000001,7659.3885,7562.049750000001,7756.57005
2017-12-05,7124.98,6946.56,7139.7,6909.4,82947430.0,csi1000,中证1000,7332.8625,7378.381600000001,7645.1555,7558.662916666666,7749.183650000001
2017-12-06,6925.46,7016.76,7016.87,6879.24,74073810.0,csi1000,中证1000,7302.8245,7353.634400000001,7631.130166666667,7555.7787499999995,7742.547100000001
2017-12-07,7002.46,7012.71,7052.21,6992.92,65907003.0,csi1000,中证1000,7270.6265,7332.4488,7617.618666666666,7552.089749999999,7735.622850000001
2017-12-08,7004.12,7078.0,7091.61,7002.64,69671967.0,csi1000,中证1000,7241.028,7316.489600000001,7604.938666666667,7549.0485,7729.3907500000005
2017-12-11,7089.95,7160.43,7160.84,7089.92,74668996.0,csi1000,中证1000,7214.967999999999,7300.852800000001,7592.267666666667,7546.304083333333,7723.206700000001
2017-12-12,7157.73,7095.59,7157.73,7095.23,75574603.0,csi1000,中证1000,7188.373000000001,7280.8296,7578.8705,7542.9023333333325,7716.2866
2017-12-13,7080.62,7139.72,7140.2,7078.26,66579784.0,csi1000,中证1000,7167.5380000000005,7261.7176,7565.719999999999,7539.865083333334,7709.43365
2017-12-14,7131.27,7146.45,7149.22,7103.92,71121087.0,csi1000,中证1000,7148.081,7241.3088,7552.883,7537.985833333334,7702.60235
2017-12-15,7137.04,7122.75,7146.71,7092.26,75337556.0,csi1000,中证1000,7140.585499999999,7219.42,7540.252666666666,7535.869833333333,7695.49885
2017-12-18,7113.78,7075.87,7120.85,7049.3,67680244.0,csi1000,中证1000,7129.755999999999,7195.1896,7525.822499999999,7532.65125,7688.49365
2017-12-19,7070.22,7115.85,7116.09,7069.88,61202471.0,csi1000,中证1000,7121.0830000000005,7174.724,7512.658166666667,7529.666416666666,7681.53245
2017-12-20,7106.66,7041.5,7112.59,7029.7,70439849.0,csi1000,中证1000,7108.2885,7154.127200000001,7497.093333333334,7526.483333333334,7674.1076
2017-12-21,7029.02,7051.34,7064.67,6963.13,71260268.0,csi1000,中证1000,7104.403,7134.7572,7483.173666666667,7523.105583333333,7667.007100000001
2017-12-22,7043.39,7037.4,7063.81,7027.2,66292358.0,csi1000,中证1000,7099.295499999998,7125.3468,7469.6348333333335,7519.535916666666,7659.66685
2017-12-25,7031.03,6940.51,7034.2,6927.32,70201001.0,csi1000,中证1000,7093.0289999999995,7111.2688,7456.446666666668,7514.564249999999,7651.3286499999995
2017-12-26,6935.04,6970.75,6970.98,6893.62,63357553.0,csi1000,中证1000,7082.7205,7098.5264,7443.521833333333,7509.9563333333335,7643.06005
2017-12-27,6963.06,6942.54,6985.49,6935.88,72263885.0,csi1000,中证1000,7070.191500000001,7084.3324,7429.060333333333,7504.576749999999,7634.823399999999
2017-12-28,6929.54,6956.48,6979.08,6925.07,75274863.0,csi1000,中证1000,7060.3369999999995,7077.4295999999995,7415.528666666666,7499.199166666667,7626.928000000001
2017-12-29,6957.02,7017.35,7018.06,6956.59,66690097.0,csi1000,中证1000,7050.4155,7072.5416000000005,7401.774666666667,7494.148916666667,7619.325850000001
2018-01-02,7027.63,7092.09,7092.22,7022.23,77191027.0,csi1000,中证1000,7048.032499999999,7073.591600000001,7387.623166666666,7490.101166666666,7611.7937
2018-01-03,7090.87,7159.88,7163.86,7083.11,91410010.0,csi1000,中证1000,7058.6985,7072.91,7373.7135,7487.399666666666,7604.684550000001
2018-01-04,7149.68,7174.87,7175.35,7141.7,88822118.0,csi1000,中证1000,7066.603999999999,7072.18,7360.6095000000005,7484.904166666666,7597.68875
2018-01-05,7172.0,7176.87,7194.98,7163.04,92401433.0,csi1000,中证1000,7074.812000000001,7073.111999999999,7347.888333333333,7482.425583333334,7590.248200000001
2018-01-08,7172.04,7188.29,7188.54,7132.94,97596014.0,csi1000,中证1000,7080.3265,7072.0124,7334.8195000000005,7480.384833333333,7583.170300000001
2018-01-09,7179.93,7176.74,7183.28,7156.2,84762073.0,csi1000,中证1000,7081.142000000002,7073.491999999999,7324.105333333334,7481.453166666667,7575.879800000001
2018-01-10,7172.73,7138.78,7175.08,7089.66,92083397.0,csi1000,中证1000,7083.3015,7081.180799999999,7313.000499999999,7481.696333333332,7568.375849999999
2018-01-11,7121.46,7175.4,7180.33,7093.73,89170557.0,csi1000,中证1000,7085.085499999999,7087.526399999999,7303.752666666666,7481.4679166666665,7561.290300000001
2018-01-12,7166.75,7127.83,7174.84,7125.23,92888879.0,csi1000,中证1000,7084.1545,7092.1312,7294.948833333333,7480.492333333333,7553.974650000001
2018-01-15,7103.61,6929.31,7103.7,6912.71,106751386.0,csi1000,中证1000,7074.4825,7086.1836,7281.246833333334,7477.797333333334,7545.60975
2018-01-16,6916.16,6960.68,6960.73,6915.99,86865454.0,csi1000,中证1000,7068.723000000001,7078.1936,7267.365833333333,7475.030916666667,7537.478600000001
2018-01-17,6938.72,6942.86,6948.32,6846.56,90404454.0,csi1000,中证1000,7060.0735,7072.084400000001,7253.864833333334,7472.231083333333,7529.40255
2018-01-18,6928.09,6955.23,6963.62,6926.59,71023325.0,csi1000,中证1000,7055.76,7064.7047999999995,7239.7895,7469.442333333334,7521.7376
2018-01-19,6953.34,6938.31,6981.81,6928.65,75544277.0,csi1000,中证1000,7050.1085,7056.379199999999,7224.926166666667,7465.7356666666665,7514.853950000001
2018-01-22,6928.8,7014.55,7014.83,6902.63,81490371.0,csi1000,中证1000,7048.966,7052.0512,7212.3235,7462.6385,7508.23095
2018-01-23,7008.97,7019.98,7028.57,6996.64,78622637.0,csi1000,中证1000,7052.9395,7049.815599999999,7203.079,7459.097,7500.720799999999
2018-01-24,7008.47,7072.41,7072.87,6972.69,91279268.0,csi1000,中证1000,7058.022500000001,7048.0779999999995,7193.760333333334,7455.926,7493.364549999999
2018-01-25,7065.3,7062.64,7110.15,7057.64,97155728.0,csi1000,中证1000,7064.027499999999,7048.9236,7184.2136666666665,7453.202083333334,7485.954000000001
2018-01-26,7043.27,7056.01,7070.6,7038.0,82596985.0,csi1000,中证1000,7069.004000000001,7049.1104000000005,7176.107999999999,7450.134583333333,7478.98825
2018-01-29,7052.31,6972.48,7060.12,6956.2,87438231.0,csi1000,中证1000,7066.760500000001,7046.5136,7167.699666666666,7446.662333333335,7471.278450000001
2018-01-30,6955.68,6955.24,6977.1,6944.8,73304621.0,csi1000,中证1000,7059.918000000001,7047.102799999999,7157.764500000001,7442.579500000001,7463.8327
2018-01-31,6913.36,6791.01,6913.36,6773.99,93717953.0,csi1000,中证1000,7041.474500000001,7039.913199999999,7144.345166666666,7436.915500000001,7455.4362
2018-02-01,6775.36,6506.45,6792.99,6505.76,108188969.0,csi1000,中证1000,7008.0535,7022.4696,7125.827333333334,7428.674333333333,7446.2402
2018-02-02,6454.44,6487.87,6493.22,6322.58,85895624.0,csi1000,中证1000,6973.603499999999,7003.7252,7106.347333333333,7420.729583333334,7437.57625
2018-02-05,6403.08,6461.81,6485.75,6379.83,70665745.0,csi1000,中证1000,6937.2795,6981.5036,7086.211333333334,7413.508000000001,7429.20325
2018-02-06,6353.2,6142.67,6383.18,6142.4,91078375.0,csi1000,中证1000,6885.575999999999,6943.526800000001,7060.562000000001,7402.4082499999995,7419.7491
2018-02-07,6236.46,6158.26,6270.57,6042.63,84681200.0,csi1000,中证1000,6836.55,6903.4619999999995,7036.074833333333,7391.166333333333,7410.60215
2018-02-08,6141.78,6238.22,6243.74,6138.17,63310989.0,csi1000,中证1000,6789.691000000001,6865.996,7014.104833333333,7380.2815833333325,7402.0663
2018-02-09,6100.35,6053.02,6142.31,5983.77,81244007.0,csi1000,中证1000,6735.950500000001,6821.042,6989.395333333334,7367.2716666666665,7393.84
2018-02-12,6074.46,6203.75,6216.52,6074.46,62144022.0,csi1000,中证1000,6699.672499999999,6781.660400000001,6971.580166666667,7355.835833333333,7386.23875
2018-02-13,6229.38,6216.51,6268.78,6211.63,61402576.0,csi1000,中证1000,6662.464,6743.2512,6953.647666666667,7344.042166666666,7378.561599999999
2018-02-14,6216.38,6230.66,6230.73,6182.89,43078275.0,csi1000,中证1000,6626.854000000001,6706.9264,6936.003500000001,7332.7550833333335,7370.719300000001
2018-02-22,6269.37,6347.08,6347.15,6269.37,56935533.0,csi1000,中证1000,6596.4465,6673.793600000001,6920.165,7322.86025,7363.2443
2018-02-23,6346.82,6365.92,6367.06,6316.54,64212820.0,csi1000,中证1000,6567.827,6643.3171999999995,6907.446166666667,7313.52575,7355.84655
2018-02-26,6396.51,6507.13,6509.62,6382.15,89530167.0,csi1000,中证1000,6542.456,6626.43,6896.905833333334,7304.757583333334,7349.228999999999
2018-02-27,6506.4,6529.38,6540.75,6491.53,92361276.0,csi1000,中证1000,6517.9259999999995,6609.178000000001,6887.964833333333,7295.480333333334,7342.853
2018-02-28,6488.25,6563.81,6581.08,6461.37,88031590.0,csi1000,中证1000,6492.496000000001,6594.016,6877.7463333333335,7286.651666666667,7337.170750000001
2018-03-01,6530.22,6658.58,6658.94,6517.59,91081398.0,csi1000,中证1000,6472.293000000001,6582.15,6868.837333333333,7278.353416666667,7332.68725
2018-03-02,6621.53,6632.37,6672.96,6612.46,89120446.0,csi1000,中证1000,6451.111,6569.912400000001,6860.150666666667,7269.62425,7327.8343
2018-03-05,6648.26,6674.28,6674.41,6626.42,79316783.0,csi1000,中证1000,6436.201,6556.301600000001,6851.125666666666,7260.744,7323.946800000001
2018-03-06,6679.27,6735.86,6735.96,6679.05,96465995.0,csi1000,中证1000,6425.232,6544.9368,6844.394166666666,7251.891333333334,7320.690350000001
2018-03-07,6726.8,6688.54,6740.08,6682.64,85717765.0,csi1000,中证1000,6420.1085,6529.582,6840.093833333333,7242.624666666667,7317.2765500000005
2018-03-08,6679.04,6725.18,6725.42,6678.68,79015477.0,csi1000,中证1000,6431.045,6516.0836,6835.234166666666,7233.1821666666665,7313.944399999999
2018-03-09,6725.43,6837.13,6839.72,6722.68,106638912.0,csi1000,中证1000,6448.508,6507.328399999999,6832.307833333334,7224.963250000001,7310.3812
2018-03-12,6865.44,6947.46,6947.65,6865.44,123378324.0,csi1000,中证1000,6472.7905,6506.3276000000005,6830.132166666666,7217.535416666667,7307.2663
2018-03-13,6937.12,6911.67,6963.85,6906.65,111152929.0,csi1000,中证1000,6511.2405,6504.5848000000005,6825.9861666666675,7209.126916666666,7304.2287
2018-03-14,6886.02,6834.84,6908.11,6831.75,94189430.0,csi1000,中证1000,6545.0695,6506.338000000001,6821.640333333333,7200.255416666667,7300.85235
2018-03-15,6809.85,6824.05,6838.89,6743.4,91224058.0,csi1000,中证1000,6574.361,6519.0419999999995,6816.379166666667,7191.049583333334,7298.10865
2018-03-16,6821.23,6805.93,6861.68,6805.93,87455339.0,csi1000,中证1000,6612.0065,6531.764399999999,6810.703833333334,7181.793416666666,7296.447099999999
2018-03-19,6796.35,6820.5,6856.09,6773.55,84173400.0,csi1000,中证1000,6642.844,6546.111999999999,6805.666333333334,7172.9595,7294.6889
2018-03-20,6768.71,6822.25,6826.78,6749.81,81340306.0,csi1000,中证1000,6673.130999999999,6573.295199999999,6801.439333333334,7163.630916666666,7292.637
2018-03-21,6826.22,6771.06,6875.52,6766.94,95895895.0,csi1000,中证1000,6700.151,6597.807200000001,6795.6928333333335,7154.1755,7290.3256
2018-03-22,6767.27,6764.69,6804.24,6729.16,85808988.0,csi1000,中证1000,6721.0315,6618.866,6791.079333333333,7144.086333333334,7288.085550000001
2018-03-23,6565.98,6402.89,6625.1,6336.25,132373257.0,csi1000,中证1000,6722.88,6632.8607999999995,6780.271833333333,7131.72275,7285.0185
2018-03-26,6313.9,6515.25,6515.33,6257.96,94703107.0,csi1000,中证1000,6723.286,6645.3207999999995,6771.569333333333,7120.602083333333,7282.122599999999
2018-03-27,6570.42,6680.84,6692.97,6570.42,110195707.0,csi1000,中证1000,6730.8589999999995,6663.894,6767.2415,7111.8440833333325,7279.72415
2018-03-28,6602.63,6635.87,6684.0,6586.97,99371456.0,csi1000,中证1000,6734.4619999999995,6680.1024,6761.660166666667,7102.590999999999,7276.915400000001
2018-03-29,6648.89,6684.28,6686.73,6635.82,91214211.0,csi1000,中证1000,6735.747,6693.590399999999,6757.355833333333,7093.208083333333,7273.598799999999
2018-03-30,6699.46,6798.67,6799.02,6699.46,102091949.0,csi1000,中证1000,6744.062,6710.9004,6754.725666666667,7085.127166666667,7270.87975
2018-04-02,6818.12,6835.87,6875.64,6806.19,118297864.0,csi1000,中证1000,6752.1415,6724.05,6751.701,7076.737833333334,7268.316499999999
2018-04-03,6745.21,6769.56,6776.0,6712.5,101357280.0,csi1000,中证1000,6753.8265,6733.6572,6746.325500000001,7066.974333333333,7265.9307499999995
2018-04-04,6783.34,6708.92,6804.04,6704.1,92645766.0,csi1000,中证1000,6754.8455,6739.4616000000005,6738.8095,7056.2615,7262.71045
2018-04-09,6680.4,6718.65,6747.7,6627.68,87538445.0,csi1000,中证1000,6754.519,6741.8644,6731.205833333334,7045.907666666667,7259.4894
2018-04-10,6721.91,6720.77,6731.55,6649.89,94164633.0,csi1000,中证1000,6748.701000000001,6745.4003999999995,6723.604166666667,7035.74625,7255.8163
2018-04-11,6736.22,6759.81,6778.18,6731.35,95131792.0,csi1000,中证1000,6739.318499999999,6748.821599999999,6716.462833333333,7025.641166666666,7252.400599999999
2018-04-12,6748.47,6727.64,6772.43,6718.51,88454483.0,csi1000,中证1000,6730.117,6748.4928,6708.977833333333,7016.541583333334,7248.59
2018-04-13,6753.35,6721.66,6771.12,6710.71,84559366.0,csi1000,中证1000,6724.4580000000005,6749.8176,6702.025833333334,7007.5131666666675,7244.6793
2018-04-16,6704.34,6717.93,6750.18,6657.95,93135856.0,csi1000,中证1000,6719.152,6749.5276,6694.401333333333,6999.077,7240.7480000000005
2018-04-17,6727.42,6564.69,6739.17,6559.04,97259954.0,csi1000,中证1000,6707.089999999999,6738.63,6685.015666666667,6989.98225,7236.71165
2018-04-18,6597.33,6661.29,6668.39,6483.09,101869241.0,csi1000,中证1000,6699.1295,6727.1832,6680.548666666667,6980.89775,7233.134750000001
2018-04-19,6649.05,6677.09,6717.53,6642.06,101400458.0,csi1000,中证1000,6691.871499999999,6717.8,6675.822166666667,6971.594,7229.209699999999
2018-04-20,6649.99,6535.96,6670.49,6528.92,95346158.0,csi1000,中证1000,6680.116499999999,6705.8448,6669.0405,6961.452666666666,7224.51935
2018-04-23,6532.72,6466.52,6557.76,6394.42,87176072.0,csi1000,中证1000,6665.2080000000005,6691.5436,6660.895333333334,6950.342416666666,7219.7346
2018-04-24,6459.48,6606.58,6606.58,6459.48,91528387.0,csi1000,中证1000,6675.3925,6683.569600000001,6655.3665,6940.146333333333,7215.48415
2018-04-25,6571.66,6632.02,6641.54,6563.66,90133619.0,csi1000,中证1000,6681.231,6676.030400000001,6648.990999999999,6930.65725,7211.31545
2018-04-26,6621.46,6510.53,6623.95,6509.51,90174352.0,csi1000,中证1000,6672.7155,6663.5616,6640.500166666667,6921.789583333333,7206.18255
2018-04-27,6528.73,6517.05,6549.29,6462.7,75737816.0,csi1000,中证1000,6666.774500000001,6653.4012,6631.244166666667,6912.50225,7201.149300000001
2018-05-02,6516.6,6486.81,6551.25,6442.78,75558392.0,csi1000,中证1000,6656.901000000001,6642.286000000001,6621.647,6902.930333333334,7195.642899999999
2018-05-03,6471.17,6545.27,6546.03,6393.12,80598676.0,csi1000,中证1000,6644.231,6647.9812,6613.134666666667,6894.6213333333335,7190.360299999999
2018-05-04,6524.02,6531.29,6565.72,6511.53,70877893.0,csi1000,中证1000,6629.002,6648.6228,6605.7815,6886.740583333333,7184.89985
2018-05-07,6538.13,6646.58,6646.68,6538.13,81494416.0,csi1000,中证1000,6622.853,6647.2524,6600.637166666666,6879.200833333333,7180.24365
2018-05-08,6647.34,6678.14,6678.46,6637.65,84331441.0,csi1000,中证1000,6621.314,6648.943200000001,6598.756,6871.550583333334,7176.214049999999
2018-05-09,6666.77,6674.91,6685.69,6642.2,81016615.0,csi1000,中证1000,6619.127,6648.568400000001,6601.563666666667,6863.6955,7172.216950000001
2018-05-10,6682.12,6703.21,6703.67,6651.67,92176531.0,csi1000,中证1000,6618.249000000001,6644.75,6605.152666666667,6855.75,7168.3615
2018-05-11,6705.31,6636.77,6707.82,6635.55,86880353.0,csi1000,中证1000,6612.097,6636.786,6608.068666666667,6847.14,7164.37945
2018-05-14,6625.03,6591.73,6639.84,6573.46,79024548.0,csi1000,中证1000,6605.3015,6629.6728,6615.553,6838.0575,7162.0954
2018-05-15,6592.65,6661.13,6661.42,6568.73,75614611.0,csi1000,中证1000,6602.275,6627.7612,6623.934166666668,6830.0045,7159.85305
2018-05-16,6638.67,6622.64,6670.65,6616.74,79878254.0,csi1000,中证1000,6597.510499999999,6623.9208,6630.341166666666,6822.223,7156.952200000001
2018-05-17,6616.44,6591.25,6631.07,6576.53,73235444.0,csi1000,中证1000,6598.8385,6618.74,6639.311666666666,6814.3535,7153.683950000001
2018-05-18,6583.87,6620.77,6621.15,6555.42,76761694.0,csi1000,中证1000,6596.8125,6613.178400000001,6646.262,6808.921083333333,7150.52425
2018-05-21,6654.05,6697.14,6705.83,6653.98,94894912.0,csi1000,中证1000,6597.8150000000005,6611.9583999999995,6654.272500000001,6803.960083333333,7147.546700000001
2018-05-22,6691.8,6724.4,6724.74,6675.98,90111423.0,csi1000,中证1000,6607.236999999999,6612.067999999999,6662.5015,6799.2525000000005,7144.7745
2018-05-23,6702.49,6652.29,6707.83,6652.29,92940044.0,csi1000,中证1000,6616.525500000001,6609.4424,6667.588333333333,6793.876666666667,7141.586549999999
2018-05-24,6649.01,6628.5,6666.73,6625.54,74799968.0,csi1000,中证1000,6617.621500000001,6611.9947999999995,6671.964666666667,6789.705416666667,7137.8135
2018-05-25,6622.51,6541.45,6630.02,6536.35,84555476.0,csi1000,中证1000,6613.093000000001,6607.2011999999995,6672.536666666667,6784.72125,7133.5897
2018-05-28,6526.84,6490.4,6543.06,6463.57,79469460.0,csi1000,中证1000,6612.0865,6599.7336,6671.887,6779.925916666666,7128.816900000001
2018-05-29,6481.82,6436.77,6522.84,6436.31,78343651.0,csi1000,中证1000,6608.0725,6595.766,6669.769666666666,6773.758000000001,7123.7361
2018-05-30,6345.94,6232.42,6351.51,6222.1,92710533.0,csi1000,中证1000,6595.353,6586.402000000001,6662.6669999999995,6765.752166666667,7117.95065
2018-05-31,6274.76,6315.17,6315.84,6231.16,79566855.0,csi1000,中证1000,6583.848,6574.745599999999,6657.3803333333335,6758.7654999999995,7112.405950000001
2018-06-01,6285.05,6243.73,6324.89,6209.11,78303820.0,csi1000,中证1000,6569.469999999999,6559.214,6650.204500000001,6750.665083333332,7106.67885
2018-06-04,6252.26,6215.61,6265.58,6192.91,67212354.0,csi1000,中证1000,6547.9215,6547.417200000001,6641.533666666667,6742.963916666666,7100.531
2018-06-05,6210.98,6316.42,6316.48,6210.98,69761826.0,csi1000,中证1000,6529.8355,6539.392,6635.331666666666,6737.712750000001,7094.75965
2018-06-06,6308.79,6320.47,6331.75,6295.9,65808383.0,csi1000,中证1000,6512.1135,6532.738399999999,6628.5865,6731.910333333333,7088.88505
2018-06-07,6334.4,6274.88,6340.68,6268.77,68786819.0,csi1000,中证1000,6490.697,6521.9228,6619.215666666667,6725.761750000001,7083.05325
2018-06-08,6261.68,6205.96,6261.68,6159.99,72205343.0,csi1000,中证1000,6469.1565,6508.9096,6606.857333333333,6718.494750000001,7077.441049999999
2018-06-11,6187.62,6151.94,6197.94,6133.47,62744012.0,csi1000,中证1000,6447.1669999999995,6489.124,6594.195166666666,6710.090666666667,7070.82755
2018-06-12,6152.02,6199.15,6199.32,6086.6,64267199.0,csi1000,中证1000,6424.068,6469.9644,6583.600333333334,6702.620333333334,7064.28685
2018-06-13,6180.98,6092.34,6180.98,6091.4,67469713.0,csi1000,中证1000,6397.553000000001,6446.661599999999,6571.405166666667,6693.8921666666665,7057.0266
2018-06-14,6069.26,6060.13,6125.31,6040.09,63968900.0,csi1000,中证1000,6370.997,6420.9384,6558.975166666666,6684.8395,7049.2562
2018-06-15,6054.89,5928.07,6069.75,5900.13,81197672.0,csi1000,中证1000,6336.362,6392.5904,6544.101333333333,6674.883833333334,7041.0163
2018-06-19,5821.04,5522.53,5829.58,5463.37,102830665.0,csi1000,中证1000,6277.6315,6349.8224,6522.439333333333,6661.939333333333,7030.4702
2018-06-20,5485.06,5588.27,5612.48,5458.53,80367709.0,csi1000,中证1000,6220.825,6306.907999999999,6502.726166666666,6649.2095,7020.486000000001
2018-06-21,5578.24,5456.91,5623.96,5454.83,84103827.0,csi1000,中证1000,6161.056,6260.2788,6480.929833333333,6636.004583333333,7010.098250000001
2018-06-22,5413.38,5541.37,5545.15,5384.05,75475079.0,csi1000,中证1000,6106.699500000001,6218.2836,6466.571166666667,6623.4214999999995,7000.3748
2018-06-25,5579.44,5512.43,5592.62,5508.64,70036532.0,csi1000,中证1000,6055.2485,6173.95,6449.8575,6610.7134166666665,6990.1404
2018-06-26,5434.39,5558.71,5563.36,5411.5,78029385.0,csi1000,中证1000,6008.664,6128.4128,6431.155333333333,6599.198416666667,6979.720700000001
2018-06-27,5557.59,5508.92,5583.63,5489.92,76099462.0,csi1000,中证1000,5962.271500000001,6079.793600000001,6412.372833333333,6587.0165,6969.14905
2018-06-28,5494.95,5443.85,5547.57,5439.87,69808464.0,csi1000,中证1000,5922.843,6031.456,6391.699,6574.527416666667,6958.09645
2018-06-29,5441.96,5608.54,5608.54,5435.49,83741650.0,csi1000,中证1000,5887.5115,5990.6576000000005,6371.8635,6563.294583333333,6947.739800000001
2018-07-02,5601.74,5538.09,5625.5,5495.09,88445320.0,csi1000,中证1000,5852.2294999999995,5950.5232,6350.233833333333,6550.967416666667,6936.730699999999
2018-07-03,5531.58,5601.59,5602.06,5450.21,85429943.0,csi1000,中证1000,5821.528499999999,5914.970799999999,6330.767666666667,6538.546583333333,6925.74775
2018-07-04,5574.18,5500.67,5580.17,5478.66,78753578.0,csi1000,中证1000,5780.741,5877.526800000001,6310.630166666667,6524.719833333333,6914.2483999999995
2018-07-05,5484.07,5352.66,5507.81,5352.66,78062654.0,csi1000,中证1000,5732.3505,5842.3364,6287.863666666667,6509.53475,6901.7203
2018-07-06,5345.88,5374.58,5442.08,5251.5,86912981.0,csi1000,中证1000,5687.335499999999,5804.7128,6265.427166666666,6494.515666666667,6889.4762
2018-07-09,5378.81,5487.55,5487.8,5378.81,77823706.0,csi1000,中证1000,5651.415,5774.4656,6244.222833333334,6480.342833333333,6877.71995
2018-07-10,5487.34,5524.8,5525.03,5474.14,75689187.0,csi1000,中证1000,5620.058,5746.833199999999,6224.1755,6466.576666666667,6865.740500000001
2018-07-11,5441.24,5396.31,5442.01,5317.7,83385136.0,csi1000,中证1000,5579.916,5710.0288,6202.086333333334,6452.056083333333,6853.22495
2018-07-12,5385.81,5541.36,5552.72,5385.81,94834357.0,csi1000,中证1000,5552.367,5678.8644,6182.476833333333,6438.439083333333,6841.288
2018-07-13,5539.14,5561.69,5570.52,5533.65,84597067.0,csi1000,中证1000,5527.445000000001,5650.336799999999,6165.760166666666,6425.3879166666675,6829.513099999999
2018-07-16,5552.22,5566.96,5573.88,5533.13,74318439.0,csi1000,中证1000,5509.389499999999,5624.776800000001,6147.521333333334,6414.035,6817.94505
2018-07-17,5557.91,5575.47,5575.79,5507.15,75861020.0,csi1000,中证1000,5512.0365,5601.718000000001,6129.160999999999,6402.491583333333,6806.1140000000005
2018-07-18,5573.02,5544.52,5612.9,5544.52,85051726.0,csi1000,中证1000,5509.849,5575.5328,6112.637000000001,6390.83875,6794.308050000001
2018-07-19,5533.12,5480.77,5559.67,5460.47,74877306.0,csi1000,中证1000,5511.042,5551.07,6096.207833333334,6378.551583333333,6781.834950000001
2018-07-20,5469.79,5541.21,5552.16,5438.07,76583960.0,csi1000,中证1000,5511.034,5530.3132000000005,6078.451666666666,6366.909083333333,6770.108400000001
2018-07-23,5509.23,5582.31,5582.41,5493.77,94319127.0,csi1000,中证1000,5514.528,5516.482800000001,6060.9565,6354.97375,6758.7713
2018-07-24,5578.72,5672.22,5674.31,5572.98,119690164.0,csi1000,中证1000,5520.2035,5522.4704,6046.984666666667,6343.742416666666,6748.473400000001
2018-07-25,5669.99,5685.59,5702.28,5662.85,109233977.0,csi1000,中证1000,5529.037,5526.363200000001,6033.1269999999995,6332.185583333334,6738.17015
2018-07-26,5681.07,5663.18,5695.23,5649.39,115684489.0,csi1000,中证1000,5540.003500000001,5534.6140000000005,6019.399833333333,6320.523416666667,6727.4349
2018-07-27,5655.31,5630.23,5669.01,5617.91,102761410.0,csi1000,中证1000,5541.088,5538.1684000000005,6004.149166666667,6308.6419166666665,6716.74415
2018-07-30,5618.9,5549.04,5634.45,5523.85,93679354.0,csi1000,中证1000,5541.6355,5539.6328,5987.778333333334,6296.779916666666,6705.2764
2018-07-31,5536.71,5542.54,5562.55,5513.99,72123960.0,csi1000,中证1000,5538.683,5538.986,5969.377666666666,6285.007416666666,6693.2832
2018-08-01,5553.76,5456.21,5578.33,5456.21,84268116.0,csi1000,中证1000,5536.46,5536.8776,5949.012166666666,6273.884083333333,6680.591949999999
2018-08-02,5431.13,5325.8,5431.13,5207.48,103250616.0,csi1000,中证1000,5535.117,5532.155600000001,5926.527,6264.0453333333335,6667.415400000001
2018-08-03,5313.05,5255.63,5335.6,5255.63,78879933.0,csi1000,中证1000,5529.1695,5518.0392,5902.400666666666,6253.776666666667,6653.9928500000005
2018-08-06,5234.67,5144.64,5264.86,5113.34,79112126.0,csi1000,中证1000,5512.023999999999,5502.3012,5877.531833333333,6242.800249999999,6639.853950000001
2018-08-07,5149.37,5279.64,5279.86,5108.26,85777296.0,csi1000,中证1000,5499.766,5489.423200000001,5855.663666666666,6235.608333333334,6627.154200000001
2018-08-08,5263.17,5191.79,5278.25,5187.61,90575953.0,csi1000,中证1000,5489.54,5477.068,5831.174666666667,6227.554416666667,6614.087799999999
2018-08-09,5166.38,5307.97,5329.84,5155.06,96609965.0,csi1000,中证1000,5477.8705,5475.280400000001,5809.263500000001,6219.802333333334,6601.9763
2018-08-10,5299.49,5342.05,5344.72,5296.5,77253328.0,csi1000,中证1000,5466.8885,5473.979200000001,5788.4435,6213.877583333334,6590.40625
2018-08-13,5278.16,5369.18,5369.6,5256.58,78939306.0,csi1000,中证1000,5456.9995,5469.2444,5767.583666666667,6206.922833333333,6578.495
2018-08-14,5357.72,5351.02,5376.26,5334.93,77632990.0,csi1000,中证1000,5445.777,5462.293200000001,5745.1483333333335,6199.710416666667,6566.282400000001
2018-08-15,5347.69,5242.09,5350.61,5237.0,77360855.0,csi1000,中证1000,5430.6555,5456.124400000001,5720.443166666666,6191.472333333333,6553.728249999999
2018-08-16,5175.42,5178.24,5244.66,5127.14,72044028.0,csi1000,中证1000,5415.529,5441.5996,5695.875666666666,6181.732000000001,6540.6206999999995
2018-08-17,5210.23,5084.21,5233.5,5073.4,73789581.0,csi1000,中证1000,5392.679,5422.500400000001,5670.1375,6171.051083333334,6526.8912
2018-08-20,5071.14,5103.63,5103.63,4994.32,69335024.0,csi1000,中证1000,5368.745000000001,5403.967200000001,5646.173833333333,6159.35525,6513.555800000001
2018-08-21,5097.2,5162.03,5171.56,5085.9,70162179.0,csi1000,中证1000,5343.235500000001,5387.4296,5624.034333333333,6147.960666666667,6501.4927
2018-08-22,5151.44,5102.36,5156.25,5098.61,64969658.0,csi1000,中证1000,5314.074,5369.743200000001,5601.7941666666675,6135.781916666668,6488.846849999999
2018-08-23,5095.36,5133.33,5151.31,5087.51,63984481.0,csi1000,中证1000,5287.5815,5355.845600000001,5583.476,6123.0715,6476.3363
2018-08-24,5122.68,5116.14,5147.56,5100.14,61230128.0,csi1000,中证1000,5261.877,5338.8428,5563.492166666666,6110.43625,6464.205249999999
2018-08-27,5121.19,5229.36,5229.36,5121.19,78986013.0,csi1000,中证1000,5245.893,5324.7248,5546.585999999999,6098.3952500000005,6452.9671499999995
2018-08-28,5229.62,5233.5,5244.15,5212.39,75723092.0,csi1000,中证1000,5230.441000000001,5307.1759999999995,5530.2175,6085.8755833333325,6441.3779
2018-08-29,5229.07,5203.71,5229.11,5190.14,65649274.0,csi1000,中证1000,5217.816,5287.900799999999,5511.672333333334,6073.5019999999995,6429.415599999999
2018-08-30,5193.69,5114.27,5206.95,5112.18,67818961.0,csi1000,中证1000,5207.2395,5265.9444,5491.569,6060.0777499999995,6416.899350000001
2018-08-31,5096.55,5057.98,5107.69,5047.62,59257132.0,csi1000,中证1000,5197.357,5243.054399999999,5471.287333333333,6045.251499999999,6403.9059
2018-09-03,5049.73,5054.11,5055.28,4973.74,63250475.0,csi1000,中证1000,5192.8305,5223.2572,5452.089833333333,6029.473583333333,6390.8266
2018-09-04,5047.81,5113.15,5123.26,5042.82,71602340.0,csi1000,中证1000,5184.506,5206.0816,5434.776666666668,6014.4859166666665,6377.984200000001
2018-09-05,5100.34,5032.5,5115.72,5032.5,75136620.0,csi1000,中证1000,5176.5415,5189.1332,5415.3325,5999.466416666666,6365.00925
2018-09-06,5016.83,5012.51,5071.11,4991.78,66305531.0,csi1000,中证1000,5161.7685,5176.6016,5397.335333333333,5984.370249999999,6352.289699999999
2018-09-07,5018.23,5022.28,5084.4,4989.04,74684114.0,csi1000,中证1000,5145.78,5167.267599999999,5380.037833333334,5969.5065,6339.723150000001
2018-09-10,5016.79,4923.64,5019.47,4921.79,70259288.0,csi1000,中证1000,5123.503,5158.4276,5363.297333333334,5953.699333333334,6327.97805
2018-09-11,4917.07,4925.3,4950.63,4884.9,62199378.0,csi1000,中证1000,5102.217,5144.254,5353.3435,5937.891416666666,6316.14225
2018-09-12,4922.35,4919.81,4956.46,4902.41,58336361.0,csi1000,中证1000,5086.103,5133.3748,5342.202499999999,5922.464333333333,6304.29475
2018-09-13,4955.79,4958.17,4978.36,4888.12,66957218.0,csi1000,中证1000,5075.099499999999,5119.3828,5333.890166666666,5907.410000000001,6292.59865
2018-09-14,4958.7,4907.93,4965.67,4907.09,67569045.0,csi1000,中证1000,5066.2855,5102.018,5323.332833333334,5894.952,6281.493050000001
2018-09-17,4885.23,4831.56,4885.23,4812.93,60470789.0,csi1000,中证1000,5052.682,5080.5132,5311.985000000001,5880.92125,6269.9531
2018-09-18,4815.76,4917.35,4917.39,4813.6,72134617.0,csi1000,中证1000,5040.448,5063.1664,5301.295666666667,5866.2255000000005,6259.210650000001
2018-09-19,4904.24,4970.01,5001.86,4895.85,87856789.0,csi1000,中证1000,5033.8305,5052.2832,5292.313833333334,5852.343333333334,6248.1761
2018-09-20,4961.66,4951.59,4984.75,4944.65,78954210.0,csi1000,中证1000,5024.7435,5043.2172,5284.1095000000005,5837.9042500000005,6236.968449999999
2018-09-21,4957.27,5011.69,5015.24,4931.35,86809591.0,csi1000,中证1000,5019.521,5040.3164,5274.161999999999,5823.01275,6226.259050000001
2018-09-25,4980.3,4995.7,5014.02,4965.99,66325064.0,csi1000,中证1000,5007.838,5035.9992,5265.122166666667,5807.678,6215.15865
2018-09-26,4996.35,5017.06,5042.51,4987.91,79888149.0,csi1000,中证1000,4997.0160000000005,5030.200400000001,5255.38,5793.073833333334,6204.5452000000005
2018-09-27,5012.45,4945.69,5018.4,4945.64,88314523.0,csi1000,中证1000,4984.115,5023.9336,5246.1303333333335,5778.38025,6194.540849999999
2018-09-28,4947.72,4987.27,4987.27,4935.42,69992383.0,csi1000,中证1000,4977.765,5018.0912,5240.0405,5763.952083333334,6184.3934
2018-10-08,4906.1,4817.43,4916.87,4813.09,72403277.0,csi1000,中证1000,4965.737500000001,5006.1428000000005,5230.754666666667,5748.090916666666,6173.4169999999995
2018-10-09,4826.32,4818.73,4860.92,4790.67,62561005.0,csi1000,中证1000,4953.968500000001,4989.7176,5219.607666666666,5731.915250000001,6162.12065
2018-10-10,4823.35,4812.43,4842.98,4775.67,64140907.0,csi1000,中证1000,4938.9325,4972.8748000000005,5207.734833333333,5715.955166666667,6150.380649999999
2018-10-11,4662.96,4456.61,4671.99,4428.6,107928391.0,csi1000,中证1000,4910.138,4942.9908,5192.073166666667,5697.07975,6137.18575
2018-10-12,4415.29,4427.68,4446.95,4251.67,98498279.0,csi1000,中证1000,4880.896500000001,4915.5272,5173.511833333334,5677.994333333334,6123.62555
2018-10-15,4435.08,4358.87,4468.22,4352.27,68221011.0,csi1000,中证1000,4847.726000000001,4887.5628,5153.464833333333,5659.6125,6109.68765
2018-10-16,4358.06,4261.17,4391.39,4237.51,68199493.0,csi1000,中证1000,4814.6025,4855.8452,5131.701666666666,5639.6115,6095.37975
2018-10-17,4311.05,4292.2,4334.63,4192.82,71247907.0,csi1000,中证1000,4782.9475,4823.0072,5110.313833333334,5619.737416666667,6081.4614
2018-10-18,4260.01,4149.44,4260.01,4143.17,71591533.0,csi1000,中证1000,4744.429,4787.6848,5087.0625,5599.849749999999,6066.62935
2018-10-19,4080.12,4241.23,4243.97,4066.27,77230953.0,csi1000,中证1000,4708.582,4756.833600000001,5066.403499999999,5581.305666666666,6052.628000000001
2018-10-22,4279.76,4452.74,4491.31,4279.76,111874430.0,csi1000,中证1000,4685.8225,4734.052,5048.262333333333,5563.357000000001,6039.635
2018-10-23,4448.91,4379.06,4469.57,4352.66,93078052.0,csi1000,中证1000,4663.1975,4712.2688,5028.208166666666,5544.582333333334,6026.3432999999995
2018-10-24,4358.87,4377.55,4424.91,4340.66,75240892.0,csi1000,中证1000,4636.2074999999995,4690.3588,5006.6303333333335,5526.8075,6013.528499999999
2018-10-25,4245.3,4345.33,4353.78,4223.32,80969541.0,csi1000,中证1000,4604.9735,4667.3796,4984.292666666666,5508.709833333333,6000.4014
2018-10-26,4374.46,4359.47,4412.23,4342.21,82617544.0,csi1000,中证1000,4575.3675,4643.4316,4962.564166666667,5490.982,5987.4860499999995
2018-10-29,4341.91,4296.7,4345.02,4275.72,66211374.0,csi1000,中证1000,4539.618,4618.9824,4940.3386666666665,5472.243916666667,5974.18715
2018-10-30,4284.36,4336.65,4358.47,4226.59,76210923.0,csi1000,中证1000,4506.6655,4599.186000000001,4920.132166666666,5453.95525,5960.78365
2018-10-31,4342.11,4400.61,4424.5,4337.53,86162530.0,csi1000,中证1000,4475.843,4578.5164,4901.1,5435.238833333334,5947.32625
2018-11-01,4428.86,4428.74,4493.6,4425.15,101841544.0,csi1000,中证1000,4449.9955,4556.8656,4883.9755000000005,5416.493833333333,5933.670549999999
2018-11-02,4490.63,4564.18,4564.18,4483.98,115826479.0,csi1000,中证1000,4428.841,4541.3692,4871.281833333333,5398.904416666667,5920.6171
2018-11-05,4557.92,4598.2,4620.71,4529.44,122382858.0,csi1000,中证1000,4417.8795,4524.8296,4860.324666666667,5381.362666666667,5907.72375
2018-11-06,4585.58,4603.11,4603.78,4543.71,103587470.0,csi1000,中证1000,4407.0985,4509.126,4851.299166666667,5364.4155,5894.797849999999
2018-11-07,4604.87,4592.84,4650.36,4589.32,114228877.0,csi1000,中证1000,4396.119000000001,4492.1572,4839.852499999999,5347.758083333333,5881.87835
2018-11-08,4617.91,4572.38,4628.27,4568.67,102457345.0,csi1000,中证1000,4401.9075,4477.2248,4829.5289999999995,5330.351833333333,5869.0463500000005
2018-11-09,4553.21,4561.21,4596.76,4542.58,88588604.0,csi1000,中证1000,4408.584,4460.1824,4817.083,5313.173249999999,5855.9754
2018-11-12,4560.86,4697.35,4697.35,4556.3,118546244.0,csi1000,中证1000,4425.508,4455.379199999999,4806.338,5297.3907500000005,5843.822999999999
2018-11-13,4648.56,4790.45,4816.84,4639.58,173463646.0,csi1000,中证1000,4451.972,4454.248,4796.6925,5282.138083333334,5833.1287
2018-11-14,4784.86,4791.23,4848.06,4776.79,158645183.0,csi1000,中证1000,4476.9235,4453.4,4787.362666666666,5266.2555,5822.281449999999
2018-11-15,4790.34,4871.09,4871.09,4788.21,140331372.0,csi1000,中证1000,4513.005999999999,4469.9792,4781.1793333333335,5250.81125,5811.9226
2018-11-16,4880.87,4923.99,4946.79,4867.08,157188064.0,csi1000,中证1000,4547.144,4489.8315999999995,4776.941833333333,5236.40875,5801.7664
2018-11-19,4924.29,4942.49,4942.49,4877.95,148061789.0,csi1000,中证1000,4571.6315,4513.1764,4774.579833333333,5222.358666666667,5791.7873
2018-11-20,4899.32,4811.88,4923.64,4808.41,146404501.0,csi1000,中证1000,4593.2725,4535.2048,4769.717333333333,5207.945583333333,5780.77395
2018-11-21,4754.23,4847.04,4848.73,4746.68,123953819.0,csi1000,中证1000,4616.747,4557.3984,4764.467500000001,5194.250916666667,5769.909250000001
2018-11-22,4858.48,4850.13,4878.1,4831.09,116541613.0,csi1000,中证1000,4641.986999999999,4585.426,4760.263666666666,5181.028916666666,5758.79785
2018-11-23,4840.94,4642.12,4841.4,4624.48,134023411.0,csi1000,中证1000,4656.1195,4601.4616,4752.076833333334,5167.776416666667,5746.695250000001
2018-11-26,4631.42,4633.73,4677.96,4610.58,92379203.0,csi1000,中证1000,4672.971,4608.7011999999995,4744.036666666667,5153.764416666667,5734.58385
2018-11-27,4662.33,4671.64,4693.83,4636.96,93590304.0,csi1000,中证1000,4689.7205,4620.4044,4734.741333333334,5140.663666666666,5723.07965
2018-11-28,4669.66,4728.58,4728.58,4607.61,108618888.0,csi1000,中证1000,4706.119000000001,4634.4456,4726.326,5128.271750000001,5711.94635
2018-11-29,4746.63,4617.35,4758.25,4617.35,110509508.0,csi1000,中证1000,4715.5495,4645.3264,4716.553333333333,5114.112833333334,5701.078049999999
2018-11-30,4604.27,4648.18,4654.53,4549.44,95931847.0,csi1000,中证1000,4719.7495,4656.8748,4708.785166666667,5100.177083333333,5691.786700000001
2018-12-03,4762.96,4802.29,4820.21,4742.47,129385893.0,csi1000,中证1000,4729.954,4677.0984,4704.523666666666,5087.9055,5683.3588
2018-12-04,4793.32,4846.17,4846.17,4782.95,119127087.0,csi1000,中证1000,4742.107,4697.4792,4701.058000000001,5076.573916666666,5675.280600000001
2018-12-05,4750.55,4816.99,4846.75,4734.98,116947577.0,csi1000,中证1000,4753.3144999999995,4714.1344,4696.122,5065.449333333334,5668.6521999999995
2018-12-06,4796.41,4730.91,4814.71,4724.53,108492490.0,csi1000,中证1000,4761.241,4726.2212,4691.095499999999,5053.213999999999,5661.515450000001
2018-12-07,4738.17,4731.9,4755.33,4711.36,87946349.0,csi1000,中证1000,4769.7755,4732.93,4686.4186666666665,5041.8769999999995,5653.9838500000005
2018-12-10,4698.55,4676.62,4711.32,4660.73,81484054.0,csi1000,中证1000,4768.739,4736.0668,4680.657666666667,5030.34775,5647.101849999999
2018-12-11,4691.59,4720.47,4720.47,4685.3,79315381.0,csi1000,中证1000,4765.24,4740.7612,4677.2715,5020.284416666666,5639.685449999999
2018-12-12,4733.07,4718.82,4740.99,4706.39,80869112.0,csi1000,中证1000,4761.6195,4745.8004,4673.830166666667,5013.586833333334,5632.197000000001
2018-12-13,4727.46,4763.72,4791.0,4698.37,95756912.0,csi1000,中证1000,4756.251,4753.454,4671.228666666667,5006.715583333334,5624.8623
2018-12-14,4755.02,4641.89,4756.21,4638.92,99004544.0,csi1000,中证1000,4742.146,4756.6812,4665.957333333334,4999.92375,5616.336349999999
2018-12-17,4623.13,4627.23,4634.03,4569.57,75749562.0,csi1000,中证1000,4726.383,4753.8764,4661.2789999999995,4992.305916666666,5607.642900000001
2018-12-18,4602.4,4596.61,4634.75,4553.36,72346223.0,csi1000,中证1000,4715.6195,4746.1228,4657.363166666666,4984.674083333333,5598.0903
2018-12-19,4601.37,4533.4,4604.94,4525.06,69120250.0,csi1000,中证1000,4699.9375,4735.8096000000005,4650.964000000001,4976.129833333333,5588.1104000000005
2018-12-20,4523.97,4550.6,4560.34,4509.57,70382238.0,csi1000,中证1000,4684.960999999999,4722.99,4643.9738333333335,4968.1438333333335,5578.044349999999
2018-12-21,4536.57,4517.78,4543.87,4484.56,69640651.0,csi1000,中证1000,4678.744,4706.7416,4636.743666666666,4960.426583333333,5567.34035
2018-12-24,4511.22,4558.32,4558.35,4501.06,66081870.0,csi1000,中证1000,4674.9735,4691.3748,4629.1875,4951.674750000001,5556.9701000000005
2018-12-25,4512.29,4514.62,4522.88,4403.06,93035860.0,csi1000,中证1000,4667.1224999999995,4679.484399999999,4621.1695,4943.145833333333,5546.171799999999
2018-12-26,4509.32,4494.5,4531.11,4487.79,76710390.0,csi1000,中证1000,4655.4185,4665.3828,4612.460166666667,4933.920083333333,5534.965
2018-12-27,4553.72,4424.65,4561.92,4424.65,80996689.0,csi1000,中证1000,4645.7835,4648.3636,4603.7761666666665,4924.95325,5523.64555
2018-12-28,4429.04,4430.02,4454.96,4396.37,71528889.0,csi1000,中证1000,4634.8755,4639.8796,4594.488666666667,4917.264583333334,5512.169750000001
2019-01-02,4436.75,4408.53,4444.44,4399.59,66272240.0,csi1000,中证1000,4615.187499999999,4630.8716,4587.673666666667,4909.214166666667,5500.026749999999
2019-01-03,4404.31,4376.86,4446.03,4375.86,80494980.0,csi1000,中证1000,4591.722,4619.080400000001,4580.309166666667,4899.958416666666,5487.17375
2019-01-04,4338.06,4497.89,4497.91,4326.33,103470812.0,csi1000,中证1000,4575.767,4609.852800000001,4575.066833333333,4891.400833333333,5475.10485
2019-01-07,4523.23,4594.15,4598.63,4516.0,114553618.0,csi1000,中证1000,4568.929,4608.9248,4577.359166666666,4884.716166666667,5463.9014
2019-01-08,4586.84,4585.03,4596.8,4567.29,107411023.0,csi1000,中证1000,4561.5855,4606.3988,4579.981666666666,4876.746750000001,5452.7063
2019-01-09,4588.69,4594.74,4654.77,4578.45,123173858.0,csi1000,中证1000,4557.491499999999,4598.0968,4583.912833333334,4868.688833333334,5441.65035
2019-01-10,4592.74,4582.48,4619.82,4571.09,106482939.0,csi1000,中证1000,4550.592,4587.5491999999995,4589.268,4860.484833333334,5430.46025
2019-01-11,4585.22,4621.61,4621.61,4575.64,104124236.0,csi1000,中证1000,4545.7315,4579.7339999999995,4594.7581666666665,4852.536000000001,5419.45705
2019-01-14,4621.7,4594.19,4625.56,4580.54,101738120.0,csi1000,中证1000,4537.255,4574.2652,4602.170666666667,4844.616583333333,5408.572700000001
2019-01-15,4583.55,4644.17,4644.17,4569.14,101562237.0,csi1000,中证1000,4537.369000000001,4570.755999999999,4608.886333333333,4837.644916666667,5397.9701000000005
2019-01-16,4644.23,4637.2,4669.63,4632.07,102219630.0,csi1000,中证1000,4537.8675,4569.1792,4611.960666666667,4830.1115,5389.1416500000005
2019-01-17,4632.27,4595.49,4639.79,4590.31,103440105.0,csi1000,中证1000,4537.8115,4564.18,4615.5678333333335,4821.888,5379.542850000001
2019-01-18,4596.25,4626.41,4627.66,4576.77,109175225.0,csi1000,中证1000,4542.4619999999995,4560.4836,4619.7155,4813.172916666666,5369.270700000001
2019-01-21,4629.79,4655.11,4668.48,4624.65,100076064.0,csi1000,中证1000,4547.6875,4556.1392,4624.878500000001,4804.585583333333,5359.366899999999
2019-01-22,4651.03,4603.2,4651.1,4589.37,97121041.0,csi1000,中证1000,4551.9585,4554.591600000001,4628.940666666666,4795.752416666667,5348.9615
2019-01-23,4590.69,4609.67,4609.68,4580.63,85172901.0,csi1000,中证1000,4554.526,4553.8892,4634.1568333333325,4787.2477499999995,5338.016500000001
2019-01-24,4613.93,4635.75,4651.02,4591.8,99056797.0,csi1000,中证1000,4560.5824999999995,4555.4547999999995,4639.141833333333,4779.637,5327.015900000001
2019-01-25,4634.06,4607.94,4651.32,4606.87,99927190.0,csi1000,中证1000,4566.2545,4558.4364000000005,4642.597333333334,4771.848666666667,5316.2078
2019-01-28,4629.43,4570.4,4640.62,4565.79,90487999.0,csi1000,中证1000,4573.5419999999995,4559.2284,4644.958333333333,4764.466916666667,5305.5152
2019-01-29,4557.81,4490.05,4558.05,4419.4,96718036.0,csi1000,中证1000,4576.5435,4558.1192,4643.722833333333,4757.502333333333,5294.3722
2019-01-30,4464.8,4423.14,4492.66,4422.36,74488978.0,csi1000,中证1000,4577.274,4552.712,4640.805166666666,4750.564916666667,5282.884050000001
2019-01-31,4408.11,4355.74,4441.42,4328.92,94572194.0,csi1000,中证1000,4576.218,4546.3568,4636.682333333333,4743.99075,5270.863700000001
2019-02-01,4369.27,4482.99,4482.99,4369.27,77712659.0,csi1000,中证1000,4575.473,4545.8964,4634.851500000001,4737.352,5259.640450000001
2019-02-11,4497.53,4611.83,4611.83,4497.53,92672577.0,csi1000,中证1000,4576.357,4553.3836,4635.509000000001,4732.519,5249.0913
2019-02-12,4611.85,4675.79,4685.13,4604.1,112331012.0,csi1000,中证1000,4580.8949999999995,4563.2144,4637.4186666666665,4727.2508333333335,5238.8806
2019-02-13,4679.69,4759.83,4766.18,4672.78,136305865.0,csi1000,中证1000,4589.1495,4577.2663999999995,4638.460000000001,4722.399,5229.8563
2019-02-14,4758.51,4780.04,4801.09,4741.52,122835601.0,csi1000,中证1000,4599.027499999999,4593.393599999999,4638.2865,4717.4895,5220.45005
2019-02-15,4772.98,4773.51,4805.8,4763.76,125212371.0,csi1000,中证1000,4606.6224999999995,4604.4184,4637.991166666668,4712.676916666666,5210.93215
2019-02-18,4805.33,4942.88,4942.88,4805.33,164851885.0,csi1000,中证1000,4624.057,4618.3676000000005,4639.187666666667,4710.1835,5202.96675
2019-02-19,4964.22,4963.75,4988.26,4897.23,192358065.0,csi1000,中证1000,4640.035999999999,4633.5164,4639.850333333334,4708.396083333332,5195.4529
2019-02-20,4958.89,4967.04,4971.13,4906.63,165216070.0,csi1000,中证1000,4656.528,4648.408399999999,4640.2595,4707.419666666667,5187.2552000000005
2019-02-21,4957.63,4947.66,5046.62,4930.97,190944300.0,csi1000,中证1000,4674.1365000000005,4663.0156,4642.522500000001,4706.1199166666665,5178.8334
2019-02-22,4935.44,5059.51,5059.51,4932.2,178598982.0,csi1000,中证1000,4695.7915,4680.531599999999,4646.063666666666,4705.265583333333,5171.578299999999
2019-02-25,5129.47,5324.25,5324.52,5120.47,279811989.0,csi1000,中证1000,4729.2485,4709.7339999999995,4653.965666666666,4707.114666666666,5165.6143
2019-02-26,5335.38,5323.76,5438.88,5273.9,301079738.0,csi1000,中证1000,4765.2765,4736.9176,4665.3263333333325,4708.701583333333,5159.79905
2019-02-27,5312.56,5310.27,5391.87,5245.41,249461989.0,csi1000,中证1000,4800.306500000001,4763.8404,4676.602,4710.319333333333,5153.624049999999
2019-02-28,5306.2,5330.34,5370.21,5291.98,200466406.0,csi1000,中证1000,4835.036,4793.2344,4687.580333333332,4711.160833333333,5147.6193
2019-03-01,5344.42,5364.37,5364.37,5286.0,178938607.0,csi1000,中证1000,4872.8575,4822.7528,4698.176833333334,4712.251416666667,5141.20825
2019-03-04,5418.71,5482.3,5562.2,5418.27,273202346.0,csi1000,中证1000,4918.452499999999,4855.8404,4712.592666666666,4714.573,5135.22905
2019-03-05,5470.7,5654.31,5654.31,5451.29,268062367.0,csi1000,中证1000,4976.665500000001,4897.8848,4729.3615,4719.073333333334,5130.126050000001
2019-03-06,5694.9,5776.97,5776.98,5625.34,322771413.0,csi1000,中证1000,5044.357000000001,4944.5768,4745.6061666666665,4725.064916666667,5125.49485
2019-03-07,5775.3,5877.3,5928.61,5750.05,329260507.0,csi1000,中证1000,5120.4349999999995,4994.2388,4762.791666666666,4731.924833333334,5121.6975
2019-03-08,5736.93,5633.32,5913.03,5633.29,328703794.0,csi1000,中证1000,5177.9515,5035.254,4776.397166666666,4736.2595833333335,5116.90545
2019-03-11,5682.57,5876.34,5876.34,5645.18,264261667.0,csi1000,中证1000,5241.177,5087.491599999999,4795.487666666667,4743.291583333334,5112.9815
2019-03-12,5922.57,6006.18,6046.62,5897.17,318246948.0,csi1000,中证1000,5307.6965,5148.1368,4816.725666666666,4751.572166666667,5109.899200000001
2019-03-13,6014.51,5866.63,6039.97,5822.57,293148958.0,csi1000,中证1000,5363.0365,5205.8764,4836.559166666667,4758.608416666667,5106.2761
2019-03-14,5810.02,5688.95,5860.93,5622.34,232973851.0,csi1000,中证1000,5408.482000000001,5259.2047999999995,4852.700500000001,4764.986,5101.617
2019-03-15,5723.65,5777.11,5816.31,5704.27,200343467.0,csi1000,中证1000,5458.661999999999,5310.969599999999,4870.3386666666665,4772.084416666667,5097.01685
2019-03-18,5801.32,5916.34,5916.34,5743.6,212333651.0,csi1000,中证1000,5507.335000000001,5363.15,4889.549,4780.388833333333,5092.97655
2019-03-19,5916.17,5941.91,5968.34,5895.18,208325492.0,csi1000,中证1000,5556.243,5413.7948,4911.216,4788.586666666666,5089.42465
2019-03-20,5935.27,5926.17,5948.85,5811.2,214445294.0,csi1000,中证1000,5604.199500000001,5460.448399999999,4932.865,4797.072,5085.913
2019-03-21,5929.75,5990.64,6034.48,5914.67,247020488.0,csi1000,中证1000,5656.3485,5508.8724,4956.0988333333335,4806.731,5083.15895
2019-03-22,5981.7,6014.55,6022.07,5889.68,222264881.0,csi1000,中证1000,5704.1005000000005,5558.513999999999,4980.7846666666655,4815.874333333332,5080.7797
2019-03-25,5914.85,5961.44,6039.66,5890.4,220347591.0,csi1000,中证1000,5735.96,5599.2564,5004.298666666667,4824.13625,5078.40305
2019-03-26,5982.36,5788.36,6006.94,5774.74,209238746.0,csi1000,中证1000,5759.1900000000005,5632.2408000000005,5025.475,4831.109333333333,5076.18275
2019-03-27,5822.69,5826.53,5842.07,5696.13,174223425.0,csi1000,中证1000,5785.003,5666.620400000001,5046.611833333333,4837.899666666666,5073.73955
2019-03-28,5797.87,5747.86,5872.2,5744.23,171831553.0,csi1000,中证1000,5805.879,5698.6284,5067.1658333333335,4844.167666666666,5071.260200000001
2019-03-29,5748.92,5911.21,5911.22,5699.69,192594810.0,csi1000,中证1000,5833.221,5732.6964,5090.777666666667,4851.618916666667,5069.7382
2019-04-01,5961.79,6137.73,6137.73,5961.79,244075253.0,csi1000,中证1000,5865.992499999999,5765.235599999999,5119.329,4861.552583333333,5068.84475
2019-04-02,6181.08,6174.94,6234.75,6135.8,261504891.0,csi1000,中证1000,5892.023999999999,5799.2828,5148.410999999999,4871.449833333333,5068.1171
2019-04-03,6142.37,6237.02,6237.16,6114.6,236994627.0,csi1000,中证1000,5915.0265,5836.352799999999,5178.885833333334,4883.279750000001,5067.9278
2019-04-04,6262.69,6260.07,6283.29,6198.03,243395635.0,csi1000,中证1000,5934.165,5873.5419999999995,5210.272666666668,4895.290916666666,5068.198350000001
2019-04-08,6303.43,6230.21,6322.48,6130.76,260323275.0,csi1000,中证1000,5964.0095,5908.1756,5239.144666666666,4907.105750000001,5068.5896999999995
2019-04-09,6212.73,6245.43,6261.15,6164.97,208547660.0,csi1000,中证1000,5982.464,5938.7008000000005,5266.665999999999,4922.012583333333,5068.8211
2019-04-10,6203.4,6235.71,6289.93,6159.23,230414853.0,csi1000,中证1000,5993.9405,5961.956800000001,5294.177333333334,4937.079499999999,5069.53795
2019-04-11,6232.89,6106.95,6249.5,6106.66,216963919.0,csi1000,中证1000,6005.9565,5975.156000000001,5319.380833333334,4951.646833333333,5069.7720500000005
2019-04-12,6097.07,6101.2,6130.38,6047.83,177320978.0,csi1000,中证1000,6026.5689999999995,5984.111999999999,5344.6928333333335,4966.980416666667,5070.6377
2019-04-15,6178.5,6052.05,6215.38,6049.24,191818239.0,csi1000,中证1000,6040.316,6000.8612,5368.5335000000005,4981.645833333333,5073.2853000000005
2019-04-16,6019.13,6179.8,6179.8,5978.73,198001456.0,csi1000,中证1000,6053.489,6012.999599999999,5394.960333333333,4998.5655,5076.24295
2019-04-17,6181.76,6234.11,6267.59,6175.58,222085301.0,csi1000,中证1000,6068.099,6022.1168,5421.459333333333,5015.172833333334,5080.128949999999
2019-04-18,6229.69,6202.84,6255.79,6188.12,212230452.0,csi1000,中证1000,6081.9325,6035.5652,5447.553333333333,5029.757,5083.4363
2019-04-19,6198.61,6255.25,6255.26,6147.16,207121062.0,csi1000,中证1000,6095.163,6058.217200000001,5475.216,5045.3919166666665,5087.1504
2019-04-22,6270.37,6192.14,6274.46,6171.31,214587952.0,csi1000,中证1000,6104.0425,6074.8184,5501.3115,5060.5135,5090.31755
2019-04-23,6175.13,6078.27,6175.82,6061.75,213003386.0,csi1000,中证1000,6109.884,6081.2956,5525.030833333333,5074.954666666667,5093.1643
2019-04-24,6081.96,6153.39,6153.39,6017.86,182176366.0,csi1000,中证1000,6128.1355,6089.7548,5550.867333333333,5089.9039999999995,5096.712
2019-04-25,6130.01,5899.91,6140.3,5899.65,212511761.0,csi1000,中证1000,6131.8045,6088.7044000000005,5572.3713333333335,5103.264083333333,5098.16885
2019-04-26,5861.79,5834.38,5926.04,5830.35,172501458.0,csi1000,中证1000,6136.1305,6082.454000000001,5592.348499999999,5115.745166666667,5099.6503
2019-04-29,5831.24,5622.48,5849.64,5613.83,179824494.0,csi1000,中证1000,6121.694,6066.7712,5609.257500000001,5125.927416666666,5099.75475
2019-04-30,5595.81,5682.24,5718.32,5595.81,134502043.0,csi1000,中证1000,6098.9195,6055.6032000000005,5627.788166666666,5136.37325,5100.6626
2019-05-06,5480.13,5246.83,5496.84,5212.99,167814118.0,csi1000,中证1000,6052.514,6033.941999999999,5640.4011666666665,5142.062000000001,5100.13345
2019-05-07,5273.22,5312.5,5353.61,5214.9,144244560.0,csi1000,中证1000,6006.288,6013.3808,5655.223833333334,5148.0145,5099.823050000001
2019-05-08,5198.84,5292.75,5376.9,5166.4,145636329.0,csi1000,中证1000,5957.9220000000005,5995.1764,5670.840666666667,5153.7615,5098.849050000001
2019-05-09,5243.72,5237.82,5308.02,5229.82,121058408.0,csi1000,中证1000,5908.3025,5968.2408,5683.421166666667,5159.136333333333,5097.41415
2019-05-10,5292.45,5445.53,5445.54,5192.7,172481790.0,csi1000,中证1000,5868.307500000001,5940.5528,5697.3161666666665,5166.412583333334,5097.66025
2019-05-13,5385.76,5405.61,5440.91,5366.78,135045946.0,csi1000,中证1000,5826.8025,5909.7796,5709.479833333333,5173.449250000001,5096.9815
2019-05-14,5333.85,5368.23,5422.62,5328.01,130383164.0,csi1000,中证1000,5789.8665,5875.028,5719.619833333333,5179.039916666666,5096.0142
2019-05-15,5412.93,5486.39,5491.4,5403.48,146817521.0,csi1000,中证1000,5759.126,5844.080800000001,5731.392333333333,5184.839416666667,5095.61135
2019-05-16,5488.27,5527.27,5539.35,5478.07,165713589.0,csi1000,中证1000,5732.887000000001,5815.963200000001,5743.955,5190.973083333333,5095.37035
2019-05-17,5527.38,5330.99,5530.9,5306.47,175754930.0,csi1000,中证1000,5690.4465,5779.3856,5750.4235,5194.805583333334,5094.3027
2019-05-20,5326.19,5313.15,5330.18,5200.68,135497682.0,csi1000,中证1000,5644.3985,5742.4832,5756.246833333334,5198.048583333334,5093.4646
2019-05-21,5305.44,5418.05,5425.31,5287.31,142602880.0,csi1000,中证1000,5605.159,5714.9272,5763.763666666667,5202.011583333332,5092.8488
2019-05-22,5418.24,5395.43,5451.11,5351.7,142023330.0,csi1000,中证1000,5562.168,5686.6964,5771.2265,5206.874500000001,5091.9144
2019-05-23,5380.41,5267.83,5380.41,5251.34,143600000.0,csi1000,中证1000,5515.9525,5655.3276000000005,5774.6985,5210.381083333333,5089.89245
2019-05-24,5230.9,5200.77,5279.65,5186.87,118146768.0,csi1000,中证1000,5472.077499999999,5616.1664,5772.6405,5213.303083333333,5087.46835
2019-05-27,5204.42,5354.63,5360.0,5179.19,128155378.0,csi1000,中证1000,5432.139499999999,5580.9872000000005,5773.155,5219.240666666667,5085.9256
2019-05-28,5353.85,5354.53,5414.65,5332.93,139389445.0,csi1000,中证1000,5404.870499999999,5547.0548,5773.892666666667,5225.247333333334,5084.5471
2019-05-29,5336.84,5376.51,5411.08,5329.91,122728790.0,csi1000,中证1000,5381.977000000001,5511.905199999999,5774.662166666667,5231.12125,5083.68445
2019-05-30,5357.49,5341.98,5357.49,5270.89,133342170.0,csi1000,中证1000,5367.951999999999,5477.8988,5774.289,5236.232916666666,5082.68165
2019-05-31,5336.69,5334.25,5384.48,5319.21,127940457.0,csi1000,中证1000,5350.5525,5448.138000000001,5771.8215,5242.207083333333,5082.07185
2019-06-03,5341.27,5255.07,5354.69,5235.52,140140957.0,csi1000,中证1000,5350.9645,5412.2052,5765.1675,5247.2645,5081.7182
2019-06-04,5244.73,5160.98,5249.53,5131.01,119113915.0,csi1000,中证1000,5343.3885,5382.647999999999,5754.901,5250.253583333334,5081.24495
2019-06-05,5206.15,5158.47,5222.87,5148.29,108597057.0,csi1000,中证1000,5336.6745,5355.611599999999,5742.920500000001,5252.856083333333,5081.3141000000005
2019-06-06,5149.38,5030.8,5149.38,5011.76,112692560.0,csi1000,中证1000,5326.3235,5331.944399999999,5732.878500000001,5254.637833333332,5080.0698999999995
2019-06-10,5043.33,5098.94,5112.43,5022.0,98524062.0,csi1000,中证1000,5308.994,5308.6124,5719.921833333333,5257.704750000001,5079.60565
2019-06-11,5103.85,5289.62,5289.79,5096.02,155235649.0,csi1000,中证1000,5303.1945,5310.3240000000005,5707.979166666667,5262.352416666667,5079.5139
2019-06-12,5276.7,5264.89,5315.96,5251.05,150031538.0,csi1000,中证1000,5298.0275,5308.419599999999,5697.9501666666665,5267.254666666667,5079.1281
2019-06-13,5256.91,5294.11,5306.98,5237.96,135168147.0,csi1000,中证1000,5288.4135,5308.474,5691.3695,5272.035,5078.752750000001
2019-06-14,5297.74,5173.07,5307.08,5170.98,132738265.0,csi1000,中证1000,5270.7035,5305.884,5681.302166666666,5275.8204166666665,5077.863
2019-06-17,5168.35,5160.67,5192.13,5140.27,95764657.0,csi1000,中证1000,5262.1875,5294.4896,5668.707666666666,5279.128333333333,5077.4559
2019-06-18,5160.11,5160.88,5183.02,5125.1,92008045.0,csi1000,中证1000,5254.574,5284.700400000001,5655.6905,5283.4532500000005,5077.3691
2019-06-19,5268.94,5234.28,5292.28,5231.97,130878758.0,csi1000,中证1000,5245.3855,5279.3423999999995,5644.159000000001,5288.512000000001,5078.11945
2019-06-20,5228.49,5317.31,5329.97,5199.87,148037153.0,csi1000,中证1000,5241.4794999999995,5272.5792,5632.936833333334,5294.517833333333,5079.187849999999
2019-06-21,5350.29,5406.04,5423.19,5350.29,167478108.0,csi1000,中证1000,5248.389999999999,5267.73,5622.795,5301.789833333333,5080.4079
2019-06-24,5412.55,5403.8,5427.67,5374.52,130858165.0,csi1000,中证1000,5258.5415,5270.6424,5613.501,5308.899833333333,5081.915099999999
2019-06-25,5397.06,5351.69,5397.06,5289.84,134544718.0,csi1000,中证1000,5258.3945,5272.184,5606.223166666667,5315.8490833333335,5083.0069
2019-06-26,5323.7,5351.39,5384.06,5303.24,107686630.0,csi1000,中证1000,5258.2375,5269.5176,5598.304166666667,5322.458,5084.18315
2019-06-27,5361.98,5397.57,5415.36,5360.49,121409184.0,csi1000,中证1000,5259.2905,5269.6032,5592.466,5329.8159166666655,5085.0242
2019-06-28,5389.98,5321.43,5389.98,5289.43,119527294.0,csi1000,中证1000,5258.263,5271.7472,5582.636333333333,5336.706999999999,5085.46385
2019-07-01,5418.21,5481.41,5481.41,5392.44,149214343.0,csi1000,中证1000,5265.621,5282.9728000000005,5571.697666666666,5345.513333333334,5086.85235
2019-07-02,5482.44,5483.52,5501.12,5462.73,133052820.0,csi1000,中证1000,5277.043500000001,5288.1284,5560.174,5354.2925,5088.6986
2019-07-03,5465.95,5428.51,5465.95,5408.58,121295435.0,csi1000,中证1000,5290.42,5291.0876,5546.698833333333,5362.792333333333,5090.55125
2019-07-04,5435.48,5404.38,5450.29,5381.05,114081446.0,csi1000,中证1000,5302.7155,5292.2024,5532.437333333333,5371.355,5092.3026
2019-07-05,5404.71,5424.25,5433.69,5379.89,96904986.0,csi1000,中证1000,5322.388000000001,5295.493200000001,5519.004666666667,5379.074666666666,5093.8581
2019-07-08,5410.2,5244.27,5410.2,5221.95,123487145.0,csi1000,中证1000,5329.6545,5291.894,5502.318666666667,5384.492333333333,5094.91695
2019-07-09,5239.86,5260.34,5270.46,5203.85,90883173.0,csi1000,中证1000,5328.190500000001,5292.1048,5486.0625,5390.119916666666,5096.1561
2019-07-10,5267.27,5214.64,5271.24,5196.82,86986664.0,csi1000,中证1000,5325.678,5294.2512,5471.190666666666,5395.285749999999,5097.1179
2019-07-11,5236.66,5206.4,5271.61,5180.96,88825374.0,csi1000,中证1000,5321.2925000000005,5296.1684,5456.2773333333325,5400.485083333333,5098.5317
2019-07-12,5209.3,5219.19,5229.84,5173.05,84877354.0,csi1000,中证1000,5323.5985,5303.704000000001,5442.396333333333,5405.464916666667,5100.00115
2019-07-15,5203.58,5273.81,5289.01,5140.8,103285136.0,csi1000,中证1000,5329.2555,5310.6988,5427.2964999999995,5411.128416666667,5101.77115
2019-07-16,5264.65,5285.23,5289.01,5254.62,88246972.0,csi1000,中证1000,5335.473,5310.5232,5411.481833333334,5416.470583333333,5103.40645
2019-07-17,5282.56,5289.42,5312.71,5269.24,98706416.0,csi1000,中证1000,5338.2300000000005,5311.5044,5396.2581666666665,5421.905750000001,5105.3139
2019-07-18,5265.37,5194.6,5265.37,5194.6,96554680.0,csi1000,中证1000,5332.0945,5307.524,5378.580666666666,5426.8983333333335,5107.1291
2019-07-19,5205.73,5220.03,5263.34,5205.7,87706047.0,csi1000,中证1000,5322.794,5309.4024,5362.378833333333,5431.845166666667,5108.6425
2019-07-22,5222.06,5073.33,5222.34,5067.1,98799860.0,csi1000,中证1000,5306.2705000000005,5305.9088,5345.629833333334,5435.330333333333,5109.1591
2019-07-23,5072.77,5131.1,5131.1,5072.77,74249778.0,csi1000,中证1000,5295.241,5304.7176,5328.591666666666,5439.7294999999995,5110.0566499999995
2019-07-24,5141.94,5194.83,5219.15,5141.9,91972065.0,csi1000,中证1000,5287.4130000000005,5303.1395999999995,5316.840333333333,5444.605833333334,5110.97235
2019-07-25,5193.65,5211.09,5220.13,5181.28,85520728.0,csi1000,中证1000,5278.089,5298.890800000001,5306.452166666667,5449.400333333334,5112.0493
2019-07-26,5201.56,5216.6,5222.33,5188.24,77863052.0,csi1000,中证1000,5272.847500000001,5291.3132,5299.6875,5454.4725,5113.0470000000005
2019-07-29,5217.93,5218.98,5235.01,5197.02,76414579.0,csi1000,中证1000,5259.726000000001,5283.9204,5291.9664999999995,5459.877333333333,5114.41345
2019-07-30,5217.07,5239.72,5269.31,5216.81,84370624.0,csi1000,中证1000,5247.536,5279.4416,5291.848,5466.124583333334,5115.6757
2019-07-31,5229.14,5200.09,5229.14,5193.18,82306375.0,csi1000,中证1000,5236.115,5273.3896,5289.974499999999,5472.599166666667,5117.589
2019-08-01,5172.08,5173.23,5201.48,5151.39,80247390.0,csi1000,中证1000,5224.5575,5264.416,5287.982499999999,5479.4115833333335,5119.3615
2019-08-02,5074.0,5091.06,5101.14,5047.39,101405199.0,csi1000,中证1000,5207.897999999999,5255.2011999999995,5285.5365,5484.478833333334,5120.75465
2019-08-05,5076.11,5032.64,5124.38,5032.64,91066502.0,csi1000,中证1000,5197.3165,5237.250400000001,5278.655,5487.985583333332,5123.6348
2019-08-06,4940.87,4899.82,4940.87,4781.88,126619715.0,csi1000,中证1000,5179.2905,5213.9024,5270.225166666667,5489.8525,5125.9955
2019-08-07,4928.14,4885.44,4941.96,4884.99,89951946.0,csi1000,中证1000,5162.8305,5192.1796,5262.178666666666,5490.8992499999995,5128.62835
2019-08-08,4901.82,4923.33,4936.83,4901.71,83388258.0,csi1000,中证1000,5148.677000000001,5172.9376,5252.794333333334,5492.093333333334,5131.93915
2019-08-09,4948.52,4869.79,4963.0,4861.12,89534965.0,csi1000,中证1000,5131.207,5150.7591999999995,5241.836333333334,5492.895666666666,5134.8270999999995
2019-08-12,4873.89,4952.22,4952.22,4859.62,78824217.0,csi1000,中证1000,5115.1275000000005,5139.0772,5235.5235,5492.973500000001,5138.841
2019-08-13,4917.89,4928.46,4935.94,4903.82,79018318.0,csi1000,中证1000,5097.289000000001,5125.802,5229.111999999999,5492.679416666667,5142.27715
2019-08-14,4980.39,4961.75,4997.44,4953.98,90034716.0,csi1000,中证1000,5080.9055,5115.6864000000005,5221.507,5492.635333333334,5144.8222000000005
2019-08-15,4848.87,4985.42,4985.54,4829.41,95328609.0,csi1000,中证1000,5070.4465,5106.8472,5214.673500000001,5492.95,5147.854
2019-08-16,4981.56,5013.58,5044.21,4979.93,96228503.0,csi1000,中证1000,5060.124000000001,5098.6228,5210.436,5492.567249999999,5151.0341499999995
2019-08-19,5054.48,5173.18,5173.18,5054.48,131032179.0,csi1000,中证1000,5065.1165,5094.5976,5209.976166666666,5491.308333333333,5155.1734
2019-08-20,5183.01,5185.27,5220.68,5168.94,132730041.0,csi1000,中证1000,5067.825,5090.5992,5207.1535,5490.1542500000005,5159.3024
2019-08-21,5177.88,5186.62,5203.65,5168.81,114896013.0,csi1000,中证1000,5067.4145,5086.4872,5204.355,5489.123833333333,5163.7519999999995
2019-08-22,5200.06,5208.55,5208.55,5165.61,114152369.0,csi1000,中证1000,5067.2875,5087.0452000000005,5201.555666666666,5488.108916666666,5168.1115
2019-08-23,5210.42,5197.55,5224.57,5179.47,120371153.0,csi1000,中证1000,5066.335,5086.146000000001,5199.1485,5486.71875,5172.096200000001
2019-08-26,5096.1,5168.68,5186.4,5087.7,122374323.0,csi1000,中证1000,5063.82,5089.96,5196.389,5484.10525,5175.7959
2019-08-27,5196.14,5266.66,5283.06,5196.14,147090648.0,csi1000,中证1000,5065.1669999999995,5095.3823999999995,5196.582166666666,5480.874833333333,5179.308300000001
2019-08-28,5261.62,5256.18,5274.68,5236.02,140548482.0,csi1000,中证1000,5067.9715,5097.8364,5198.168833333333,5476.5349166666665,5182.598199999999
2019-08-29,5262.96,5260.95,5286.11,5249.75,130752793.0,csi1000,中证1000,5072.3575,5099.8308,5199.876833333333,5471.398666666666,5185.8874
2019-08-30,5280.51,5182.96,5289.04,5160.45,146306831.0,csi1000,中证1000,5076.9525,5098.4852,5202.412833333334,5467.645666666666,5188.838
2019-09-02,5187.4,5317.53,5318.4,5187.4,140256474.0,csi1000,中证1000,5091.197,5102.4272,5206.056,5462.988916666667,5192.56375
2019-09-03,5324.69,5357.06,5357.06,5310.27,143294224.0,csi1000,中证1000,5114.058999999999,5107.120800000001,5207.179999999999,5457.579583333334,5196.543
2019-09-04,5345.94,5394.71,5394.71,5336.57,151964442.0,csi1000,中证1000,5139.5225,5114.9056,5209.343666666667,5453.646916666667,5200.0298
2019-09-05,5423.96,5445.57,5504.94,5418.92,192911455.0,csi1000,中证1000,5165.6345,5125.7992,5211.868,5451.61875,5203.3054
2019-09-06,5461.33,5468.46,5479.12,5425.37,152005589.0,csi1000,中证1000,5195.568,5140.8952,5216.791166666666,5449.046666666667,5206.69155
2019-09-09,5516.53,5602.24,5602.24,5495.16,175102700.0,csi1000,中证1000,5228.069,5163.6792,5224.150666666667,5446.429166666667,5210.3473
2019-09-10,5608.74,5614.58,5625.92,5573.99,175825533.0,csi1000,中证1000,5262.375,5192.2696000000005,5231.712333333333,5443.701416666667,5213.80025
2019-09-11,5630.2,5566.41,5634.44,5564.94,157662647.0,csi1000,中证1000,5292.607999999999,5219.508400000001,5237.247833333333,5440.703416666667,5216.91985
2019-09-12,5580.6,5592.92,5601.47,5546.25,131539817.0,csi1000,中证1000,5322.983,5246.2919999999995,5241.841333333333,5437.389083333333,5220.82505
2019-09-16,5613.57,5627.24,5650.67,5600.8,151239778.0,csi1000,中证1000,5353.665999999999,5276.59,5245.528,5434.161499999999,5224.72605
2019-09-17,5614.16,5492.22,5614.16,5471.43,155208189.0,csi1000,中证1000,5369.618,5298.19,5247.001666666667,5430.251333333334,5227.9365
2019-09-18,5501.84,5485.88,5515.22,5467.91,115406599.0,csi1000,中证1000,5384.6485,5320.4868,5249.238166666667,5427.730666666667,5232.1553
2019-09-19,5497.24,5550.41,5550.41,5468.75,118150865.0,csi1000,中证1000,5402.838000000001,5344.0332,5252.555166666667,5425.429666666666,5236.7387
2019-09-20,5560.04,5556.48,5576.79,5533.28,126469433.0,csi1000,中证1000,5420.2345000000005,5366.8756,5255.203666666666,5423.834833333333,5241.162899999999
2019-09-23,5538.73,5501.21,5538.73,5462.27,121427152.0,csi1000,中证1000,5435.4175,5386.3808,5258.2,5420.418166666667,5245.0260499999995
2019-09-24,5504.5,5528.89,5568.22,5495.46,126895429.0,csi1000,中证1000,5453.428,5400.609200000001,5258.991333333334,5415.344500000001,5249.58375
2019-09-25,5502.16,5421.62,5502.16,5421.62,129643959.0,csi1000,中证1000,5461.176,5410.0632,5257.959666666667,5409.066833333333,5253.4509499999995
2019-09-26,5428.61,5244.08,5436.95,5244.08,130735221.0,csi1000,中证1000,5460.571,5412.3616,5254.885833333334,5400.792333333333,5255.6599
2019-09-27,5241.51,5291.44,5313.08,5241.51,90617382.0,csi1000,中证1000,5462.095499999999,5415.6772,5253.0035,5392.720416666667,5257.88625
2019-09-30,5297.02,5232.39,5315.34,5232.39,77537916.0,csi1000,中证1000,5464.567,5417.0707999999995,5249.805833333333,5384.405249999999,5259.96325
2019-10-08,5242.02,5237.18,5280.59,5226.26,78830377.0,csi1000,中证1000,5460.5495,5419.810800000001,5249.687666666666,5376.003166666666,5262.4946
2019-10-09,5220.2,5285.15,5285.15,5191.06,81537732.0,csi1000,中证1000,5456.954,5420.5504,5250.101166666666,5368.081833333334,5265.26085
2019-10-10,5291.55,5366.93,5367.1,5281.86,94803319.0,csi1000,中证1000,5455.5650000000005,5424.9804,5252.6393333333335,5361.914999999999,5268.7124
2019-10-11,5371.4,5370.65,5392.78,5327.79,106505533.0,csi1000,中证1000,5451.8189999999995,5429.368399999999,5255.376833333334,5355.827083333334,5271.9633
2019-10-14,5411.65,5455.61,5463.54,5402.63,127453901.0,csi1000,中证1000,5451.1765,5440.2744,5259.317166666667,5350.85675,5275.64725
2019-10-15,5429.94,5375.53,5429.94,5367.14,120133371.0,csi1000,中证1000,5439.840999999999,5442.594399999999,5261.0125,5344.154500000001,5278.7063
2019-10-16,5377.75,5353.02,5397.07,5350.15,105111242.0,csi1000,中证1000,5426.763,5442.4328000000005,5262.142333333333,5336.812083333333,5282.261950000001
2019-10-17,5354.41,5347.27,5371.67,5331.73,92051923.0,csi1000,中证1000,5415.8060000000005,5440.5352,5263.1065,5329.682333333333,5285.86215
2019-10-18,5350.64,5280.53,5374.6,5267.93,107176436.0,csi1000,中证1000,5400.186500000001,5433.9336,5264.538666666666,5321.559666666667,5289.28175
2019-10-21,5273.64,5247.3,5273.64,5200.93,91111910.0,csi1000,中证1000,5381.1895,5425.0872,5264.993166666667,5313.686,5292.85125
2019-10-22,5252.19,5312.46,5312.46,5249.96,90350448.0,csi1000,中证1000,5372.2015,5413.496,5268.978666666666,5307.304249999999,5296.6605500000005
2019-10-23,5311.77,5269.72,5314.36,5257.77,94464034.0,csi1000,中证1000,5361.3935,5399.7016,5271.289000000001,5299.940333333334,5300.42025
2019-10-24,5262.92,5259.45,5274.32,5220.55,94722918.0,csi1000,中证1000,5346.845499999999,5387.423199999999,5272.365999999999,5294.603166666667,5303.925899999999
2019-10-25,5254.37,5300.09,5307.75,5227.89,101229519.0,csi1000,中证1000,5334.026,5375.71,5273.849333333334,5290.15075,5307.853250000001
2019-10-28,5343.5,5425.75,5425.75,5343.44,136224883.0,csi1000,中证1000,5330.253,5367.6504,5277.335166666667,5288.511333333333,5312.509500000001
2019-10-29,5434.31,5366.75,5434.31,5366.75,155004456.0,csi1000,中证1000,5322.146000000001,5362.631600000001,5279.798,5285.88225,5317.22
2019-10-30,5349.08,5313.42,5351.86,5301.64,139966476.0,csi1000,中证1000,5316.736,5355.7332,5281.026333333332,5286.437166666667,5321.637
2019-10-31,5310.66,5253.88,5329.2,5252.17,119979824.0,csi1000,中证1000,5317.226,5343.871999999999,5281.922833333333,5285.948666666666,5325.86375
2019-11-01,5234.75,5303.99,5308.93,5227.11,106994988.0,csi1000,中证1000,5317.8535,5333.7724,5284.102166666667,5286.042333333333,5330.4994
2019-11-04,5316.6,5337.08,5365.59,5316.6,114489488.0,csi1000,中证1000,5323.088000000001,5327.2072,5288.2025,5286.8695,5334.69535
2019-11-05,5341.17,5352.06,5362.44,5306.05,113885646.0,csi1000,中证1000,5328.832,5320.134,5293.5261666666665,5286.090583333334,5338.4848999999995
2019-11-06,5348.45,5304.84,5356.31,5286.44,111174349.0,csi1000,中证1000,5329.8165,5315.4628,5300.276500000001,5285.2508333333335,5342.08395
2019-11-07,5300.67,5340.17,5347.66,5294.2,96695460.0,csi1000,中证1000,5328.478499999999,5319.3064,5307.855333333334,5285.017000000001,5345.8111
2019-11-08,5361.27,5321.78,5375.06,5318.77,104093933.0,csi1000,中证1000,5326.035,5320.52,5314.496166666666,5283.6452500000005,5349.5076
2019-11-11,5289.63,5183.57,5289.63,5175.62,106907294.0,csi1000,中证1000,5312.433,5318.5671999999995,5319.725833333333,5280.781083333333,5352.3174
2019-11-12,5183.48,5196.72,5196.72,5123.3,93959974.0,csi1000,中证1000,5303.4925,5316.9488,5323.800833333333,5279.662166666666,5355.3300500000005
2019-11-13,5188.88,5181.49,5200.24,5160.33,86654400.0,csi1000,中证1000,5294.916,5312.8024,5328.018,5278.565,5358.0166500000005
2019-11-14,5180.31,5216.64,5229.09,5177.11,89584834.0,csi1000,中证1000,5288.3845,5306.7908,5332.266166666667,5276.886583333334,5360.91385
2019-11-15,5208.37,5152.56,5220.06,5152.56,94729429.0,csi1000,中证1000,5281.986,5298.0671999999995,5335.051833333333,5274.862666666667,5363.6992
2019-11-18,5147.03,5189.35,5192.86,5139.96,85671862.0,csi1000,中证1000,5279.0885,5287.416800000001,5337.981333333333,5274.208666666667,5366.513899999999
2019-11-19,5192.68,5286.15,5286.15,5187.77,104374167.0,csi1000,中证1000,5277.773,5283.841600000001,5339.864166666667,5274.920166666667,5369.6691
2019-11-20,5281.85,5259.47,5303.93,5251.08,106261069.0,csi1000,中证1000,5277.2605,5280.0996,5341.100833333333,5274.127166666667,5372.95045
2019-11-21,5238.6,5250.67,5274.23,5228.26,92923714.0,csi1000,中证1000,5276.8215,5276.235600000001,5342.168333333334,5273.261666666667,5376.155449999999
2019-11-22,5255.43,5181.11,5296.33,5157.55,115747888.0,csi1000,中证1000,5270.8724999999995,5272.2588,5341.711,5271.633333333333,5378.88225
2019-11-25,5179.15,5151.37,5185.45,5107.51,106053787.0,csi1000,中证1000,5257.1535,5268.421600000001,5340.941333333333,5270.044916666667,5381.599399999999
2019-11-26,5154.92,5147.73,5170.49,5131.54,91068910.0,csi1000,中证1000,5246.2025,5261.8324,5340.592166666666,5268.490583333333,5384.4860499999995
2019-11-27,5138.06,5145.97,5170.6,5121.32,91864498.0,csi1000,中证1000,5237.83,5256.8823999999995,5338.580666666667,5267.581416666667,5387.76565
2019-11-28,5142.38,5131.13,5165.65,5120.55,85094016.0,csi1000,中证1000,5231.6925,5251.749599999999,5336.4965,5267.332666666666,5391.305600000001
2019-11-29,5130.28,5126.61,5137.29,5082.77,80181680.0,csi1000,中证1000,5222.8235,5244.8104,5334.257500000001,5267.067166666666,5395.15995
2019-12-02,5131.89,5137.78,5156.87,5124.55,81777519.0,csi1000,中证1000,5212.8585,5233.2916,5333.504499999999,5267.958666666667,5398.433899999999
2019-12-03,5119.75,5171.36,5171.36,5097.08,85738551.0,csi1000,中证1000,5203.8235,5225.476,5331.068333333334,5268.562166666667,5401.23155
2019-12-04,5148.41,5179.69,5188.36,5140.39,87626418.0,csi1000,中证1000,5197.566000000001,5220.1268,5328.112166666668,5267.646083333334,5403.75105
2019-12-05,5190.08,5238.13,5246.03,5187.91,99451044.0,csi1000,中证1000,5192.464,5219.4968,5325.5025,5267.423083333333,5406.1425500000005
2019-12-06,5241.09,5275.51,5275.51,5226.26,100390620.0,csi1000,中证1000,5190.150500000001,5218.3576,5322.668166666666,5267.268083333333,5408.6199
2019-12-09,5286.2,5294.28,5302.29,5269.18,112320679.0,csi1000,中证1000,5195.686,5216.6456,5319.765166666667,5268.278166666667,5411.22375
2019-12-10,5286.04,5326.36,5326.36,5272.2,118208313.0,csi1000,中证1000,5202.168,5215.6176000000005,5315.167166666666,5269.658916666666,5413.1411499999995
2019-12-11,5323.86,5304.88,5333.32,5291.25,121161809.0,csi1000,中证1000,5208.3375,5215.6192,5310.0055,5270.858916666666,5414.8468
2019-12-12,5302.72,5304.42,5334.26,5292.47,119402444.0,csi1000,中证1000,5212.7265,5214.1892,5305.638999999999,5271.443416666666,5416.5337
2019-12-13,5334.58,5375.98,5379.29,5327.12,122084849.0,csi1000,中证1000,5223.8975,5216.3571999999995,5302.0233333333335,5271.932333333333,5418.6753
2019-12-16,5391.47,5476.99,5476.99,5387.55,146872459.0,csi1000,中证1000,5238.2795,5228.094,5299.519166666667,5272.523583333333,5420.7627
2019-12-17,5479.9,5545.62,5555.25,5475.43,177542421.0,csi1000,中证1000,5251.253,5242.05,5300.409166666666,5273.705416666667,5421.86955
2019-12-18,5546.28,5543.79,5575.65,5529.82,165702453.0,csi1000,中证1000,5265.468999999999,5256.5419999999995,5301.374333333332,5275.30625,5422.9697
2019-12-19,5544.66,5568.11,5579.82,5534.51,154136495.0,csi1000,中证1000,5281.340999999999,5270.600799999999,5301.669333333333,5277.11225,5424.2589
2019-12-20,5571.63,5501.16,5580.34,5501.16,149777345.0,csi1000,中证1000,5297.3435,5284.5448,5300.747333333334,5277.9755000000005,5425.112999999999
2019-12-23,5478.57,5377.09,5485.78,5375.02,132183579.0,csi1000,中证1000,5308.6295,5292.054399999999,5298.678666666666,5278.439333333333,5425.176600000001
2019-12-24,5388.21,5471.74,5471.74,5386.97,112811727.0,csi1000,中证1000,5324.83,5299.478,5297.726166666666,5278.358749999999,5425.1238
2019-12-25,5467.75,5504.42,5517.2,5461.38,124681635.0,csi1000,中证1000,5342.7525000000005,5309.276,5299.1061666666665,5278.532916666667,5424.374349999999
2019-12-26,5503.29,5543.66,5543.7,5497.9,124445644.0,csi1000,中证1000,5363.379,5320.995599999999,5304.099166666666,5279.492500000001,5423.2078
2019-12-27,5548.35,5498.93,5576.26,5494.97,155515738.0,csi1000,中证1000,5381.995,5333.7083999999995,5307.557333333333,5280.2804166666665,5421.31595
2019-12-30,5478.0,5530.0,5530.0,5413.87,143411820.0,csi1000,中证1000,5401.606,5348.8535999999995,5312.5175,5281.161666666667,5420.79935
2019-12-31,5524.43,5567.03,5567.86,5520.01,132870124.0,csi1000,中证1000,5421.389499999999,5365.625599999999,5318.015,5283.851333333334,5419.2528
2020-01-02,5603.93,5676.56,5682.64,5586.14,178712563.0,csi1000,中证1000,5446.232999999999,5386.8492,5324.5385,5287.319833333333,5417.604700000001
2020-01-03,5685.09,5706.04,5717.51,5667.74,179006818.0,csi1000,中证1000,5469.628500000001,5409.845600000001,5330.190333333333,5291.414833333333,5416.80175
2020-01-06,5686.16,5764.73,5803.86,5670.34,208487509.0,csi1000,中证1000,5494.0895,5435.370400000001,5336.758333333333,5296.0675833333335,5417.18065
2020-01-07,5772.67,5852.36,5852.36,5772.67,203440347.0,csi1000,中证1000,5521.9935,5463.9536,5343.370833333333,5301.343999999999,5417.5569
2020-01-08,5827.38,5772.47,5858.87,5759.33,218974060.0,csi1000,中证1000,5544.299,5487.998,5349.9865,5305.499500000001,5416.83755
2020-01-09,5815.74,5864.18,5864.18,5815.74,186388460.0,csi1000,中证1000,5572.264,5515.3776,5358.505833333333,5310.324083333334,5416.448899999999
2020-01-10,5879.21,5851.89,5885.33,5824.65,169185946.0,csi1000,中证1000,5599.6375,5539.928000000001,5366.916166666666,5315.011333333333,5416.0775
2020-01-13,5844.96,5926.72,5926.72,5822.42,160728794.0,csi1000,中证1000,5627.174499999999,5565.9764000000005,5377.686000000001,5321.1123333333335,5415.7579000000005
2020-01-14,5939.9,5914.11,5948.04,5911.69,176822328.0,csi1000,中证1000,5649.0305,5590.7696,5388.799499999999,5326.896333333333,5415.255700000001
2020-01-15,5903.76,5913.52,5920.09,5859.11,160084737.0,csi1000,中证1000,5667.425499999999,5614.256000000001,5398.817166666667,5333.897916666667,5415.016100000001
2020-01-16,5917.23,5902.13,5934.17,5892.73,147953859.0,csi1000,中证1000,5685.342500000001,5638.146000000001,5409.357333333333,5340.323166666667,5415.58495
2020-01-17,5913.79,5879.41,5927.54,5869.17,142819686.0,csi1000,中证1000,5700.9075,5661.1456,5419.6900000000005,5346.028,5415.8493499999995
2020-01-20,5880.13,5954.87,5954.89,5862.14,148360279.0,csi1000,中证1000,5723.593,5684.3012,5430.603,5352.226166666666,5416.884400000001
2020-01-21,5952.0,5901.86,5952.0,5901.0,156332321.0,csi1000,中证1000,5749.8315,5701.295999999999,5438.538166666666,5357.9366666666665,5416.837649999999
2020-01-22,5867.22,5919.59,5942.11,5784.68,162728303.0,csi1000,中证1000,5772.224,5716.2548,5447.752166666667,5363.775083333333,5415.74695
2020-01-23,5852.2,5699.01,5897.9,5643.84,184762621.0,csi1000,中证1000,5781.9535,5722.4636,5454.178666666668,5367.602499999999,5413.3673
2020-02-03,5180.59,5200.16,5227.07,5179.26,84416544.0,csi1000,中证1000,5764.778499999999,5707.7456,5453.283333333334,5367.603083333333,5408.182999999999
2020-02-04,4923.19,5212.1,5234.25,4923.19,238201147.0,csi1000,中证1000,5750.437,5696.1832,5451.751833333334,5367.927,5402.943149999999
2020-02-05,5242.33,5348.34,5414.76,5242.33,207940041.0,csi1000,中证1000,5741.354,5695.033200000001,5451.9394999999995,5370.070999999999,5398.5338
2020-02-06,5353.19,5515.64,5538.94,5326.21,218481717.0,csi1000,中证1000,5738.7845,5696.7892,5454.6658333333335,5374.0960000000005,5394.8848499999995
2020-02-07,5535.13,5583.6,5588.77,5472.87,226928728.0,csi1000,中证1000,5734.1365000000005,5699.9564,5459.311833333332,5379.7941666666675,5391.6243
2020-02-10,5586.95,5661.56,5662.42,5567.05,218068133.0,csi1000,中证1000,5731.9125,5704.6723999999995,5464.668333333333,5386.261833333334,5389.39735
2020-02-11,5656.52,5623.26,5666.73,5590.89,188157880.0,csi1000,中证1000,5724.839,5709.645600000001,5469.693,5392.0945833333335,5387.007649999999
2020-02-12,5605.93,5754.26,5754.26,5602.3,202279086.0,csi1000,中证1000,5719.934,5718.616,5479.204500000001,5399.465166666667,5385.5187
2020-02-13,5758.92,5707.53,5782.57,5690.01,221916197.0,csi1000,中证1000,5716.687,5724.236000000001,5487.718,5405.759416666667,5383.1573499999995
2020-02-14,5696.1,5727.83,5783.64,5677.79,199679955.0,csi1000,中证1000,5709.869500000001,5726.286800000001,5496.823666666666,5412.420833333334,5380.62595
2020-02-17,5766.55,5936.48,5936.48,5766.55,228914794.0,csi1000,中证1000,5714.099,5735.504400000001,5508.821,5420.543583333333,5379.294150000001
2020-02-18,5948.65,6072.19,6072.19,5940.62,254099391.0,csi1000,中证1000,5721.3725,5747.8027999999995,5524.148166666667,5429.6,5378.37885
2020-02-19,6058.69,6018.05,6113.87,6018.05,259320330.0,csi1000,中证1000,5726.5695000000005,5754.4304,5537.959833333333,5437.970583333333,5377.5084
2020-02-20,6032.4,6134.39,6135.35,5979.05,248953942.0,csi1000,中证1000,5737.613,5768.9072,5552.097166666667,5445.980666666666,5377.789000000001
2020-02-21,6141.79,6243.48,6278.48,6136.08,277767258.0,csi1000,中证1000,5754.6805,5784.0792,5568.497333333334,5454.799083333333,5378.239450000001
2020-02-24,6254.32,6380.41,6399.3,6236.09,298299514.0,csi1000,中证1000,5779.7305,5805.22,5587.3263333333325,5464.747333333334,5380.641949999999
2020-02-25,6233.52,6407.14,6420.35,6096.15,348239766.0,csi1000,中证1000,5802.344,5824.4367999999995,5607.760166666666,5474.735583333333,5383.505749999999
2020-02-26,6315.33,6221.84,6388.06,6200.26,327093035.0,csi1000,中证1000,5818.343,5836.746000000001,5625.601333333334,5483.271333333333,5386.50255
2020-02-27,6254.39,6232.09,6321.12,6135.95,268029216.0,csi1000,中证1000,5833.968,5849.4888,5643.674,5492.133083333333,5389.251800000001
2020-02-28,5999.21,5870.97,6091.69,5870.91,284615928.0,csi1000,中证1000,5842.566000000001,5848.2424,5655.757333333333,5497.169,5392.3725
2020-03-02,5946.83,6113.41,6143.73,5931.04,245865457.0,csi1000,中证1000,5888.2285,5857.602400000001,5672.1286666666665,5504.312583333333,5396.377049999999
2020-03-03,6225.96,6195.89,6322.27,6132.71,294093196.0,csi1000,中证1000,5937.418,5867.2432,5689.95,5512.103749999999,5400.89275
2020-03-04,6146.77,6226.53,6231.64,6101.05,254454054.0,csi1000,中证1000,5981.3275,5880.23,5708.095833333334,5520.800166666667,5405.836299999999
2020-03-05,6312.43,6315.84,6327.54,6248.98,296079776.0,csi1000,中证1000,6021.3375,5896.08,5727.170499999999,5529.119416666666,5410.18785
2020-03-06,6236.26,6296.74,6344.08,6225.71,266263128.0,csi1000,中证1000,6056.9945,5919.9892,5745.788,5536.950083333333,5414.6435
2020-03-09,6198.2,6049.62,6239.25,6049.62,287184490.0,csi1000,中证1000,6076.3975,5953.9676,5759.312833333333,5542.407666666666,5418.050450000001
2020-03-10,5965.36,6206.41,6206.41,5902.39,285396200.0,csi1000,中证1000,6105.555,5993.74,5774.827833333334,5548.7480000000005,5421.65055
2020-03-11,6219.93,6122.91,6268.94,6122.91,264576806.0,csi1000,中证1000,6123.9875,6024.7228,5788.638333333333,5554.201749999999,5424.62875
2020-03-12,6026.06,5999.64,6071.62,5938.93,219646037.0,csi1000,中证1000,6138.593,6044.0828,5799.859666666667,5557.513416666667,5427.972000000001
2020-03-13,5681.59,5945.46,5999.77,5681.59,251191641.0,csi1000,中证1000,6149.474499999999,6058.557199999999,5810.535999999999,5560.27075,5431.13355
2020-03-16,5999.54,5657.77,6007.26,5638.39,246604652.0,csi1000,中证1000,6135.539,6058.405600000001,5816.425166666667,5561.0320833333335,5432.332149999999
2020-03-17,5707.42,5642.92,5756.2,5436.6,207157724.0,csi1000,中证1000,6114.0755,6059.191999999999,5820.874166666666,5561.4487500000005,5433.5696
2020-03-18,5702.17,5556.11,5804.3,5556.11,205114829.0,csi1000,中证1000,6090.978499999999,6051.2660000000005,5822.1928333333335,5560.856000000001,5435.0109999999995
2020-03-19,5552.51,5617.19,5641.04,5453.04,190815761.0,csi1000,中证1000,6065.1185,6047.6524,5823.385666666667,5561.897416666666,5437.093100000001
2020-03-20,5676.97,5670.47,5688.95,5574.62,172744000.0,csi1000,中证1000,6036.468,6045.358,5825.497,5563.435666666666,5438.6723
2020-03-23,5514.93,5416.57,5575.53,5398.95,170338393.0,csi1000,中证1000,5988.276,6024.561599999999,5822.971333333334,5562.320333333334,5438.9825
2020-03-24,5522.18,5517.26,5535.93,5344.42,175452306.0,csi1000,中证1000,5943.782,6002.3644,5823.239666666666,5561.9935,5439.68625
2020-03-25,5632.41,5646.63,5652.43,5589.96,182114811.0,csi1000,中证1000,5915.0215,5987.5076,5827.732000000001,5563.205333333333,5441.2095
2020-03-26,5606.63,5595.43,5666.13,5582.93,165999234.0,csi1000,中证1000,5883.1885,5965.9492,5829.7935,5563.759833333333,5442.5154
2020-03-27,5659.59,5553.61,5665.62,5550.54,154391842.0,csi1000,中证1000,5867.3205,5938.3544,5830.613333333333,5564.85975,5444.008099999999
2020-03-30,5472.15,5415.41,5472.15,5362.8,159550463.0,csi1000,中证1000,5832.4205,5899.7544,5828.475833333334,5566.2875,5445.28025
2020-03-31,5465.37,5427.13,5479.02,5414.31,141809524.0,csi1000,中证1000,5793.9825,5860.554,5827.279166666666,5567.41825,5446.62355
2020-04-01,5413.55,5403.3,5491.47,5391.54,147263582.0,csi1000,中证1000,5752.821,5827.8124,5825.1675000000005,5568.842500000001,5448.4860499999995
2020-04-02,5376.66,5538.6,5538.6,5367.56,145938759.0,csi1000,中证1000,5713.959000000001,5800.072799999999,5824.693666666667,5571.354333333334,5450.6843499999995
2020-04-03,5525.77,5507.12,5558.38,5482.06,140577689.0,csi1000,中证1000,5674.478,5785.5188,5821.8696666666665,5573.204083333333,5451.771850000001
2020-04-07,5605.27,5695.17,5697.76,5599.82,178924142.0,csi1000,中证1000,5656.7555,5768.789199999999,5821.6885,5575.939416666667,5453.92325
2020-04-08,5673.34,5718.13,5739.3,5661.95,183301367.0,csi1000,中证1000,5632.3415,5749.6788,5820.911833333333,5578.835083333334,5456.043350000001
2020-04-09,5750.89,5789.26,5802.65,5740.03,182524761.0,csi1000,中证1000,5615.659,5732.188,5819.860166666666,5581.6155,5459.1243
2020-04-10,5787.54,5637.53,5787.54,5619.7,191472398.0,csi1000,中证1000,5597.5535,5705.055600000001,5817.6111666666675,5583.798833333333,5461.508600000001
2020-04-13,5590.32,5578.86,5613.41,5542.57,139328572.0,csi1000,中证1000,5579.2235,5676.340399999999,5812.855833333334,5585.680833333333,5463.5985
2020-04-14,5605.91,5692.0,5692.0,5599.91,142344159.0,csi1000,中证1000,5580.9349999999995,5662.035599999999,5810.191000000001,5588.553583333332,5465.8871
2020-04-15,5689.73,5657.95,5720.42,5655.22,164401927.0,csi1000,中证1000,5581.6865,5640.0972,5805.7115,5591.69875,5467.590299999999
2020-04-16,5626.84,5700.96,5711.72,5617.05,156294197.0,csi1000,中证1000,5588.929,5623.2192000000005,5802.159,5595.47925,5469.0649
2020-04-17,5735.9,5710.05,5764.79,5702.01,185552049.0,csi1000,中证1000,5593.572,5611.6356000000005,5798.767833333333,5598.7925000000005,5470.59615
2020-04-20,5722.73,5803.4,5803.4,5714.32,163679968.0,csi1000,中证1000,5600.2185,5605.953200000001,5797.122333333333,5603.239833333332,5472.854700000001
2020-04-21,5780.86,5773.01,5780.86,5711.17,175001519.0,csi1000,中证1000,5618.0405,5610.562799999999,5795.349,5607.519499999999,5474.9628
2020-04-22,5721.53,5826.56,5826.58,5710.81,168439605.0,csi1000,中证1000,5633.5055,5617.908399999999,5793.2105,5611.90675,5477.107749999999
2020-04-23,5841.4,5789.48,5846.38,5789.1,187886350.0,csi1000,中证1000,5640.648,5627.2432,5791.3375,5614.937833333333,5479.447999999999
2020-04-24,5782.29,5675.51,5784.11,5654.22,181572077.0,csi1000,中证1000,5644.652,5629.576,5787.269499999999,5617.510833333334,5480.4185
2020-04-27,5675.56,5645.66,5699.77,5617.52,146874427.0,csi1000,中证1000,5649.2545,5628.5836,5786.3803333333335,5620.279500000001,5481.229200000001
2020-04-28,5641.29,5561.2,5644.35,5395.57,183952128.0,csi1000,中证1000,5656.544,5634.3688,5792.397666666667,5622.8405,5481.89265
2020-04-29,5533.0,5547.63,5600.76,5524.87,143724315.0,csi1000,中证1000,5662.569,5635.5836,5797.989833333332,5624.870833333333,5482.608899999999
2020-04-30,5572.57,5678.17,5695.21,5572.57,160186056.0,csi1000,中证1000,5676.3125,5636.8452,5803.487,5627.713250000001,5483.8785
2020-05-06,5636.87,5802.42,5802.46,5632.03,160515351.0,csi1000,中证1000,5689.5035,5645.1248,5808.266666666666,5631.4662499999995,5486.669250000001
2020-05-07,5809.54,5795.87,5837.33,5787.61,162316275.0,csi1000,中证1000,5703.941000000001,5654.815199999999,5811.8045,5635.558166666667,5489.3469000000005
2020-05-08,5825.74,5862.77,5886.0,5822.81,161392585.0,csi1000,中证1000,5712.321,5672.709600000001,5815.158,5639.913166666666,5492.58755
2020-05-11,5892.57,5851.8,5902.16,5813.67,158065336.0,csi1000,中证1000,5719.0045,5689.6964,5818.967000000001,5644.33,5495.814549999999
2020-05-12,5847.7,5869.51,5869.59,5780.09,141835687.0,csi1000,中证1000,5723.017,5708.3448,5820.887833333333,5650.046166666667,5499.06615
2020-05-13,5849.46,5917.03,5923.26,5835.33,139578278.0,csi1000,中证1000,5736.992,5723.482000000001,5824.379499999999,5656.048750000001,5502.28225
2020-05-14,5889.14,5863.24,5915.61,5861.78,158974226.0,csi1000,中证1000,5751.211,5737.7267999999995,5826.636333333333,5661.7300000000005,5505.1723
2020-05-15,5886.78,5889.98,5924.77,5859.9,155187827.0,csi1000,中证1000,5761.11,5745.519200000001,5825.861333333333,5667.341166666667,5508.1751
2020-05-18,5905.92,5860.04,5916.71,5841.72,175785977.0,csi1000,中证1000,5771.2145,5751.195600000001,5822.3255,5673.2368333333325,5511.5023
2020-05-19,5896.15,5936.6,5936.66,5886.9,151779169.0,csi1000,中证1000,5782.996499999999,5757.089199999999,5820.967999999999,5679.463916666667,5515.08515
2020-05-20,5928.47,5865.84,5928.47,5844.58,161717837.0,csi1000,中证1000,5790.786,5766.221599999999,5816.492166666666,5684.294666666667,5519.047699999999
2020-05-21,5878.72,5791.64,5883.78,5780.11,152293102.0,csi1000,中证1000,5790.198,5774.732800000001,5808.9615,5688.729416666667,5522.3504
2020-05-22,5782.63,5684.0,5782.66,5643.4,143844880.0,csi1000,中证1000,5785.7475,5774.4128,5797.354666666667,5692.3405,5524.79625
2020-05-25,5674.3,5671.97,5691.14,5640.28,115873608.0,csi1000,中证1000,5778.018,5774.9736,5785.101833333333,5696.431,5527.10065
2020-05-26,5690.4,5808.55,5808.55,5690.4,125079483.0,csi1000,中证1000,5778.9715,5779.2771999999995,5778.213666666666,5701.9075,5530.0604
2020-05-27,5813.98,5772.08,5817.06,5758.18,145944599.0,csi1000,中证1000,5783.8,5781.758400000001,5770.546833333333,5707.110416666666,5532.8259
2020-05-28,5769.79,5758.93,5790.18,5675.49,149011880.0,csi1000,中证1000,5789.4635,5779.9796,5768.679499999999,5712.2184166666675,5535.421950000001
2020-05-29,5744.23,5816.4,5834.62,5732.38,146234702.0,csi1000,中证1000,5802.2235,5781.715200000001,5763.729333333334,5717.929,5538.5035
2020-06-01,5855.33,5993.79,5996.42,5855.33,182804490.0,csi1000,中证1000,5824.5315,5788.4044,5760.361,5725.1555,5542.6063
2020-06-02,6012.57,6002.84,6021.27,5978.77,194954803.0,csi1000,中证1000,5840.765,5796.9388,5756.632833333334,5732.364333333333,5547.1652
2020-06-03,6010.41,5994.64,6043.1,5987.57,192954778.0,csi1000,中证1000,5850.376,5809.704000000001,5751.279500000001,5739.225,5551.9752
2020-06-04,6004.46,6006.76,6016.12,5973.2,172027794.0,csi1000,中证1000,5860.920499999999,5824.147999999999,5746.4465,5746.117249999999,5557.5099
2020-06-05,6009.88,6015.33,6029.0,5970.15,163123246.0,csi1000,中证1000,5868.5485,5842.3132000000005,5745.875,5752.593916666666,5563.159350000001
2020-06-08,6039.25,6001.43,6049.86,5993.17,157469710.0,csi1000,中证1000,5876.030000000001,5860.465200000001,5742.458666666666,5758.643249999999,5568.549849999999
2020-06-09,6005.84,6042.34,6042.36,5979.23,147305077.0,csi1000,中证1000,5884.6715,5875.031999999999,5741.115833333333,5764.877083333334,5574.4126
2020-06-10,6033.49,6049.32,6049.69,6007.98,145670199.0,csi1000,中证1000,5891.286,5884.908,5741.943833333334,5770.901750000001,5579.898099999999
2020-06-11,6050.12,6027.41,6107.34,5999.51,161281051.0,csi1000,中证1000,5899.4945,5894.169600000001,5743.309666666667,5776.922833333333,5585.39285
2020-06-12,5901.07,6031.17,6058.77,5888.23,158717942.0,csi1000,中证1000,5906.554,5900.905599999999,5749.532999999999,5782.979083333334,5590.73995
2020-06-15,6031.09,6028.96,6106.45,6028.94,169084773.0,csi1000,中证1000,5915.0,5907.992000000001,5755.967000000001,5788.4205833333335,5595.95765
2020-06-16,6076.6,6151.69,6151.69,6064.26,160014620.0,csi1000,中证1000,5925.754500000001,5919.279199999999,5765.8933333333325,5794.043083333334,5601.6482
2020-06-17,6160.2,6178.14,6178.14,6124.22,173539704.0,csi1000,中证1000,5941.3695,5929.7236,5775.242499999999,5799.314083333334,5606.673000000001
2020-06-18,6168.05,6149.29,6168.24,6121.06,162112225.0,csi1000,中证1000,5959.2519999999995,5941.1656,5783.222833333333,5804.359916666666,5611.493100000001
2020-06-19,6147.88,6187.11,6198.05,6140.52,152205993.0,csi1000,中证1000,5984.407499999999,5953.0508,5796.065166666666,5809.51825,5616.49555
2020-06-22,6204.5,6228.02,6246.05,6204.5,160944754.0,csi1000,中证1000,6012.21,5967.77,5807.911166666667,5815.575416666666,5621.592900000001
2020-06-23,6229.65,6238.9,6245.15,6196.69,152363808.0,csi1000,中证1000,6033.727499999999,5979.862000000001,5817.782333333334,5822.757166666666,5626.799650000001
2020-06-24,6242.56,6227.57,6258.83,6210.97,144540469.0,csi1000,中证1000,6056.502,5994.331200000001,5828.318,5829.05575,5632.094099999999
2020-06-29,6214.88,6211.38,6233.27,6190.41,143407567.0,csi1000,中证1000,6079.1245,6011.1208,5839.280833333333,5834.9470833333335,5636.8177000000005
2020-06-30,6239.61,6319.56,6330.09,6236.64,144583784.0,csi1000,中证1000,6104.2825,6036.543199999999,5854.35,5841.412916666666,5642.134600000001
2020-07-01,6341.54,6339.37,6357.1,6267.14,176108739.0,csi1000,中证1000,6121.5615,6063.2392,5869.554000000001,5848.416583333334,5647.5267
2020-07-02,6341.95,6413.95,6416.96,6316.96,208171938.0,csi1000,中证1000,6142.117,6087.4552,5886.398166666666,5855.782833333334,5653.6816499999995
2020-07-03,6424.09,6478.35,6479.25,6397.51,221048096.0,csi1000,中证1000,6166.3025,6115.706,5902.060666666667,5863.377166666667,5659.485750000001
2020-07-06,6516.92,6726.0,6732.62,6516.92,304890186.0,csi1000,中证1000,6202.2645,6154.3888,5922.375333333333,5872.1225,5666.33045
2020-07-07,6784.82,6817.87,6917.54,6711.31,331205124.0,csi1000,中证1000,6242.3915,6194.4476,5941.087,5881.38775,5673.44625
2020-07-08,6817.83,6974.0,6974.0,6769.21,303883025.0,csi1000,中证1000,6291.0199999999995,6233.656,5962.018166666667,5891.465,5681.0884
2020-07-09,6976.72,7182.18,7187.76,6972.0,344438868.0,csi1000,中证1000,6348.012000000001,6280.8296,5985.2335,5902.546833333333,5689.657000000001
2020-07-10,7161.62,7150.42,7238.38,7105.76,316909079.0,csi1000,中证1000,6403.067000000001,6327.060799999999,6010.448333333333,5914.02975,5697.3979
2020-07-13,7179.97,7403.09,7403.09,7179.97,315544264.0,csi1000,中证1000,6471.851000000001,6382.914000000001,6040.852166666667,5926.854,5706.340450000001
2020-07-14,7412.27,7344.99,7447.51,7201.49,334328131.0,csi1000,中证1000,6537.542,6436.100399999999,6068.402,5939.2964999999995,5715.23335
2020-07-15,7355.56,7131.46,7368.0,7096.58,307301021.0,csi1000,中证1000,6592.6669999999995,6481.301600000001,6092.9605,5949.336,5722.92605
2020-07-16,7130.04,6758.14,7165.77,6748.5,280755485.0,csi1000,中证1000,6622.989500000001,6509.9336,6110.580166666667,5956.369583333334,5728.58055
2020-07-17,6759.1,6772.53,6885.85,6690.45,208176424.0,csi1000,中证1000,6652.709,6538.861999999999,6128.288166666666,5963.528,5734.982099999999
2020-07-20,6851.32,7003.67,7003.67,6789.31,219450622.0,csi1000,中证1000,6695.428,6577.9124,6148.292666666666,5972.7075,5742.57105
2020-07-21,7026.98,7058.79,7067.32,6977.47,217536562.0,csi1000,中证1000,6739.012,6619.017200000001,6169.722333333334,5982.535666666667,5750.112949999999
2020-07-22,7050.4,7125.57,7181.19,7020.55,228498916.0,csi1000,中证1000,6783.8895,6662.881599999999,6191.3724999999995,5992.2915,5757.9583999999995
2020-07-23,7068.4,7119.67,7130.45,6921.19,244783429.0,csi1000,中证1000,6827.928,6701.600799999999,6213.542333333334,6002.439916666667,5766.0507
2020-07-24,7098.51,6784.63,7133.7,6766.51,265481767.0,csi1000,中证1000,6855.781,6725.8604000000005,6232.027666666667,6009.648583333334,5772.3294000000005
2020-07-27,6807.98,6786.53,6839.83,6717.32,191464459.0,csi1000,中证1000,6884.5385,6751.35,6251.042166666666,6018.711249999999,5779.15395
2020-07-28,6835.56,6857.94,6886.44,6796.82,184867890.0,csi1000,中证1000,6911.4574999999995,6778.1832,6272.654500000001,6032.526083333333,5787.223249999999
2020-07-29,6843.84,7060.53,7060.53,6816.31,204312743.0,csi1000,中证1000,6947.5154999999995,6811.4836,6297.869500000001,6047.929666666667,5796.0687
2020-07-30,7082.72,7048.98,7107.48,7029.02,234198735.0,csi1000,中证1000,6979.267,6843.886799999999,6320.716333333333,6062.101666666667,5805.151650000001
2020-07-31,7030.31,7141.59,7143.59,6997.63,232331248.0,csi1000,中证1000,7012.429000000001,6880.447599999999,6343.035833333333,6075.65125,5814.673700000001
2020-08-03,7204.17,7373.34,7373.36,7193.07,273951455.0,csi1000,中证1000,7044.796,6926.926000000001,6369.327,6090.565749999999,5825.1146499999995
2020-08-04,7398.99,7326.19,7406.26,7296.12,276232099.0,csi1000,中证1000,7070.2119999999995,6967.1912,6393.717333333333,6104.437666666667,5834.9109499999995
2020-08-05,7340.55,7427.19,7442.39,7284.67,246411105.0,csi1000,中证1000,7092.871499999999,7010.703999999999,6419.9738333333335,6119.470416666666,5845.19365
2020-08-06,7425.55,7432.77,7457.16,7309.36,254526747.0,csi1000,中证1000,7105.401,7051.456800000001,6446.028166666667,6133.458,5855.079450000001
2020-08-07,7407.68,7339.81,7417.09,7209.94,243946170.0,csi1000,中证1000,7114.8705,7085.9152,6469.741166666668,6147.060333333333,5864.90085
2020-08-10,7319.54,7358.86,7414.1,7288.75,225892914.0,csi1000,中证1000,7112.6590000000015,7111.2296,6494.668166666667,6160.65225,5874.93005
2020-08-11,7358.73,7213.45,7377.82,7203.79,229927964.0,csi1000,中证1000,7106.081999999999,7127.0528,6516.726,6171.2936666666665,5884.26095
2020-08-12,7176.89,7092.36,7196.28,6932.3,210726322.0,csi1000,中证1000,7104.127,7131.7872,6537.264666666667,6179.7950833333325,5893.3201
2020-08-13,7112.34,7113.93,7158.95,7076.78,191269926.0,csi1000,中证1000,7121.916499999999,7129.057200000001,6556.886833333334,6188.927416666667,5902.653249999999
2020-08-14,7103.07,7183.96,7183.96,7058.54,175757774.0,csi1000,中证1000,7142.487999999999,7130.3988,6578.855500000001,6197.673833333333,5912.0107499999995
2020-08-17,7206.38,7339.69,7339.69,7194.12,207192411.0,csi1000,中证1000,7159.289,7127.8628,6604.656333333333,6206.808916666667,5922.360599999999
2020-08-18,7348.42,7410.24,7422.14,7339.89,215555413.0,csi1000,中证1000,7176.861499999999,7130.4728000000005,6633.427,6215.390833333334,5933.114549999999
2020-08-19,7397.88,7256.13,7397.88,7248.89,216784392.0,csi1000,中证1000,7183.389499999999,7135.459599999999,6659.829666666667,6222.46575,5942.8947499999995
2020-08-20,7196.35,7151.26,7257.01,7126.04,183396773.0,csi1000,中证1000,7184.969,7151.184400000001,6682.208166666666,6230.210916666667,5951.5223
2020-08-21,7182.3,7194.27,7244.16,7137.05,173774553.0,csi1000,中证1000,7205.450999999999,7168.054,6705.9113333333335,6238.2290833333345,5960.6599
2020-08-24,7212.53,7253.64,7267.09,7119.94,167551942.0,csi1000,中证1000,7228.806500000001,7178.0528,6730.823166666667,6249.751333333333,5970.361
2020-08-25,7258.01,7213.68,7283.28,7188.17,195115712.0,csi1000,中证1000,7246.5935,7184.2483999999995,6754.111166666667,6258.92025,5980.16
2020-08-26,7209.51,7037.98,7211.3,7010.08,199859576.0,csi1000,中证1000,7245.466,7180.7447999999995,6771.514333333334,6265.937666666667,5988.829950000001
2020-08-27,7041.52,7113.8,7125.88,6998.03,171559195.0,csi1000,中证1000,7248.706999999999,7180.51,6790.030333333333,6273.331583333334,5997.7135499999995
2020-08-28,7102.27,7204.78,7208.42,7083.13,174713277.0,csi1000,中证1000,7251.866499999999,7197.316,6810.199333333333,6280.739416666666,6006.97715
2020-08-31,7238.66,7224.05,7308.6,7221.55,184766841.0,csi1000,中证1000,7244.402,7214.8168,6830.4875,6288.467000000001,6016.5732
2020-09-01,7216.65,7258.89,7258.89,7169.4,164072651.0,csi1000,中证1000,7241.036999999999,7230.8548,6851.2135,6298.544250000001,6026.166799999999
2020-09-02,7270.95,7272.62,7301.27,7197.21,199255967.0,csi1000,中证1000,7233.308499999999,7239.3384,6872.4,6307.4293333333335,6035.920999999999
2020-09-03,7263.6,7189.86,7265.9,7165.77,189863756.0,csi1000,中证1000,7221.1630000000005,7244.9736,6891.525333333334,6316.320583333333,6045.952450000001
2020-09-04,7064.28,7182.11,7189.13,7045.55,170637849.0,csi1000,中证1000,7213.278,7246.594400000001,6910.405166666666,6326.174499999999,6055.8794
2020-09-07,7189.97,7057.19,7240.05,7027.92,211259977.0,csi1000,中证1000,7198.1945,7233.948399999999,6927.568166666667,6335.438916666667,6065.2579
2020-09-08,7070.68,7103.09,7108.65,6981.57,210910537.0,csi1000,中证1000,7192.6765,7225.0244,6945.4335,6347.48325,6074.69015
2020-09-09,7023.3,6877.6,7034.49,6871.77,258714909.0,csi1000,中证1000,7181.938499999999,7203.040800000001,6959.5775,6357.772249999999,6083.315350000001
2020-09-10,6921.46,6633.89,6938.08,6615.56,215057643.0,csi1000,中证1000,7157.936500000001,7171.085599999999,6967.614166666666,6366.75375,6090.53805
2020-09-11,6592.9,6742.06,6746.17,6591.31,151139928.0,csi1000,中证1000,7135.8415,7147.1756,6977.012833333333,6376.127666666667,6097.8176
2020-09-14,6781.7,6848.36,6871.05,6762.24,171065211.0,csi1000,中证1000,7111.275,7126.7556,6988.664000000001,6385.943416666667,6105.762049999999
2020-09-15,6861.03,6881.59,6883.02,6818.22,154497971.0,csi1000,中证1000,7084.842500000001,7113.4812,7000.238666666667,6398.151916666667,6113.91665
2020-09-16,6871.07,6812.91,6871.07,6777.43,136829449.0,csi1000,中证1000,7062.681500000001,7102.3032,7009.986833333333,6408.949,6122.07565
2020-09-17,6800.35,6825.15,6876.01,6746.22,138963661.0,csi1000,中证1000,7046.375999999999,7090.7519999999995,7019.757666666666,6418.77,6130.444550000001
2020-09-18,6822.97,6929.77,6933.66,6811.9,151994574.0,csi1000,中证1000,7033.151000000001,7080.5844,7031.460999999999,6429.8895,6139.354750000001
2020-09-21,6951.75,6927.19,6975.13,6912.04,147689314.0,csi1000,中证1000,7016.8285000000005,7064.0844,7043.391166666667,6441.336,6148.26085
2020-09-22,6862.34,6815.78,6912.1,6793.68,135534517.0,csi1000,中证1000,6996.933500000001,7040.306,7051.661499999999,6453.00575,6156.6841
2020-09-23,6839.47,6862.97,6881.48,6805.13,118540658.0,csi1000,中证1000,6988.183,7024.5796,7060.388166666667,6464.971083333334,6165.3659
2020-09-24,6814.01,6675.15,6814.01,6675.06,131268051.0,csi1000,中证1000,6966.2505,7005.5352,7064.741500000001,6475.569833333333,6173.05275
2020-09-25,6703.62,6634.39,6717.24,6604.67,103410915.0,csi1000,中证1000,6937.731,6983.14,7067.342166666666,6484.701416666667,6180.3679
2020-09-28,6649.18,6550.37,6660.18,6550.0,96264154.0,csi1000,中证1000,6904.0470000000005,6955.0091999999995,7064.414999999999,6493.395166666667,6187.2213
2020-09-29,6585.18,6621.03,6651.74,6562.82,95051523.0,csi1000,中证1000,6872.154,6931.303199999999,7061.134333333333,6501.110666666666,6194.1358
2020-09-30,6641.38,6617.16,6665.88,6584.89,95018529.0,csi1000,中证1000,6839.380999999999,6914.4704,7055.187,6508.602583333332,6200.844049999999
2020-10-09,6737.53,6822.36,6828.98,6727.39,126973237.0,csi1000,中证1000,6821.005999999999,6902.812800000001,7049.1900000000005,6517.21175,6208.48445
2020-10-12,6881.63,7036.28,7036.28,6875.7,171267161.0,csi1000,中证1000,6813.714499999999,6896.0728,7047.287666666667,6528.868,6217.03405
2020-10-13,7023.44,7053.87,7059.24,6989.67,145584911.0,csi1000,中证1000,6813.5485,6889.265600000001,7041.467333333333,6541.159750000001,6225.778999999999
2020-10-14,7036.87,6988.61,7036.87,6975.19,138335733.0,csi1000,中证1000,6807.8245,6878.4544,7035.527666666666,6551.964833333333,6234.19995
2020-10-15,6991.74,6926.85,6992.29,6924.19,129563641.0,csi1000,中证1000,6810.286999999999,6864.6236,7032.117499999999,6562.539,6241.9543
2020-10-16,6924.81,6906.39,6942.63,6846.17,116392184.0,csi1000,中证1000,6823.911999999999,6853.284800000001,7034.588333333334,6572.58425,6249.1013
2020-10-19,6943.8,6858.36,6947.95,6843.0,120084585.0,csi1000,中证1000,6829.727000000001,6840.3348,7036.0188333333335,6582.153499999999,6255.665
2020-10-20,6846.36,6923.38,6923.38,6804.84,113726512.0,csi1000,中证1000,6833.478,6834.9824,7034.680666666667,6591.486666666667,6262.5629500000005
2020-10-21,6926.53,6815.09,6926.69,6793.49,115787266.0,csi1000,中证1000,6830.153,6823.4624,7030.619,6600.170666666668,6268.79785
2020-10-22,6788.0,6771.81,6800.04,6714.15,107660596.0,csi1000,中证1000,6828.098,6819.230799999999,7024.723,6608.04775,6275.1511
2020-10-23,6774.77,6641.33,6811.33,6627.7,110708760.0,csi1000,中证1000,6818.906999999999,6819.528400000001,7016.750666666666,6615.1465,6281.472299999999
2020-10-26,6620.19,6648.52,6674.57,6545.79,98661452.0,csi1000,中证1000,6804.844499999999,6815.786800000001,7014.482166666667,6623.254916666667,6287.3562
2020-10-27,6630.72,6682.54,6689.03,6620.09,100707026.0,csi1000,中证1000,6792.611999999999,6809.154,7012.749,6631.895583333333,6293.246800000001
2020-10-28,6680.44,6685.43,6700.47,6589.77,115349880.0,csi1000,中证1000,6786.094500000001,6801.3076,7009.873833333333,6641.264166666666,6298.95565
2020-10-29,6592.89,6674.74,6698.72,6573.7,116175399.0,csi1000,中证1000,6776.683,6795.7807999999995,7003.4439999999995,6650.65675,6304.834699999999
2020-10-30,6685.59,6511.16,6694.52,6502.12,136545161.0,csi1000,中证1000,6768.483499999999,6783.2212,6994.480333333334,6657.598333333332,6309.740500000001
2020-11-02,6517.42,6513.79,6537.32,6461.71,123187315.0,csi1000,中证1000,6762.4535000000005,6766.582,6984.016999999999,6663.526416666667,6314.474299999999
2020-11-03,6538.28,6647.58,6647.58,6518.66,125339563.0,csi1000,中证1000,6767.314,6755.3976,6971.921,6670.624,6319.3294
2020-11-04,6652.58,6632.68,6658.58,6585.8,113033552.0,csi1000,中证1000,6767.8965,6748.0736,6960.3625,6677.039916666667,6323.9626
2020-11-05,6685.2,6754.95,6756.9,6665.81,136534629.0,csi1000,中证1000,6774.786,6743.7528,6949.1585000000005,6684.5661666666665,6328.9137
2020-11-06,6771.18,6688.66,6771.18,6645.57,138608165.0,csi1000,中证1000,6768.101,6744.293199999999,6936.756666666666,6691.392416666667,6333.0952
2020-11-09,6723.43,6851.98,6873.44,6723.43,167674029.0,csi1000,中证1000,6758.886,6752.996800000001,6928.626166666667,6699.183666666667,6338.49275
2020-11-10,6854.7,6779.49,6854.77,6747.74,146370421.0,csi1000,中证1000,6745.1669999999995,6762.1616,6918.97,6706.819083333333,6343.0693
2020-11-11,6761.35,6663.73,6771.53,6659.28,130925314.0,csi1000,中证1000,6728.923,6763.8696,6909.808,6713.266999999999,6347.1285
2020-11-12,6680.2,6676.42,6702.3,6647.77,112641881.0,csi1000,中证1000,6716.4015,6766.24,6902.875666666666,6720.070166666667,6350.8769999999995
2020-11-13,6663.22,6686.39,6700.2,6621.5,109345005.0,csi1000,中证1000,6705.4015,6760.8012,6895.75,6726.318416666666,6354.738399999999
2020-11-16,6703.18,6747.81,6747.81,6668.42,135652613.0,csi1000,中证1000,6699.874000000001,6749.2624,6888.480833333333,6733.668166666666,6358.90985
2020-11-17,6743.87,6681.72,6743.87,6637.52,143321097.0,csi1000,中证1000,6687.791,6734.3764,6877.514666666667,6741.0855,6362.8078000000005
2020-11-18,6673.6,6682.13,6723.61,6653.65,134446332.0,csi1000,中证1000,6681.142999999999,6722.1172,6865.3795,6749.40325,6366.8214
2020-11-19,6664.83,6718.46,6725.49,6625.09,134931805.0,csi1000,中证1000,6678.4755000000005,6713.7816,6856.418333333333,6758.124,6370.6393499999995
2020-11-20,6713.65,6766.06,6770.06,6701.49,133167459.0,csi1000,中证1000,6684.7119999999995,6708.1684,6849.998333333333,6766.103249999999,6374.96035
2020-11-23,6776.24,6807.72,6833.62,6738.65,166030510.0,csi1000,中证1000,6692.6720000000005,6706.1428000000005,6843.555833333334,6774.733583333334,6379.401
2020-11-24,6798.83,6808.0,6827.47,6785.25,143456517.0,csi1000,中证1000,6698.945,6701.5276,6836.128500000001,6783.475833333333,6384.945949999999
2020-11-25,6816.23,6691.87,6817.76,6691.87,151667249.0,csi1000,中证1000,6699.267,6696.5988,6827.431666666667,6790.771416666667,6392.404500000001
2020-11-26,6678.14,6643.18,6693.87,6597.77,124948306.0,csi1000,中证1000,6697.689,6691.4536,6820.8516666666665,6796.183,6399.5599
2020-11-27,6639.6,6641.77,6644.35,6578.72,119054618.0,csi1000,中证1000,6704.219500000001,6691.4712,6812.9845000000005,6801.507416666666,6406.02705
2020-11-30,6642.15,6622.36,6674.26,6591.69,130805342.0,csi1000,中证1000,6709.647999999999,6690.4248,6803.2775,6806.738416666666,6411.56065
2020-12-01,6608.62,6713.23,6717.25,6600.73,134546042.0,csi1000,中证1000,6712.9305,6691.6524,6794.763833333333,6812.625666666666,6417.2088
2020-12-02,6712.89,6735.71,6741.54,6699.75,149384457.0,csi1000,中证1000,6718.081999999999,6693.6636,6786.0441666666675,6818.628833333334,6422.57955
2020-12-03,6726.26,6711.84,6736.42,6679.52,137204247.0,csi1000,中证1000,6715.9265,6695.1476,6776.697833333334,6824.548916666667,6428.02245
2020-12-04,6700.69,6746.63,6755.58,6688.63,119005147.0,csi1000,中证1000,6718.825,6704.5664,6769.310666666666,6830.418000000001,6432.9843
2020-12-07,6760.1,6733.0,6770.84,6731.68,130050966.0,csi1000,中证1000,6712.875999999999,6713.3348,6761.8255,6836.115333333333,6438.111650000001
2020-12-08,6735.23,6734.37,6753.7,6720.6,119558853.0,csi1000,中证1000,6710.620000000001,6716.8064,6756.445166666666,6842.006666666667,6443.14435
2020-12-09,6734.12,6602.52,6736.17,6602.52,140747529.0,csi1000,中证1000,6707.5595,6715.6,6748.102333333333,6846.767916666667,6446.47455
2020-12-10,6576.06,6605.19,6647.45,6552.11,120849979.0,csi1000,中证1000,6703.998,6709.6096,6743.562166666667,6851.569833333333,6449.139550000001
2020-12-11,6610.55,6498.24,6617.44,6441.29,144586345.0,csi1000,中证1000,6694.5905,6701.9928,6741.301333333334,6854.45775,6451.5405
2020-12-14,6493.65,6576.82,6578.41,6459.92,116492766.0,csi1000,中证1000,6686.041,6690.986399999999,6738.547333333334,6857.780083333333,6453.7526499999985
2020-12-15,6565.5,6596.5,6603.4,6548.79,107134787.0,csi1000,中证1000,6681.780000000001,6683.666799999999,6734.349666666666,6861.506833333334,6455.517749999999
2020-12-16,6597.31,6543.36,6598.93,6538.97,118561620.0,csi1000,中证1000,6674.8414999999995,6678.852000000001,6728.7125,6864.475583333333,6456.3325
2020-12-17,6530.66,6597.86,6599.11,6460.63,135780084.0,csi1000,中证1000,6668.811500000001,6675.709599999999,6725.128333333333,6867.557583333333,6457.286100000001
2020-12-18,6604.03,6573.4,6625.97,6564.18,133704174.0,csi1000,中证1000,6659.1785,6671.19,6720.9325,6870.345083333334,6459.043900000001
2020-12-21,6576.71,6691.59,6692.38,6571.59,143601290.0,csi1000,中证1000,6653.372,6668.9412,6716.962833333334,6874.211916666666,6461.3414
2020-12-22,6668.21,6549.97,6684.7,6545.84,161411454.0,csi1000,中证1000,6640.4705,6663.6712,6710.675833333333,6877.0335,6464.7364
2020-12-23,6552.27,6601.24,6615.2,6551.07,163014563.0,csi1000,中证1000,6635.939,6660.435600000001,6707.100166666667,6879.380833333334,6467.175550000001
2020-12-24,6591.79,6496.33,6596.59,6484.41,160886586.0,csi1000,中证1000,6628.5965,6651.550399999999,6700.9895,6880.688833333334,6468.677749999999
2020-12-25,6466.35,6561.27,6570.3,6454.28,154563507.0,csi1000,中证1000,6624.5715,6643.3588,6699.0914999999995,6881.9165,6470.35145
2020-12-28,6561.77,6519.47,6566.65,6484.44,174273839.0,csi1000,中证1000,6619.427000000001,6631.8288,6697.176166666667,6882.259166666667,6471.3696
2020-12-29,6514.91,6477.26,6548.71,6473.4,165003139.0,csi1000,中证1000,6607.628500000001,6618.5992,6695.957666666667,6880.186333333333,6472.272199999999
2020-12-30,6469.89,6526.88,6549.38,6465.39,150299134.0,csi1000,中证1000,6597.187,6611.999599999999,6694.3885,6877.761416666666,6474.6585
2020-12-31,6536.86,6646.47,6646.5,6536.86,156307191.0,csi1000,中证1000,6593.9185,6612.1312,6694.8769999999995,6875.032,6476.8588
2021-01-04,6671.93,6798.76,6809.43,6662.8,183204775.0,csi1000,中证1000,6596.525,6618.4108,6694.483666666666,6871.836833333334,6480.238050000001
2021-01-05,6785.52,6807.45,6827.5,6726.46,197247556.0,csi1000,中证1000,6600.2474999999995,6625.8144,6690.669833333333,6868.978749999999,6484.277099999999
2021-01-06,6803.69,6724.95,6816.26,6686.13,179080173.0,csi1000,中证1000,6599.7765,6626.2832,6685.187833333333,6863.327583333334,6488.17455
2021-01-07,6708.72,6616.55,6709.07,6557.27,193680051.0,csi1000,中证1000,6600.478,6621.5168,6678.986833333333,6857.25725,6492.968449999999
2021-01-08,6603.5,6585.36,6638.86,6514.18,161815950.0,csi1000,中证1000,6599.486499999999,6616.4576,6673.295333333333,6852.706416666667,6497.68065
2021-01-11,6579.64,6475.95,6584.22,6437.03,166706872.0,csi1000,中证1000,6598.372,6605.6304,6666.121333333333,6850.354833333333,6502.27985
2021-01-12,6453.01,6564.74,6566.14,6433.22,140365271.0,csi1000,中证1000,6597.767999999999,6598.9,6661.227666666667,6848.623250000001,6507.0176
2021-01-13,6567.6,6513.64,6567.6,6471.78,162127981.0,csi1000,中证1000,6593.625,6590.0707999999995,6654.398666666666,6844.539666666667,6511.23345
2021-01-14,6488.75,6506.83,6557.25,6414.74,147196836.0,csi1000,中证1000,6591.7985,6586.243200000001,6649.261,6839.94,6516.684749999999
2021-01-15,6496.91,6528.46,6539.17,6435.46,131954642.0,csi1000,中证1000,6588.3285000000005,6583.174,6645.205166666667,6834.964083333334,6521.74075
2021-01-18,6515.58,6652.1,6655.05,6511.0,137393155.0,csi1000,中证1000,6592.263499999999,6589.328399999999,6645.384666666667,6831.067666666667,6526.7681
2021-01-19,6647.95,6614.07,6677.41,6602.78,155029358.0,csi1000,中证1000,6588.3875,6590.818400000001,6644.8105000000005,6829.646333333333,6531.8613000000005
2021-01-20,6606.73,6671.45,6671.45,6584.88,130748779.0,csi1000,中证1000,6594.4615,6593.8164,6644.625666666666,6828.687333333334,6537.450500000001
2021-01-21,6670.18,6745.11,6770.87,6669.41,159360713.0,csi1000,中证1000,6601.655000000001,6601.8864,6645.620333333334,6827.747083333334,6544.098999999999
2021-01-22,6736.01,6721.92,6737.55,6671.29,158667993.0,csi1000,中证1000,6612.9345,6606.8488,6646.406666666667,6824.925333333333,6550.572950000001
2021-01-25,6710.8,6657.27,6728.45,6631.69,166133978.0,csi1000,中证1000,6617.7345000000005,6610.2036,6648.841833333334,6821.661083333333,6556.8428
2021-01-26,6630.36,6534.1,6645.81,6525.38,142066314.0,csi1000,中证1000,6618.466,6603.904,6649.180333333334,6816.598666666667,6561.8203
2021-01-27,6519.45,6537.75,6552.43,6449.37,130789778.0,csi1000,中证1000,6621.4905,6603.4152,6647.349833333333,6809.635416666667,6566.9734499999995
2021-01-28,6466.57,6399.13,6545.72,6395.76,132320843.0,csi1000,中证1000,6615.103,6595.3308,6643.457333333334,6801.9099166666665,6570.49325
2021-01-29,6438.61,6304.12,6459.34,6221.87,145546544.0,csi1000,中证1000,6597.9855,6587.642400000001,6635.943499999999,6792.551,6573.423199999999
2021-02-01,6282.03,6345.81,6347.17,6280.37,131086847.0,csi1000,中证1000,6575.338000000001,6579.024,6630.229333333334,6783.493,6576.20595
2021-02-02,6351.66,6417.46,6419.03,6307.81,128040832.0,csi1000,中证1000,6555.8385,6574.9436,6622.9873333333335,6775.80675,6580.105599999999
2021-02-03,6404.07,6307.39,6404.07,6306.09,131192545.0,csi1000,中证1000,6534.9605,6568.1488,6615.119000000001,6767.0445,6583.748250000001
2021-02-04,6277.97,6167.75,6295.7,6077.28,139596610.0,csi1000,中证1000,6512.5205000000005,6553.7836,6606.852666666668,6758.330333333333,6586.127
2021-02-05,6179.49,6045.3,6214.28,6044.61,119798217.0,csi1000,中证1000,6485.5175,6529.736800000001,6596.334000000001,6749.604833333334,6588.06375
2021-02-08,6056.91,6088.82,6122.32,6000.96,103575978.0,csi1000,中证1000,6466.161,6501.3392,6586.374500000001,6741.06225,6590.00305
2021-02-09,6101.68,6254.01,6264.18,6097.09,111416852.0,csi1000,中证1000,6450.6245,6479.201599999999,6578.144499999999,6733.312666666667,6592.72285
2021-02-10,6265.41,6303.31,6316.79,6236.35,105447348.0,csi1000,中证1000,6440.108,6462.335999999999,6571.837666666667,6724.676166666667,6595.2224
2021-02-18,6405.02,6404.59,6441.51,6363.2,139118773.0,csi1000,中证1000,6434.996,6453.8576,6567.2119999999995,6716.29575,6598.380299999999
2021-02-19,6395.58,6527.65,6527.9,6374.58,155493626.0,csi1000,中证1000,6434.9555,6451.5492,6564.031833333333,6710.225083333334,6601.88575
2021-02-22,6553.91,6534.57,6659.41,6534.57,203594183.0,csi1000,中证1000,6429.079,6453.893999999999,6560.1736666666675,6705.085999999999,6605.611200000001
2021-02-23,6496.75,6489.96,6545.54,6447.97,158481358.0,csi1000,中证1000,6422.8735,6450.9028,6554.877666666666,6699.216749999999,6609.68345
2021-02-24,6490.38,6437.84,6542.28,6378.67,149391685.0,csi1000,中证1000,6411.193000000001,6447.870800000001,6548.708333333333,6692.418416666667,6613.64435
2021-02-25,6480.92,6399.35,6492.42,6390.41,135072293.0,csi1000,中证1000,6393.905000000001,6443.5716,6543.833,6685.632333333333,6617.8351
2021-02-26,6287.49,6325.4,6381.32,6276.71,123205195.0,csi1000,中证1000,6374.079,6435.4492,6538.536666666667,6679.694166666667,6621.7239500000005
2021-03-01,6362.94,6495.16,6495.19,6362.94,128960440.0,csi1000,中证1000,6365.9735,6429.171600000001,6536.093166666667,6674.538833333333,6625.8089
2021-03-02,6518.32,6466.63,6518.99,6423.95,136222317.0,csi1000,中证1000,6362.6,6423.274,6533.497666666666,6668.387583333332,6629.12995
2021-03-03,6456.71,6553.6,6553.95,6446.84,136766202.0,csi1000,中证1000,6363.3925,6418.56,6530.837166666667,6662.8005,6632.9186
2021-03-04,6519.04,6434.89,6534.6,6417.89,150190997.0,csi1000,中证1000,6365.1805,6406.1512,6525.8234999999995,6655.9338333333335,6635.779199999999
2021-03-05,6369.23,6456.28,6484.3,6366.47,139905673.0,csi1000,中证1000,6372.788500000001,6395.525600000001,6521.564166666667,6649.130999999999,6638.801600000001
2021-03-08,6496.21,6327.65,6529.87,6327.65,156811839.0,csi1000,中证1000,6371.8805,6382.3408,6514.581166666667,6641.945916666667,6641.0923
2021-03-09,6314.35,6126.28,6321.02,6035.91,161753224.0,csi1000,中证1000,6357.3215,6366.027999999999,6504.469166666667,6633.147333333333,6642.13855
2021-03-10,6192.15,6078.24,6208.77,6069.91,117963399.0,csi1000,中证1000,6345.864,6347.6476,6493.533666666667,6624.989416666666,6643.2135499999995
2021-03-11,6086.09,6219.66,6219.66,6055.4,124964076.0,csi1000,中证1000,6348.4595,6340.4688,6487.152666666667,6617.6275000000005,6644.86195
2021-03-12,6231.69,6220.48,6234.34,6155.7,137675183.0,csi1000,中证1000,6357.218500000001,6337.123199999999,6480.740833333333,6612.151500000001,6646.6641500000005
2021-03-15,6204.82,6177.74,6238.2,6130.4,133597000.0,csi1000,中证1000,6361.6645,6330.4003999999995,6475.399166666667,6608.35025,6647.86985
2021-03-16,6182.52,6233.46,6233.46,6145.52,137725927.0,csi1000,中证1000,6360.637000000001,6323.040400000001,6469.6765000000005,6604.111916666666,6649.70795
2021-03-17,6225.52,6277.58,6283.6,6184.06,125504532.0,csi1000,中证1000,6359.3505,6321.848000000001,6464.361166666667,6599.355416666667,6652.137650000001
2021-03-18,6276.8,6298.89,6322.46,6268.86,127601116.0,csi1000,中证1000,6354.0655,6327.093600000001,6460.286666666667,6594.499583333333,6655.2121
2021-03-19,6230.07,6250.81,6307.22,6208.76,125290138.0,csi1000,中证1000,6340.2235,6335.314,6454.5025,6589.815416666666,6658.1063
2021-03-22,6256.52,6359.6,6359.67,6253.62,136096739.0,csi1000,中证1000,6331.475,6346.145199999999,6450.939166666667,6585.935833333333,6660.8615500000005
2021-03-23,6364.82,6289.0,6372.66,6259.8,148304553.0,csi1000,中证1000,6321.427000000001,6347.5448,6444.229333333334,6580.596083333334,6663.446150000001
2021-03-24,6249.23,6196.27,6286.85,6183.2,137984976.0,csi1000,中证1000,6309.3485,6343.2632,6438.334333333333,6574.5050833333335,6665.632849999999
2021-03-25,6172.4,6190.71,6233.69,6130.25,125392928.0,csi1000,中证1000,6298.9165,6334.708,6431.492166666667,6569.296166666666,6667.504400000001
2021-03-26,6198.53,6301.34,6309.59,6198.53,124641822.0,csi1000,中证1000,6297.7135,6325.655599999999,6428.242333333333,6564.615916666667,6669.042149999999
2021-03-29,6323.94,6326.61,6364.54,6309.77,126449839.0,csi1000,中证1000,6289.286,6317.337200000001,6424.3313333333335,6561.711416666667,6670.661
2021-03-30,6313.48,6301.59,6316.82,6268.25,127030210.0,csi1000,中证1000,6281.034,6309.8024,6420.7,6558.9380833333325,6672.19575
2021-03-31,6289.6,6293.39,6298.79,6252.4,109810596.0,csi1000,中证1000,6268.0235,6304.024399999999,6417.6355,6556.796583333333,6673.6289
2021-04-01,6302.56,6335.79,6341.24,6286.06,110959297.0,csi1000,中证1000,6263.068499999999,6301.482,6414.450666666667,6554.419583333334,6675.2312
2021-04-02,6354.71,6361.25,6383.46,6337.98,115189624.0,csi1000,中证1000,6258.317,6302.916,6409.697,6552.287,6677.0303
2021-04-06,6376.72,6421.49,6425.39,6374.72,112882527.0,csi1000,中证1000,6263.009,6299.9692,6403.409166666667,6548.946416666668,6678.92605
2021-04-07,6419.99,6422.76,6422.77,6372.25,125134730.0,csi1000,中证1000,6277.8330000000005,6298.2144,6396.997666666666,6543.833750000001,6680.793250000001
2021-04-08,6411.03,6404.13,6435.36,6387.91,136741809.0,csi1000,中证1000,6294.1275000000005,6292.235600000001,6391.650666666666,6538.419250000001,6682.67685
2021-04-09,6399.15,6399.52,6410.53,6378.27,122690981.0,csi1000,中证1000,6303.1205,6290.8207999999995,6388.0335000000005,6533.510166666666,6684.518599999999
2021-04-12,6398.51,6263.4,6402.33,6251.49,132052545.0,csi1000,中证1000,6305.2665,6283.105600000001,6382.6675000000005,6527.9814166666665,6685.6908
2021-04-13,6252.71,6231.14,6282.97,6216.19,122869979.0,csi1000,中证1000,6307.936500000001,6279.2452,6378.587333333333,6522.354333333334,6686.08805
2021-04-14,6227.25,6320.07,6320.57,6225.56,116919813.0,csi1000,中证1000,6312.267,6286.996800000001,6374.5095,6517.868583333333,6686.7977
2021-04-15,6304.74,6296.61,6304.79,6258.95,118742397.0,csi1000,中证1000,6313.2185,6295.731599999999,6370.892333333333,6512.6455000000005,6687.534299999999
2021-04-16,6295.53,6368.85,6379.97,6295.53,135266662.0,csi1000,中证1000,6316.7165,6301.6992,6368.592666666666,6508.926833333333,6688.443
2021-04-19,6368.86,6477.39,6477.41,6357.5,143642913.0,csi1000,中证1000,6328.0455,6311.975600000001,6367.741500000001,6506.473333333333,6689.68985
2021-04-20,6460.52,6457.63,6506.88,6450.39,139720478.0,csi1000,中证1000,6332.947,6323.1712,6364.500333333333,6504.942500000001,6690.7835
2021-04-21,6425.34,6457.71,6470.94,6408.04,119477084.0,csi1000,中证1000,6341.3825,6332.1412,6361.894333333333,6503.352416666667,6691.934200000001
2021-04-22,6470.46,6485.21,6496.44,6463.14,118546167.0,csi1000,中证1000,6355.829500000001,6340.4464,6358.790333333334,6501.708,6693.303349999999
2021-04-23,6478.93,6453.3,6478.93,6425.66,121669107.0,csi1000,中证1000,6368.959000000001,6346.622799999999,6353.926833333333,6499.773583333334,6693.972049999999
2021-04-26,6467.88,6431.09,6527.33,6427.76,133406111.0,csi1000,中证1000,6375.4465,6353.834,6349.079666666667,6497.743166666666,6694.43065
2021-04-27,6423.79,6400.9,6429.86,6338.13,121314356.0,csi1000,中证1000,6379.161,6355.486000000001,6344.806833333333,6496.824333333334,6694.365400000001
2021-04-28,6395.02,6437.25,6437.27,6366.01,121918028.0,csi1000,中证1000,6385.944,6361.416000000001,6343.192666666667,6496.1865,6694.1599
2021-04-29,6419.04,6405.1,6441.85,6394.37,120927347.0,csi1000,中证1000,6391.5295,6369.769200000001,6340.981833333334,6494.1658333333335,6692.5554
2021-04-30,6389.17,6382.14,6397.27,6348.8,130027676.0,csi1000,中证1000,6393.847,6377.4264,6340.698666666666,6492.0779999999995,6690.37675
2021-05-06,6385.32,6398.44,6420.42,6347.99,129283601.0,csi1000,中证1000,6395.7065,6381.3104,6342.270666666666,6489.107083333334,6687.49895
2021-05-07,6403.98,6320.25,6409.35,6320.07,153125255.0,csi1000,中证1000,6390.6445,6381.056,6341.844666666667,6486.037,6683.189299999999
2021-05-10,6330.15,6338.57,6351.42,6300.86,150515685.0,csi1000,中证1000,6386.4349999999995,6382.5352,6340.529833333333,6481.758583333333,6679.13005
2021-05-11,6303.58,6343.86,6354.24,6239.26,149454823.0,csi1000,中证1000,6383.4214999999995,6384.554,6341.137666666666,6478.128333333333,6673.833899999999
2021-05-12,6321.98,6420.34,6420.34,6311.91,138850373.0,csi1000,中证1000,6384.4625,6387.936,6345.3475,6476.100083333334,6669.210649999999
2021-05-13,6365.0,6375.01,6432.63,6354.23,153001739.0,csi1000,中证1000,6390.043,6388.4864,6350.842666666666,6473.588333333333,6665.4284
2021-05-14,6395.51,6462.48,6462.5,6374.87,152664336.0,csi1000,中证1000,6401.61,6390.126000000001,6357.070333333333,6471.7224166666665,6663.9501
2021-05-17,6456.92,6457.28,6496.38,6438.87,146156637.0,csi1000,中证1000,6408.4705,6391.5068,6360.458166666667,6469.301333333334,6662.37385
2021-05-18,6451.07,6486.82,6486.92,6431.24,129048326.0,csi1000,中证1000,6417.981000000001,6394.814399999999,6363.516666666666,6467.677166666666,6659.789600000001
2021-05-19,6470.29,6488.95,6500.12,6455.82,133008427.0,csi1000,中证1000,6423.986,6398.3916,6364.922666666666,6466.067333333333,6656.9404
2021-05-20,6455.72,6482.84,6505.52,6445.97,142946580.0,csi1000,中证1000,6424.2585,6407.1692,6364.175833333333,6464.103833333333,6653.726750000001
2021-05-21,6492.85,6480.37,6509.37,6468.45,130968375.0,csi1000,中证1000,6425.3955,6417.1384,6363.2725,6461.723083333332,6650.53025
2021-05-24,6480.55,6537.86,6537.86,6471.22,138109498.0,csi1000,中证1000,6429.403,6425.85,6364.070833333333,6459.474249999999,6649.2964
2021-05-25,6542.68,6615.71,6617.43,6532.9,149127618.0,csi1000,中证1000,6435.928,6438.6140000000005,6367.035333333333,6457.871833333334,6648.4423
2021-05-26,6618.18,6644.75,6666.21,6609.91,155716936.0,csi1000,中证1000,6445.5005,6449.65,6371.125333333333,6457.479166666667,6647.3763500000005
2021-05-27,6636.77,6705.04,6706.38,6630.03,154465323.0,csi1000,中证1000,6459.197999999999,6458.755999999999,6377.452666666666,6457.9946666666665,6645.5989
2021-05-28,6709.89,6694.35,6735.55,6669.92,168672482.0,csi1000,中证1000,6473.8705,6468.224800000001,6380.772500000001,6458.432833333334,6643.82575
2021-05-31,6712.75,6814.36,6814.36,6712.75,161891755.0,csi1000,中证1000,6492.726000000001,6482.4908,6386.568,6460.032833333334,6642.1896
2021-06-01,6810.47,6854.73,6854.75,6782.66,172711794.0,csi1000,中证1000,6515.2074999999995,6497.2716,6391.586833333333,6461.212,6639.59655
2021-06-02,6844.85,6759.46,6852.64,6742.03,171553765.0,csi1000,中证1000,6534.0735,6509.518,6396.9963333333335,6461.4099166666665,6636.762900000001
2021-06-03,6754.78,6754.07,6824.98,6729.56,163047123.0,csi1000,中证1000,6551.855,6522.437199999999,6401.9595,6461.761833333334,6633.3973
2021-06-04,6725.82,6785.8,6803.78,6718.76,159605578.0,csi1000,中证1000,6575.1325,6537.833199999999,6409.595333333334,6462.08825,6630.16245
2021-06-07,6811.04,6861.85,6861.85,6807.93,158871549.0,csi1000,中证1000,6601.2964999999995,6554.8171999999995,6421.854833333333,6463.162,6627.77265
2021-06-08,6865.76,6809.86,6886.94,6779.93,167777357.0,csi1000,中证1000,6624.5965,6571.007599999999,6434.048500000001,6463.7910833333335,6625.02765
2021-06-09,6807.48,6823.41,6834.04,6783.01,159067202.0,csi1000,中证1000,6644.75,6588.658399999999,6444.111,6465.631833333333,6623.07745
2021-06-10,6817.59,6898.21,6903.88,6808.66,178116699.0,csi1000,中证1000,6670.909999999999,6608.649200000001,6455.4065,6468.073666666667,6622.106699999999
2021-06-11,6907.83,6852.97,6907.95,6852.97,190230799.0,csi1000,中证1000,6690.4345,6629.9580000000005,6466.660333333333,6471.029750000001,6620.8018999999995
2021-06-15,6854.81,6815.12,6866.18,6796.88,163778570.0,csi1000,中证1000,6708.3265,6649.02,6476.354666666666,6473.015583333333,6618.9577
2021-06-16,6808.63,6673.24,6810.2,6668.04,156086276.0,csi1000,中证1000,6717.647499999999,6662.1952,6482.949,6473.655083333333,6615.6254500000005
2021-06-17,6669.67,6787.67,6790.71,6669.67,148476838.0,csi1000,中证1000,6732.583499999999,6676.888400000001,6491.095333333334,6475.691000000001,6612.5126
2021-06-18,6783.99,6863.72,6869.26,6765.96,157958939.0,csi1000,中证1000,6751.6275,6696.4367999999995,6501.3105000000005,6477.9065,6610.550549999999
2021-06-21,6844.34,6968.3,6970.64,6833.36,157869004.0,csi1000,中证1000,6776.024,6716.669599999999,6511.455499999999,6481.1973333333335,6609.6357499999995
2021-06-22,6987.51,7000.25,7010.62,6947.87,168334055.0,csi1000,中证1000,6799.1435,6738.3884,6523.309666666666,6483.7695,6608.665649999999
2021-06-23,6997.41,7046.17,7060.4,6978.77,162649502.0,csi1000,中证1000,6820.666499999999,6760.7624,6537.474666666667,6487.904500000001,6607.6283
2021-06-24,7045.05,6974.64,7045.05,6969.55,162062962.0,csi1000,中证1000,6837.161,6780.19,6550.540166666667,6491.016166666666,6606.4331
2021-06-25,6975.49,7000.43,7016.08,6947.12,163774032.0,csi1000,中证1000,6851.9305,6800.893599999999,6562.191666666667,6495.217000000001,6606.245349999999
2021-06-28,7007.43,7063.47,7081.05,7005.93,152113850.0,csi1000,中证1000,6870.3865000000005,6824.2176,6574.472666666667,6499.402,6605.9937
2021-06-29,7068.4,7004.3,7082.07,6999.75,155950034.0,csi1000,中证1000,6879.883499999999,6842.8752,6586.1845,6503.442249999999,6604.9913
2021-06-30,7011.18,7083.7,7083.99,7004.75,148620294.0,csi1000,中证1000,6891.332,6861.5948,6599.356333333333,6508.495916666667,6604.2895499999995
2021-07-01,7094.19,6969.53,7099.13,6969.53,155170164.0,csi1000,中证1000,6901.835499999999,6874.585999999999,6609.9186666666665,6512.184666666667,6602.84275
2021-07-02,6947.45,6908.93,6960.48,6891.47,144228533.0,csi1000,中证1000,6909.578499999999,6882.741599999999,6619.046666666667,6514.371833333334,6601.024300000001
2021-07-05,6930.26,7006.7,7006.72,6930.26,150762865.0,csi1000,中证1000,6920.6235,6895.235599999999,6628.800166666666,6516.104666666667,6600.108499999999
2021-07-06,7013.99,6979.06,7045.19,6885.09,162135485.0,csi1000,中证1000,6926.4839999999995,6901.8236,6638.071833333333,6517.534750000001,6599.09325
2021-07-07,6932.94,7089.66,7093.05,6913.5,153671393.0,csi1000,中证1000,6940.474,6911.220799999999,6649.497333333334,6520.574,6599.2556
2021-07-08,7102.67,7099.41,7138.76,7082.39,174040696.0,csi1000,中证1000,6954.274,6924.8188,6661.162166666666,6524.597833333334,6599.2372
2021-07-09,7064.99,7142.9,7165.88,7000.59,169401412.0,csi1000,中证1000,6966.508500000001,6940.371999999999,6675.8205,6529.244,6600.5637
2021-07-12,7184.09,7284.23,7301.1,7171.04,192465587.0,csi1000,中证1000,6988.071500000001,6960.309200000001,6693.372,6535.979666666666,6603.8154
2021-07-13,7285.96,7331.73,7331.73,7263.16,192094228.0,csi1000,中证1000,7013.901999999999,6979.104399999999,6710.232999999999,6542.37125,6606.76375
2021-07-14,7301.61,7243.82,7338.31,7240.98,188693518.0,csi1000,中证1000,7042.431,6996.4628,6726.019833333334,6548.4560833333335,6608.74105
2021-07-15,7218.34,7241.62,7250.03,7103.97,181873511.0,csi1000,中证1000,7065.128500000001,7013.1912,6740.566,6554.579333333333,6610.5412
2021-07-16,7230.85,7228.36,7311.45,7214.04,182770696.0,csi1000,中证1000,7083.360500000001,7026.397199999999,6753.082166666666,6560.411833333333,6612.618450000001
2021-07-19,7213.63,7205.27,7259.03,7174.11,177030272.0,csi1000,中证1000,7095.209,7040.4892,6765.542833333332,6565.021583333333,6614.519049999999
2021-07-20,7145.54,7253.28,7253.37,7137.89,163146121.0,csi1000,中证1000,7107.8605,7058.0156,6778.802333333334,6570.348333333333,6616.136599999999
2021-07-21,7285.41,7398.81,7416.47,7285.41,190468877.0,csi1000,中证1000,7125.4925,7087.0383999999995,6794.0289999999995,6576.4096666666655,6618.494699999999
2021-07-22,7405.65,7446.48,7447.03,7349.13,203728649.0,csi1000,中证1000,7149.0845,7113.390799999999,6810.581999999999,6582.254416666667,6621.6482
2021-07-23,7442.62,7379.79,7473.14,7348.31,219221253.0,csi1000,中证1000,7168.0525,7134.0336,6826.393666666667,6587.736666666667,6624.2323
2021-07-26,7368.13,7286.15,7395.27,7140.73,212857936.0,csi1000,中证1000,7179.186500000001,7146.7476,6841.147833333333,6592.977333333333,6627.2873
2021-07-27,7298.33,7093.87,7373.09,7093.86,221926719.0,csi1000,中证1000,7183.664999999999,7150.4924,6852.0914999999995,6597.642083333334,6629.584699999999
2021-07-28,7019.05,6945.51,7058.51,6750.59,197276061.0,csi1000,中证1000,7176.755499999999,7146.466000000001,6861.098333333332,6601.040083333334,6631.5604
2021-07-29,7057.88,7207.48,7226.5,7057.88,182692230.0,csi1000,中证1000,7188.653,7155.7796,6874.854,6607.776333333333,6634.49265
2021-07-30,7209.04,7262.38,7279.06,7155.22,202917306.0,csi1000,中证1000,7206.325500000001,7166.2576,6889.253,6615.761833333334,6637.71875
2021-08-02,7264.37,7402.35,7402.4,7248.89,213300146.0,csi1000,中证1000,7226.108,7179.812800000001,6907.2880000000005,6624.566333333333,6640.6187
2021-08-03,7375.22,7308.96,7419.34,7284.18,209470826.0,csi1000,中证1000,7242.603,7191.999199999999,6923.461166666666,6631.995500000001,6641.982099999999
2021-08-04,7295.57,7478.21,7478.21,7295.45,186334118.0,csi1000,中证1000,7262.030499999999,7207.7796,6942.367,6641.752333333334,6644.1038
2021-08-05,7454.28,7447.94,7494.33,7402.38,198831153.0,csi1000,中证1000,7279.456999999999,7226.916,6959.493666666666,6652.4205833333335,6646.40045
2021-08-06,7462.86,7482.17,7490.98,7419.73,186015124.0,csi1000,中证1000,7296.4205,7249.8456,6977.946333333332,6664.394499999999,6649.177049999999
2021-08-09,7459.35,7507.08,7509.33,7386.31,181108880.0,csi1000,中证1000,7307.562999999999,7269.8607999999995,6995.356333333333,6676.213333333333,6652.1805
2021-08-10,7489.16,7549.55,7566.73,7467.06,189048528.0,csi1000,中证1000,7318.454000000001,7292.6804,7013.560833333333,6687.0095,6655.636449999999
2021-08-11,7538.82,7605.92,7611.65,7498.58,196350392.0,csi1000,中证1000,7336.558999999999,7313.3308,7032.212499999999,6697.864583333333,6659.049150000001
2021-08-12,7595.26,7657.53,7677.74,7588.74,210250483.0,csi1000,中证1000,7357.3544999999995,7335.655599999999,7051.688833333334,6708.3057499999995,6663.26135
2021-08-13,7635.49,7641.92,7724.44,7605.86,208006530.0,csi1000,中证1000,7378.032499999999,7355.6164,7071.006833333333,6717.591333333333,6667.611900000001
2021-08-16,7628.16,7568.14,7633.66,7546.54,201569545.0,csi1000,中证1000,7396.1759999999995,7366.9728,7089.136333333333,6726.2044166666665,6672.2459499999995
2021-08-17,7559.3,7360.03,7578.43,7338.02,207426805.0,csi1000,中证1000,7401.513499999999,7368.1048,7102.839166666668,6733.455000000001,6675.8035
2021-08-18,7352.97,7405.49,7454.03,7338.82,178940546.0,csi1000,中证1000,7401.847500000001,7374.5716,7116.002166666667,6741.51875,6679.41825
2021-08-19,7387.44,7468.77,7511.19,7330.6,182890322.0,csi1000,中证1000,7402.9619999999995,7383.6576000000005,7129.735833333333,6750.430583333334,6683.33495
2021-08-20,7438.7,7467.36,7505.55,7354.17,176822352.0,csi1000,中证1000,7407.340500000001,7393.2176,7142.441166666667,6759.946916666667,6687.29805
2021-08-23,7501.41,7652.56,7668.89,7501.41,201491657.0,csi1000,中证1000,7425.661,7411.109200000001,7158.4113333333335,6769.591916666667,6693.00505
2021-08-24,7654.19,7715.07,7737.6,7614.94,212658510.0,csi1000,中证1000,7456.721,7429.580800000001,7173.4231666666665,6779.995583333334,6699.01145
2021-08-25,7707.09,7769.63,7769.7,7664.29,206398314.0,csi1000,中证1000,7497.926999999999,7444.4136,7188.6714999999995,6790.129166666667,6704.621700000001
2021-08-26,7754.68,7669.53,7771.85,7662.38,228221412.0,csi1000,中证1000,7521.0295,7453.335599999999,7203.839333333333,6800.417833333332,6709.805950000001
2021-08-27,7634.93,7680.08,7686.34,7584.28,212891234.0,csi1000,中证1000,7541.914500000001,7465.3472,7219.272833333333,6810.616166666668,6714.431599999999
2021-08-30,7701.42,7727.75,7792.52,7687.15,236841828.0,csi1000,中证1000,7558.1845,7483.0112,7234.972,6822.283666666667,6719.627049999999
2021-08-31,7714.17,7728.42,7728.42,7636.77,235455501.0,csi1000,中证1000,7579.157499999999,7508.3931999999995,7249.414833333333,6835.634833333333,6724.00925
2021-09-01,7738.27,7606.87,7743.18,7495.76,267723537.0,csi1000,中证1000,7585.5905,7534.8476,7262.698333333334,6848.373416666666,6728.14615
2021-09-02,7572.05,7690.86,7703.72,7568.07,226086526.0,csi1000,中证1000,7597.736500000001,7554.1828000000005,7277.155833333333,6860.633416666667,6733.281800000001
2021-09-03,7696.46,7630.84,7766.46,7561.23,267044514.0,csi1000,中证1000,7605.17,7568.9212,7289.366333333333,6872.386416666666,6738.0539
2021-09-06,7625.74,7735.1,7735.55,7552.95,227954100.0,csi1000,中证1000,7616.571000000001,7582.2312,7304.068499999999,6885.364416666666,6743.29745
2021-09-07,7735.22,7878.35,7881.87,7718.59,228559607.0,csi1000,中证1000,7633.011,7605.0068,7321.789000000001,6899.071833333333,6748.950150000001
2021-09-08,7886.27,7894.25,7911.02,7854.89,254321788.0,csi1000,中证1000,7647.427500000001,7621.648400000001,7342.139166666667,6912.544083333332,6755.0128
2021-09-09,7888.83,7900.24,7922.41,7835.15,238201734.0,csi1000,中证1000,7659.563,7639.740400000001,7360.682,6925.888666666667,6761.103350000001
2021-09-10,7897.33,7932.65,7954.48,7832.96,240016301.0,csi1000,中证1000,7674.099499999999,7657.759599999999,7378.4974999999995,6939.9039999999995,6767.174300000001
2021-09-13,7941.21,7947.48,7955.98,7875.0,230685196.0,csi1000,中证1000,7693.066500000001,7675.3756,7394.817166666667,6953.136333333333,6773.0814
2021-09-14,7927.89,7916.9,8042.52,7895.18,243225554.0,csi1000,中证1000,7720.910000000001,7690.0696,7410.094666666667,6966.702166666667,6778.6273
2021-09-15,7900.69,7972.23,7988.37,7862.31,213453916.0,csi1000,中证1000,7749.247,7704.722000000001,7425.5289999999995,6981.501833333333,6784.448450000001
2021-09-16,7974.08,7754.95,7993.22,7749.66,236666551.0,csi1000,中证1000,7763.556,7708.6188,7438.534166666666,6994.537166666667,6789.76385
2021-09-17,7740.56,7730.22,7786.19,7575.08,214238032.0,csi1000,中证1000,7776.698999999999,7712.150799999999,7450.6973333333335,7006.4445,6795.19905
2021-09-22,7640.47,7769.06,7774.5,7633.28,182733915.0,csi1000,中证1000,7782.523999999999,7720.1876,7462.457166666666,7018.464916666666,6800.8355
2021-09-23,7818.73,7806.8,7850.24,7792.59,212400135.0,csi1000,中证1000,7787.110500000001,7738.0584,7475.832166666666,7031.008333333333,6806.757699999999
2021-09-24,7799.92,7695.62,7806.81,7685.11,206463409.0,csi1000,中证1000,7783.410000000001,7749.6636,7486.030833333333,7042.693583333333,6811.66965
2021-09-27,7717.1,7467.82,7733.21,7399.81,213183646.0,csi1000,中证1000,7773.324500000001,7749.6256,7494.335666666667,7052.127166666666,6815.3302
2021-09-28,7428.41,7468.73,7496.33,7409.37,158064850.0,csi1000,中证1000,7762.757,7749.680399999999,7503.665666666666,7061.3561666666665,6819.11465
2021-09-29,7409.96,7199.18,7413.8,7199.11,172550145.0,csi1000,中证1000,7736.328499999999,7731.5452000000005,7506.873666666667,7067.836916666666,6821.3774
2021-09-30,7237.54,7405.46,7411.28,7237.54,146442233.0,csi1000,中证1000,7720.1805,7719.1608,7513.980333333334,7076.026083333332,6824.7397
2021-10-08,7501.24,7425.67,7514.24,7382.02,159460337.0,csi1000,中证1000,7711.1205,7705.4024,7519.580499999999,7084.538916666666,6828.196200000001
2021-10-11,7441.62,7384.84,7442.35,7346.86,150601221.0,csi1000,中证1000,7695.8195,7694.0148,7524.337666666667,7092.749916666667,6832.107800000001
2021-10-12,7366.16,7208.47,7376.73,7125.54,156643677.0,csi1000,中证1000,7674.700999999999,7675.1503999999995,7525.4305,7100.6255,6835.124199999999
2021-10-13,7213.0,7289.36,7297.3,7147.01,131191523.0,csi1000,中证1000,7652.414,7657.614799999999,7525.5160000000005,7109.444,6839.0797999999995
2021-10-14,7276.51,7342.25,7362.46,7256.98,128930725.0,csi1000,中证1000,7625.6089999999995,7642.168000000001,7525.691333333333,7117.962166666667,6842.9069500000005
2021-10-15,7321.58,7350.41,7374.34,7288.28,145334937.0,csi1000,中证1000,7598.4169999999995,7631.9096,7527.467833333333,7126.743833333332,6846.6765000000005
2021-10-18,7344.57,7429.63,7429.63,7322.7,144948204.0,csi1000,中证1000,7574.8865000000005,7621.4604,7530.601333333334,7135.583666666666,6851.10785
2021-10-19,7420.48,7504.05,7506.09,7408.12,152408117.0,csi1000,中证1000,7553.4565,7616.3888,7535.196166666666,7144.139166666666,6855.638799999999
2021-10-20,7467.34,7523.56,7560.85,7456.81,155743734.0,csi1000,中证1000,7532.260499999999,7607.9272,7540.501,7153.021916666667,6860.3895999999995
2021-10-21,7520.93,7503.53,7548.82,7481.44,158742478.0,csi1000,中证1000,7511.592,7592.934399999999,7544.671833333333,7161.7370833333325,6864.449299999999
2021-10-22,7506.87,7438.48,7530.58,7436.14,167656958.0,csi1000,中证1000,7484.9045,7574.7036,7545.333,7169.681,6868.891849999999
2021-10-25,7438.43,7532.37,7532.37,7417.2,150472175.0,csi1000,中证1000,7473.775500000001,7559.9888,7546.7645,7178.673250000001,6873.5475
2021-10-26,7547.75,7508.69,7583.13,7492.39,161427463.0,csi1000,中证1000,7462.6990000000005,7543.030400000001,7548.912833333333,7187.65325,6878.6093
2021-10-27,7490.69,7433.55,7501.54,7408.58,162086332.0,csi1000,中证1000,7445.9235,7522.473199999999,7551.3695,7196.258666666667,6882.970700000001
2021-10-28,7395.49,7267.85,7422.1,7253.11,165925078.0,csi1000,中证1000,7418.976,7496.5112,7554.269166666667,7203.180333333334,6886.7126
2021-10-29,7276.51,7385.3,7385.41,7234.5,158534550.0,csi1000,中证1000,7403.459999999999,7473.033999999999,7561.599,7211.348666666667,6891.2528
2021-11-01,7374.45,7455.61,7488.48,7357.67,172033253.0,csi1000,中证1000,7402.849499999999,7461.0604,7565.7345000000005,7220.294250000001,6895.89645
2021-11-02,7462.13,7368.6,7501.96,7301.65,187513416.0,csi1000,中证1000,7397.843000000001,7446.595600000001,7567.504833333334,7228.378916666667,6899.5071
2021-11-03,7362.12,7385.2,7391.05,7312.25,145619008.0,csi1000,中证1000,7407.144,7431.2412,7567.219,7237.2535,6902.439299999999
2021-11-04,7402.66,7483.69,7483.69,7402.66,161717927.0,csi1000,中证1000,7411.0554999999995,7418.3168,7570.131166666667,7246.796166666667,6905.820500000001
2021-11-05,7476.14,7389.59,7488.12,7388.2,181677566.0,csi1000,中证1000,7409.2515,7406.075599999999,7568.654166666666,7255.510583333334,6909.1437
2021-11-08,7376.71,7422.91,7423.01,7351.5,152051651.0,csi1000,中证1000,7411.155000000001,7404.279199999999,7568.236999999999,7263.865333333334,6913.1755
2021-11-09,7443.45,7531.96,7532.25,7435.51,155570244.0,csi1000,中证1000,7427.3295,7406.808400000001,7569.066833333333,7273.506583333334,6917.9085
2021-11-10,7516.0,7535.23,7535.24,7425.23,166809268.0,csi1000,中证1000,7439.623,7420.250399999999,7569.535999999999,7282.446166666667,6923.2049
2021-11-11,7524.16,7593.73,7601.2,7515.71,171153194.0,csi1000,中证1000,7452.197,7427.7812,7570.272333333333,7291.916583333334,6928.34985
2021-11-12,7593.45,7697.81,7705.05,7593.45,173746790.0,csi1000,中证1000,7469.567,7438.666800000001,7571.803833333334,7302.0081666666665,6934.270700000001
2021-11-15,7713.85,7676.48,7727.02,7653.71,189553649.0,csi1000,中证1000,7481.909499999999,7450.332400000001,7572.1196666666665,7311.9042500000005,6940.11895
2021-11-16,7659.02,7589.18,7691.65,7579.68,177013065.0,csi1000,中证1000,7486.166,7465.560800000001,7571.240666666667,7321.12375,6945.42255
2021-11-17,7603.33,7725.09,7725.09,7603.33,174824288.0,csi1000,中证1000,7496.2425,7482.99,7573.8565,7331.496416666667,6950.7875
2021-11-18,7724.03,7714.8,7765.74,7686.14,198504448.0,csi1000,中证1000,7506.806,7497.892,7579.769333333333,7341.30425,6956.29115
2021-11-19,7709.31,7803.76,7806.03,7705.84,188001126.0,csi1000,中证1000,7525.07,7516.026,7586.407166666667,7351.2046666666665,6961.9527
2021-11-22,7822.96,7947.37,7948.02,7822.96,190400270.0,csi1000,中证1000,7545.82,7536.735599999999,7594.383833333334,7362.059833333333,6967.964
2021-11-23,7950.25,7941.56,7974.51,7933.2,193422045.0,csi1000,中证1000,7567.4635,7554.236,7602.287166666666,7372.364166666667,6974.062199999999
2021-11-24,7939.59,7938.77,7971.44,7917.68,188605678.0,csi1000,中证1000,7592.724499999999,7570.844400000001,7607.057333333333,7382.734333333333,6980.4697
2021-11-25,7937.4,7925.76,7959.84,7919.66,175838157.0,csi1000,中证1000,7625.62,7587.7336,7610.568833333333,7391.996,6987.428000000001
2021-11-26,7912.89,7940.79,7954.79,7906.35,173916847.0,csi1000,中证1000,7653.3945,7607.826,7613.4215,7401.0464999999995,6994.443200000001
2021-11-29,7837.39,7999.83,7999.94,7828.92,176453409.0,csi1000,中证1000,7680.6055,7626.524399999999,7618.9265000000005,7411.382916666667,7002.4466999999995
2021-11-30,8037.26,8054.29,8082.9,7991.19,197562643.0,csi1000,中证1000,7714.889999999999,7648.3484,7625.163333333333,7422.218083333332,7011.19755
2021-12-01,8050.89,8055.82,8068.38,8000.81,189074930.0,csi1000,中证1000,7748.421,7673.2392,7630.631166666667,7432.801583333334,7019.7476
2021-12-02,8045.73,7968.23,8046.25,7964.74,184672448.0,csi1000,中证1000,7772.647999999999,7701.254400000001,7634.628,7442.0214166666665,7027.50145
2021-12-03,7973.62,8023.96,8034.69,7952.37,179063016.0,csi1000,中证1000,7804.366500000001,7726.8008,7641.579500000001,7452.138916666666,7036.0842999999995
2021-12-06,8018.46,7906.76,8029.83,7899.91,191520328.0,csi1000,中证1000,7828.558999999999,7744.8468,7645.177833333334,7461.166833333334,7044.77935
2021-12-07,7937.23,7781.44,7948.17,7713.92,182389995.0,csi1000,中证1000,7841.033,7761.3604,7647.687833333333,7468.527083333333,7053.46005
2021-12-08,7806.38,7922.55,7922.55,7803.44,161307050.0,csi1000,中证1000,7860.399,7782.8544,7650.812000000001,7477.44025,7062.6287
2021-12-09,7924.53,7931.76,7948.03,7903.68,181252221.0,csi1000,中证1000,7877.300499999999,7800.7772,7651.702166666667,7486.745583333333,7071.01745
2021-12-10,7898.64,7949.13,7964.35,7886.13,173465763.0,csi1000,中证1000,7889.866499999999,7823.1588,7652.6168333333335,7497.378,7079.24655
2021-12-13,7963.48,7984.9,8000.11,7936.62,189522058.0,csi1000,中证1000,7905.2875,7845.638400000001,7654.027833333333,7507.354916666666,7087.1481
2021-12-14,7969.6,7981.83,7997.18,7952.75,193212509.0,csi1000,中证1000,7924.92,7863.633199999999,7654.847500000001,7516.6725,7094.419
2021-12-15,7982.1,7955.58,8019.3,7942.94,200207035.0,csi1000,中证1000,7936.4445,7880.4472,7654.9825,7524.899833333333,7101.524049999999
2021-12-16,7966.5,8005.98,8005.98,7959.18,194865198.0,csi1000,中证1000,7951.003500000001,7896.937199999999,7656.467166666667,7533.280916666667,7109.104149999999
2021-12-17,7997.47,7894.1,7997.47,7894.1,202303676.0,csi1000,中证1000,7955.5205000000005,7904.7888,7655.164999999999,7540.347,7116.385450000001
2021-12-20,7873.67,7751.95,7920.65,7747.36,199008302.0,csi1000,中证1000,7945.7495,7907.807599999999,7655.115000000001,7546.824583333333,7123.14845
2021-12-21,7749.82,7849.03,7849.03,7749.82,191460577.0,csi1000,中证1000,7941.123,7918.201599999999,7657.095166666667,7553.89625,7130.7666
2021-12-22,7868.3,7930.81,7943.24,7854.36,205942185.0,csi1000,中证1000,7940.725,7926.4304,7659.791,7561.124083333333,7137.94485
2021-12-23,7932.1,7932.66,7947.13,7892.89,202910623.0,csi1000,中证1000,7941.07,7935.1448,7661.888666666667,7568.860416666666,7145.275
2021-12-24,7940.38,7776.61,7940.43,7771.42,212132316.0,csi1000,中证1000,7932.861,7934.0588,7663.2385,7574.634666666667,7151.39005
2021-12-27,7768.38,7776.43,7833.58,7739.29,175431928.0,csi1000,中证1000,7921.691000000001,7927.2212,7668.382,7581.358833333333,7158.09775
2021-12-28,7794.03,7863.53,7863.53,7783.1,170744598.0,csi1000,中证1000,7912.153,7924.1,7674.962,7589.313833333334,7165.134
2021-12-29,7858.94,7855.43,7886.71,7838.28,172273111.0,csi1000,中证1000,7902.133499999999,7920.766399999999,7685.8994999999995,7596.386583333332,7172.7729
2021-12-30,7863.17,7924.53,7949.96,7861.54,178545904.0,csi1000,中证1000,7899.9485,7920.7172,7694.550666666667,7604.2654999999995,7181.76415
2021-12-31,7946.94,8010.32,8016.4,7946.94,189602903.0,csi1000,中证1000,7899.2665,7923.4983999999995,7704.2948333333325,7611.937666666667,7191.424550000001
2022-01-04,8045.1,7983.07,8060.99,7948.91,225957706.0,csi1000,中证1000,7903.082,7922.828,7714.265333333333,7619.3015,7200.241599999999
2022-01-05,7968.74,7781.68,7968.92,7733.51,218791495.0,csi1000,中证1000,7903.094,7911.9236,7723.818833333333,7624.6246666666675,7208.0476
2022-01-06,7743.86,7844.52,7863.55,7721.78,192735028.0,csi1000,中证1000,7899.192499999999,7903.471600000001,7733.0715,7629.29375,7216.3815
2022-01-07,7841.13,7682.7,7867.49,7681.13,214441281.0,csi1000,中证1000,7886.739500000001,7892.050399999999,7738.745666666667,7632.2185,7223.6277
2022-01-10,7669.04,7734.19,7756.97,7624.93,183118474.0,csi1000,中证1000,7875.9925,7880.459599999999,7745.142000000001,7636.304916666666,7230.910749999999
2022-01-11,7734.54,7646.69,7768.74,7632.07,184256677.0,csi1000,中证1000,7859.082,7870.056799999999,7748.759666666667,7639.6805,7237.64975
2022-01-12,7691.85,7779.52,7779.52,7682.55,179028770.0,csi1000,中证1000,7848.9664999999995,7869.98,7753.350833333334,7644.2735,7245.293299999999
2022-01-13,7781.31,7644.79,7781.31,7644.79,196718813.0,csi1000,中证1000,7833.427000000001,7858.8696,7755.3713333333335,7647.936166666666,7251.719249999999
2022-01-14,7611.29,7675.37,7714.5,7590.19,195437286.0,csi1000,中证1000,7816.8965,7848.613999999999,7758.235333333333,7651.453583333333,7258.6511
2022-01-17,7687.71,7808.09,7815.66,7683.38,199048670.0,csi1000,中证1000,7812.596,7842.9724,7764.3955000000005,7654.8642500000005,7266.7102
2022-01-18,7808.99,7758.61,7827.19,7743.72,221945152.0,csi1000,中证1000,7812.929000000001,7833.9208,7768.166166666667,7657.465333333333,7274.5497
2022-01-19,7728.16,7665.18,7745.81,7617.06,188170844.0,csi1000,中证1000,7803.736500000001,7821.2548,7770.774333333334,7659.843583333333,7281.3689
2022-01-20,7664.12,7492.61,7672.76,7488.86,199876175.0,csi1000,中证1000,7781.8265,7802.736000000001,7771.758666666667,7661.564083333333,7287.1989
2022-01-21,7474.76,7388.74,7493.02,7384.4,176628567.0,csi1000,中证1000,7754.630500000001,7778.0464,7773.773499999999,7664.021333333334,7292.634650000001
2022-01-24,7346.39,7425.4,7462.53,7333.0,154415827.0,csi1000,中证1000,7737.07,7759.2984,7774.441833333333,7668.020416666666,7298.2946999999995
2022-01-25,7398.76,7133.07,7440.55,7133.07,178576999.0,csi1000,中证1000,7704.902,7734.543200000001,7769.066166666667,7667.400333333334,7302.2811
2022-01-26,7158.57,7171.03,7226.64,7071.47,143072475.0,csi1000,中证1000,7670.277,7707.423199999999,7765.773333333333,7666.639083333333,7306.33
2022-01-27,7178.54,6960.11,7191.48,6959.46,146786371.0,csi1000,中证1000,7625.511,7668.595199999999,7758.688499999999,7662.953750000001,7309.023099999999
2022-01-28,6996.77,6973.01,7071.32,6861.47,138984344.0,csi1000,中证1000,7577.935,7630.2092,7750.177166666666,7660.154166666666,7311.77435
2022-02-07,7080.61,7061.62,7102.42,7037.16,145506305.0,csi1000,中证1000,7530.5,7601.6096,7744.710999999999,7656.682583333333,7315.0618
2022-02-08,7058.25,7080.62,7080.62,6928.9,160900402.0,csi1000,中证1000,7485.3775,7573.7771999999995,7739.006166666667,7653.6215833333345,7318.4673
2022-02-09,7083.43,7211.43,7212.75,7056.62,172399731.0,csi1000,中证1000,7456.865,7547.693200000001,7733.664000000001,7651.3654166666665,7323.20745
2022-02-10,7208.57,7175.62,7222.19,7126.07,165781454.0,csi1000,中证1000,7423.42,7520.500800000001,7727.670500000001,7648.60325,7327.9298499999995
2022-02-11,7140.93,7033.85,7151.24,7024.79,168615165.0,csi1000,中证1000,7390.977499999999,7484.8736,7718.339166666667,7644.3057499999995,7331.49875
2022-02-14,6991.63,7006.08,7096.55,6961.3,147217812.0,csi1000,中证1000,7354.572,7444.704000000001,7706.810333333333,7639.307083333333,7335.0461
2022-02-15,7020.13,7124.85,7125.1,6990.4,143297601.0,csi1000,中证1000,7328.4800000000005,7410.3752,7697.6165,7634.868083333334,7338.8261
2022-02-16,7164.23,7183.11,7201.08,7132.08,147188972.0,csi1000,中证1000,7298.6595,7386.4324,7690.848666666667,7631.044666666667,7342.3547
2022-02-17,7169.72,7220.61,7265.03,7146.59,165944068.0,csi1000,中证1000,7277.450500000001,7361.476,7682.440666666666,7628.148583333333,7346.169599999999
2022-02-18,7174.59,7251.79,7252.06,7164.27,156097027.0,csi1000,中证1000,7256.2715,7344.2396,7674.7238333333335,7627.246583333333,7350.14
2022-02-21,7264.44,7334.59,7334.91,7259.75,169847848.0,csi1000,中证1000,7232.5965,7328.2556,7666.904333333334,7626.65575,7354.3869
2022-02-22,7310.66,7279.24,7310.66,7212.27,179502634.0,csi1000,中证1000,7208.628,7313.5576,7655.7688333333335,7625.0763333333325,7358.5166
2022-02-23,7290.7,7450.4,7450.4,7289.74,182730485.0,csi1000,中证1000,7197.889,7300.3928000000005,7647.582833333333,7624.9349999999995,7363.613149999999
2022-02-24,7414.47,7285.12,7481.14,7174.78,255720585.0,csi1000,中证1000,7187.5145,7286.005999999999,7636.688666666666,7621.8730000000005,7368.03425
2022-02-25,7346.85,7361.96,7435.4,7344.78,177757004.0,csi1000,中证1000,7186.175499999999,7273.4696,7627.292,7618.930416666666,7372.6578
2022-02-28,7370.43,7419.83,7419.83,7291.08,167402030.0,csi1000,中证1000,7185.897,7257.939200000001,7618.609333333333,7616.015416666666,7377.731449999999
2022-03-01,7433.75,7429.44,7454.9,7379.82,166187061.0,csi1000,中证1000,7200.7155,7244.7724,7609.102833333333,7614.014666666667,7382.96795
2022-03-02,7400.95,7414.31,7421.64,7341.83,160209921.0,csi1000,中证1000,7212.8795,7234.7376,7598.4365,7611.799916666667,7388.0473
2022-03-03,7440.94,7342.61,7446.47,7334.28,183181947.0,csi1000,中证1000,7232.0045,7228.737599999999,7586.549666666667,7608.590416666667,7393.159100000001
2022-03-04,7300.0,7241.56,7360.26,7219.64,178438419.0,csi1000,中证1000,7245.431999999999,7222.8504,7574.4385,7604.5332499999995,7397.6740500000005
2022-03-07,7230.81,7085.73,7230.81,7050.35,166051775.0,csi1000,中证1000,7246.6375,7209.2636,7558.801333333333,7600.190416666667,7401.383400000001
2022-03-08,7089.51,6871.22,7118.51,6824.03,191960627.0,csi1000,中证1000,7236.1675000000005,7198.7896,7541.542333333333,7593.360083333333,7403.6378
2022-03-09,6889.51,6796.04,6925.55,6511.91,213261914.0,csi1000,中证1000,7215.398000000001,7183.79,7525.119,7586.403416666666,7405.742950000001
2022-03-10,6946.58,6952.52,7017.28,6914.89,185354471.0,csi1000,中证1000,7204.2429999999995,7183.4864,7508.9518333333335,7579.881916666666,7408.193150000001
2022-03-11,6856.87,6990.78,7001.6,6778.59,180993184.0,csi1000,中证1000,7202.0895,7184.1972,7493.268833333333,7572.4855,7410.86065
2022-03-14,6938.22,6800.59,6972.91,6800.59,162662118.0,csi1000,中证1000,7191.815,7173.755999999999,7474.1265,7563.371666666667,7412.429499999999
2022-03-15,6745.6,6473.48,6790.24,6473.48,195750814.0,csi1000,中证1000,7159.246499999999,7149.4704,7448.936166666666,7551.482000000001,7412.35215
2022-03-16,6586.82,6692.97,6704.18,6330.41,197558967.0,csi1000,中证1000,7134.739500000001,7128.732,7427.455166666667,7541.151333333333,7413.402799999999
2022-03-17,6777.74,6818.54,6934.49,6768.61,205054389.0,csi1000,中证1000,7114.636,7114.4488,7408.504499999999,7531.7435,7415.09365
2022-03-18,6792.32,6879.37,6882.66,6773.46,173890405.0,csi1000,中证1000,7096.015000000001,7108.2696,7389.727666666667,7523.0974166666665,7416.8012
2022-03-21,6886.03,6954.41,6983.52,6867.31,179428388.0,csi1000,中证1000,7077.006000000001,7106.2028,7374.066166666667,7514.615583333333,7418.494699999999
2022-03-22,6938.97,6923.44,6976.39,6893.65,178456271.0,csi1000,中证1000,7059.216,7098.1464000000005,7360.257666666667,7507.686333333333,7419.88815
2022-03-23,6938.51,6966.95,6989.72,6910.33,175942212.0,csi1000,中证1000,7035.0435,7089.5,7345.556333333332,7501.32575,7421.197699999999
2022-03-24,6934.13,6900.81,6950.74,6847.17,175917865.0,csi1000,中证1000,7015.8279999999995,7076.708,7328.389666666666,7494.0903333333345,7422.23
2022-03-25,6906.68,6819.81,6939.87,6819.55,173818597.0,csi1000,中证1000,6988.7205,7059.4288,7309.842166666667,7485.8654166666665,7422.25725
2022-03-28,6772.44,6767.25,6828.4,6692.91,168398609.0,csi1000,中证1000,6956.0914999999995,7036.735199999999,7293.0195,7478.129,7421.81985
2022-03-29,6785.38,6725.68,6808.88,6700.41,166201696.0,csi1000,中证1000,6920.9035,7014.5928,7275.5070000000005,7471.9445000000005,7421.650949999999
2022-03-30,6750.0,6864.75,6864.75,6734.07,171325803.0,csi1000,中证1000,6893.4255,6991.166800000001,7258.8606666666665,7466.9113333333335,7422.204349999999
2022-03-31,6846.33,6772.07,6846.33,6760.05,195679084.0,csi1000,中证1000,6864.8985,6970.6448,7240.804666666667,7463.352083333333,7422.1357
2022-04-01,6723.26,6772.6,6790.76,6688.7,171530586.0,csi1000,中证1000,6841.450500000001,6947.0704,7221.605833333333,7458.0782500000005,7421.689450000001
2022-04-06,6769.74,6764.29,6769.74,6711.3,179932763.0,csi1000,中证1000,6825.378500000001,6920.8488,7200.8386666666665,7452.56675,7421.461599999999
2022-04-07,6736.34,6623.59,6768.45,6623.59,188432684.0,csi1000,中证1000,6812.997,6888.614799999999,7178.180666666667,7446.223,7420.4625
2022-04-08,6635.69,6575.28,6644.76,6496.18,191574074.0,csi1000,中证1000,6801.959,6855.0536,7158.074,7440.946416666667,7418.84785
2022-04-11,6544.29,6328.07,6544.29,6297.39,204208292.0,csi1000,中证1000,6770.736500000001,6814.472000000001,7132.7998333333335,7432.935666666666,7416.223350000001
2022-04-12,6314.22,6414.42,6414.5,6259.05,193676857.0,csi1000,中证1000,6741.9185,6781.386399999999,7111.661833333334,7425.20375,7414.2198499999995
2022-04-13,6381.78,6286.25,6388.7,6286.25,184434050.0,csi1000,中证1000,6716.2015,6749.4072,7087.529500000001,7416.33575,7412.2849
2022-04-14,6313.1,6359.71,6388.56,6294.37,175754732.0,csi1000,中证1000,6710.513000000001,6728.946800000001,7066.079833333333,7407.41975,7410.1451
2022-04-15,6328.23,6275.07,6334.48,6229.41,190007521.0,csi1000,中证1000,6689.6179999999995,6708.107999999999,7041.005666666666,7397.17825,7407.20185
2022-04-18,6233.42,6326.02,6339.11,6164.44,158964836.0,csi1000,中证1000,6664.992,6683.048000000001,7019.0261666666665,7387.19875,7403.99045
2022-04-19,6324.42,6345.79,6379.43,6304.25,150941628.0,csi1000,中证1000,6638.313,6657.2484,6996.8665,7377.550916666666,7400.718150000001
2022-04-20,6347.8,6234.25,6351.64,6208.79,165357430.0,csi1000,中证1000,6602.305,6634.594800000001,6970.635833333333,7367.515666666667,7396.65855
2022-04-21,6206.18,5981.38,6236.55,5966.03,173454906.0,csi1000,中证1000,6555.202,6614.9108,6941.015333333333,7354.590749999999,7391.69225
2022-04-22,5937.39,5891.81,5965.41,5851.23,144729195.0,csi1000,中证1000,6501.445000000001,6582.8643999999995,6911.4591666666665,7341.11675,7386.14915
2022-04-25,5776.18,5431.61,5776.18,5431.61,183166673.0,csi1000,中证1000,6427.985000000001,6527.3872,6877.109166666666,7324.433916666666,7377.98985
2022-04-26,5432.61,5266.55,5483.03,5251.52,178323322.0,csi1000,中证1000,6350.321999999999,6462.8744,6841.739333333333,7307.756416666667,7369.3011
2022-04-27,5192.5,5540.72,5541.11,5164.75,192927271.0,csi1000,中证1000,6288.995499999999,6406.326799999999,6810.3279999999995,7292.384916666667,7361.5862
2022-04-28,5501.52,5493.91,5578.62,5425.77,169714058.0,csi1000,中证1000,6227.407,6349.1456,6783.008666666666,7276.037416666667,7354.208100000001
2022-04-29,5534.17,5734.49,5753.08,5517.72,186660549.0,csi1000,中证1000,6170.894,6299.8472,6759.066333333334,7262.419833333333,7348.3359
2022-05-05,5723.18,5836.93,5884.38,5712.06,168932975.0,csi1000,中证1000,6124.137,6257.292,6740.346666666667,7249.517583333333,7342.48705
2022-05-06,5690.14,5764.69,5812.48,5665.93,154196363.0,csi1000,中证1000,6073.7415,6215.087200000001,6720.2080000000005,7235.1925833333335,7336.4152
2022-05-09,5749.9,5840.89,5857.71,5749.9,138943474.0,csi1000,中证1000,6027.5715,6178.0328,6699.8625,7222.28675,7330.1713500000005
2022-05-10,5761.85,5950.67,5952.72,5746.72,169630054.0,csi1000,中证1000,5993.925499999999,6147.0324,6681.030000000001,7210.0180833333325,7324.4276500000005
2022-05-11,5959.79,6003.03,6147.86,5959.79,206311093.0,csi1000,中证1000,5965.313,6112.5635999999995,6660.889999999999,7197.277,7318.7283
2022-05-12,5971.21,6034.57,6061.18,5964.83,166809919.0,csi1000,中证1000,5950.638000000001,6083.063600000001,6641.8724999999995,7184.7715,7312.48
2022-05-13,6059.0,6071.67,6079.16,6001.91,154708863.0,csi1000,中证1000,5933.5005,6055.0264,6625.836166666666,7172.087666666667,7306.1797
2022-05-16,6110.99,6082.88,6154.7,6057.32,158814937.0,csi1000,中证1000,5923.332,6027.77,6610.4495,7158.629916666667,7300.375
2022-05-17,6079.3,6118.46,6120.84,6013.7,160980872.0,csi1000,中证1000,5911.2695,6007.5648,6593.676333333334,7145.6464166666665,7294.7592
2022-05-18,6124.38,6127.8,6183.46,6103.63,151802570.0,csi1000,中证1000,5903.906,5989.6656,6576.087833333334,7133.468250000001,7289.256399999999
2022-05-19,6032.73,6180.19,6180.19,6020.41,161512314.0,csi1000,中证1000,5896.614500000001,5983.750400000001,6558.7474999999995,7120.5940833333325,7284.131000000001
2022-05-20,6203.91,6263.44,6263.44,6176.13,167859417.0,csi1000,中证1000,5892.497,5977.7112,6542.275,7108.4994166666675,7279.1818
2022-05-23,6284.6,6343.47,6345.0,6267.83,164866544.0,csi1000,中证1000,5897.9580000000005,5980.0,6525.756333333334,7096.330333333333,7273.9051
2022-05-24,6343.89,6081.64,6345.12,6081.64,198397600.0,csi1000,中证1000,5902.971,5968.8772,6505.796333333333,7080.782583333334,7267.0809
2022-05-25,6079.94,6188.27,6188.27,6070.96,161353725.0,csi1000,中证1000,5917.794,5965.4052,6484.760833333334,7066.171833333333,7261.123299999999
2022-05-26,6195.21,6227.1,6252.56,6095.75,168440235.0,csi1000,中证1000,5957.568499999999,5961.448399999999,6467.127166666667,7051.907916666666,7255.82805
2022-05-27,6252.36,6210.09,6283.72,6157.81,170565783.0,csi1000,中证1000,6004.7455,5956.020399999999,6447.9293333333335,7037.610666666666,7251.40915
2022-05-30,6231.64,6282.36,6282.36,6171.74,159200760.0,csi1000,中证1000,6041.8275,5957.9448,6428.9715,7023.790416666667,7248.0934
2022-05-31,6283.16,6353.35,6356.55,6224.61,173551180.0,csi1000,中证1000,6084.7995,5972.823600000001,6411.036666666667,7010.06975,7243.82275
2022-06-01,6332.39,6373.32,6398.35,6316.58,172991852.0,csi1000,中证1000,6116.741,5992.084,6393.686833333332,6996.0616666666665,7239.37745
2022-06-02,6349.56,6442.93,6449.97,6329.07,164947433.0,csi1000,中证1000,6147.041,6032.536800000001,6378.692166666667,6982.620916666667,7234.58035
2022-06-06,6449.55,6604.98,6612.8,6449.24,183176282.0,csi1000,中证1000,6189.0555,6086.0740000000005,6368.0825,6971.2605,7231.060450000001
2022-06-07,6613.17,6597.83,6631.32,6539.71,187679372.0,csi1000,中证1000,6226.9025,6128.358400000001,6359.950833333334,6959.376083333334,7226.658550000001
2022-06-08,6594.92,6608.89,6660.09,6474.23,196322415.0,csi1000,中证1000,6259.8135,6172.9576,6355.578666666666,6948.5605000000005,7222.463299999999
2022-06-09,6591.92,6490.38,6591.92,6453.65,178041439.0,csi1000,中证1000,6284.1810000000005,6203.193200000001,6350.484333333333,6937.801666666666,7217.504349999999
2022-06-10,6446.81,6627.75,6630.26,6438.8,176920936.0,csi1000,中证1000,6313.84,6234.826,6345.0715,6927.011666666667,7213.107699999999
2022-06-13,6582.69,6674.8,6683.91,6573.57,200857241.0,csi1000,中证1000,6343.996499999999,6271.2303999999995,6339.805166666668,6916.537,7208.73395
2022-06-14,6607.12,6665.25,6665.25,6460.43,207224045.0,csi1000,中证1000,6373.115,6304.2047999999995,6337.549499999999,6905.838000000001,7204.030599999999
2022-06-15,6671.05,6653.76,6759.38,6653.76,228596635.0,csi1000,中证1000,6399.88,6332.328399999999,6340.554166666667,6894.745166666667,7199.01175
2022-06-16,6651.2,6696.76,6755.63,6651.2,204190710.0,csi1000,中证1000,6428.3279999999995,6360.0776000000005,6340.617333333333,6884.03625,7194.2859499999995
2022-06-17,6652.54,6774.74,6782.49,6643.1,195544984.0,csi1000,中证1000,6458.0555,6389.684399999999,6339.887333333333,6874.195916666667,7190.31895
2022-06-20,6787.34,6848.75,6874.38,6783.62,202855378.0,csi1000,中证1000,6487.321,6420.7676,6339.3769999999995,6864.552333333334,7187.76255
2022-06-21,6849.73,6779.14,6854.92,6709.36,196105622.0,csi1000,中证1000,6509.1044999999995,6448.618,6336.4558333333325,6855.2609999999995,7184.630800000001
2022-06-22,6781.87,6691.81,6811.55,6688.39,179497157.0,csi1000,中证1000,6539.612999999999,6471.552000000001,6332.595333333333,6846.4265000000005,7180.746
2022-06-23,6694.25,6845.45,6845.45,6649.93,192680032.0,csi1000,中证1000,6572.472,6500.257999999999,6330.570333333334,6838.0633333333335,7177.63645
2022-06-24,6865.36,6931.65,6954.45,6862.46,199532053.0,csi1000,中证1000,6607.6995,6530.316399999999,6331.084333333334,6829.736999999999,7174.031899999999
2022-06-27,6968.13,7002.93,7012.12,6940.52,209258643.0,csi1000,中证1000,6647.3415,6559.896000000001,6334.136333333333,6821.9892500000005,7170.4712
2022-06-28,7001.26,7079.72,7081.28,6956.3,214707144.0,csi1000,中证1000,6687.2095,6589.346000000001,6339.344166666666,6816.181833333333,7167.021649999999
2022-06-29,7061.79,6900.99,7075.52,6900.99,229280025.0,csi1000,中证1000,6714.5914999999995,6622.12,6342.266,6808.8865,7163.178949999999
2022-06-30,6909.74,6995.53,7032.67,6909.74,192461610.0,csi1000,中证1000,6745.702,6654.410400000001,6344.4456666666665,6801.653166666667,7159.7562
2022-07-01,6999.68,6994.5,7039.85,6967.48,178054494.0,csi1000,中证1000,6773.280499999999,6685.106400000001,6348.152833333333,6794.47875,7156.08995
2022-07-04,6985.05,7076.32,7076.32,6928.4,181180357.0,csi1000,中证1000,6796.847500000001,6719.7556,6353.214833333333,6787.410333333333,7152.829449999999
2022-07-05,7081.9,7036.0,7098.57,6950.24,204398610.0,csi1000,中证1000,6818.755999999999,6749.9012,6357.743333333334,6779.290999999999,7149.9751
2022-07-06,7014.45,6953.98,7041.87,6890.93,182114585.0,csi1000,中证1000,6836.010499999999,6773.926399999999,6363.249833333333,6770.715249999999,7146.2907
2022-07-07,6955.53,7041.87,7053.45,6910.09,170304242.0,csi1000,中证1000,6863.584999999999,6800.6684000000005,6371.026333333333,6764.550166666666,7143.345850000001
2022-07-08,7067.03,7000.79,7084.9,6990.74,174515690.0,csi1000,中证1000,6882.236999999999,6822.982799999999,6382.238333333333,6757.519083333334,7139.6743
2022-07-11,6976.1,6893.63,6976.1,6830.47,174549462.0,csi1000,中证1000,6893.1785,6834.5288,6390.225166666666,6750.943499999999,7134.7507
2022-07-12,6891.58,6779.56,6911.8,6779.56,168057200.0,csi1000,中证1000,6898.894,6841.797999999999,6398.446999999999,6742.98825,7129.17725
2022-07-13,6780.61,6834.9,6855.07,6737.88,167268153.0,csi1000,中证1000,6907.950999999999,6850.8384,6406.3668333333335,6736.223333333332,7123.850549999999
2022-07-14,6823.09,6920.87,6954.91,6809.1,184064915.0,csi1000,中证1000,6919.156499999999,6868.058000000001,6417.130166666667,6729.067916666666,7118.79165
2022-07-15,6889.81,6852.82,6966.04,6852.82,198625735.0,csi1000,中证1000,6923.0605,6877.060799999999,6425.910166666667,6722.4681666666675,7113.31835
2022-07-18,6868.3,6953.93,6953.93,6839.13,182047985.0,csi1000,中证1000,6928.3195,6888.226000000001,6436.045833333334,6716.456166666667,7108.503500000001
2022-07-19,6956.86,7009.32,7033.25,6932.74,182240492.0,csi1000,中证1000,6939.8285000000005,6901.9888,6448.9636666666665,6709.79975,7103.688949999999
2022-07-20,7028.79,7110.1,7110.1,7019.51,181533719.0,csi1000,中证1000,6960.7429999999995,6920.2424,6467.775666666666,6704.3955,7100.4646999999995
2022-07-21,7098.27,7075.29,7134.22,7067.15,196769740.0,csi1000,中证1000,6972.235000000001,6935.3836,6487.500333333333,6699.47975,7097.19005
2022-07-22,7081.56,7034.6,7124.3,6969.43,173030973.0,csi1000,中证1000,6977.3825000000015,6945.778,6514.216833333334,6695.6630000000005,7093.517749999999
2022-07-25,7037.76,6948.91,7068.34,6933.82,162390844.0,csi1000,中证1000,6974.681499999999,6949.7844000000005,6542.256166666668,6691.9977499999995,7089.228300000001
2022-07-26,6949.19,7027.42,7031.11,6901.93,147218445.0,csi1000,中证1000,6972.066499999999,6959.7155999999995,6567.0345,6688.68125,7085.887299999999
2022-07-27,7018.22,7099.43,7109.54,7005.07,152269128.0,csi1000,中证1000,6981.9884999999995,6976.020399999999,6593.793166666667,6688.4009166666665,7084.045349999999
2022-07-28,7138.32,7150.2,7196.73,7112.74,180354305.0,csi1000,中证1000,6989.722,6988.2104,6617.388333333333,6688.227333333333,7082.4527
2022-07-29,7152.33,7117.43,7179.47,7105.33,176841179.0,csi1000,中证1000,6995.8685,6995.6416,6638.73,6689.538333333333,7082.04395
2022-08-01,7100.71,7180.45,7180.45,7055.61,162803032.0,csi1000,中证1000,7001.075,7002.7424,6662.326,6691.266999999999,7080.918900000001
2022-08-02,7098.18,6957.98,7098.18,6872.75,223088287.0,csi1000,中证1000,6997.173999999999,6997.872799999999,6680.944166666667,6690.403333333333,7078.5804499999995
2022-08-03,6968.29,6916.67,7079.85,6893.52,199046301.0,csi1000,中证1000,6995.308500000001,6998.5,6697.044166666666,6689.037083333333,7076.2396
2022-08-04,6953.98,6960.31,6977.39,6853.7,157896065.0,csi1000,中证1000,6991.230500000001,6997.0912,6712.998833333333,6686.944416666667,7074.9988
2022-08-05,6975.89,7090.0,7096.43,6961.65,170848496.0,csi1000,中证1000,6995.691000000001,7000.9112,6730.589333333333,6686.230916666667,7074.0019999999995
2022-08-08,7082.54,7176.11,7176.48,7062.37,158561305.0,csi1000,中证1000,7009.815,7004.9028,6748.996666666668,6687.416416666668,7073.1713
2022-08-09,7168.96,7207.4,7207.4,7131.34,162912878.0,csi1000,中证1000,7031.207,7011.7588,6767.738666666667,6689.0940833333325,7072.45625
2022-08-10,7183.18,7212.08,7231.43,7169.88,159636618.0,csi1000,中证1000,7050.066000000001,7022.0828,6785.965666666667,6689.821,7071.3685
2022-08-11,7241.73,7294.49,7295.89,7212.4,179506207.0,csi1000,中证1000,7068.747,7032.187599999999,6805.4105,6690.7491666666665,7070.3207
2022-08-12,7287.65,7228.83,7311.89,7228.34,181288905.0,csi1000,中证1000,7087.547500000001,7041.309200000001,6822.887833333333,6690.817666666667,7068.84705
2022-08-15,7218.09,7283.5,7296.34,7215.2,169082597.0,csi1000,中证1000,7104.026000000001,7056.904,6839.888833333333,6691.081916666666,7067.746900000001
2022-08-16,7290.24,7324.62,7356.11,7280.92,183674820.0,csi1000,中证1000,7119.791,7078.7064,6856.241333333333,6690.998833333333,7067.1776
2022-08-17,7330.48,7328.67,7342.7,7280.57,183612140.0,csi1000,中证1000,7130.719500000001,7098.457200000001,6877.025166666667,6691.41075,7066.159099999999
2022-08-18,7315.41,7351.44,7358.71,7298.93,176377692.0,csi1000,中证1000,7144.526999999999,7115.68,6896.4113333333335,6690.586083333333,7065.372850000001
2022-08-19,7353.43,7234.41,7369.73,7234.41,190774466.0,csi1000,中证1000,7154.517499999999,7130.9436,6913.199833333334,6690.1635,7064.377149999999
2022-08-22,7214.48,7288.58,7289.31,7170.2,172667603.0,csi1000,中证1000,7171.501000000001,7144.3296,6931.174666666667,6689.552,7064.480800000001
2022-08-23,7275.38,7306.02,7310.13,7267.79,171067069.0,csi1000,中证1000,7185.431,7156.1976,6948.2356666666665,6688.603583333333,7064.084400000001
2022-08-24,7312.55,7039.41,7315.1,7029.88,207521602.0,csi1000,中证1000,7182.43,7153.37,6959.669999999999,6685.3533333333335,7062.0034
2022-08-25,7065.34,7016.31,7080.73,6930.84,174351312.0,csi1000,中证1000,7175.7355,7151.0108,6970.3865,6682.036666666667,7060.2419500000005
2022-08-26,7032.66,6980.18,7103.83,6966.07,161725036.0,csi1000,中证1000,7168.873,7148.833999999999,6979.340666666667,6679.016416666666,7058.21685
2022-08-29,6884.73,7021.31,7022.79,6858.43,153571445.0,csi1000,中证1000,7160.915999999999,7151.73,6986.279500000001,6677.1810000000005,7055.90495
2022-08-30,7018.72,6976.72,7025.46,6943.14,153832925.0,csi1000,中证1000,7161.853,7149.701999999999,6992.5943333333325,6676.272583333333,7053.8406
2022-08-31,6954.51,6750.74,6966.99,6738.52,166559930.0,csi1000,中证1000,7153.556500000001,7135.754400000001,6994.9585,6675.2685833333335,7050.4797499999995
2022-09-01,6757.01,6717.1,6819.62,6698.84,136821290.0,csi1000,中证1000,7141.395999999999,7118.4304,6998.737166666668,6674.610750000001,7046.40545
2022-09-02,6731.67,6776.83,6801.35,6695.1,128555383.0,csi1000,中证1000,7125.7375,7104.8064,7001.221833333333,6673.146666666667,7042.61345
2022-09-05,6774.19,6791.09,6831.22,6739.14,131911039.0,csi1000,中证1000,7106.486500000001,7089.232,7003.160000000001,6671.482583333333,7038.60025
2022-09-06,6808.87,6919.65,6919.65,6780.44,144344325.0,csi1000,中证1000,7092.098999999999,7087.6988,7007.4,6672.47475,7034.709449999999
2022-09-07,6894.71,6963.52,6989.75,6882.59,142998350.0,csi1000,中证1000,7079.671,7089.5728,7012.562666666667,6676.558416666666,7031.144649999999
2022-09-08,6965.56,6897.1,6975.13,6889.86,133014603.0,csi1000,中证1000,7059.8015,7087.044400000001,7015.901666666668,6678.2595,7027.68425
2022-09-09,6908.71,6913.58,6918.2,6848.27,130940777.0,csi1000,中证1000,7044.039,7079.9876,7018.215666666667,6679.0515000000005,7023.626699999999
2022-09-13,6935.59,6904.08,6957.35,6886.36,125982583.0,csi1000,中证1000,7025.067999999999,7069.106399999999,7019.137833333333,6679.257416666666,7019.5731
2022-09-14,6800.93,6829.56,6851.09,6783.19,121309407.0,csi1000,中证1000,7000.315,7053.9928,7019.978166666667,6678.217000000001,7014.7020999999995
2022-09-15,6859.25,6619.19,6866.55,6543.2,160634562.0,csi1000,中证1000,6964.841,7030.2771999999995,7018.767833333333,6675.681583333333,7008.0612
2022-09-16,6599.27,6481.24,6632.56,6480.1,135704169.0,csi1000,中证1000,6921.331000000001,6997.747200000001,7012.697666666666,6671.634,7000.759599999999
2022-09-19,6468.39,6399.8,6504.75,6364.07,107934181.0,csi1000,中证1000,6879.6005000000005,6964.585999999999,7003.833499999999,6667.4589166666665,6993.06475
2022-09-20,6441.1,6482.13,6536.42,6436.76,99898034.0,csi1000,中证1000,6839.278,6932.5312,6995.153499999999,6664.644916666667,6985.846599999999
2022-09-21,6461.25,6480.6,6506.06,6378.63,105600093.0,csi1000,中证1000,6798.0070000000005,6898.7704,6985.168166666667,6662.256166666667,6978.545649999999
2022-09-22,6438.29,6487.27,6554.3,6429.5,105146988.0,csi1000,中证1000,6770.4,6865.1143999999995,6978.272833333333,6660.269416666666,6970.98285
2022-09-23,6486.79,6363.68,6504.03,6306.96,111965685.0,csi1000,中证1000,6737.7685,6825.603999999999,6967.742,6656.093833333333,6962.5298
2022-09-26,6318.3,6283.59,6404.01,6274.34,110453493.0,csi1000,中证1000,6702.939,6787.571200000001,6955.8935,6652.023166666667,6953.66865
2022-09-27,6302.89,6409.78,6409.78,6287.77,106033494.0,csi1000,中证1000,6672.3625,6752.4192,6944.7845,6648.9996666666675,6945.8764
2022-09-28,6397.84,6211.11,6401.84,6211.11,104960077.0,csi1000,中证1000,6634.081999999999,6708.6228,6931.0363333333335,6644.389833333334,6936.81215
2022-09-29,6270.91,6228.78,6307.78,6192.77,105730744.0,csi1000,中证1000,6607.9839999999995,6676.1976,6918.949666666666,6641.09975,6928.42225
2022-09-30,6221.83,6124.86,6241.96,6123.99,92564600.0,csi1000,中证1000,6578.372,6640.539600000001,6903.666166666667,6637.3462500000005,6920.13935
2022-10-10,6136.71,5984.5,6154.06,5964.62,102448137.0,csi1000,中证1000,6538.7555,6600.712400000001,6886.728000000001,6634.483166666668,6910.449100000001
2022-10-11,5994.76,6017.72,6044.28,5939.07,94238001.0,csi1000,中证1000,6500.087,6560.5688,6872.1295,6631.177333333334,6900.8789
2022-10-12,6017.67,6192.65,6192.65,5918.02,120053053.0,csi1000,中证1000,6463.736999999999,6529.206,6862.3476666666675,6630.397333333333,6892.096499999999
2022-10-13,6162.71,6252.22,6311.51,6146.4,128700906.0,csi1000,中证1000,6428.1720000000005,6509.2652,6852.636333333333,6629.501583333334,6883.433099999999
2022-10-14,6296.35,6406.46,6427.47,6286.67,141802026.0,csi1000,中证1000,6403.64,6496.839599999999,6844.062833333333,6630.5965,6875.55625
2022-10-17,6380.21,6472.45,6476.4,6370.15,132444628.0,csi1000,中证1000,6381.5835,6484.664400000001,6837.723333333333,6631.81675,6868.140600000001
2022-10-18,6490.6,6508.5,6551.8,6447.78,129920946.0,csi1000,中证1000,6361.8045,6473.3608,6830.2995,6633.172666666667,6860.653200000001
2022-10-19,6492.6,6461.15,6533.57,6460.7,124647381.0,csi1000,中证1000,6343.384,6455.020800000001,6821.163333333333,6635.0635,6853.48845
2022-10-20,6431.99,6429.7,6525.8,6342.15,133524986.0,csi1000,中证1000,6333.9095,6433.668,6809.823333333334,6638.7995,6846.8772
2022-10-21,6433.33,6432.33,6469.09,6387.77,119879781.0,csi1000,中证1000,6331.464,6415.0772,6799.107333333333,6643.303833333333,6839.7937
2022-10-24,6448.87,6378.43,6554.37,6335.07,141357126.0,csi1000,中证1000,6330.3955000000005,6393.6712,6788.171166666667,6651.194,6832.0318
2022-10-25,6346.15,6355.78,6411.17,6248.84,129321410.0,csi1000,中证1000,6324.0779999999995,6371.7392,6778.285666666666,6660.270916666666,6824.1474
2022-10-26,6358.06,6491.69,6548.62,6348.99,150663892.0,csi1000,中证1000,6324.632500000001,6358.224399999999,6769.356833333333,6668.1956666666665,6817.7228
2022-10-27,6497.52,6461.61,6544.42,6459.92,146773822.0,csi1000,中证1000,6323.3495,6351.9212,6758.726500000001,6676.259833333333,6811.1487
2022-10-28,6412.61,6239.93,6446.6,6216.27,156120495.0,csi1000,中证1000,6317.161999999999,6342.2688,6743.555333333334,6680.471833333333,6803.030699999999
2022-10-31,6201.75,6292.62,6349.12,6201.28,145874788.0,csi1000,中证1000,6317.6134999999995,6337.9816,6729.8085,6684.26925,6795.21665
2022-11-01,6299.03,6439.82,6440.92,6277.62,152262990.0,csi1000,中证1000,6319.1155,6336.2892,6717.464666666667,6689.895333333333,6787.793100000001
2022-11-02,6434.95,6524.51,6557.01,6424.66,162568563.0,csi1000,中证1000,6334.7855,6338.0455999999995,6710.2401666666665,6695.592166666666,6780.364049999999
2022-11-03,6467.23,6566.84,6576.37,6461.3,141513704.0,csi1000,中证1000,6351.6885,6341.2284,6704.409666666667,6700.7269166666665,6773.2829
2022-11-04,6569.19,6709.64,6719.51,6568.78,165062434.0,csi1000,中证1000,6380.9275,6355.0668000000005,6700.231833333334,6706.615333333333,6767.9227
2022-11-07,6713.73,6713.64,6749.76,6660.98,160254947.0,csi1000,中证1000,6417.3845,6372.268799999999,6693.959166666667,6712.27425,6762.2683
2022-11-08,6707.01,6694.96,6708.08,6647.44,135471787.0,csi1000,中证1000,6451.246499999999,6383.6759999999995,6685.94,6717.468333333333,6757.3296
2022-11-09,6694.4,6676.01,6736.67,6664.37,126564565.0,csi1000,中证1000,6475.414500000001,6402.272,6677.0835,6722.411083333333,6752.0387
2022-11-10,6638.52,6603.31,6663.11,6583.86,142137645.0,csi1000,中证1000,6492.969,6417.253200000001,6666.937333333333,6726.4515,6746.821800000001
2022-11-11,6749.07,6643.48,6776.74,6641.76,191648966.0,csi1000,中证1000,6504.82,6437.998,6656.087166666666,6730.748833333333,6741.1416
2022-11-14,6639.02,6599.67,6688.01,6570.49,174303985.0,csi1000,中证1000,6511.181,6462.6048,6645.601166666666,6734.244500000001,6735.916
2022-11-15,6593.63,6752.51,6752.51,6576.87,170939160.0,csi1000,中证1000,6523.3815,6491.996399999999,6636.751333333334,6738.320083333334,6731.301699999999
2022-11-16,6749.96,6702.04,6775.38,6687.32,155021163.0,csi1000,中证1000,6535.426,6512.371999999999,6626.375,6741.308166666667,6725.77145
2022-11-17,6685.94,6714.5,6714.5,6629.9,159191253.0,csi1000,中证1000,6549.666,6530.8632,6616.138833333333,6746.581999999999,6720.550899999999
2022-11-18,6711.89,6658.4,6752.84,6650.74,168105221.0,csi1000,中证1000,6560.969500000001,6540.940799999999,6604.588166666666,6750.49975,6715.517
2022-11-21,6622.6,6689.33,6689.33,6585.28,137155265.0,csi1000,中证1000,6576.5145,6549.616,6595.5035,6754.3516666666665,6711.500599999999
2022-11-22,6682.05,6583.23,6692.24,6556.34,150853226.0,csi1000,中证1000,6587.887,6552.605199999999,6583.747666666666,6757.461166666667,6707.47305
2022-11-23,6572.16,6567.99,6592.3,6451.96,144366228.0,csi1000,中证1000,6591.702,6556.8788,6571.447166666667,6759.841416666667,6703.186
2022-11-24,6573.47,6586.86,6611.8,6553.96,126197332.0,csi1000,中证1000,6597.9645,6563.1652,6563.904666666667,6761.787333333333,6700.45495
2022-11-25,6573.02,6512.16,6573.02,6508.52,124579396.0,csi1000,中证1000,6611.575999999999,6566.3584,6555.502166666667,6762.944333333334,6697.160599999999
2022-11-28,6426.93,6492.71,6494.98,6412.03,129881780.0,csi1000,中证1000,6621.580500000001,6570.9295999999995,6547.377666666666,6763.359166666666,6694.8236
2022-11-29,6505.9,6594.32,6607.46,6505.9,157448301.0,csi1000,中证1000,6629.3054999999995,6580.4712,6540.261166666666,6763.270333333333,6692.93015
2022-11-30,6591.68,6590.31,6619.27,6561.27,155403136.0,csi1000,中证1000,6632.5955,6584.416,6533.821,6763.207666666667,6690.5736
2022-12-01,6645.47,6658.43,6691.51,6639.63,162150678.0,csi1000,中证1000,6637.175,6592.2888,6532.2825,6763.6205,6688.46265
2022-12-02,6644.44,6680.54,6721.69,6637.16,149424028.0,csi1000,中证1000,6635.719999999999,6609.913199999999,6531.673166666666,6765.205166666667,6685.8081999999995
2022-12-05,6710.73,6714.37,6723.57,6675.6,178915025.0,csi1000,中证1000,6635.7565,6626.7832,6530.632166666666,6765.927,6683.50195
2022-12-06,6690.92,6703.55,6731.07,6667.0,154810114.0,csi1000,中证1000,6636.186,6637.3324,6529.1731666666665,6766.166583333334,6681.850449999999
2022-12-07,6684.61,6705.29,6732.26,6677.52,155989281.0,csi1000,中证1000,6637.65,6644.5635999999995,6525.6005,6766.500249999999,6680.346500000001
2022-12-08,6694.84,6662.34,6699.3,6648.35,148611632.0,csi1000,中证1000,6640.6015,6648.383600000001,6520.580833333334,6766.57175,6678.03395
2022-12-09,6661.9,6680.38,6684.15,6626.94,160349164.0,csi1000,中证1000,6642.4465,6647.213199999999,6516.968833333333,6766.43525,6675.5203
2022-12-12,6669.17,6655.67,6680.61,6626.87,153653068.0,csi1000,中证1000,6645.246499999999,6644.894400000001,6512.6703333333335,6765.442999999999,6672.695600000001
2022-12-13,6654.67,6593.67,6654.75,6586.87,149692723.0,csi1000,中证1000,6637.3045,6640.8428,6507.496833333334,6763.317333333333,6669.405
2022-12-14,6600.41,6570.02,6626.7,6556.81,139664931.0,csi1000,中证1000,6630.7035000000005,6636.6032000000005,6503.171166666667,6761.574666666667,6665.582149999999
2022-12-15,6557.9,6597.55,6605.7,6545.0,128850544.0,csi1000,中证1000,6624.856,6636.372799999999,6502.8105000000005,6760.7891666666665,6662.1737
2022-12-16,6569.06,6519.44,6581.93,6504.05,134434849.0,csi1000,中证1000,6617.908,6631.4112,6503.447166666667,6758.072416666667,6657.5189
2022-12-19,6518.38,6390.77,6537.14,6367.45,135485972.0,csi1000,中证1000,6602.9800000000005,6623.0552,6503.296666666667,6753.565083333334,6653.047150000001
2022-12-20,6380.22,6341.58,6389.05,6321.14,110008606.0,csi1000,中证1000,6590.897499999999,6606.618,6500.954166666666,6748.053833333333,6647.945249999999
2022-12-21,6341.22,6289.14,6344.66,6255.35,102729735.0,csi1000,中证1000,6576.955,6590.102000000001,6497.763166666667,6741.465666666667,6642.291800000001
2022-12-22,6314.55,6186.93,6319.57,6171.18,113245456.0,csi1000,中证1000,6556.958500000001,6568.9992,6492.757500000001,6735.515166666666,6636.079249999999
2022-12-23,6154.66,6160.75,6197.24,6120.94,97094729.0,csi1000,中证1000,6539.388,6549.0932,6489.3753333333325,6728.558666666666,6629.81145
2022-12-26,6161.94,6275.52,6276.11,6161.94,100031210.0,csi1000,中证1000,6528.5285,6532.5408,6489.240833333333,6722.567166666666,6624.476
2022-12-27,6288.61,6325.63,6328.36,6256.04,109270500.0,csi1000,中证1000,6515.094,6522.236800000001,6487.838333333333,6716.311416666666,6619.89635
2022-12-28,6304.59,6268.47,6306.95,6251.3,105263874.0,csi1000,中证1000,6499.002,6510.255999999999,6488.794333333333,6709.915333333334,6615.81005
2022-12-29,6253.79,6261.83,6322.25,6245.23,102382211.0,csi1000,中证1000,6479.1720000000005,6497.2548,6489.345166666667,6704.147416666668,6612.763099999999
2022-12-30,6283.5,6281.62,6296.24,6262.6,97146496.0,csi1000,中证1000,6459.226000000001,6488.033200000001,6491.957833333333,6697.812000000001,6610.191
2023-01-03,6286.81,6423.7,6433.79,6275.69,133181680.0,csi1000,中证1000,6444.6925,6485.272800000001,6499.277833333333,6693.002916666666,6607.546899999999
2023-01-04,6423.43,6421.28,6445.62,6385.0,131040093.0,csi1000,中证1000,6430.579,6478.3512,6506.003833333333,6689.066666666667,6604.6994
2023-01-05,6427.45,6485.47,6489.99,6413.75,121661526.0,csi1000,中证1000,6419.588,6474.1576000000005,6510.884166666667,6686.615916666666,6603.1238
2023-01-06,6482.88,6500.32,6539.76,6478.63,129383997.0,csi1000,中证1000,6411.487,6467.833200000001,6515.019166666667,6683.82775,6603.258000000001
2023-01-09,6523.14,6535.75,6559.46,6517.57,122047871.0,csi1000,中证1000,6404.255500000001,6462.0416000000005,6517.174,6680.618416666667,6602.4719000000005
2023-01-10,6541.82,6540.2,6546.54,6505.1,111628121.0,csi1000,中证1000,6398.482,6455.074799999999,6518.303166666667,6678.01325,6601.0802
2023-01-11,6544.57,6486.9,6562.35,6480.95,112882942.0,csi1000,中证1000,6393.1435,6446.4088,6517.943166666666,6674.1213333333335,6599.117849999999
2023-01-12,6495.16,6489.57,6529.81,6469.48,104937470.0,csi1000,中证1000,6389.121000000001,6437.78,6518.416833333334,6669.790083333332,6596.79365
2023-01-13,6505.24,6517.51,6517.51,6475.66,110761936.0,csi1000,中证1000,6385.119000000001,6431.9868,6519.8803333333335,6664.851833333333,6594.764
2023-01-16,6521.45,6591.81,6628.73,6521.45,141070888.0,csi1000,中证1000,6388.7375,6428.444,6522.538333333333,6660.822833333334,6592.8883000000005
2023-01-17,6600.25,6597.49,6622.32,6573.28,108421111.0,csi1000,中证1000,6399.0735,6426.116800000001,6526.189333333333,6657.18025,6591.371700000001
2023-01-18,6613.74,6613.01,6635.85,6593.37,105834674.0,csi1000,中证1000,6412.6449999999995,6426.890399999999,6530.476500000001,6654.381083333333,6590.3377
2023-01-19,6605.45,6676.08,6678.18,6590.42,107589560.0,csi1000,中证1000,6431.992,6431.1328,6533.549666666668,6651.4532500000005,6589.881850000001
2023-01-20,6690.14,6736.85,6740.13,6690.14,122762682.0,csi1000,中证1000,6459.488,6436.7047999999995,6538.137,6648.43175,6589.9377
2023-01-30,6815.14,6786.45,6839.84,6780.37,170769332.0,csi1000,中证1000,6490.773,6447.385200000001,6547.245666666667,6645.400500000001,6589.5462
2023-01-31,6763.4,6805.28,6820.14,6758.9,147712346.0,csi1000,中证1000,6517.261,6463.9655999999995,6555.789999999999,6642.79925,6589.71225
2023-02-01,6815.06,6916.72,6916.73,6812.79,169651661.0,csi1000,中证1000,6546.8155,6486.9712,6563.738333333333,6640.601500000001,6590.432849999999
2023-02-02,6926.58,6933.23,6969.79,6908.7,167133986.0,csi1000,中证1000,6580.0535,6512.7348,6570.550333333334,6640.3952500000005,6591.27755
2023-02-03,6922.79,6925.08,6934.32,6829.4,157558880.0,csi1000,中证1000,6613.216,6542.2608,6576.521,6640.465333333333,6592.785
2023-02-06,6902.49,6891.41,6928.28,6853.91,146059027.0,csi1000,中证1000,6643.705499999999,6571.4872,6579.550499999999,6639.891166666666,6594.36565
2023-02-07,6900.23,6924.32,6924.42,6864.21,150108752.0,csi1000,中证1000,6668.736500000001,6597.439200000001,6583.061833333332,6638.510499999999,6597.3469
2023-02-08,6927.33,6877.72,6932.99,6873.6,138510731.0,csi1000,中证1000,6691.558500000001,6619.522800000001,6586.1078333333335,6636.023916666667,6599.6633999999995
2023-02-09,6864.03,6999.18,6999.18,6850.57,149147697.0,csi1000,中证1000,6717.244000000001,6648.7512,6591.494000000001,6634.288750000001,6603.228050000001
2023-02-10,6991.23,6975.39,7015.25,6926.48,152432051.0,csi1000,中证1000,6740.9974999999995,6677.293600000001,6597.695333333334,6632.316333333333,6606.30645
2023-02-13,6976.33,7052.18,7052.6,6973.41,160848480.0,csi1000,中证1000,6766.819,6708.116,6604.5070000000005,6630.297083333334,6610.191999999999
2023-02-14,7064.53,7061.45,7070.33,7028.79,151786438.0,csi1000,中证1000,6792.8815,6733.626,6612.203333333333,6628.90225,6613.8691499999995
2023-02-15,7062.36,7063.6,7076.87,7038.99,159779328.0,csi1000,中证1000,6821.7165,6759.3188,6617.388166666667,6627.06975,6617.458199999999
2023-02-16,7063.93,6925.2,7098.92,6878.35,217381617.0,csi1000,中证1000,6843.498,6776.908,6621.1075,6623.741250000001,6620.912949999999
2023-02-17,6931.99,6868.55,6954.85,6861.3,172656902.0,csi1000,中证1000,6861.05,6791.6372,6623.675,6619.906916666666,6625.3488
2023-02-20,6871.86,6959.36,6959.75,6825.87,165614379.0,csi1000,中证1000,6879.4275,6808.5816,6628.691000000001,6616.639583333334,6630.68655
2023-02-21,6969.35,6990.48,7008.55,6939.59,171690946.0,csi1000,中证1000,6899.077,6826.5928,6633.710166666667,6614.606833333334,6638.4809000000005
2023-02-22,6961.15,6998.43,7014.56,6947.12,144601016.0,csi1000,中证1000,6918.348,6847.053999999999,6640.630166666668,6612.188916666667,6647.1403
2023-02-23,6997.78,6966.79,7008.68,6929.61,141862467.0,csi1000,中证1000,6932.883500000001,6866.1428000000005,6647.276833333333,6609.362,6654.27065
2023-02-24,6971.65,6944.82,6983.16,6906.69,121078826.0,csi1000,中证1000,6943.281999999999,6883.2352,6653.242833333334,6608.57375,6661.5252
2023-02-27,6928.03,6894.3,6950.88,6876.25,129300939.0,csi1000,中证1000,6948.674500000001,6895.3348,6659.611833333333,6607.557,6667.32425
2023-02-28,6911.36,6955.57,6955.57,6874.93,131036025.0,csi1000,中证1000,6956.189000000001,6909.657999999999,6667.326166666667,6607.3519166666665,6672.91745
2023-03-01,6955.48,7002.77,7002.77,6932.76,155908555.0,csi1000,中证1000,6960.491500000001,6925.2484,6674.133666666667,6607.197416666666,6679.10785
2023-03-02,6999.23,6972.31,7021.11,6963.06,166505708.0,csi1000,中证1000,6962.4455,6937.0976,6680.500333333333,6607.160666666667,6684.76495
2023-03-03,6970.21,6967.94,6997.42,6921.27,154598247.0,csi1000,中证1000,6964.588500000001,6946.341200000001,6685.658833333334,6608.970666666666,6689.8513
2023-03-06,6973.52,6997.04,7004.71,6933.99,150317134.0,csi1000,中证1000,6969.870000000001,6954.7648,6690.9338333333335,6611.3035,6694.82135
2023-03-07,6991.56,6855.34,6993.18,6855.34,159757780.0,csi1000,中证1000,6966.421,6956.767199999999,6693.283333333334,6611.95775,6698.925199999999
2023-03-08,6838.63,6891.46,6894.36,6832.04,121280600.0,csi1000,中证1000,6967.108,6955.7568,6696.415166666667,6612.794166666666,6703.02415
2023-03-09,6898.24,6892.86,6911.54,6851.91,126671261.0,csi1000,中证1000,6961.7919999999995,6954.142,6699.541333333333,6612.570916666667,6707.07405
2023-03-10,6854.41,6798.3,6864.94,6795.22,140338591.0,csi1000,中证1000,6952.9375,6949.0708,6701.807333333333,6611.194083333334,6710.473249999999
2023-03-13,6780.02,6832.62,6832.62,6750.22,141191187.0,csi1000,中证1000,6941.9595,6946.7192000000005,6704.344666666668,6610.656749999999,6713.9973500000015
2023-03-14,6824.25,6769.85,6824.25,6690.09,156336435.0,csi1000,中证1000,6927.3795,6940.540399999999,6706.247666666666,6609.459,6716.94565
2023-03-15,6797.82,6803.47,6844.97,6794.41,139147010.0,csi1000,中证1000,6914.373,6937.5704,6709.744333333334,6608.620583333334,6719.645799999999
2023-03-16,6769.61,6689.78,6777.91,6677.68,141881845.0,csi1000,中证1000,6902.602000000001,6925.194399999999,6711.740333333333,6607.455749999999,6721.37735
2023-03-17,6726.96,6736.37,6781.95,6717.14,161535345.0,csi1000,中证1000,6895.9929999999995,6915.6336,6714.054,6608.43225,6724.651000000001
2023-03-20,6745.95,6721.45,6760.91,6694.52,175313441.0,csi1000,中证1000,6884.097500000001,6902.404399999999,6717.420833333334,6610.434,6727.316900000001
2023-03-21,6726.8,6809.39,6810.29,6725.83,146584935.0,csi1000,中证1000,6875.043000000001,6892.322000000001,6724.397833333333,6613.847250000001,6730.228349999999
2023-03-22,6830.19,6840.33,6845.76,6810.76,160318267.0,csi1000,中证1000,6867.138000000001,6883.3912,6732.710333333333,6616.83225,6733.37955
2023-03-23,6827.68,6868.83,6869.18,6809.85,165448056.0,csi1000,中证1000,6862.24,6881.1364,6742.371833333334,6620.0675,6736.311900000001
2023-03-24,6874.54,6867.95,6880.19,6840.75,181680229.0,csi1000,中证1000,6858.3965,6881.1124,6753.722166666667,6623.239833333334,6738.8849
2023-03-27,6874.39,6886.69,6900.63,6830.95,195064403.0,csi1000,中证1000,6858.0160000000005,6878.205599999999,6765.821166666667,6627.598249999999,6741.45175
2023-03-28,6881.11,6825.38,6884.54,6816.45,170468837.0,csi1000,中证1000,6851.5065,6871.6016,6774.9855,6632.113166666666,6743.3640000000005
2023-03-29,6825.13,6806.28,6839.9,6785.15,160806595.0,csi1000,中证1000,6841.681999999999,6863.915599999999,6782.996333333333,6635.417333333333,6744.370499999999
2023-03-30,6802.07,6807.64,6814.69,6751.69,146175756.0,csi1000,中证1000,6833.4485,6857.549600000001,6791.9825,6640.388416666667,6745.41955
2023-03-31,6806.61,6875.81,6878.32,6801.94,151581950.0,csi1000,中证1000,6828.842,6854.7892,6802.2155,6645.780333333332,6746.754150000001
2023-04-03,6878.09,6962.2,6966.69,6878.09,194554477.0,csi1000,中证1000,6827.1,6857.5052000000005,6813.5585,6652.7581666666665,6749.11325
2023-04-04,6960.91,6953.36,6966.99,6918.13,213211962.0,csi1000,中证1000,6832.001000000001,6857.416800000001,6822.386166666666,6660.831999999999,6750.7413
2023-04-06,6926.19,6983.03,6988.37,6921.66,191009494.0,csi1000,中证1000,6836.5795,6856.627200000001,6831.748666666667,6668.87625,6752.28245
2023-04-07,6987.01,7042.89,7043.22,6978.35,167437320.0,csi1000,中证1000,6844.081,6859.450399999999,6841.039,6675.961583333334,6754.170650000001
2023-04-10,7050.24,6968.57,7052.74,6950.77,181007868.0,csi1000,中证1000,6852.594499999999,6859.475600000001,6848.843166666667,6681.931166666666,6755.744699999999
2023-04-11,6967.03,6984.14,6986.44,6937.02,162793965.0,csi1000,中证1000,6860.1705,6858.959600000001,6856.316333333333,6686.745166666667,6757.1816
2023-04-12,6989.69,7021.02,7027.84,6979.28,180300938.0,csi1000,中证1000,6872.728999999999,6865.586800000001,6864.33,6691.316583333333,6758.4130000000005
2023-04-13,7011.66,6966.82,7029.1,6956.68,182936746.0,csi1000,中证1000,6880.8965,6868.6012,6872.328666666667,6695.135916666666,6759.003350000001
2023-04-14,6978.59,7020.09,7026.12,6942.57,174751802.0,csi1000,中证1000,6897.411999999999,6873.6904,6881.170666666667,6699.79375,6760.2081
2023-04-17,7009.47,7012.77,7030.24,6989.7,173463101.0,csi1000,中证1000,6911.232000000001,6882.269200000001,6889.425,6704.652666666666,6761.812900000001
2023-04-18,7002.26,6997.07,7014.38,6961.51,160278095.0,csi1000,中证1000,6925.012999999999,6888.8472,6896.1793333333335,6709.358833333334,6762.571
2023-04-19,6988.65,6965.58,7011.93,6955.36,168968117.0,csi1000,中证1000,6932.8225,6896.6764,6902.314166666666,6714.251749999999,6762.74065
2023-04-20,6956.37,6963.9,6963.9,6911.98,174240785.0,csi1000,中证1000,6939.000999999999,6903.093600000001,6908.162333333333,6719.319416666666,6762.5455
2023-04-21,6954.1,6773.51,6963.08,6773.51,193177324.0,csi1000,中证1000,6934.235000000001,6906.442800000001,6909.786166666667,6721.667916666667,6761.014450000001
2023-04-24,6766.52,6725.27,6771.65,6692.22,172365639.0,csi1000,中证1000,6927.101,6905.9988,6909.5931666666675,6723.865083333334,6760.135850000001
2023-04-25,6708.28,6603.24,6711.57,6517.27,194399820.0,csi1000,中证1000,6912.9285,6901.2704,6906.539666666667,6726.892666666667,6758.174400000001
2023-04-26,6577.36,6624.4,6667.43,6573.88,184561745.0,csi1000,中证1000,6902.8795,6893.8708,6903.525,6729.6575,6756.3239
2023-04-27,6597.73,6633.49,6672.22,6593.38,174202091.0,csi1000,中证1000,6894.240000000001,6885.5972,6898.8045,6731.271416666667,6754.10975
2023-04-28,6617.32,6723.3,6724.57,6617.32,189027616.0,csi1000,中证1000,6890.022999999999,6879.776,6895.305666666667,6732.928,6752.54625
2023-05-04,6701.49,6733.97,6738.44,6698.64,202137047.0,csi1000,中证1000,6882.931,6874.416800000001,6892.1205,6734.32075,6751.4462
2023-05-05,6723.16,6653.65,6723.98,6612.74,185876962.0,csi1000,中证1000,6867.503500000001,6865.0952,6888.157833333334,6733.854166666667,6749.5051
2023-05-08,6660.92,6702.5,6714.39,6660.92,204204619.0,csi1000,中证1000,6854.960499999999,6860.18,6884.4608333333335,6733.761333333333,6748.013650000001
2023-05-09,6696.67,6611.64,6705.74,6610.57,217518238.0,csi1000,中证1000,6836.3910000000005,6852.394399999999,6880.0261666666665,6733.067,6746.6037
2023-05-10,6599.79,6627.31,6648.04,6576.4,172301277.0,csi1000,中证1000,6815.611999999999,6845.1812,6873.828333333334,6732.661166666668,6745.84245
2023-05-11,6634.16,6622.52,6653.38,6618.19,155805155.0,csi1000,中证1000,6798.3095,6835.049599999999,6867.947166666666,6732.82125,6744.78055
2023-05-12,6608.83,6535.94,6630.56,6535.11,153329115.0,csi1000,中证1000,6775.8994999999995,6817.9992,6859.343166666667,6731.9250833333335,6742.8559
2023-05-15,6537.4,6585.91,6585.91,6466.45,161126819.0,csi1000,中证1000,6754.144,6803.3012,6851.4175000000005,6731.810416666666,6741.52135
2023-05-16,6586.72,6516.29,6586.72,6501.31,142434107.0,csi1000,中证1000,6731.6175,6784.631599999999,6842.295666666667,6729.841916666666,6739.3331499999995
2023-05-17,6500.44,6554.98,6555.77,6497.38,125778063.0,csi1000,中证1000,6708.361999999999,6765.1152,6836.1253333333325,6728.616416666668,6737.06145
2023-05-18,6557.37,6583.74,6595.49,6554.08,144368801.0,csi1000,中证1000,6686.9105,6749.722,6831.378500000001,6727.526750000001,6734.42965
2023-05-19,6571.09,6602.32,6621.43,6545.08,135432989.0,csi1000,中证1000,6667.173,6734.449199999999,6825.427833333333,6727.059416666667,6732.0648
2023-05-22,6589.35,6595.98,6608.88,6556.74,131198543.0,csi1000,中证1000,6648.693000000001,6717.4476,6818.852833333334,6726.2815,6729.871700000001
2023-05-23,6591.56,6528.45,6600.8,6528.45,128595517.0,csi1000,中证1000,6626.9205,6699.912799999999,6811.019833333333,6725.825,6727.769399999999
2023-05-24,6507.06,6513.18,6564.51,6476.69,125855093.0,csi1000,中证1000,6613.904,6679.6364,6803.459666666667,6725.3682499999995,6725.198200000001
2023-05-25,6502.23,6501.0,6541.39,6424.45,135834643.0,csi1000,中证1000,6602.6905,6659.1656,6796.062666666667,6724.652749999999,6722.206050000001
2023-05-26,6495.35,6546.41,6558.11,6451.73,126275617.0,csi1000,中证1000,6599.848999999999,6641.1392,6790.2645,6724.938166666666,6719.187099999999
2023-05-29,6560.16,6534.12,6579.15,6518.03,152482657.0,csi1000,中证1000,6595.335000000001,6623.880800000001,6783.240333333333,6725.2832499999995,6716.270549999999
2023-05-30,6517.71,6564.47,6565.48,6461.09,151317651.0,csi1000,中证1000,6591.884,6607.9036,6775.935333333333,6725.0345,6713.1906500000005
2023-05-31,6556.52,6561.65,6581.93,6523.27,142968364.0,csi1000,中证1000,6583.8015,6599.4292000000005,6769.090999999999,6724.795666666667,6711.209
2023-06-01,6539.26,6574.76,6616.53,6515.02,153962339.0,csi1000,中证1000,6575.841,6593.408799999999,6762.538,6724.098416666667,6709.49945
2023-06-02,6585.73,6626.28,6640.53,6585.73,149263604.0,csi1000,中证1000,6574.472499999999,6594.330400000001,6756.358666666667,6723.646250000001,6707.8293
2023-06-05,6631.22,6632.96,6647.2,6609.02,137150594.0,csi1000,中证1000,6570.9955,6594.6728,6752.652333333333,6722.967833333333,6705.5441
2023-06-06,6625.09,6489.81,6625.09,6475.26,151757959.0,csi1000,中证1000,6564.9039999999995,6588.9256000000005,6745.958166666666,6721.1866666666665,6702.1126
2023-06-07,6487.2,6488.56,6517.32,6467.3,131404709.0,csi1000,中证1000,6557.9664999999995,6579.536,6739.219833333334,6719.380583333334,6698.5184
2023-06-08,6477.94,6442.48,6478.32,6399.78,135583070.0,csi1000,中证1000,6548.9645,6567.8764,6733.2895,6717.5484166666665,6694.6704
2023-06-09,6446.62,6495.56,6500.45,6427.92,151977579.0,csi1000,中证1000,6546.9455,6561.5528,6727.671833333333,6716.00825,6690.675749999999
2023-06-12,6488.2,6530.16,6549.78,6474.86,145153220.0,csi1000,中证1000,6544.158,6554.6592,6723.677,6714.962333333333,6687.1824
2023-06-13,6525.05,6554.96,6561.02,6519.97,145636301.0,csi1000,中证1000,6546.0914999999995,6552.392000000001,6719.535166666667,6714.63975,6683.539699999999
2023-06-14,6556.03,6578.12,6591.69,6547.49,149195931.0,csi1000,中证1000,6547.2485,6550.4244,6717.674166666667,6714.70725,6679.807199999999
2023-06-15,6579.46,6613.95,6618.62,6568.61,147955427.0,csi1000,中证1000,6548.759,6550.0816,6715.633833333334,6714.843916666667,6676.233600000001
2023-06-16,6613.1,6669.01,6674.62,6602.04,155708689.0,csi1000,中证1000,6552.0935,6555.404399999999,6714.759833333333,6716.090333333333,6672.8214499999995
2023-06-19,6674.12,6693.3,6707.23,6673.81,168025755.0,csi1000,中证1000,6556.9595,6559.7,6712.825,6718.611416666667,6670.1159
2023-06-20,6683.92,6693.91,6717.71,6671.99,158860653.0,csi1000,中证1000,6565.2325,6566.804800000001,6710.384666666667,6721.5475,6667.1425500000005
2023-06-21,6679.15,6548.41,6681.57,6548.41,153983944.0,csi1000,中证1000,6566.994000000001,6566.5419999999995,6705.044333333334,6723.708083333333,6663.3544999999995
2023-06-26,6504.97,6420.97,6535.49,6404.04,154732688.0,csi1000,中证1000,6562.9925,6560.0312,6697.594666666667,6725.658416666667,6660.262299999999
2023-06-27,6425.84,6507.27,6518.98,6424.33,135607119.0,csi1000,中证1000,6561.0355,6556.229200000001,6691.271,6728.546083333334,6657.7171
2023-06-28,6504.5,6475.51,6505.47,6367.35,145808385.0,csi1000,中证1000,6558.1050000000005,6551.410400000001,6685.439833333334,6730.212666666667,6655.19375
2023-06-29,6465.1,6520.04,6542.28,6462.07,135252145.0,csi1000,中证1000,6555.883500000001,6551.0740000000005,6680.6691666666675,6731.8327500000005,6652.6874
2023-06-30,6507.5,6602.04,6615.97,6500.86,144498924.0,csi1000,中证1000,6557.903,6554.6284,6677.242499999999,6734.6125,6650.814
2023-07-03,6617.08,6612.88,6640.34,6571.84,160977356.0,csi1000,中证1000,6559.808999999999,6559.1035999999995,6672.860333333333,6737.537916666666,6650.124699999999
2023-07-04,6610.66,6638.45,6639.82,6599.6,139742795.0,csi1000,中证1000,6560.4175000000005,6562.785199999999,6667.4645,6740.5115,6649.731449999999
2023-07-05,6632.37,6584.42,6642.55,6575.73,133052280.0,csi1000,中证1000,6557.9905,6564.7972,6661.3155,6741.850833333334,6648.769400000001
2023-07-06,6573.58,6567.08,6619.29,6558.89,124077268.0,csi1000,中证1000,6561.853999999999,6564.901599999999,6654.383,6743.065833333333,6647.64935
2023-07-07,6553.56,6521.43,6558.11,6486.11,123599541.0,csi1000,中证1000,6563.4975,6563.2928,6645.692,6743.3655,6645.65825
2023-07-10,6539.08,6526.85,6556.15,6501.75,120450936.0,csi1000,中证1000,6567.716,6561.376399999999,6638.330000000001,6743.586583333334,6643.4749
2023-07-11,6531.63,6579.37,6579.37,6514.99,119603644.0,csi1000,中证1000,6571.9065,6559.5,6631.583833333334,6743.950083333333,6641.88625
2023-07-12,6576.94,6482.99,6576.96,6476.85,140204471.0,csi1000,中证1000,6569.548,6553.5012,6622.616666666667,6743.473333333333,6639.733300000001
2023-07-13,6497.81,6548.31,6553.6,6497.76,135117757.0,csi1000,中证1000,6569.2155,6555.8412,6615.6415,6743.985083333333,6637.954450000001
2023-07-14,6554.53,6544.46,6571.14,6538.65,135631971.0,csi1000,中证1000,6567.532499999999,6558.0772,6607.714333333333,6744.442500000001,6636.52895
2023-07-17,6524.61,6516.56,6525.19,6481.29,126408773.0,csi1000,中证1000,6562.6630000000005,6561.040399999999,6599.444166666667,6744.434583333334,6636.015800000001
2023-07-18,6519.76,6510.03,6537.91,6490.06,119968653.0,csi1000,中证1000,6554.714,6561.619199999999,6591.3268333333335,6743.753083333333,6636.15975
2023-07-19,6508.52,6492.35,6530.54,6459.44,109136335.0,csi1000,中证1000,6544.6665,6560.1068,6583.439666666667,6742.876916666666,6636.6225
2023-07-20,6497.78,6408.76,6512.45,6404.12,122150962.0,csi1000,中证1000,6530.409000000001,6554.2588,6574.187333333333,6741.1748333333335,6636.255650000001
2023-07-21,6397.15,6401.42,6447.3,6378.2,113590849.0,csi1000,中证1000,6523.0595,6547.190799999999,6567.985833333334,6738.886,6635.85975
2023-07-24,6397.43,6393.79,6437.99,6370.05,109049465.0,csi1000,中证1000,6521.7005,6538.384399999999,6562.461166666666,6736.027166666667,6635.39235
2023-07-25,6448.27,6498.27,6499.42,6444.58,147365727.0,csi1000,中证1000,6521.2505,6531.554800000001,6560.711666666667,6733.625666666666,6636.0653
2023-07-26,6497.59,6457.25,6497.59,6441.56,149583522.0,csi1000,中证1000,6520.3375,6522.1128,6557.925833333334,6730.725416666666,6636.9336
2023-07-27,6458.48,6407.55,6475.83,6397.59,144624358.0,csi1000,中证1000,6514.713000000001,6510.658399999999,6554.160166666667,6726.482333333333,6636.92245
2023-07-28,6389.43,6465.38,6471.68,6369.37,157267532.0,csi1000,中证1000,6507.879999999999,6507.337200000001,6549.8615,6722.583583333334,6638.1938
2023-07-31,6475.83,6515.85,6549.75,6475.83,183815980.0,csi1000,中证1000,6503.0285,6511.132400000001,6546.226166666666,6719.173333333334,6639.629150000001
2023-08-01,6513.14,6507.41,6521.97,6482.17,184326464.0,csi1000,中证1000,6496.4765,6511.138000000001,6543.788833333334,6715.973333333333,6641.541899999999
2023-08-02,6499.86,6496.02,6515.07,6475.42,168646289.0,csi1000,中证1000,6492.056500000001,6511.9583999999995,6540.3475,6712.404166666666,6644.099499999999
2023-08-03,6472.11,6499.54,6502.55,6460.28,163471395.0,csi1000,中证1000,6488.6795,6511.138400000001,6538.479166666667,6709.252666666666,6646.5086
2023-08-04,6514.54,6535.32,6561.74,6505.86,194622999.0,csi1000,中证1000,6489.374,6508.469599999999,6536.945999999999,6705.387166666667,6648.221950000001
2023-08-07,6524.3,6503.98,6532.52,6485.66,168919412.0,csi1000,中证1000,6488.2305,6504.1136,6534.970333333334,6701.458750000001,6649.480750000001
2023-08-08,6496.59,6471.34,6500.9,6457.25,142743414.0,csi1000,中证1000,6482.829,6497.4292000000005,6533.893666666667,6696.618416666666,6649.805149999999
2023-08-09,6452.98,6420.98,6464.36,6411.23,132319467.0,csi1000,中证1000,6479.728499999999,6490.8916,6531.144833333334,6691.281166666667,6649.5478
2023-08-10,6409.22,6426.81,6438.43,6392.89,131957692.0,csi1000,中证1000,6473.653499999999,6485.2808,6529.6535,6685.974583333334,6649.1393499999995
2023-08-11,6428.88,6304.64,6428.88,6304.64,149016729.0,csi1000,中证1000,6461.6625,6476.609199999999,6525.4811666666665,6680.80325,6648.3568000000005
2023-08-14,6251.97,6319.41,6320.95,6213.98,138392221.0,csi1000,中证1000,6451.805,6468.3116,6521.075666666667,6676.227083333333,6647.8053500000005
2023-08-15,6318.55,6261.73,6325.57,6203.44,122703107.0,csi1000,中证1000,6439.389999999999,6455.606,6515.399166666667,6670.4135,6646.95235
2023-08-16,6240.71,6186.4,6255.81,6186.4,124958759.0,csi1000,中证1000,6424.092500000001,6443.7424,6508.572833333334,6663.712833333333,6645.992200000001
2023-08-17,6167.65,6247.6,6255.05,6128.13,129135238.0,csi1000,中证1000,6416.0345,6431.714,6503.892000000001,6657.455916666667,6645.4513
2023-08-18,6245.13,6117.11,6259.79,6117.11,139212539.0,csi1000,中证1000,6401.8189999999995,6414.62,6497.290833333333,6650.37525,6643.578400000001
2023-08-21,6107.92,6057.17,6154.25,6057.17,117091696.0,csi1000,中证1000,6384.988,6396.2444000000005,6489.893666666667,6642.978166666667,6641.5562
2023-08-22,6082.72,6099.19,6108.21,5984.44,144282422.0,csi1000,中证1000,6365.034,6379.810800000001,6482.4400000000005,6636.35225,6640.8525
2023-08-23,6084.15,5973.67,6084.15,5973.65,128422382.0,csi1000,中证1000,6340.855,6359.0635999999995,6473.099166666667,6628.16975,6639.257750000001
2023-08-24,5989.43,5987.97,6049.55,5942.57,134197451.0,csi1000,中证1000,6319.875999999999,6342.232,6463.490833333332,6619.713083333334,6636.9985
2023-08-25,5960.59,5879.03,5980.24,5855.88,140117108.0,csi1000,中证1000,6290.5585,6321.3364,6452.113833333334,6610.602416666666,6633.771100000001
2023-08-28,6204.1,5922.16,6204.1,5907.94,210870098.0,csi1000,中证1000,6260.874,6302.4712,6441.237166666667,6601.887583333333,6630.5477
2023-08-29,5909.46,6108.76,6121.59,5907.96,186689576.0,csi1000,中证1000,6240.9415,6286.890799999999,6432.6118333333325,6594.48525,6627.543299999999
2023-08-30,6117.41,6139.63,6185.27,6102.09,167499560.0,csi1000,中证1000,6223.121999999999,6274.186,6424.389666666667,6588.521,6624.67325
2023-08-31,6130.64,6104.3,6130.95,6087.33,143040409.0,csi1000,中证1000,6203.36,6262.056,6417.9645,6581.961333333335,6621.71995
2023-09-01,6108.13,6107.2,6136.78,6086.27,124017053.0,csi1000,中证1000,6181.954,6247.7288,6411.6085,6575.4141666666665,6618.8759
2023-09-04,6129.54,6198.76,6198.76,6109.1,155507281.0,csi1000,中证1000,6166.693,6235.045199999999,6407.5464999999995,6570.418000000001,6616.853149999999
2023-09-05,6188.52,6167.64,6206.35,6154.83,141067999.0,csi1000,中证1000,6151.508,6221.4544,6402.081166666667,6564.8765,6614.4739500000005
2023-09-06,6146.39,6195.38,6202.32,6117.81,129717664.0,csi1000,中证1000,6140.228,6209.4288,6396.5015,6560.089250000001,6612.4525
2023-09-07,6185.33,6083.49,6185.33,6083.49,132254116.0,csi1000,中证1000,6123.062,6192.786799999999,6388.643666666667,6554.089416666667,6609.1074
2023-09-08,6063.24,6102.49,6128.84,6062.9,118918279.0,csi1000,中证1000,6112.954500000001,6175.4736,6380.7164999999995,6549.195333333334,6606.109649999999
2023-09-11,6114.07,6182.64,6204.43,6083.39,144003299.0,csi1000,中证1000,6106.116,6162.62,6373.528,6544.580916666668,6603.45035
2023-09-12,6175.63,6184.61,6212.26,6169.04,120512253.0,csi1000,中证1000,6102.26,6151.150799999999,6365.454666666667,6540.10725,6601.0814
2023-09-13,6169.53,6103.14,6177.38,6059.29,125032676.0,csi1000,中证1000,6098.097,6138.437199999999,6355.618666666666,6534.221833333333,6598.15045
2023-09-14,6101.77,6068.71,6102.49,6037.72,114441844.0,csi1000,中证1000,6089.1525,6124.1132,6345.198666666666,6527.791666666667,6595.577850000001
2023-09-15,6082.19,6079.06,6117.82,6046.87,124196903.0,csi1000,中证1000,6087.25,6115.09,6337.376166666666,6521.210250000001,6593.1332
2023-09-18,6058.3,6083.97,6106.27,6029.97,118394457.0,csi1000,中证1000,6088.589999999999,6105.6723999999995,6331.7595,6514.677083333333,6590.61875
2023-09-19,6077.4,6031.04,6077.4,6011.91,112745993.0,csi1000,中证1000,6085.182500000001,6096.4448,6323.822333333333,6507.546666666667,6588.2131500000005
2023-09-20,6020.91,5982.56,6038.75,5982.11,105727974.0,csi1000,中证1000,6085.627,6088.2912,6315.606499999999,6500.523166666667,6585.6624
2023-09-21,5968.35,5939.66,5999.4,5931.1,99709529.0,csi1000,中证1000,6083.2115,6075.9736,6305.9335,6493.301333333334,6582.3891
2023-09-22,5934.27,6054.93,6056.45,5923.24,133556772.0,csi1000,中证1000,6092.0065,6073.4864,6296.8150000000005,6487.0287499999995,6579.7122
2023-09-25,6051.82,6027.39,6058.47,6014.61,129532612.0,csi1000,中证1000,6097.268,6072.2952000000005,6287.056833333334,6479.958583333334,6576.557000000001
2023-09-26,6017.3,5996.11,6034.85,5996.05,114061563.0,csi1000,中证1000,6091.635499999999,6068.172,6276.351166666666,6471.907833333333,6573.1348499999995
2023-09-27,5989.8,6034.06,6063.91,5989.16,121662330.0,csi1000,中证1000,6086.357,6070.5876,6267.1785,6464.247,6569.733300000001
2023-09-28,6048.83,6078.94,6085.53,6048.68,127759256.0,csi1000,中证1000,6085.089,6074.2264000000005,6259.042833333334,6456.712916666666,6566.610250000001
2023-10-09,6073.28,6059.97,6075.46,6025.36,136755964.0,csi1000,中证1000,6082.7275,6081.464,6251.351833333333,6448.521916666667,6563.38365
2023-10-10,6069.91,6043.48,6084.93,6037.47,140815312.0,csi1000,中证1000,6074.9635,6086.3168000000005,6243.295666666667,6440.812833333333,6560.289349999999
2023-10-11,6056.03,6059.4,6105.42,6040.5,143601130.0,csi1000,中证1000,6069.5515,6084.3423999999995,6234.629499999999,6433.1066666666675,6557.184450000001
2023-10-12,6088.55,6104.46,6106.95,6064.82,145452824.0,csi1000,中证1000,6065.0055,6082.9356,6228.3206666666665,6425.468666666667,6554.4284
2023-10-13,6080.33,6081.87,6091.54,6063.56,144115089.0,csi1000,中证1000,6064.9245,6082.0383999999995,6220.546666666666,6418.094083333333,6551.8694
2023-10-16,6089.42,6024.36,6089.48,5996.79,164459217.0,csi1000,中证1000,6061.018,6078.7248,6211.878333333333,6409.796333333334,6549.1411
2023-10-17,6027.91,6011.37,6028.02,5967.3,139421234.0,csi1000,中证1000,6052.4545,6071.229200000001,6203.4585,6401.451333333333,6546.210199999999
2023-10-18,5992.51,5908.01,5992.51,5905.84,145065153.0,csi1000,中证1000,6038.6245,6060.844,6193.4248333333335,6392.3758333333335,6543.153049999999
2023-10-19,5879.81,5842.89,5929.58,5842.41,155497801.0,csi1000,中证1000,6025.611999999999,6046.7444,6182.6005000000005,6383.020083333334,6540.4136499999995
2023-10-20,5816.72,5774.32,5855.46,5767.02,138964349.0,csi1000,中证1000,6010.8925,6034.3776,6172.026500000001,6373.106916666667,6537.577350000001
2023-10-23,5754.18,5638.14,5754.25,5613.73,145845854.0,csi1000,中证1000,5988.846500000001,6015.803600000001,6159.305166666667,6363.6455,6534.3223499999995
2023-10-24,5654.93,5719.32,5734.55,5625.71,151553066.0,csi1000,中证1000,5970.614,5997.270799999999,6148.063999999999,6355.262583333333,6531.9843
2023-10-25,5753.68,5778.9,5811.27,5752.79,163597326.0,csi1000,中证1000,5958.007,5981.042400000001,6136.0745,6348.3930833333325,6530.07505
2023-10-26,5745.53,5811.69,5817.63,5724.0,157275832.0,csi1000,中证1000,5949.4635,5969.384399999999,6125.315166666666,6341.6205,6527.7559
2023-10-27,5792.61,5916.68,5937.54,5774.63,172179646.0,csi1000,中证1000,5948.3144999999995,5963.3032,6117.134,6335.647083333332,6525.71115
2023-10-30,5899.38,6006.56,6017.28,5898.69,179281052.0,csi1000,中证1000,5945.896,5960.403200000001,6109.486999999999,6329.67425,6524.401599999999
2023-10-31,6003.37,5969.34,6013.73,5934.2,165318441.0,csi1000,中证1000,5942.9935000000005,5955.818,6100.378500000001,6323.302333333334,6522.93915
2023-11-01,5969.81,5958.42,5983.87,5943.19,147451128.0,csi1000,中证1000,5941.109,5952.913199999999,6091.228666666666,6317.50875,6521.323149999999
2023-11-02,5958.48,5885.25,5983.22,5885.25,140144412.0,csi1000,中证1000,5933.668500000001,5949.020799999999,6081.049166666667,6310.698333333334,6518.6309
2023-11-03,5895.6,5973.17,5992.75,5895.6,146120206.0,csi1000,中证1000,5928.38,5950.3612,6072.276333333332,6305.377750000001,6516.390350000001
2023-11-06,6007.43,6096.57,6097.04,6007.43,186603146.0,csi1000,中证1000,5930.21,5952.026800000001,6064.963833333333,6300.954916666667,6514.44585
2023-11-07,6088.51,6116.76,6132.14,6068.24,173946707.0,csi1000,中证1000,5933.874000000001,5955.601599999999,6058.510166666666,6296.74025,6512.528049999999
2023-11-08,6114.99,6138.94,6160.24,6099.29,183964088.0,csi1000,中证1000,5937.851,5961.3148,6052.970166666667,6293.431916666666,6510.544
2023-11-09,6135.07,6100.69,6160.98,6087.73,162244319.0,csi1000,中证1000,5937.6625,5963.98,6047.632,6289.388416666667,6508.34645
2023-11-10,6079.47,6088.56,6097.61,6055.99,141567605.0,csi1000,中证1000,5937.997,5964.364799999999,6041.9945,6285.824,6506.354750000001
2023-11-13,6107.27,6144.63,6144.63,6095.27,150359606.0,csi1000,中证1000,5944.010499999999,5967.7512,6039.327666666667,6282.404416666666,6504.63005
2023-11-14,6143.48,6181.98,6189.5,6133.22,160172363.0,csi1000,中证1000,5952.540999999999,5973.2912,6037.037166666666,6279.056416666665,6502.9524
2023-11-15,6226.2,6207.27,6234.54,6184.9,167613188.0,csi1000,中证1000,5967.504,5979.206,6036.1295,6275.7643333333335,6501.0297
2023-11-16,6188.83,6145.15,6193.64,6143.82,143682116.0,csi1000,中证1000,5982.617,5980.8336,6035.442,6272.007416666666,6498.768
2023-11-17,6135.83,6199.23,6199.23,6131.67,145989658.0,csi1000,中证1000,6003.8625,5985.528,6034.635833333334,6269.263916666666,6496.699100000001
2023-11-20,6211.34,6253.28,6254.14,6184.64,160246271.0,csi1000,中证1000,6034.6195,5994.6848,6036.905333333333,6267.098083333333,6494.585099999999
2023-11-21,6258.74,6212.13,6267.22,6200.69,176150665.0,csi1000,中证1000,6059.26,6002.715200000001,6039.487999999999,6264.690833333333,6491.9615
2023-11-22,6193.36,6132.97,6221.87,6132.97,171183163.0,csi1000,中证1000,6076.9635,6011.7136,6040.051,6261.2455,6488.694100000001
2023-11-23,6123.59,6197.53,6199.88,6107.0,152107183.0,csi1000,中证1000,6096.2555,6025.899200000001,6043.782,6258.440583333333,6485.65535
2023-11-24,6194.02,6115.41,6194.02,6098.96,149815992.0,csi1000,中证1000,6106.192,6039.5428,6045.906000000001,6254.698416666667,6481.6488
2023-11-27,6107.56,6111.36,6130.4,6076.71,154433077.0,csi1000,中证1000,6111.432,6058.471599999999,6049.778166666667,6250.946,6477.53945
2023-11-28,6099.51,6143.3,6143.3,6065.69,128368133.0,csi1000,中证1000,6120.129999999999,6075.430800000001,6053.463833333333,6247.3505,6473.630550000001
2023-11-29,6138.76,6113.37,6154.9,6103.98,135643952.0,csi1000,中证1000,6127.8775,6088.8096,6053.540666666667,6243.076249999999,6469.74035
2023-11-30,6104.77,6080.55,6110.41,6031.48,131032999.0,csi1000,中证1000,6137.6425,6099.564,6052.556,6238.472833333333,6465.5215
2023-12-01,6078.64,6130.05,6142.74,6059.8,145352744.0,csi1000,中证1000,6145.4865,6108.0988,6052.985166666667,6235.474833333333,6461.78315
2023-12-04,6131.59,6114.39,6147.05,6110.25,153414365.0,csi1000,中证1000,6146.3775000000005,6112.411999999999,6053.105,6232.356750000001,6457.359199999999
2023-12-05,6098.12,5992.6,6098.12,5992.6,142775427.0,csi1000,中证1000,6140.1695,6113.3423999999995,6049.669,6228.60775,6452.445250000001
2023-12-06,5977.61,6023.8,6066.42,5970.28,144320624.0,csi1000,中证1000,6134.4125,6115.9576,6047.2716666666665,6224.676416666666,6447.303350000001
2023-12-07,6019.96,6020.83,6044.86,5983.25,148536627.0,csi1000,中证1000,6130.4195,6121.380800000001,6044.3625,6220.432000000001,6442.10025
2023-12-08,6021.92,6003.14,6056.06,6003.14,167971282.0,csi1000,中证1000,6126.148499999999,6122.5796,6043.023333333333,6215.8335,6436.79795
2023-12-11,5984.68,6075.08,6080.8,5933.74,159843436.0,csi1000,中证1000,6122.671,6121.72,6042.5665,6211.6415,6432.54735
2023-12-12,6070.88,6078.99,6084.28,6050.73,129712088.0,csi1000,中证1000,6117.521500000001,6120.2092,6040.838999999999,6207.1835,6428.59955
2023-12-13,6067.78,6019.55,6076.36,6019.55,122547150.0,csi1000,中证1000,6108.1355,6115.433600000001,6038.088000000001,6201.771333333334,6423.9005
2023-12-14,6038.92,5991.86,6072.61,5989.23,120199382.0,csi1000,中证1000,6100.471,6111.080400000001,6036.233333333334,6195.926,6418.9074
2023-12-15,6000.26,5951.6,6016.4,5935.32,123710100.0,csi1000,中证1000,6088.0895,6105.602000000001,6034.2815,6189.740083333334,6413.67325
2023-12-18,5939.43,5857.01,5941.9,5845.96,125259423.0,csi1000,中证1000,6068.276,6094.0972,6030.580666666667,6183.978416666667,6408.124349999999
2023-12-19,5853.19,5863.54,5887.77,5820.51,111682675.0,csi1000,中证1000,6050.8465,6081.3596,6026.9068333333325,6179.333166666667,6402.717949999999
2023-12-20,5869.56,5761.31,5873.76,5761.31,111630053.0,csi1000,中证1000,6032.263499999999,6063.5212,6022.4113333333335,6173.1168333333335,6397.053000000001
2023-12-21,5739.02,5798.91,5814.04,5685.64,124949100.0,csi1000,中证1000,6012.3324999999995,6049.671600000001,6019.3505000000005,6167.4785,6391.2697
2023-12-22,5797.61,5733.91,5819.65,5713.8,141167085.0,csi1000,中证1000,5993.257500000001,6031.0588,6015.921333333333,6160.927416666667,6384.9254
2023-12-25,5726.56,5735.73,5753.43,5698.32,109638963.0,csi1000,中证1000,5974.476000000001,6010.3568000000005,6010.601333333334,6153.708166666666,6378.7425
2023-12-26,5734.15,5651.59,5734.56,5632.87,104063276.0,csi1000,中证1000,5949.8904999999995,5987.9352,6004.338,6145.697416666667,6372.160749999999
2023-12-27,5658.19,5696.16,5703.17,5636.94,108265354.0,csi1000,中证1000,5929.030000000001,5970.4628,5999.338833333333,6137.845,6365.65635
2023-12-28,5687.75,5805.53,5824.4,5660.13,144134383.0,csi1000,中证1000,5915.279,5954.7828,5995.53,6131.354249999999,6360.407300000001
2023-12-29,5797.58,5887.24,5891.63,5795.76,134690778.0,csi1000,中证1000,5903.1385,5945.656,5992.335,6125.688916666667,6355.3862
2024-01-02,5891.17,5854.75,5891.23,5854.59,128377670.0,csi1000,中证1000,5890.1565,5935.3916,5988.914666666667,6120.133250000001,6350.195650000001
2024-01-03,5838.55,5824.04,5861.41,5785.25,119248925.0,csi1000,中证1000,5881.728499999999,5922.6212,5985.257333333333,6114.276499999999,6345.324350000001
2024-01-04,5814.94,5783.02,5814.94,5753.47,102952534.0,csi1000,中证1000,5869.6894999999995,5909.4072,5980.651,6107.6402499999995,6340.076349999999
2024-01-05,5779.76,5675.81,5796.76,5652.13,119205197.0,csi1000,中证1000,5852.4385,5893.2176,5973.506833333333,6100.913750000001,6334.60615
2024-01-08,5664.45,5543.57,5664.45,5543.57,110512726.0,csi1000,中证1000,5829.460000000001,5869.7584,5964.535166666667,6092.540916666667,6328.30665
2024-01-09,5553.18,5553.3,5607.22,5513.13,110223223.0,csi1000,中证1000,5803.371,5847.3148,5956.684166666667,6084.28125,6322.624250000001
2024-01-10,5540.66,5512.07,5580.42,5462.36,106499446.0,csi1000,中证1000,5775.025,5828.0936,5948.3625,6075.9105,6316.502749999999
2024-01-11,5507.8,5611.11,5634.02,5502.29,124717749.0,csi1000,中证1000,5754.603,5811.586000000001,5943.414166666667,6068.4195,6310.95105
2024-01-12,5601.1,5574.49,5646.27,5574.41,121066881.0,csi1000,中证1000,5733.7345000000005,5793.7324,5938.940833333333,6060.770666666666,6304.7765500000005
2024-01-15,5558.15,5559.38,5607.13,5520.36,108667184.0,csi1000,中证1000,5714.1235,5775.982000000001,5935.3585,6053.6925,6298.371800000001
2024-01-16,5555.0,5539.47,5566.21,5463.29,116803108.0,csi1000,中证1000,5698.246499999999,5754.5576,5933.713999999999,6046.509583333333,6291.725
2024-01-17,5529.89,5389.12,5529.89,5389.12,104037354.0,csi1000,中证1000,5674.5255,5726.9628,5928.210666666667,6038.137333333333,6284.330849999999
2024-01-18,5360.21,5373.42,5375.23,5214.9,148711036.0,csi1000,中证1000,5655.131,5701.1176000000005,5921.452666666667,6028.763583333333,6276.764500000001
2024-01-19,5364.81,5306.99,5395.14,5304.96,106431086.0,csi1000,中证1000,5630.535,5673.7228000000005,5913.041,6019.178083333333,6269.17255
2024-01-22,5298.31,5000.83,5298.31,4970.2,144252512.0,csi1000,中证1000,5593.880999999999,5635.691999999999,5897.776833333333,6007.455416666667,6260.1453
2024-01-23,4992.79,5079.63,5102.44,4939.52,130288241.0,csi1000,中证1000,5561.076,5604.5968,5882.3279999999995,5995.9075,6251.50525
2024-01-24,5102.82,5143.41,5151.42,4951.9,143326441.0,csi1000,中证1000,5535.6669999999995,5575.7916000000005,5868.5625,5984.470499999999,6242.84325
2024-01-25,5143.29,5316.2,5316.26,5112.54,163144917.0,csi1000,中证1000,5516.669,5557.9872,5857.858833333334,5974.54375,6234.613249999999
2024-01-26,5303.96,5269.76,5352.85,5253.32,155415661.0,csi1000,中证1000,5489.8805,5536.8212,5847.600666666666,5964.3249166666665,6226.195250000001
2024-01-29,5282.82,5131.25,5301.87,5131.25,150000892.0,csi1000,中证1000,5452.081,5512.7148,5833.568666666667,5952.922500000001,6216.93635
2024-01-30,5099.59,4984.66,5144.29,4978.91,125015069.0,csi1000,中证1000,5408.5765,5482.672,5815.036833333334,5940.0003333333325,6206.6452
2024-01-31,4949.19,4785.03,4986.1,4775.62,158237155.0,csi1000,中证1000,5356.626,5448.009599999999,5792.841333333333,5925.675749999999,6195.7275
2024-02-01,4753.64,4750.44,4858.72,4684.47,147115516.0,csi1000,中证1000,5304.997,5410.180799999999,5769.699666666666,5911.334916666668,6184.559
2024-02-02,4753.67,4574.67,4802.62,4431.82,176885435.0,csi1000,中证1000,5249.9400000000005,5360.9464,5744.2660000000005,5895.949,6172.327249999999
2024-02-05,4534.75,4293.07,4534.75,4177.94,211274330.0,csi1000,中证1000,5187.414999999999,5297.1795999999995,5714.341166666666,5878.167833333334,6158.9585
2024-02-06,4229.79,4592.44,4641.45,4192.97,210187410.0,csi1000,中证1000,5139.372,5246.687199999999,5688.471333333333,5863.8994999999995,6146.820250000001
2024-02-07,4604.12,4797.85,4848.24,4599.35,216213317.0,csi1000,中证1000,5103.661,5205.6396,5665.4025,5851.219833333334,6135.745650000001
2024-02-08,4826.14,4993.1,5067.23,4826.14,217620059.0,csi1000,中证1000,5072.760499999999,5174.0428,5645.166333333333,5840.647916666667,6125.725799999999
2024-02-19,5062.68,5029.59,5071.2,4950.33,203870996.0,csi1000,中证1000,5045.5155,5148.194,5626.573666666666,5831.007833333334,6116.04585
2024-02-20,5004.42,5046.01,5058.22,4950.39,154344285.0,csi1000,中证1000,5019.847,5128.2916,5607.3533333333335,5820.994583333334,6106.4564
2024-02-21,5001.66,5073.48,5208.65,4974.08,193280527.0,csi1000,中证1000,4996.5475,5109.0988,5587.6900000000005,5812.297666666666,6097.95625
2024-02-22,5075.43,5151.53,5152.02,5066.0,153064295.0,csi1000,中证1000,4984.668,5094.6772,5570.013333333333,5804.750666666668,6090.08755
2024-02-23,5169.01,5225.67,5225.67,5114.15,171213693.0,csi1000,中证1000,4977.280499999999,5079.2596,5554.891666666666,5797.471333333333,6083.1997
2024-02-26,5234.81,5255.4,5325.77,5201.13,184471643.0,csi1000,中证1000,4974.701,5066.496,5539.1894999999995,5791.485750000001,6076.3547
2024-02-27,5237.11,5394.03,5394.03,5218.59,182622372.0,csi1000,中证1000,4994.361,5059.8820000000005,5527.1665,5786.53625,6070.1574
2024-02-28,5403.5,5152.05,5478.09,5152.05,260742382.0,csi1000,中证1000,4997.982,5044.385200000001,5511.178,5780.478083333333,6062.30115
2024-02-29,5122.18,5344.61,5344.61,5122.18,188036238.0,csi1000,中证1000,5008.042,5042.6048,5497.8665,5775.665166666668,6055.3543500000005
2024-03-01,5354.73,5401.94,5411.32,5322.09,184436487.0,csi1000,中证1000,5012.329,5043.7456,5486.009333333333,5769.775,6049.095799999999
2024-03-04,5412.91,5428.34,5429.8,5332.24,179308205.0,csi1000,中证1000,5020.258,5048.5996000000005,5475.139166666667,5763.847583333333,6042.725
2024-03-05,5392.88,5375.13,5417.82,5337.67,174166911.0,csi1000,中证1000,5032.451999999999,5063.5716,5462.5571666666665,5757.771166666666,6036.54245
2024-03-06,5346.08,5381.46,5434.4,5306.46,154684371.0,csi1000,中证1000,5052.2919999999995,5075.6448,5450.341666666666,5751.723333333333,6030.3132
2024-03-07,5389.99,5303.28,5430.39,5303.28,161023860.0,csi1000,中证1000,5078.2045,5082.0396,5438.853,5744.2609999999995,6023.717
2024-03-08,5309.59,5370.37,5386.18,5283.15,139130895.0,csi1000,中证1000,5109.200999999999,5084.2064,5427.9625,5737.617083333333,6017.88915
2024-03-11,5358.84,5466.65,5466.65,5350.29,164133442.0,csi1000,中证1000,5153.8,5092.082,5418.726166666666,5731.544333333333,6012.292850000001
2024-03-12,5477.13,5496.36,5524.5,5443.96,183984140.0,csi1000,中证1000,5213.9645,5106.6864000000005,5410.279833333334,5726.651583333333,6007.193200000001
2024-03-13,5501.59,5521.78,5561.08,5476.79,181270807.0,csi1000,中证1000,5260.431500000001,5128.1712,5401.058166666667,5721.812333333333,6002.0271999999995
2024-03-14,5521.72,5486.65,5546.1,5433.21,168948172.0,csi1000,中证1000,5294.871499999999,5156.236,5391.185833333334,5716.0124166666665,5996.54175
2024-03-15,5472.89,5555.64,5555.64,5459.32,161095841.0,csi1000,中证1000,5322.9985,5188.4439999999995,5383.454,5710.771,5991.308349999999
2024-03-18,5573.93,5648.01,5648.01,5559.05,193419517.0,csi1000,中证1000,5353.919499999999,5231.3776,5377.723166666667,5706.97825,5986.568499999999
2024-03-19,5633.5,5607.48,5660.5,5607.26,181118096.0,csi1000,中证1000,5381.993,5283.953999999999,5371.987833333334,5703.134666666667,5981.96365
2024-03-20,5600.12,5659.15,5663.74,5600.12,179307654.0,csi1000,中证1000,5411.2765,5326.6224,5368.690166666666,5699.635416666667,5977.693499999999
2024-03-21,5674.5,5658.28,5690.45,5623.3,194332946.0,csi1000,中证1000,5436.614,5361.0396,5365.269166666667,5696.088,5973.4799
2024-03-22,5649.08,5595.88,5660.15,5546.78,210254327.0,csi1000,中证1000,5455.1245,5385.150799999999,5362.512000000001,5692.461666666666,5968.72725
2024-03-25,5581.35,5466.06,5611.69,5466.06,204705382.0,csi1000,中证1000,5465.657499999999,5402.6096,5356.9645,5688.1575,5963.386950000001
2024-03-26,5454.65,5447.75,5495.63,5381.85,183180684.0,csi1000,中证1000,5468.3435,5418.6792000000005,5352.195166666667,5684.05825,5957.803349999999
2024-03-27,5435.97,5266.23,5436.65,5266.23,179173504.0,csi1000,中证1000,5474.0525,5426.3892,5344.370166666666,5677.485750000001,5951.32625
2024-03-28,5262.22,5382.24,5430.77,5262.22,178598735.0,csi1000,中证1000,5475.933999999999,5435.6176000000005,5339.880999999999,5672.1095000000005,5945.36365
2024-03-29,5383.74,5441.26,5441.26,5345.87,168653431.0,csi1000,中证1000,5477.9,5444.2412,5335.632666666666,5667.485750000001,5939.43855
2024-04-01,5461.59,5559.06,5559.87,5461.59,191025707.0,csi1000,中证1000,5484.436,5456.3876,5331.524833333333,5663.527416666667,5934.06905
2024-04-02,5556.52,5531.05,5556.52,5490.82,196097459.0,csi1000,中证1000,5492.232,5461.868399999999,5325.588333333333,5658.961666666667,5929.275249999999
2024-04-03,5518.91,5500.93,5525.03,5457.61,186291066.0,csi1000,中证1000,5498.2055,5475.823600000001,5319.691333333334,5654.303,5924.337100000001
2024-04-08,5487.63,5399.91,5492.4,5399.91,186573359.0,csi1000,中证1000,5503.037,5478.035599999999,5312.6224999999995,5648.939916666666,5919.124249999999
2024-04-09,5392.99,5468.91,5468.91,5384.03,159201159.0,csi1000,中证1000,5507.964,5480.7144,5307.387333333333,5644.019166666666,5913.991
2024-04-10,5456.97,5367.05,5456.97,5325.91,167459493.0,csi1000,中证1000,5502.9839999999995,5478.2628,5302.241333333334,5637.874083333333,5908.175449999999
2024-04-11,5330.68,5379.92,5441.5,5322.84,165143700.0,csi1000,中证1000,5497.161999999999,5478.4544,5299.513833333333,5632.0244999999995,5902.30025
2024-04-12,5379.17,5338.77,5408.52,5330.54,157174522.0,csi1000,中证1000,5488.0115,5476.746800000001,5295.938333333334,5626.31125,5896.103500000001
2024-04-15,5320.81,5287.51,5364.59,5205.71,201711028.0,csi1000,中证1000,5478.0545,5476.116,5292.1956666666665,5620.279083333333,5889.471299999999
2024-04-16,5255.21,5066.66,5283.83,5063.94,207171940.0,csi1000,中证1000,5453.6055,5463.9676,5283.121499999999,5613.267833333333,5881.4595500000005
2024-04-17,5109.08,5287.46,5287.46,5109.08,190079395.0,csi1000,中证1000,5435.578,5456.8,5278.337666666667,5608.639249999999,5874.4303500000005
2024-04-18,5276.47,5286.72,5345.44,5233.9,188225058.0,csi1000,中证1000,5419.54,5448.4144,5273.793333333333,5604.575916666667,5867.394399999999
2024-04-19,5257.01,5264.39,5312.15,5224.32,178870211.0,csi1000,中证1000,5399.802000000001,5438.1188,5269.208666666667,5601.461333333334,5860.974300000001
2024-04-22,5231.56,5246.08,5300.79,5187.52,167762229.0,csi1000,中证1000,5379.192000000001,5428.496,5266.824666666667,5597.517666666667,5855.09985
2024-04-23,5234.43,5218.43,5260.29,5194.26,156851394.0,csi1000,中证1000,5360.3195,5415.0076,5264.2415,5592.847083333333,5848.655650000001
2024-04-24,5219.26,5305.61,5305.61,5200.6,162666749.0,csi1000,中证1000,5352.2970000000005,5401.3116,5264.2185,5588.629749999999,5842.80615
2024-04-25,5285.14,5313.99,5357.44,5273.55,157831248.0,csi1000,中证1000,5345.609,5389.571999999999,5269.437833333333,5583.607333333333,5836.7759
2024-04-26,5303.15,5415.94,5420.37,5303.15,210886927.0,csi1000,中证1000,5353.0945,5379.8436,5275.043000000001,5578.6855000000005,5830.845399999999
2024-04-29,5422.41,5545.23,5550.21,5422.41,241439744.0,csi1000,中证1000,5361.244000000001,5375.3216,5281.74,5575.15125,5825.5071499999995
2024-04-30,5530.94,5497.43,5542.19,5482.99,204909743.0,csi1000,中证1000,5364.0525,5371.3836,5284.760499999999,5571.309666666667,5819.802050000001
2024-05-06,5558.92,5606.84,5611.27,5558.92,205174028.0,csi1000,中证1000,5366.441499999999,5377.0148,5290.378500000001,5568.989583333333,5814.91415
2024-05-07,5604.27,5625.34,5631.95,5593.01,185622540.0,csi1000,中证1000,5371.156000000001,5384.118399999999,5298.613333333334,5566.090999999999,5810.20545
2024-05-08,5605.59,5536.66,5605.59,5529.91,175730988.0,csi1000,中证1000,5372.942499999999,5394.9356,5307.8133333333335,5561.4250833333335,5805.281599999999
2024-05-09,5533.51,5626.83,5638.64,5533.51,172678261.0,csi1000,中证1000,5384.2885,5404.7192000000005,5321.843333333334,5557.342333333333,5800.7815
2024-05-10,5632.76,5574.23,5641.92,5549.61,188377044.0,csi1000,中证1000,5389.5545,5410.038,5335.573166666667,5552.636416666666,5795.7558
2024-05-13,5537.93,5520.8,5556.71,5479.95,180308639.0,csi1000,中证1000,5397.242,5408.5076,5351.342,5547.804,5790.94485
2024-05-14,5524.43,5551.68,5574.25,5524.26,169585067.0,csi1000,中证1000,5405.83,5409.3328,5372.318833333334,5543.330000000001,5785.961699999999
2024-05-15,5541.81,5497.23,5551.26,5491.52,163304598.0,csi1000,中证1000,5413.753,5409.1848,5387.398666666667,5537.935,5780.725549999999
2024-05-16,5508.95,5488.95,5539.92,5474.28,169798002.0,csi1000,中证1000,5423.825,5412.7464,5398.9169999999995,5532.159750000001,5775.587499999999
2024-05-17,5489.42,5563.23,5564.06,5478.3,182873081.0,csi1000,中证1000,5448.6535,5416.519199999999,5408.4191666666675,5526.79275,5770.853500000001
2024-05-20,5563.65,5596.78,5612.35,5548.9,197476441.0,csi1000,中证1000,5464.1195,5425.7083999999995,5417.872333333333,5522.223,5766.375649999999
2024-05-21,5586.01,5536.74,5586.01,5517.39,172959880.0,csi1000,中证1000,5476.620499999999,5431.9812,5426.051166666666,5516.70225,5762.015549999999
2024-05-22,5532.84,5539.66,5553.7,5508.76,168002993.0,csi1000,中证1000,5490.384,5440.0168,5433.820833333333,5510.755416666667,5757.70675
2024-05-23,5521.18,5412.82,5521.18,5402.0,175806710.0,csi1000,中证1000,5498.721,5445.029199999999,5438.175666666667,5504.0945,5752.8019
2024-05-24,5401.58,5350.11,5436.81,5350.11,151050114.0,csi1000,中证1000,5505.304999999999,5456.3672,5440.249666666667,5497.5706666666665,5747.0611
2024-05-27,5358.08,5404.62,5404.62,5295.09,151409114.0,csi1000,中证1000,5510.2555,5461.053600000001,5442.736666666667,5490.963083333333,5741.79795
2024-05-28,5390.4,5348.03,5414.98,5343.83,148458050.0,csi1000,中证1000,5511.9574999999995,5463.506000000001,5441.97,5484.568249999999,5736.50035
2024-05-29,5336.7,5351.25,5386.78,5324.69,142698663.0,csi1000,中证1000,5508.723,5466.9804,5445.29,5478.2339999999995,5730.929700000001
2024-05-30,5334.8,5334.3,5371.81,5311.44,141323171.0,csi1000,中证1000,5498.1765,5470.5092,5445.118166666667,5471.492333333334,5725.021949999999
2024-05-31,5334.1,5355.21,5381.72,5334.1,136735137.0,csi1000,中证1000,5491.0655,5475.9803999999995,5444.339333333333,5465.174333333333,5719.26095
2024-06-03,5350.64,5284.62,5351.25,5246.17,163388152.0,csi1000,中证1000,5474.9545,5475.140799999999,5441.944,5458.541583333334,5713.20395
2024-06-04,5267.36,5313.71,5319.71,5229.68,145127777.0,csi1000,中证1000,5459.373,5475.129600000001,5440.920333333333,5451.7387499999995,5707.2748
2024-06-05,5294.3,5244.09,5330.8,5244.09,132143504.0,csi1000,中证1000,5444.7445,5468.2556,5438.630833333334,5444.48625,5700.81865
2024-06-06,5249.95,5130.87,5275.89,5113.21,169793255.0,csi1000,中证1000,5419.9465,5451.6812,5435.757333333333,5437.305166666667,5693.9531
2024-06-07,5159.17,5153.59,5190.0,5096.08,130320202.0,csi1000,中证1000,5398.9145,5437.9276,5432.144333333333,5430.053416666667,5687.364350000001
2024-06-11,5132.22,5198.92,5208.18,5086.86,128533904.0,csi1000,中证1000,5382.8205,5421.6107999999995,5427.6821666666665,5423.204166666666,5681.25405
2024-06-12,5188.36,5216.46,5231.47,5186.61,121650752.0,csi1000,中证1000,5366.0595,5405.2555999999995,5423.0171666666665,5416.648499999999,5675.2023
2024-06-13,5214.41,5180.24,5219.71,5170.17,131172507.0,csi1000,中证1000,5350.21,5390.9988,5417.324833333333,5409.1915,5669.580299999999
2024-06-14,5164.87,5180.65,5190.71,5138.36,139132978.0,csi1000,中证1000,5334.795,5373.151599999999,5412.224833333333,5401.705333333333,5663.8865000000005
2024-06-17,5158.98,5183.97,5211.39,5151.28,124616372.0,csi1000,中证1000,5315.831999999999,5357.5412,5406.030333333332,5394.742166666666,5658.4977
2024-06-18,5183.27,5227.25,5237.82,5177.28,135460663.0,csi1000,中证1000,5297.3555,5345.7991999999995,5399.017666666666,5388.370416666667,5653.70195
2024-06-19,5230.49,5159.99,5241.97,5159.99,125806229.0,csi1000,中证1000,5278.518,5330.131600000001,5391.5595,5381.773666666666,5648.2639
2024-06-20,5150.8,5056.14,5174.87,5052.89,141500845.0,csi1000,中证1000,5254.342,5312.488,5381.509333333333,5375.099749999999,5642.9590499999995
2024-06-21,5040.63,5055.33,5090.57,5014.48,111201689.0,csi1000,中证1000,5236.4675,5295.1431999999995,5371.460166666667,5368.3646666666655,5637.94985
2024-06-24,5025.52,4887.78,5029.73,4884.5,128915163.0,csi1000,中证1000,5213.351000000001,5268.1252,5359.6585000000005,5361.08525,5631.8928000000005
2024-06-25,4885.89,4847.61,4907.96,4814.68,112593300.0,csi1000,中证1000,5185.5005,5238.158399999999,5349.351,5353.157749999999,5626.2625
2024-06-26,4842.0,4986.38,4988.31,4812.1,138027529.0,csi1000,中证1000,5167.418,5216.144,5341.6615,5346.928333333332,5621.25455
2024-06-27,4964.66,4864.09,4969.09,4862.63,121642911.0,csi1000,中证1000,5143.0599999999995,5189.1212,5334.9591666666665,5339.664666666667,5616.1798499999995
2024-06-28,4855.35,4895.99,4968.27,4851.84,134567796.0,csi1000,中证1000,5121.1445,5168.448,5326.8550000000005,5333.368,5611.049
2024-07-01,4894.56,4940.25,4954.18,4839.75,129219325.0,csi1000,中证1000,5100.396500000001,5152.0536,5318.504833333334,5327.06875,5605.206450000001
2024-07-02,4940.7,4905.65,4951.2,4886.7,118827986.0,csi1000,中证1000,5081.447999999999,5132.0948,5307.614666666666,5319.56975,5599.036550000001
2024-07-03,4900.67,4867.13,4906.51,4857.78,102300301.0,csi1000,中证1000,5059.119000000001,5112.8588,5296.549333333333,5311.068833333333,5592.850700000001
2024-07-04,4868.55,4761.87,4883.74,4745.91,121202257.0,csi1000,中证1000,5035.008,5089.2836,5284.231666666666,5301.961499999999,5586.12405
2024-07-05,4753.73,4810.79,4828.84,4711.87,110602467.0,csi1000,中证1000,5019.003999999999,5068.3432,5274.413,5293.51775,5579.184200000001
2024-07-08,4801.49,4693.96,4801.49,4679.28,123548775.0,csi1000,中证1000,4996.0225,5041.8932,5261.497166666667,5284.442249999999,5571.815799999999
2024-07-09,4689.27,4797.06,4810.32,4645.2,148511187.0,csi1000,中证1000,4975.9295,5022.390799999999,5251.997333333333,5277.119333333333,5564.8242
2024-07-10,4783.17,4777.68,4829.21,4768.12,138401543.0,csi1000,中证1000,4953.9905,5000.9496,5241.96,5270.736916666667,5558.29515
2024-07-11,4846.11,4893.59,4896.15,4821.41,153190469.0,csi1000,中证1000,4939.658,4986.9295999999995,5234.540333333333,5265.239333333333,5552.250650000001
2024-07-12,4884.41,4878.02,4897.17,4858.3,130854179.0,csi1000,中证1000,4924.5265,4976.8156,5227.715500000001,5259.955583333333,5545.72755
2024-07-15,4869.0,4827.6,4869.0,4815.41,126413017.0,csi1000,中证1000,4906.708,4963.776000000001,5223.7311666666665,5253.426333333334,5538.9425
2024-07-16,4815.74,4836.72,4845.35,4786.21,120891502.0,csi1000,中证1000,4887.181500000001,4949.2880000000005,5216.218833333332,5247.27825,5532.6104
2024-07-17,4834.44,4795.62,4842.72,4786.35,120425116.0,csi1000,中证1000,4868.963000000001,4932.4544,5208.033833333334,5240.913583333333,5526.24495
2024-07-18,4763.3,4812.43,4822.62,4714.6,121727781.0,csi1000,中证1000,4856.7775,4917.742,5200.501166666667,5234.854916666667,5519.911799999999
2024-07-19,4788.77,4821.42,4854.71,4778.71,112647955.0,csi1000,中证1000,4845.082,4903.3728,5193.4235,5230.124083333333,5513.599050000001
2024-07-22,4822.64,4826.87,4848.31,4798.12,110732121.0,csi1000,中证1000,4842.0365,4889.0888,5186.8975,5225.5695,5507.5782
2024-07-23,4825.75,4694.95,4825.75,4694.95,120495201.0,csi1000,中证1000,4834.4035,4867.7968,5176.719833333334,5220.469166666667,5501.14015
2024-07-24,4682.06,4631.01,4713.07,4625.42,121091980.0,csi1000,中证1000,4816.635,4846.6376,5165.336833333334,5217.387333333333,5494.5969
2024-07-25,4602.63,4632.57,4678.66,4587.71,108530458.0,csi1000,中证1000,4805.059,4829.6948,5152.2806666666675,5213.661833333333,5487.4851
2024-07-26,4638.31,4702.08,4710.57,4638.31,110691033.0,csi1000,中证1000,4795.3634999999995,4815.5648,5138.228166666667,5209.984083333333,5480.85855
2024-07-29,4707.28,4685.65,4707.28,4670.8,109319605.0,csi1000,中证1000,4782.6335,4807.479600000001,5124.6985,5204.7294999999995,5474.30625
2024-07-30,4674.92,4702.49,4716.21,4637.41,112315594.0,csi1000,中证1000,4772.4755,4801.674800000001,5109.626,5200.00225,5467.6484
2024-07-31,4698.73,4889.08,4889.77,4690.0,173761942.0,csi1000,中证1000,4773.572999999999,4797.7828,5097.355,5197.984166666666,5461.699100000001
2024-08-01,4894.81,4878.29,4933.06,4850.63,146421421.0,csi1000,中证1000,4779.394,4798.3508,5086.382166666666,5197.09775,5455.7907000000005
2024-08-02,4844.78,4809.89,4902.94,4802.02,137989767.0,csi1000,中证1000,4779.349,4794.9068,5072.7665,5197.304916666666,5449.62275
2024-08-05,4776.18,4678.78,4854.59,4678.74,152847485.0,csi1000,中证1000,4778.59,4784.448,5057.842333333333,5196.70775,5442.71965
2024-08-06,4731.2,4749.95,4766.27,4695.64,127097641.0,csi1000,中证1000,4776.2345000000005,4778.22,5044.994833333333,5198.168416666666,5435.947099999999
2024-08-07,4741.65,4743.41,4772.21,4715.53,112619284.0,csi1000,中证1000,4774.521,4773.2712,5031.523666666667,5201.921249999999,5429.254800000001
2024-08-08,4728.33,4739.49,4776.49,4677.43,126746572.0,csi1000,中证1000,4766.816,4772.376,5018.894666666666,5203.1466666666665,5422.83045
2024-08-09,4760.13,4702.75,4789.17,4702.75,115665338.0,csi1000,中证1000,4758.0525,4768.0544,5005.791333333334,5202.354166666667,5416.287350000001
2024-08-12,4696.36,4674.1,4707.22,4657.33,107665245.0,csi1000,中证1000,4750.3775000000005,4767.26,4990.9725,5199.695833333333,5410.1178
2024-08-13,4671.2,4697.59,4698.34,4642.67,100207248.0,csi1000,中证1000,4743.421,4763.2812,4975.986000000001,5196.929166666667,5404.3913
2024-08-14,4698.0,4649.28,4698.15,4649.28,99911373.0,csi1000,中证1000,4736.103999999999,4758.1452,4961.195000000001,5193.623083333333,5398.7661
2024-08-15,4639.08,4691.85,4743.73,4620.56,129900650.0,csi1000,中证1000,4730.075,4750.0756,4947.064833333334,5190.4428333333335,5394.03465
2024-08-16,4696.72,4655.65,4703.03,4654.46,122612541.0,csi1000,中证1000,4721.7865,4741.1808,4934.445333333333,5186.310499999999,5388.7163
2024-08-19,4651.3,4663.61,4714.06,4644.6,119942244.0,csi1000,中证1000,4713.6235,4734.6212,4923.0036666666665,5181.626666666667,5383.13985
2024-08-20,4663.78,4579.3,4665.63,4563.86,129979655.0,csi1000,中证1000,4707.840999999999,4724.3243999999995,4909.248333333334,5175.992499999999,5376.977900000001
2024-08-21,4564.38,4548.26,4590.2,4543.88,108164315.0,csi1000,中证1000,4703.7035000000005,4714.43,4895.918833333333,5168.944416666666,5370.1358
2024-08-22,4549.3,4491.84,4562.98,4484.56,113469330.0,csi1000,中证1000,4696.6669999999995,4701.606400000001,4881.595333333333,5163.442666666667,5362.562200000001
2024-08-23,4482.65,4495.34,4510.6,4462.76,110254720.0,csi1000,中证1000,4686.33,4688.5632000000005,4867.612666666667,5156.3654166666665,5355.1921999999995
2024-08-26,4492.71,4512.89,4531.17,4476.24,112271843.0,csi1000,中证1000,4677.692,4676.004,4853.574,5148.956666666667,5347.964550000001
2024-08-27,4500.73,4459.68,4501.08,4449.21,113939520.0,csi1000,中证1000,4665.5515000000005,4666.5932,4839.825,5140.8845,5340.836700000001
2024-08-28,4449.71,4470.55,4506.31,4437.52,107903177.0,csi1000,中证1000,4644.625,4660.174800000001,4825.772333333333,5133.346333333334,5333.3236
2024-08-29,4453.43,4542.46,4558.95,4443.9,129788753.0,csi1000,中证1000,4627.8335,4656.5704,4814.0785,5126.354666666666,5325.55305
2024-08-30,4539.93,4629.32,4691.01,4534.04,177838616.0,csi1000,中证1000,4618.804999999999,4653.66,4805.7193333333325,5120.738333333333,5318.115850000001
2024-09-02,4627.18,4532.51,4635.77,4529.83,155927274.0,csi1000,中证1000,4611.4915,4647.5344000000005,4795.368,5113.756166666667,5310.0837
2024-09-03,4529.94,4572.4,4598.63,4529.94,128952462.0,csi1000,中证1000,4602.614,4642.3308,4784.926,5106.304083333333,5302.44225
2024-09-04,4542.9,4550.77,4594.44,4529.34,122871657.0,csi1000,中证1000,4592.982,4628.7984,4773.831166666667,5098.424166666667,5294.753299999999
2024-09-05,4554.52,4586.78,4614.75,4554.52,121209194.0,csi1000,中证1000,4585.346500000001,4617.138,4763.940166666667,5090.632500000001,5286.9640500000005
2024-09-06,4588.93,4508.23,4595.7,4506.39,127217733.0,csi1000,中证1000,4575.6205,4605.0716,4752.733166666667,5082.479,5278.5953
2024-09-09,4490.99,4475.53,4523.37,4459.13,113284927.0,csi1000,中证1000,4565.692,4596.9416,4740.925833333334,5073.478083333333,5269.9366
2024-09-10,4481.49,4487.58,4507.15,4400.78,132351585.0,csi1000,中证1000,4555.1915,4586.4468,4728.598,5063.807833333333,5261.64875
2024-09-11,4469.01,4486.01,4500.68,4453.2,113953972.0,csi1000,中证1000,4547.028,4576.1508,4717.365,5054.46225,5253.08265
2024-09-12,4490.52,4468.74,4542.28,4468.74,118731187.0,csi1000,中证1000,4535.8724999999995,4565.3207999999995,4707.575,5044.542166666666,5244.15995
2024-09-13,4471.98,4413.19,4478.22,4413.19,116827287.0,csi1000,中证1000,4523.7495,4553.738399999999,4696.872666666666,5034.166416666668,5235.16525
2024-09-18,4413.9,4399.13,4425.79,4342.21,113552078.0,csi1000,中证1000,4510.525500000001,4542.7396,4688.728499999999,5024.1935,5226.49605
2024-09-19,4418.78,4482.27,4527.61,4385.49,145747160.0,csi1000,中证1000,4505.674,4534.1268,4682.6395,5015.995249999999,5217.91975
2024-09-20,4484.18,4463.36,4487.08,4428.17,127480177.0,csi1000,中证1000,4501.429,4526.69,4673.9225,5007.7919999999995,5209.6595
2024-09-23,4462.72,4469.13,4513.97,4445.99,124945066.0,csi1000,中证1000,4500.2935,4517.7812,4667.339833333333,5001.1494999999995,5201.44835
2024-09-24,4489.49,4642.56,4642.56,4466.34,215782531.0,csi1000,中证1000,4507.6545,4517.2576,4663.115999999999,4994.9855,5193.94465
2024-09-25,4688.39,4686.26,4799.86,4681.85,264240731.0,csi1000,中证1000,4516.323,4518.1636,4658.882833333333,4988.693833333334,5186.8091
2024-09-26,4675.94,4874.13,4874.13,4672.87,253977829.0,csi1000,中证1000,4537.045499999999,4529.956800000001,4658.3575,4982.986083333333,5180.777
2024-09-27,4950.94,5136.44,5164.54,4944.84,290681694.0,csi1000,中证1000,4570.34,4553.4839999999995,4662.8460000000005,4979.697666666666,5175.80895
2024-09-30,5375.57,5708.83,5732.57,5307.55,471432852.0,csi1000,中证1000,4628.6585,4602.1636,4678.628666666667,4981.430166666667,5173.781150000001
2024-10-08,6437.11,6201.99,6437.11,5861.32,550590792.0,csi1000,中证1000,4707.292,4670.4296,4701.815333333334,4988.114166666667,5174.8281
2024-10-09,6052.67,5727.38,6105.03,5706.05,458094212.0,csi1000,中证1000,4767.0355,4719.0092,4719.039000000001,4990.268083333333,5173.3460000000005
2024-10-10,5777.9,5654.53,5881.33,5593.98,349628012.0,csi1000,中证1000,4821.142,4766.8032,4733.330166666667,4992.663749999999,5171.514499999999
2024-10-11,5610.95,5416.76,5616.81,5349.32,279992646.0,csi1000,中证1000,4864.4415,4804.6516,4743.9815,4992.9707499999995,5168.5826
2024-10-14,5451.62,5615.76,5620.42,5346.42,281144405.0,csi1000,中证1000,4915.8904999999995,4847.5836,4756.017666666667,4995.2789999999995,5166.286
2024-10-15,5585.69,5507.18,5704.56,5505.81,297517095.0,csi1000,中证1000,4965.838000000001,4882.698,4766.5036666666665,4997.109583333334,5163.42695
2024-10-16,5425.43,5524.25,5598.84,5424.39,248520319.0,csi1000,中证1000,5018.274,4922.3676000000005,4778.1145,5000.922833333333,5160.95045
2024-10-17,5563.46,5505.61,5624.79,5504.49,276397486.0,csi1000,中证1000,5069.1755,4959.696,4789.2626666666665,5002.74075,5158.5192
2024-10-18,5495.2,5749.43,5880.9,5484.24,359719039.0,csi1000,中证1000,5132.3465,5007.6424,4805.159499999999,5006.596666666667,5157.50835
2024-10-21,5797.0,5860.57,5954.44,5767.79,355061095.0,csi1000,中证1000,5201.938,5058.594,4822.6285,5011.564833333334,5157.52615
2024-10-22,5866.79,5888.81,5940.37,5814.3,347298628.0,csi1000,中证1000,5275.719,5113.8171999999995,4840.418333333333,5016.920916666667,5157.6525
2024-10-23,5871.32,5903.58,5991.59,5856.37,333753772.0,csi1000,中证1000,5350.9415,5170.9392,4858.3635,5022.6305,5158.36385
2024-10-24,5871.29,5861.63,5887.45,5817.93,264149476.0,csi1000,中证1000,5419.9095,5225.9012,4877.808166666667,5027.264,5158.67745
2024-10-25,5876.44,5974.91,6014.11,5876.21,306820665.0,csi1000,中证1000,5495.487,5285.4572,4900.206499999999,5032.771666666667,5159.88245
2024-10-28,5988.72,6082.09,6082.09,5965.0,326722938.0,csi1000,中证1000,5576.135,5349.9912,4924.3651666666665,5038.322916666667,5161.61425
2024-10-29,6106.19,5983.84,6113.64,5982.53,369325299.0,csi1000,中证1000,5643.1990000000005,5412.8171999999995,4945.727833333334,5041.978,5163.2755
2024-10-30,5960.79,6019.35,6043.59,5945.68,324380186.0,csi1000,中证1000,5709.853499999999,5477.626,4967.956166666667,5046.327333333333,5164.891449999999
2024-10-31,6041.01,6116.66,6161.56,6004.71,386119485.0,csi1000,中证1000,5771.9800000000005,5543.0016000000005,4991.525666666666,5050.575833333333,5166.4471
2024-11-01,6100.79,5930.23,6125.41,5912.53,409338276.0,csi1000,中证1000,5811.6695,5601.6764,5008.878166666666,5053.116583333333,5166.66205
2024-11-04,5912.31,6053.11,6053.11,5912.31,295637147.0,csi1000,中证1000,5828.8835,5665.035599999999,5028.4585,5057.420333333333,5167.65385
2024-11-05,6057.21,6266.54,6279.92,6051.46,390142531.0,csi1000,中证1000,5832.111,5729.9947999999995,5052.736,5062.75125,5169.86635
2024-11-06,6287.29,6293.19,6368.87,6247.15,424250101.0,csi1000,中证1000,5860.4015,5794.272000000001,5079.642833333333,5068.742583333334,5172.4172
2024-11-07,6238.62,6403.92,6403.92,6229.49,408571652.0,csi1000,中证1000,5897.871000000001,5855.4636,5107.209000000001,5076.1019166666665,5176.05775
2024-11-08,6470.07,6423.12,6526.65,6400.09,451796308.0,csi1000,中证1000,5948.189,5906.930800000001,5135.204166666666,5083.363916666666,5180.4555
2024-11-11,6416.17,6579.01,6580.57,6412.58,402436255.0,csi1000,中证1000,5996.3515,5941.737999999999,5165.862833333333,5092.37875,5185.58405
2024-11-12,6593.82,6491.97,6616.16,6429.35,400715244.0,csi1000,中证1000,6045.590999999999,5953.3372,5195.683166666667,5100.73725,5190.48355
2024-11-13,6453.86,6474.39,6512.6,6357.56,317485928.0,csi1000,中证1000,6093.098,5983.2176,5225.688,5108.33025,5194.79995
2024-11-14,6462.01,6272.19,6472.95,6263.31,294794718.0,csi1000,中证1000,6131.427,6007.924,5251.931333333333,5113.958666666667,5198.28845
2024-11-15,6246.34,6125.51,6331.87,6124.66,295191634.0,csi1000,中证1000,6150.231,6036.274,5276.535166666667,5118.865083333334,5201.1191
2024-11-18,6154.51,5974.56,6180.88,5937.09,322672608.0,csi1000,中证1000,6155.9305,6050.626,5297.913666666666,5122.48925,5203.2945500000005
2024-11-19,5977.84,6130.28,6130.5,5945.46,273167526.0,csi1000,中证1000,6168.004,6075.55,5322.490833333333,5128.468083333334,5207.00035
2024-11-20,6116.96,6250.8,6262.08,6105.22,299975821.0,csi1000,中证1000,6185.365,6104.612000000001,5348.944,5135.9738333333335,5211.38725
2024-11-21,6241.01,6262.16,6292.86,6199.71,299655111.0,csi1000,中证1000,6205.3915,6134.874,5376.991666666667,5143.12,5216.1631
2024-11-22,6240.09,6030.49,6280.6,6030.37,342129117.0,csi1000,中证1000,6208.1705,6146.1164,5401.6955,5148.8071666666665,5221.3114000000005
2024-11-25,6047.94,6052.13,6076.19,5937.91,277646776.0,csi1000,中证1000,6206.672500000001,6153.7788,5427.700333333333,5154.647833333333,5226.1739
2024-11-26,6036.64,5981.57,6093.37,5979.39,244404112.0,csi1000,中证1000,6206.558999999999,6157.4892,5452.470833333334,5160.04175,5230.3647
2024-11-27,5942.53,6118.66,6119.01,5857.0,290946267.0,csi1000,中证1000,6211.5245,6166.0923999999995,5479.233666666667,5166.403833333333,5234.3769999999995
2024-11-28,6121.68,6086.09,6170.13,6077.6,301235560.0,csi1000,中证1000,6209.996,6175.0708,5506.3405,5173.0827500000005,5238.4586500000005
2024-11-29,6066.71,6189.13,6246.2,6039.83,324762691.0,csi1000,中证1000,6222.941000000001,6183.6395999999995,5534.9835,5180.377916666667,5243.74805
2024-12-02,6188.8,6313.61,6325.86,6188.8,354028066.0,csi1000,中证1000,6235.966,6192.9004,5564.502666666667,5189.290583333333,5250.3928000000005
2024-12-03,6318.97,6303.28,6342.36,6239.44,326652363.0,csi1000,中证1000,6237.803,6205.678000000001,5592.402,5199.060666666667,5257.98405
2024-12-04,6301.05,6204.94,6303.5,6175.84,299202098.0,csi1000,中证1000,6233.3904999999995,6213.1016,5620.275833333333,5207.821916666667,5265.25655
2024-12-05,6186.12,6285.6,6302.36,6186.12,288535617.0,csi1000,中证1000,6227.474499999999,6219.859200000001,5648.829166666666,5216.877583333333,5273.8112
2024-12-06,6291.3,6349.62,6384.66,6229.21,349030963.0,csi1000,中证1000,6223.799499999999,6236.6348,5678.81,5226.320583333333,5284.09395
2024-12-09,6346.59,6303.27,6371.1,6257.54,293773287.0,csi1000,中证1000,6210.0125,6246.6412,5707.418166666666,5235.679166666667,5292.648099999999
2024-12-10,6493.54,6362.02,6497.89,6352.76,374209206.0,csi1000,中证1000,6203.515,6250.4604,5738.314666666667,5245.523916666667,5300.468949999999
2024-12-11,6343.78,6447.37,6454.97,6343.78,331351956.0,csi1000,中证1000,6202.164,6256.6276,5771.178666666666,5256.05225,5307.7403
2024-12-12,6454.94,6490.15,6493.71,6390.59,342326053.0,csi1000,中证1000,6213.062,6260.076800000001,5804.554833333334,5266.576416666667,5315.043099999999
2024-12-13,6447.2,6354.99,6460.94,6351.3,361985513.0,csi1000,中证1000,6224.536,6257.351599999999,5835.704500000001,5276.534750000001,5321.588
2024-12-16,6355.63,6277.52,6367.81,6248.16,310215173.0,csi1000,中证1000,6239.683999999999,6245.292,5865.850833333334,5286.712916666667,5327.6082
2024-12-17,6262.49,6143.94,6269.14,6133.13,274793959.0,csi1000,中证1000,6240.367,6231.370800000001,5894.696666666668,5295.784666666667,5332.570250000001
2024-12-18,6156.69,6195.87,6242.52,6121.05,248024122.0,csi1000,中证1000,6237.6205,6220.23,5924.642333333334,5306.685416666666,5337.42125
2024-12-19,6127.22,6207.19,6223.8,6108.39,251487924.0,csi1000,中证1000,6234.872,6217.63,5953.3910000000005,5318.01525,5342.1802
2024-12-20,6195.64,6271.75,6320.96,6191.08,243659085.0,csi1000,中证1000,6246.9349999999995,6223.479600000001,5983.530833333334,5328.726666666667,5346.5688
2024-12-23,6271.76,6096.38,6276.97,6086.91,258474975.0,csi1000,中证1000,6249.147500000001,6228.3524,6010.651666666668,5338.99575,5351.29045
2024-12-24,6110.77,6164.36,6165.2,6066.23,216010918.0,csi1000,中证1000,6258.287,6229.7156,6036.015,5349.5655,5355.3892
2024-12-25,6158.65,6094.69,6159.6,6037.74,219027032.0,csi1000,中证1000,6257.0885,6223.4712,6059.488833333334,5359.185833333333,5358.85295
2024-12-26,6083.89,6160.45,6185.81,6083.89,206916739.0,csi1000,中证1000,6260.806500000001,6219.402799999999,6080.927500000001,5369.642500000001,5362.5135
2024-12-27,6164.67,6171.57,6250.2,6135.48,237841554.0,csi1000,中证1000,6259.9285,6225.045999999999,6098.179666666666,5380.512833333333,5366.4956999999995
2024-12-30,6164.91,6145.93,6192.58,6097.1,207712448.0,csi1000,中证1000,6251.5445,6228.797999999999,6105.464666666667,5392.046666666667,5370.318050000001
2024-12-31,6151.03,5957.72,6160.73,5957.72,237990032.0,csi1000,中证1000,6234.2665,6227.843999999999,6101.3935,5401.604416666667,5373.59025
2025-01-02,5948.68,5797.09,5982.55,5743.18,244125606.0,csi1000,中证1000,6213.874,6214.981200000001,6102.555333333334,5410.797166666667,5375.72385
2025-01-03,5808.54,5625.21,5826.08,5609.77,237093211.0,csi1000,中证1000,6180.8544999999995,6196.545999999999,6102.066666666667,5417.698416666666,5376.5166500000005
2025-01-06,5614.03,5608.03,5688.92,5561.9,203047676.0,csi1000,中证1000,6143.775,6173.302000000001,6105.2545,5424.6179999999995,5377.075
2025-01-07,5610.95,5692.04,5694.0,5580.89,193912450.0,csi1000,中证1000,6113.2135,6148.439200000001,6106.525833333333,5431.27175,5377.9263
2025-01-08,5664.31,5661.78,5706.66,5501.49,225800830.0,csi1000,中证1000,6078.2015,6122.779200000001,6109.1025,5437.803083333333,5378.801949999999
2025-01-09,5629.9,5672.78,5714.46,5629.82,193320421.0,csi1000,中证1000,6039.472,6101.4928,6111.5779999999995,5444.84625,5379.387650000001
2025-01-10,5662.77,5544.92,5718.21,5544.92,198014877.0,csi1000,中证1000,5992.210499999999,6071.865599999999,6112.233166666667,5450.747916666666,5378.8722
2025-01-13,5487.12,5559.47,5599.33,5457.51,169309190.0,csi1000,中证1000,5952.4345,6040.259599999999,6109.067166666667,5457.113333333333,5378.632150000001
2025-01-14,5580.88,5811.05,5814.71,5562.18,235772869.0,csi1000,中证1000,5929.111,6020.5708,6108.2418333333335,5465.435166666666,5379.39165
2025-01-15,5805.9,5775.57,5815.15,5755.62,204290325.0,csi1000,中证1000,5910.692499999999,5997.112799999999,6106.3545,5473.386416666666,5379.978099999999
2025-01-16,5810.05,5801.31,5906.47,5753.76,216373239.0,csi1000,中证1000,5890.9645,5971.270399999999,6104.65,5481.5067500000005,5381.00525
2025-01-17,5780.61,5841.57,5885.42,5755.91,196817967.0,csi1000,中证1000,5872.6835,5945.3272,6104.315666666666,5491.061916666667,5382.8828
2025-01-20,5877.97,5879.15,5925.07,5856.83,198430783.0,csi1000,中证1000,5853.0535,5926.2936,6102.719666666667,5501.463083333333,5385.0398
2025-01-21,5911.4,5908.02,5917.13,5834.96,199127834.0,csi1000,中证1000,5843.635499999999,5911.5136,6099.818499999999,5512.091833333334,5388.24875
2025-01-22,5879.84,5855.74,5886.74,5824.03,180296760.0,csi1000,中证1000,5828.2045,5899.985599999999,6097.683499999999,5521.705666666667,5390.61625
2025-01-23,5911.22,5829.03,5991.85,5829.03,222855753.0,csi1000,中证1000,5814.9215,5885.312,6094.5115,5531.233833333334,5392.5551000000005
2025-01-24,5815.46,5938.13,5943.11,5815.46,208090445.0,csi1000,中证1000,5803.8054999999995,5874.549599999999,6091.536000000001,5541.530833333334,5394.450449999999
2025-01-27,5946.73,5846.07,5964.15,5846.07,188646200.0,csi1000,中证1000,5787.5305,5857.5224,6090.133333333333,5549.505749999999,5396.02555
2025-02-05,5900.51,5881.44,5928.88,5851.6,212005310.0,csi1000,中证1000,5774.306,5848.924800000001,6087.272166666667,5557.865333333334,5397.928099999999
2025-02-06,5869.71,6041.83,6042.02,5853.75,255998511.0,csi1000,中证1000,5778.5115,5844.0235999999995,6083.527,5568.1315,5401.1377
2025-02-07,6046.36,6134.05,6198.75,6042.26,323952835.0,csi1000,中证1000,5795.3595000000005,5845.597999999999,6080.874666666667,5580.25875,5404.463400000001
2025-02-10,6155.05,6210.55,6218.07,6126.08,297825932.0,csi1000,中证1000,5824.6265,5847.602000000001,6077.651833333333,5592.430416666667,5408.680900000001
2025-02-11,6209.52,6190.17,6220.96,6135.87,288271576.0,csi1000,中证1000,5853.7335,5848.346,6073.769333333333,5604.48675,5412.73215
2025-02-12,6172.39,6284.61,6284.92,6171.06,281342765.0,csi1000,中证1000,5883.361999999999,5853.8932,6068.862666666667,5617.36275,5417.461349999999
2025-02-13,6290.79,6212.5,6290.79,6202.59,312984935.0,csi1000,中证1000,5910.897999999999,5864.084400000001,6064.204833333333,5629.944,5422.0863
2025-02-14,6203.48,6248.83,6257.31,6182.26,298005849.0,csi1000,中证1000,5939.7005,5882.154,6060.4455,5643.06675,5427.997149999999
2025-02-17,6285.04,6281.57,6308.48,6231.87,323734337.0,csi1000,中证1000,5976.533,5908.408399999999,6060.601833333333,5656.266583333333,5432.9677
2025-02-18,6264.28,6142.14,6282.4,6112.59,300159330.0,csi1000,中证1000,6005.6665,5929.772800000001,6060.879000000001,5668.707083333334,5437.2447999999995
2025-02-19,6134.99,6288.53,6290.01,6133.94,272920114.0,csi1000,中证1000,6029.5405,5953.6323999999995,6066.1118333333325,5682.012749999999,5442.365499999999
2025-02-20,6289.13,6334.41,6349.47,6274.03,288110198.0,csi1000,中证1000,6057.4825,5980.537599999999,6069.514,5696.002416666667,5447.807150000001
2025-02-21,6347.67,6449.23,6456.92,6317.09,327263771.0,csi1000,中证1000,6089.8785,6011.5956,6072.821166666667,5710.882583333333,5453.96115
2025-02-24,6454.56,6464.02,6504.4,6411.77,318461161.0,csi1000,中证1000,6121.001,6048.3596,6076.1855000000005,5726.588583333333,5459.753200000001
2025-02-25,6369.28,6435.43,6503.01,6359.84,295366372.0,csi1000,中证1000,6148.8150000000005,6083.398,6082.9345,5742.3150000000005,5465.3604000000005
2025-02-26,6451.4,6524.41,6527.85,6423.6,303176413.0,csi1000,中证1000,6179.6345,6111.9324,6090.805833333333,5759.253083333333,5470.90275
2025-02-27,6526.81,6499.53,6550.1,6395.91,311964101.0,csi1000,中证1000,6211.824,6140.890800000001,6099.4385,5775.9546666666665,5475.67425
2025-02-28,6460.9,6270.42,6468.8,6252.01,295559675.0,csi1000,中证1000,6233.8935,6159.6552,6101.967833333333,5790.60075,5479.539199999999
2025-03-03,6291.05,6273.67,6382.05,6240.57,266945412.0,csi1000,中证1000,6250.670499999999,6176.939200000001,6105.094166666666,5805.717333333333,5482.873350000001
2025-03-04,6218.83,6357.63,6364.12,6217.81,229548486.0,csi1000,中证1000,6276.2485,6196.078400000001,6107.902499999999,5821.442999999999,5486.534799999999
2025-03-05,6365.43,6398.24,6401.83,6318.29,238961847.0,csi1000,中证1000,6302.0885,6215.687199999999,6109.312999999999,5836.907833333333,5490.8427
2025-03-06,6438.16,6534.97,6548.85,6435.54,300554770.0,csi1000,中证1000,6326.745499999999,6242.856400000001,6113.1745,5852.7882500000005,5495.3834
2025-03-07,6512.73,6507.76,6577.95,6465.26,308888807.0,csi1000,中证1000,6345.431,6270.0056,6118.221500000001,5869.248666666667,5500.05105
2025-03-10,6519.03,6520.97,6541.59,6466.9,256522113.0,csi1000,中证1000,6360.952,6293.319199999999,6122.144333333333,5885.48675,5505.0518999999995
2025-03-11,6438.24,6551.73,6551.73,6432.76,252455216.0,csi1000,中证1000,6379.030000000001,6321.5455999999995,6125.512833333332,5902.161416666667,5510.0521499999995
2025-03-12,6585.6,6566.97,6632.39,6564.72,281705576.0,csi1000,中证1000,6393.148,6348.966799999999,6129.907833333334,5918.663,5515.400850000001
2025-03-13,6558.42,6466.85,6570.89,6405.73,266825677.0,csi1000,中证1000,6405.865500000001,6365.9676,6131.655,5934.984833333334,5520.29035
2025-03-14,6463.92,6571.17,6575.82,6428.22,276329994.0,csi1000,中证1000,6421.9825,6383.4524,6133.718333333334,5952.4484999999995,5525.3300500000005
2025-03-17,6585.82,6589.57,6609.89,6557.63,252080841.0,csi1000,中证1000,6437.3825,6398.6132,6135.3753333333325,5969.9650833333335,5530.294
2025-03-18,6605.04,6611.93,6642.86,6581.96,234726563.0,csi1000,中证1000,6460.872,6415.4836,6139.657666666667,5987.681083333333,5535.669950000001
2025-03-19,6590.56,6564.68,6598.51,6536.72,219662999.0,csi1000,中证1000,6474.6795,6426.6864000000005,6144.443666666667,6005.14725,5540.79505
2025-03-20,6551.82,6535.06,6596.27,6528.86,231907477.0,csi1000,中证1000,6484.7119999999995,6439.5888,6150.962333333333,6022.829499999999,5546.40625
2025-03-21,6507.95,6405.61,6531.76,6389.62,256205335.0,csi1000,中证1000,6482.531,6445.86,6154.458,6039.550166666666,5551.68375
2025-03-24,6403.57,6360.34,6412.52,6244.87,257684583.0,csi1000,中证1000,6477.347,6449.0108,6157.0105,6055.200750000001,5556.46235
2025-03-25,6355.81,6310.76,6382.19,6289.12,231663781.0,csi1000,中证1000,6471.1135,6455.7555999999995,6157.660666666666,6070.595750000001,5561.276
2025-03-26,6297.33,6334.91,6371.1,6297.33,206679513.0,csi1000,中证1000,6461.6385,6457.6107999999995,6161.636166666666,6086.143916666667,5566.194299999999
2025-03-27,6315.1,6328.77,6394.21,6254.89,198894704.0,csi1000,中证1000,6453.1005,6457.385200000001,6164.376333333333,6100.1956666666665,5571.16665
2025-03-28,6326.81,6268.32,6356.8,6261.69,196553528.0,csi1000,中证1000,6452.9955,6450.1488,6167.270166666666,6113.3795,5575.732200000001
2025-03-31,6229.56,6226.65,6259.36,6143.65,207382027.0,csi1000,中证1000,6450.6445,6440.654,6168.3735,6124.6505,5580.44235
2025-04-01,6242.07,6259.48,6300.67,6240.2,182332217.0,csi1000,中证1000,6445.737,6433.616,6169.8386666666665,6134.009166666668,5585.1712
2025-04-02,6252.63,6277.25,6316.64,6251.85,159266425.0,csi1000,中证1000,6439.6875,6423.7296,6172.0273333333325,6138.746,5590.3369999999995
2025-04-03,6208.29,6203.26,6299.16,6168.54,183699630.0,csi1000,中证1000,6423.102000000001,6411.8788,6176.1196666666665,6138.756583333333,5595.69895
2025-04-07,5811.54,5496.44,5905.57,5437.45,277214829.0,csi1000,中证1000,6372.536,6380.919599999999,6171.108833333333,6136.832083333333,5597.413199999999
2025-04-08,5475.56,5530.02,5632.64,5426.03,309701516.0,csi1000,中证1000,6322.9884999999995,6351.1736,6169.522333333333,6135.794500000001,5599.0687
2025-04-09,5439.18,5652.33,5688.48,5224.97,305724039.0,csi1000,中证1000,6278.0185,6322.961599999999,6170.260666666666,6137.757583333334,5601.24805
2025-04-10,5766.51,5784.59,5883.46,5766.41,274161849.0,csi1000,中证1000,6238.8995,6298.415599999999,6171.803166666667,6139.1645,5604.269800000001
2025-04-11,5744.8,5862.19,5923.14,5743.08,222139162.0,csi1000,中证1000,6208.666499999999,6271.5044,6175.1433333333325,6142.122916666666,5607.6775
2025-04-14,5933.99,5938.53,5979.9,5914.25,216581141.0,csi1000,中证1000,6177.0345,6248.735199999999,6179.572499999999,6145.57525,5611.4503
2025-04-15,5938.57,5914.03,5949.86,5872.29,183047848.0,csi1000,中证1000,6143.257500000001,6224.457599999999,6185.724333333334,6148.978749999999,5614.8842
2025-04-16,5897.2,5835.35,5903.12,5758.67,190423901.0,csi1000,中证1000,6104.4285,6195.8024,6190.322333333333,6149.69475,5618.2609999999995
2025-04-17,5802.29,5839.56,5898.18,5801.12,173196708.0,csi1000,中证1000,6068.1725,6166.706,6190.7975,6149.519666666666,5622.178100000001
2025-04-18,5833.11,5831.69,5855.69,5793.79,164444603.0,csi1000,中证1000,6033.004,6141.299599999999,6191.732833333333,6149.0436666666665,5626.0599
2025-04-21,5826.62,5952.64,5952.72,5802.83,192711500.0,csi1000,中证1000,6010.3555,6116.558400000001,6194.255,6149.452499999999,5631.3842
2025-04-22,5947.15,5949.31,5974.32,5923.59,206457074.0,csi1000,中证1000,5989.803999999999,6090.948,6196.050666666666,6150.183166666667,5636.892699999999
2025-04-23,5971.47,5984.58,6013.28,5954.03,218196156.0,csi1000,中证1000,5973.495,6065.854,6197.807833333334,6150.263749999999,5641.8837
2025-04-24,5979.41,5920.48,5984.37,5897.65,199796564.0,csi1000,中证1000,5952.7735,6040.085999999999,6198.0154999999995,6148.917,5647.165649999999
2025-04-25,5927.32,5939.5,5982.71,5901.08,198087660.0,csi1000,中证1000,5933.31,6016.2636,6199.4115,6148.547500000001,5652.383199999999
2025-04-28,5933.42,5877.06,5939.96,5868.87,194950891.0,csi1000,中证1000,5913.747,5995.1216,6200.2119999999995,6147.36175,5657.06725
2025-04-29,5850.83,5903.38,5921.56,5836.03,186023394.0,csi1000,中证1000,5897.5835,5976.8432,6199.632833333333,6145.584416666667,5662.055899999999
2025-04-30,5907.19,5950.12,5972.66,5907.19,195458998.0,csi1000,中证1000,5882.1155,5962.4176,6201.366999999999,6145.750166666667,5667.47085
2025-05-06,5993.33,6102.92,6102.92,5993.33,220209623.0,csi1000,中证1000,5873.398999999999,5953.138000000001,6205.058333333333,6146.165250000001,5674.1761
2025-05-07,6171.61,6111.49,6195.14,6063.64,233922951.0,csi1000,中证1000,5868.8105,5944.446800000001,6206.219333333333,6144.873166666667,5680.6795999999995
2025-05-08,6093.56,6158.08,6167.15,6087.37,203915826.0,csi1000,中证1000,5901.8925,5940.0372,6206.619833333332,6143.74725,5688.0002
2025-05-09,6153.53,6082.08,6153.53,6054.93,189221287.0,csi1000,中证1000,5929.495499999999,5934.254400000001,6204.478666666666,6141.06525,5694.4253
2025-05-12,6122.67,6167.46,6167.46,6110.02,196847210.0,csi1000,中证1000,5955.252,5930.5736,6204.100166666667,6138.93475,5701.3742
2025-05-13,6219.45,6151.01,6220.44,6141.68,203274217.0,csi1000,中证1000,5973.572999999999,5925.524,6201.873500000001,6135.368083333334,5707.6613
2025-05-14,6144.25,6160.37,6199.3,6111.11,211559083.0,csi1000,中证1000,5988.482000000001,5923.8084,6201.004666666667,6132.60475,5714.073049999999
2025-05-15,6146.0,6057.04,6146.0,6055.84,190523814.0,csi1000,中证1000,5994.4075,5946.232400000001,6197.808166666667,6129.126833333333,5720.22025
2025-05-16,6042.22,6068.12,6098.88,6042.22,176394759.0,csi1000,中证1000,6002.111999999999,5967.7564,6194.250666666666,6127.4262499999995,5726.377250000001
2025-05-19,6073.2,6095.34,6100.8,6009.95,184712990.0,csi1000,中证1000,6015.111500000001,5985.4768,6193.470666666666,6127.1748333333335,5732.875849999999
2025-05-20,6097.36,6146.02,6154.95,6078.22,192957294.0,csi1000,中证1000,6030.4345,5999.934,6191.095499999999,6128.603666666667,5739.5438
2025-05-21,6137.1,6132.18,6141.73,6109.92,196550842.0,csi1000,中证1000,6045.459000000001,6010.733600000001,6187.725,6128.6195,5746.0976
2025-05-22,6113.21,6066.1,6146.2,6062.59,186395737.0,csi1000,中证1000,6051.132,6015.8364,6181.3395,6127.080333333333,5752.29375
2025-05-23,6060.52,5989.68,6099.23,5989.68,184923774.0,csi1000,中证1000,6053.150500000001,6018.862400000001,6173.433833333333,6124.809666666667,5758.7674
2025-05-26,5991.86,6028.79,6038.81,5981.84,155988794.0,csi1000,中证1000,6055.361,6026.6,6166.656499999999,6124.795500000001,5765.7563
2025-05-27,6019.54,6008.46,6023.14,5971.35,157945758.0,csi1000,中证1000,6059.76,6033.356000000001,6158.057333333333,6124.431583333334,5772.6357499999995
2025-05-28,6006.89,5984.46,6023.82,5972.18,159105494.0,csi1000,中证1000,6062.008,6039.4668,6149.472833333333,6124.455666666666,5779.04765
2025-05-29,5980.86,6089.58,6091.96,5980.86,189376466.0,csi1000,中证1000,6072.634,6044.944399999999,6146.458833333333,6124.213333333334,5786.0673
2025-05-30,6075.45,6026.56,6075.45,6016.89,186918671.0,csi1000,中证1000,6078.793000000001,6048.0344,6142.3403333333345,6123.71725,5792.68765
2025-06-03,6009.18,6070.04,6086.62,6008.54,191764672.0,csi1000,中证1000,6084.789,6051.4528,6137.547166666667,6122.724833333333,5798.59245
2025-06-04,6067.83,6123.17,6124.7,6067.83,186955850.0,csi1000,中证1000,6085.8015,6059.5604,6132.962666666667,6121.137833333332,5804.816849999999
2025-06-05,6125.89,6167.01,6174.85,6101.85,206077919.0,csi1000,中证1000,6088.5775,6068.6608,6126.83,6120.00225,5811.60245
2025-06-06,6164.41,6152.84,6169.57,6137.57,178339582.0,csi1000,中证1000,6088.315500000001,6079.691999999999,6120.914666666667,6119.568083333334,5818.97275
2025-06-09,6161.14,6218.96,6226.38,6158.9,193283632.0,csi1000,中证1000,6095.1595,6092.3152,6115.881166666667,6119.01275,5826.317800000001
2025-06-10,6220.04,6161.69,6220.04,6098.09,220060485.0,csi1000,中证1000,6094.871,6100.778,6109.3805,6117.446666666667,5833.409199999999
2025-06-11,6162.16,6186.51,6221.2,6162.16,197643580.0,csi1000,中证1000,6096.646,6104.1215999999995,6103.0395,6116.473666666667,5840.644299999999
2025-06-12,6171.56,6192.22,6202.73,6151.04,197018749.0,csi1000,中证1000,6098.2384999999995,6107.350799999999,6098.462333333333,6115.058666666667,5848.091649999999
2025-06-13,6174.43,6106.01,6183.71,6088.57,236889547.0,csi1000,中证1000,6100.687,6105.268,6090.709666666666,6112.214000000001,5855.2512
2025-06-16,6089.96,6147.46,6151.51,6089.96,197310933.0,csi1000,中证1000,6104.654,6107.883199999999,6083.341166666667,6109.35825,5862.50055
2025-06-17,6153.15,6141.47,6171.17,6120.57,208427280.0,csi1000,中证1000,6106.960499999999,6106.8436,6075.500166666666,6107.578916666666,5869.961499999999
2025-06-18,6126.18,6135.39,6143.21,6086.69,204105755.0,csi1000,中证1000,6106.429,6106.2188,6068.345333333333,6106.394499999999,5877.1792000000005
2025-06-19,6127.94,6048.22,6146.64,6028.72,212217336.0,csi1000,中证1000,6102.231,6101.732800000001,6060.231333333333,6105.596833333333,5884.1420499999995
2025-06-20,6039.99,5999.59,6061.84,5997.59,180857342.0,csi1000,中证1000,6098.905500000001,6099.4348,6053.464333333333,6103.961166666667,5890.8219500000005
2025-06-23,5966.5,6078.22,6083.53,5965.66,193558490.0,csi1000,中证1000,6103.3324999999995,6099.8388,6048.762333333333,6102.886416666666,5898.3165500000005
2025-06-24,6082.74,6194.67,6194.67,6082.74,233453403.0,csi1000,中证1000,6111.6265,6103.812,6046.8275,6102.244083333333,5906.5486
2025-06-25,6196.15,6276.16,6282.11,6194.15,247556325.0,csi1000,中证1000,6125.0115,6109.0176,6045.848333333332,6103.742249999999,5915.470199999999
2025-06-26,6272.44,6247.79,6310.54,6244.78,254246495.0,csi1000,中证1000,6138.178000000001,6113.642000000001,6044.498666666667,6104.4375,5924.2324499999995
2025-06-27,6265.92,6276.94,6319.16,6257.59,248563352.0,csi1000,中证1000,6147.546,6122.0756,6044.642333333334,6105.95625,5933.0527
2025-06-30,6297.08,6356.18,6358.03,6292.51,237322973.0,csi1000,中证1000,6164.027,6136.735599999999,6046.801166666667,6107.587333333333,5942.5352
2025-07-01,6358.06,6373.77,6373.77,6308.06,243537330.0,csi1000,中证1000,6179.2135,6150.534800000001,6048.706000000001,6109.272333333333,5952.0513
2025-07-02,6358.87,6309.48,6358.87,6285.0,238580903.0,csi1000,中证1000,6188.529,6162.575599999999,6049.243166666667,6110.63525,5960.8864
2025-07-03,6306.75,6342.64,6349.14,6295.23,213980765.0,csi1000,中证1000,6197.3105000000005,6176.9028,6051.566166666667,6113.8429166666665,5969.4529999999995
2025-07-04,6338.56,6312.2,6375.07,6292.14,238133210.0,csi1000,中证1000,6205.278499999999,6185.8076,6065.162166666666,6118.1355,5978.351449999999
2025-07-07,6305.04,6327.14,6333.51,6303.86,210477361.0,csi1000,中证1000,6210.6875,6197.830800000001,6078.447499999999,6123.984916666667,5987.12515
2025-07-08,6321.55,6407.7,6408.11,6318.52,235125583.0,csi1000,中证1000,6222.988,6211.3372,6091.037,6130.648833333334,5996.409799999999
2025-07-09,6412.14,6390.47,6431.09,6375.08,236175589.0,csi1000,中证1000,6233.186,6222.029199999999,6101.134999999999,6136.469083333333,6005.42825
2025-07-10,6385.21,6406.57,6427.74,6367.66,240183380.0,csi1000,中证1000,6243.9035,6231.6116,6110.208,6142.675666666666,6014.9199499999995
2025-07-11,6411.31,6461.1,6487.44,6388.4,282561283.0,csi1000,中证1000,6261.658,6243.942000000001,6118.9175,6149.245,6024.8478000000005
2025-07-14,6465.51,6462.31,6474.93,6443.56,242057801.0,csi1000,中证1000,6277.400500000001,6253.6759999999995,6128.0555,6156.889916666667,6034.72145
2025-07-15,6452.0,6442.83,6472.53,6381.56,269869411.0,csi1000,中证1000,6292.468500000001,6264.921599999999,6138.180166666668,6164.25125,6044.505550000001
2025-07-16,6440.52,6462.06,6487.83,6433.51,220230024.0,csi1000,中证1000,6308.802000000001,6275.943600000001,6148.555166666668,6169.676333333334,6054.4721500000005
2025-07-17,6458.41,6535.67,6535.67,6451.15,227831646.0,csi1000,中证1000,6333.1745,6289.6816,6160.288166666667,6176.0105,6065.08455
2025-07-18,6546.36,6552.07,6563.82,6521.5,234461713.0,csi1000,中证1000,6360.7985,6307.524,6170.278666666667,6182.266833333333,6075.84925
2025-07-21,6557.25,6612.26,6614.61,6555.04,276591552.0,csi1000,中证1000,6387.5005,6326.116000000001,6181.327833333334,6188.68925,6086.4992
2025-07-22,6607.83,6637.1,6642.24,6597.05,301659994.0,csi1000,中证1000,6409.622,6345.9412,6192.203166666667,6195.0055,6097.367899999999
2025-07-23,6634.12,6607.22,6667.86,6594.48,294109275.0,csi1000,中证1000,6426.175,6364.814399999999,6203.648833333334,6200.832166666666,6108.058349999999
2025-07-24,6602.17,6701.12,6701.12,6602.17,285418219.0,csi1000,中证1000,6448.8415,6390.9304,6216.342500000001,6207.8769999999995,6118.3511499999995
2025-07-25,6708.08,6706.61,6716.7,6674.54,264004798.0,csi1000,中证1000,6470.325,6419.2112,6230.168333333334,6215.190166666666,6128.4529
2025-07-28,6713.82,6729.98,6736.08,6679.21,252742904.0,csi1000,中证1000,6489.015,6445.2816,6243.945000000001,6221.788916666666,6137.732150000001
2025-07-29,6724.32,6773.88,6773.88,6684.16,259261236.0,csi1000,中证1000,6509.0205000000005,6468.45,6257.674333333333,6229.520666666666,6145.919349999999
2025-07-30,6758.33,6718.48,6770.88,6662.91,268179559.0,csi1000,中证1000,6529.4705,6486.1428000000005,6267.933666666666,6236.496,6150.9676
2025-07-31,6701.16,6661.19,6750.08,6639.12,270138677.0,csi1000,中证1000,6545.398,6502.6788,6277.095333333333,6241.657333333334,6153.2636
2025-08-01,6665.64,6670.47,6702.68,6625.93,232484670.0,csi1000,中证1000,6563.311500000001,6518.42,6285.635166666668,6246.1275,6157.97905
2025-08-04,6637.84,6739.69,6739.73,6631.12,213491525.0,csi1000,中证1000,6583.939,6533.7604,6296.595333333334,6250.537,6163.40485
2025-08-05,6753.53,6787.48,6787.48,6744.07,223724677.0,csi1000,中证1000,6602.928,6550.308799999999,6306.929,6255.514583333334,6170.258449999999
2025-08-06,6784.17,6861.31,6865.02,6774.03,258133888.0,csi1000,中证1000,6626.469999999999,6572.3820000000005,6318.767333333333,6260.3204166666665,6176.4862
2025-08-07,6864.45,6862.15,6876.5,6813.77,261389600.0,csi1000,中证1000,6649.249000000001,6593.1624,6330.4636666666665,6265.734166666666,6183.26105
2025-08-08,6844.44,6838.13,6865.84,6816.09,251465671.0,csi1000,中证1000,6668.100499999999,6614.199600000001,6343.481833333334,6270.645,6189.83045
2025-08-11,6850.57,6943.94,6957.4,6850.57,260970241.0,csi1000,中证1000,6692.181999999999,6638.8715999999995,6358.078833333334,6276.16475,6197.022100000001
2025-08-12,6943.67,6963.61,6963.8,6894.85,260489869.0,csi1000,中证1000,6718.221,6661.108,6372.55,6283.010333333334,6203.092999999999
2025-08-13,6966.27,7064.33,7070.5,6966.27,294653874.0,csi1000,中证1000,6748.3345,6688.0624,6387.855166666667,6289.475333333334,6209.111800000001
2025-08-14,7072.9,6976.49,7077.81,6957.4,317272936.0,csi1000,中证1000,6770.3755,6710.859200000001,6401.927,6294.826,6214.550200000001
2025-08-15,6956.51,7117.5,7117.51,6956.51,304005226.0,csi1000,中证1000,6798.647,6737.1152,6419.450333333333,6300.394916666667,6220.6197999999995
2025-08-18,7158.53,7237.6,7267.98,7143.07,379831263.0,csi1000,中证1000,6829.914,6768.126800000001,6440.249,6306.841416666666,6227.499650000001
2025-08-19,7231.93,7242.85,7289.03,7193.59,340879045.0,csi1000,中证1000,6860.2015,6800.1276,6460.483333333334,6313.569916666666,6233.839349999999
2025-08-20,7212.97,7305.46,7305.46,7166.99,324751503.0,csi1000,中证1000,6895.113500000001,6833.8636,6482.1,6320.078666666667,6239.9562
2025-08-21,7318.76,7253.34,7343.17,7215.34,326822891.0,csi1000,中证1000,6922.724500000001,6862.5704000000005,6503.2480000000005,6326.360416666666,6246.3037
2025-08-22,7250.19,7362.94,7362.94,7250.19,326807492.0,csi1000,中证1000,6955.541,6895.0052000000005,6524.470666666667,6335.46475,6253.021649999999
2025-08-25,7418.35,7477.73,7504.01,7405.94,408457655.0,csi1000,中证1000,6992.9285,6929.623999999999,6548.656833333333,6345.498583333334,6259.826999999999
2025-08-26,7457.77,7476.47,7526.17,7435.3,363684661.0,csi1000,中证1000,7028.058,6963.1988,6572.097333333333,6354.82225,6267.5581999999995
2025-08-27,7488.93,7336.5,7565.35,7336.5,416759265.0,csi1000,中证1000,7058.959,6992.37,6592.3195,6362.641083333333,6273.975149999999
2025-08-28,7331.19,7447.11,7447.11,7216.77,381466435.0,csi1000,中证1000,7098.255,7022.209600000001,6613.654500000001,6370.242249999999,6279.878000000001
2025-08-29,7449.86,7438.68,7477.2,7380.83,327640881.0,csi1000,中证1000,7136.6655,7051.4924,6635.085166666667,6377.999916666667,6285.605449999999
2025-09-01,7475.0,7501.15,7502.59,7424.34,324220712.0,csi1000,中证1000,7174.7384999999995,7082.339199999999,6656.455,6386.168083333334,6291.091600000001
2025-09-02,7498.44,7313.88,7499.6,7258.59,350435853.0,csi1000,中证1000,7201.058500000001,7103.939200000001,6675.658166666666,6392.519333333334,6295.545399999999
2025-09-03,7336.39,7206.88,7361.03,7182.29,290288568.0,csi1000,中证1000,7218.337000000001,7123.4752,6692.664333333333,6397.8519166666665,6298.684750000001
2025-09-04,7214.72,7041.15,7255.0,6939.66,297622754.0,csi1000,中证1000,7227.286999999999,7138.6736,6706.813166666668,6402.637749999999,6301.430649999999
2025-09-05,7046.96,7245.67,7248.58,7017.95,282765931.0,csi1000,中证1000,7247.664,7161.6816,6725.8075,6408.258583333333,6305.28705
2025-09-08,7257.33,7311.03,7321.16,7220.59,307813289.0,csi1000,中证1000,7266.0185,7184.5352,6745.200333333333,6414.27075,6310.48125
2025-09-09,7287.4,7226.03,7315.97,7198.32,282443061.0,csi1000,中证1000,7279.1395,7202.077200000001,6763.276333333333,6419.38825,6315.9838500000005
2025-09-10,7214.23,7230.17,7296.0,7179.76,252674158.0,csi1000,中证1000,7287.431500000001,7216.8315999999995,6781.522666666667,6424.933999999999,6322.2618999999995
2025-09-11,7215.93,7399.89,7399.89,7161.28,293975142.0,csi1000,中证1000,7308.6015,7238.3412,6804.050499999999,6432.140916666667,6328.60995
2025-09-12,7402.42,7422.88,7472.87,7387.59,315838793.0,csi1000,中证1000,7323.870499999999,7261.7312,6827.772,6440.618166666667,6334.47035
2025-09-15,7445.5,7415.57,7454.3,7404.5,301307761.0,csi1000,中证1000,7332.769,7280.5964,6850.061166666666,6449.411749999999,6340.2374
2025-09-16,7426.41,7483.63,7487.07,7364.73,309010590.0,csi1000,中证1000,7344.808,7301.397199999999,6871.543833333333,6459.185666666666,6347.503100000001
2025-09-17,7478.41,7554.81,7564.82,7461.41,301706485.0,csi1000,中证1000,7357.275500000001,7321.0164,6892.854666666667,6469.351500000001,6355.016499999999
2025-09-18,7552.23,7476.4,7665.97,7393.18,398600102.0,csi1000,中证1000,7368.428499999999,7341.0127999999995,6913.3315,6478.915083333334,6362.490650000001
2025-09-19,7473.02,7438.19,7520.92,7405.29,295895870.0,csi1000,中证1000,7372.190999999999,7353.840399999999,6932.685666666667,6488.664,6369.088299999999
2025-09-22,7457.89,7489.48,7489.48,7418.46,270362602.0,csi1000,中证1000,7372.7785,7363.915599999999,6951.574,6499.187583333333,6376.1052500000005
2025-09-23,7500.62,7408.07,7504.23,7261.67,313260280.0,csi1000,中证1000,7369.3585,7370.5244,6968.812333333333,6508.759166666667,6382.19995
2025-09-24,7375.91,7534.22,7534.22,7342.47,278912761.0,csi1000,中证1000,7379.244500000001,7379.6748,6989.224666666666,6519.233916666666,6388.303000000001
2025-09-25,7521.32,7506.51,7563.08,7487.12,264403712.0,csi1000,中证1000,7382.214499999999,7389.801599999999,7008.6224999999995,6530.094333333333,6394.31915
2025-09-26,7476.94,7397.59,7516.11,7396.58,258750259.0,csi1000,中证1000,7380.159999999999,7391.1876,7026.712333333334,6545.93725,6400.282400000001
2025-09-29,7415.13,7497.83,7517.12,7376.91,258680184.0,csi1000,中证1000,7379.994000000001,7391.9916,7046.2238333333335,6562.335666666667,6406.34355
2025-09-30,7525.62,7574.96,7592.91,7524.92,255173785.0,csi1000,中证1000,7393.048,7395.9312,7065.678166666667,6578.357583333333,6412.470249999999
2025-10-09,7623.3,7648.05,7671.17,7590.47,303491380.0,csi1000,中证1000,7415.1065,7408.3932,7086.637833333332,6593.886416666666,6419.19415
2025-10-10,7608.29,7533.82,7621.98,7513.17,290429922.0,csi1000,中证1000,7439.74,7411.861599999999,7105.425333333334,6607.816666666667,6425.053150000001
2025-10-13,7250.58,7519.76,7535.21,7250.58,288400411.0,csi1000,中证1000,7453.4445000000005,7415.1048,7123.069666666666,6620.993583333333,6430.4151
2025-10-14,7580.39,7373.15,7611.83,7342.6,304412013.0,csi1000,中证1000,7456.550499999999,7409.9848,7138.2503333333325,6633.152916666668,6434.8301
2025-10-15,7384.01,7483.45,7484.05,7315.48,244853965.0,csi1000,中证1000,7469.4214999999995,7416.7676,7155.593999999999,6646.887083333333,6440.4724
2025-10-16,7460.76,7401.84,7472.75,7378.3,234643070.0,csi1000,中证1000,7478.005,7424.566,7171.257,6659.906083333333,6446.094
2025-10-17,7395.87,7185.48,7426.21,7176.96,254327325.0,csi1000,中证1000,7467.2845,7430.3392,7182.087166666666,6671.187666666666,6451.301699999999
2025-10-20,7259.49,7239.18,7301.99,7196.28,218579676.0,csi1000,中证1000,7458.099500000001,7430.0796,7193.539,6681.908833333334,6456.518249999999
2025-10-21,7257.11,7344.05,7350.92,7236.63,237250165.0,csi1000,中证1000,7454.5235,7431.4003999999995,7205.735499999999,6693.531666666667,6462.20255
2025-10-22,7304.96,7312.21,7349.8,7278.71,227324503.0,csi1000,中证1000,7445.952499999999,7434.8476,7216.9873333333335,6704.59525,6467.40485
2025-10-23,7292.39,7308.1,7319.55,7192.42,231568976.0,csi1000,中证1000,7433.617,7437.9648,7228.6686666666665,6716.15875,6473.463449999999
2025-10-24,7340.67,7419.24,7419.41,7340.67,245559953.0,csi1000,中证1000,7430.759000000001,7438.7388,7240.637333333333,6728.489916666666,6479.73785
2025-10-27,7483.3,7495.38,7511.41,7430.62,265344749.0,csi1000,中证1000,7433.6185,7441.6388,7253.7835000000005,6741.975916666666,6486.7413
2025-10-28,7462.91,7479.22,7534.05,7443.7,251804249.0,csi1000,中证1000,7433.1055,7444.1848,7266.270833333333,6755.107916666666,6493.33515
2025-10-29,7481.24,7569.12,7569.12,7469.07,265846129.0,csi1000,中证1000,7441.158,7447.6044,7279.524833333333,6768.599583333333,6500.3229
2025-10-30,7560.6,7485.08,7569.16,7476.7,297385269.0,csi1000,中证1000,7438.700999999999,7444.8152,7292.3015000000005,6780.117583333334,6507.01865
2025-10-31,7480.66,7506.67,7583.03,7480.66,299745206.0,csi1000,中证1000,7438.709000000001,7446.026000000001,7306.392833333333,6791.744083333333,6514.7634
2025-11-03,7507.37,7538.12,7539.33,7417.27,278241705.0,csi1000,中证1000,7445.735500000001,7450.0232000000005,7320.853666666666,6803.244416666666,6523.46855
2025-11-04,7523.64,7435.73,7523.64,7387.38,251677413.0,csi1000,中证1000,7442.630499999999,7447.873199999999,7332.454333333333,6814.524833333334,6532.52115
2025-11-05,7332.1,7464.86,7490.9,7332.1,258548178.0,csi1000,中证1000,7437.1255,7450.1448,7343.744000000001,6825.3365,6541.805299999999
2025-11-06,7482.91,7551.83,7551.83,7466.75,263612959.0,csi1000,中证1000,7432.314499999999,7450.8492,7355.252666666666,6837.009999999999,6551.10425
2025-11-07,7519.75,7541.88,7581.56,7492.93,267888664.0,csi1000,中证1000,7432.717500000001,7452.264,7366.581499999999,6848.522583333333,6560.50475
2025-11-10,7568.75,7563.25,7592.76,7515.68,274361317.0,csi1000,中证1000,7434.892,7458.890399999999,7378.666833333333,6861.074333333334,6569.9571
2025-11-11,7579.91,7540.79,7598.99,7530.14,265250731.0,csi1000,中证1000,7443.274,7460.6088,7388.614333333333,6873.346583333334,6579.93645
2025-11-12,7520.18,7486.38,7537.76,7421.46,266963363.0,csi1000,中证1000,7443.4205,7457.065600000001,7397.327166666667,6884.938583333334,6589.571
2025-11-13,7483.66,7590.58,7604.89,7475.51,275636073.0,csi1000,中证1000,7452.8575,7454.766799999999,7406.097999999999,6896.976583333333,6598.46865
2025-11-14,7527.83,7502.76,7591.32,7502.76,271972783.0,csi1000,中证1000,7468.7215,7453.5244,7414.869166666666,6908.3980833333335,6607.1046
2025-11-17,7514.84,7523.08,7544.72,7487.81,261156118.0,csi1000,中证1000,7482.916499999999,7453.6572,7421.628833333333,6920.539583333333,6615.713449999999
2025-11-18,7508.53,7448.1,7521.66,7412.28,277480409.0,csi1000,中证1000,7488.119000000001,7456.6552,7425.137166666666,6932.693083333334,6623.7461
2025-11-19,7438.14,7387.21,7471.73,7348.04,238393820.0,csi1000,中证1000,7491.869000000001,7452.8056,7427.543166666667,6944.01325,6631.2864
2025-11-20,7429.7,7340.41,7439.04,7332.32,227536090.0,csi1000,中证1000,7493.4845000000005,7450.3484,7428.125666666666,6955.112833333334,6638.44835
2025-11-21,7235.33,7067.7,7274.33,7067.7,284800690.0,csi1000,中证1000,7475.907499999999,7445.6372,7425.031666666666,6964.139833333334,6644.50815
2025-11-24,7105.64,7156.41,7190.72,7064.6,240655062.0,csi1000,中证1000,7458.959000000001,7442.3264,7421.5895,6973.030083333333,6651.14505
2025-11-25,7195.1,7249.95,7311.73,7194.77,245429429.0,csi1000,中证1000,7447.4955,7438.5624,7417.793166666666,6983.225,6657.7041500000005
2025-11-26,7236.66,7248.45,7307.2,7225.09,231776824.0,csi1000,中证1000,7431.4619999999995,7436.012,7413.992833333334,6993.045083333333,6664.71605
2025-11-27,7243.71,7257.45,7330.6,7243.71,211277412.0,csi1000,中证1000,7420.080499999999,7433.986000000001,7412.675333333334,7002.497416666667,6671.5961
2025-11-28,7257.17,7334.21,7334.21,7239.85,200680508.0,csi1000,中证1000,7411.4574999999995,7430.5848,7410.7936666666665,7012.2240833333335,6678.058000000001
2025-12-01,7356.51,7386.68,7388.62,7342.6,234411583.0,csi1000,中证1000,7403.885499999999,7426.2368,7409.927,7022.506083333333,6684.32115
2025-12-02,7364.2,7313.18,7364.2,7299.27,200512477.0,csi1000,中证1000,7397.758,7419.5952,7406.7941666666675,7031.624583333333,6689.8342999999995
2025-12-03,7312.67,7248.27,7324.21,7220.98,214633400.0,csi1000,中证1000,7386.9285,7406.7612,7405.7006666666675,7040.679416666667,6695.1248
2025-12-04,7246.86,7248.66,7269.9,7185.91,194839254.0,csi1000,中证1000,7371.7699999999995,7397.304400000001,7406.397,7049.5306666666675,6699.94505
2025-12-05,7244.28,7342.49,7347.0,7194.66,215727663.0,csi1000,中证1000,7361.8005,7390.7372,7411.419333333333,7059.11625,6705.595
2025-12-08,7359.49,7423.05,7446.19,7359.49,240918995.0,csi1000,中证1000,7354.7905,7386.134399999999,7414.375666666666,7070.091583333333,6711.4661
2025-12-09,7400.93,7380.58,7439.55,7370.3,228491428.0,csi1000,中证1000,7346.780000000001,7383.928400000001,7415.534833333333,7080.367583333334,6716.96115
2025-12-10,7367.49,7408.24,7421.42,7332.05,215611134.0,csi1000,中证1000,7342.873,7381.6636,7418.571666666667,7090.924,6723.29165
2025-12-11,7421.79,7312.0,7425.44,7312.0,234020873.0,csi1000,中证1000,7328.944,7372.0704000000005,7419.9355000000005,7100.729083333334,6728.409000000001
2025-12-12,7312.87,7370.94,7384.85,7284.56,243525183.0,csi1000,中证1000,7322.353,7365.232800000001,7419.4529999999995,7111.75175,6733.591649999999
2025-12-15,7324.48,7309.08,7375.61,7305.83,220957697.0,csi1000,中证1000,7311.653,7355.066,7417.556333333333,7122.664166666667,6737.890899999999
2025-12-16,7302.16,7181.62,7302.16,7143.61,230526007.0,csi1000,中证1000,7298.329,7340.6992,7413.657166666667,7131.859166666666,6741.478899999999
2025-12-17,7178.31,7288.74,7303.38,7149.02,220498775.0,csi1000,中证1000,7293.405500000001,7332.7936,7410.409,7140.976416666667,6745.745449999999
2025-12-18,7244.64,7272.4,7336.73,7241.86,200044662.0,csi1000,中证1000,7290.005,7320.0664,7405.702166666667,7149.278416666667,6749.4854000000005
2025-12-19,7295.67,7329.81,7357.04,7279.99,219205547.0,csi1000,中证1000,7303.1105,7313.1484,7403.259,7158.295249999999,6753.6368
2025-12-22,7363.06,7408.35,7433.43,7363.06,221601886.0,csi1000,中证1000,7315.7074999999995,7308.559200000001,7402.761666666666,7167.723666666668,6759.3264500000005
2025-12-23,7410.22,7392.42,7441.41,7363.93,224288566.0,csi1000,中证1000,7322.831,7306.331999999999,7401.144,7176.3589999999995,6764.9202000000005
2025-12-24,7391.56,7506.38,7513.25,7386.49,217961455.0,csi1000,中证1000,7335.727499999999,7311.0988,7402.782499999999,7185.797416666666,6770.66395
2025-12-25,7507.3,7579.38,7591.78,7502.15,228744917.0,csi1000,中证1000,7351.8240000000005,7320.6576000000005,7403.535166666667,7196.379916666667,6776.5696499999995
2025-12-26,7575.93,7605.53,7644.84,7550.01,266261611.0,csi1000,中证1000,7365.389999999999,7342.1708,7405.1855000000005,7206.9039999999995,6781.92245
2025-12-29,7606.44,7594.16,7637.91,7574.77,264064796.0,csi1000,中证1000,7375.764,7359.680799999999,7408.461666666666,7217.587,6787.354450000001
2025-12-30,7556.54,7597.3,7636.15,7552.4,263331874.0,csi1000,中证1000,7389.969999999999,7373.574799999999,7410.119500000001,7228.171666666666,6792.736100000001
2025-12-31,7606.65,7595.28,7619.22,7560.72,244549231.0,csi1000,中证1000,7407.320499999999,7387.448,7410.458166666666,7238.068166666667,6797.95385
2026-01-05,7639.54,7753.88,7753.96,7623.75,305374726.0,csi1000,中证1000,7432.5815,7407.305199999999,7412.222,7249.429916666666,6803.8884
2026-01-06,7756.16,7864.9,7864.9,7755.07,331162034.0,csi1000,中证1000,7458.701999999999,7428.5328,7417.740000000001,7261.582666666667,6810.87865
2026-01-07,7881.84,7906.42,7939.75,7864.14,318734367.0,csi1000,中证1000,7482.8705,7449.3224,7424.184333333334,7273.6269999999995,6817.5549
2026-01-08,7886.81,7971.59,7993.63,7886.63,325563908.0,csi1000,中证1000,7512.420999999999,7475.6588,7434.158333333334,7286.204333333333,6824.465
2026-01-09,7969.19,8129.18,8131.49,7969.19,381043869.0,csi1000,中证1000,7548.467999999999,7510.8952,7444.920500000001,7300.25725,6832.05125
2026-01-12,8196.08,8357.01,8371.75,8171.11,447228954.0,csi1000,中证1000,7600.7185,7555.229199999999,7460.839999999999,7316.0485,6841.012899999999
2026-01-13,8381.04,8203.13,8381.04,8177.63,454444503.0,csi1000,中证1000,7642.3279999999995,7589.6548,7477.800833333333,7329.944,6849.353249999999
2026-01-14,8204.28,8257.17,8415.1,8154.24,489798359.0,csi1000,中证1000,7689.7325,7623.0196000000005,7494.767333333334,7344.153166666667,6858.6110499999995
2026-01-15,8197.06,8240.78,8267.81,8151.11,353357708.0,csi1000,中证1000,7742.6905,7657.4276,7509.712833333334,7357.724166666666,6868.01325
2026-01-16,8276.61,8232.73,8304.4,8180.12,352539405.0,csi1000,中证1000,7789.889999999999,7690.4072,7525.054833333333,7371.021083333334,6877.6231
2026-01-19,8204.63,8265.65,8298.48,8187.94,326691149.0,csi1000,中证1000,7839.5525,7728.553199999999,7541.013999999999,7384.841333333333,6887.276800000001
2026-01-20,8271.78,8182.75,8300.05,8104.92,336689134.0,csi1000,中证1000,7882.1995,7761.025599999999,7553.739166666666,7397.18825,6896.546700000001
2026-01-21,8138.68,8247.68,8289.13,8136.92,325676368.0,csi1000,中证1000,7924.166,7798.569600000001,7566.277499999999,7410.0305,6906.443499999999
2026-01-22,8272.47,8309.35,8314.22,8252.74,328563281.0,csi1000,中证1000,7970.0125,7843.678799999999,7580.113,7423.191916666667,6916.857000000001
2026-01-23,8331.77,8470.74,8478.56,8323.35,393043020.0,csi1000,中证1000,8018.230500000001,7890.9588,7595.14,7437.332416666667,6927.913300000001
2026-01-26,8513.22,8365.43,8530.42,8302.1,403428375.0,csi1000,中证1000,8057.533,7934.68,7609.8125,7451.057,6938.354200000001
2026-01-27,8325.43,8382.15,8406.1,8186.24,365657328.0,csi1000,中证1000,8096.364,7976.7735999999995,7624.403833333333,7465.3983333333335,6949.2486499999995
2026-01-28,8392.75,8399.79,8432.62,8334.68,349658293.0,csi1000,中证1000,8136.6455000000005,8016.4312,7638.765,7479.809333333334,6963.7654
2026-01-29,8380.61,8332.21,8463.12,8308.82,401987982.0,csi1000,中证1000,8173.3910000000005,8054.022799999999,7653.706333333333,7493.080333333333,6977.77635
2026-01-30,8255.33,8254.86,8313.23,8083.97,364916451.0,csi1000,中证1000,8206.37,8083.962,7666.8730000000005,7505.3085,6990.789000000001
2026-02-02,8166.74,7975.43,8221.58,7974.6,308321467.0,csi1000,中证1000,8217.4475,8099.804,7673.933000000001,7514.592833333333,7001.7432
2026-02-03,8058.76,8209.1,8210.05,8023.24,299218458.0,csi1000,中证1000,8234.657500000001,8123.946800000001,7685.053333333333,7525.817416666667,7013.47775
2026-02-04,8184.2,8207.12,8216.2,8101.2,316461150.0,csi1000,中证1000,8249.692500000001,8148.465200000001,7695.7845,7537.225666666667,7024.820699999999
2026-02-05,8121.51,8068.08,8154.56,8027.62,275816823.0,csi1000,中证1000,8254.517,8167.2964,7704.572666666666,7546.5935,7035.59095
2026-02-06,7980.47,8051.57,8152.32,7950.01,281083563.0,csi1000,中证1000,8250.6365,8185.547999999999,7713.992499999999,7555.659833333333,7046.672050000001
2026-02-09,8177.29,8233.78,8235.15,8149.65,282848169.0,csi1000,中证1000,8244.475,8204.744,7724.7125,7565.40525,7058.64315
2026-02-10,8246.22,8250.3,8274.14,8199.51,291916250.0,csi1000,中证1000,8246.833499999999,8220.16,7737.1715,7576.020333333334,7070.7362
2026-02-11,8239.17,8239.51,8304.13,8236.96,273234312.0,csi1000,中证1000,8245.9505,8233.4836,7749.111999999999,7585.370416666668,7082.170549999999
2026-02-12,8252.19,8314.83,8337.37,8227.6,277596736.0,csi1000,中证1000,8249.653,8247.2132,7763.5575,7594.347333333334,7093.99815
2026-02-13,8272.88,8204.83,8323.72,8200.15,261146312.0,csi1000,中证1000,8248.258,8250.2392,7777.1845,7602.363833333333,7105.099400000001
2026-02-24,8319.69,8299.77,8356.91,8236.71,279479620.0,csi1000,中证1000,8249.964,8247.9496,7793.173833333334,7610.64975,7116.995850000001
2026-02-25,8320.61,8426.33,8449.76,8310.33,333447346.0,csi1000,中证1000,8262.143,8256.8776,7815.817666666667,7620.424666666668,7129.43
2026-02-26,8447.78,8490.62,8496.75,8398.07,333147608.0,csi1000,中证1000,8274.289999999999,8266.2156,7838.054499999999,7629.822,7142.4978
2026-02-27,8434.1,8560.84,8561.3,8433.72,313899563.0,csi1000,中证1000,8286.8645,8279.018,7859.902666666667,7638.847916666667,7155.7851
2026-03-02,8464.27,8476.97,8535.81,8393.93,378906281.0,csi1000,中证1000,8287.176,8288.7876,7880.378,7647.185416666666,7168.419349999999
2026-03-03,8495.95,8142.45,8510.85,8128.3,390189579.0,csi1000,中证1000,8276.027,8283.859600000002,7895.128,7653.901666666667,7178.617000000001
2026-03-04,8039.59,8094.52,8228.9,8039.59,320689561.0,csi1000,中证1000,8261.6455,8280.3304,7907.7998333333335,7659.2967499999995,7188.532150000001
2026-03-05,8235.37,8171.12,8243.83,8121.38,315360181.0,csi1000,中证1000,8250.212,8277.268,7920.873833333333,7665.400416666666,7198.59735
2026-03-06,8120.49,8248.86,8273.68,8115.48,294633269.0,csi1000,中证1000,8246.0445,8274.848399999999,7936.4685,7671.631333333334,7209.43125
2026-03-09,8131.74,8203.87,8230.66,7983.57,356307887.0,csi1000,中证1000,8243.494999999999,8264.1736,7952.395166666666,7679.047916666666,7219.6133
2026-03-10,8272.94,8350.09,8351.67,8271.49,311685273.0,csi1000,中证1000,8262.228,8263.56,7970.752333333334,7688.574666666667,7230.6087
2026-03-11,8356.09,8363.53,8394.12,8334.33,321737332.0,csi1000,中证1000,8269.949499999999,8262.815200000001,7987.769666666666,7699.594500000001,7241.624500000001
2026-03-12,8357.35,8335.91,8388.63,8267.39,328212747.0,csi1000,中证1000,8276.389,8260.26,8002.984,7708.679833333333,7253.01885
2026-03-13,8297.91,8214.29,8350.92,8196.37,333123020.0,csi1000,中证1000,8283.6995,8255.5432,8016.879166666667,7716.206999999999,7263.749699999999
2026-03-16,8212.27,8211.35,8226.03,8089.49,311532458.0,csi1000,中证1000,8291.6885,8253.8028,8030.264333333334,7724.418000000001,7274.329750000001
2026-03-17,8219.5,8019.86,8223.99,8019.08,299723380.0,csi1000,中证1000,8280.9925,8255.58,8042.062000000001,7730.99875,7283.69895
2026-03-18,8050.71,8096.59,8105.81,7970.19,270893554.0,csi1000,中证1000,8273.306999999999,8251.0796,8054.156166666667,7736.8045833333335,7293.521
2026-03-19,7988.87,7909.23,8008.39,7874.26,284591099.0,csi1000,中证1000,8256.793000000001,8239.164,8064.158666666667,7740.8575,7302.736650000001
2026-03-20,7943.41,7783.43,7996.16,7781.58,299022963.0,csi1000,中证1000,8230.223,8227.778,8074.188833333334,7743.923,7311.705400000001
2026-03-23,7632.97,7409.11,7712.04,7357.7,349256210.0,csi1000,中证1000,8190.437,8202.079600000001,8076.195000000001,7743.302,7318.607000000001
2026-03-24,7538.7,7600.86,7601.88,7361.79,293855085.0,csi1000,中证1000,8155.491500000001,8176.7628,8081.669333333333,7743.685750000001,7326.569
2026-03-25,7654.78,7751.18,7781.2,7654.78,303668817.0,csi1000,中证1000,8121.7339999999995,8156.797999999999,8088.692166666666,7745.975583333333,7335.4025999999985
2026-03-26,7733.7,7639.38,7775.89,7614.89,273455133.0,csi1000,中证1000,8079.1720000000005,8132.7928,8092.542666666666,7747.652166666667,7343.1516
2026-03-27,7526.59,7746.31,7784.55,7526.59,258895274.0,csi1000,中证1000,8038.4455,8110.052,8098.440833333332,7749.792416666667,7351.75035
2026-03-30,7664.64,7767.93,7774.85,7618.96,261174129.0,csi1000,中证1000,8002.9935,8092.576000000001,8102.800000000001,7752.791249999999,7360.239799999999
2026-03-31,7741.96,7619.85,7789.24,7618.19,255255790.0,csi1000,中证1000,7976.8634999999995,8065.379199999999,8103.4745,7753.504833333333,7367.7232
2026-04-01,7767.88,7764.15,7786.76,7692.01,255975644.0,csi1000,中证1000,7960.344999999999,8038.892000000001,8106.118166666667,7755.651833333333,7375.7089000000005
2026-04-02,7733.75,7623.42,7764.03,7581.39,246841161.0,csi1000,中证1000,7932.960000000001,8004.204000000001,8106.605833333334,7757.5337500000005,7383.0617999999995
2026-04-03,7658.82,7536.6,7664.76,7521.94,223680349.0,csi1000,中证1000,7897.347,7963.2344,8105.594166666666,7757.856833333333,7389.65
2026-04-07,7556.28,7606.02,7640.51,7554.41,210974357.0,csi1000,中证1000,7867.4545,7928.3964000000005,8105.773166666667,7758.115666666667,7396.87165
2026-04-08,7765.55,7955.77,7955.77,7765.2,297885172.0,csi1000,中证1000,7847.738500000001,7920.9292000000005,8109.138000000001,7760.680000000001,7405.71795
2026-04-09,7881.8,7921.45,7959.07,7872.47,260650171.0,csi1000,中证1000,7825.6345,7914.0064,8110.080499999999,7763.91025,7414.364100000001
2026-04-10,7981.62,7998.23,8059.76,7981.62,262415285.0,csi1000,中证1000,7808.7505,7907.090800000001,8111.6106666666665,7767.8975,7423.8252
2026-04-13,7947.22,8025.57,8040.03,7947.22,249849773.0,csi1000,中证1000,7799.314499999999,7898.1592,8112.5103333333345,7773.334333333333,7433.21575
2026-04-14,8088.05,8144.76,8144.76,8059.38,266305825.0,csi1000,中证1000,7795.984999999999,7895.7948,8112.7699999999995,7778.84525,7443.232200000001
2026-04-15,8186.07,8106.16,8193.3,8083.27,273841846.0,csi1000,中证1000,7800.3,7886.0376,8108.589166666668,7784.714583333333,7453.08605
2026-04-16,8120.36,8232.98,8239.01,8100.49,279584433.0,csi1000,中证1000,7807.119500000001,7880.815600000001,8109.086666666667,7793.44375,7464.0098499999995
2026-04-17,8225.73,8307.44,8333.22,8223.71,285103443.0,csi1000,中证1000,7827.030000000001,7879.6768,8109.924499999999,7802.345916666667,7475.549099999999
2026-04-20,8308.06,8357.81,8374.81,8308.06,292029604.0,csi1000,中证1000,7855.749000000001,7885.4176,8111.875,7810.793916666666,7486.94705
2026-04-21,8331.59,8351.16,8358.12,8270.16,278996210.0,csi1000,中证1000,7902.8515,7891.01,8113.848833333334,7819.4518333333335,7497.7295
2026-04-22,8317.28,8481.24,8482.15,8317.28,281705539.0,csi1000,中证1000,7946.8705,7909.465200000001,8117.442,7829.228,7508.754900000001
2026-04-23,8489.0,8362.74,8500.44,8302.85,319791492.0,csi1000,中证1000,7977.4485,7920.1112,8120.441833333333,7837.0905,7519.329650000001
2026-04-24,8318.6,8304.14,8360.79,8254.43,293748118.0,csi1000,中证1000,8010.686500000001,7935.9076000000005,8121.382833333334,7843.830166666667,7529.465649999999
2026-04-27,8292.81,8338.73,8366.31,8249.94,277060124.0,csi1000,中证1000,8040.3075,7958.1196,8121.8724999999995,7850.99275,7539.3784
2026-04-28,8307.69,8226.69,8316.27,8187.24,284970446.0,csi1000,中证1000,8063.2455,7990.822799999999,8117.804999999999,7856.472500000001,7548.642999999999
2026-04-29,8163.35,8343.07,8361.49,8163.35,289099456.0,csi1000,中证1000,8099.4065,8020.5112,8117.432333333333,7863.622416666666,7558.81095
2026-04-30,8345.25,8381.95,8402.36,8324.29,299115110.0,csi1000,中证1000,8130.296500000001,8045.742000000001,8117.429000000001,7870.916416666668,7569.0075
2026-05-06,8462.02,8574.56,8610.88,8462.02,330853371.0,csi1000,中证1000,8177.8535,8083.149200000001,8120.341833333334,7879.553416666667,7580.3193
2026-05-07,8602.15,8714.51,8716.86,8573.3,332477190.0,csi1000,中证1000,8236.749,8121.8772,8126.713500000001,7890.209916666666,7592.25615
2026-05-08,8655.13,8741.15,8760.19,8651.06,321781545.0,csi1000,中证1000,8293.505500000001,8160.806,8134.818333333333,7900.845666666666,7603.9234
2026-05-11,8807.91,8866.78,8888.87,8760.71,344807972.0,csi1000,中证1000,8339.056,8210.683200000001,8149.674166666667,7911.803583333333,7616.30495
2026-05-12,8880.41,8821.89,8881.9,8749.72,320849278.0,csi1000,中证1000,8384.078,8252.9928,8159.887333333333,7922.470333333334,7628.38155
2026-05-13,8764.02,8955.45,8958.46,8764.02,319152706.0,csi1000,中证1000,8431.939,8306.274,8172.3595000000005,7934.072,7640.8533
2026-05-14,8989.49,8778.71,8991.85,8778.71,356344177.0,csi1000,中证1000,8469.596000000001,8355.9584,8184.203333333334,7944.388,7652.4353
2026-05-15,8786.38,8682.65,8846.52,8616.06,355707317.0,csi1000,中证1000,8496.4905,8399.0236,8194.721333333333,7954.356916666667,7663.634399999999
2026-05-18,8645.76,8720.21,8766.31,8610.74,300420672.0,csi1000,中证1000,8527.193,8429.6012,8202.8285,7963.7705,7674.92515
2026-05-19,8691.38,8808.64,8812.03,8602.05,299219845.0,csi1000,中证1000,8555.975999999999,8465.0888,8212.134166666667,7974.652833333333,7686.29
2026-05-20,8769.1,8808.91,8823.68,8697.4,306719188.0,csi1000,中证1000,8581.0495,8497.516,8221.624166666666,7985.368083333334,7697.574199999999
2026-05-21,8852.43,8510.5,8896.6,8500.92,350037951.0,csi1000,中证1000,8588.684,8516.913199999999,8224.885333333334,7994.221416666666,7707.0653999999995
2026-05-22,8578.9,8692.67,8719.39,8521.7,286812407.0,csi1000,中证1000,8605.759499999998,8538.8296,8233.016,8005.10025,7717.343250000001
2026-05-25,8756.46,8799.31,8802.95,8670.72,302896006.0,csi1000,中证1000,8621.662999999999,8566.5556,8241.341666666667,8017.25775,7728.303700000001
2026-05-26,8755.91,8687.25,8756.46,8560.8,314373551.0,csi1000,中证1000,8637.8885,8584.7264,8245.690333333334,8030.754,7738.234350000001
2026-05-27,8679.54,8546.51,8737.05,8495.72,313112354.0,csi1000,中证1000,8650.007,8594.2892,8246.621833333333,8042.338166666666,7747.4338499999985
2026-05-28,8527.91,8637.74,8659.61,8459.95,300747650.0,csi1000,中证1000,8664.9575,8605.4864,8247.9035,8053.903083333334,7756.97265
2026-05-29,8673.8,8408.74,8680.27,8357.8,332780217.0,csi1000,中证1000,8674.060000000001,8607.7896,8246.766333333335,8063.572166666666,7765.14695
2026-06-01,8393.52,8345.13,8504.98,8339.35,305706423.0,csi1000,中证1000,8674.163,8602.3452,8250.144333333334,8072.636166666666,7773.2802
2026-06-02,8360.81,8384.78,8440.23,8219.15,292777853.0,csi1000,中证1000,8674.3045,8603.2268,8254.982,8081.390916666667,7781.898150000001
2026-06-03,8386.86,8432.68,8549.25,8357.46,318291166.0,csi1000,中证1000,8667.2105,8608.3684,8259.341333333334,8090.107583333333,7790.709199999999
2026-06-04,8338.85,8420.09,8456.02,8338.85,286173609.0,csi1000,中证1000,8652.4895,8611.622800000001,8262.195166666666,8099.331833333334,7799.1112
2026-06-05,8380.85,8340.96,8500.1,8305.4,314953576.0,csi1000,中证1000,8632.48,8616.1936,8264.480000000001,8108.437583333333,7806.8786
2026-06-08,8069.48,8081.26,8260.19,7987.4,303536985.0,csi1000,中证1000,8593.204,8605.7212,8259.9995,8115.375916666667,7812.978349999999
2026-06-09,8178.82,8318.7,8322.11,8096.58,293097597.0,csi1000,中证1000,8568.0445,8603.1912,8259.252333333334,8123.5109999999995,7820.2611
2026-06-10,8232.02,8198.72,8285.29,8103.01,286844566.0,csi1000,中证1000,8530.207999999999,8588.1576,8256.965833333334,8129.974916666667,7827.064049999999
2026-06-11,8158.46,8159.45,8223.53,8084.9,271163953.0,csi1000,中证1000,8499.244999999999,8565.955199999999,8256.051833333333,8136.4655,7833.141599999999
2026-06-12,8294.9,8202.8,8348.79,8181.42,328599085.0,csi1000,中证1000,8475.252499999999,8544.4212,8255.909333333333,8143.086833333334,7839.33755
2026-06-15,8269.4,8521.23,8521.23,8269.4,296012067.0,csi1000,中证1000,8465.3035,8530.599199999999,8264.2655,8153.163750000001,7846.62205
2026-06-16,8534.27,8646.4,8684.65,8508.91,298022607.0,csi1000,中证1000,8457.191499999999,8523.5796,8273.429,8163.792583333333,7854.971600000001
2026-06-17,8581.65,8704.47,8705.4,8581.65,282227937.0,csi1000,中证1000,8451.9695,8513.5404,8286.682999999999,8175.420833333334,7862.90645
2026-06-18,8666.64,8771.02,8796.48,8664.28,290062435.0,csi1000,中证1000,8464.9955,8513.2328,8303.142833333333,8188.6658333333335,7870.57355
2026-06-22,8813.72,8865.68,8865.81,8609.61,335718210.0,csi1000,中证1000,8473.646,8520.554,8327.419,8201.806999999999,7878.6877
2026-06-23,8838.76,8680.04,8862.72,8626.1,303954878.0,csi1000,中证1000,8467.6825,8518.9472,8345.405333333334,8213.537333333334,7885.560600000001
2026-06-24,8650.82,8793.49,8803.5,8581.75,286867145.0,csi1000,中证1000,8472.9945,8518.3412,8362.777166666667,8225.734666666667,7893.26135
2026-06-25,8806.07,8825.92,8872.12,8743.25,305442638.0,csi1000,中证1000,8486.965,8519.0216,8382.552833333333,8237.54775,7900.57625
2026-06-26,8771.6,8601.41,8797.28,8563.7,321227656.0,csi1000,中证1000,8485.1485,8522.658000000001,8396.8045,8247.622666666666,7906.194650000001
2026-06-29,8616.42,8597.89,8677.63,8413.86,309871021.0,csi1000,中证1000,8494.606,8518.8668,8410.637166666666,8256.718583333333,7911.8017500000005
2026-06-30,8574.25,8809.79,8815.11,8547.31,279117364.0,csi1000,中证1000,8517.839,8519.286,8430.4695,8266.972,7919.168200000001
2026-07-01,8827.47,8876.63,8944.19,8806.65,325765871.0,csi1000,中证1000,8542.431499999999,8526.8612,8449.010833333332,8277.5645,7926.315799999999
2026-07-02,8688.29,8625.33,8865.97,8598.87,310858902.0,csi1000,中证1000,8552.064,8530.014000000001,8465.709333333334,8286.157583333332,7932.24905
2026-07-03,8627.38,8620.79,8740.67,8559.28,290244508.0,csi1000,中证1000,8562.099,8529.336,8483.779166666667,8294.686666666666,7937.84725
2026-07-06,8669.12,8472.6,8694.8,8432.9,281224208.0,csi1000,中证1000,8568.681,8531.8904,8498.222166666666,8301.997666666666,7943.640850000001
2026-07-07,8436.39,8301.8,8489.48,8261.4,244575082.0,csi1000,中证1000,8579.708,8530.1572,8503.989333333333,8306.563666666667,7949.115449999999
2026-07-08,8315.96,8117.86,8328.96,8117.86,238283926.0,csi1000,中证1000,8569.666,8519.480399999999,8507.262833333334,8308.671666666667,7954.499
2026-07-09,8161.86,8300.08,8312.62,7978.81,254579344.0,csi1000,中证1000,8574.734,8514.1764,8512.293666666666,8311.952166666666,7959.771050000001
2026-07-10,8312.49,8198.31,8438.19,8198.31,308503609.0,csi1000,中证1000,8576.677,8505.3052,8515.172666666667,8313.8415,7964.20745
2026-07-13,8124.36,7787.85,8171.5,7769.29,285286344.0,csi1000,中证1000,8555.9295,8483.1808,8509.224166666667,8310.997083333334,7967.01655
2026-07-14,7799.81,7925.12,7934.1,7657.67,255892015.0,csi1000,中证1000,8526.124,8476.9352,8506.206833333334,8307.398,7970.4913
2026-07-15,7959.37,7817.83,7979.08,7783.22,258433271.0,csi1000,中证1000,8484.6955,8456.900399999999,8499.287666666667,8304.187166666667,7972.581
2026-07-16,7713.14,7631.76,7836.39,7591.42,248226871.0,csi1000,中证1000,8431.060000000001,8434.222,8488.026333333333,8298.975416666666,7973.625400000001
2026-07-17,7599.39,7168.0,7605.61,7163.31,296242245.0,csi1000,中证1000,8350.909,8394.564,8468.196166666667,8290.035583333334,7972.38755
2026-07-20,7256.27,6965.38,7298.12,6824.14,308186914.0,csi1000,中证1000,8255.894,8345.0672,8445.099833333334,8279.474333333334,7969.7963
2026-07-21,6975.89,7259.86,7264.34,6714.19,334989399.0,csi1000,中证1000,8184.884999999999,8294.6124,8424.7435,8271.09275,7968.321550000001
2026-07-22,7196.86,7158.76,7302.45,7118.66,291582470.0,csi1000,中证1000,8103.1485,8235.106800000001,8404.677166666666,8262.5595,7966.7333499999995
2026-07-23,7169.54,7195.5,7247.14,7113.5,250502727.0,csi1000,中证1000,8021.6275,8174.7480000000005,8386.199833333334,8253.791333333333,7965.5199
2026-07-24,7109.25,6995.69,7174.55,6995.69,229026635.0,csi1000,中证1000,7941.3415,8103.7348,8363.815833333334,8242.844166666668,7963.05095
2026-07-27,6981.16,7228.78,7228.78,6972.28,225960825.0,csi1000,中证1000,7872.886,8038.2588,8347.184,8232.4945,7962.1545
2026-07-28,7135.73,7026.28,7189.18,6992.94,225776735.0,csi1000,中证1000,7783.710499999999,7972.1084,8325.2375,8221.334916666667,7959.614799999999
2026-07-29,7020.22,7095.19,7132.35,6897.39,271374083.0,csi1000,中证1000,7694.638500000001,7904.1764,8303.7915,8210.61025,7957.5581999999995
2026-07-30,7053.09,6900.66,7121.52,6841.75,259507814.0,csi1000,中证1000,7608.405000000001,7827.166,8275.893166666667,8198.1175,7955.07355
2026-07-31,7082.75,7075.51,7218.06,7071.05,283219421.0,csi1000,中证1000,7531.140999999999,7766.129999999999,8248.5765,8187.6449999999995,7952.961950000001
