date,open,close,high,low,amount,instrument_key,instrument_name,ma20,ma25,ma60,ma120,ma200
2005-01-04,994.77,982.79,994.77,980.66,7412869.0,csi300,沪深300,,,,,
2005-01-05,981.58,992.56,997.32,979.88,7119109.0,csi300,沪深300,,,,,
2005-01-06,993.33,983.17,993.79,980.33,6288029.0,csi300,沪深300,,,,,
2005-01-07,983.04,983.96,995.71,979.81,7298694.0,csi300,沪深300,,,,,
2005-01-10,983.76,993.88,993.96,979.79,5791698.0,csi300,沪深300,,,,,
2005-01-11,994.19,997.14,999.55,991.09,5849080.0,csi300,沪深300,,,,,
2005-01-12,996.65,996.75,996.98,989.26,5014525.0,csi300,沪深300,,,,,
2005-01-13,996.08,996.88,999.47,992.7,6044066.0,csi300,沪深300,,,,,
2005-01-14,996.62,988.31,1006.46,987.23,7297842.0,csi300,沪深300,,,,,
2005-01-17,979.11,967.45,981.52,965.08,7288189.0,csi300,沪深300,,,,,
2005-01-18,967.37,974.69,974.87,960.29,7311848.0,csi300,沪深300,,,,,
2005-01-19,974.33,967.21,974.33,965.26,6338091.0,csi300,沪深300,,,,,
2005-01-20,963.21,956.25,963.21,952.23,7727106.0,csi300,沪深300,,,,,
2005-01-21,954.46,982.6,984.27,943.44,14450060.0,csi300,沪深300,,,,,
2005-01-24,1001.85,998.13,1001.85,986.24,14359462.0,csi300,沪深300,,,,,
2005-01-25,995.64,997.78,997.95,985.24,9862529.0,csi300,沪深300,,,,,
2005-01-26,995.78,989.93,999.47,988.48,7663290.0,csi300,沪深300,,,,,
2005-01-27,987.34,974.63,987.7,973.77,6945365.0,csi300,沪深300,,,,,
2005-01-28,974.63,969.21,975.62,965.21,5748807.0,csi300,沪深300,,,,,
2005-01-31,965.79,954.88,965.79,953.14,6788706.0,csi300,沪深300,982.4100000000001,,,,
2005-02-01,953.33,955.95,965.48,952.74,7433067.0,csi300,沪深300,981.068,,,,
2005-02-02,956.7,1006.91,1006.93,956.7,17057338.0,csi300,沪深300,981.7855000000002,,,,
2005-02-03,1005.56,993.22,1014.19,992.16,16974540.0,csi300,沪深300,982.2879999999999,,,,
2005-02-04,992.25,1016.86,1021.03,989.94,15736215.0,csi300,沪深300,983.933,,,,
2005-02-16,1023.32,1023.58,1033.25,1018.49,12131293.0,csi300,沪深300,985.418,985.7888,,,
2005-02-17,1024.43,1020.61,1024.43,1010.48,8968298.0,csi300,沪深300,986.5915000000001,987.3016,,,
2005-02-18,1020.12,1006.06,1021.2,1005.63,8139939.0,csi300,沪深300,987.057,987.8416000000001,,,
2005-02-21,1006.69,1025.63,1025.66,1006.69,9886094.0,csi300,沪深300,988.4945,989.54,,,
2005-02-22,1026.84,1046.74,1048.68,1024.53,17937842.0,csi300,沪深300,991.4159999999999,992.0512,,,
2005-02-23,1046.81,1043.94,1049.61,1036.62,18696930.0,csi300,沪深300,995.2405000000001,994.0536,,,
2005-02-24,1042.25,1045.46,1045.96,1034.73,14681789.0,csi300,沪深300,998.7790000000001,995.9864,,,
2005-02-25,1046.27,1046.76,1059.48,1045.98,18170004.0,csi300,沪深300,1002.7564999999998,997.9867999999999,,,
2005-02-28,1046.21,1039.99,1048.28,1035.04,12971046.0,csi300,沪深300,1006.9435,999.7112,,,
2005-03-01,1039.35,1035.93,1042.74,1031.17,9962090.0,csi300,沪深300,1009.61,1001.6160000000001,,,
2005-03-02,1036.37,1021.32,1045.76,1021.0,14225136.0,csi300,沪深300,1010.7695,1003.7708,,,
2005-03-03,1019.88,1027.71,1028.4,1014.75,9203086.0,csi300,沪深300,1012.266,1005.8916,,,
2005-03-04,1027.93,1023.67,1031.85,1022.18,8173641.0,csi300,沪深300,1013.9530000000001,1008.15,,,
2005-03-07,1024.48,1029.87,1031.34,1024.48,7932950.0,csi300,沪深300,1016.7149999999999,1011.0948,,,
2005-03-08,1033.79,1048.99,1049.29,1032.85,14295794.0,csi300,沪深300,1020.7040000000001,1013.7504000000001,,,
2005-03-09,1051.26,1046.54,1054.64,1041.98,15327488.0,csi300,沪深300,1025.2869999999998,1015.6868,,,
2005-03-10,1046.69,1022.41,1046.69,1019.63,13295953.0,csi300,沪深300,1028.61,1016.672,,,
2005-03-11,1021.08,1027.43,1028.12,1016.93,11476381.0,csi300,沪深300,1029.636,1018.172,,,
2005-03-14,1027.17,1031.03,1041.57,1014.92,14466089.0,csi300,沪深300,1031.5265000000002,1020.428,,,
2005-03-15,1030.86,1013.52,1030.94,1011.64,12007493.0,csi300,沪深300,1031.3595,1022.2004000000001,,,
2005-03-16,1011.85,1003.07,1012.2,995.97,10622783.0,csi300,沪深300,1030.334,1024.128,,,
2005-03-17,1001.97,992.86,1004.82,992.12,9969011.0,csi300,沪深300,1028.9465,1025.6044,,,
2005-03-18,991.89,978.67,996.4,975.7,9652060.0,csi300,沪深300,1027.577,1024.4748,,,
2005-03-21,977.3,981.89,983.18,973.0,7252565.0,csi300,沪深300,1025.3899999999999,1024.0216,,,
2005-03-22,981.71,964.02,982.14,959.56,11375717.0,csi300,沪深300,1021.2540000000001,1021.908,,,
2005-03-23,962.82,959.01,975.36,955.99,10930054.0,csi300,沪深300,1017.0074999999999,1019.3251999999999,,,
2005-03-24,957.43,964.8,965.06,948.53,9260715.0,csi300,沪深300,1012.9745,1017.0928,,,
2005-03-25,964.25,962.96,966.97,959.06,7107323.0,csi300,沪深300,1008.7845000000001,1015.3688000000001,,,
2005-03-28,961.65,960.7,961.65,948.81,6669246.0,csi300,沪深300,1004.82,1012.7716,,,
2005-03-29,960.42,955.19,968.12,954.74,7577379.0,csi300,沪深300,1000.783,1009.1096000000001,,,
2005-03-30,952.71,937.03,952.71,936.37,8950164.0,csi300,沪深300,996.5685,1004.8331999999999,,,
2005-03-31,934.85,942.2,942.37,928.34,7859446.0,csi300,沪深300,992.293,1000.7028,,,
2005-04-01,941.43,978.15,989.9,937.55,16347505.0,csi300,沪深300,990.017,997.9584,,,
2005-04-04,968.49,962.17,974.06,956.13,11435093.0,csi300,沪深300,986.632,994.8456,,,
2005-04-05,960.54,955.6,967.75,953.59,9534537.0,csi300,沪深300,981.9625,991.6324000000001,,,
2005-04-06,955.6,973.67,977.86,948.95,14282421.0,csi300,沪深300,978.3190000000001,989.7264,995.3386666666667,,
2005-04-07,975.97,984.73,1000.27,974.31,20754212.0,csi300,沪深300,976.4350000000001,988.0072,995.371,,
2005-04-08,984.67,1003.45,1003.7,979.53,14762526.0,csi300,沪深300,975.2360000000001,987.1984,995.5525,,
2005-04-11,1003.88,995.42,1008.74,992.77,15936066.0,csi300,沪深300,973.4555,985.8204000000001,995.7566666666667,,
2005-04-12,993.71,978.7,993.71,978.2,10226193.0,csi300,沪深300,971.7144999999998,983.0088,995.669,,
2005-04-13,987.95,1000.9,1006.5,987.95,16071687.0,csi300,沪深300,971.606,981.1832,995.786,,
2005-04-14,1004.64,986.98,1006.42,985.58,12945710.0,csi300,沪深300,971.3120000000001,979.7660000000001,995.6166666666667,,
2005-04-15,982.61,974.08,982.61,971.93,10408955.0,csi300,沪深300,971.0825000000001,977.6320000000001,995.2388333333333,,
2005-04-18,970.91,963.77,970.91,958.65,8598400.0,csi300,沪深300,970.1764999999999,974.9415999999999,994.687,,
2005-04-19,962.92,965.89,968.87,957.91,9212623.0,csi300,沪深300,970.2700000000001,973.0364,994.3133333333333,,
2005-04-20,964.15,950.87,964.15,946.2,8850705.0,csi300,沪深300,969.863,970.9484,994.037,,
2005-04-21,948.86,943.98,955.55,938.6,9946145.0,csi300,沪深300,968.8219999999999,968.9931999999999,993.5251666666667,,
2005-04-22,942.91,939.1,947.91,934.96,10691884.0,csi300,沪深300,967.6289999999999,967.4104,993.0566666666667,,
2005-04-25,935.99,930.07,935.99,920.16,11470478.0,csi300,沪深300,966.0975000000001,965.3376000000001,992.6203333333334,,
2005-04-26,928.43,937.08,939.7,924.66,11690471.0,csi300,沪深300,965.192,964.26,991.8616666666668,,
2005-04-27,938.57,926.6,938.91,925.9,10780611.0,csi300,沪深300,964.6705,962.9636,990.6695000000001,,
2005-04-28,923.53,942.07,945.5,914.83,14343486.0,csi300,沪深300,964.6640000000001,962.0544,989.741,,
2005-04-29,940.81,932.4,942.45,929.81,11235419.0,csi300,沪深300,962.3765,960.832,988.7821666666666,,
2005-05-09,934.65,909.17,937.39,909.17,8529115.0,csi300,沪深300,959.7265000000001,958.7708,987.6911666666667,,
2005-05-10,905.54,913.08,913.39,892.31,10494331.0,csi300,沪深300,957.6004999999999,957.0864,986.7556666666667,,
2005-05-11,911.84,901.85,917.22,900.44,9042047.0,csi300,沪深300,954.0095000000001,955.6792000000002,985.8718333333334,,
2005-05-12,899.97,885.82,900.06,883.51,10228720.0,csi300,沪深300,949.0640000000001,953.4240000000001,984.703,,
2005-05-13,883.51,887.54,898.51,875.58,11244906.0,csi300,沪深300,943.2684999999999,949.7995999999999,982.7135000000001,,
2005-05-16,885.39,875.27,885.39,869.33,8224288.0,csi300,沪深300,937.2609999999999,946.3236,980.7476666666666,,
2005-05-17,873.08,881.46,888.28,868.21,8772273.0,csi300,沪深300,932.3990000000001,943.3580000000001,978.491,,
2005-05-18,881.14,883.2,890.4,871.82,7878610.0,csi300,沪深300,926.5139999999999,939.7392,976.1513333333334,,
2005-05-19,882.84,884.17,888.02,871.29,8149583.0,csi300,沪深300,921.3735,935.7168,973.8773333333334,,
2005-05-20,883.51,882.76,891.02,879.18,7226676.0,csi300,沪深300,916.8074999999999,930.8892,971.8223333333334,,
2005-05-23,880.28,863.34,880.28,862.1,7279795.0,csi300,沪深300,911.7860000000001,925.6059999999999,969.1175000000001,,
2005-05-24,861.2,868.46,871.77,855.59,9206929.0,csi300,沪深300,906.9144999999999,921.1964,966.1461666666667,,
2005-05-25,867.66,868.45,876.31,861.66,7238556.0,csi300,沪深300,902.7935,915.8983999999999,963.2213333333334,,
2005-05-26,867.76,857.33,872.84,854.96,6622786.0,csi300,沪深300,898.461,910.7124,960.0858333333332,,
2005-05-27,855.6,849.51,864.96,848.4,7749983.0,csi300,沪深300,893.9815000000001,905.7295999999999,956.7983333333334,,
2005-05-30,847.63,855.61,858.46,842.1,6971583.0,csi300,沪深300,890.2584999999999,901.4032000000001,953.7253333333333,,
2005-05-31,856.56,855.95,863.2,853.29,7047821.0,csi300,沪深300,886.202,897.0056,950.7256666666666,,
2005-06-01,855.21,837.53,857.66,836.04,7902302.0,csi300,沪深300,881.7485,892.472,947.6625,,
2005-06-02,835.47,818.38,835.49,812.99,9508657.0,csi300,沪深300,875.564,887.448,944.1736666666667,,
2005-06-03,816.55,818.03,823.86,807.97,7936056.0,csi300,沪深300,869.8455,882.6052000000001,940.7463333333333,,
2005-06-06,816.73,839.0,839.15,807.78,9009185.0,csi300,沪深300,866.3369999999999,878.9623999999999,937.5651666666666,,
2005-06-07,841.58,837.28,858.09,835.18,13067068.0,csi300,沪深300,862.5470000000001,874.9704,934.0366666666666,,
2005-06-08,848.54,905.77,908.83,844.47,32907839.0,csi300,沪深300,862.743,874.1372,931.6905,,
2005-06-09,907.57,912.6,925.37,895.04,33141840.0,csi300,沪深300,864.082,872.9584,929.8603333333334,,
2005-06-10,911.94,894.56,911.94,889.1,22391502.0,csi300,沪深300,864.433,871.4448,927.6458333333334,,
2005-06-13,895.0,892.96,900.18,877.69,15628002.0,csi300,沪深300,865.3174999999999,870.7964,925.3446666666666,,
2005-06-14,895.39,883.54,905.42,882.86,14343570.0,csi300,沪深300,865.4215,869.6148,923.1783333333333,,
2005-06-15,881.21,866.83,881.25,865.14,11454056.0,csi300,沪深300,864.6029999999998,868.2139999999999,920.9076666666666,,
2005-06-16,866.66,879.24,879.49,861.83,11049685.0,csi300,沪深300,864.3565000000001,867.9508000000001,919.0139999999999,,
2005-06-17,883.61,880.35,888.08,876.04,14963009.0,csi300,沪深300,864.2359999999999,867.6632000000001,917.3753333333333,,
2005-06-20,881.62,906.26,906.48,872.56,18992082.0,csi300,沪深300,866.382,868.9028,916.1148333333333,,
2005-06-21,906.31,896.17,906.31,894.39,12774784.0,csi300,沪深300,867.7674999999999,869.4911999999999,914.9839999999999,,
2005-06-22,894.77,900.65,901.24,891.93,10478134.0,csi300,沪深300,869.3774999999999,870.1892,914.0113333333334,,
2005-06-23,900.06,893.57,904.9,892.83,9509308.0,csi300,沪深300,871.1895000000001,870.5652,912.8241666666667,,
2005-06-24,892.06,898.3,898.67,888.4,8918739.0,csi300,沪深300,873.6289999999999,871.1868000000001,911.7465,,
2005-06-27,904.21,916.04,920.65,904.21,16545402.0,csi300,沪深300,876.6505,873.2948000000001,911.0021666666668,,
2005-06-28,913.48,903.72,913.48,901.21,10402219.0,csi300,沪深300,879.0390000000001,874.7052,910.1443333333334,,
2005-06-29,906.75,898.9,907.57,898.08,10806746.0,csi300,沪深300,882.1074999999998,875.9232000000001,909.5088333333333,,
2005-06-30,897.1,878.69,897.1,876.88,10855472.0,csi300,沪深300,885.1230000000002,876.7775999999999,908.4503333333333,,
2005-07-01,875.94,859.49,875.94,858.37,10094596.97,csi300,沪深300,887.1959999999999,877.1768000000001,906.4726666666667,,
2005-07-04,855.32,855.93,856.1,842.81,8840276.53,csi300,沪深300,888.0424999999999,877.1896,904.7019999999999,,
2005-07-05,853.68,849.68,856.74,845.36,7992688.38,csi300,沪深300,888.6625,876.9388,902.9366666666666,,
2005-07-06,850.25,842.56,854.45,838.61,6898313.92,csi300,沪深300,885.5020000000001,877.14,900.7515000000001,948.0450833333333,
2005-07-07,841.75,844.73,848.02,839.28,5962464.91,csi300,沪深300,882.1085,878.194,898.4181666666666,946.8945833333333,
2005-07-08,842.62,829.49,842.62,827.23,7221000.42,csi300,沪深300,878.8549999999999,878.6524000000001,895.5188333333333,945.5356666666667,
2005-07-11,837.86,824.1,850.66,822.52,8439005.54,csi300,沪深300,875.412,878.0563999999999,892.6635000000001,944.2100833333333,
2005-07-12,821.91,851.82,854.29,818.86,14989870.66,csi300,沪深300,873.826,878.6379999999999,890.5488333333334,943.1089166666667,
2005-07-13,850.47,846.23,851.95,841.86,9398842.17,csi300,沪深300,872.796,876.2564,887.971,941.8785,
2005-07-14,844.94,849.59,856.1,843.18,9361968.01,csi300,沪深300,871.3135,873.7359999999999,885.6811666666667,940.6489166666667,
2005-07-15,849.87,841.0,854.6,837.78,8889563.39,csi300,沪深300,869.3460000000001,871.5936,883.4631666666667,939.351,
2005-07-18,839.22,833.0,840.01,829.68,8500006.37,csi300,沪深300,865.683,869.1951999999999,881.2836666666667,937.9853333333333,
2005-07-19,831.5,835.61,840.14,829.28,7891817.79,csi300,沪深300,862.6550000000001,867.278,879.1123333333334,936.7128333333333,
2005-07-20,835.3,842.64,844.71,832.14,8526473.08,csi300,沪深300,859.7545,866.3104,877.3085,935.67275,
2005-07-21,842.75,843.99,843.99,835.76,8366100.97,csi300,沪深300,857.2755000000001,864.9004,875.6419999999999,934.5835833333333,
2005-07-22,847.54,859.69,867.17,842.99,21630976.13,csi300,沪深300,855.345,864.074,874.3185,933.6875833333335,
2005-07-25,858.33,856.86,860.95,854.28,11816079.69,csi300,沪深300,852.3860000000001,862.0980000000001,873.0983333333334,932.8593333333334,
2005-07-26,856.19,876.48,880.03,856.19,21826775.91,csi300,沪深300,851.024,861.3104,872.0883333333333,931.975,
2005-07-27,876.94,894.01,894.03,876.04,20409537.28,csi300,沪深300,850.7795,861.0448000000001,871.5451666666667,931.1073333333333,
2005-07-28,893.88,890.89,901.0,888.5,20622527.06,csi300,沪深300,851.3895,860.9376,870.6921666666666,930.2165833333332,
2005-07-29,889.41,888.16,892.29,883.38,13397405.98,csi300,沪深300,852.823,860.5319999999999,869.9548333333332,929.3685,
2005-08-01,887.72,891.61,897.29,885.85,11808309.18,csi300,沪深300,854.607,859.5548000000001,869.6621666666666,928.6766666666666,
2005-08-02,892.13,903.6,903.65,888.4,14292547.43,csi300,沪深300,857.3030000000001,859.55,869.5041666666667,928.1299166666666,
2005-08-03,905.18,909.57,919.28,903.76,25786298.07,csi300,沪深300,860.6535,859.9767999999999,869.6328333333333,927.7523333333334,
2005-08-04,907.42,904.15,909.83,901.63,14519255.6,csi300,沪深300,863.6244999999999,860.9952000000001,869.9383333333333,927.3206666666667,
2005-08-05,904.04,923.8,923.81,903.94,19123764.73,csi300,沪深300,868.3400000000001,863.5676,870.5426666666666,926.6280833333334,
2005-08-08,926.57,927.47,933.15,923.57,21608944.3,csi300,沪深300,873.5084999999999,866.4292,871.4126666666667,926.0801666666666,
2005-08-09,926.97,933.09,933.39,919.11,19532907.46,csi300,沪深300,877.5719999999999,869.7656,872.2731666666666,925.3820833333334,
2005-08-10,933.26,940.37,940.37,926.28,21515762.51,csi300,沪深300,882.2790000000001,873.678,873.226,924.6886666666667,
2005-08-11,940.79,953.99,953.99,939.39,27073666.44,csi300,沪深300,887.499,878.0484000000001,874.3896666666666,924.1335,
2005-08-12,954.72,938.32,959.27,933.99,29168144.35,csi300,沪深300,892.365,882.4016,875.3156666666666,923.569,
2005-08-15,937.71,954.5,954.5,936.11,20430813.47,csi300,沪深300,898.4399999999999,887.6176,876.8349999999999,922.9762499999999,
2005-08-16,955.27,945.06,959.34,939.92,23861817.91,csi300,沪深300,903.9125,891.3472,878.1116666666668,922.1289166666667,
2005-08-17,943.41,953.01,953.34,930.33,21457768.65,csi300,沪深300,909.4309999999999,895.6184000000001,879.521,921.3711666666667,
2005-08-18,954.16,920.67,956.84,919.12,31855326.58,csi300,沪深300,913.265,898.4616000000001,880.5766666666667,920.33125,
2005-08-19,918.09,923.04,927.32,910.08,22242679.4,csi300,沪深300,916.4324999999999,901.7432000000001,881.8021666666666,919.30025,
2005-08-22,923.11,931.67,933.35,919.22,16031009.73,csi300,沪深300,920.173,905.69,883.0698333333333,918.3975833333333,
2005-08-23,931.81,923.41,931.81,915.03,15406488.15,csi300,沪深300,922.5195,909.202,884.1941666666667,917.4599166666667,
2005-08-24,923.56,930.65,935.23,923.56,15959747.47,csi300,沪深300,924.3515000000001,912.7224000000001,885.7461666666666,916.7043333333334,
2005-08-25,930.98,930.12,933.2,920.61,16292057.02,csi300,沪深300,926.3130000000001,916.1676,887.6085,915.8910833333334,
2005-08-26,930.25,928.26,930.33,921.84,15429803.61,csi300,沪深300,928.318,918.9104000000001,889.4456666666666,915.096,
2005-08-29,928.34,917.37,928.34,913.77,15462260.94,csi300,沪深300,929.6060000000001,921.3308000000001,890.7518333333334,914.1585,
2005-08-30,916.09,914.88,920.21,912.84,12438170.39,csi300,沪深300,930.1699999999998,922.8668000000001,892.0451666666667,913.0409166666667,
2005-08-31,915.12,927.92,928.21,911.51,14623629.86,csi300,沪深300,931.0875,924.2231999999999,892.4143333333334,912.0524166666667,
2005-09-01,928.52,944.56,944.95,926.06,22306383.64,csi300,沪深300,933.108,926.37,892.947,911.4036666666666,
2005-09-02,945.98,947.87,947.92,941.31,18614437.97,csi300,沪深300,934.3115,928.7583999999999,893.8355,910.7406666666667,
2005-09-05,949.08,952.72,952.99,944.63,17843318.03,csi300,沪深300,935.574,931.2028,894.8315,910.0880833333334,
2005-09-06,953.41,936.61,956.3,934.97,21222255.35,csi300,沪深300,935.75,932.5232000000001,895.716,909.4471666666667,
2005-09-07,934.99,952.76,952.9,932.65,19608465.69,csi300,沪深300,936.3695,934.2508,897.1481666666666,909.0279166666667,
2005-09-08,954.27,955.28,958.87,947.71,22424393.35,csi300,沪深300,936.434,936.2959999999999,898.4155,908.71475,
2005-09-09,955.11,949.07,959.9,946.02,16219310.01,csi300,沪深300,936.9715,937.3068000000001,899.5608333333333,908.4680833333334,
2005-09-12,949.78,949.51,952.55,945.4,11672613.44,csi300,沪深300,936.722,938.1884,900.2816666666666,908.1982499999999,
2005-09-13,949.58,963.77,963.92,948.13,16579430.68,csi300,沪深300,937.6574999999999,939.4155999999999,901.4083333333333,908.1961666666667,
2005-09-14,964.97,970.19,970.26,961.64,19958290.5,csi300,沪深300,938.5165000000001,940.6084,902.5673333333333,908.2893333333334,
2005-09-15,970.58,969.6,970.96,965.66,16377679.23,csi300,沪深300,940.963,941.2328,903.8345,908.3293333333334,
2005-09-16,969.62,967.5,970.37,964.29,13978570.95,csi300,沪深300,943.186,942.4,904.9878333333332,908.3671666666667,
2005-09-19,967.44,971.14,971.99,964.26,14737421.01,csi300,沪深300,945.1595,943.0656,905.9061666666665,908.4541666666667,
2005-09-20,971.38,961.92,971.65,957.12,18636604.34,csi300,沪深300,947.085,943.74,906.8761666666667,908.5102499999999,
2005-09-21,961.37,944.41,961.37,943.82,18541895.48,csi300,沪深300,947.7729999999999,943.396,907.6346666666667,908.57175,
2005-09-22,942.73,923.27,942.73,914.23,18115524.76,csi300,沪深300,947.4305,943.5,908.3776666666668,908.4140000000001,
2005-09-23,921.51,916.15,927.42,914.81,11547643.77,csi300,沪深300,946.825,943.2244000000001,909.322,907.8973333333332,
2005-09-26,915.84,918.49,919.65,913.61,8836240.97,csi300,沪深300,946.881,942.6972000000001,910.3646666666667,907.5333333333333,
2005-09-27,918.87,904.21,921.13,903.39,11086056.26,csi300,沪深300,946.3475000000001,941.9292000000002,911.2735,907.1050833333334,
2005-09-28,903.33,903.72,910.33,901.38,8850309.8,csi300,沪深300,945.1375,940.852,912.2928333333333,906.5221666666665,
2005-09-29,904.28,915.98,915.98,904.28,11938977.51,csi300,沪深300,943.7085000000001,940.2864,913.4803333333333,905.94925,
2005-09-30,916.59,917.39,918.66,913.45,9001432.63,csi300,沪深300,942.1845,939.8516000000001,914.9453333333333,905.2320833333334,
2005-10-10,917.21,907.32,917.21,906.88,7158450.87,csi300,沪深300,939.9145000000001,939.4496,916.3323333333333,904.4979166666667,
2005-10-11,906.63,919.72,919.8,904.05,7758294.92,csi300,沪深300,939.07,939.6432,917.4639999999999,904.0064166666667,
2005-10-12,920.45,923.49,926.09,917.38,12208851.75,csi300,沪深300,937.6064999999999,939.466,918.7516666666667,903.3613333333334,
2005-10-13,923.43,916.5,926.01,916.28,10828903.79,csi300,沪深300,935.6674999999999,938.3436,919.8668333333333,902.774,
2005-10-14,916.34,904.83,917.89,902.81,10123940.49,csi300,沪深300,933.4555,936.622,920.9306666666666,902.1969166666667,
2005-10-17,903.27,897.62,903.27,892.36,10552505.59,csi300,沪深300,930.8610000000001,934.418,922.0076666666666,901.6456666666667,
2005-10-18,897.37,902.37,903.0,895.62,11366316.72,csi300,沪深300,927.7909999999999,933.0484,923.1203333333332,901.1163333333333,
2005-10-19,902.04,898.74,907.88,897.05,11033047.52,csi300,沪深300,924.2185,930.8876000000001,924.0553333333334,900.6819166666667,
2005-10-20,898.89,899.92,900.13,889.57,12608724.63,csi300,沪深300,920.7345000000001,928.6732000000001,924.9875,900.31475,
2005-10-21,899.65,904.41,907.79,897.99,11364588.25,csi300,沪深300,917.5800000000002,926.8867999999999,925.7328333333334,900.0256666666667,
2005-10-24,905.13,906.65,908.45,900.23,9218982.23,csi300,沪深300,914.3555,925.1724,926.5626666666666,899.8305,
2005-10-25,905.97,894.27,905.97,893.61,11213401.2,csi300,沪深300,910.973,922.3924,926.8591666666667,899.47375,
2005-10-26,892.62,875.82,892.62,873.9,12167122.96,csi300,沪深300,907.5435,918.6176,926.556,899.0505833333333,
2005-10-27,873.47,875.85,879.67,869.72,11908588.1,csi300,沪深300,905.1724999999999,914.8675999999999,926.3053333333334,898.4987500000001,
2005-10-28,875.86,867.73,880.21,859.69,11973375.73,csi300,沪深300,902.7515000000001,910.8767999999999,925.9648333333334,897.9598333333332,
2005-10-31,866.62,876.28,878.41,866.15,10443651.3,csi300,沪深300,900.641,907.0823999999999,925.7093333333335,897.68575,
2005-11-01,875.96,872.87,875.96,862.69,10082745.41,csi300,沪深300,899.074,903.5204000000001,925.1971666666666,897.3506666666667,
2005-11-02,873.39,882.48,884.94,873.39,13104972.57,csi300,沪深300,898.012,901.0432000000001,924.7456666666666,897.18925,932.3161
2005-11-03,882.19,874.58,885.68,872.11,12179182.41,csi300,沪深300,895.942,899.0956,924.2528333333335,897.0955833333334,931.7750499999999
2005-11-04,873.35,878.36,878.36,869.68,9567310.49,csi300,沪深300,893.9905000000001,897.584,923.4955000000001,897.0190833333334,931.2040499999999
2005-11-07,877.62,877.28,877.62,870.08,7713259.16,csi300,沪深300,892.4885,895.9356000000001,922.659,897.0358333333334,930.6746
2005-11-08,876.43,881.52,881.9,870.96,10128761.11,csi300,沪深300,890.5785,895.0279999999999,921.7995,897.0363333333333,930.1623999999999
2005-11-09,881.51,879.25,884.94,878.68,11774405.11,csi300,沪深300,888.3665000000001,894.0491999999999,920.7808333333334,897.0034166666667,929.58925
2005-11-10,878.63,862.97,878.63,862.09,10853770.97,csi300,沪深300,885.6900000000002,891.9288,919.2638333333333,896.8267500000001,928.9184
2005-11-11,861.22,864.79,867.33,857.79,9219719.7,csi300,沪深300,883.6879999999999,889.8248,918.0383333333334,896.677,928.2586
2005-11-14,864.08,862.15,864.25,858.34,6271673.74,csi300,沪深300,881.9145000000001,888.0179999999999,916.4991666666667,896.6670833333333,927.5849499999999
2005-11-15,862.07,856.64,867.46,853.86,8252477.9,csi300,沪深300,879.628,885.4948,915.0255,896.5685833333333,926.9266
2005-11-16,855.45,863.12,863.17,847.49,9066137.77,csi300,沪深300,877.847,883.08,913.5273333333333,896.5241666666667,926.40495
2005-11-17,863.08,862.66,865.79,859.0,8811636.79,csi300,沪深300,875.9839999999998,880.9264,912.5604999999999,896.5685833333333,925.8448000000001
2005-11-18,862.58,882.24,886.58,862.4,17597802.98,csi300,沪深300,874.8754999999999,880.0228,911.8805,896.8413333333333,925.41995
2005-11-21,882.79,883.87,886.11,880.3,10259963.06,csi300,沪深300,873.7365,879.4728,911.0838333333334,897.0768333333332,925.05805
2005-11-22,883.93,869.62,883.93,869.53,10597235.9,csi300,沪深300,872.5040000000001,878.1628,910.1873333333334,897.19075,924.4931499999999
2005-11-23,868.01,876.23,876.82,866.19,9916919.66,csi300,沪深300,872.5245000000001,877.2624,909.2803333333334,897.51325,923.8836500000001
2005-11-24,875.83,881.49,885.75,874.88,14629007.65,csi300,沪深300,872.8064999999999,876.5252,908.4698333333332,898.0391666666668,923.3022
2005-11-25,881.25,884.11,884.16,877.26,13003545.88,csi300,沪深300,873.6254999999999,875.7132,907.734,898.5898333333333,922.7731
2005-11-28,883.24,880.17,886.74,877.64,9739734.92,csi300,沪深300,873.82,874.654,907.114,898.9329166666666,922.3008
2005-11-29,879.25,871.31,879.25,870.56,8414993.73,csi300,沪深300,873.742,873.7356000000001,906.3878333333334,899.2165,921.8112999999998
2005-11-30,870.45,873.83,873.93,866.98,8040737.45,csi300,沪深300,873.3095000000001,873.656,905.4863333333334,898.9503333333334,921.4060499999999
2005-12-01,873.47,873.07,877.31,870.7,7069234.15,csi300,沪深300,873.234,873.5448,904.2948333333334,898.6209166666666,920.99165
2005-12-02,872.93,869.94,875.83,866.37,8492020.59,csi300,沪深300,872.8129999999999,873.6332000000001,902.9959999999999,898.41575,920.3068000000001
2005-12-05,869.43,859.61,869.43,858.86,10286896.89,csi300,沪深300,871.9295,872.9664000000001,901.4441666666667,898.1378333333333,919.63875
2005-12-06,858.11,866.08,867.19,855.72,10303513.65,csi300,沪深300,871.1575,872.6948,900.2686666666667,897.9923333333334,918.88485
2005-12-07,865.72,873.84,874.0,865.02,9842954.99,csi300,沪深300,870.887,872.3492,898.9533333333333,898.05075,918.13615
2005-12-08,874.13,874.06,877.97,870.12,10259173.66,csi300,沪深300,871.4414999999999,872.3284000000001,897.5996666666667,898.0075833333333,917.4034000000001
2005-12-09,873.69,887.36,887.57,871.26,12719525.75,csi300,沪深300,872.57,872.6884,896.5711666666667,898.066,916.8098999999999
2005-12-12,887.06,888.52,890.69,884.26,10699279.87,csi300,沪深300,873.8885,873.1379999999999,895.5546666666667,897.9181666666666,916.1243500000002
2005-12-13,888.0,889.1,889.22,880.74,10547237.34,csi300,沪深300,875.5115,873.4412000000001,894.3101666666666,897.85925,915.3361499999999
2005-12-14,888.6,898.15,899.01,884.37,13868375.99,csi300,沪深300,877.2630000000001,874.1972000000001,893.1095,897.8384166666667,914.6072
2005-12-15,898.38,896.43,904.01,895.17,16259781.56,csi300,沪深300,878.9515000000001,875.5355999999999,891.89,897.86225,913.8620500000001
2005-12-16,895.83,902.56,902.75,894.1,11452106.71,csi300,沪深300,879.9675,877.0464,890.8076666666667,897.8977500000001,913.14105
2005-12-19,902.05,902.91,904.47,898.79,9936326.45,csi300,沪深300,880.9195,878.6768000000001,889.6705000000001,897.7883333333333,912.45565
2005-12-20,902.75,907.32,907.32,899.66,10294658.43,csi300,沪深300,882.8044999999998,880.704,888.7605,897.8183333333333,911.8126000000001
2005-12-21,907.05,903.14,910.93,902.11,10273975.32,csi300,沪深300,884.15,882.3048,888.0726666666667,897.8536666666666,911.2216999999999
2005-12-22,902.37,908.75,909.06,900.66,8947025.43,csi300,沪深300,885.5130000000001,884.1483999999999,887.8306666666666,898.1041666666666,910.6269
2005-12-23,908.96,915.89,915.89,908.51,11906998.09,csi300,沪深300,887.1020000000001,885.4944,887.8263333333333,898.5741666666667,910.0880000000001
2005-12-26,916.67,922.38,925.01,916.41,15342649.31,csi300,沪深300,889.2125,887.0347999999999,887.8911666666667,899.1279166666667,909.5505499999999
2005-12-27,922.44,919.36,922.44,916.01,12050358.24,csi300,沪深300,891.615,889.0244,888.1436666666666,899.7085833333333,908.9024000000001
2005-12-28,919.05,920.92,920.98,915.12,12131031.5,csi300,沪深300,893.9694999999999,890.812,888.4303333333334,900.3615833333333,908.2742999999999
2005-12-29,921.14,932.03,932.03,921.14,17254958.71,csi300,沪深300,896.9174999999999,892.8336,888.6978333333334,901.0890833333334,907.8223999999999
2005-12-30,933.45,923.45,934.0,921.83,15600250.63,csi300,沪深300,899.5930000000001,894.4071999999999,888.7988333333334,901.8720833333333,907.3025
2006-01-04,926.56,941.43,941.43,926.41,21126899.0,csi300,沪深300,903.684,896.8575999999999,889.3673333333334,902.8498333333334,906.8544999999999
2006-01-05,943.85,959.13,959.63,942.31,27311743.0,csi300,沪深300,908.3365,900.3703999999999,890.0241666666667,903.7440833333333,906.5825500000001
2006-01-06,961.92,970.03,975.63,956.04,30286368.0,csi300,沪深300,913.146,904.2184,890.7998333333334,904.77575,906.41735
2006-01-09,971.09,975.25,976.27,966.05,24329552.0,csi300,沪深300,918.2055,908.3056,891.7790000000001,905.8229166666666,906.3292999999999
2006-01-10,975.28,978.15,978.28,964.43,22735302.0,csi300,沪深300,922.7450000000001,912.6339999999999,893.001,906.9658333333334,906.3267
2006-01-11,977.64,973.48,983.39,963.39,26524138.0,csi300,沪深300,926.993,917.1887999999999,894.2653333333333,908.1365000000001,906.2846499999999
2006-01-12,972.39,983.72,984.08,968.54,21896680.0,csi300,沪深300,931.7239999999999,921.8944,895.6211666666667,909.37075,906.38315
2006-01-13,985.04,978.81,988.11,973.69,22281861.0,csi300,沪深300,935.757,926.0931999999999,896.9556666666666,910.5055,906.4821499999999
2006-01-16,977.89,961.44,977.89,960.88,20305215.0,csi300,沪深300,939.0074999999999,929.5884,897.981,911.48425,906.4653500000001
2006-01-17,959.4,964.29,965.98,952.23,16037276.0,csi300,沪深300,942.094,932.6656000000002,898.9789999999999,912.3559166666666,906.4720000000001
2006-01-18,964.16,983.62,984.67,963.08,20823518.0,csi300,沪深300,946.1295,936.4696,900.2618333333334,913.41225,906.5866000000001
2006-01-19,985.23,991.22,992.27,978.28,26455609.0,csi300,沪深300,950.3245,940.5544,901.8776666666666,914.3684166666667,906.76675
2006-01-20,991.57,993.34,994.5,987.06,26147062.0,csi300,沪深300,954.8344999999999,944.3620000000001,903.8363333333333,915.1961666666667,907.0483
2006-01-23,993.74,996.16,997.33,989.34,22546019.0,csi300,沪深300,959.2049999999999,948.3512000000001,905.8415,916.0734166666667,907.3181
2006-01-24,997.79,999.09,1006.15,993.39,24197991.0,csi300,沪深300,963.365,952.2123999999999,908.0308333333334,916.9978333333333,907.4227999999999
2006-01-25,998.84,1009.6,1009.65,989.51,21800758.0,csi300,沪深300,967.7259999999999,956.48,910.2528333333333,917.9810833333333,907.6599500000001
2006-02-06,1013.43,1033.23,1033.35,1012.81,25038771.0,csi300,沪深300,973.4195,961.5164,912.9254999999999,919.0613333333333,908.0481
2006-02-07,1034.68,1029.94,1038.5,1019.94,32954787.0,csi300,沪深300,978.8705,966.5884,915.3831666666666,920.0644166666667,908.32945
2006-02-08,1028.44,1033.07,1033.4,1022.94,26986729.0,csi300,沪深300,983.9225,971.5612,918.0246666666666,921.13875,908.5711500000001
2006-02-09,1033.19,1019.6,1033.19,1017.05,23839601.0,csi300,沪深300,988.7299999999999,975.7096,920.3786666666666,921.9370833333334,908.6519000000001
2006-02-10,1019.42,1032.34,1032.6,1018.48,22024453.0,csi300,沪深300,993.2755,980.1080000000001,922.963,922.811,908.8364999999999
2006-02-13,1034.38,1031.61,1034.64,1021.84,22157298.0,csi300,沪深300,996.8994999999999,984.5980000000001,925.4645,923.632,909.10105
2006-02-14,1032.65,1038.53,1038.81,1030.46,18556220.0,csi300,沪深300,1000.3245,989.3024,928.1191666666667,924.45,909.2891999999999
2006-02-15,1040.33,1041.66,1048.34,1038.74,24784628.0,csi300,沪深300,1003.6449999999999,993.6876,931.0973333333333,925.1805833333333,909.5626
2006-02-16,1041.67,1020.12,1041.67,1019.21,26159892.0,csi300,沪深300,1005.7435000000002,997.5544,933.6861666666666,925.86225,909.7928000000002
2006-02-17,1020.06,1020.37,1028.57,1015.99,21026875.0,csi300,沪深300,1008.088,1000.7120000000001,936.3231666666667,926.4111666666666,910.0758000000001
2006-02-20,1020.74,1021.64,1030.05,1020.02,18818883.0,csi300,沪深300,1009.984,1003.2124,939.0731666666667,927.0493333333333,910.35455
2006-02-21,1020.98,1038.82,1038.94,1014.66,23678039.0,csi300,沪深300,1012.9844999999999,1005.964,942.0015000000001,927.7644166666666,910.7943
2006-02-22,1039.65,1037.89,1046.45,1036.38,25380704.0,csi300,沪深300,1016.807,1008.4696,944.922,928.7412499999999,911.2638499999999
2006-02-23,1038.25,1041.37,1041.59,1029.25,19785037.0,csi300,沪深300,1020.6610000000001,1010.9984,947.5741666666668,929.7273333333334,911.7752
2006-02-24,1041.97,1049.44,1049.69,1041.97,19676104.0,csi300,沪深300,1023.952,1014.0368000000001,950.3336666666667,930.70875,912.3720500000001
2006-02-27,1055.95,1047.85,1057.22,1045.97,22872099.0,csi300,沪深300,1026.7835,1016.602,953.3041666666666,931.74575,912.9259
2006-02-28,1046.71,1053.01,1053.72,1033.66,19353267.0,csi300,沪深300,1029.767,1019.57,956.2505,932.7654166666666,913.55795
2006-03-01,1051.76,1056.62,1057.69,1049.64,19425730.0,csi300,沪深300,1032.79,1023.3772,959.1693333333334,933.8195833333333,914.1306999999999
2006-03-02,1055.86,1038.67,1056.05,1034.68,24877861.0,csi300,沪深300,1034.769,1026.3524,961.7453333333334,934.7396666666667,914.66205
2006-03-03,1037.99,1041.68,1043.42,1029.56,21200539.0,csi300,沪深300,1036.373,1028.6748,964.4371666666666,935.7755833333333,915.3246
2006-03-06,1041.75,1038.87,1044.42,1036.11,17870963.0,csi300,沪深300,1036.6550000000002,1030.5808,967.2298333333333,936.8088333333333,915.95355
2006-03-07,1037.93,1014.97,1037.98,1013.14,19336516.0,csi300,沪深300,1035.9064999999998,1031.4460000000001,969.5821666666666,937.53425,916.51915
2006-03-08,1012.58,1009.27,1014.97,999.93,17463055.0,csi300,沪深300,1034.7165,1031.9704,971.8521666666667,938.0735000000001,917.1364
2006-03-09,1006.97,1004.34,1010.91,1002.2,12735099.0,csi300,沪深300,1033.9535,1032.1804,974.0921666666667,938.5440833333333,917.7204
2006-03-10,1004.75,1008.9,1011.76,1004.69,11887983.0,csi300,沪深300,1032.7815,1032.1524,976.5803333333333,939.01225,918.38855
2006-03-13,1008.8,1019.86,1020.88,1008.51,11765911.0,csi300,沪深300,1032.194,1031.6176,979.1433333333333,939.706,919.0805499999999
2006-03-14,1020.47,1018.27,1021.65,1012.11,11348030.0,csi300,沪深300,1031.181,1031.1508000000001,981.5504999999999,940.2519166666666,919.7559000000001
2006-03-15,1018.15,1028.96,1028.97,1017.08,14842068.0,csi300,沪深300,1030.546,1030.9864,984.1321666666666,940.8659166666667,920.47985
2006-03-16,1028.96,1027.62,1029.81,1025.52,14784339.0,csi300,沪深300,1030.9209999999998,1031.3072,986.4698333333332,941.5205,921.2041499999999
2006-03-17,1027.64,1024.02,1029.56,1021.08,15001924.0,csi300,沪深300,1031.1035,1030.9744,988.7281666666667,942.1414166666667,922.0075499999999
2006-03-20,1024.5,1037.66,1037.91,1019.65,15389912.0,csi300,沪深300,1031.9045,1031.2164,991.2041666666667,942.7571666666666,922.8535499999999
2006-03-21,1037.95,1040.76,1047.05,1036.24,19077662.0,csi300,沪深300,1032.0014999999999,1031.3056,993.581,943.34525,923.7150999999999
2006-03-22,1041.14,1047.67,1047.94,1036.71,18640575.0,csi300,沪深300,1032.4905,1031.546,996.1016666666667,943.9958333333333,924.6668000000001
2006-03-23,1047.35,1048.54,1049.33,1042.83,20467885.0,csi300,沪深300,1032.849,1032.6828,998.5346666666667,944.6711666666667,925.6619499999999
2006-03-24,1049.12,1042.6,1051.76,1041.23,20098237.0,csi300,沪深300,1032.507,1033.572,1000.8628333333332,945.2666666666667,926.5969
2006-03-27,1042.63,1050.71,1050.71,1037.08,17134070.0,csi300,沪深300,1032.65,1034.7348,1003.2526666666666,946.0065833333334,927.5706999999999
2006-03-28,1050.07,1055.98,1056.52,1048.64,22273999.0,csi300,沪深300,1032.7985,1035.4212,1005.8,946.9363333333333,928.66295
2006-03-29,1058.74,1065.29,1074.04,1057.68,30526345.0,csi300,沪深300,1033.232,1036.5172,1008.409,948.1198333333333,929.8975
2006-03-30,1065.84,1055.63,1067.99,1055.14,22012494.0,csi300,沪深300,1034.08,1037.0876,1010.7379999999999,949.2821666666666,931.0855
2006-03-31,1053.85,1061.09,1061.47,1050.22,22276190.0,csi300,沪深300,1035.0504999999998,1037.5536,1013.0498333333333,950.4704999999999,932.19595
2006-04-03,1061.96,1079.32,1079.37,1061.96,27729761.0,csi300,沪深300,1037.0729999999999,1038.8123999999998,1015.7158333333334,951.92975,933.4061499999999
2006-04-04,1080.86,1089.37,1089.37,1076.2,31148757.0,csi300,沪深300,1040.793,1040.2668,1018.5233333333332,953.4768333333334,934.32415
2006-04-05,1091.18,1099.97,1100.56,1089.55,32936914.0,csi300,沪深300,1045.328,1042.0007999999998,1021.3223333333333,955.0100833333332,935.2610000000001
2006-04-06,1102.54,1103.24,1109.68,1097.32,36167049.0,csi300,沪深300,1050.273,1044.5836,1024.3188333333335,956.5588333333333,936.3044
2006-04-07,1102.94,1103.15,1105.1,1091.89,32570860.0,csi300,沪深300,1054.9855,1047.0424,1027.0141666666666,958.19075,937.35535
2006-04-10,1104.32,1117.91,1118.08,1100.69,32067520.0,csi300,沪深300,1059.888,1050.2040000000002,1029.6605,959.8423333333334,938.5272
2006-04-11,1120.16,1123.31,1126.09,1112.01,35607520.0,csi300,沪深300,1065.1399999999999,1054.5375999999999,1032.2151666666666,961.5074999999999,939.8095999999999
2006-04-12,1123.78,1117.07,1123.78,1116.15,30333845.0,csi300,沪深300,1069.5455,1058.8496,1034.5788333333333,963.1789166666666,940.99875
2006-04-13,1116.84,1093.93,1122.39,1093.51,33824146.0,csi300,沪深300,1072.861,1062.4332,1036.5085000000001,964.75475,942.06665
2006-04-14,1091.69,1118.61,1118.67,1091.67,33527962.0,csi300,沪深300,1077.5905,1066.8216,1038.9273333333333,966.5963333333333,943.1284
2006-04-17,1120.19,1124.41,1129.15,1114.53,35704548.0,csi300,沪深300,1081.928,1071.0036,1041.2721666666666,968.4466666666667,944.2696
2006-04-18,1127.51,1131.28,1135.45,1119.27,32317223.0,csi300,沪深300,1086.4540000000002,1075.524,1043.8133333333333,970.3845,945.42275
2006-04-19,1135.61,1138.24,1140.41,1125.2,34322898.0,csi300,沪深300,1090.9825,1079.8952,1046.76,972.3705000000001,946.6461
2006-04-20,1139.64,1134.38,1142.54,1127.09,37885651.0,csi300,沪深300,1095.2745,1084.1656,1049.5948333333333,974.2869166666666,947.8265000000001
2006-04-21,1133.21,1149.16,1152.89,1127.65,40772910.0,csi300,沪深300,1100.6025,1089.1712,1052.3538333333333,976.3078333333334,948.9920999999999
2006-04-24,1156.91,1142.7,1160.58,1135.75,45936219.0,csi300,沪深300,1105.202,1093.3728,1054.8785,978.3780833333333,950.187
2006-04-25,1139.5,1141.93,1149.54,1123.1,38611125.0,csi300,沪深300,1109.4995,1097.4196000000002,1057.355,980.5956666666667,951.40215
2006-04-26,1142.9,1155.73,1162.02,1142.07,41824301.0,csi300,沪深300,1114.0215,1101.742,1060.0145,982.928,952.7873500000001
2006-04-27,1157.38,1155.27,1159.9,1145.26,31980451.0,csi300,沪深300,1119.0035,1106.0112000000001,1062.6174999999998,985.3241666666668,954.26625
2006-04-28,1143.59,1172.35,1173.88,1133.19,40801858.0,csi300,沪深300,1124.5665000000001,1111.2012,1065.3300000000002,987.7914166666667,955.8483499999999
2006-05-08,1179.58,1218.44,1218.86,1179.58,44912821.0,csi300,沪深300,1131.5225,1117.9104,1068.4168333333334,990.6711666666666,957.69215
2006-05-09,1226.31,1251.61,1252.76,1222.68,55993861.0,csi300,沪深300,1139.6345000000001,1125.7356,1072.1113333333333,993.74725,959.7374000000001
2006-05-10,1257.98,1265.93,1273.68,1243.47,55667043.0,csi300,沪深300,1147.9325000000001,1133.7612,1075.9923333333334,997.0085,961.8434
2006-05-11,1267.22,1255.04,1294.87,1254.35,61133725.0,csi300,沪深300,1155.5225,1141.7376000000002,1079.9163333333333,1000.1474999999999,963.9711499999999
2006-05-12,1255.23,1296.26,1296.38,1252.68,54920331.0,csi300,沪深300,1165.178,1151.1444000000001,1084.315,1003.6389999999999,966.3319499999999
2006-05-15,1312.14,1352.16,1352.41,1301.8,73534005.0,csi300,沪深300,1176.8905,1162.058,1089.6575,1007.5609999999999,968.83365
2006-05-16,1368.13,1331.13,1387.4,1322.14,79658170.0,csi300,沪深300,1187.2815,1171.7284,1094.5341666666668,1011.3266666666666,971.25815
2006-05-17,1331.69,1335.52,1356.13,1306.87,61823287.0,csi300,沪深300,1198.2040000000002,1181.1504,1099.4318333333333,1015.2645833333333,973.6878
2006-05-18,1322.65,1331.2,1340.52,1301.11,52056363.0,csi300,沪深300,1210.0674999999999,1190.2688,1104.6165,1019.1513333333334,976.1388000000001
2006-05-19,1334.07,1366.1,1371.22,1329.32,67123869.0,csi300,沪深300,1222.442,1200.7867999999999,1110.3786666666667,1023.3509166666666,978.8043000000001
2006-05-22,1366.32,1373.67,1387.57,1360.35,66262172.0,csi300,沪深300,1234.905,1211.0172,1116.2458333333334,1027.6595,981.4945999999999
2006-05-23,1365.1,1317.65,1365.1,1316.55,56872388.0,csi300,沪深300,1244.2235,1218.7908,1120.893,1031.44725,983.86965
2006-05-24,1325.68,1308.24,1351.31,1277.33,51176632.0,csi300,沪深300,1252.7234999999998,1226.4376000000002,1125.3988333333334,1035.1604166666666,986.1909
2006-05-25,1304.69,1307.7,1316.48,1285.73,34046436.0,csi300,沪深300,1261.3895,1234.9884000000002,1129.8376666666666,1038.7059166666668,988.43095
2006-05-26,1312.24,1331.02,1331.45,1309.46,36385665.0,csi300,沪深300,1270.4825,1243.4848000000002,1134.5306666666665,1042.4321666666667,990.8017500000001
2006-05-29,1339.9,1366.29,1366.84,1330.63,44480011.0,csi300,沪深300,1281.662,1253.16,1139.838,1046.5710833333333,993.2507999999999
2006-05-30,1375.3,1378.76,1384.68,1360.55,44761027.0,csi300,沪深300,1293.5035,1263.0592000000001,1145.2671666666668,1050.7588333333333,995.6745500000001
2006-05-31,1377.45,1365.45,1386.94,1355.01,47335883.0,csi300,沪深300,1303.9895000000001,1272.1476,1150.4143333333334,1054.7918333333332,998.04735
2006-06-01,1364.18,1402.88,1403.27,1362.94,53493453.0,csi300,沪深300,1316.3700000000001,1282.8876,1156.4845,1059.1149166666667,1000.62095
2006-06-02,1406.62,1390.12,1411.78,1382.0,64109162.0,csi300,沪深300,1327.2585000000001,1292.526,1162.2918333333332,1063.3645,1003.1135
2006-06-05,1391.46,1403.16,1403.3,1362.72,55101819.0,csi300,沪深300,1336.4945,1302.9444,1168.3633333333335,1067.7965833333333,1005.6113
2006-06-06,1400.27,1399.14,1413.11,1391.9,46835278.0,csi300,沪深300,1343.8709999999999,1313.2328,1174.7661666666668,1072.1741666666667,1008.0591499999999
2006-06-07,1398.18,1320.23,1398.18,1319.7,52047647.0,csi300,沪深300,1346.5859999999998,1319.8128,1179.9488333333334,1075.9005,1010.13955
2006-06-08,1309.07,1325.98,1331.89,1286.9,45677509.0,csi300,沪深300,1350.1330000000003,1326.6412,1185.3094999999998,1079.7008333333333,1012.15045
2006-06-09,1320.81,1294.19,1329.84,1293.05,37392623.0,csi300,沪深300,1350.0295,1331.5148000000002,1190.0643333333333,1083.3223333333333,1013.98405
2006-06-12,1283.83,1297.67,1308.12,1275.4,25033331.0,csi300,沪深300,1347.3049999999998,1334.684,1194.6945,1086.9189166666667,1015.80695
2006-06-13,1296.41,1298.28,1312.13,1284.62,27823031.0,csi300,沪深300,1345.6625,1336.5508000000002,1199.3613333333333,1090.4559166666668,1017.5965
2006-06-14,1291.69,1283.88,1291.69,1269.52,28801661.0,csi300,沪深300,1343.0805,1337.2688,1203.6100000000001,1093.8710833333332,1019.24595
2006-06-15,1283.72,1285.39,1300.11,1280.5,23241302.0,csi300,沪深300,1340.7900000000002,1338.4828,1207.9061666666666,1097.1879999999999,1020.9812999999999
2006-06-16,1290.0,1318.01,1318.02,1290.0,28408032.0,csi300,沪深300,1338.3854999999999,1339.3528,1212.806,1100.7670833333332,1022.7988499999999
2006-06-19,1306.26,1334.89,1341.99,1294.9,30726258.0,csi300,沪深300,1336.4465,1338.662,1217.7598333333333,1104.482,1024.7479999999998
2006-06-20,1333.62,1338.22,1341.24,1323.78,27797058.0,csi300,沪深300,1337.475,1338.9456,1222.7174999999997,1108.14925,1026.67405
2006-06-21,1336.84,1333.53,1347.0,1320.41,32445479.0,csi300,沪深300,1338.7395000000001,1338.866,1227.481833333333,1111.79175,1028.7383499999999
2006-06-22,1331.93,1331.55,1341.73,1326.15,25953157.0,csi300,沪深300,1339.932,1338.88,1232.1986666666667,1115.3666666666666,1030.7809
2006-06-23,1329.11,1339.45,1340.27,1319.51,25651644.0,csi300,沪深300,1340.3535,1337.8139999999999,1237.1461666666664,1119.0045,1032.8198
2006-06-26,1341.61,1363.41,1363.57,1341.61,29595920.0,csi300,沪深300,1340.2095,1337.4035999999999,1242.3578333333332,1122.8052500000001,1035.0198
2006-06-27,1365.04,1363.9,1368.41,1354.09,26454734.0,csi300,沪深300,1339.4665,1339.2536000000002,1247.4898333333333,1126.6449166666666,1037.18605
2006-06-28,1361.79,1362.89,1366.34,1353.63,25791657.0,csi300,沪深300,1339.3385,1341.4396,1252.4498333333333,1130.4294166666666,1039.3499000000002
2006-06-29,1365.25,1395.12,1395.24,1365.25,42439201.0,csi300,沪深300,1338.9505,1344.9363999999998,1258.108,1134.423,1041.6842
2006-06-30,1402.6,1393.96,1408.79,1384.99,38396745.0,csi300,沪深300,1339.1425000000002,1347.454,1263.6558333333335,1138.3528333333334,1044.06715
2006-07-03,1398.74,1420.33,1420.33,1393.92,38297385.0,csi300,沪深300,1340.001,1349.6156,1269.3393333333333,1142.5275833333333,1046.5944
2006-07-04,1423.08,1411.01,1426.1,1401.15,42749803.0,csi300,沪深300,1340.5945000000002,1350.9056,1274.7,1146.6116666666667,1049.00985
2006-07-05,1409.9,1393.01,1409.9,1377.22,33446005.0,csi300,沪深300,1344.2335,1352.0079999999998,1279.5839999999998,1150.4531666666667,1051.2521
2006-07-06,1391.64,1418.68,1418.76,1390.19,32480734.0,csi300,沪深300,1348.8685,1352.64,1284.8413333333335,1154.5800833333333,1053.60615
2006-07-07,1423.72,1410.43,1426.4,1405.99,33556176.0,csi300,沪深300,1354.6805,1353.4524,1289.9626666666666,1158.4884166666666,1055.8947
2006-07-10,1410.5,1412.12,1413.58,1397.44,27607369.0,csi300,沪深300,1360.403,1353.8108,1294.8661666666667,1162.263333333333,1058.27225
2006-07-11,1414.14,1418.58,1418.82,1406.5,28537379.0,csi300,沪深300,1366.4180000000001,1354.5883999999999,1299.7873333333332,1166.00125,1060.60135
2006-07-12,1419.07,1419.2,1430.94,1416.74,36293417.0,csi300,沪深300,1373.184,1358.5472,1304.8228333333332,1169.700833333333,1062.92095
2006-07-13,1415.88,1346.09,1418.14,1344.16,48970673.0,csi300,沪深300,1376.2189999999998,1359.3516,1309.0255,1172.767,1064.90605
2006-07-14,1333.74,1357.13,1367.74,1327.59,32659105.0,csi300,沪深300,1378.175,1361.8692,1313.000833333333,1175.964083333333,1066.94415
2006-07-17,1354.14,1372.25,1372.25,1348.43,24205552.0,csi300,沪深300,1380.0430000000001,1364.8524,1317.1315,1179.2018333333333,1068.98655
2006-07-18,1370.9,1373.42,1373.59,1359.91,22724544.0,csi300,沪深300,1381.803,1367.8580000000002,1321.1671666666668,1182.4902499999998,1071.0027
2006-07-19,1370.29,1336.64,1370.29,1330.28,25227647.0,csi300,沪深300,1381.9585000000002,1369.9684000000002,1324.4738333333335,1185.6169166666668,1072.8379
2006-07-20,1335.41,1345.19,1346.85,1329.18,18450621.0,csi300,沪深300,1382.6405,1372.3603999999998,1327.9873333333333,1188.7910833333333,1074.72635
2006-07-21,1344.6,1356.03,1357.34,1344.57,20393648.0,csi300,沪深300,1383.4695000000002,1373.8812000000003,1331.4351666666669,1191.8945,1076.6508000000001
2006-07-24,1340.28,1358.12,1359.56,1327.9,19966190.0,csi300,沪深300,1383.2050000000002,1374.8104,1335.0255,1194.9520000000002,1078.6317999999999
2006-07-25,1359.32,1374.17,1378.84,1359.32,22023509.0,csi300,沪深300,1383.7185,1376.2484,1338.8961666666667,1198.1255833333335,1080.7806
2006-07-26,1377.78,1371.3,1380.8,1367.05,19633442.0,csi300,沪深300,1384.139,1377.7592000000002,1342.4890000000003,1201.2517500000001,1083.02075
2006-07-27,1370.75,1355.55,1379.25,1347.29,23818755.0,csi300,沪深300,1382.1605000000002,1378.7192000000002,1345.8270000000002,1204.22225,1085.21775
2006-07-28,1354.92,1341.39,1359.74,1327.66,21557505.0,csi300,沪深300,1379.532,1378.7968000000003,1348.6443333333334,1206.9871666666668,1087.3322500000002
2006-07-31,1338.04,1294.33,1338.04,1293.53,22181211.0,csi300,沪深300,1373.232,1376.0335999999998,1349.9091666666666,1209.163,1089.2828499999998
2006-08-01,1292.71,1282.06,1302.89,1278.54,17443887.0,csi300,沪深300,1366.7845,1372.76,1350.4166666666667,1211.264,1091.17455
2006-08-02,1281.89,1275.09,1288.61,1258.01,17813284.0,csi300,沪深300,1360.8885,1369.2479999999998,1350.5693333333334,1213.2808333333332,1092.9701
2006-08-03,1277.63,1271.74,1281.79,1261.69,12940473.0,csi300,沪深300,1353.5415,1364.3128000000004,1350.847666666667,1215.3820000000003,1094.7418499999999
2006-08-04,1272.36,1241.91,1278.25,1239.38,16053628.0,csi300,沪深300,1345.1155,1358.2308000000003,1349.9418333333333,1217.1284166666667,1096.4148
2006-08-07,1233.49,1224.1,1241.85,1221.99,15116519.0,csi300,沪深300,1335.7145,1350.3816,1347.8075,1218.7324999999998,1097.9367
2006-08-08,1225.04,1252.39,1252.39,1225.04,14250481.0,csi300,沪深300,1327.405,1344.0367999999999,1346.4951666666668,1220.5146666666667,1099.5811999999999
2006-08-09,1254.37,1251.3,1258.21,1245.39,12859474.0,csi300,沪深300,1319.01,1338.3684,1345.0915,1222.2616666666665,1101.2552
2006-08-10,1251.16,1271.47,1271.47,1251.08,17699006.0,csi300,沪深300,1315.279,1332.48,1344.0960000000002,1224.35625,1103.0884
2006-08-11,1273.27,1275.65,1277.97,1265.52,15303227.0,csi300,沪深300,1311.2050000000002,1327.0888,1342.5885,1226.4835833333334,1104.97855
2006-08-14,1275.14,1245.72,1279.31,1241.95,16444469.0,csi300,沪深300,1304.8785,1320.4328,1340.456,1228.3509166666665,1106.6953
2006-08-15,1243.16,1265.86,1265.86,1239.91,14319360.0,csi300,沪深300,1299.5004999999999,1314.3239999999998,1339.5928333333334,1230.2429166666668,1108.5309
2006-08-16,1266.82,1283.57,1283.57,1262.54,20802743.0,csi300,沪深300,1296.847,1308.8988,1339.1816666666666,1232.2902499999998,1110.4491500000001
2006-08-17,1280.28,1271.63,1280.28,1263.93,15457904.0,csi300,沪深300,1293.169,1305.9204,1338.5805,1234.2090833333334,1112.2852500000001
2006-08-18,1270.23,1267.87,1280.83,1265.82,13964524.0,csi300,沪深300,1288.761,1302.35,1337.5279999999998,1236.0293333333332,1114.09135
2006-08-21,1235.43,1270.56,1270.67,1229.17,15064766.0,csi300,沪深300,1284.383,1298.2823999999998,1335.9325000000001,1237.88525,1115.9728
2006-08-22,1270.1,1285.27,1289.02,1269.1,17200942.0,csi300,沪深300,1279.938,1294.7564,1334.3743333333332,1239.8207499999999,1118.0200499999999
2006-08-23,1284.82,1285.68,1294.83,1282.84,19092875.0,csi300,沪深300,1275.657,1292.718,1333.0448333333334,1241.7295833333333,1120.0692
2006-08-24,1284.84,1292.4,1292.4,1274.56,15081306.0,csi300,沪深300,1272.4995,1290.6064,1331.2034999999998,1243.844,1122.19255
2006-08-25,1293.5,1295.44,1301.75,1292.45,18557937.0,csi300,沪深300,1270.202,1288.1828,1329.6254999999999,1245.9586666666664,1124.28835
2006-08-28,1298.46,1325.89,1325.89,1298.36,26183290.0,csi300,沪深300,1271.7800000000002,1286.8936,1328.3376666666666,1248.3505,1126.55345
2006-08-29,1328.61,1330.16,1349.2,1327.0,31766376.0,csi300,沪深300,1274.185,1285.1332,1327.1879999999999,1250.9770833333334,1128.79185
2006-08-30,1328.37,1334.67,1336.39,1319.82,21139949.0,csi300,沪深300,1277.164,1283.6680000000001,1327.4286666666667,1253.68875,1131.0923
2006-08-31,1335.59,1338.69,1342.79,1331.29,23188274.0,csi300,沪深300,1280.5115,1282.9936,1327.6405000000002,1256.475,1133.3939500000001
2006-09-01,1339.31,1318.1,1340.13,1314.57,25033688.0,csi300,沪深300,1284.321,1282.0620000000001,1328.039,1259.0516666666667,1135.5980499999998
2006-09-04,1315.71,1337.24,1337.24,1315.61,21095340.0,csi300,沪深300,1289.978,1283.7784,1328.6985,1261.6964999999998,1137.8766500000002
2006-09-05,1339.59,1340.68,1345.71,1334.72,26868110.0,csi300,沪深300,1294.3925000000002,1286.1232,1329.405166666667,1264.38325,1140.1838
2006-09-06,1341.4,1346.37,1346.37,1331.85,23153112.0,csi300,沪深300,1299.1460000000002,1288.9744,1330.4466666666667,1267.0283333333334,1142.6008
2006-09-07,1348.17,1328.38,1348.28,1323.98,21886449.0,csi300,沪深300,1301.9915,1291.24,1331.1631666666667,1269.5346666666667,1144.91875
2006-09-08,1327.56,1332.15,1334.73,1326.25,17230273.0,csi300,沪深300,1304.8165,1294.8496,1331.3988333333334,1272.1024166666668,1147.26875
2006-09-11,1331.89,1338.76,1338.76,1319.21,20947266.0,csi300,沪深300,1309.4685000000002,1299.4360000000001,1331.4633333333334,1274.611583333333,1149.6793499999999
2006-09-12,1338.81,1347.64,1350.53,1337.3,27301891.0,csi300,沪深300,1313.5575000000001,1303.2459999999999,1331.6203333333333,1277.1689166666667,1152.10195
2006-09-13,1348.85,1338.39,1356.86,1337.46,32821191.0,csi300,沪深300,1316.2985,1306.7296000000001,1331.7013333333334,1279.5915833333333,1154.4805999999999
2006-09-14,1338.35,1338.28,1345.59,1323.8,22217284.0,csi300,沪深300,1319.6309999999999,1309.402,1331.8135,1282.0060833333332,1156.7608
2006-09-15,1338.41,1362.32,1362.4,1338.14,36057148.0,csi300,沪深300,1324.3535,1312.8688,1332.1946666666668,1284.6704166666666,1159.1530500000001
2006-09-18,1367.65,1375.56,1375.58,1362.14,31454851.0,csi300,沪深300,1329.6035,1318.0623999999998,1332.3971666666666,1287.3774999999998,1161.6827500000002
2006-09-19,1377.72,1378.31,1385.62,1371.43,26648301.0,csi300,沪深300,1334.2555,1322.5604,1332.6373333333331,1290.0635833333333,1164.19315
2006-09-20,1376.12,1378.46,1381.81,1365.72,23445880.0,csi300,沪深300,1338.8944999999999,1326.356,1332.8968333333332,1292.6733333333334,1166.678
2006-09-21,1378.46,1387.37,1390.62,1378.46,26094121.0,csi300,沪深300,1343.643,1330.9856,1332.7676666666666,1295.4378333333334,1169.1942999999999
2006-09-22,1389.87,1374.85,1393.53,1373.94,28265042.0,csi300,沪深300,1347.6135,1335.2648000000002,1332.4491666666665,1298.0525000000002,1171.6677
2006-09-25,1372.81,1372.4,1383.77,1361.61,24584780.0,csi300,沪深300,1349.9389999999999,1339.3383999999999,1331.6503333333335,1300.4948333333334,1174.17315
2006-09-26,1370.86,1357.65,1371.58,1351.18,19703278.0,csi300,沪深300,1351.3135,1342.2336000000003,1330.761,1302.7305000000001,1176.5922500000001
2006-09-27,1357.28,1371.12,1371.12,1355.39,17580323.0,csi300,沪深300,1353.136,1345.6512,1330.3961666666667,1304.9900833333334,1179.0825
2006-09-28,1372.13,1387.0,1389.56,1369.4,21687792.0,csi300,沪深300,1355.5515,1349.4352,1329.8681666666666,1307.35475,1181.6678
2006-09-29,1389.08,1403.27,1405.56,1389.04,27166742.0,csi300,沪深300,1359.81,1353.7484,1329.7488333333336,1309.85575,1184.3861
2006-10-09,1420.36,1436.07,1436.07,1418.21,39191862.0,csi300,沪深300,1364.7514999999999,1358.1556,1330.1480000000001,1312.5070833333334,1187.23605
2006-10-10,1437.69,1437.25,1443.5,1426.97,38400486.0,csi300,沪深300,1369.58,1362.4392,1330.4591666666668,1315.1232499999999,1190.0531
2006-10-11,1436.68,1435.91,1440.21,1421.81,31617987.0,csi300,沪深300,1374.057,1366.4888,1330.7376666666669,1317.78025,1192.86235
2006-10-12,1436.2,1426.5,1438.8,1423.63,37956237.0,csi300,沪深300,1378.963,1370.0012,1332.0778333333333,1320.5516666666665,1195.55805
2006-10-13,1424.3,1430.88,1436.1,1420.96,28295156.0,csi300,沪深300,1383.8995,1374.5123999999998,1333.3070000000002,1323.1539166666666,1198.26985
2006-10-16,1432.31,1418.52,1434.53,1415.49,28492186.0,csi300,沪深300,1387.8875,1377.7636000000002,1334.0781666666667,1325.6048333333333,1200.91695
2006-10-17,1416.95,1414.45,1426.29,1410.67,24224403.0,csi300,沪深300,1391.2279999999998,1380.7144,1334.762,1327.9645833333334,1203.49845
2006-10-18,1413.91,1437.59,1437.59,1413.55,24290308.0,csi300,沪深300,1396.1879999999999,1384.3631999999998,1336.4445,1330.4591666666668,1206.20425
2006-10-19,1438.84,1439.38,1445.62,1433.94,23820267.0,csi300,沪深300,1401.243,1388.8032,1338.0143333333333,1333.0008333333333,1208.88835
2006-10-20,1440.67,1440.18,1447.95,1436.65,26560143.0,csi300,沪深300,1405.136,1393.1244,1339.4168333333332,1335.426,1211.5747000000001
2006-10-23,1439.54,1408.72,1444.92,1403.01,28950377.0,csi300,沪深300,1406.794,1395.9228,1340.2601666666667,1337.642833333333,1214.0817
2006-10-24,1408.58,1440.05,1440.05,1408.58,26189972.0,csi300,沪深300,1409.8809999999999,1399.6191999999999,1341.3581666666666,1340.1271666666667,1216.76625
2006-10-25,1443.11,1446.83,1459.73,1434.81,32204895.0,csi300,沪深300,1413.2994999999999,1403.9568,1342.6169999999997,1342.553,1219.45665
2006-10-26,1447.09,1456.1,1457.37,1435.28,38466362.0,csi300,沪深300,1416.736,1408.6696,1344.2928333333332,1345.0599166666666,1222.1577
2006-10-27,1455.98,1439.05,1460.46,1433.36,37379304.0,csi300,沪深300,1419.946,1411.7388,1345.9205,1347.2824166666664,1224.74105
2006-10-30,1436.66,1446.24,1446.24,1428.33,35320452.0,csi300,沪深300,1423.6380000000001,1414.566,1348.4523333333336,1349.18075,1227.37545
2006-10-31,1447.06,1464.47,1464.48,1447.06,36952283.0,csi300,沪深300,1428.9789999999998,1418.0123999999998,1351.4924999999998,1350.9545833333332,1230.0932
2006-11-01,1465.67,1479.41,1479.41,1461.32,38926925.0,csi300,沪深300,1434.3935,1422.0503999999999,1354.8978333333332,1352.7335833333334,1232.8301000000001
2006-11-02,1480.55,1479.66,1480.55,1464.6,42373136.0,csi300,沪深300,1439.0265,1425.7420000000002,1358.3631666666668,1354.6054166666665,1235.61115
2006-11-03,1481.58,1488.29,1497.47,1480.77,39372027.0,csi300,沪深300,1443.2775,1430.2795999999998,1362.4695,1356.2056666666665,1238.34545
2006-11-06,1477.44,1507.89,1507.97,1472.0,42033510.0,csi300,沪深300,1446.8685,1435.6992,1367.1993333333332,1357.5034166666665,1241.08925
2006-11-07,1512.65,1516.1,1516.8,1491.33,43038328.0,csi300,沪深300,1450.8110000000001,1442.0372,1371.5945,1359.0448333333334,1243.8196
2006-11-08,1512.36,1498.17,1513.04,1497.01,28722405.0,csi300,沪深300,1453.924,1447.1191999999999,1375.7089999999998,1360.40025,1246.4342
2006-11-09,1491.8,1524.71,1527.38,1489.2,34030133.0,csi300,沪深300,1458.8345000000002,1452.6276,1379.9296666666667,1362.0128333333334,1249.1670000000001
2006-11-10,1525.23,1504.06,1535.2,1493.2,53922867.0,csi300,沪深300,1462.4935,1456.6592,1383.7365,1363.1625,1251.8199
2006-11-13,1498.06,1475.78,1512.95,1465.63,41653301.0,csi300,沪深300,1465.3564999999999,1458.2476000000001,1387.5708333333334,1364.0134166666664,1254.2802000000001
2006-11-14,1475.44,1493.78,1493.88,1453.26,36307885.0,csi300,沪深300,1469.323,1460.5088,1391.3695,1365.4811666666667,1256.8550500000001
2006-11-15,1494.11,1534.76,1534.85,1490.87,40589216.0,csi300,沪深300,1474.1815000000001,1464.4628,1395.556,1367.3688333333334,1259.72165
2006-11-16,1540.26,1533.29,1558.41,1531.29,57760948.0,csi300,沪深300,1478.877,1468.7344,1399.9170000000001,1369.24875,1262.56665
2006-11-17,1528.01,1562.08,1562.24,1521.55,44446191.0,csi300,沪深300,1484.972,1473.9823999999999,1404.8205000000003,1371.17425,1265.45895
2006-11-20,1567.34,1593.16,1593.19,1567.34,53412359.0,csi300,沪深300,1494.194,1480.9679999999998,1410.1971666666664,1373.0648333333334,1268.4686499999998
2006-11-21,1591.47,1612.25,1612.46,1568.95,48601842.0,csi300,沪深300,1502.804,1488.88,1415.6468333333332,1375.0105833333332,1271.5632
2006-11-22,1610.05,1624.03,1639.41,1600.38,57065495.0,csi300,沪深300,1511.664,1496.3376,1421.286,1377.1654166666667,1274.70255
2006-11-23,1623.71,1634.91,1642.81,1618.04,51360679.0,csi300,沪深300,1520.6045,1504.1588000000002,1426.9945,1379.099,1277.88165
2006-11-24,1629.89,1636.58,1640.75,1611.55,49712096.0,csi300,沪深300,1530.481,1512.0148,1432.6801666666665,1381.1528333333333,1281.01655
2006-11-27,1632.66,1651.8,1651.8,1627.92,47267270.0,csi300,沪深300,1540.759,1521.7379999999998,1438.112,1383.2248333333334,1284.1094
2006-11-28,1649.68,1644.01,1656.19,1629.83,44762916.0,csi300,沪深300,1549.736,1529.8964,1443.3428333333331,1385.2654166666664,1287.17975
2006-11-29,1617.69,1667.14,1672.91,1604.81,45578411.0,csi300,沪深300,1559.1225,1538.7088,1448.8839999999998,1388.1563333333334,1290.3500999999999
2006-11-30,1671.67,1714.36,1714.49,1671.67,60216088.0,csi300,沪深300,1570.8575,1549.0392000000002,1455.1451666666665,1391.392833333333,1293.8239
2006-12-01,1719.28,1729.22,1741.8,1715.79,58413581.0,csi300,沪深300,1582.904,1560.646,1461.9971666666668,1395.0180833333332,1297.3083
2006-12-04,1731.9,1780.74,1780.8,1731.9,71434333.0,csi300,沪深300,1596.5465,1574.026,1469.3888333333334,1399.043666666667,1301.05395
2006-12-05,1785.44,1794.23,1811.66,1777.43,67202576.0,csi300,沪深300,1610.453,1587.2163999999998,1476.9479999999999,1403.1765833333334,1304.83245
2006-12-06,1794.26,1779.41,1806.65,1717.72,81276700.0,csi300,沪深300,1624.5149999999999,1599.2164000000002,1484.1653333333334,1407.306,1308.5212000000001
2006-12-07,1774.19,1775.71,1820.72,1770.57,80487502.0,csi300,沪深300,1637.065,1611.0584,1491.6208333333334,1411.392,1312.29915
2006-12-08,1752.77,1711.58,1772.16,1710.0,66257746.0,csi300,沪深300,1647.441,1619.99,1497.9446666666665,1414.6717500000002,1315.7551999999998
2006-12-11,1705.91,1789.92,1790.12,1705.91,51335975.0,csi300,沪深300,1663.148,1631.2712,1505.4640000000002,1418.4636666666668,1319.5966
2006-12-12,1798.46,1802.79,1819.8,1772.11,57833543.0,csi300,沪深300,1678.5985,1642.7388,1513.0498333333335,1422.3350833333332,1323.41645
2006-12-13,1805.42,1803.86,1813.28,1779.56,48004458.0,csi300,沪深300,1692.0535,1654.9664000000002,1520.8076666666668,1426.2545,1327.2463
2006-12-14,1807.08,1836.14,1836.19,1805.2,47206227.0,csi300,沪深300,1707.196,1667.4235999999999,1529.1053333333334,1430.4594166666668,1331.2201499999999
2006-12-15,1842.88,1867.64,1867.78,1832.51,49414441.0,csi300,沪深300,1722.4740000000002,1681.9668,1537.5273333333332,1434.861,1335.31115
2006-12-18,1875.01,1916.11,1918.29,1875.01,61892990.0,csi300,沪深300,1738.6215,1699.58,1546.5365,1439.4668333333332,1339.65245
2006-12-19,1924.8,1921.44,1936.75,1882.54,67788935.0,csi300,沪深300,1754.0809999999997,1716.6864,1555.5886666666668,1444.113,1343.9946
2006-12-20,1912.9,1936.55,1936.8,1893.42,56348502.0,csi300,沪深300,1769.7069999999999,1732.7579999999998,1564.8901666666668,1448.8935,1348.3942500000003
2006-12-21,1935.78,1908.99,1945.47,1905.72,60225164.0,csi300,沪深300,1783.411,1747.786,1573.5838333333334,1453.1757499999999,1352.7458500000002
2006-12-22,1896.48,1895.64,1918.49,1880.57,46230501.0,csi300,沪深300,1796.364,1761.1284000000003,1582.2636666666665,1457.3564166666665,1357.0156499999998
2006-12-25,1898.82,1939.1,1957.47,1898.82,56251742.0,csi300,沪深300,1810.729,1774.9660000000001,1591.7086666666667,1461.6795,1361.5167999999999
2006-12-26,1941.8,1938.24,1959.98,1914.98,56967383.0,csi300,沪深300,1825.4405000000002,1788.0056,1601.3851666666667,1466.0730833333334,1366.1331500000001
2006-12-27,1940.41,1982.88,1983.11,1939.55,56005647.0,csi300,沪深300,1841.2274999999997,1802.3596,1611.5811666666666,1470.9886666666666,1371.0012
2006-12-28,1988.02,1979.93,2010.37,1964.97,63192834.0,csi300,沪深300,1854.506,1816.1603999999998,1621.4633333333334,1475.6657500000001,1375.87915
2006-12-29,1991.88,2041.05,2052.86,1991.88,73851947.0,csi300,沪深300,1870.0975000000003,1832.3392000000001,1632.093,1480.9209166666667,1381.0399
2007-01-04,2073.25,2067.09,2139.49,2054.24,106719707.0,csi300,沪深300,1884.4149999999997,1848.9508,1642.6100000000001,1486.3790000000001,1386.2760500000002
2007-01-05,2051.15,2072.88,2083.4,2030.76,92743447.0,csi300,沪深300,1898.3475000000003,1866.1055999999999,1653.2038333333333,1491.8315,1391.5491
2007-01-08,2072.0,2131.56,2131.74,2071.72,84767909.0,csi300,沪深300,1915.955,1884.6824,1664.798,1497.7678333333336,1397.0621
2007-01-09,2137.49,2200.09,2201.36,2128.06,81577629.0,csi300,沪深300,1937.1739999999998,1904.1116,1677.6911666666667,1504.8845,1402.9244499999998
2007-01-10,2210.76,2255.97,2255.97,2194.77,84904979.0,csi300,沪深300,1964.3934999999997,1925.1815999999997,1691.4426666666666,1512.3748333333335,1409.0842000000002
2007-01-11,2257.01,2231.63,2289.95,2224.37,86276548.0,csi300,沪深300,1986.479,1943.2172,1704.9945,1519.5363333333335,1415.05405
2007-01-12,2215.86,2173.75,2249.54,2159.77,76525720.0,csi300,沪深300,2005.027,1958.3980000000001,1717.6495,1526.20575,1420.7190000000003
2007-01-15,2170.94,2287.34,2287.68,2170.94,66403097.0,csi300,沪深300,2029.2009999999998,1978.7151999999999,1731.8120000000001,1534.12825,1426.91735
2007-01-16,2310.96,2353.87,2354.43,2297.24,76364254.0,csi300,沪深300,2055.0875,2001.8416,1747.0535000000002,1542.5339166666668,1433.444
2007-01-17,2360.41,2308.93,2393.22,2266.34,89015540.0,csi300,沪深300,2077.152,2025.7356,1761.5326666666665,1550.4747499999999,1439.7756499999998
2007-01-18,2292.17,2317.1,2325.53,2240.21,78648606.0,csi300,沪深300,2097.2015,2046.8228,1776.6723333333332,1558.46625,1446.1076
2007-01-19,2320.87,2396.09,2396.09,2320.87,83334022.0,csi300,沪深300,2120.934,2070.5548,1792.6063333333332,1566.98225,1452.80815
2007-01-22,2424.81,2491.31,2491.71,2424.81,93892993.0,csi300,沪深300,2148.672,2098.0528,1810.014333333333,1576.3156666666664,1459.93825
2007-01-23,2508.26,2508.13,2516.59,2415.11,102337616.0,csi300,沪深300,2178.629,2124.9323999999997,1827.5481666666667,1585.9205,1467.2007499999997
2007-01-24,2508.52,2536.43,2556.1,2489.93,84433697.0,csi300,沪深300,2210.6685,2151.6839999999997,1845.8378333333335,1595.8791666666666,1474.5774500000002
2007-01-25,2512.46,2452.83,2529.43,2449.05,81055151.0,csi300,沪深300,2236.355,2173.1528,1862.6143333333332,1605.5333333333333,1481.445
2007-01-26,2415.75,2512.92,2524.24,2356.98,78654008.0,csi300,沪深300,2265.089,2196.812,1880.0885000000003,1615.7905,1488.5627500000003
2007-01-29,2529.94,2576.92,2582.41,2521.5,85452085.0,csi300,沪深300,2294.791,2222.4267999999997,1898.3803333333335,1626.6390833333332,1495.9475
2007-01-30,2586.52,2551.88,2599.45,2531.78,78211528.0,csi300,沪深300,2323.3885,2248.1423999999997,1916.2506666666666,1637.306916666667,1503.1907
2007-01-31,2544.3,2385.34,2548.18,2367.67,80909137.0,csi300,沪深300,2340.603,2267.7304,1931.2015000000001,1646.8355000000001,1509.6016499999998
2007-02-01,2350.6,2395.17,2410.42,2310.57,65078095.0,csi300,沪深300,2357.007,2285.9732,1945.9895000000001,1656.5944166666668,1515.9879500000002
2007-02-02,2397.06,2298.0,2403.62,2293.28,59377154.0,csi300,沪深300,2368.263,2300.3636,1959.0211666666667,1665.3078333333333,1521.8614000000002
2007-02-05,2282.77,2271.8,2304.32,2247.93,47587506.0,csi300,沪深300,2375.275,2311.9204,1971.9150000000002,1673.8120000000001,1527.63505
2007-02-06,2271.37,2316.04,2316.7,2198.9,67010648.0,csi300,沪深300,2381.0725,2325.3648000000003,1985.1038333333333,1682.51675,1533.7456
2007-02-07,2330.43,2369.79,2390.87,2330.43,70106390.0,csi300,沪深300,2386.7635,2338.5144,1999.5326666666665,1691.6345833333335,1540.0015000000003
2007-02-08,2376.63,2410.6,2415.96,2354.7,62656540.0,csi300,沪深300,2395.712,2352.2548,2015.113,1701.3419166666667,1546.43245
2007-02-09,2412.64,2397.25,2417.64,2376.02,55515532.0,csi300,沪深300,2406.8869999999997,2365.2296,2030.1708333333333,1710.7701666666665,1552.7623
2007-02-12,2397.85,2485.39,2485.76,2396.79,54992320.0,csi300,沪深300,2416.7895,2379.3828,2046.0146666666667,1720.7853333333335,1559.4980500000001
2007-02-13,2498.35,2522.63,2526.23,2489.66,51528862.0,csi300,沪深300,2425.2275,2392.2844,2062.5036666666665,1731.2103333333334,1566.4393000000002
2007-02-14,2527.56,2588.35,2594.66,2520.53,62777279.0,csi300,沪深300,2439.1985,2405.5796,2079.6081666666664,1742.2143333333333,1573.63525
2007-02-15,2607.63,2668.63,2669.18,2607.63,71631329.0,csi300,沪深300,2456.775,2423.0596,2097.5326666666665,1753.8649166666664,1581.2649
2007-02-16,2692.67,2676.74,2717.57,2660.49,75908785.0,csi300,沪深300,2470.8075,2443.1792,2115.2741666666666,1765.4605000000001,1588.93895
2007-02-26,2679.26,2707.68,2710.3,2641.12,74531560.0,csi300,沪深300,2481.6259999999997,2459.9928,2133.335,1777.3105,1596.6987
2007-02-27,2717.81,2457.49,2719.52,2454.92,107736807.0,csi300,沪深300,2479.094,2464.1376,2147.0446666666667,1787.0195833333335,1603.2097999999999
2007-02-28,2413.42,2544.57,2554.23,2413.33,82822571.0,csi300,沪深300,2479.5009999999997,2473.5632,2162.177833333333,1797.429,1610.0709
2007-03-01,2550.26,2473.54,2550.33,2439.5,82159655.0,csi300,沪深300,2480.5364999999997,2479.8208,2175.8735,1806.9927500000001,1616.3464000000001
2007-03-02,2468.67,2508.73,2523.86,2455.82,57946805.0,csi300,沪深300,2480.327,2484.3264,2190.2855,1816.8141666666666,1622.632
2007-03-05,2503.82,2475.61,2541.82,2409.72,68517488.0,csi300,沪深300,2475.2615,2483.6983999999998,2203.76,1826.3220000000001,1628.6804000000002
2007-03-06,2467.74,2520.29,2539.45,2452.14,52633153.0,csi300,沪深300,2473.682,2484.1848,2217.1921666666667,1836.1686666666667,1635.0066499999998
2007-03-07,2532.98,2589.44,2594.46,2532.15,59720949.0,csi300,沪深300,2483.8869999999997,2486.3052000000002,2231.5291666666667,1846.7631666666666,1641.4725499999997
2007-03-08,2597.72,2627.63,2628.45,2565.11,55386559.0,csi300,沪深300,2495.51,2493.2972,2245.6440000000002,1857.5164166666666,1647.8499
2007-03-09,2632.8,2611.39,2643.81,2587.49,70411326.0,csi300,沪深300,2511.1795,2497.236,2259.263333333334,1868.1056666666666,1654.2512
2007-03-12,2612.96,2616.17,2619.5,2563.37,62468921.0,csi300,沪深300,2528.398,2498.8059999999996,2273.2093333333332,1878.687333333333,1660.6544499999998
2007-03-13,2620.72,2640.17,2641.63,2605.23,65788908.0,csi300,沪深300,2544.6045,2502.3376000000003,2287.617,1889.6189166666666,1667.1993000000002
2007-03-14,2609.93,2597.36,2625.12,2546.65,68952088.0,csi300,沪深300,2555.9829999999997,2510.8184,2302.3799999999997,1900.1623333333332,1673.3555999999999
2007-03-15,2595.54,2645.55,2645.88,2595.54,63778489.0,csi300,沪深300,2567.7305,2520.8336,2316.6405000000004,1911.0522500000002,1679.715
2007-03-16,2656.01,2604.23,2665.39,2576.32,75331850.0,csi300,沪深300,2578.0795,2533.0828,2329.9978333333333,1921.5238333333332,1686.1478999999997
2007-03-19,2533.71,2659.41,2674.8,2523.3,73983566.0,csi300,沪深300,2586.7805,2548.5872,2344.257,1932.5323333333333,1692.90375
2007-03-20,2669.64,2672.77,2674.47,2645.25,61249726.0,csi300,沪深300,2594.2875,2562.8564,2358.2008333333333,1943.6530833333336,1699.7291
2007-03-21,2685.93,2702.6,2703.0,2666.89,64612957.0,csi300,沪深300,2600.0,2576.1688,2372.116833333333,1954.8220833333332,1706.5870000000002
2007-03-22,2720.46,2711.32,2740.28,2702.41,83308074.0,csi300,沪深300,2602.1345,2588.1976,2385.3703333333333,1965.9534166666667,1713.31215
2007-03-23,2710.36,2716.27,2726.62,2653.79,73911919.0,csi300,沪深300,2604.111,2600.9584,2398.6175,1977.1030833333336,1719.9997
2007-03-26,2725.4,2764.03,2764.4,2713.93,76074773.0,csi300,沪深300,2606.9285,2612.1040000000003,2412.4088333333334,1988.6495,1726.9926
2007-03-27,2770.35,2784.02,2789.97,2753.02,80725127.0,csi300,沪深300,2623.255,2622.5595999999996,2426.9926666666665,2000.28825,1733.8983
2007-03-28,2787.24,2797.65,2806.08,2689.11,112209970.0,csi300,沪深300,2635.9090000000006,2630.9316,2442.026166666667,2012.1449166666666,1740.93595
2007-03-29,2802.38,2783.3,2830.08,2782.93,106567239.0,csi300,沪深300,2651.397,2635.5184000000004,2456.0961666666667,2023.9024166666668,1747.8366500000002
2007-03-30,2768.71,2781.78,2801.95,2753.15,62950706.0,csi300,沪深300,2665.0495,2639.72,2470.1551666666664,2035.7701666666667,1754.74985
2007-04-02,2793.96,2850.11,2850.15,2793.96,69247883.0,csi300,沪深300,2683.7745,2645.4172000000003,2484.609,2048.095083333333,1762.39925
2007-04-03,2861.9,2888.12,2888.33,2852.57,77014495.0,csi300,沪深300,2702.166,2662.6423999999997,2499.7455,2060.6044166666666,1770.20995
2007-04-04,2893.38,2911.82,2924.68,2875.69,75506658.0,csi300,沪深300,2718.2850000000003,2677.3324,2514.258333333333,2073.1756666666665,1778.2981
2007-04-05,2909.5,2945.04,2950.66,2895.42,74138991.0,csi300,沪深300,2734.1555,2696.1924,2528.8908333333334,2085.7504166666668,1786.5349500000002
2007-04-06,2921.73,2972.01,2977.46,2911.05,79102328.0,csi300,沪深300,2752.1865000000003,2714.7236,2543.876333333333,2098.5400833333333,1794.9035999999999
2007-04-09,2988.38,3038.17,3043.06,2988.38,90901705.0,csi300,沪深300,2773.2865,2737.2260000000006,2558.9865,2111.89225,1803.67505
2007-04-10,3053.36,3081.57,3081.62,2993.11,100888342.0,csi300,沪深300,2795.3565000000003,2759.6772,2573.6778333333336,2125.6845000000003,1812.65595
2007-04-11,3092.09,3121.32,3121.54,3059.28,101669935.0,csi300,沪深300,2821.5545,2780.9524000000006,2588.1003333333333,2139.7715000000003,1821.6725000000004
2007-04-12,3129.25,3176.44,3176.69,3114.91,92535186.0,csi300,沪深300,2848.099,2802.9048,2603.8471666666665,2154.420833333333,1830.88025
2007-04-13,3182.78,3169.23,3211.61,3154.11,100653116.0,csi300,沪深300,2876.349,2825.2184,2620.4384999999997,2169.044,1840.0353
2007-04-16,3177.3,3256.0,3256.57,3177.29,87928940.0,csi300,沪深300,2906.1785,2850.8116000000005,2636.5828333333334,2184.197416666667,1849.64765
2007-04-17,3273.43,3283.6,3288.17,3182.95,105307105.0,csi300,沪深300,2936.7200000000003,2876.5488,2652.0783333333334,2199.5659166666665,1859.4079000000002
2007-04-18,3294.21,3304.5,3311.98,3244.93,101426707.0,csi300,沪深300,2966.8149999999996,2904.8344,2668.671166666667,2215.1019166666665,1869.23315
2007-04-19,3297.95,3150.3,3297.95,3065.28,115270009.0,csi300,沪深300,2988.764,2925.0244000000002,2682.5578333333333,2229.615083333333,1878.1675999999998
2007-04-20,3165.67,3289.28,3297.41,3165.67,94469869.0,csi300,沪深300,3017.4145,2952.4264000000003,2697.4443333333334,2245.025333333333,1887.7945000000002
2007-04-23,3330.8,3431.32,3433.52,3330.8,109958991.0,csi300,沪深300,3050.779,2983.3028000000004,2713.111166666667,2261.5627499999996,1898.1366500000001
2007-04-24,3462.48,3445.2,3490.81,3418.3,114643006.0,csi300,沪深300,3083.838,3014.2,2728.729,2278.1385833333334,1908.3870500000003
2007-04-25,3432.02,3448.28,3467.83,3376.08,100580669.0,csi300,沪深300,3116.3695,3044.0272000000004,2743.9265000000005,2294.8821666666668,1918.6586499999999
2007-04-26,3465.11,3493.58,3493.91,3438.88,78997690.0,csi300,沪深300,3151.8835000000004,3075.3176000000003,2761.2723333333333,2311.9433333333336,1929.0249000000001
2007-04-27,3499.94,3470.52,3503.89,3436.0,80698636.0,csi300,沪深300,3186.3205000000003,3105.4876,2777.2323333333334,2328.6604166666666,1939.3224500000003
2007-04-30,3487.36,3558.71,3568.68,3478.93,94302864.0,csi300,沪深300,3221.7505,3137.2747999999997,2793.5955000000004,2345.9879166666665,1950.15095
2007-05-08,3643.81,3686.03,3699.37,3618.78,106788732.0,csi300,沪深300,3261.6459999999997,3173.3552,2812.498,2364.374333333333,1961.4877000000001
2007-05-09,3699.3,3701.28,3717.34,3556.62,140648358.0,csi300,沪深300,3301.119,3209.5004,2834.4303333333332,2382.8159166666665,1972.9419500000001
2007-05-10,3703.52,3724.51,3742.23,3671.81,115419922.0,csi300,沪深300,3340.0925,3247.1488,2856.5860000000002,2401.28775,1984.5039000000002
2007-05-11,3696.29,3702.61,3715.37,3629.71,88961761.0,csi300,沪深300,3376.6225,3283.982,2879.996166666667,2419.508666666667,1995.92405
2007-05-14,3648.27,3734.42,3769.16,3620.86,91098049.0,csi300,沪深300,3411.435,3319.3544,2904.3731666666663,2438.1440833333336,2007.50015
2007-05-15,3739.05,3604.64,3751.64,3600.21,93578568.0,csi300,沪深300,3437.5885000000003,3348.0152000000003,2925.849833333333,2455.4768333333336,2018.7928999999997
2007-05-16,3598.0,3700.29,3700.65,3557.2,86229268.0,csi300,沪深300,3466.5370000000003,3379.5539999999996,2948.024833333334,2473.77875,2030.5087000000003
2007-05-17,3716.44,3778.61,3794.16,3705.27,90256478.0,csi300,沪深300,3496.6455,3412.8968,2970.825,2492.9689999999996,2042.5405
2007-05-18,3771.27,3776.63,3805.21,3746.24,82418898.0,csi300,沪深300,3527.0155,3445.0816000000004,2993.8146666666667,2511.99275,2054.55655
2007-05-21,3650.8,3831.44,3843.84,3643.08,98478650.0,csi300,沪深300,3555.7875,3476.8124,3016.248833333333,2531.13175,2067.03055
2007-05-22,3849.04,3870.49,3893.19,3849.04,109618184.0,csi300,沪深300,3585.132,3508.3691999999996,3038.713166666667,2550.608416666667,2079.6570500000003
2007-05-23,3879.76,3938.95,3939.49,3853.91,98523171.0,csi300,沪深300,3616.8545,3541.0744,3061.223166666667,2570.4156666666668,2092.57165
2007-05-24,3953.89,3919.75,3972.58,3858.51,113814264.0,csi300,沪深300,3655.327,3570.8068000000003,3082.075166666667,2589.8039166666663,2105.3798
2007-05-25,3907.73,3985.25,3996.85,3888.31,95416615.0,csi300,沪深300,3690.1255000000006,3603.4476,3103.883666666667,2609.5789166666664,2118.4352000000003
2007-05-28,4033.92,4072.58,4091.94,4027.36,114041851.0,csi300,沪深300,3722.1884999999993,3636.1107999999995,3126.6319999999996,2629.9835000000003,2131.9415999999997
2007-05-29,4090.9,4168.29,4168.53,4079.87,113267227.0,csi300,沪深300,3758.343,3671.4984000000004,3155.1453333333334,2651.0950000000003,2146.0053
2007-05-30,3906.04,3886.46,4104.2,3849.7,132739140.0,csi300,沪深300,3780.2519999999995,3694.7768000000005,3177.5101666666665,2669.844,2158.73065
2007-05-31,3828.72,3927.95,3991.73,3683.56,126078248.0,csi300,沪深300,3801.9705000000004,3725.8828000000003,3201.750333333334,2688.811916666667,2171.89875
2007-06-01,3953.1,3803.95,4014.15,3780.03,119937939.0,csi300,沪深300,3818.6420000000007,3746.4696000000004,3223.3373333333334,2706.8114166666664,2184.5082
2007-06-04,3804.96,3511.43,3822.41,3503.94,90531019.0,csi300,沪深300,3816.278,3749.6739999999995,3240.601,2722.1805,2195.6899
2007-06-05,3407.0,3634.63,3635.15,3246.73,113768038.0,csi300,沪深300,3813.708,3757.2512,3259.1733333333336,2738.18275,2207.50435
2007-06-06,3652.89,3677.58,3712.53,3550.74,95951510.0,csi300,沪深300,3812.523,3766.4232,3277.309,2754.419083333333,2219.6827000000003
2007-06-07,3694.55,3802.3,3802.3,3684.46,94190581.0,csi300,沪深300,3816.4125,3778.772,3296.886833333333,2771.2654166666666,2232.5737
2007-06-08,3814.19,3837.87,3861.21,3769.15,89074742.0,csi300,沪深300,3823.1755,3793.466,3317.3281666666667,2788.2957499999998,2245.5011
2007-06-11,3876.07,3931.86,3937.79,3870.23,90982277.0,csi300,沪深300,3833.0474999999997,3808.3920000000003,3339.2563333333333,2806.2328333333335,2258.9039
2007-06-12,3953.96,4036.11,4036.36,3834.02,99389774.0,csi300,沪深300,3854.621,3822.3952000000004,3362.5219999999995,2825.0695,2272.7271
2007-06-13,4071.74,4118.27,4146.52,4064.15,109452945.0,csi300,沪深300,3875.5200000000004,3839.0748000000003,3387.8705,2845.12525,2286.9402
2007-06-14,4103.52,4075.82,4132.0,4022.78,86609180.0,csi300,沪深300,3890.3805,3853.1272,3411.7083333333335,2864.1744166666667,2301.0907
2007-06-15,4043.11,4099.38,4115.73,4025.1,68779600.0,csi300,沪深300,3906.518,3868.998,3436.6275000000005,2883.3126666666662,2315.2583
2007-06-18,4178.76,4227.57,4246.4,4177.19,87872913.0,csi300,沪深300,3926.3244999999997,3888.724,3462.7635,2903.51025,2329.9783
2007-06-19,4227.59,4253.0,4254.71,4186.18,81540471.0,csi300,沪深300,3945.45,3914.6584,3489.1006666666667,2923.65075,2344.88515
2007-06-20,4268.65,4157.6,4292.2,4138.33,86863015.0,csi300,沪深300,3956.3824999999997,3932.9508,3513.3506666666667,2942.7337500000003,2359.3338
2007-06-21,4140.69,4197.28,4208.87,4110.96,73739471.0,csi300,沪深300,3970.2589999999996,3949.6976,3538.116666666667,2961.7434999999996,2373.9674
2007-06-22,4203.13,4051.43,4220.92,3970.35,79552374.0,csi300,沪深300,3973.568,3960.6896,3560.3693333333335,2979.4934166666662,2387.7982
2007-06-25,4066.45,3877.59,4105.99,3850.84,70031044.0,csi300,沪深300,3963.8185000000003,3962.5356,3578.9286666666667,2995.66875,2400.75775
2007-06-26,3804.41,3928.21,3929.37,3752.93,58885114.0,csi300,沪深300,3951.8144999999995,3964.8444,3597.9985,3012.495583333333,2413.9368
2007-06-27,3946.88,4040.48,4053.41,3912.2,65290520.0,csi300,沪深300,3959.5155000000004,3968.9056,3618.7123333333334,3030.36925,2427.6620000000003
2007-06-28,4038.38,3858.52,4067.81,3857.85,66857980.0,csi300,沪深300,3956.0439999999994,3966.4563999999996,3636.632666666667,3046.3644166666663,2440.3251499999997
2007-06-29,3769.33,3764.08,3867.75,3718.16,58920870.0,csi300,沪深300,3954.0505,3957.6096,3653.0043333333333,3061.57975,2452.49475
2007-07-02,3746.18,3757.66,3801.9,3644.19,49747310.0,csi300,沪深300,3966.362,3945.0128000000004,3668.130166666667,3076.3695833333336,2464.6097
2007-07-03,3782.78,3832.23,3835.29,3744.01,46409126.0,csi300,沪深300,3976.2419999999997,3931.5703999999996,3683.8653333333336,3091.805416666667,2477.0774
2007-07-04,3840.41,3743.58,3848.08,3727.56,38233716.0,csi300,沪深300,3979.542,3925.8551999999995,3697.728,3105.9931666666666,2489.2048
2007-07-05,3688.31,3537.44,3706.6,3535.04,43225527.0,csi300,沪深300,3966.299,3910.2347999999997,3707.601333333333,3118.2460833333334,2500.2057999999997
2007-07-06,3517.6,3710.28,3712.74,3475.27,51366512.0,csi300,沪深300,3959.9195,3906.488,3719.9058333333332,3131.8910833333334,2512.0538
2007-07-09,3743.87,3821.3,3840.99,3722.23,54073113.0,csi300,沪深300,3954.3915,3918.8828000000003,3732.9579999999996,3145.97225,2524.42845
2007-07-10,3832.76,3775.62,3852.93,3764.25,51907868.0,csi300,沪深300,3941.3669999999997,3924.5224,3744.5255,3159.1016666666665,2536.66465
2007-07-11,3751.49,3789.87,3797.81,3732.29,33628907.0,csi300,沪深300,3924.947,3929.014,3755.668,3171.884166666667,2548.95325
2007-07-12,3799.19,3816.92,3839.21,3780.03,31368119.0,csi300,沪深300,3912.0020000000004,3929.5988,3766.3426666666664,3185.094916666667,2561.34405
2007-07-13,3825.03,3820.12,3829.68,3773.93,26893242.0,csi300,沪深300,3898.0389999999998,3928.8888,3777.1908333333336,3198.8146666666667,2573.70645
2007-07-16,3824.91,3697.97,3830.37,3697.22,29931857.0,csi300,沪深300,3871.559,3919.5332,3784.557,3210.5699166666664,2585.50435
2007-07-17,3684.34,3789.65,3812.25,3650.25,32553850.0,csi300,沪深300,3848.3915,3909.6748,3792.9911666666667,3222.53475,2597.7612000000004
2007-07-18,3776.94,3807.57,3861.51,3756.7,45975823.0,csi300,沪深300,3830.8900000000003,3897.2468,3801.3756666666663,3235.0234166666664,2609.98745
2007-07-19,3796.92,3807.0,3836.39,3778.51,30258467.0,csi300,沪深300,3811.376,3886.494,3812.3206666666665,3247.4392500000004,2622.14465
2007-07-20,3808.08,3971.88,3971.89,3808.08,55271121.0,csi300,沪深300,3807.3984999999993,3881.3940000000002,3823.697333333333,3260.570833333333,2635.1125
2007-07-23,4009.06,4156.72,4157.39,4009.06,85276186.0,csi300,沪深300,3821.3549999999996,3878.56,3835.787333333333,3274.4492499999997,2649.0038
2007-07-24,4187.33,4161.35,4241.58,4143.59,76090735.0,csi300,沪深300,3833.012,3874.894,3847.723166666667,3288.2260833333335,2662.8737
2007-07-25,4163.36,4255.46,4256.05,4163.35,64597766.0,csi300,沪深300,3843.761,3878.8084000000003,3861.176166666666,3302.5513333333333,2677.27675
2007-07-26,4282.68,4303.19,4325.93,4244.08,65490243.0,csi300,沪深300,3865.9945,3883.0447999999997,3874.6696666666667,3317.9709999999995,2691.9306999999994
2007-07-27,4277.55,4307.14,4318.34,4225.03,65021109.0,csi300,沪深300,3893.1475,3893.2732,3888.6133333333337,3332.922833333333,2706.67815
2007-07-30,4305.18,4410.3,4426.31,4303.73,75441583.0,csi300,沪深300,3925.7794999999996,3914.5815999999995,3902.8064999999997,3348.201,2721.8740500000004
2007-07-31,4402.52,4460.56,4467.65,4359.59,71375042.0,csi300,沪深300,3957.196,3935.8756000000008,3915.715333333333,3364.1066666666666,2737.2418500000003
2007-08-01,4479.3,4290.48,4496.25,4271.06,79361665.0,csi300,沪深300,3984.541,3945.8756,3925.5353333333333,3379.9828333333335,2751.6779000000006
2007-08-02,4311.6,4436.19,4449.4,4303.98,62887538.0,csi300,沪深300,4029.4785,3968.9824000000003,3937.396666666667,3396.9913333333334,2766.6785
2007-08-03,4472.89,4598.38,4599.25,4472.89,78190473.0,csi300,沪深300,4073.8835,4002.3544,3952.3261666666667,3416.1611666666663,2782.4841499999998
2007-08-06,4642.78,4703.98,4704.19,4623.49,76164271.0,csi300,沪深300,4118.0175,4040.2072000000003,3968.4855000000002,3436.4293333333335,2798.8245
2007-08-07,4715.39,4724.55,4771.58,4634.87,83847133.0,csi300,沪深300,4165.464,4075.9,3987.150666666667,3456.50025,2815.3147500000005
2007-08-08,4679.22,4668.09,4741.45,4579.4,88988001.0,csi300,沪深300,4209.375,4112.8804,4003.2806666666665,3475.65275,2831.5008000000003
2007-08-09,4666.42,4777.29,4779.14,4666.2,72025786.0,csi300,沪深300,4257.3935,4162.4744,4019.9253333333336,3495.3751666666667,2848.2946500000003
2007-08-10,4765.85,4726.68,4771.61,4631.04,74962881.0,csi300,沪深300,4302.7215,4203.1304,4035.7595,3514.7870833333336,2864.8557999999994
2007-08-13,4724.52,4721.19,4767.08,4663.2,85763167.0,csi300,沪深300,4353.8825,4239.126,4050.588666666667,3533.41875,2881.2738
2007-08-14,4721.45,4795.57,4803.57,4704.15,61157911.0,csi300,沪深300,4404.1785,4279.924,4066.0066666666667,3552.359916666667,2898.05475
2007-08-15,4804.68,4798.75,4836.59,4697.97,63466427.0,csi300,沪深300,4453.7375,4320.2792,4080.3366666666666,3570.779916666667,2914.8476
2007-08-16,4772.36,4721.94,4772.97,4665.21,63594794.0,csi300,沪深300,4499.4845000000005,4356.48,4093.7065,3587.8908333333334,2931.4137
2007-08-17,4694.2,4626.58,4774.99,4616.97,63652120.0,csi300,沪深300,4532.2195,4388.7384,4104.395333333333,3604.1395,2947.3463500000003
2007-08-20,4749.2,4885.43,4885.84,4747.27,67812204.0,csi300,沪深300,4568.655000000001,4436.2368,4117.9428333333335,3622.287416666667,2964.53935
2007-08-21,4915.52,4972.71,4995.53,4909.84,74440593.0,csi300,沪深300,4609.223,4483.559200000001,4131.349833333333,3643.247583333333,2982.1223999999997
2007-08-22,4899.93,5051.69,5075.89,4887.14,74028925.0,csi300,沪深300,4649.0345,4533.324,4150.770333333333,3664.14025,3000.1856
2007-08-23,5075.51,5135.93,5154.85,5028.12,68051882.0,csi300,沪深300,4690.6715,4586.4812,4170.903333333333,3686.326833333333,3018.6340499999997
2007-08-24,5161.15,5217.58,5231.15,5158.03,73769875.0,csi300,沪深300,4736.1935,4636.3092,4194.463833333333,3708.9005833333335,3037.3995999999997
2007-08-27,5250.62,5243.15,5296.57,5191.28,82631454.0,csi300,沪深300,4777.836,4679.7664,4223.325833333333,3731.963416666667,3056.2183
2007-08-28,5220.64,5251.77,5270.3,5136.61,75066789.0,csi300,沪深300,4817.396500000001,4723.3832,4250.278166666666,3754.7257499999996,3075.07885
2007-08-29,5215.65,5171.82,5283.33,5138.34,72929456.0,csi300,沪深300,4861.4635,4760.0376,4275.1821666666665,3776.245583333333,3093.4964999999997
2007-08-30,5193.73,5241.23,5247.57,5176.0,67298490.0,csi300,沪深300,4901.7155,4797.559200000001,4299.164333333333,3798.0255833333335,3112.1632
2007-08-31,5255.09,5296.81,5307.42,5219.99,66780357.0,csi300,沪深300,4936.637000000001,4837.146,4323.48,3820.404083333334,3131.06675
2007-09-03,5335.05,5419.17,5433.75,5335.05,82849166.0,csi300,沪深300,4972.396500000001,4877.5008,4348.2685,3843.7624166666665,3150.67175
2007-09-04,5421.25,5360.33,5429.21,5333.49,79914832.0,csi300,沪深300,5004.1855000000005,4913.491599999999,4370.338833333333,3866.430416666667,3169.84985
2007-09-05,5357.55,5363.25,5389.33,5265.06,65364902.0,csi300,沪深300,5038.943499999999,4956.4024,4391.0885,3889.4795000000004,3189.1458000000002
2007-09-06,5389.49,5412.04,5448.84,5365.5,70608574.0,csi300,沪深300,5070.681,4995.4364,4413.358833333333,3912.5335833333334,3208.8271000000004
2007-09-07,5382.91,5294.79,5402.71,5284.65,79298880.0,csi300,沪深300,5099.0865,5023.2928,4433.282333333334,3934.9549166666666,3227.83215
2007-09-10,5226.74,5377.22,5380.46,5182.1,65095672.0,csi300,沪深300,5131.888000000001,5050.2224,4452.443166666667,3957.6033333333335,3247.04445
2007-09-11,5384.56,5124.09,5414.0,5104.35,68806690.0,csi300,沪深300,5148.314,5066.204000000001,4466.961333333334,3978.031,3264.9984499999996
2007-09-12,5102.58,5202.86,5212.65,5059.46,61572253.0,csi300,沪深300,5168.5195,5087.5948,4484.382333333332,3998.8665000000005,3283.20235
2007-09-13,5230.65,5349.97,5351.58,5212.03,59746929.0,csi300,沪深300,5199.921,5110.502,4503.593833333333,4020.85525,3301.9864
2007-09-14,5362.46,5397.28,5405.85,5274.22,60295626.0,csi300,沪深300,5238.456,5137.326,4526.024666666666,4043.197,3320.91155
2007-09-17,5389.5,5498.91,5504.77,5387.68,69403132.0,csi300,沪深300,5269.13,5168.4348,4553.046666666666,4065.987666666667,3340.2859500000004
2007-09-18,5524.1,5476.84,5533.53,5405.18,71621810.0,csi300,沪深300,5294.3365,5195.6856,4578.857166666667,4088.4278333333336,3359.4956
2007-09-19,5487.38,5419.27,5498.59,5385.42,55880065.0,csi300,沪深300,5312.7155,5220.5064,4601.8369999999995,4110.274666666666,3378.40905
2007-09-20,5436.64,5494.92,5501.4,5430.31,56712136.0,csi300,沪深300,5330.665,5251.4256,4629.110333333333,4132.8715,3397.62465
2007-09-21,5508.5,5468.1,5516.11,5357.5,61106356.0,csi300,沪深300,5343.191,5285.0864,4657.510666666667,4155.257500000001,3416.7451
2007-09-24,5481.38,5513.9,5541.13,5400.68,54184817.0,csi300,沪深300,5356.7285,5310.2252,4686.781333333332,4177.45575,3435.9789
2007-09-25,5524.02,5454.62,5540.87,5423.52,45326230.0,csi300,沪深300,5366.871,5329.5016000000005,4713.821166666667,4198.84325,3454.6802000000002
2007-09-26,5433.63,5361.02,5489.86,5338.31,39171156.0,csi300,沪深300,5376.331,5341.8748,4740.778499999999,4219.25325,3472.8392000000003
2007-09-27,5364.53,5427.66,5429.05,5338.04,33759056.0,csi300,沪深300,5385.652499999999,5353.544,4772.282166666667,4239.94175,3491.0738
2007-09-28,5479.85,5580.81,5590.85,5479.85,48514620.0,csi300,沪深300,5399.8525,5368.0732,4803.457666666667,4261.68175,3510.0067000000004
2007-10-08,5703.28,5653.14,5715.91,5617.1,66449703.0,csi300,沪深300,5411.551,5384.4728000000005,4833.988333333333,4283.473166666667,3529.3753500000003
2007-10-09,5638.63,5675.93,5682.97,5582.77,53633490.0,csi300,沪深300,5427.331,5401.439200000001,4865.6601666666675,4305.092833333333,3548.8764499999997
2007-10-10,5694.99,5685.76,5776.21,5653.79,63994455.0,csi300,沪深300,5443.4565,5421.996800000001,4897.258333333333,4326.463166666666,3568.7473499999996
2007-10-11,5695.13,5760.08,5761.22,5650.1,65141101.0,csi300,沪深300,5460.8585,5442.7508,4929.644333333333,4347.9935,3588.59815
2007-10-12,5777.9,5737.22,5796.28,5485.56,78001064.0,csi300,沪深300,5482.98,5460.3672,4961.5960000000005,4369.393416666667,3608.2703
2007-10-15,5761.87,5821.45,5824.98,5690.07,70682111.0,csi300,沪深300,5505.1915,5476.4584,4996.9873333333335,4390.772166666667,3628.35825
2007-10-16,5851.54,5877.2,5885.48,5815.61,64692049.0,csi300,沪深300,5542.847,5497.133199999999,5031.779833333333,4412.3855,3648.5635500000003
2007-10-17,5862.38,5824.12,5891.72,5797.61,48869768.0,csi300,沪深300,5573.91,5515.568,5065.388999999999,4433.382333333333,3668.3459500000004
2007-10-18,5813.24,5615.75,5813.24,5593.99,48595630.0,csi300,沪深300,5587.199,5523.7164,5095.534833333333,4453.92775,3686.8441500000004
2007-10-19,5651.03,5614.06,5711.5,5563.78,38466457.0,csi300,沪深300,5598.038,5536.4872000000005,5122.9045,4473.300916666666,3705.30725
2007-10-22,5543.79,5472.68,5594.5,5465.85,35867499.0,csi300,沪深300,5596.726500000001,5540.305600000001,5144.837166666666,4490.31225,3722.9879000000005
2007-10-23,5467.83,5540.09,5541.96,5373.05,41896800.0,csi300,沪深300,5599.889,5556.945600000001,5167.8161666666665,4507.769666666668,3741.1434000000004
2007-10-24,5564.48,5588.01,5644.97,5553.33,44661238.0,csi300,沪深300,5608.326,5572.3516,5190.025333333334,4525.6007500000005,3759.60525
2007-10-25,5549.66,5333.79,5556.55,5312.85,50821706.0,csi300,沪深300,5600.2695,5571.7044,5207.202,4540.935833333333,3776.5787000000005
2007-10-26,5279.1,5394.81,5428.58,5266.37,35895965.0,csi300,沪深300,5596.6050000000005,5571.605600000001,5225.329833333333,4556.971583333334,3793.8615499999996
2007-10-29,5428.68,5508.36,5509.35,5428.68,35233977.0,csi300,沪深300,5596.3279999999995,5571.9836,5243.630833333334,4573.218666666667,3811.4889500000004
2007-10-30,5529.96,5596.07,5597.27,5467.52,39193921.0,csi300,沪深300,5603.4005,5576.7528,5262.556,4589.135666666667,3829.5696500000004
2007-10-31,5663.76,5688.54,5691.87,5590.54,50329469.0,csi300,沪深300,5619.7765,5587.523600000001,5285.857000000001,4605.696166666667,3847.8070999999995
2007-11-01,5701.49,5605.23,5702.21,5604.79,46612479.0,csi300,沪深300,5628.655000000001,5591.936,5305.341,4621.368833333333,3865.4977999999996
2007-11-02,5514.85,5472.93,5565.66,5448.99,43289500.0,csi300,沪深300,5623.261,5592.129199999999,5319.916833333334,4636.1215,3882.49805
2007-11-05,5438.81,5360.31,5494.62,5333.38,33695018.0,csi300,沪深300,5608.6195,5585.985599999999,5330.855666666666,4649.6705833333335,3898.6418000000003
2007-11-06,5331.31,5317.55,5406.11,5295.79,27057854.0,csi300,沪深300,5590.700500000001,5580.5028,5340.739,4663.944833333333,3914.2290999999996
2007-11-07,5348.56,5350.63,5388.64,5231.61,30061349.0,csi300,沪深300,5573.9439999999995,5580.087200000001,5352.114666666666,4677.697666666668,3929.7024
2007-11-08,5321.86,5093.67,5321.86,5090.96,36054893.0,csi300,沪深300,5540.6235,5566.7276,5357.3876666666665,4688.656499999999,3944.0126
2007-11-09,5042.76,5040.52,5129.11,4962.3,34583826.0,csi300,沪深300,5505.788500000001,5545.116000000001,5362.618333333333,4699.188916666666,3958.34645
2007-11-12,4916.82,4978.25,5018.11,4795.43,38413922.0,csi300,沪深300,5463.6285,5518.120400000001,5366.902666666666,4708.745666666667,3971.8010000000004
2007-11-13,5024.52,4939.24,5082.64,4866.16,36862079.0,csi300,沪深300,5416.7305,5488.6528,5369.297166666666,4717.651916666667,3984.72785
2007-11-14,5013.78,5145.89,5147.01,4924.82,35231542.0,csi300,沪深300,5382.819,5467.058000000001,5375.082833333333,4727.709749999999,3998.91265
2007-11-15,5129.81,5081.11,5170.97,5069.52,31759464.0,csi300,沪深300,5356.087,5439.899199999999,5381.0689999999995,4737.387749999999,4012.7327
2007-11-16,4999.84,5007.66,5021.71,4917.49,23310991.0,csi300,沪深300,5325.767000000001,5410.716799999999,5387.4203333333335,4745.907833333333,4025.7905499999997
2007-11-19,5017.4,4994.42,5033.95,4968.73,25548101.0,csi300,沪深300,5301.854,5377.6356,5389.2368333333325,4753.589833333333,4038.3061
2007-11-20,4962.64,5069.38,5099.52,4916.47,33562714.0,csi300,沪深300,5278.318499999999,5345.3228,5390.848,4761.098916666667,4051.11235
2007-11-21,5087.25,4997.62,5135.25,4993.29,26803122.0,csi300,沪深300,5248.799000000001,5312.2628,5389.946833333333,4770.358583333334,4063.4183000000003
2007-11-22,4902.63,4772.62,4949.34,4759.91,26507716.0,csi300,沪深300,5220.7405,5278.5376,5383.891666666666,4777.397500000001,4075.01725
2007-11-23,4733.37,4856.16,4857.05,4711.79,20146305.0,csi300,沪深300,5193.808,5248.221600000001,5377.868,4786.165916666666,4086.73345
2007-11-26,4931.6,4800.08,4954.18,4795.35,23622276.0,csi300,沪深300,5158.394,5221.3176,5370.483499999999,4796.904666666667,4097.84925
2007-11-27,4759.01,4711.15,4806.83,4708.8,20886840.0,csi300,沪深300,5114.148,5188.16,5361.473166666667,4805.875666666668,4108.6456
2007-11-28,4724.47,4648.75,4760.66,4619.51,22482368.0,csi300,沪深300,5062.1585,5150.589599999999,5352.7553333333335,4813.96875,4119.96265
2007-11-29,4708.38,4842.07,4847.58,4637.48,36872990.0,csi300,沪深300,5024.0005,5130.9208,5346.102666666668,4822.6335,4132.19715
2007-11-30,4841.08,4737.41,4841.08,4723.79,29383696.0,csi300,沪深300,4987.224499999999,5104.6248,5336.779333333334,4830.129666666667,4144.3942
2007-12-03,4714.92,4772.67,4809.27,4689.52,22255934.0,csi300,沪深300,4957.8425,5075.1972,5326.004333333333,4837.136416666666,4156.898550000001
2007-12-04,4786.64,4829.21,4886.58,4786.64,22643592.0,csi300,沪深300,4933.425499999999,5044.5228,5317.152333333333,4843.745583333334,4169.4644
2007-12-05,4829.95,4965.95,4970.17,4815.61,31769165.0,csi300,沪深300,4914.1915,5015.6192,5310.5306666666675,4850.809583333334,4182.445199999999
2007-12-06,4986.25,4971.06,4999.93,4928.13,23711591.0,csi300,沪深300,4908.061,4990.2524,5303.181,4858.269916666667,4195.2475
2007-12-07,4979.84,5041.35,5041.78,4977.87,27198223.0,csi300,沪深300,4908.1025,4972.9892,5298.957,4866.1196666666665,4208.468
2007-12-10,4961.67,5133.56,5138.69,4944.83,42780691.0,csi300,沪深300,4915.868,4963.9192,5294.896,4873.669583333333,4221.70885
2007-12-11,5162.09,5140.0,5181.41,5068.03,40586457.0,csi300,沪深300,4925.906,4956.8171999999995,5295.161166666668,4881.06125,4234.7957
2007-12-12,5108.58,5077.39,5130.72,5033.72,39828251.0,csi300,沪深300,4922.481,4945.8876,5293.070000000001,4888.726166666666,4247.240900000001
2007-12-13,5051.78,4884.3,5067.39,4881.34,36819590.0,csi300,沪深300,4912.6404999999995,4937.5127999999995,5285.3088333333335,4894.451333333333,4258.31925
2007-12-14,4827.39,4977.65,4979.19,4800.24,30727925.0,csi300,沪深300,4911.139999999999,4934.9980000000005,5278.3150000000005,4902.169833333333,4269.8238
2007-12-17,4976.24,4857.29,4977.57,4855.17,37014522.0,csi300,沪深300,4904.2835,4930.1596,5267.621333333333,4910.334,4280.57185
2007-12-18,4827.26,4829.91,4883.0,4799.0,22930076.0,csi300,沪深300,4892.31,4925.7864,5256.839166666668,4917.848166666667,4292.43395
2007-12-19,4877.77,4946.29,4961.59,4865.35,32101858.0,csi300,沪深300,4889.7435,4917.8024,5248.956166666667,4925.396583333334,4304.44255
2007-12-20,4968.03,5037.19,5048.06,4935.4,31319917.0,csi300,沪深300,4902.972,4916.0456,5241.327333333334,4935.218833333333,4317.2608
2007-12-21,5016.46,5101.85,5103.77,5014.7,37251494.0,csi300,沪深300,4915.2564999999995,4919.8132000000005,5235.223166666667,4946.366916666666,4330.2264000000005
2007-12-24,5142.16,5207.13,5239.22,5129.6,50319967.0,csi300,沪深300,4935.6089999999995,4928.321599999999,5230.110333333334,4958.445833333333,4343.884
2007-12-25,5217.56,5216.81,5244.03,5180.59,38973705.0,csi300,沪深300,4960.892,4934.2188,5226.146833333333,4969.984,4357.366599999999
2007-12-26,5231.97,5265.03,5273.14,5194.75,41468115.0,csi300,沪深300,4991.706,4944.9152,5224.5470000000005,4982.66275,4370.74455
2007-12-27,5286.98,5367.53,5367.53,5260.1,52345018.0,csi300,沪深300,5017.978999999999,4968.7116000000005,5223.544833333333,4997.9135,4384.44405
2007-12-28,5379.52,5338.27,5391.67,5323.82,45361415.0,csi300,沪深300,5048.022,4987.996,5219.5025,5011.480083333333,4398.07845
2008-01-02,5349.76,5385.1,5404.93,5283.45,45668710.0,csi300,沪深300,5078.6435,5011.3967999999995,5215.0351666666675,5024.51175,4411.9231
2008-01-03,5381.15,5422.03,5422.67,5315.95,64645878.0,csi300,沪深300,5108.2845,5039.832,5210.803499999999,5038.231833333333,4425.8324
2008-01-04,5430.63,5483.65,5499.09,5422.46,51746420.0,csi300,沪深300,5134.1695,5073.228,5207.435,5052.346666666666,4440.26385
2008-01-07,5480.44,5556.59,5569.15,5455.5,53485409.0,csi300,沪深300,5163.446000000001,5101.8088,5204.0435,5066.843916666667,4454.81905
2008-01-08,5575.95,5528.05,5630.62,5485.23,64899501.0,csi300,沪深300,5187.781,5133.4344,5200.557333333333,5081.076666666667,4469.43815
2008-01-09,5507.12,5613.76,5614.68,5490.31,46796872.0,csi300,沪深300,5211.791,5167.078,5197.095833333334,5097.041583333334,4484.2099
2008-01-10,5631.65,5672.15,5707.67,5602.59,64229893.0,csi300,沪深300,5238.3985,5200.7956,5193.678333333333,5112.7290833333345,4499.2068
2008-01-11,5688.56,5699.15,5702.57,5629.64,56167079.0,csi300,沪深300,5269.4865,5230.123600000001,5191.5955,5128.492249999999,4514.18955
2008-01-14,5717.52,5731.76,5756.92,5679.29,49846010.0,csi300,沪深300,5311.8595000000005,5260.551600000001,5193.5289999999995,5144.531916666666,4529.29175
2008-01-15,5743.43,5696.45,5754.11,5652.04,50886608.0,csi300,沪深300,5347.7995,5286.7556,5194.902166666667,5158.903333333334,4544.19265
2008-01-16,5642.57,5505.72,5642.57,5498.39,55774469.0,csi300,沪深300,5380.221,5301.642000000001,5195.452833333334,5170.145,4557.9011
2008-01-17,5445.8,5365.62,5533.65,5226.64,61936933.0,csi300,沪深300,5407.0064999999995,5310.666800000001,5192.545,5180.180583333334,4570.8090999999995
2008-01-18,5358.18,5414.47,5419.57,5307.5,43913005.0,csi300,沪深300,5430.4155,5324.15,5189.652666666666,5189.838999999999,4583.8932
2008-01-21,5424.64,5145.73,5434.35,5122.46,47833617.0,csi300,沪深300,5435.8425,5334.6071999999995,5186.518333333334,5196.860166666666,4595.70535
2008-01-22,5015.43,4753.87,5032.25,4708.39,60772692.0,csi300,沪深300,5418.4435,5325.656,5175.836,5200.582916666666,4605.5658
2008-01-23,4787.17,4975.11,4976.27,4751.5,55776385.0,csi300,沪深300,5406.842500000001,5330.3688,5166.9484999999995,5205.289666666667,4616.1908
2008-01-24,5034.53,5027.21,5079.8,4926.37,56605987.0,csi300,沪深300,5397.3625,5338.2608,5157.467500000001,5210.011750000001,4626.88625
2008-01-25,5022.9,5077.43,5121.41,4966.52,47142108.0,csi300,沪深300,5387.9825,5343.5064,5147.282333333334,5216.569666666666,4637.7143
2008-01-28,5038.51,4731.88,5038.51,4711.28,41425283.0,csi300,沪深300,5356.2,5331.294,5132.726500000001,5219.03375,4646.6485
2008-01-29,4742.9,4762.08,4845.66,4688.73,29062256.0,csi300,沪深300,5327.3904999999995,5317.7032,5120.879,5220.397916666667,4655.59885
2008-01-30,4817.16,4710.65,4858.1,4606.14,34098976.0,csi300,沪深300,5293.668,5297.844,5110.051333333334,5220.4535000000005,4663.96125
2008-01-31,4693.61,4620.4,4733.7,4614.28,30852580.0,csi300,沪深300,5253.586499999999,5273.9876,5098.432166666667,5219.5855833333335,4671.655400000001
2008-02-01,4623.62,4571.94,4660.99,4414.12,35125528.0,csi300,沪深300,5208.001,5246.264,5085.454,5218.784333333333,4678.9085
2008-02-04,4695.55,4950.12,4951.25,4695.55,40953145.0,csi300,沪深300,5177.6775,5229.567599999999,5083.0615,5220.224583333334,4687.7769
2008-02-05,4942.88,4921.83,4995.57,4878.12,32796356.0,csi300,沪深300,5147.3665,5212.91,5081.083333333333,5221.850833333333,4696.539900000001
2008-02-13,4858.81,4816.08,4883.24,4785.8,21475659.0,csi300,沪深300,5107.4825,5190.1492,5078.3805,5222.641583333334,4704.3403
2008-02-14,4858.85,4880.25,4913.32,4842.85,19837789.0,csi300,沪深300,5067.8875,5168.478,5077.397333333333,5223.347250000001,4712.32355
2008-02-15,4846.02,4813.31,4846.02,4742.1,24262601.0,csi300,沪深300,5023.5955,5141.6644,5071.854333333334,5223.468583333333,4719.8676
2008-02-18,4875.21,4910.99,4944.88,4845.31,30590078.0,csi300,沪深300,4982.557,5115.8404,5069.019,5225.044,4728.671050000001
2008-02-19,4926.84,5020.75,5020.75,4885.69,36176965.0,csi300,沪深300,4948.772,5095.548400000001,5069.237166666667,5228.32875,4737.3284
2008-02-20,5032.78,4908.72,5062.26,4901.66,39557722.0,csi300,沪深300,4918.9220000000005,5067.3468,5067.8088333333335,5228.522833333333,4744.7154
2008-02-21,4878.57,4876.03,4924.45,4796.1,33403616.0,csi300,沪深300,4894.4425,5035.502,5064.586333333334,5227.717166666666,4751.86955
2008-02-22,4850.88,4702.24,4850.88,4649.81,37918627.0,csi300,沪深300,4858.831,4995.625599999999,5059.663333333333,5224.805083333334,4758.13935
2008-02-25,4704.32,4519.78,4722.64,4510.69,33652001.0,csi300,沪深300,4827.5335,4947.1464000000005,5055.449333333334,5219.670499999999,4763.27035
2008-02-26,4637.6,4515.53,4668.83,4394.59,33276390.0,csi300,沪深300,4815.616499999999,4899.9096,5049.772166666666,5213.820083333334,4768.4954
2008-02-27,4543.1,4639.77,4660.41,4500.89,29592393.0,csi300,沪深300,4798.849499999999,4865.2716,5047.100333333334,5208.791916666667,4773.9007
2008-02-28,4651.16,4622.06,4670.17,4582.82,25398171.0,csi300,沪深300,4778.592,4835.529200000001,5045.6155,5203.544333333333,4778.58085
2008-02-29,4616.24,4674.55,4683.16,4597.63,23350858.0,csi300,沪深300,4758.447999999999,4805.9324,5046.045499999999,5199.400416666667,4783.4472
2008-03-03,4648.73,4790.74,4803.9,4611.7,39258411.0,csi300,沪深300,4761.3910000000005,4791.7328,5045.1900000000005,5195.646333333334,4788.77835
2008-03-04,4813.4,4671.15,4836.66,4657.38,45129777.0,csi300,沪深300,4756.8445,4788.424,5044.085666666667,5190.4325,4793.62105
2008-03-05,4650.52,4628.72,4689.97,4519.74,39417993.0,csi300,沪深300,4752.748,4774.5684,5041.6865,5183.845416666667,4798.09255
2008-03-06,4645.07,4685.03,4746.58,4592.62,44402268.0,csi300,沪深300,4755.9794999999995,4760.8812,5039.2835000000005,5178.2179166666665,4803.4945
2008-03-07,4641.75,4621.69,4693.21,4597.01,28690945.0,csi300,沪深300,4758.467,4742.6516,5033.545833333334,5172.03825,4808.1015
2008-03-10,4588.77,4431.59,4588.77,4406.23,31780355.0,csi300,沪深300,4732.5405,4730.639999999999,5024.554666666667,5163.867833333334,4811.3664
2008-03-11,4393.28,4441.18,4441.18,4315.18,26276592.0,csi300,沪深300,4708.508,4717.804,5014.551833333333,5156.754416666667,4814.68915
2008-03-12,4534.81,4309.65,4553.34,4308.35,27145644.0,csi300,沪深300,4683.1865,4701.763999999999,5000.819999999999,5147.858000000001,4817.0802
2008-03-13,4266.27,4198.96,4296.36,4121.27,34451307.0,csi300,沪深300,4649.122,4684.9064,4985.1359999999995,5140.148583333333,4818.72255
2008-03-14,4179.44,4157.87,4212.41,4092.79,23427885.0,csi300,沪深300,4616.35,4668.3436,4969.810666666667,5131.440333333333,4819.81715
2008-03-17,4138.88,3965.28,4138.88,3958.29,28180961.0,csi300,沪深300,4569.0644999999995,4628.95,4954.493666666666,5119.90125,4820.0448
2008-03-18,3924.87,3763.95,3996.96,3700.35,34523751.0,csi300,沪深300,4506.224499999999,4582.6348,4934.265333333333,5106.290166666667,4818.9383
2008-03-19,3837.6,3888.86,3954.47,3776.3,37898477.0,csi300,沪深300,4455.2315,4545.545999999999,4918.124833333334,5092.873083333333,4818.019700000001
2008-03-20,3833.21,4001.83,4044.69,3658.04,46212944.0,csi300,沪深300,4411.5215,4510.4092,4904.3234999999995,5080.5813333333335,4817.1874
2008-03-21,3998.2,4037.83,4083.16,3958.97,42615163.0,csi300,沪深300,4378.301,4479.39,4889.1825,5069.069333333333,4817.94425
2008-03-24,4086.07,3857.09,4103.57,3857.09,35842438.0,csi300,沪深300,4345.1665,4437.2339999999995,4869.514166666667,5055.42075,4817.58995
2008-03-25,3780.46,3905.77,3937.67,3747.02,32245863.0,csi300,沪深300,4314.6785,4392.6348,4849.579499999999,5042.401333333333,4818.099050000001
2008-03-26,3926.86,3914.37,4001.55,3888.02,28036763.0,csi300,沪深300,4278.4085,4352.8607999999995,4828.0335,5029.071916666667,4820.11375
2008-03-27,3847.44,3748.92,3873.61,3745.88,32000668.0,csi300,沪深300,4234.7515,4307.7764,4803.568666666667,5014.85775,4820.6852
2008-03-28,3712.98,3918.16,3925.86,3661.38,42096777.0,csi300,沪深300,4196.932,4276.4132,4781.120833333333,5002.833916666667,4821.8881
2008-03-31,3802.21,3790.53,3891.66,3780.12,29440841.0,csi300,沪深300,4146.9214999999995,4247.2432,4754.8375,4989.1911666666665,4821.82925
2008-04-01,3776.27,3582.86,3815.16,3566.21,35303462.0,csi300,沪深300,4092.507,4209.9364,4725.580666666667,4972.541583333334,4820.5542
2008-04-02,3621.39,3547.98,3698.53,3493.18,42765884.0,csi300,沪深300,4038.4700000000003,4166.264800000001,4694.9619999999995,4954.998583333334,4818.6348
2008-04-03,3518.22,3650.7,3665.65,3457.62,32989493.0,csi300,沪深300,3986.7535000000003,4127.4104,4665.439833333334,4938.121666666667,4816.70775
2008-04-07,3611.96,3845.82,3854.07,3578.38,40484982.0,csi300,沪深300,3947.96,4094.2612,4638.142666666667,4922.788833333333,4815.345499999999
2008-04-08,3852.01,3891.06,3935.33,3820.1,44067922.0,csi300,沪深300,3920.9335,4058.2740000000003,4610.383833333334,4907.2136666666665,4814.4217
2008-04-09,3857.27,3688.13,3911.7,3687.6,38997168.0,csi300,沪深300,3883.281,4018.9532,4579.7185,4890.1379166666675,4812.36545
2008-04-10,3641.66,3754.72,3754.72,3608.32,28804396.0,csi300,沪深300,3855.5345,3983.9932,4548.7345000000005,4872.915166666667,4810.001200000001
2008-04-11,3794.3,3783.73,3825.29,3755.01,26328590.0,csi300,沪深300,3834.7729999999997,3947.9411999999998,4517.260833333334,4855.4695833333335,4807.65485
2008-04-14,3699.14,3536.33,3710.79,3525.19,33427046.0,csi300,沪深300,3803.696,3904.5268,4481.213833333332,4836.404666666667,4804.5485
2008-04-15,3513.07,3583.3,3583.86,3417.25,30656886.0,csi300,沪深300,3784.597,3870.5952,4445.406166666668,4819.467583333333,4801.4786
2008-04-16,3573.66,3494.02,3583.81,3483.19,26528120.0,csi300,沪深300,3771.1005000000005,3832.7088,4408.699,4801.800583333333,4798.6915500000005
2008-04-17,3493.24,3386.63,3559.1,3340.88,29530618.0,csi300,沪深300,3745.989,3795.7880000000005,4373.380833333333,4784.416833333334,4796.23675
2008-04-18,3356.56,3272.5,3390.55,3248.53,27888162.0,csi300,沪深300,3709.5225,3758.7296,4338.4955,4765.52025,4792.9582
2008-04-21,3516.43,3267.55,3516.43,3223.89,41362307.0,csi300,沪深300,3671.0085,3723.1168,4302.7135,4746.183083333333,4789.09355
2008-04-22,3207.88,3296.28,3301.55,3122.39,32537969.0,csi300,沪深300,3642.968,3696.3568,4271.8893333333335,4729.203833333333,4786.2823499999995
2008-04-23,3267.36,3453.73,3467.43,3245.3,44272553.0,csi300,沪深300,3620.3660000000004,3683.9480000000003,4250.220333333334,4713.028166666667,4784.7306
2008-04-24,3739.32,3774.5,3781.48,3659.73,96574896.0,csi300,沪深300,3613.3725000000004,3679.3736000000004,4230.210166666667,4698.579333333333,4784.8148
2008-04-25,3781.91,3803.07,3915.84,3737.98,84814491.0,csi300,沪深300,3616.0800000000004,3671.4232,4209.807833333333,4683.6376666666665,4784.669
2008-04-28,3740.95,3729.15,3791.77,3711.19,48831235.0,csi300,沪深300,3606.6295000000005,3659.0760000000005,4187.3365,4667.309416666667,4784.59685
2008-04-29,3704.93,3776.94,3797.53,3702.02,44540440.0,csi300,沪深300,3605.95,3655.87,4171.420833333334,4652.073666666666,4785.79435
2008-04-30,3793.85,3959.12,3970.58,3793.85,69909777.0,csi300,沪深300,3624.7630000000004,3658.0040000000004,4158.038166666666,4639.458583333332,4787.03855
2008-05-05,4015.21,4055.78,4061.47,3972.56,62534073.0,csi300,沪深300,3650.153,3663.6604,4147.123666666666,4628.5875,4788.210950000001
2008-05-06,4021.07,4010.89,4075.58,3961.34,58459280.0,csi300,沪深300,3668.1625,3674.1391999999996,4136.965166666667,4617.698666666666,4789.387299999999
2008-05-07,3986.13,3821.32,4042.41,3821.11,54457706.0,csi300,沪深300,3666.9375,3670.2656,4124.454833333333,4604.954416666666,4789.5445500000005
2008-05-08,3774.04,3925.04,3926.0,3761.28,44055668.0,csi300,沪深300,3668.6365000000005,3675.646,4107.370166666667,4595.215833333334,4790.08515
2008-05-09,3960.89,3878.92,3973.06,3806.52,53655929.0,csi300,沪深300,3678.1760000000004,3687.4884,4089.9883333333332,4585.535833333333,4790.37915
2008-05-12,3804.99,3904.92,3952.79,3766.58,45382660.0,csi300,沪深300,3685.686,3701.7659999999996,4074.8023333333335,4576.591416666666,4791.4139000000005
2008-05-13,3786.53,3851.69,3923.17,3778.72,50338012.0,csi300,沪深300,3689.0840000000003,3709.8056,4057.659666666667,4567.5285,4791.724099999999
2008-05-14,3843.47,3975.78,3975.79,3843.47,50606901.0,csi300,沪深300,3711.0565,3715.0040000000004,4043.700833333334,4557.7775833333335,4792.56515
2008-05-15,4006.66,3948.09,4038.85,3948.06,50772975.0,csi300,沪深300,3729.296,3717.2852,4027.6525000000006,4548.33575,4793.2706
2008-05-16,3948.03,3936.12,3982.22,3882.9,39721752.0,csi300,沪深300,3751.4010000000003,3727.2048000000004,4009.5753333333337,4539.40625,4793.0918
2008-05-19,3926.31,3914.07,3936.28,3865.5,29709581.0,csi300,沪深300,3777.773,3733.5788000000002,3992.997833333334,4530.403333333333,4791.878549999999
2008-05-20,3911.1,3710.82,3946.44,3698.55,39702629.0,csi300,沪深300,3799.6890000000008,3730.6624000000006,3973.5776666666666,4519.081999999999,4789.6259
2008-05-21,3668.18,3783.05,3801.07,3591.57,43596162.0,csi300,沪深300,3825.464,3740.5312000000004,3958.2578333333336,4508.9605833333335,4787.26385
2008-05-22,3732.64,3711.44,3783.85,3704.16,40742717.0,csi300,沪深300,3846.222,3745.6567999999997,3944.7855,4500.117416666666,4784.3051000000005
2008-05-23,3697.89,3675.15,3741.06,3629.01,33440431.0,csi300,沪深300,3857.293,3752.902,3930.7791666666667,4490.275666666667,4781.14515
2008-05-26,3643.01,3559.22,3643.01,3555.76,28180190.0,csi300,沪深300,3846.529,3759.8056,3912.77,4479.935166666666,4776.889749999999
2008-05-27,3549.99,3576.2,3594.66,3533.47,24762693.0,csi300,沪深300,3835.1855000000005,3771.9536,3895.339,4470.477249999999,4772.46795
2008-05-28,3583.28,3676.23,3698.0,3561.73,31034914.0,csi300,沪深300,3832.5395,3788.3008,3878.700333333333,4462.372916666666,4769.3967
2008-05-29,3666.2,3580.87,3677.02,3578.73,29422740.0,csi300,沪深300,3822.736,3799.6844,3858.5358333333334,4451.862916666667,4765.1201
2008-05-30,3585.61,3611.33,3620.23,3552.66,28590847.0,csi300,沪深300,3805.3464999999997,3805.9883999999997,3840.872166666667,4442.478916666666,4760.18485
2008-06-02,3600.23,3625.83,3650.48,3580.58,28253358.0,csi300,沪深300,3783.8489999999997,3800.0415999999996,3824.1573333333336,4432.921916666667,4754.7941
2008-06-03,3624.57,3614.11,3641.43,3585.12,34735141.0,csi300,沪深300,3764.0099999999998,3792.4832,3806.308666666667,4422.796083333333,4749.2419
2008-06-04,3601.06,3546.92,3605.06,3513.64,29417653.0,csi300,沪深300,3750.29,3785.1939999999995,3788.3958333333335,4410.970833333334,4743.63605
2008-06-05,3529.98,3512.14,3542.24,3487.79,23989279.0,csi300,沪深300,3729.6449999999995,3774.6020000000003,3773.071666666667,4398.813166666666,4737.3103
2008-06-06,3519.12,3489.5,3532.3,3470.56,20944229.0,csi300,沪深300,3710.174,3755.8171999999995,3757.210333333334,4385.881083333333,4731.1244
2008-06-10,3344.45,3206.56,3352.32,3188.8,32949961.0,csi300,沪深300,3675.256,3721.8484,3738.8255,4369.82275,4723.55125
2008-06-11,3155.94,3140.3,3181.82,3097.4,29409735.0,csi300,沪深300,3639.6865,3687.0247999999997,3721.1811666666667,4353.158583333333,4715.2749
2008-06-12,3123.64,3084.63,3148.74,3022.88,31454109.0,csi300,沪深300,3595.129,3657.5572,3703.2938333333336,4336.55225,4706.7043
2008-06-13,3087.34,2979.12,3108.99,2975.66,25319837.0,csi300,沪深300,3546.6805,3619.7203999999997,3686.8578333333335,4320.675749999999,4697.990199999999
2008-06-16,2981.09,2952.24,3012.99,2900.08,26813794.0,csi300,沪深300,3497.4865,3582.6532,3673.329333333333,4303.797333333333,4689.6185000000005
2008-06-17,2950.4,2842.68,2977.89,2820.64,26463778.0,csi300,沪深300,3443.917,3540.1636,3655.8930000000005,4287.008916666667,4679.40475
2008-06-18,2820.24,2991.27,3007.18,2759.11,42560095.0,csi300,沪深300,3407.9395000000004,3505.7468,3639.050333333333,4271.686916666667,4669.49755
2008-06-19,2967.4,2773.08,2967.4,2768.23,36319039.0,csi300,沪深300,3357.441,3457.6388,3617.971166666667,4253.5768333333335,4658.1045
2008-06-20,2795.47,2849.67,2946.94,2691.87,51675905.0,csi300,沪深300,3314.3524999999995,3413.702,3601.1808333333333,4235.3475,4646.6732
2008-06-23,2798.43,2789.94,2845.48,2771.36,26631493.0,csi300,沪深300,3270.092,3367.8547999999996,3582.5836666666664,4216.081583333334,4634.535
2008-06-24,2775.69,2851.92,2865.9,2770.99,31792456.0,csi300,沪深300,3234.727,3325.3688,3564.876166666667,4196.454833333333,4622.57885
2008-06-25,2844.92,2969.54,2973.17,2834.95,42425261.0,csi300,沪深300,3204.394,3295.7176,3551.8865,4177.727583333333,4611.1677
2008-06-26,2964.52,2980.91,3010.28,2922.79,42599312.0,csi300,沪深300,3169.6279999999997,3263.6319999999996,3536.2656666666667,4158.69325,4600.21315
2008-06-27,2886.18,2816.02,2899.84,2787.25,40886556.0,csi300,沪深300,3131.3855,3227.8152,3520.023833333333,4137.430666666666,4588.0871
2008-06-30,2782.84,2791.82,2834.27,2747.61,25295406.0,csi300,沪深300,3090.4100000000003,3192.482,3506.839833333333,4116.21025,4575.562150000001
2008-07-01,2799.2,2698.35,2809.38,2690.18,28851585.0,csi300,沪深300,3044.036,3158.0471999999995,3492.6793333333335,4093.8206666666665,4561.95805
2008-07-02,2702.63,2699.6,2745.94,2670.06,27916365.0,csi300,沪深300,2998.3105,3122.9832,3476.8276666666666,4071.1337500000004,4548.6544
2008-07-03,2654.48,2760.61,2807.68,2617.26,45660305.0,csi300,沪深300,2958.995,3086.3584,3458.740833333333,4048.44175,4535.6412
2008-07-04,2751.21,2741.85,2783.85,2716.02,37905010.0,csi300,沪深300,2920.4805,3052.7976,3439.5873333333334,4024.985583333333,4522.29025
2008-07-07,2747.61,2882.76,2890.99,2747.61,52732024.0,csi300,沪深300,2890.1435,3023.6548000000003,3426.1645,4002.9415,4510.2301
2008-07-08,2900.57,2901.84,2939.14,2841.07,54248078.0,csi300,沪深300,2874.9075000000003,2994.6952,3411.949833333333,3980.342166666667,4497.8532000000005
2008-07-09,2927.0,3015.13,3015.27,2927.0,69356968.0,csi300,沪深300,2868.6490000000003,2970.7360000000003,3399.1398333333336,3958.2003333333337,4487.3084
2008-07-10,2970.98,2973.73,3056.91,2950.2,61649554.0,csi300,沪深300,2863.1040000000003,2947.8084000000003,3389.763166666666,3935.4885,4476.16275
2008-07-11,2962.86,2953.5,2988.2,2913.87,44287101.0,csi300,沪深300,2861.8230000000003,2925.4628000000002,3379.2664999999997,3912.336333333333,4464.1804
2008-07-14,2927.24,2975.87,2996.59,2917.02,34575043.0,csi300,沪深300,2863.0045,2904.9176,3370.630666666667,3889.6648333333337,4452.073350000001
2008-07-15,2987.06,2852.98,2997.67,2849.2,47292759.0,csi300,沪深300,2863.5195,2890.7744000000002,3361.7365,3867.5586666666663,4438.8437
2008-07-16,2818.76,2745.6,2824.88,2702.66,39403115.0,csi300,沪深300,2851.236,2874.9864000000002,3352.9548333333337,3845.7251666666666,4425.1875
2008-07-17,2790.26,2718.07,2812.99,2705.81,32687335.0,csi300,沪深300,2848.4855,2860.324,3343.7968333333333,3823.2551666666673,4411.681500000001
2008-07-18,2746.54,2815.46,2818.06,2690.07,40203402.0,csi300,沪深300,2846.775,2853.7776,3335.7831666666666,3803.83625,4398.2842
2008-07-21,2792.83,2911.05,2915.29,2780.28,45119577.0,csi300,沪深300,2852.8305,2852.13,3326.7385,3788.4794166666666,4385.49895
2008-07-22,2905.28,2904.74,2931.45,2890.25,38814976.0,csi300,沪深300,2855.4715,2854.6124000000004,3312.2425000000003,3771.2263333333335,4372.45315
2008-07-23,2923.05,2883.32,2941.97,2879.19,38821233.0,csi300,沪深300,2851.1605,2850.2944,3296.9133333333334,3753.360583333333,4359.5966499999995
2008-07-24,2905.04,2977.36,2979.75,2902.98,48538665.0,csi300,沪深300,2850.983,2858.4656,3284.3835000000004,3735.86,4347.678349999999
2008-07-25,2939.32,2939.2,2967.72,2916.68,40571081.0,csi300,沪深300,2857.142,2862.0468,3270.421166666667,3720.921,4335.23605
2008-07-28,2959.11,2960.85,2997.6,2946.49,39308640.0,csi300,沪深300,2865.5935,2868.8832,3253.7833333333333,3705.9107500000005,4322.13625
2008-07-29,2921.25,2905.63,2921.25,2881.05,36036275.0,csi300,沪深300,2875.9575,2871.0316000000003,3234.6141666666667,3690.868916666667,4308.3987
2008-07-30,2940.02,2884.38,2949.94,2866.03,29810800.0,csi300,沪深300,2885.1965,2867.6251999999995,3215.839,3676.4020833333334,4294.44095
2008-07-31,2894.25,2805.21,2899.07,2804.7,27940966.0,csi300,沪深300,2887.4265,2860.5972,3198.903833333333,3661.679333333333,4280.0382
2008-08-01,2786.12,2840.79,2868.68,2748.75,34031491.0,csi300,沪深300,2892.3735,2861.5879999999997,3180.833,3644.1015833333336,4265.44175
2008-08-04,2816.94,2773.15,2832.9,2767.53,22782324.0,csi300,沪深300,2886.893,2860.8412,3162.4035,3626.1959166666666,4250.6214
2008-08-05,2780.76,2703.08,2792.74,2695.37,30469235.0,csi300,沪深300,2876.955,2861.0304000000006,3142.3728333333333,3608.5875833333334,4235.02955
2008-08-06,2723.52,2721.69,2749.1,2679.66,27404022.0,csi300,沪深300,2862.2830000000004,2861.9139999999998,3123.5395,3590.5995833333336,4219.2519999999995
2008-08-07,2717.66,2720.44,2747.88,2683.41,23370439.0,csi300,沪深300,2849.6185,2860.3071999999997,3102.6171666666664,3573.159,4203.7336
2008-08-08,2719.38,2591.46,2719.38,2581.81,30894581.0,csi300,沪深300,2831.5164999999997,2854.2916000000005,3080.0066666666667,3553.8295833333336,4188.61215
2008-08-11,2579.8,2456.81,2580.72,2442.79,32120206.0,csi300,沪深300,2805.5635,2837.2536,3055.3514999999998,3532.463416666667,4172.8259
2008-08-12,2431.38,2444.16,2474.32,2413.6,24191944.0,csi300,沪深300,2785.1225,2818.9464000000003,3030.853,3511.9254166666665,4157.6833
2008-08-13,2427.5,2444.67,2466.09,2369.58,27551711.0,csi300,沪深300,2770.076,2796.1279999999997,3009.7505,3491.6640833333336,4142.2062
2008-08-14,2429.98,2443.51,2461.24,2410.49,20157236.0,csi300,沪深300,2756.348,2774.9192,2987.424833333333,3472.841333333333,4126.4837
2008-08-15,2440.39,2447.62,2479.15,2412.95,20422261.0,csi300,沪深300,2737.956,2754.684,2966.3611666666666,3455.5733333333333,4112.05285
2008-08-18,2451.31,2313.4,2452.63,2312.95,23623106.0,csi300,沪深300,2708.0735,2728.1852000000003,2943.665333333333,3437.22225,4096.6458
2008-08-19,2285.51,2348.47,2356.19,2273.89,19477106.0,csi300,沪深300,2680.2599999999998,2708.0047999999997,2923.4861666666666,3418.1280833333335,4080.8463500000003
2008-08-20,2332.39,2532.94,2533.3,2312.18,45043415.0,csi300,沪深300,2662.741,2699.4984000000004,2906.0985,3400.71875,4065.5307000000003
2008-08-21,2494.26,2443.98,2535.86,2438.86,37518040.0,csi300,沪深300,2636.072,2688.5348,2885.561,3382.130666666667,4049.3079000000002
2008-08-22,2421.25,2404.93,2437.43,2362.63,26298241.0,csi300,沪深300,2609.3585000000003,2672.1135999999997,2865.962,3362.2489166666664,4033.3064
2008-08-25,2408.03,2400.55,2439.91,2373.76,18643190.0,csi300,沪深300,2581.3435,2651.6936,2845.7823333333336,3343.3272500000003,4017.9445
2008-08-26,2370.53,2331.53,2390.66,2306.94,23741937.0,csi300,沪深300,2552.6385,2628.7652000000003,2824.210666666667,3324.1839999999997,4002.8006
2008-08-27,2322.54,2325.29,2367.72,2291.35,23862584.0,csi300,沪深300,2524.684,2606.4440000000004,2802.730333333333,3304.5195000000003,3987.8393
2008-08-28,2325.26,2335.87,2363.56,2316.68,20400291.0,csi300,沪深300,2501.217,2580.7844,2782.546166666667,3285.471,3972.7655
2008-08-29,2347.4,2391.64,2418.05,2339.52,28877845.0,csi300,沪深300,2478.7595,2558.8819999999996,2763.8711666666663,3268.4714166666668,3959.25535
2008-09-01,2372.64,2309.17,2372.64,2297.02,21152803.0,csi300,沪深300,2455.5605,2532.8147999999997,2744.199,3250.7046666666665,3945.5986
2008-09-02,2292.69,2285.41,2309.21,2268.0,18440498.0,csi300,沪深300,2434.677,2508.006,2728.8464999999997,3233.8360000000002,3932.1344
2008-09-03,2279.6,2245.96,2296.03,2219.56,23749474.0,csi300,沪深300,2410.8905000000004,2482.4692,2713.9408333333336,3217.561,3918.6679999999997
2008-09-04,2238.65,2251.15,2270.41,2216.11,18984780.0,csi300,沪深300,2387.4260000000004,2460.3068,2700.0495,3201.671666666667,3904.1943
2008-09-05,2193.04,2183.43,2221.09,2172.94,21654480.0,csi300,沪深300,2367.0245000000004,2434.0124,2686.788,3186.8229166666665,3889.7058999999995
2008-09-08,2189.82,2126.52,2198.76,2119.12,22186554.0,csi300,沪深300,2350.5099999999998,2408.1472,2673.0260000000003,3173.177666666667,3875.3002
2008-09-09,2135.22,2139.15,2150.99,2111.4,17624298.0,csi300,沪深300,2335.2595,2385.59,2661.3005,3158.5967499999997,3861.02385
2008-09-10,2124.97,2143.18,2181.25,2099.23,22057844.0,csi300,沪深300,2320.1850000000004,2362.4496,2647.1656666666668,3143.108,3846.3928499999997
2008-09-11,2135.45,2072.13,2142.0,2067.25,22176781.0,csi300,沪深300,2301.616,2336.5172000000002,2635.4831666666664,3126.7271666666666,3831.7653999999998
2008-09-12,2071.06,2077.85,2102.98,2066.44,19197020.0,csi300,沪深300,2283.1274999999996,2315.9728,2622.6195000000002,3111.9001666666663,3818.2915500000004
2008-09-16,2050.32,2000.65,2050.32,1987.3,33563261.0,csi300,沪深300,2267.49,2297.7264,2609.4646666666667,3096.024166666667,3804.0139999999997
2008-09-17,1981.25,1929.14,2003.91,1923.55,32862242.0,csi300,沪深300,2246.5235000000002,2277.1256,2594.0849999999996,3079.4805833333335,3789.6593
2008-09-18,1876.97,1895.99,1936.74,1804.77,47820263.0,csi300,沪深300,2214.6760000000004,2255.1784,2576.1925,3064.0395,3775.5834999999997
2008-09-19,2065.78,2073.11,2073.11,2046.22,36525404.0,csi300,沪深300,2196.1324999999997,2240.3624,2561.0625,3048.6640833333336,3762.7052999999996
2008-09-22,2228.37,2207.61,2258.42,2130.31,101993873.0,csi300,沪深300,2186.2664999999997,2230.762,2550.9223333333334,3035.473083333333,3749.5330000000004
2008-09-23,2141.6,2123.48,2180.37,2118.92,78365617.0,csi300,沪深300,2172.413,2223.1652,2539.7833333333333,3023.3115833333336,3736.46335
2008-09-24,2072.65,2138.85,2139.22,2050.97,45328180.0,csi300,沪深300,2162.779,2214.7803999999996,2530.4583333333335,3011.5688333333333,3723.29425
2008-09-25,2143.73,2223.53,2256.27,2139.62,74237912.0,csi300,沪深300,2157.691,2202.4040000000005,2522.523833333333,2999.6757500000003,3710.2658500000002
2008-09-26,2234.46,2243.66,2257.16,2192.13,59429943.0,csi300,沪深300,2153.0805,2194.3912,2513.9080000000004,2986.324416666667,3696.6544
2008-10-06,2206.56,2128.7,2206.56,2128.27,45575264.0,csi300,沪深300,2139.9335,2183.3419999999996,2503.6888333333336,2971.6380833333333,3682.4426000000003
2008-10-07,2043.92,2102.45,2136.12,2024.65,43065325.0,csi300,沪深300,2129.5975000000003,2171.418,2490.6836666666663,2958.4240833333333,3667.7481
2008-10-08,2041.99,2022.88,2073.07,2000.52,36874700.0,csi300,沪深300,2116.471,2159.0719999999997,2476.0343333333335,2943.9920833333335,3652.1946999999996
2008-10-09,2059.59,1995.3,2063.3,1993.01,33582311.0,csi300,沪深300,2103.938,2145.8723999999997,2459.0371666666665,2929.0885,3636.4712
2008-10-10,1913.27,1906.96,1938.22,1881.67,39151593.0,csi300,沪深300,2086.7285,2128.716,2441.257666666667,2915.5104166666665,3620.61905
2008-10-13,1889.75,1985.49,1985.63,1841.53,43538120.0,csi300,沪深300,2076.8315,2112.47,2425.124166666667,2902.1953333333336,3606.125
2008-10-14,2054.41,1934.62,2060.49,1934.46,54331946.0,csi300,沪深300,2067.2365,2097.4880000000003,2407.7699999999995,2889.2003333333337,3590.90985
2008-10-15,1911.03,1914.36,1930.63,1892.02,31892398.0,csi300,沪深300,2055.997,2082.646,2392.1263333333336,2876.931416666667,3576.1951999999997
2008-10-16,1833.48,1820.9,1866.9,1818.93,40529648.0,csi300,沪深300,2039.8829999999998,2065.6436000000003,2376.7146666666667,2864.8347500000004,3561.15015
2008-10-17,1837.91,1833.26,1851.33,1805.67,28715420.0,csi300,沪深300,2027.9395,2048.928,2361.9678333333336,2852.8823333333335,3545.585
2008-10-20,1828.41,1896.73,1899.35,1802.1,33277152.0,csi300,沪深300,2018.8835000000004,2037.46,2346.6556666666665,2841.219416666667,3529.8826999999997
2008-10-21,1901.24,1881.41,1928.19,1880.52,38908395.0,csi300,沪深300,2012.9215,2027.6556,2329.4950000000003,2828.11675,3513.7805
2008-10-22,1854.6,1833.32,1887.31,1832.45,32968572.0,csi300,沪深300,2008.1305,2015.4224,2311.638,2811.94025,3496.9114499999996
2008-10-23,1794.68,1834.78,1836.41,1779.13,35758654.0,csi300,沪深300,2005.0699999999997,2003.0864000000001,2294.162333333333,2795.5378333333338,3480.0013
2008-10-24,1831.46,1781.6,1840.88,1769.11,32980668.0,csi300,沪深300,1990.4945,1991.4652,2274.233,2779.30825,3462.5841499999997
2008-10-27,1746.67,1654.67,1746.67,1652.79,36441847.0,csi300,沪深300,1962.8475000000003,1974.5379999999998,2252.8241666666663,2761.6226666666666,3444.0198499999997
2008-10-28,1614.62,1705.82,1716.31,1607.67,46792804.0,csi300,沪深300,1941.9645,1962.7448000000002,2231.907,2742.8451666666665,3425.8575999999994
2008-10-29,1723.23,1658.22,1731.26,1657.65,38869488.0,csi300,沪深300,1917.9330000000002,1951.9080000000001,2211.116833333333,2722.8655000000003,3407.2232
2008-10-30,1669.97,1697.66,1723.93,1646.35,41284292.0,csi300,沪深300,1891.6395,1943.9747999999997,2191.338166666667,2703.588583333333,3388.6013499999995
2008-10-31,1688.09,1663.66,1696.65,1655.09,28314534.0,csi300,沪深300,1862.6395,1927.5968,2172.3123333333333,2685.608083333333,3369.5014
2008-11-03,1648.56,1653.54,1684.56,1643.42,25381097.0,csi300,沪深300,1838.8815000000002,1905.434,2152.5248333333334,2666.6789166666667,3349.9861499999997
2008-11-04,1646.2,1627.76,1648.45,1606.73,26100165.0,csi300,沪深300,1815.1469999999997,1885.6052000000002,2133.435,2647.91925,3330.4847000000004
2008-11-05,1641.26,1691.42,1714.66,1641.26,42418210.0,csi300,沪深300,1798.5739999999998,1867.708,2116.5739999999996,2629.4734166666667,3310.873
2008-11-06,1648.13,1649.78,1661.44,1638.34,30784179.0,csi300,沪深300,1781.298,1844.7579999999998,2098.708833333333,2611.1241666666665,3290.76115
2008-11-07,1618.75,1677.83,1690.11,1612.74,31521590.0,csi300,沪深300,1769.8414999999998,1822.1248,2081.332,2591.9745833333336,3270.6545499999997
2008-11-10,1714.12,1801.67,1803.12,1714.12,63948859.0,csi300,沪深300,1760.6505000000002,1809.0436000000002,2068.168833333333,2574.0877499999997,3251.0040999999997
2008-11-11,1795.3,1781.36,1824.93,1778.33,66072851.0,csi300,沪深300,1752.9875,1796.2,2056.911333333333,2556.1314166666666,3231.42865
2008-11-12,1758.48,1801.82,1806.23,1754.29,44087960.0,csi300,沪深300,1747.3605000000002,1787.3576,2046.2056666666665,2538.5293333333334,3212.9091500000004
2008-11-13,1777.03,1874.08,1891.94,1765.64,83234552.0,csi300,沪深300,1750.0194999999999,1782.5088,2036.6958333333334,2523.223166666666,3195.45145
2008-11-14,1893.31,1943.65,1943.65,1874.93,91168717.0,csi300,沪深300,1755.539,1783.9763999999998,2028.3648333333333,2507.8948333333333,3178.09735
2008-11-17,1934.74,1987.23,1987.23,1919.97,87836626.0,csi300,沪深300,1760.0639999999999,1784.046,2020.6916666666664,2493.5264166666666,3162.30485
2008-11-18,1974.38,1839.82,1994.82,1831.76,97278353.0,csi300,沪深300,1757.9845,1780.254,2012.7986666666666,2478.2319999999995,3147.7346
2008-11-19,1831.6,1953.16,1959.52,1823.27,82117408.0,csi300,沪深300,1763.9765,1781.806,2006.2101666666667,2464.848166666667,3132.6248499999997
2008-11-20,1916.7,1932.43,1976.95,1900.27,83187038.0,csi300,沪深300,1768.859,1786.2671999999998,1996.2016666666666,2451.1500833333334,3117.15095
2008-11-21,1872.27,1920.74,1968.89,1835.09,83049329.0,csi300,沪深300,1775.8160000000003,1789.7664000000002,1987.481,2436.521,3101.3675
2008-11-24,1913.99,1837.64,1923.93,1835.86,50561517.0,csi300,沪深300,1784.9645,1787.4028,1978.0261666666668,2421.9940833333335,3086.8963
2008-11-25,1870.06,1834.29,1883.1,1801.56,42814590.0,csi300,沪深300,1791.3879999999997,1785.5180000000003,1968.5885,2407.1854166666667,3072.25735
2008-11-26,1832.11,1843.5,1865.65,1815.02,45565635.0,csi300,沪深300,1800.6519999999996,1785.9252000000001,1960.4546666666668,2392.3326666666667,3057.9215999999997
2008-11-27,1961.89,1870.47,1969.02,1870.05,88008322.0,csi300,沪深300,1809.2925,1787.3528,1952.8743333333332,2377.802333333333,3044.17195
2008-11-28,1851.1,1829.92,1866.26,1815.45,51590660.0,csi300,沪深300,1817.6055000000001,1789.2856,1944.4418333333333,2363.494,3030.46185
2008-12-01,1823.77,1864.21,1864.3,1799.84,48386333.0,csi300,沪深300,1828.139,1797.6672,1935.6513333333335,2349.76125,3015.0323000000003
2008-12-02,1821.54,1868.63,1891.13,1814.9,61350235.0,csi300,沪深300,1840.1825000000001,1804.1796,1928.3090000000002,2336.254,2999.7663000000002
2008-12-03,1884.6,1952.67,1952.67,1884.6,85019144.0,csi300,沪深300,1853.2449999999997,1815.9576000000002,1922.7633333333333,2325.804916666667,2985.4492499999997
2008-12-04,1980.44,1982.93,2046.47,1978.14,119183441.0,csi300,沪深300,1869.9024999999997,1827.3684000000003,1918.3794999999998,2316.160166666667,2970.96265
2008-12-05,1969.74,2013.18,2014.2,1965.09,74366326.0,csi300,沪深300,1886.67,1841.3492,1914.4133333333334,2307.231416666667,2956.962
2008-12-08,2040.47,2095.04,2095.47,2033.98,107607131.0,csi300,沪深300,1901.3384999999998,1859.0091999999997,1912.9401666666668,2299.8640833333334,2942.8822499999997
2008-12-09,2104.12,2040.85,2107.6,2038.07,92509814.0,csi300,沪深300,1914.3129999999996,1875.5328000000002,1911.5123333333333,2292.269166666667,2927.9827499999997
2008-12-10,2028.51,2096.39,2096.39,2014.28,83271062.0,csi300,沪深300,1929.0414999999998,1891.7316,1910.7996666666666,2286.0500833333335,2913.9211
2008-12-11,2087.43,2046.34,2107.29,2043.62,73556236.0,csi300,沪深300,1937.6545,1907.594,1909.1856666666667,2278.175666666667,2899.7726499999994
2008-12-12,2027.07,1960.38,2038.19,1936.28,67387266.0,csi300,沪深300,1938.491,1918.8959999999997,1907.3231666666666,2271.4031666666665,2886.0633499999994
2008-12-15,1991.55,1975.03,2006.23,1941.05,50451096.0,csi300,沪深300,1937.8809999999999,1925.8304,1905.6095,2264.1145,2873.3396000000002
2008-12-16,1957.0,1994.45,1994.96,1919.87,47924878.0,csi300,沪深300,1945.6125,1934.354,1905.5061666666666,2257.485416666667,2860.7342
2008-12-17,2002.03,2001.42,2030.39,1995.65,58685150.0,csi300,沪深300,1948.0255000000002,1942.338,1906.7108333333333,2250.397916666667,2847.54245
2008-12-18,2001.05,2045.1,2045.94,1982.43,58429224.0,csi300,沪深300,1953.659,1949.1787999999997,1909.1960000000001,2242.69425,2834.6576499999996
2008-12-19,2037.37,2052.11,2075.38,2033.11,63311227.0,csi300,沪深300,1960.2274999999997,1953.5172,1908.8460000000002,2234.9542500000002,2821.5454499999996
2008-12-22,2050.77,2017.55,2055.37,1993.33,52949464.0,csi300,沪深300,1969.223,1954.73,1905.6783333333333,2228.300333333333,2807.6795
2008-12-23,2019.23,1918.96,2019.23,1918.43,63590464.0,csi300,沪深300,1973.4564999999998,1957.8956,1902.2696666666666,2221.0265,2793.91855
2008-12-24,1893.23,1887.08,1912.78,1872.65,44201831.0,csi300,沪深300,1975.6355000000003,1955.2523999999999,1898.0735,2214.2659166666667,2780.2103500000003
2008-12-25,1891.53,1870.77,1902.71,1848.71,39916834.0,csi300,沪深300,1975.6505000000002,1952.786,1892.194166666667,2207.3589999999995,2766.13905
2008-12-26,1868.34,1862.1,1881.08,1850.5,34560888.0,csi300,沪深300,1977.2594999999997,1950.4403999999997,1885.8348333333333,2199.871416666667,2752.3411000000006
2008-12-29,1852.41,1854.76,1861.3,1816.06,35986873.0,csi300,沪深300,1976.7869999999998,1951.1252,1881.2691666666667,2192.4790000000003,2739.4569500000002
2008-12-30,1852.95,1833.44,1867.41,1824.53,37584627.0,csi300,沪深300,1975.0275000000001,1951.0911999999998,1876.7856666666667,2183.7346666666667,2726.41825
2008-12-31,1835.11,1817.72,1844.42,1813.73,35631355.0,csi300,沪深300,1968.28,1950.06,1873.3663333333332,2174.700333333333,2713.9586
2009-01-05,1848.33,1882.96,1882.96,1837.84,48187020.0,csi300,沪深300,1963.2815000000003,1950.5595999999998,1871.494,2165.2655833333333,2702.3786000000005
2009-01-06,1880.67,1942.8,1948.49,1873.01,70974097.0,csi300,沪深300,1959.7625,1955.0747999999999,1872.0913333333335,2156.6745,2691.30325
2009-01-07,1942.67,1931.18,1959.25,1930.87,59702167.0,csi300,沪深300,1951.5695,1957.7535999999998,1871.1861666666666,2148.1551666666664,2681.13275
2009-01-08,1894.66,1887.99,1902.8,1873.65,53446490.0,csi300,沪深300,1943.9265,1958.5280000000002,1870.409,2139.0895,2671.75295
2009-01-09,1886.49,1918.37,1923.42,1886.49,47407216.0,csi300,沪深300,1935.0255000000002,1957.1559999999997,1870.4758333333334,2131.3010833333333,2661.9004999999997
2009-01-12,1911.74,1920.69,1947.08,1905.62,54234156.0,csi300,沪深300,1928.743,1954.6663999999998,1872.139,2124.4268333333334,2651.4948
2009-01-13,1892.66,1876.19,1908.2,1874.97,49818137.0,csi300,沪深300,1924.5335,1949.1868,1872.8545000000001,2117.4111666666668,2640.6866000000005
2009-01-14,1873.63,1955.24,1955.24,1873.63,59283231.0,csi300,沪深300,1923.5440000000003,1943.5948,1873.8296666666668,2110.2426666666665,2631.17735
2009-01-15,1935.39,1954.87,1977.19,1930.3,78943648.0,csi300,沪深300,1921.5649999999998,1940.1556,1875.054,2102.2745,2621.42285
2009-01-16,1965.44,1990.21,2026.65,1965.44,96538633.0,csi300,沪深300,1921.0044999999998,1935.9084,1877.6688333333332,2094.6534166666665,2611.8020500000002
2009-01-19,2010.58,2012.47,2052.19,1993.95,81948177.0,csi300,沪深300,1919.373,1934.5536000000002,1880.6303333333333,2087.396333333333,2603.1198
2009-01-20,2006.53,2025.19,2025.19,1986.06,53259262.0,csi300,沪深300,1918.027,1937.146,1884.6901666666668,2079.4615833333332,2593.65495
2009-01-21,1993.67,2021.71,2047.11,1988.24,64117428.0,csi300,沪深300,1918.235,1939.0131999999999,1890.8075000000001,2071.815833333333,2584.8108500000003
2009-01-22,2034.29,2044.55,2048.48,2012.74,58861947.0,csi300,沪深300,1924.5145,1941.0172,1896.453,2064.18,2577.1193
2009-01-23,2039.52,2032.68,2054.33,2025.19,57504109.0,csi300,沪深300,1931.7945,1942.2676000000001,1902.694,2056.9054166666665,2569.5428
2009-02-02,2052.44,2057.06,2059.34,2029.72,51453906.0,csi300,沪深300,1941.109,1942.746,1908.684,2050.0110833333333,2561.5746
2009-02-03,2056.79,2108.91,2108.94,2049.89,87640302.0,csi300,沪深300,1953.4495000000002,1945.0180000000003,1916.1048333333335,2044.2085833333333,2552.89005
2009-02-04,2118.56,2166.41,2166.41,2117.02,100888428.0,csi300,沪深300,1969.032,1950.9723999999999,1924.6526666666666,2038.5887500000001,2544.2668
2009-02-05,2164.55,2150.97,2211.18,2135.67,115100122.0,csi300,沪深300,1984.9085,1960.2528,1933.3728333333336,2033.4039166666666,2536.581
2009-02-06,2158.08,2237.28,2240.02,2158.08,106664904.0,csi300,沪深300,2005.8865,1974.2607999999998,1942.4705000000001,2029.5222500000002,2528.9938
2009-02-09,2271.59,2296.67,2307.91,2257.49,129523670.0,csi300,沪深300,2026.5719999999997,1991.2967999999998,1953.2520000000002,2025.9804166666665,2521.5585
2009-02-10,2288.07,2326.75,2327.1,2263.53,116294548.0,csi300,沪深300,2045.7694999999999,2009.8828000000003,1964.0673333333334,2022.6996666666666,2515.5106
2009-02-11,2287.23,2331.14,2381.19,2275.57,147576637.0,csi300,沪深300,2065.7675,2028.938,1972.8918333333336,2020.5303333333334,2509.2498
2009-02-12,2335.4,2318.34,2344.66,2248.48,119826218.0,csi300,沪深300,2087.2850000000003,2048.334,1981.8415,2019.3764166666667,2503.3714
2009-02-13,2321.56,2399.06,2402.44,2307.09,140409910.0,csi300,沪深300,2111.3195,2071.5876,1991.7955,2019.0005833333335,2498.43355
2009-02-16,2421.19,2462.25,2462.39,2397.18,152346669.0,csi300,沪深300,2138.3975,2094.7592,2001.5983333333331,2019.1470833333333,2494.3823
2009-02-17,2460.57,2385.29,2470.62,2384.79,141014991.0,csi300,沪深300,2163.8525,2112.4588,2008.959,2018.661916666667,2489.971
2009-02-18,2331.66,2275.84,2369.05,2272.5,115422062.0,csi300,沪深300,2179.8824999999997,2126.2452000000003,2013.7691666666667,2017.2304166666665,2484.8688
2009-02-19,2295.65,2298.41,2324.68,2259.59,90853928.0,csi300,沪深300,2197.0595000000003,2142.662,2021.4123333333334,2017.1055000000001,2479.0922
2009-02-20,2300.81,2344.32,2344.77,2276.3,86632069.0,csi300,沪深300,2214.7650000000003,2159.7,2027.9316666666666,2017.0709166666666,2471.9413
2009-02-23,2333.81,2410.48,2419.53,2307.92,109465403.0,csi300,沪深300,2234.6655,2179.2916,2035.8991666666666,2016.0504166666665,2464.97835
2009-02-24,2376.7,2301.85,2411.91,2294.52,127017555.0,csi300,沪深300,2248.4985,2196.3179999999998,2042.251,2014.8660000000002,2457.84185
2009-02-25,2325.04,2304.25,2337.42,2226.44,107877528.0,csi300,沪深300,2262.6255,2210.2784,2050.027833333333,2014.0270000000003,2450.4784000000004
2009-02-26,2295.43,2190.19,2332.35,2167.15,102200385.0,csi300,沪深300,2269.9075,2219.6911999999998,2055.9595,2012.2740000000001,2441.63375
2009-02-27,2164.54,2140.49,2186.82,2117.06,87076415.0,csi300,沪深300,2275.298,2225.7024,2060.9093333333335,2010.682,2432.0573
2009-03-02,2123.37,2164.67,2177.29,2112.34,62746181.0,csi300,沪深300,2280.6785,2231.7904,2065.8126666666667,2009.3435,2422.8262
2009-03-03,2109.84,2142.15,2168.22,2100.64,66167314.0,csi300,沪深300,2282.3405000000002,2236.4688,2071.0165,2007.7291666666667,2414.43035
2009-03-04,2150.24,2285.15,2290.94,2150.24,110750033.0,csi300,沪深300,2288.2775,2247.0064,2078.0321666666664,2006.84175,2406.2309
2009-03-05,2314.08,2304.92,2340.37,2259.8,131987347.0,csi300,沪深300,2295.975,2257.4211999999998,2085.3036666666667,2006.8063333333334,2398.3609
2009-03-06,2260.76,2286.58,2313.2,2255.82,85965450.0,csi300,沪深300,2298.44,2267.5772,2090.868833333333,2006.8160833333334,2390.2691999999997
2009-03-09,2302.01,2202.53,2333.98,2198.54,86555948.0,csi300,沪深300,2293.733,2273.396,2094.5288333333333,2006.4541666666667,2382.0234
2009-03-10,2175.31,2240.78,2241.24,2168.32,56660449.0,csi300,沪深300,2289.4345000000003,2278.6708,2098.322166666667,2006.3677500000001,2373.3484
2009-03-11,2288.05,2220.38,2292.4,2212.88,70838676.0,csi300,沪深300,2283.8965,2280.8296,2100.4111666666668,2006.6756666666668,2364.7098499999997
2009-03-12,2208.04,2215.7,2220.3,2156.6,55700111.0,csi300,沪深300,2278.7645,2283.4188,2103.325333333333,2007.4188333333334,2356.10775
2009-03-13,2229.25,2205.42,2250.24,2200.97,54083094.0,csi300,沪深300,2269.0825,2282.1444,2105.1425,2007.9710833333334,2347.5645
2009-03-16,2197.25,2241.61,2247.11,2180.05,48773854.0,csi300,沪深300,2258.0505000000003,2279.942,2108.397,2008.7913333333336,2340.21845
2009-03-17,2244.11,2322.4,2329.3,2239.67,92980528.0,csi300,沪深300,2254.906,2279.768,2114.4306666666666,2010.8769166666668,2332.9152
2009-03-18,2335.42,2332.65,2370.56,2328.86,101870071.0,csi300,沪深300,2257.7465,2279.8284,2120.391,2013.00025,2326.02125
2009-03-19,2337.52,2382.56,2386.23,2331.26,97318766.0,csi300,沪深300,2261.954,2282.3972,2126.8595,2016.1828333333333,2319.5583
2009-03-20,2389.89,2379.84,2397.21,2343.27,109396738.0,csi300,沪深300,2263.73,2281.6284,2133.1665000000003,2019.9386666666664,2313.6614
2009-03-23,2384.67,2439.4,2448.35,2375.52,116313049.0,csi300,沪深300,2265.176,2280.7144,2139.7381666666665,2024.4670833333332,2307.9773999999998
2009-03-24,2477.57,2451.78,2483.83,2440.53,111993525.0,csi300,沪深300,2272.6724999999997,2283.3740000000003,2146.3993333333333,2027.6226666666666,2301.85515
2009-03-25,2435.63,2401.33,2472.94,2401.05,95816660.0,csi300,沪深300,2277.5265,2288.3936,2152.795666666667,2029.237,2295.95745
2009-03-26,2407.76,2479.79,2479.83,2379.95,113249452.0,csi300,沪深300,2292.0065,2295.6488,2162.1428333333333,2032.20625,2290.29975
2009-03-27,2501.0,2498.93,2516.38,2481.69,135368546.0,csi300,沪深300,2309.9285,2301.8332,2172.340333333333,2035.2069166666668,2284.66525
2009-03-30,2501.31,2484.49,2508.14,2471.37,94151665.0,csi300,沪深300,2325.9195,2304.7936,2182.569,2037.3815833333333,2279.01715
2009-03-31,2436.78,2507.79,2507.9,2423.57,95461752.0,csi300,沪深300,2344.2015,2313.0312,2193.3305000000005,2039.5826666666667,2273.8215
2009-04-01,2519.89,2548.22,2566.54,2519.89,126307625.0,csi300,沪深300,2357.355,2322.79,2204.8881666666666,2043.0786666666668,2269.0019
2009-04-02,2558.77,2576.4,2599.25,2558.26,135146806.0,csi300,沪深300,2370.929,2338.2384,2217.2708333333335,2047.02825,2264.4364
2009-04-03,2597.92,2570.5,2612.37,2555.62,123655216.0,csi300,沪深300,2385.125,2355.4388,2229.8171666666667,2051.59175,2261.2561
2009-04-07,2570.63,2576.95,2597.06,2543.65,86083257.0,csi300,沪深300,2403.846,2371.93,2241.383666666667,2056.438833333333,2258.43935
2009-04-08,2563.72,2479.35,2573.09,2479.35,99328094.0,csi300,沪深300,2415.7745,2385.4179999999997,2250.3261666666667,2061.20875,2255.41295
2009-04-09,2477.42,2517.67,2517.74,2457.42,74593703.0,csi300,沪深300,2430.639,2394.7188,2260.101,2065.6435833333335,2253.1057
2009-04-10,2540.11,2595.53,2595.6,2530.62,104144408.0,csi300,沪深300,2449.6305,2406.3432000000003,2271.8933333333334,2071.151166666667,2251.32215
2009-04-13,2621.98,2656.52,2668.28,2619.37,139014541.0,csi300,沪深300,2472.1855,2421.1407999999997,2284.195833333333,2077.335833333333,2250.39135
2009-04-14,2651.2,2676.87,2682.91,2637.38,110491304.0,csi300,沪深300,2493.9485,2440.1144,2296.7988333333333,2084.4689166666667,2248.8193499999998
2009-04-15,2662.73,2686.99,2690.64,2627.81,120665292.0,csi300,沪深300,2512.178,2457.9628,2310.312166666667,2091.5833333333335,2248.3889
2009-04-16,2690.51,2687.11,2706.63,2643.32,123729613.0,csi300,沪深300,2529.901,2476.6319999999996,2322.51,2098.1698333333334,2247.5760999999998
2009-04-17,2675.67,2650.69,2693.29,2628.63,101528808.0,csi300,沪深300,2543.3075,2494.0316000000003,2334.1069999999995,2104.5805,2246.87985
2009-04-20,2643.73,2707.67,2708.45,2640.99,95903694.0,csi300,沪深300,2559.699,2514.1216,2346.0646666666667,2111.86675,2246.1586
2009-04-21,2670.28,2675.44,2697.72,2634.53,108185252.0,csi300,沪深300,2571.501,2531.4748,2357.1141666666667,2118.87225,2244.6881
2009-04-22,2687.86,2576.28,2713.3,2563.36,124046413.0,csi300,沪深300,2577.726,2541.63,2366.299,2125.4945833333336,2242.66495
2009-04-23,2555.53,2593.56,2604.16,2543.91,80887942.0,csi300,沪深300,2587.3375,2552.0663999999997,2375.8298333333337,2133.318666666667,2241.5526499999996
2009-04-24,2605.7,2572.89,2609.87,2570.38,73360969.0,csi300,沪深300,2591.9925,2559.6796,2384.6355,2140.54425,2240.458
2009-04-27,2566.92,2513.29,2576.52,2499.44,72039390.0,csi300,沪深300,2592.7105,2565.0175999999997,2392.6456666666663,2147.6698333333334,2239.5326999999997
2009-04-28,2490.53,2518.53,2531.54,2485.8,59264983.0,csi300,沪深300,2594.4125,2568.1828,2400.3368333333333,2154.5104166666665,2238.62735
2009-04-29,2518.85,2605.37,2615.81,2514.14,81885006.0,csi300,沪深300,2599.2915000000003,2574.3264,2408.611166666667,2162.3579999999997,2237.85115
2009-04-30,2616.49,2622.93,2640.02,2604.45,85809348.0,csi300,沪深300,2603.027,2583.1904,2416.2198333333336,2170.4362499999997,2237.25655
2009-05-04,2635.13,2714.3,2715.19,2632.3,102916565.0,csi300,沪深300,2609.9219999999996,2592.5708,2425.6086666666665,2179.49075,2236.41425
2009-05-05,2733.11,2727.01,2751.25,2713.23,102313722.0,csi300,沪深300,2617.7475,2601.694,2433.7708333333335,2188.1206666666667,2235.5401
2009-05-06,2721.82,2764.98,2771.21,2713.54,105806650.0,csi300,沪深300,2627.1490000000003,2612.9136000000003,2441.576,2197.4139999999998,2234.28935
2009-05-07,2783.58,2767.08,2797.47,2731.8,122101161.0,csi300,沪深300,2641.5355,2623.2852000000003,2448.9148333333337,2206.4910833333333,2233.2561
2009-05-08,2751.5,2789.22,2800.22,2733.33,106724988.0,csi300,沪深300,2655.113,2632.9252,2456.5495,2214.720666666667,2232.4347
2009-05-11,2808.14,2725.32,2839.61,2725.27,125364452.0,csi300,沪深300,2661.6025,2638.882,2463.3325,2222.587,2231.1819499999997
2009-05-12,2702.74,2788.56,2788.61,2699.95,88695942.0,csi300,沪深300,2668.2045000000003,2647.6044,2469.8241666666668,2230.8098333333332,2230.85985
2009-05-13,2792.42,2814.0,2822.71,2775.57,107112856.0,csi300,沪深300,2675.061,2657.0864,2475.686666666667,2238.6425000000004,2231.20185
2009-05-14,2781.05,2792.6,2804.48,2757.54,82639329.0,csi300,沪深300,2680.3415,2669.6164000000003,2482.4751666666666,2245.7170833333334,2231.5745
2009-05-15,2800.57,2796.12,2815.46,2773.32,64931431.0,csi300,沪深300,2685.792,2680.7544,2491.1465000000003,2252.4578333333334,2231.4778
2009-05-18,2782.59,2810.57,2813.76,2740.92,74835786.0,csi300,沪深300,2693.786,2689.3559999999998,2499.6825,2260.547416666667,2230.9754000000003
2009-05-19,2836.34,2840.08,2849.63,2821.95,97703617.0,csi300,沪深300,2700.4065,2696.6984,2507.9451666666664,2267.9384166666664,2230.6521000000002
2009-05-20,2843.54,2812.87,2849.64,2812.6,87939215.0,csi300,沪深300,2707.278,2702.1384000000003,2514.6516666666666,2275.2754166666664,2230.2998500000003
2009-05-21,2795.83,2750.01,2808.29,2735.77,85535394.0,csi300,沪深300,2715.9645,2704.6592,2522.121,2282.186,2229.1630999999998
2009-05-22,2733.02,2740.68,2762.74,2719.12,61499012.0,csi300,沪深300,2723.3205000000003,2706.802,2529.3948333333333,2289.711333333333,2228.1705
2009-05-25,2684.21,2752.72,2761.39,2675.28,74091671.0,csi300,沪深300,2732.312,2710.8832,2538.7703333333334,2297.3649166666664,2227.12985
2009-05-26,2757.31,2719.76,2762.81,2718.55,72316012.0,csi300,沪深300,2742.6355,2711.3668,2548.4248333333335,2304.6670833333333,2226.2005
2009-05-27,2734.42,2759.71,2768.57,2715.82,67976645.0,csi300,沪深300,2754.6945,2714.7376,2558.342166666667,2312.077416666667,2225.57715
2009-06-01,2798.93,2858.34,2864.47,2798.93,108564883.0,csi300,沪深300,2767.343,2726.02,2570.2786666666666,2320.647583333333,2225.8428
2009-06-02,2878.53,2865.1,2892.78,2855.06,108338397.0,csi300,沪深300,2779.4515,2736.8816,2579.9445,2328.9883333333337,2225.96435
2009-06-03,2865.73,2939.39,2939.39,2864.71,112073310.0,csi300,沪深300,2790.706,2751.5416000000005,2590.519,2337.911333333334,2226.79555
2009-06-04,2924.27,2953.75,2961.04,2899.67,130127710.0,csi300,沪深300,2802.043,2769.16,2601.6385,2346.2536666666665,2228.0489
2009-06-05,2966.06,2939.31,2975.18,2937.18,108476324.0,csi300,沪深300,2810.7594999999997,2785.9912,2613.918166666667,2354.2235,2229.1369999999997
2009-06-08,2937.64,2948.48,2978.23,2912.49,96116366.0,csi300,沪深300,2819.8295000000003,2799.7156,2625.713166666667,2362.0176666666666,2230.2772
2009-06-09,2948.95,2960.56,2960.9,2892.72,91989886.0,csi300,沪深300,2828.3965,2813.2207999999996,2638.0495,2369.2303333333334,2232.1227000000003
2009-06-10,2972.42,2989.6,2995.7,2966.59,101790039.0,csi300,沪深300,2841.6105,2824.2328,2650.947833333333,2377.136583333333,2234.78665
2009-06-11,2982.97,2961.63,3000.86,2951.27,87115997.0,csi300,沪深300,2850.264,2833.6176,2663.551333333334,2384.346916666667,2237.374
2009-06-12,2955.57,2906.29,2976.86,2883.32,80067067.0,csi300,沪深300,2854.8785,2839.27,2674.629333333333,2391.5131666666666,2239.6821
2009-06-15,2911.42,2966.19,2967.1,2898.07,74352090.0,csi300,沪深300,2863.558,2847.2344,2685.3591666666666,2399.8949166666666,2242.2954999999997
2009-06-16,2936.51,2961.22,2979.41,2929.04,70179242.0,csi300,沪深300,2871.813,2854.1144,2695.8353333333334,2408.113166666667,2244.8635
2009-06-17,2957.58,3010.59,3017.41,2930.49,77293118.0,csi300,沪深300,2881.8140000000003,2865.5252,2706.3025,2416.581,2248.3494499999997
2009-06-18,3014.44,3057.43,3061.75,3014.44,96281316.0,csi300,沪深300,2892.6815,2876.28,2717.595666666667,2425.3810833333337,2251.89425
2009-06-19,3061.9,3080.0,3086.72,3047.27,102518069.0,csi300,沪深300,2906.038,2886.92,2728.2723333333333,2434.00525,2254.6295499999997
2009-06-22,3106.39,3082.56,3116.16,3072.53,103952583.0,csi300,沪深300,2922.6655,2898.5184000000004,2738.7853333333333,2442.5923333333335,2257.82245
2009-06-23,3036.4,3083.9,3128.53,3028.45,111506734.0,csi300,沪深300,2939.8265,2910.0296000000003,2750.1615,2451.478583333333,2261.2173000000003
2009-06-24,3079.5,3120.73,3121.21,3068.24,109424313.0,csi300,沪深300,2958.227,2922.4359999999997,2760.8438333333334,2461.4933333333333,2264.8181999999997
2009-06-25,3125.66,3117.92,3141.17,3103.87,82806887.0,csi300,沪深300,2978.1349999999998,2933.5496,2771.1603333333333,2471.750333333333,2268.7501500000003
2009-06-26,3126.23,3128.42,3137.08,3109.32,70500908.0,csi300,沪深300,2996.5705000000003,2946.1716,2781.8925000000004,2482.23075,2272.7657999999997
2009-06-29,3132.11,3179.97,3182.42,3122.16,84997075.0,csi300,沪深300,3012.652,2963.37,2793.0955000000004,2493.213,2276.9862999999996
2009-06-30,3191.64,3166.47,3195.72,3159.63,86782347.0,csi300,沪深300,3027.7205,2980.4015999999997,2803.3996666666667,2504.1439166666664,2280.86045
2009-07-01,3153.54,3237.9,3238.79,3150.65,96950565.0,csi300,沪深300,3042.6459999999997,2999.8088000000002,2814.424666666667,2515.8477500000004,2285.5041
2009-07-02,3248.2,3282.36,3285.09,3247.57,112989294.0,csi300,沪深300,3059.0765,3022.3128,2826.2889999999998,2528.0530833333332,2290.48885
2009-07-03,3254.93,3327.14,3327.67,3249.11,105732592.0,csi300,沪深300,3078.468,3045.01,2838.7921666666666,2540.0879166666664,2295.89475
2009-07-06,3333.1,3374.75,3378.05,3333.1,135264049.0,csi300,沪深300,3099.7815,3065.6664,2853.7155,2552.0208333333335,2301.5127500000003
2009-07-07,3368.33,3340.49,3393.22,3327.35,129600799.0,csi300,沪深300,3118.778,3084.6819999999993,2867.429166666667,2563.765083333333,2307.2980500000003
2009-07-08,3306.43,3352.27,3368.07,3261.32,113867592.0,csi300,沪深300,3136.9115,3101.1971999999996,2880.0415000000003,2575.967416666667,2313.4267999999997
2009-07-09,3348.22,3396.3,3396.48,3334.68,113081523.0,csi300,沪深300,3158.6449999999995,3118.8992,2892.3711666666663,2588.2835,2319.71255
2009-07-10,3398.91,3398.31,3428.03,3375.97,106174912.0,csi300,沪深300,3183.246,3137.2592,2904.3951666666667,2600.597,2325.9882000000002
2009-07-13,3382.57,3361.01,3403.74,3358.52,99619651.0,csi300,沪深300,3202.987,3153.7603999999997,2915.6288333333337,2612.9705000000004,2332.4325999999996
2009-07-14,3375.87,3454.75,3454.75,3375.87,107520425.0,csi300,沪深300,3227.6635,3173.528,2928.422833333333,2625.466416666667,2339.3170999999998
2009-07-15,3467.13,3493.3,3497.51,3467.13,133483002.0,csi300,沪深300,3251.799,3193.676,2942.4663333333333,2638.286666666667,2346.78035
2009-07-16,3516.78,3501.24,3543.02,3489.56,129313329.0,csi300,沪深300,3273.9894999999997,3215.2603999999997,2955.6924999999997,2650.878583333333,2354.64085
2009-07-17,3499.51,3519.81,3527.47,3482.87,106549704.0,csi300,沪深300,3295.9799999999996,3239.8012,2969.7653333333333,2663.43975,2362.75995
2009-07-20,3532.52,3591.12,3594.87,3515.53,136468539.0,csi300,沪深300,3321.4080000000004,3264.7983999999997,2986.6793333333335,2676.4891666666667,2370.35
2009-07-21,3603.4,3539.83,3610.33,3533.16,130600961.0,csi300,沪深300,3344.2045,3287.9428,3002.4505,2689.1401666666666,2377.0111
2009-07-22,3532.63,3606.92,3607.37,3532.38,115238546.0,csi300,沪深300,3368.514,3311.796,3019.684333333333,2702.1599166666665,2384.4283
2009-07-23,3613.6,3651.97,3653.84,3596.36,116381609.0,csi300,沪深300,3395.2165,3335.5776,3038.6623333333337,2715.6540000000005,2391.9939
2009-07-24,3672.21,3667.56,3687.49,3591.88,127979352.0,csi300,沪深300,3422.1735,3359.08,3057.812833333334,2729.0748333333336,2399.21405
2009-07-27,3680.15,3743.63,3744.24,3669.51,138808040.0,csi300,沪深300,3450.3564999999994,3385.5227999999997,3076.7838333333334,2742.6975,2406.7138999999997
2009-07-28,3745.55,3755.82,3756.78,3705.04,146267885.0,csi300,沪深300,3479.8239999999996,3412.3996,3095.665333333333,2755.942583333334,2414.8495
2009-07-29,3741.78,3558.51,3765.59,3453.64,167406126.0,csi300,沪深300,3495.8545,3429.9108,3109.7355000000002,2767.672083333333,2422.1298
2009-07-30,3587.05,3634.82,3656.92,3511.29,134968879.0,csi300,沪深300,3513.4775,3450.5868000000005,3124.8656666666666,2779.31825,2430.1895
2009-07-31,3670.19,3734.62,3735.8,3635.55,132239834.0,csi300,沪深300,3533.8514999999998,3474.8347999999996,3141.0263333333337,2791.301166666666,2438.8860999999997
2009-08-03,3754.22,3787.03,3789.94,3716.57,136415899.0,csi300,沪深300,3554.4655,3499.1172,3158.0255,2803.4701666666665,2448.28645
2009-08-04,3803.06,3786.62,3803.06,3712.43,141035739.0,csi300,沪深300,3576.772,3523.9232,3174.648833333333,2815.599166666667,2457.2921
2009-08-05,3781.4,3740.94,3789.13,3691.98,133444453.0,csi300,沪深300,3596.2055,3544.0447999999997,3191.5758333333333,2827.454166666667,2466.3237000000004
2009-08-06,3707.91,3663.12,3739.58,3602.58,118101525.0,csi300,沪深300,3609.5465000000004,3559.2751999999996,3206.151833333333,2837.988,2475.0675
2009-08-07,3655.46,3555.1,3686.54,3539.7,100575751.0,csi300,沪深300,3617.386,3568.3936,3218.5035,2847.095083333333,2483.7385
2009-08-10,3589.72,3544.54,3613.46,3485.36,84870681.0,csi300,沪深300,3626.5625,3575.1851999999994,3231.0358333333334,2856.7555,2492.2949
2009-08-11,3558.65,3556.38,3569.15,3509.72,64497197.0,csi300,沪深300,3631.6439999999993,3583.8208,3243.706833333333,2867.4266666666667,2500.59315
2009-08-12,3546.5,3397.4,3546.5,3390.36,92535386.0,csi300,沪深300,3626.8489999999997,3585.6259999999997,3253.4873333333335,2876.5849166666667,2508.1731
2009-08-13,3398.89,3440.82,3448.86,3338.85,87081800.0,csi300,沪深300,3623.828,3587.4067999999997,3263.499666666667,2885.7224166666665,2516.2106
2009-08-14,3437.95,3344.46,3454.95,3334.73,88248627.0,csi300,沪深300,3615.0605000000005,3585.2528,3272.3595,2893.5055833333336,2523.759
2009-08-17,3283.44,3140.27,3319.8,3137.48,91723902.0,csi300,沪深300,3592.518,3576.4232,3278.8638333333333,2900.4924166666665,2530.55235
2009-08-18,3110.71,3171.99,3186.81,3083.2,77343035.0,csi300,沪深300,3574.1259999999993,3565.1128000000003,3286.052333333333,2907.7235833333334,2538.13895
2009-08-19,3178.28,3014.57,3183.01,2982.22,81604020.0,csi300,沪深300,3544.5085,3545.9636,3290.4165,2914.593416666666,2544.6827
2009-08-20,3021.25,3144.39,3146.57,3021.25,79519216.0,csi300,沪深300,3519.1295,3531.6895999999997,3297.4936666666667,2922.95925,2552.11355
2009-08-21,3135.37,3203.62,3221.17,3113.7,86616805.0,csi300,沪深300,3495.9325,3519.042,3304.8921666666665,2931.6171666666664,2559.64335
2009-08-24,3222.4,3229.6,3241.52,3178.86,80414068.0,csi300,沪深300,3470.2310000000007,3504.5812,3311.0798333333337,2940.67925,2567.47305
2009-08-25,3210.85,3109.83,3210.85,3019.12,97530139.0,csi300,沪深300,3437.9315,3487.3812,3315.1586666666667,2947.5515833333334,2574.7545
2009-08-26,3082.68,3172.39,3203.79,3065.46,82036404.0,csi300,沪深300,3418.6254999999996,3470.0,3319.0420000000004,2954.7805,2582.4776500000003
2009-08-27,3149.57,3156.3,3212.27,3116.89,80125201.0,csi300,沪深300,3394.6994999999997,3450.1732,3322.4178333333334,2962.0281666666665,2589.80205
2009-08-28,3152.04,3046.78,3168.19,3030.73,84017946.0,csi300,沪深300,3360.3075000000003,3425.342,3324.2090000000003,2969.0635833333336,2596.7870500000004
2009-08-31,3003.54,2830.27,3003.54,2825.77,84517311.0,csi300,沪深300,3312.4695,3388.8076,3322.2388333333333,2973.976,2602.54925
2009-09-01,2804.58,2843.7,2901.28,2795.49,70535306.0,csi300,沪深300,3265.3235,3352.3228,3320.291166666667,2979.1703333333335,2607.7594
2009-09-02,2824.64,2890.93,2904.79,2813.62,60843386.0,csi300,沪深300,3222.823,3325.6196,3318.6466666666665,2984.7972500000005,2613.30725
2009-09-03,2898.45,3051.96,3059.99,2892.65,93157447.0,csi300,沪深300,3192.265,3302.3052000000002,3320.1521666666667,2991.85175,2619.5579500000003
2009-09-04,3055.35,3077.14,3099.39,3038.99,86984715.0,csi300,沪深300,3168.3669999999997,3276.006,3322.999666666667,2998.8145,2625.57325
2009-09-07,3097.79,3104.21,3153.23,3078.13,82790740.0,csi300,沪深300,3146.3504999999996,3248.6932,3325.3,3005.3295833333336,2631.37605
2009-09-08,3084.2,3170.97,3170.97,3047.3,83965634.0,csi300,沪深300,3127.08,3224.0672000000004,3328.795833333333,3012.3155833333335,2637.2947499999996
2009-09-09,3188.31,3194.91,3207.39,3143.74,91191155.0,csi300,沪深300,3116.9555,3202.2259999999997,3331.8678333333332,3019.0851666666663,2644.0702
2009-09-10,3179.19,3162.91,3204.12,3150.17,66566007.0,csi300,沪深300,3103.06,3182.2176,3333.625833333333,3025.61075,2650.11895
2009-09-11,3152.81,3238.13,3253.45,3152.69,80689660.0,csi300,沪深300,3097.7434999999996,3169.5388000000003,3336.2613333333334,3032.2668333333336,2656.64745
2009-09-14,3248.35,3293.39,3298.91,3240.53,87393883.0,csi300,沪深300,3105.3995000000004,3159.4928000000004,3339.7751666666663,3039.2802500000003,2663.5107000000003
2009-09-15,3298.81,3302.64,3325.74,3264.95,87092177.0,csi300,沪深300,3111.932,3149.3432000000003,3343.420833333333,3046.791166666667,2670.8357
2009-09-16,3290.39,3258.24,3296.94,3212.45,88244481.0,csi300,沪深300,3124.1155,3143.7768,3345.7126666666663,3053.2782500000003,2677.9554500000004
2009-09-17,3274.58,3320.1,3329.12,3274.58,91333404.0,csi300,沪深300,3132.901,3138.948,3349.0823333333333,3060.1213333333335,2685.33845
2009-09-18,3325.06,3199.69,3330.43,3170.96,100488404.0,csi300,沪深300,3132.7045000000003,3133.1571999999996,3350.2701666666667,3066.0813333333335,2691.9845499999997
2009-09-21,3163.51,3208.6,3210.64,3090.61,72801974.0,csi300,沪深300,3131.6544999999996,3135.8904,3350.7473333333332,3071.9214166666666,2698.8779500000005
2009-09-22,3196.01,3131.03,3237.22,3131.02,73425101.0,csi300,沪深300,3132.7145,3134.252,3350.1566666666668,3076.7781666666665,2705.2120499999996
2009-09-23,3130.14,3060.07,3159.17,3041.42,66013716.0,csi300,沪深300,3127.0985,3136.072,3347.1928333333335,3080.8087500000006,2711.16925
2009-09-24,3041.82,3080.93,3122.05,2989.24,65152102.0,csi300,沪深300,3123.33,3133.5336000000007,3343.835666666667,3085.0623333333338,2716.81055
2009-09-25,3057.11,3058.53,3090.07,3028.41,45820492.0,csi300,沪深300,3123.9175,3127.73,3339.358833333333,3089.0755,2722.18855
2009-09-28,3066.37,2972.64,3088.08,2959.74,41918352.0,csi300,沪深300,3131.0359999999996,3117.4516000000003,3332.6569999999997,3093.1862499999997,2726.98585
2009-09-29,2975.53,2972.29,2998.55,2923.93,45932352.0,csi300,沪深300,3137.4655,3111.95,3326.5203333333334,3096.97475,2731.3721
2009-09-30,2992.98,3004.8,3033.74,2988.29,42184524.0,csi300,沪深300,3143.159,3105.2464,3320.7291666666665,3100.3853333333336,2736.19185
2009-10-09,3078.75,3163.71,3164.03,3071.27,56871040.0,csi300,沪深300,3148.7465,3105.5428,3316.8526666666667,3104.6119166666667,2741.5284500000002
2009-10-12,3181.58,3151.63,3193.59,3151.26,58961960.0,csi300,沪深300,3152.471,3109.7368,3312.7413333333334,3108.56825,2747.0549
2009-10-13,3144.02,3198.52,3199.92,3140.5,50713704.0,csi300,沪深300,3157.1865000000003,3124.4668,3310.0331666666666,3112.831,2753.2456
2009-10-14,3209.06,3227.4,3276.55,3204.31,80978120.0,csi300,沪深300,3160.0080000000003,3139.8147999999997,3306.2439999999997,3117.3334166666664,2759.50745
2009-10-15,3258.55,3239.64,3287.63,3227.09,60562010.0,csi300,沪深300,3162.2445,3153.7631999999994,3302.0163333333335,3122.241333333333,2765.7334
2009-10-16,3250.1,3241.71,3268.43,3188.43,55636255.0,csi300,沪深300,3166.1845000000003,3161.3532,3297.6908333333336,3126.6916666666666,2771.9348499999996
2009-10-19,3238.85,3329.16,3330.79,3231.81,77683143.0,csi300,沪深300,3170.736,3171.434,3294.513333333334,3132.139333333333,2778.3551500000003
2009-10-20,3355.36,3377.57,3379.63,3343.02,89426278.0,csi300,沪深300,3174.945,3182.3684,3290.954166666667,3138.81675,2784.98245
2009-10-21,3375.03,3369.28,3414.66,3358.55,83488940.0,csi300,沪深300,3178.2769999999996,3190.3007999999995,3288.1116666666667,3145.2810833333338,2791.7410999999997
2009-10-22,3364.15,3347.32,3381.15,3341.42,60936583.0,csi300,沪深300,3182.731,3196.3972000000003,3283.7849999999994,3151.7346666666667,2798.8829000000005
2009-10-23,3354.98,3413.25,3436.39,3354.98,86725429.0,csi300,沪深300,3187.3885,3206.4108,3279.806333333333,3159.2343333333333,2806.51375
2009-10-26,3421.7,3414.24,3432.9,3385.44,68442524.0,csi300,沪深300,3198.116,3213.4552000000003,3275.5843333333332,3166.6985833333333,2814.2311
2009-10-27,3384.29,3314.72,3392.1,3314.32,74209551.0,csi300,沪深300,3203.422,3214.3084,3268.4358333333334,3172.6098333333334,2821.4941999999996
2009-10-28,3303.77,3329.33,3337.17,3258.27,62594849.0,csi300,沪深300,3213.337,3215.3759999999997,3261.3276666666666,3178.4965,2828.8670499999994
2009-10-29,3265.19,3247.05,3291.18,3239.0,61305354.0,csi300,沪深300,3222.686,3214.9284,3256.1366666666668,3182.9360833333335,2835.9351
2009-10-30,3305.38,3280.37,3329.54,3276.32,60647062.0,csi300,沪深300,3232.6580000000004,3213.3392,3250.2291666666665,3187.547416666667,2843.2483500000003
2009-11-02,3205.84,3392.8,3394.72,3198.31,81981158.0,csi300,沪深300,3249.3715,3221.0636,3244.5321666666664,3192.7792499999996,2850.7975500000002
2009-11-03,3402.53,3435.43,3447.48,3397.25,83791098.0,csi300,沪深300,3272.511,3230.1367999999998,3238.6721666666663,3198.348833333334,2858.2607000000003
2009-11-04,3443.52,3453.89,3476.34,3415.22,86065273.0,csi300,沪深300,3296.5910000000003,3243.0512,3233.1266666666666,3203.88775,2865.87425
2009-11-05,3458.87,3464.32,3471.83,3432.26,80647784.0,csi300,沪深300,3319.567,3259.2212,3228.5163333333335,3210.046083333333,2873.7558999999997
2009-11-06,3491.08,3483.02,3506.03,3474.36,92190315.0,csi300,沪深300,3335.5325,3275.3048,3225.514666666667,3215.83325,2881.5791499999996
2009-11-09,3487.11,3495.79,3495.89,3452.61,78050904.0,csi300,沪深300,3352.7405,3292.7951999999996,3224.526166666667,3221.514833333333,2889.45465
2009-11-10,3520.4,3503.78,3532.19,3501.5,84300987.0,csi300,沪深300,3368.0035,3314.0408,3223.8468333333335,3227.4413333333337,2897.5926
2009-11-11,3500.59,3495.67,3514.83,3468.86,72626321.0,csi300,沪深300,3381.417,3334.9760000000006,3222.8349999999996,3233.270916666667,2905.2947499999996
2009-11-12,3506.95,3499.99,3529.06,3487.68,79962661.0,csi300,沪深300,3394.4345000000003,3354.7835999999998,3224.5448333333334,3239.0160833333334,2913.02035
2009-11-13,3489.54,3518.72,3518.89,3445.36,91210171.0,csi300,沪深300,3408.285,3368.9839999999995,3225.8431666666665,3244.6714166666666,2920.6629000000003
2009-11-16,3541.05,3625.8,3625.89,3541.05,123157323.0,csi300,沪深300,3423.1169999999997,3387.9508,3230.5321666666664,3251.445833333333,2928.7295499999996
2009-11-17,3644.96,3628.35,3649.42,3619.99,97391368.0,csi300,沪深300,3435.656,3405.1440000000002,3238.6668333333337,3258.7653333333333,2936.74535
2009-11-18,3633.85,3630.23,3652.81,3612.79,89226283.0,csi300,沪深300,3448.7035000000005,3421.2572000000005,3246.304166666667,3266.17825,2944.7879500000004
2009-11-19,3638.07,3642.44,3653.9,3604.61,94940095.0,csi300,沪深300,3463.4595,3437.3692000000005,3256.7686666666664,3273.5925833333336,2952.7774
2009-11-20,3630.58,3631.01,3658.21,3597.31,94750751.0,csi300,沪深300,3474.3475,3452.9411999999998,3264.879,3281.186333333333,2960.76905
2009-11-23,3636.53,3665.51,3666.27,3628.2,93990941.0,csi300,沪深300,3486.911,3466.3951999999995,3272.577166666667,3288.7346666666663,2968.8113
2009-11-24,3680.75,3548.08,3698.13,3538.86,147566822.0,csi300,沪深300,3498.579,3473.2156,3277.8851666666665,3294.4825,2976.0071499999995
2009-11-25,3541.51,3629.63,3630.3,3508.06,114602329.0,csi300,沪深300,3513.594,3483.6296,3286.5485,3300.853583333333,2983.3232499999995
2009-11-26,3635.79,3485.77,3646.61,3472.95,127882379.0,csi300,沪深300,3525.53,3489.1676,3291.7715,3305.40675,2989.99725
2009-11-27,3440.34,3382.51,3480.93,3367.29,89294688.0,csi300,沪深300,3530.637,3487.938,3295.5416666666665,3308.9797499999995,2995.7234
2009-11-30,3415.08,3511.67,3511.76,3415.08,84415341.0,csi300,沪深300,3536.5805,3491.8351999999995,3303.2898333333337,3313.7494166666665,3001.7984
2009-12-01,3507.56,3560.83,3566.78,3485.52,101518639.0,csi300,沪深300,3542.8504999999996,3501.6796000000004,3315.4658333333336,3318.8523333333333,3007.9688
2009-12-02,3578.87,3597.33,3607.56,3570.29,98052033.0,csi300,沪深300,3550.0225,3512.3996,3328.0263333333337,3324.15875,3014.2997499999997
2009-12-03,3596.95,3590.88,3603.12,3551.48,89978572.0,csi300,沪深300,3556.3505000000005,3526.1528000000003,3339.6921666666667,3329.1694166666666,3020.66245
2009-12-04,3581.63,3643.49,3646.26,3530.06,134130901.0,csi300,沪深300,3564.374,3540.6776,3349.551,3334.8515833333336,3026.8845999999994
2009-12-07,3644.63,3668.83,3672.8,3633.45,91225546.0,csi300,沪深300,3573.0260000000003,3551.7188,3359.4125,3341.206083333333,3032.9175
2009-12-08,3670.81,3624.02,3671.04,3590.94,82940864.0,csi300,沪深300,3579.0380000000005,3559.2624,3368.076,3346.688,3039.1111499999997
2009-12-09,3579.28,3554.48,3603.7,3543.42,68521507.0,csi300,沪深300,3581.9784999999997,3563.2859999999996,3374.4678333333336,3351.6318333333334,3045.50435
2009-12-10,3579.83,3577.24,3601.29,3544.9,57563738.0,csi300,沪深300,3585.8410000000003,3567.8028000000004,3380.8399999999997,3356.3539166666665,3051.8985
2009-12-11,3589.41,3575.02,3614.95,3568.51,54550912.0,csi300,沪深300,3588.656,3571.4828,3387.7085,3360.6671666666666,3058.052
2009-12-14,3572.53,3612.75,3623.27,3495.64,83785021.0,csi300,沪深300,3588.0035,3576.1612000000005,3393.952166666667,3365.10675,3064.0633500000004
2009-12-15,3594.51,3583.34,3620.32,3578.28,69186493.0,csi300,沪深300,3585.7530000000006,3579.3435999999997,3398.784666666667,3369.2799166666664,3070.4708
2009-12-16,3568.28,3560.72,3610.69,3550.67,56963912.0,csi300,沪深300,3582.2775,3581.9456,3403.0860000000002,3373.253416666667,3076.75315
2009-12-17,3571.05,3480.15,3582.44,3475.84,63286201.0,csi300,沪深300,3574.1629999999996,3581.152,3406.7845,3376.248583333333,3083.20295
2009-12-18,3450.04,3391.74,3453.35,3385.68,66111015.0,csi300,沪深300,3562.1995,3576.0728000000004,3407.9784999999997,3378.530416666667,3089.4592
2009-12-21,3386.33,3396.62,3404.64,3354.65,48329805.0,csi300,沪深300,3548.755,3566.9056,3411.260666666667,3380.765416666667,3095.6189499999996
2009-12-22,3402.23,3305.54,3404.75,3296.76,53942685.0,csi300,沪深300,3536.6279999999997,3553.9931999999994,3412.876333333333,3381.811833333333,3101.4359000000004
2009-12-23,3303.73,3336.48,3342.99,3296.29,48064504.0,csi300,沪深300,3521.9705000000004,3542.2432,3416.3005,3383.228583333333,3106.69255
2009-12-24,3346.76,3438.82,3445.7,3339.3,64377823.0,csi300,沪深300,3519.6229999999996,3534.0984,3422.613,3384.9029166666664,3112.3620499999997
2009-12-25,3434.33,3424.78,3441.96,3410.67,46914576.0,csi300,沪深300,3521.7365,3525.8491999999997,3428.3438333333334,3386.08975,3118.05305
2009-12-28,3432.82,3478.43,3489.57,3432.82,55375390.0,csi300,沪深300,3520.0745,3518.3660000000004,3435.342166666667,3387.3505,3124.43255
2009-12-29,3481.9,3500.74,3501.25,3451.18,55535765.0,csi300,沪深300,3517.0699999999997,3516.4724,3444.1438333333335,3388.4004166666664,3130.7323499999998
2009-12-30,3503.82,3558.86,3561.44,3498.38,88429370.0,csi300,沪深300,3515.1465,3513.6416,3453.92,3390.2201666666665,3137.4247499999997
2009-12-31,3561.37,3575.68,3579.52,3542.38,69241890.0,csi300,沪深300,3514.3864999999996,3517.238,3463.4346666666665,3392.0819166666665,3144.22465
2010-01-04,3592.47,3535.23,3597.75,3535.23,66101080.0,csi300,沪深300,3508.9735,3523.3468,3469.6266666666666,3393.239666666667,3150.8737
2010-01-05,3545.19,3564.04,3577.53,3497.66,85809641.0,csi300,沪深300,3503.7339999999995,3525.4416,3476.5001666666662,3394.62075,3157.4858499999996
2010-01-06,3558.7,3541.73,3588.83,3541.17,78473125.0,csi300,沪深300,3499.6195,3524.6776,3482.220333333333,3396.12675,3163.5825
2010-01-07,3543.16,3471.46,3558.56,3452.77,80350037.0,csi300,沪深300,3495.4685,3519.6427999999996,3486.288,3396.266,3169.2765500000005
2010-01-08,3456.91,3480.13,3482.08,3426.7,60790253.0,csi300,沪深300,3490.613,3515.2128,3490.2961666666665,3396.15625,3174.7644
2010-01-11,3593.11,3482.05,3594.53,3465.32,89980172.0,csi300,沪深300,3485.9645000000005,3508.7552,3494.301833333333,3395.9963333333335,3180.2754499999996
2010-01-12,3477.84,3534.92,3535.41,3437.66,93743278.0,csi300,沪深300,3482.0730000000003,3503.3988,3497.7311666666665,3396.12225,3185.75305
2010-01-13,3448.29,3421.14,3490.11,3415.69,112457901.0,csi300,沪深300,3473.9629999999997,3495.2835999999998,3498.4573333333333,3394.70575,3190.59985
2010-01-14,3433.47,3469.05,3470.32,3411.81,83353252.0,csi300,沪深300,3469.3795,3491.8664000000003,3500.1201666666666,3394.1159166666666,3195.93845
2010-01-15,3472.52,3482.74,3500.07,3448.66,72543102.0,csi300,沪深300,3469.5089999999996,3488.0864,3502.3771666666667,3393.0810833333335,3200.9532
2010-01-18,3471.78,3500.68,3501.26,3458.04,82854307.0,csi300,沪深300,3474.9559999999997,3485.1128,3503.8343333333337,3391.8203333333336,3205.96195
2010-01-19,3506.81,3507.48,3528.39,3497.09,74883232.0,csi300,沪深300,3480.499,3480.9019999999996,3505.3883333333333,3390.4863333333333,3211.0769
2010-01-20,3512.25,3394.43,3515.45,3387.82,92495146.0,csi300,沪深300,3484.9435000000003,3473.3456,3506.716833333333,3387.576333333333,3215.5101
2010-01-21,3397.04,3408.57,3425.18,3364.72,70595068.0,csi300,沪深300,3488.548,3467.2595999999994,3508.0375,3384.6825833333332,3219.81185
2010-01-22,3364.45,3366.2,3390.8,3293.19,88933404.0,csi300,沪深300,3484.917,3462.7016000000003,3510.023333333333,3383.0800000000004,3223.76085
2010-01-25,3340.01,3328.01,3372.43,3326.27,56849171.0,csi300,沪深300,3480.0785000000005,3460.1524,3510.817333333333,3380.52325,3227.5484
2010-01-26,3328.11,3242.8,3341.2,3222.14,61752231.0,csi300,沪深300,3468.297,3453.9996,3508.3173333333334,3376.42475,3230.8776499999994
2010-01-27,3243.04,3198.57,3255.12,3183.37,52691394.0,csi300,沪深300,3453.1885,3449.7208,3504.369666666667,3371.520916666667,3234.47375
2010-01-28,3195.29,3206.57,3220.31,3168.46,46990716.0,csi300,沪深300,3435.5739999999996,3444.5244000000002,3500.2476666666666,3366.687166666667,3237.91825
2010-01-29,3190.31,3204.16,3249.46,3176.92,50262613.0,csi300,沪深300,3416.9979999999996,3435.1380000000004,3495.9116666666664,3362.214,3240.9614
2010-02-01,3198.23,3152.71,3198.31,3116.44,57001380.0,csi300,沪深300,3397.8720000000003,3424.2552,3490.4065,3357.9605833333335,3243.44235
2010-02-02,3170.78,3146.19,3211.94,3143.09,50130033.0,csi300,沪深300,3376.9795,3410.9656,3484.5798333333328,3354.5530000000003,3245.78895
2010-02-03,3160.71,3230.72,3231.1,3094.57,64798894.0,csi300,沪深300,3361.429,3400.1648000000005,3480.028833333333,3351.937833333333,3248.5076
2010-02-04,3206.43,3218.8,3242.52,3190.44,58972726.0,csi300,沪深300,3348.796,3386.5624000000007,3475.4143333333336,3349.124666666666,3251.1660500000003
2010-02-05,3147.72,3153.09,3177.42,3129.92,59105845.0,csi300,沪深300,3332.4440000000004,3369.6588,3469.6326666666664,3347.0887500000003,3253.67805
2010-02-08,3152.25,3150.99,3172.31,3133.81,37355951.0,csi300,沪深300,3315.8909999999996,3354.2892000000006,3463.503833333333,3344.6735,3255.89465
2010-02-09,3147.76,3169.19,3178.95,3144.48,35953158.0,csi300,沪深300,3297.6045,3338.4951999999994,3455.8936666666664,3343.2129166666664,3258.3633999999997
2010-02-10,3195.14,3214.13,3214.46,3182.83,34219894.0,csi300,沪深300,3287.254,3325.3912,3448.99,3343.8284166666667,3261.5526499999996
2010-02-11,3216.69,3220.4,3238.35,3207.17,35791052.0,csi300,沪深300,3274.8215,3315.3488,3442.1595,3344.231833333333,3264.68685
2010-02-12,3232.88,3251.28,3253.2,3228.74,34058238.0,csi300,沪深300,3263.2485,3306.1948,3435.6401666666666,3346.204416666667,3268.0788000000002
2010-02-22,3248.95,3233.35,3261.95,3232.78,38283772.0,csi300,沪深300,3249.882,3296.2468,3429.0125,3346.94575,3271.6791
2010-02-23,3225.39,3198.63,3225.39,3152.93,42742898.0,csi300,沪深300,3234.4395,3282.7952,3421.2311666666665,3346.9041666666667,3275.0796
2010-02-24,3177.08,3244.48,3244.82,3165.13,49989437.0,csi300,沪深300,3226.942,3275.7288,3416.171166666667,3347.0281666666665,3278.27515
2010-02-25,3252.15,3292.13,3294.14,3249.33,67586617.0,csi300,沪深300,3221.12,3268.652,3410.5461666666665,3348.547333333334,3281.62115
2010-02-26,3286.1,3281.67,3301.15,3273.69,52107288.0,csi300,沪深300,3216.8935,3260.6092,3407.1445000000003,3349.458,3284.458
2010-03-01,3290.01,3324.42,3330.38,3287.56,60504520.0,csi300,沪深300,3216.714,3253.5588000000002,3406.176333333334,3350.859,3287.4450499999994
2010-03-02,3327.1,3311.24,3339.89,3299.69,57034374.0,csi300,沪深300,3220.136,3245.7092000000002,3402.835833333333,3353.062833333333,3290.17635
2010-03-03,3313.02,3335.08,3335.65,3293.92,60622732.0,csi300,沪深300,3226.9615000000003,3243.3352,3399.0733333333333,3357.2695833333332,3293.01635
2010-03-04,3338.67,3250.57,3345.91,3244.98,69346810.0,csi300,沪深300,3229.1615,3237.0152000000003,3393.2940000000003,3360.660166666667,3295.3231
2010-03-05,3253.16,3259.76,3276.4,3239.68,45629138.0,csi300,沪深300,3231.9415,3232.7575999999995,3387.7753333333335,3363.73375,3297.9952999999996
2010-03-08,3268.4,3286.18,3293.93,3258.03,41540876.0,csi300,沪深300,3238.6150000000002,3231.0844,3381.8201666666664,3365.6855833333334,3300.4834
2010-03-09,3285.62,3305.86,3322.51,3255.98,54199486.0,csi300,沪深300,3246.5985,3233.6068,3375.7706666666663,3367.5915833333333,3302.9427
2010-03-10,3304.04,3279.69,3321.08,3267.76,46421079.0,csi300,沪深300,3249.047,3236.8516000000004,3370.0318333333335,3369.0539166666663,3305.37815
2010-03-11,3282.2,3276.71,3303.49,3251.7,47487754.0,csi300,沪深300,3251.9425,3239.6571999999996,3365.4023333333334,3369.9350833333333,3307.7811000000006
2010-03-12,3277.31,3233.13,3284.26,3232.12,39957344.0,csi300,沪深300,3255.9445,3240.816,3359.6671666666666,3370.2535833333336,3309.8939
2010-03-15,3231.22,3183.18,3234.82,3171.8,37844304.0,csi300,沪深300,3257.554,3242.0348,3353.1365,3370.4225,3311.6094
2010-03-16,3183.77,3203.97,3204.29,3169.1,30847780.0,csi300,沪深300,3259.293,3244.3459999999995,3346.3235,3370.137833333333,3313.5649
2010-03-17,3214.22,3273.92,3274.0,3207.27,45800934.0,csi300,沪深300,3262.2825000000003,3246.0739999999996,3341.1665,3369.975583333333,3316.18445
2010-03-18,3277.88,3267.55,3295.37,3256.59,46948013.0,csi300,沪深300,3264.64,3248.0239999999994,3336.2803333333336,3369.683166666667,3318.8188
2010-03-19,3270.98,3293.87,3296.41,3251.14,46062187.0,csi300,沪深300,3266.7695,3253.6552,3333.175666666667,3369.9800833333334,3321.52455
2010-03-22,3297.82,3302.63,3313.92,3288.51,49439462.0,csi300,沪深300,3270.2335,3259.7208,3331.6905,3369.8345,3324.4389
2010-03-23,3305.55,3275.57,3309.12,3272.92,46539536.0,csi300,沪深300,3274.0805,3263.9760000000006,3329.673,3370.4668333333334,3327.0182
2010-03-24,3282.05,3276.67,3298.54,3271.03,44547966.0,csi300,沪深300,3275.69,3266.4776,3329.1918333333333,3371.0340833333335,3329.10985
2010-03-25,3270.39,3229.13,3270.39,3222.82,44984285.0,csi300,沪深300,3272.54,3266.8268000000007,3327.402666666667,3371.8515833333336,3330.93
2010-03-26,3226.8,3275.0,3285.39,3220.59,47444965.0,csi300,沪深300,3272.2065,3267.7756,3324.6723333333334,3373.6426666666666,3332.60805
2010-03-29,3295.76,3358.54,3363.61,3293.67,84724910.0,csi300,沪深300,3273.9125,3272.7832,3323.5683333333336,3375.956083333333,3334.6319999999996
2010-03-30,3361.35,3366.71,3372.26,3350.31,56436980.0,csi300,沪深300,3276.686,3279.5064,3321.7063333333335,3378.5242500000004,3336.7690000000002
2010-03-31,3369.19,3345.61,3369.9,3338.75,53124287.0,csi300,沪深300,3277.2125,3283.5516000000002,3319.1208333333334,3381.6323333333335,3338.7546500000003
2010-04-01,3349.88,3391.94,3392.48,3349.88,67772669.0,csi300,沪深300,3284.281,3287.544,3316.3388333333332,3385.129416666667,3340.91155
2010-04-02,3400.14,3407.35,3412.2,3391.81,69073452.0,csi300,沪深300,3291.6604999999995,3292.5712,3313.5333333333333,3388.4839999999995,3343.0003
2010-04-06,3422.85,3405.15,3436.29,3386.89,65191710.0,csi300,沪深300,3297.6089999999995,3295.8003999999996,3311.365333333333,3390.496,3345.2178999999996
2010-04-07,3403.09,3386.95,3404.58,3369.02,54011228.0,csi300,沪深300,3301.6634999999997,3298.8288000000002,3308.4138333333335,3392.4570000000003,3347.6212
2010-04-08,3381.31,3346.74,3381.31,3336.16,62185322.0,csi300,沪深300,3305.0160000000005,3299.2951999999996,3305.1639999999998,3393.6921666666667,3349.5239500000002
2010-04-09,3348.77,3379.17,3379.4,3342.47,51280567.0,csi300,沪深300,3310.139,3304.4392,3303.6258333333335,3394.956916666667,3351.6137
2010-04-12,3388.36,3351.48,3393.56,3330.3,74565150.0,csi300,沪深300,3316.0565,3308.1080000000006,3301.4816666666666,3395.8889166666672,3353.31815
2010-04-13,3350.73,3391.72,3401.71,3324.05,79907695.0,csi300,沪深300,3326.4835,3312.3296,3299.976166666667,3397.139,3354.9896000000003
2010-04-14,3394.64,3403.71,3404.52,3377.44,60306131.0,csi300,沪深300,3336.4705000000004,3316.2436,3297.7893333333336,3397.7602500000003,3356.60815
2010-04-15,3407.02,3394.57,3412.94,3365.88,61051685.0,csi300,沪深300,3342.5029999999997,3320.8388,3297.3464999999997,3397.901916666667,3358.1682
2010-04-16,3388.29,3356.33,3388.29,3348.78,47140368.0,csi300,沪深300,3346.942,3324.0236000000004,3295.4678333333336,3397.794,3359.5303499999995
2010-04-19,3313.5,3176.42,3313.5,3175.44,88416300.0,csi300,沪深300,3341.0695,3321.7552,3290.3625,3396.369833333333,3359.8088000000002
2010-04-20,3176.41,3173.37,3196.65,3130.96,64137859.0,csi300,沪深300,3334.6065000000003,3321.3628000000003,3284.907333333333,3394.3708333333334,3360.0860500000003
2010-04-21,3178.88,3236.68,3237.54,3164.76,66928331.0,csi300,沪深300,3332.6620000000003,3322.6711999999998,3280.3940000000002,3392.891166666667,3360.6273499999998
2010-04-22,3222.68,3201.54,3231.99,3177.73,71081688.0,csi300,沪深300,3328.9055,3319.7760000000003,3277.179166666667,3391.948,3360.7352
2010-04-23,3198.78,3190.0,3224.74,3172.58,61252679.0,csi300,沪深300,3326.9489999999996,3316.6740000000004,3273.536333333333,3390.7869166666665,3360.85285
2010-04-26,3195.46,3172.0,3207.72,3168.37,50894199.0,csi300,沪深300,3321.799,3311.7992,3270.2996666666663,3390.1615,3360.5233500000004
2010-04-27,3163.1,3108.41,3163.1,3060.85,65296574.0,csi300,沪深300,3309.2925000000005,3304.0304000000006,3266.639666666667,3388.7285,3359.6536000000006
2010-04-28,3080.32,3097.35,3122.12,3062.09,45995406.0,csi300,沪深300,3295.8245,3296.9015999999997,3264.2155,3386.266416666667,3358.5046500000003
2010-04-29,3114.94,3060.06,3130.7,3059.8,48260971.0,csi300,沪深300,3281.547,3288.2371999999996,3261.9069999999997,3383.1383333333333,3356.9312
2010-04-30,3060.12,3067.37,3068.13,3014.07,54477881.0,csi300,沪深300,3265.3185,3281.7668,3259.587,3379.9173333333333,3355.5656
2010-05-04,3005.49,3019.45,3056.08,2994.92,41248610.0,csi300,沪深300,3245.9235,3271.5447999999997,3256.5085000000004,3376.2100833333334,3353.9015000000004
2010-05-05,2981.78,3036.39,3036.87,2943.36,59670441.0,csi300,沪深300,3227.4855,3258.6588,3254.569833333333,3372.488166666667,3352.10195
2010-05-06,3014.91,2896.86,3014.91,2895.39,58770413.0,csi300,沪深300,3202.9809999999998,3239.8648,3250.4143333333336,3367.4970833333336,3349.5947
2010-05-07,2835.88,2836.79,2892.53,2817.15,61119399.0,csi300,沪深300,3177.4835,3219.5119999999997,3243.848833333334,3361.938833333333,3346.9736
2010-05-10,2842.37,2858.23,2872.31,2798.52,50209173.0,csi300,沪深300,3151.4365000000003,3198.1636000000003,3237.839333333333,3356.6268333333337,3343.9910000000004
2010-05-11,2916.34,2800.82,2922.13,2790.7,58363490.0,csi300,沪深300,3123.9035,3173.9024,3231.9681666666665,3350.8004166666665,3340.5285999999996
2010-05-12,2781.71,2818.16,2832.15,2756.42,53002271.0,csi300,沪深300,3095.2254999999996,3150.4228000000003,3226.4210000000003,3344.9624166666667,3337.1132000000002
2010-05-13,2818.58,2886.91,2886.97,2811.66,55145778.0,csi300,沪深300,3069.3855,3130.4211999999998,3221.7163333333333,3338.805,3333.9487000000004
2010-05-14,2865.58,2868.02,2888.09,2849.24,42498719.0,csi300,沪深300,3043.058,3111.2724,3215.947833333333,3332.4689166666667,3330.3332
2010-05-17,2828.88,2714.72,2828.88,2712.44,52166847.0,csi300,沪深300,3010.9775,3084.6944,3207.5198333333333,3324.8396666666663,3326.2076500000003
2010-05-18,2711.41,2771.35,2781.85,2686.97,54509671.0,csi300,沪深300,2990.7239999999997,3061.4892,3199.521,3317.5805833333334,3322.0298000000003
2010-05-19,2748.95,2762.17,2803.7,2723.3,45576221.0,csi300,沪深300,2970.1639999999998,3036.3071999999997,3191.6679999999997,3310.34025,3317.5807999999997
2010-05-20,2739.22,2726.02,2793.88,2721.07,42174803.0,csi300,沪深300,2944.631,3009.1996000000004,3183.791166666667,3302.5111666666667,3312.8731
2010-05-21,2656.42,2768.79,2769.09,2647.6,54475383.0,csi300,沪深300,2922.9935,2984.1683999999996,3175.863,3296.017083333333,3307.9989
2010-05-24,2787.75,2873.47,2886.37,2787.75,74502338.0,csi300,沪深300,2907.167,2964.854,3168.8853333333336,3289.7157500000003,3303.58715
2010-05-25,2851.26,2813.94,2855.33,2798.02,55168327.0,csi300,沪深300,2889.264,2950.3547999999996,3161.089833333333,3284.1171666666664,3299.8642999999997
2010-05-26,2814.44,2813.94,2839.03,2797.63,39858564.0,csi300,沪深300,2874.5405,2935.9776,3152.5818333333327,3279.3790833333337,3295.7599
2010-05-27,2808.05,2859.98,2866.87,2771.59,53445209.0,csi300,沪深300,2862.672,2920.9096000000004,3145.0608333333334,3273.9483333333333,3291.3867
2010-05-28,2885.86,2850.3,2893.69,2835.07,51534989.0,csi300,沪深300,2852.184,2906.86,3136.9811666666665,3268.02725,3286.70305
2010-05-31,2835.33,2773.26,2857.42,2772.79,46216854.0,csi300,沪深300,2837.4785,2890.1904,3129.026,3261.1600000000003,3281.63625
2010-06-01,2755.28,2744.16,2782.29,2710.59,44851426.0,csi300,沪深300,2823.714,2873.0768,3120.4326666666666,3254.104,3276.6523500000003
2010-06-02,2729.33,2757.53,2757.91,2700.08,39587020.0,csi300,沪深300,2809.7709999999997,2859.0415999999996,3111.621833333333,3246.721,3272.1244
2010-06-03,2769.1,2736.08,2787.51,2735.7,39587258.0,csi300,沪深300,2801.732,2844.5908,3102.1255,3238.9480833333337,3268.0293
2010-06-04,2721.36,2744.39,2748.48,2713.1,32746291.0,csi300,沪深300,2797.112,2831.9640000000004,3093.2038333333335,3231.617833333333,3264.0285500000005
2010-06-07,2692.83,2695.72,2716.4,2673.34,39541993.0,csi300,沪深300,2788.9865,2817.098,3083.5206666666663,3224.4615,3259.7252500000004
2010-06-08,2694.11,2699.34,2720.59,2672.06,35140182.0,csi300,沪深300,2783.9125,2804.2936,3074.624166666667,3217.1456666666663,3256.23495
2010-06-09,2711.64,2782.13,2787.83,2687.33,60209533.0,csi300,沪深300,2782.111,2794.1232,3067.94,3210.5382499999996,3252.9415000000004
2010-06-10,2755.94,2750.02,2776.26,2746.11,42906334.0,csi300,沪深300,2775.2665,2788.2495999999996,3060.3741666666665,3203.348833333333,3249.9692999999997
2010-06-11,2766.2,2758.87,2782.1,2755.95,40558585.0,csi300,沪深300,2769.809,2785.1328000000003,3051.79,3196.47825,3248.0622999999996
2010-06-17,2778.53,2742.73,2784.92,2742.64,32612356.0,csi300,沪深300,2771.2095,2780.5127999999995,3043.0429999999997,3189.6616666666664,3245.9159999999997
2010-06-18,2739.03,2696.17,2755.84,2686.61,41808344.0,csi300,沪深300,2767.4505,2776.3268,3033.0813333333335,3183.1285000000003,3244.324
2010-06-21,2698.98,2780.66,2784.47,2686.32,55261482.0,csi300,沪深300,2768.375,2774.8268,3024.381833333333,3178.0361666666663,3242.50535
2010-06-22,2772.89,2783.72,2795.32,2766.44,39096052.0,csi300,沪深300,2771.2599999999998,2770.6992,3016.184333333333,3172.9286666666667,3240.40585
2010-06-23,2768.7,2758.5,2788.22,2734.05,35600350.0,csi300,沪深300,2770.7455,2766.3184,3007.5481666666665,3168.3700000000003,3238.0503500000004
2010-06-24,2753.71,2757.5,2783.51,2739.81,29220682.0,csi300,沪深300,2764.947,2768.0296000000003,2999.6876666666662,3163.5451666666672,3236.2887
2010-06-25,2744.12,2736.29,2759.45,2715.66,30671782.0,csi300,沪深300,2761.0644999999995,2766.6272,2990.7091666666665,3157.69075,3234.1082
2010-06-28,2734.51,2716.78,2751.46,2710.09,27710044.0,csi300,沪深300,2756.2065000000002,2764.8115999999995,2980.013166666666,3151.7907499999997,3231.9106
2010-06-29,2717.47,2592.02,2724.23,2591.69,48758552.0,csi300,沪深300,2742.8085,2759.4516,2967.101666666667,3144.404,3229.6367999999998
2010-06-30,2572.91,2563.07,2575.82,2546.84,35698794.0,csi300,沪深300,2728.447,2751.2228000000005,2954.059333333333,3136.5900833333335,3228.3007999999995
2010-07-01,2557.92,2526.07,2574.1,2524.57,32857646.0,csi300,沪深300,2716.0875,2737.3268,2939.628166666667,3127.9835000000003,3226.71265
2010-07-02,2523.03,2534.11,2542.12,2462.2,44914100.0,csi300,沪深300,2705.585,2726.1335999999997,2925.0741666666668,3119.30375,3224.9285499999996
2010-07-05,2507.35,2512.65,2529.43,2476.49,32178574.0,csi300,沪深300,2693.341,2714.0820000000003,2910.1991666666668,3110.7822499999997,3222.232
2010-07-06,2504.87,2562.9,2563.41,2502.93,39714762.0,csi300,沪深300,2684.682,2702.1988,2896.4649999999997,3102.4394166666666,3219.6608
2010-07-07,2561.11,2580.48,2580.61,2548.56,35720909.0,csi300,沪深300,2676.4865,2691.406,2883.6940000000004,3094.4290000000005,3217.04215
2010-07-08,2591.51,2575.92,2602.23,2564.64,34056966.0,csi300,沪深300,2670.4965,2683.5124,2870.3064999999997,3086.9661666666666,3214.0669
2010-07-09,2578.55,2647.1,2662.16,2557.26,58493045.0,csi300,沪深300,2667.8845,2679.63,2858.5668333333333,3080.02425,3211.32785
2010-07-12,2647.42,2676.22,2689.81,2636.65,58462491.0,csi300,沪深300,2662.589,2676.3776000000003,2846.6418333333336,3073.309,3208.8944
2010-07-13,2649.66,2634.59,2649.66,2618.34,43228506.0,csi300,沪深300,2656.8175,2672.3179999999998,2833.8231666666666,3065.80625,3205.8767
2010-07-14,2640.93,2653.61,2684.62,2640.54,46688860.0,csi300,沪深300,2651.5545,2668.6868,2821.473833333334,3059.410166666667,3202.6777999999995
2010-07-15,2650.33,2608.52,2680.44,2607.79,40440459.0,csi300,沪深300,2644.844,2665.1988,2809.010333333333,3052.2390833333334,3199.2072
2010-07-16,2597.0,2616.13,2621.33,2573.79,35063302.0,csi300,沪深300,2640.842,2661.8704000000002,2799.6721666666667,3045.0173333333328,3195.9966499999996
2010-07-19,2592.09,2682.47,2691.94,2585.01,53868070.0,csi300,沪深300,2635.9325,2657.8839999999996,2791.4905000000003,3038.1989166666667,3192.8084999999996
2010-07-20,2685.46,2741.5,2746.24,2685.46,73128345.0,csi300,沪深300,2633.8215000000005,2657.5432,2783.2375,3031.81575,3190.51755
2010-07-21,2744.7,2747.34,2766.21,2733.72,70757092.0,csi300,沪深300,2633.2635,2657.0820000000003,2775.6675000000005,3026.423333333333,3188.21125
2010-07-22,2738.03,2781.29,2783.14,2734.07,61064806.0,csi300,沪深300,2634.4530000000004,2658.6244,2768.8556666666673,3021.1960000000004,3186.46255
2010-07-23,2787.52,2793.08,2806.98,2769.44,64518565.0,csi300,沪深300,2637.2925000000005,2662.5008000000003,2762.5403333333334,3016.4199999999996,3185.1276000000003
2010-07-26,2798.76,2811.05,2811.95,2775.78,53580026.0,csi300,沪深300,2642.006,2663.7164000000002,2757.5843333333332,3012.112,3183.7782
2010-07-27,2803.75,2795.72,2812.21,2785.37,49799884.0,csi300,沪深300,2652.191,2664.1964000000003,2752.5571666666665,3008.3863333333334,3182.46415
2010-07-28,2796.48,2863.72,2866.4,2784.16,79985954.0,csi300,沪深300,2667.2235,2668.4052,2749.284833333333,3005.5959166666667,3181.91955
2010-07-29,2866.77,2877.98,2888.6,2852.0,95965409.0,csi300,沪深300,2684.8190000000004,2673.2244,2746.1283333333336,3002.8576666666663,3181.448
2010-07-30,2871.48,2868.85,2876.14,2844.68,62575591.0,csi300,沪深300,2701.556,2678.5268,2743.6183333333333,3000.0634166666664,3180.76825
2010-08-02,2868.28,2917.27,2922.61,2867.45,71743300.0,csi300,沪深300,2721.787,2686.5464,2741.6330000000003,2998.1014166666664,3179.5360499999997
2010-08-03,2925.25,2865.97,2929.61,2865.76,81748364.0,csi300,沪深300,2736.9404999999997,2697.5044,2741.1181666666666,2995.7662499999997,3178.10775
2010-08-04,2858.35,2876.43,2876.6,2818.25,71318039.0,csi300,沪深300,2751.7380000000003,2710.0388000000003,2741.778833333333,2992.8138333333336,3176.4973000000005
2010-08-05,2874.66,2850.83,2877.31,2833.67,67157581.0,csi300,沪深300,2765.4835,2723.0292,2741.6555000000003,2989.7474166666666,3174.61445
2010-08-06,2848.16,2897.66,2898.53,2821.03,74914895.0,csi300,沪深300,2778.0114999999996,2737.5712,2743.2695000000003,2987.6188333333334,3172.90455
2010-08-09,2894.1,2918.24,2922.62,2888.04,74726391.0,csi300,沪深300,2790.1124999999997,2753.7947999999997,2744.9375,2985.67925,3171.2872
2010-08-10,2920.4,2832.64,2925.3,2832.08,78435034.0,csi300,沪深300,2800.015,2764.5844,2744.033,2982.874666666667,3168.8046000000004
2010-08-11,2823.15,2850.21,2864.36,2823.15,54979133.0,csi300,沪深300,2809.8450000000003,2775.3736,2743.736166666667,2979.8419999999996,3166.1678
2010-08-12,2822.79,2816.39,2860.37,2810.1,59893227.0,csi300,沪深300,2820.2385000000004,2784.9924,2745.4306666666666,2976.4752500000004,3163.40335
2010-08-13,2818.41,2855.55,2856.04,2799.22,58507721.0,csi300,沪深300,2832.2095,2793.3304,2746.8340000000003,2973.1775,3160.9444999999996
2010-08-16,2851.22,2922.08,2927.69,2843.02,81068043.0,csi300,沪深300,2844.1899999999996,2803.1648,2749.499166666667,2970.5835833333335,3158.48865
2010-08-17,2927.26,2942.29,2949.73,2917.83,76452912.0,csi300,沪深300,2854.2295,2815.4728000000005,2753.103666666667,2968.447416666667,3156.1289
2010-08-18,2945.98,2937.36,2962.75,2924.67,70747600.0,csi300,沪深300,2863.7305,2826.8228000000004,2755.9131666666663,2965.8880833333333,3154.2421000000004
2010-08-19,2940.77,2955.4,2975.19,2928.01,76924865.0,csi300,沪深300,2872.436,2840.698,2757.278666666666,2963.082,3152.37245
2010-08-20,2943.33,2898.33,2951.96,2892.64,71663306.0,csi300,沪深300,2877.6984999999995,2851.9860000000003,2758.685166666667,2959.8875,3150.62885
2010-08-23,2895.71,2896.19,2920.54,2886.66,48915517.0,csi300,沪深300,2881.9555,2860.5348000000004,2760.056,2956.3189166666666,3148.70795
2010-08-24,2892.13,2911.83,2933.12,2866.8,61093796.0,csi300,沪深300,2887.761,2867.3480000000004,2760.9201666666663,2952.9905000000003,3146.3031
2010-08-25,2893.99,2843.02,2904.66,2842.25,63610621.0,csi300,沪深300,2886.7259999999997,2871.1751999999997,2760.7988333333337,2948.89,3143.34105
2010-08-26,2853.11,2850.09,2868.88,2836.13,48670442.0,csi300,沪深300,2885.3315,2873.9271999999996,2762.0793333333336,2945.552666666667,3140.32205
2010-08-27,2847.45,2858.57,2861.07,2833.42,40789582.0,csi300,沪深300,2884.8175,2876.5468,2763.986166666667,2942.2094166666666,3137.2933000000003
2010-08-30,2874.25,2915.01,2921.09,2872.92,65749882.0,csi300,沪深300,2884.7045000000003,2880.7051999999994,2766.610833333333,2939.116333333333,3134.45325
2010-08-31,2905.15,2903.19,2910.06,2889.81,65766104.0,csi300,沪深300,2886.5654999999997,2885.0039999999995,2769.396,2935.76075,3131.4902500000003
2010-09-01,2907.66,2884.04,2931.76,2859.17,76975578.0,csi300,沪深300,2886.946,2885.8168,2771.7235,2932.463666666667,3128.39155
2010-09-02,2917.74,2921.39,2931.55,2903.03,70700851.0,csi300,沪深300,2890.4739999999997,2887.5532000000003,2775.4846666666663,2929.5026666666668,3125.5201500000003
2010-09-03,2926.94,2920.21,2929.55,2891.88,72641027.0,csi300,沪深300,2891.6014999999998,2889.6076000000003,2779.1658333333335,2926.8949999999995,3122.62125
2010-09-06,2935.89,2975.09,2980.42,2935.89,93855681.0,csi300,沪深300,2894.4440000000004,2891.9204000000004,2782.3818333333334,2925.1609166666667,3119.9031
2010-09-07,2979.3,2983.11,2991.44,2959.9,73519361.0,csi300,沪深300,2901.9675,2896.6059999999998,2786.266666666667,2923.320416666667,3116.6896500000003
2010-09-08,2970.0,2980.97,2982.72,2953.84,72872002.0,csi300,沪深300,2908.5055,2900.7875999999997,2789.9683333333332,2920.8791666666666,3113.4527499999995
2010-09-09,2986.87,2926.46,2986.87,2922.2,81395554.0,csi300,沪深300,2914.009,2903.8128,2793.0305,2918.0367499999998,3109.9338999999995
2010-09-10,2928.0,2932.55,2940.79,2890.03,65086704.0,csi300,沪深300,2917.859,2905.2084000000004,2796.9701666666665,2915.02575,3106.38445
2010-09-13,2933.59,2962.32,2977.08,2925.42,67279900.0,csi300,沪深300,2919.871,2906.9716,2799.997833333334,2912.189833333333,3103.0409999999997
2010-09-14,2971.55,2965.01,2984.47,2954.51,70105903.0,csi300,沪深300,2921.007,2912.2664,2803.019333333333,2909.601833333333,3099.5384999999997
2010-09-15,2965.54,2913.19,2965.54,2905.63,71619642.0,csi300,沪深300,2919.7985,2914.7856000000006,2805.5975000000003,2906.572833333333,3096.36405
2010-09-16,2908.32,2857.79,2917.85,2834.03,74074284.0,csi300,沪深300,2914.918,2916.4416,2807.2690000000002,2903.478333333333,3092.5048500000003
2010-09-17,2864.72,2861.37,2877.08,2847.68,51938867.0,csi300,沪深300,2913.07,2916.6744,2809.353666666667,2900.0314166666662,3089.3828500000004
2010-09-20,2865.04,2849.83,2872.22,2829.76,50283104.0,csi300,沪深300,2910.752,2913.7844,2811.571166666667,2895.7921666666666,3086.71945
2010-09-21,2859.43,2857.48,2869.38,2844.13,35751881.0,csi300,沪深300,2908.0345,2910.3919999999994,2815.9954999999995,2891.5485833333328,3083.4485
2010-09-27,2869.93,2905.03,2905.53,2864.21,49071823.0,csi300,沪深300,2911.135,2909.0988,2821.6948333333335,2887.8770833333333,3080.1695
2010-09-28,2900.54,2880.91,2900.54,2875.66,58660826.0,csi300,沪深300,2912.676,2906.1191999999996,2827.608833333333,2883.6184999999996,3076.5874000000003
2010-09-29,2877.27,2874.81,2908.73,2866.85,56782236.0,csi300,沪深300,2913.4880000000003,2905.1784,2833.2871666666665,2879.1806666666666,3073.00705
2010-09-30,2859.06,2935.57,2935.6,2857.42,63000247.0,csi300,沪深300,2914.516,2906.7536,2840.335833333333,2875.2675,3069.4674500000006
2010-10-08,2965.65,3044.23,3055.84,2963.24,99994720.0,csi300,沪深300,2921.568,2912.0496,2848.358,2872.4115,3066.34445
2010-10-11,3069.19,3132.9,3154.2,3069.19,158734904.0,csi300,沪深300,2934.011,2923.6448000000005,2857.565,2870.6295,3063.8888500000003
2010-10-12,3121.64,3172.73,3173.85,3106.22,127361705.0,csi300,沪深300,2946.5780000000004,2936.5503999999996,2867.511833333333,2868.909166666667,3061.9801
2010-10-13,3176.89,3217.58,3221.65,3165.58,144607773.0,csi300,沪深300,2961.4465,2950.9108,2877.0198333333333,2867.793333333333,3060.1818
2010-10-14,3245.13,3224.14,3286.02,3215.03,179611838.0,csi300,沪深300,2973.899,2963.2760000000003,2886.151833333333,2866.3968333333332,3058.4274
2010-10-15,3204.72,3327.68,3327.68,3199.12,193414140.0,csi300,沪深300,2991.1274999999996,2980.2556,2897.7033333333334,2865.7632499999995,3057.0020499999996
2010-10-18,3345.8,3306.16,3390.01,3288.78,217882051.0,csi300,沪深300,3007.3869999999997,2997.1403999999998,2908.579166666667,2865.0265,3055.61615
2010-10-19,3300.52,3375.67,3375.87,3280.0,130441791.0,csi300,沪深300,3029.8475,3015.3115999999995,2921.365,2865.1876666666667,3054.6909
2010-10-20,3304.22,3396.88,3439.23,3301.01,166528460.0,csi300,沪深300,3053.064,3034.3784,2934.3775,2867.0248333333334,3054.27455
2010-10-21,3404.72,3374.69,3418.09,3344.96,123883245.0,csi300,沪深300,3073.6825,3050.3624,2945.9145,2868.7025,3054.1893
2010-10-22,3365.6,3378.66,3408.49,3346.11,116361857.0,csi300,沪深300,3094.3650000000002,3066.1844,2956.5338333333334,2869.8856666666666,3054.0995000000003
2010-10-25,3386.85,3481.08,3481.35,3366.43,145433105.0,csi300,沪深300,3122.7594999999997,3086.1888,2968.762833333333,2872.215166666667,3054.9772
2010-10-26,3491.47,3466.08,3499.82,3436.46,142636999.0,csi300,沪深300,3153.174,3107.7736,2980.176,2874.5158333333334,3055.6252000000004
2010-10-27,3451.43,3403.87,3490.22,3398.1,123761570.0,csi300,沪深300,3180.299,3126.6264,2990.3558333333335,2876.4480833333337,3055.4504500000003
2010-10-28,3390.43,3397.69,3420.89,3371.44,98349456.0,csi300,沪深300,3207.692,3144.0412,3000.133166666667,2878.85875,3055.315
2010-10-29,3400.26,3379.98,3404.6,3351.6,100458970.0,csi300,沪深300,3233.817,3160.64,3009.8708333333334,2881.214,3054.82275
2010-11-01,3390.41,3473.0,3473.0,3390.41,126269148.0,csi300,沪深300,3262.2155,3183.0324,3020.0255,2884.6551666666664,3054.68405
2010-11-02,3484.23,3463.13,3522.18,3449.72,154911450.0,csi300,沪深300,3291.3265,3207.2459999999996,3029.778,2887.9531666666667,3054.2054
2010-11-03,3462.74,3420.34,3474.71,3419.08,126359303.0,csi300,沪深300,3318.603,3229.6048000000005,3038.9694999999997,2891.293916666667,3053.4287
2010-11-04,3426.46,3480.5,3480.93,3419.64,116799481.0,csi300,沪深300,3345.8494999999994,3254.8316000000004,3048.3566666666666,2894.994833333333,3053.15505
2010-11-05,3538.99,3520.8,3554.47,3498.28,137688027.0,csi300,沪深300,3369.678,3281.3644,3059.2705,2900.1943333333334,3052.93885
2010-11-08,3534.19,3548.57,3549.3,3506.38,126470759.0,csi300,沪深300,3390.4615,3307.1059999999998,3070.4728333333333,2906.1258333333335,3052.97305
2010-11-09,3547.44,3523.95,3547.44,3498.62,122454533.0,csi300,沪深300,3408.0225,3332.8276,3081.6915,2911.6734999999994,3053.2355
2010-11-10,3507.2,3499.11,3508.27,3470.97,120078578.0,csi300,沪深300,3422.0989999999997,3357.7996000000003,3091.7156666666665,2917.4925833333336,3053.3304
2010-11-11,3490.74,3509.98,3557.99,3484.89,138976233.0,csi300,沪深300,3436.3910000000005,3380.776,3101.578,2923.2577499999998,3053.47005
2010-11-12,3484.61,3291.83,3497.06,3284.35,160733850.0,csi300,沪深300,3434.5985,3390.68,3109.231166666667,2926.6320833333334,3052.2546
2010-11-15,3298.74,3314.89,3319.98,3241.76,102315724.0,csi300,沪深300,3435.035,3397.9595999999997,3116.975833333333,2930.3559999999998,3051.72335
2010-11-16,3311.62,3169.54,3311.62,3155.48,108307072.0,csi300,沪深300,3424.7285,3397.8320000000003,3122.8616666666667,2934.146166666667,3050.2257999999997
2010-11-17,3124.11,3103.91,3168.93,3087.51,83258080.0,csi300,沪深300,3410.0799999999995,3393.2852,3127.0009999999997,2936.9175,3048.3316499999996
2010-11-18,3134.94,3147.96,3158.63,3097.39,65697292.0,csi300,沪深300,3398.7434999999996,3390.238,3130.7656666666667,2940.132416666667,3046.56805
2010-11-19,3168.17,3178.85,3178.85,3076.21,83347654.0,csi300,沪深300,3388.7529999999997,3384.2848000000004,3134.7083333333335,2943.906,3044.9249000000004
2010-11-22,3148.22,3171.94,3200.47,3137.75,83212776.0,csi300,沪深300,3373.296,3378.9159999999997,3138.6180000000004,2947.2655833333333,3043.81245
2010-11-23,3156.48,3107.18,3156.48,3061.62,77399591.0,csi300,沪深300,3355.351,3368.1764000000003,3141.1476666666667,2949.2131666666664,3042.3055000000004
2010-11-24,3088.99,3177.04,3177.41,3088.99,75332083.0,csi300,沪深300,3344.0095,3359.3828,3145.7928333333334,2952.239,3041.3596999999995
2010-11-25,3197.97,3223.48,3227.05,3172.28,83442094.0,csi300,沪深300,3335.299,3353.3344,3151.2476666666666,2955.651833333333,3040.8370499999996
2010-11-26,3214.13,3194.85,3224.52,3170.36,64467824.0,csi300,沪深300,3326.0425000000005,3345.982,3155.9646666666667,2958.4424166666663,3040.5973000000004
2010-11-29,3183.54,3190.05,3206.76,3159.46,58994892.0,csi300,沪深300,3311.8949999999995,3334.3408,3161.7485,2961.273666666667,3040.5546999999997
2010-11-30,3187.53,3136.99,3205.78,3060.44,85762355.0,csi300,沪深300,3295.5880000000006,3321.1772,3166.5301666666664,2964.3047500000002,3040.2068
2010-12-01,3127.26,3136.02,3150.44,3111.65,48882668.0,csi300,沪深300,3281.3720000000003,3310.4631999999997,3171.154333333333,2967.5702499999998,3039.8660999999997
2010-12-02,3185.76,3155.06,3194.23,3154.32,61023908.0,csi300,沪深300,3265.1,3300.7580000000003,3175.1551666666664,2970.8830000000003,3039.8778500000003
2010-12-03,3161.93,3158.16,3171.38,3134.42,50475354.0,csi300,沪深300,3246.968,3291.8851999999997,3179.404666666667,2974.400333333333,3039.9376999999995
2010-12-06,3168.88,3165.57,3185.33,3140.55,56362630.0,csi300,沪深300,3227.8179999999998,3279.5879999999997,3184.0968333333335,2977.910166666667,3039.61195
2010-12-07,3152.73,3200.34,3214.69,3112.22,58483653.0,csi300,沪深300,3211.6375,3269.0764,3188.746,2982.115333333333,3039.5196499999997
2010-12-08,3194.9,3171.88,3215.28,3166.77,59515663.0,csi300,沪深300,3195.276,3259.138,3192.9404999999997,2986.0531666666666,3039.6135999999997
2010-12-09,3156.0,3123.37,3175.05,3122.2,66152965.0,csi300,沪深300,3175.9455,3244.8527999999997,3195.411833333333,2988.8968333333332,3039.4755
2010-12-10,3107.38,3161.98,3172.16,3101.08,57108105.0,csi300,沪深300,3169.453,3230.5,3198.3930000000005,2992.3298333333337,3039.43945
2010-12-13,3176.34,3261.06,3261.34,3173.56,95713739.0,csi300,沪深300,3166.7615,3218.9996,3203.061166666667,2996.5147500000003,3039.6741
2010-12-14,3270.2,3269.47,3279.37,3254.18,84104241.0,csi300,沪深300,3171.7580000000003,3208.8203999999996,3208.7780000000002,3000.90425,3039.91945
2010-12-15,3270.78,3247.64,3282.77,3242.52,72269785.0,csi300,沪深300,3178.9445,3198.7616,3214.0294999999996,3005.4998333333333,3039.90125
2010-12-16,3246.01,3230.67,3258.39,3224.12,56799625.0,csi300,沪深300,3183.08,3187.5892000000003,3218.502,3009.2499166666666,3039.8878500000005
2010-12-17,3229.3,3225.66,3232.84,3212.58,44919147.0,csi300,沪深300,3185.4204999999997,3184.9424,3222.846166666667,3012.93275,3040.0229999999997
2010-12-20,3239.02,3178.66,3249.76,3118.0,74759693.0,csi300,沪深300,3185.7565,3179.4932,3227.270666666667,3016.434083333333,3039.6939
2010-12-21,3184.7,3249.51,3251.55,3168.89,79852420.0,csi300,沪深300,3192.873,3182.6919999999996,3233.7993333333334,3020.5341666666664,3039.4808000000003
2010-12-22,3253.82,3215.45,3263.45,3201.67,69936258.0,csi300,沪深300,3194.7934999999998,3187.1536000000006,3239.7006666666666,3024.5271666666667,3039.1497
2010-12-23,3210.67,3188.61,3237.64,3183.15,61315847.0,csi300,沪深300,3193.05,3188.7796000000003,3245.3469999999998,3028.4590833333336,3038.47065
2010-12-24,3170.64,3162.96,3187.72,3139.45,55137767.0,csi300,沪深300,3191.4555,3188.144,3250.4383333333335,3033.2169166666667,3037.72925
2010-12-27,3176.11,3099.71,3219.66,3092.26,70017107.0,csi300,沪深300,3186.9384999999997,3185.2548000000006,3253.683,3037.6889166666665,3036.5524
2010-12-28,3084.82,3044.93,3095.36,3041.33,56325749.0,csi300,沪深300,3182.3355,3182.7648,3256.4166666666665,3042.01275,3035.5242000000003
2010-12-29,3049.93,3061.83,3062.56,3025.22,45192775.0,csi300,沪深300,3178.6259999999997,3178.1564000000003,3259.533666666667,3046.4104166666666,3034.5345500000003
2010-12-30,3063.05,3064.1,3079.91,3027.9,54281429.0,csi300,沪深300,3174.078,3171.7812,3261.6758333333332,3051.0058333333336,3033.42415
2010-12-31,3069.05,3128.26,3129.45,3067.11,62566078.0,csi300,沪深300,3172.583,3169.1176,3263.076333333333,3055.717166666667,3032.53615
2011-01-04,3155.56,3189.68,3194.36,3143.6,85410440.0,csi300,沪深300,3173.7885,3169.1028,3264.0226666666663,3060.7938333333336,3032.0861000000004
2011-01-05,3170.18,3175.66,3193.78,3158.87,79268810.0,csi300,沪深300,3172.5544999999997,3170.6495999999997,3264.0715,3065.7916666666665,3031.58085
2011-01-06,3177.84,3159.64,3198.05,3152.57,59681092.0,csi300,沪深300,3171.9425,3171.5944,3263.1058333333335,3070.062833333334,3031.2133999999996
2011-01-07,3156.36,3166.62,3209.9,3141.13,84093233.0,csi300,沪深300,3174.105,3172.0568,3262.147166666667,3074.1495,3031.1306
2011-01-10,3162.09,3108.19,3182.78,3102.43,65494406.0,csi300,沪深300,3171.4155,3170.058,3258.489,3078.096166666667,3030.6517000000003
2011-01-11,3096.25,3124.92,3131.29,3084.51,56985917.0,csi300,沪深300,3164.6085,3168.4320000000002,3255.468333333333,3082.02375,3029.9067
2011-01-12,3135.18,3142.34,3153.43,3099.41,58498518.0,csi300,沪深300,3158.2519999999995,3166.112,3251.5795,3086.4722500000003,3029.28065
2011-01-13,3153.99,3141.28,3157.04,3127.16,51936988.0,csi300,沪深300,3152.934,3164.888,3247.3194999999996,3090.8485,3028.5176999999994
2011-01-14,3129.67,3091.86,3129.67,3083.51,53351439.0,csi300,沪深300,3145.9935,3163.6276000000003,3242.605666666667,3094.260083333333,3027.46385
2011-01-17,3067.43,2974.35,3078.88,2968.61,66807562.0,csi300,沪深300,3133.4280000000003,3156.1223999999997,3235.8671666666664,3096.2005,3025.95775
2011-01-18,2965.42,2977.65,2984.47,2947.6,42964564.0,csi300,沪深300,3123.3775,3144.7859999999996,3227.476666666667,3098.11975,3024.46265
2011-01-19,2978.46,3044.85,3045.61,2967.24,56571942.0,csi300,沪深300,3113.1445,3135.8012,3220.4561666666664,3100.316083333333,3023.54125
2011-01-20,3037.86,2944.71,3037.86,2944.5,61046643.0,csi300,沪深300,3099.6075,3123.684,3212.8035,3101.5796666666665,3021.8898
2011-01-21,2935.23,2983.46,3030.26,2935.14,73102966.0,csi300,沪深300,3089.35,3113.7956,3205.8996666666662,3103.0164166666664,3020.0144
2011-01-24,2986.09,2954.23,2999.2,2943.92,65472545.0,csi300,沪深300,3078.9135,3102.9384000000005,3198.8038333333334,3104.3373333333334,3017.952
2011-01-25,2949.65,2938.65,2960.59,2919.16,48982689.0,csi300,沪深300,3070.8605,3093.3379999999997,3189.898,3104.96175,3015.9172
2011-01-26,2939.77,2978.43,2982.32,2939.36,43374979.0,csi300,沪深300,3067.5355,3082.4948000000004,3181.8196666666668,3105.7988333333333,3013.84965
2011-01-27,2953.59,3026.47,3037.16,2935.27,82585919.0,csi300,沪深300,3065.7675,3074.9356,3175.255166666667,3107.1123333333335,3011.9452499999998
2011-01-28,3020.12,3036.74,3047.27,3011.38,63013589.0,csi300,沪深300,3064.3995,3068.8607999999995,3167.859166666667,3108.107916666667,3010.1032
2011-01-31,3035.42,3076.51,3076.55,3032.45,67105914.0,csi300,沪深300,3061.812,3065.4028000000003,3160.454333333333,3109.8624166666673,3008.551
2011-02-01,3083.49,3077.28,3087.23,3062.83,49862530.0,csi300,沪深300,3056.192,3064.5056,3152.5995,3111.5361666666663,3007.2037
2011-02-09,3055.4,3040.95,3087.55,3031.75,60394145.0,csi300,沪深300,3049.4565000000002,3064.3464000000004,3144.5495,3113.1205,3005.5126
2011-02-10,3034.08,3104.16,3105.32,3024.35,66603662.0,csi300,沪深300,3046.6825,3066.0396,3137.9669999999996,3114.841333333333,3004.276
2011-02-11,3100.27,3120.96,3133.5,3092.58,75975553.0,csi300,沪深300,3044.3995,3068.314,3131.483333333333,3116.5306666666665,3002.9221999999995
2011-02-14,3123.25,3219.14,3227.43,3123.25,121302331.0,csi300,沪深300,3049.9469999999997,3071.9492,3130.2718333333332,3119.7515,3001.99935
2011-02-15,3223.22,3217.67,3259.64,3215.62,109554438.0,csi300,沪深300,3054.5845,3073.0687999999996,3128.6515,3122.813666666667,3001.11485
2011-02-16,3211.14,3248.53,3248.85,3195.47,91334283.0,csi300,沪深300,3059.8940000000002,3075.9836000000005,3129.968,3126.4148333333337,3000.57585
2011-02-17,3255.63,3245.91,3265.26,3218.91,88964695.0,csi300,沪深300,3065.1254999999996,3079.4344,3132.3346666666666,3129.6678333333334,3000.9232999999995
2011-02-18,3240.05,3211.88,3242.37,3203.12,75378684.0,csi300,沪深300,3071.1265,3081.2448,3133.4,3132.0828333333334,3001.1158499999997
2011-02-21,3192.15,3257.91,3258.28,3189.85,79399776.0,csi300,沪深300,3085.3044999999997,3087.2336000000005,3134.7176666666664,3134.713,3001.222
2011-02-22,3267.62,3163.58,3269.05,3161.83,107863741.0,csi300,沪深300,3094.6009999999997,3088.78,3134.578333333333,3136.598166666666,3001.0321999999996
2011-02-23,3152.44,3174.74,3182.19,3145.99,71324854.0,csi300,沪深300,3101.0955,3090.0759999999996,3135.7043333333336,3138.426,3000.9558999999995
2011-02-24,3170.24,3190.94,3195.69,3157.97,66486893.0,csi300,沪深300,3113.407,3092.0624,3135.936,3140.8644166666663,3001.0506
2011-02-25,3190.87,3197.62,3213.79,3159.85,61619275.0,csi300,沪深300,3124.1150000000002,3096.2927999999997,3135.505,3143.376333333333,3001.4966499999996
2011-02-28,3200.68,3239.56,3241.6,3178.83,76630663.0,csi300,沪深300,3138.3815,3106.9012000000007,3136.2501666666667,3146.1074166666663,3002.2077000000004
2011-03-01,3241.71,3254.89,3273.51,3235.75,88566954.0,csi300,沪深300,3154.1935000000003,3117.9908,3137.330833333333,3149.5396666666666,3003.18185
2011-03-02,3237.12,3243.3,3257.42,3202.83,80910641.0,csi300,沪深300,3167.4370000000004,3125.9288,3139.1026666666667,3152.8164166666666,3004.0615000000003
2011-03-03,3248.16,3221.72,3271.64,3221.04,101219997.0,csi300,沪深300,3177.1994999999997,3137.0092,3140.5310000000004,3155.8426666666664,3005.0728499999996
2011-03-04,3223.51,3270.67,3273.66,3217.48,80013915.0,csi300,沪深300,3188.896,3148.4975999999997,3142.4578333333334,3158.8065,3006.2442499999997
2011-03-07,3287.41,3334.51,3337.47,3287.41,118187197.0,csi300,沪深300,3201.796,3163.7088,3145.397,3162.4008333333336,3008.4325
2011-03-08,3335.71,3337.46,3342.71,3311.72,84878655.0,csi300,沪深300,3214.805,3179.6612,3148.261833333333,3166.179333333333,3010.9358500000003
2011-03-09,3344.1,3338.86,3355.49,3322.7,78026361.0,csi300,沪深300,3229.7005,3194.0784,3150.5705000000003,3169.65825,3013.3389999999995
2011-03-10,3330.44,3280.26,3330.44,3279.33,78212642.0,csi300,沪深300,3238.5055,3204.23,3152.3768333333333,3172.658666666667,3015.7362
2011-03-11,3263.08,3247.38,3290.7,3240.18,67208335.0,csi300,沪深300,3244.8265,3212.6556,3154.4436666666666,3174.92775,3017.8822999999998
2011-03-14,3238.91,3262.92,3263.91,3230.11,63689783.0,csi300,沪深300,3247.0155000000004,3220.1119999999996,3156.1259999999997,3177.2595,3019.76235
2011-03-15,3250.6,3203.96,3250.6,3147.96,96033979.0,csi300,沪深300,3246.33,3225.1792,3155.1743333333334,3179.11775,3021.44205
2011-03-16,3204.92,3248.2,3250.88,3202.93,78859520.0,csi300,沪深300,3246.3134999999997,3233.4692,3154.8198333333335,3181.7989166666666,3024.1094499999995
2011-03-17,3216.29,3197.1,3240.38,3185.08,85687114.0,csi300,沪深300,3243.873,3237.1868,3153.9775,3184.0035000000003,3026.2382000000002
2011-03-18,3228.92,3215.69,3239.96,3205.14,61340161.0,csi300,沪深300,3244.0634999999997,3240.9760000000006,3153.727833333333,3186.114916666667,3028.5058000000004
2011-03-21,3220.68,3207.11,3236.28,3194.15,59105037.0,csi300,沪深300,3241.5235000000002,3240.4948000000004,3153.4186666666665,3188.132416666667,3030.91125
2011-03-22,3217.8,3222.96,3227.8,3175.93,57248684.0,csi300,沪深300,3244.4925,3240.7064,3154.1569999999997,3190.7138333333332,3033.1821
2011-03-23,3222.33,3264.93,3267.0,3216.65,72077585.0,csi300,沪深300,3249.002,3241.3624,3154.4139999999998,3194.106666666667,3035.1394
2011-03-24,3269.58,3251.36,3273.37,3250.02,61304244.0,csi300,沪深300,3252.023,3241.5804000000003,3155.0125,3197.3565833333337,3037.3264999999997
2011-03-25,3256.18,3294.48,3304.26,3254.68,86895979.0,csi300,沪深300,3256.866,3244.8844,3156.777,3201.062,3039.7291999999998
2011-03-28,3307.41,3290.57,3328.07,3286.86,97684300.0,csi300,沪深300,3259.4165000000003,3246.1907999999994,3158.903833333333,3204.6710833333336,3041.8821500000004
2011-03-29,3288.56,3257.98,3309.2,3256.34,105280164.0,csi300,沪深300,3259.571,3249.9668,3161.5416666666665,3207.612333333333,3043.92055
2011-03-30,3256.72,3256.08,3274.98,3233.11,78336337.0,csi300,沪深300,3260.21,3253.2204,3165.0608333333334,3210.73875,3046.33465
2011-03-31,3257.16,3223.29,3264.96,3210.17,64503880.0,csi300,沪深300,3260.2885,3254.5144,3167.7518333333333,3213.64275,3048.7302999999997
2011-04-01,3227.56,3272.73,3272.77,3220.91,63094722.0,csi300,沪深300,3260.3914999999997,3257.5188,3171.2290000000003,3216.452416666667,3051.3063
2011-04-06,3269.19,3311.07,3315.3,3268.76,105823674.0,csi300,沪深300,3259.2195,3260.3792,3174.275833333333,3218.6760833333333,3054.18125
2011-04-07,3313.47,3324.42,3330.8,3302.82,84681762.0,csi300,沪深300,3258.5675,3263.1603999999998,3176.5215000000003,3220.2720833333337,3057.0813999999996
2011-04-08,3321.54,3353.36,3353.89,3314.09,73929210.0,csi300,沪深300,3259.2925000000005,3267.5628,3179.4831666666664,3221.777333333333,3060.3695999999995
2011-04-11,3363.37,3333.43,3380.53,3331.17,104420545.0,csi300,沪深300,3261.951,3272.0312,3182.3796666666667,3222.74275,3063.54005
2011-04-12,3324.75,3326.77,3350.16,3307.48,101938506.0,csi300,沪深300,3265.9204999999997,3274.2752,3185.0488333333333,3223.598,3066.26325
2011-04-13,3311.32,3372.03,3372.03,3296.51,87036338.0,csi300,沪深300,3271.3759999999997,3275.776,3189.4461666666666,3223.967583333333,3069.3733
2011-04-14,3374.32,3353.56,3378.7,3347.49,88972241.0,csi300,沪深300,3278.8559999999998,3276.42,3193.2568333333334,3224.362583333333,3072.3467499999997
2011-04-15,3345.13,3358.94,3378.11,3323.56,78514874.0,csi300,沪深300,3284.393,3277.2232,3196.8668333333335,3224.223166666666,3075.4278000000004
2011-04-18,3346.15,3359.44,3372.9,3335.6,86582624.0,csi300,沪深300,3292.5099999999998,3280.3903999999998,3200.5028333333335,3223.9111666666663,3078.74415
2011-04-19,3334.91,3295.81,3334.91,3290.74,85106933.0,csi300,沪深300,3296.5160000000005,3282.3276,3203.902,3223.253833333333,3081.3199000000004
2011-04-20,3300.42,3295.76,3311.73,3281.83,72343318.0,csi300,沪深300,3300.9485,3283.6412,3209.2588333333333,3222.563,3083.8801000000003
2011-04-21,3312.27,3317.37,3330.24,3301.94,73240424.0,csi300,沪深300,3305.6690000000003,3288.1776,3214.920833333333,3221.19875,3086.67445
2011-04-22,3317.08,3299.94,3325.46,3291.64,67171455.0,csi300,沪深300,3307.4195,3290.2472000000002,3219.1723333333334,3219.81425,3089.38665
2011-04-25,3292.48,3249.57,3292.48,3247.69,74421829.0,csi300,沪深300,3307.3300000000004,3292.3459999999995,3224.2533333333336,3218.5284166666665,3091.95305
2011-04-26,3242.53,3230.96,3257.8,3216.21,59096417.0,csi300,沪深300,3304.154,3292.9568,3228.3783333333336,3217.139,3094.5239500000002
2011-04-27,3242.62,3209.5,3256.41,3189.04,62443567.0,csi300,沪深300,3300.1004999999996,3293.0524,3232.6328333333336,3215.7183333333332,3097.61135
2011-04-28,3224.41,3161.78,3237.19,3160.41,65050235.0,csi300,沪深300,3295.2905,3290.6052,3236.351666666667,3213.1248333333333,3100.6049000000003
2011-04-29,3161.16,3192.72,3193.6,3147.14,53683065.0,csi300,沪深300,3292.1225,3287.7168,3239.923166666667,3210.871416666667,3103.93815
2011-05-03,3192.85,3211.13,3212.05,3164.93,54998910.0,csi300,沪深300,3291.5144999999998,3286.1076000000003,3243.0008333333335,3209.1279999999997,3107.32325
2011-05-04,3192.84,3129.03,3193.45,3120.96,66716340.0,csi300,沪深300,3284.3295000000007,3279.4896000000003,3244.5389999999998,3206.199083333333,3110.40515
2011-05-05,3115.0,3126.12,3136.9,3105.85,52567747.0,csi300,沪深300,3275.082,3272.9116000000004,3245.3658333333337,3202.910083333333,3113.22125
2011-05-06,3093.81,3121.4,3141.68,3083.91,55352186.0,csi300,沪深300,3264.9309999999996,3267.4483999999998,3246.101166666667,3199.3503333333333,3115.9258499999996
2011-05-09,3126.26,3129.76,3149.94,3118.14,46027404.0,csi300,沪深300,3253.7509999999997,3262.3956,3247.5813333333335,3196.065416666667,3118.6950500000003
2011-05-10,3135.15,3153.22,3153.3,3121.75,40932995.0,csi300,沪深300,3244.7405,3259.5928000000004,3248.399,3193.1829999999995,3121.22565
2011-05-11,3153.65,3145.09,3164.65,3127.49,47688533.0,csi300,沪深300,3235.6565,3254.4872000000005,3248.8011666666666,3190.14225,3123.57
2011-05-12,3123.16,3101.6,3142.4,3101.14,48799501.0,csi300,沪深300,3222.135,3246.1083999999996,3246.842166666667,3188.557,3125.90505
2011-05-13,3105.3,3128.09,3128.44,3080.19,46895951.0,csi300,沪深300,3210.8615,3238.2552,3245.349166666667,3187.000333333334,3128.27745
2011-05-16,3120.44,3100.46,3137.6,3098.78,45194319.0,csi300,沪深300,3197.9375,3228.1391999999996,3242.8813333333333,3186.4246666666663,3130.7371500000004
2011-05-17,3097.07,3116.03,3136.23,3076.95,51203731.0,csi300,沪深300,3185.7670000000003,3219.4432,3240.7166666666667,3186.525666666667,3133.23665
2011-05-18,3109.29,3139.38,3145.7,3106.55,39641768.0,csi300,沪深300,3177.9455000000003,3211.9476,3239.508333333333,3186.454166666667,3135.5212
2011-05-19,3148.35,3120.64,3154.94,3118.62,43110782.0,csi300,沪深300,3169.1895,3201.8920000000003,3237.2205000000004,3185.969083333334,3137.4169
2011-05-20,3120.58,3121.6,3133.43,3113.27,38468012.0,csi300,沪深300,3159.401,3192.6136000000006,3236.5208333333335,3185.5495833333334,3139.2881999999995
2011-05-23,3115.31,3022.98,3115.31,3021.45,55902472.0,csi300,沪深300,3145.5530000000003,3179.1752,3233.9914999999996,3184.8479166666666,3140.4966500000005
2011-05-24,3013.72,3026.22,3029.75,2999.89,41608944.0,csi300,沪深300,3134.3855000000003,3165.8464000000004,3231.2461666666663,3183.5910833333332,3141.66235
2011-05-25,3020.32,2990.34,3030.99,2988.09,39289704.0,csi300,沪深300,3122.3545,3153.6276000000003,3227.7915,3181.6482499999997,3142.5588000000002
2011-05-26,3011.47,2978.38,3021.2,2977.6,37003747.0,csi300,沪深300,3110.7985,3140.9323999999997,3223.4384999999997,3179.8443333333335,3143.4721000000004
2011-05-27,2980.72,2963.31,2996.61,2962.07,42770905.0,csi300,沪深300,3100.875,3126.77,3218.5788333333335,3177.9548333333328,3143.97005
2011-05-30,2956.58,2954.51,2982.58,2942.36,34671160.0,csi300,沪深300,3088.9644999999996,3112.9527999999996,3213.7656666666667,3176.4341666666664,3144.3526999999995
2011-05-31,2958.61,3001.56,3001.73,2946.15,39689399.0,csi300,沪深300,3078.486,3103.0324000000005,3210.0963333333334,3175.313666666667,3145.01625
2011-06-01,2996.09,3004.17,3006.56,2985.71,38419327.0,csi300,沪深300,3072.243,3093.9608000000003,3205.654666666667,3174.05625,3145.45075
2011-06-02,2970.63,2955.71,2984.49,2923.02,52617867.0,csi300,沪深300,3063.7225,3083.8091999999997,3199.3413333333333,3172.3691666666664,3145.89945
2011-06-03,2951.58,2986.35,2993.9,2951.2,39076164.0,csi300,沪深300,3056.9700000000003,3076.792,3193.4895,3170.875666666667,3146.4490499999997
2011-06-07,2977.68,3004.26,3006.57,2974.36,36852332.0,csi300,沪深300,3050.695,3069.2536,3187.9128333333333,3169.241666666667,3147.2162
2011-06-08,3003.58,3008.65,3012.81,2965.92,42908758.0,csi300,沪深300,3043.4665,3061.1544,3183.386,3167.8814166666666,3147.77115
2011-06-09,3000.4,2951.89,3004.06,2951.89,47496636.0,csi300,沪深300,3033.8064999999997,3054.0688,3178.461166666667,3166.452416666667,3147.9394
2011-06-10,2947.93,2961.93,2964.08,2925.87,42201882.0,csi300,沪深300,3026.823,3047.5012,3173.4446666666668,3164.7853333333333,3148.5858499999995
2011-06-13,2940.39,2950.35,2957.52,2921.75,38351668.0,csi300,沪深300,3017.936,3040.6592000000005,3169.2178333333336,3162.1960833333333,3149.0865500000004
2011-06-14,2947.66,2993.56,3000.53,2943.53,55982815.0,csi300,沪深300,3012.591,3035.2111999999997,3164.973833333333,3159.8968333333332,3149.9724
2011-06-15,2984.96,2963.12,2999.15,2963.11,44390852.0,csi300,沪深300,3004.9455,3027.6072,3161.0741666666668,3157.525833333333,3150.5102500000003
2011-06-16,2939.68,2917.58,2946.81,2915.4,41135482.0,csi300,沪深300,2993.8555,3018.5068,3156.1056666666673,3154.91675,3150.48775
2011-06-17,2916.41,2892.16,2934.06,2891.01,41176530.0,csi300,沪深300,2982.4314999999997,3010.1292000000003,3150.8565,3152.1375833333336,3150.2371
2011-06-20,2888.94,2874.9,2896.08,2862.41,37991982.0,csi300,沪深300,2970.0965,3000.0015999999996,3145.0555000000004,3149.60625,3149.9248
2011-06-21,2883.35,2909.07,2909.57,2877.05,42038923.0,csi300,沪深300,2964.401,2992.3460000000005,3139.1245,3146.76925,3149.69315
2011-06-22,2913.67,2908.58,2921.03,2894.18,37318802.0,csi300,沪深300,2958.519,2984.0480000000007,3133.4115,3144.212,3149.7444
2011-06-23,2899.01,2957.63,2966.54,2888.68,45941117.0,csi300,沪深300,2956.8835,2976.778,3127.797333333334,3142.287166666667,3150.0516000000002
2011-06-24,2946.61,3027.47,3047.94,2944.05,85459240.0,csi300,沪深300,2959.338,2973.0512,3123.4123333333337,3141.1580833333333,3150.6297999999997
2011-06-27,3028.5,3036.49,3056.02,3019.24,65615771.0,csi300,沪深300,2962.997,2969.6468,3119.7208333333333,3140.63125,3151.59715
2011-06-28,3040.18,3041.73,3046.8,3014.0,55766254.0,csi300,沪深300,2967.3579999999997,2970.3968,3116.1483333333335,3140.6045833333337,3152.5553499999996
2011-06-29,3039.05,3000.17,3043.81,2999.95,53476848.0,csi300,沪深300,2967.2884999999997,2969.3547999999996,3112.4296666666664,3140.0907500000003,3153.26335
2011-06-30,3003.23,3044.09,3058.63,3003.23,62502549.0,csi300,沪深300,2969.2845,2971.5047999999997,3108.6189999999997,3139.9239999999995,3153.90875
2011-07-01,3052.12,3049.75,3071.21,3034.07,56766653.0,csi300,沪深300,2973.9865,2974.3596,3104.2636666666667,3139.26975,3154.64155
2011-07-04,3064.94,3121.98,3124.58,3064.94,80464031.0,csi300,沪深300,2980.768,2980.7064,3100.889666666667,3138.7055833333334,3155.83125
2011-07-05,3122.9,3122.5,3128.53,3105.09,67763335.0,csi300,沪深300,2986.68,2987.4260000000004,3097.0420000000004,3138.2625833333336,3156.8368
2011-07-06,3116.12,3113.71,3116.12,3084.83,61555807.0,csi300,沪深300,2991.933,2991.9119999999994,3093.3799999999997,3137.879833333333,3157.8043000000007
2011-07-07,3123.29,3101.68,3140.1,3101.1,71810360.0,csi300,沪深300,2999.4224999999997,2995.8124,3089.6285,3137.338666666667,3158.43725
2011-07-08,3105.49,3109.18,3124.39,3093.37,51282593.0,csi300,沪深300,3006.785,3001.9512,3085.247666666667,3137.346916666667,3159.0676000000003
2011-07-11,3097.87,3113.21,3121.0,3086.26,47920660.0,csi300,沪深300,3014.928,3007.0256,3081.2418333333335,3137.249333333333,3159.7288
2011-07-12,3089.14,3056.91,3090.1,3054.8,57107984.0,csi300,沪深300,3018.0955000000004,3009.1316,3076.208,3136.5374166666666,3160.3810500000004
2011-07-13,3060.42,3106.25,3108.5,3060.42,54114367.0,csi300,沪深300,3025.252,3013.0356,3071.988166666667,3136.2455,3161.24955
2011-07-14,3112.59,3115.75,3126.15,3092.47,60314935.0,csi300,沪深300,3035.1605,3019.59,3068.987166666667,3136.4445833333334,3162.0167000000006
2011-07-15,3105.5,3128.89,3130.77,3097.34,61550322.0,csi300,沪深300,3046.9970000000003,3026.2684000000004,3066.2059999999997,3137.7324166666667,3162.8361000000004
2011-07-18,3131.8,3122.6,3137.92,3113.67,60691311.0,csi300,沪深300,3059.382,3033.1584,3062.9598333333333,3138.9403333333335,3163.88315
2011-07-19,3108.47,3095.13,3109.92,3088.38,53388709.0,csi300,沪深300,3068.685,3037.2212,3059.546333333333,3139.3593333333333,3165.06985
2011-07-20,3113.71,3091.57,3119.54,3071.85,44118331.0,csi300,沪深300,3077.8345,3042.3592,3056.913,3140.583166666667,3166.2208499999997
2011-07-21,3092.27,3059.14,3099.28,3058.25,44084691.0,csi300,沪深300,3082.9100000000003,3048.0215999999996,3054.0493333333334,3141.2138333333332,3167.2673999999997
2011-07-22,3066.19,3067.99,3083.19,3059.6,37257255.0,csi300,沪深300,3084.936,3055.0548,3051.6908333333336,3142.1618333333336,3168.31995
2011-07-25,3050.9,2968.29,3050.9,2958.88,67180996.0,csi300,沪深300,3081.5260000000003,3058.7904000000003,3048.466,3142.4088333333334,3168.63625
2011-07-26,2965.72,2977.77,2980.86,2957.61,43515457.0,csi300,沪深300,3078.328,3061.5383999999995,3044.8835000000004,3142.4033333333336,3169.12055
2011-07-27,2961.58,3000.05,3002.69,2951.52,48385612.0,csi300,沪深300,3078.322,3065.1971999999996,3041.3655,3142.1831666666667,3169.74675
2011-07-28,2973.64,2981.0,2984.38,2956.71,48138984.0,csi300,沪深300,3075.1675,3066.132,3038.898333333333,3141.7186666666666,3169.9738999999995
2011-07-29,2981.02,2972.08,2995.97,2948.08,46298253.0,csi300,沪深300,3071.284,3063.9164,3036.3309999999997,3140.8484166666667,3169.61315
2011-08-01,2969.11,2977.72,2991.05,2958.83,33886949.0,csi300,沪深300,3064.071,3061.5656,3033.936333333333,3140.01875,3168.8372499999996
2011-08-02,2958.85,2956.38,2958.85,2919.01,38978357.0,csi300,沪深300,3055.7650000000003,3058.1516,3031.0466666666666,3139.314,3167.7554999999998
2011-08-03,2930.19,2954.87,2969.13,2927.1,38668362.0,csi300,沪深300,3047.823,3056.3396000000002,3027.740833333333,3138.069916666667,3166.44195
2011-08-04,2962.91,2960.31,2983.01,2951.84,32985719.0,csi300,沪深300,3040.7545,3052.9884,3024.6611666666663,3136.7311666666665,3165.1227999999996
2011-08-05,2881.74,2897.42,2916.41,2868.16,49316854.0,csi300,沪深300,3030.1665000000003,3046.8952000000004,3021.2581666666665,3134.0501666666664,3162.9715
2011-08-08,2864.51,2793.9,2888.77,2747.97,71517766.0,csi300,沪深300,3014.201,3033.7719999999995,3015.688333333333,3130.51875,3160.4102000000003
2011-08-09,2720.95,2798.19,2812.77,2697.06,69842676.0,csi300,沪深300,3001.265,3020.7996,3010.6505,3126.7659166666663,3157.5227999999997
2011-08-10,2845.35,2824.12,2858.55,2820.12,58659312.0,csi300,沪深300,2987.1585,3009.2160000000003,3005.7853333333333,3123.2509999999997,3154.6589999999997
2011-08-11,2779.72,2866.92,2867.31,2777.76,58997689.0,csi300,沪深300,2974.7169999999996,2999.8256,3001.2443333333335,3120.376333333333,3152.12015
2011-08-12,2881.55,2875.37,2894.22,2868.87,57197406.0,csi300,沪深300,2962.041,2990.4732,2997.1564999999996,3117.1884999999997,3149.6037
2011-08-15,2883.17,2917.88,2917.88,2870.19,59875476.0,csi300,沪深300,2951.805,2982.66,2993.7611666666667,3115.141,3146.7877000000003
2011-08-16,2920.83,2897.58,2932.14,2888.33,50962681.0,csi300,沪深300,2941.9275000000002,2976.2868,2991.6711666666665,3112.8313333333335,3143.9451999999997
2011-08-17,2893.85,2886.01,2910.84,2881.63,39178179.0,csi300,沪深300,2931.6495,2967.4772,2989.3343333333332,3110.29025,3141.3558999999996
2011-08-18,2887.1,2834.25,2890.0,2832.27,40768883.0,csi300,沪深300,2920.4049999999997,2956.2171999999996,2986.7328333333335,3107.262166666667,3138.5387
2011-08-19,2789.35,2807.66,2814.1,2782.56,43259650.0,csi300,沪深300,2907.3885,2943.368,2983.8875,3103.663,3135.6771000000003
2011-08-22,2809.33,2777.79,2829.69,2768.42,34209685.0,csi300,沪深300,2897.8635,2929.5756,2980.7955,3099.687166666667,3132.2010500000006
2011-08-23,2788.7,2821.0,2821.0,2777.29,32620514.0,csi300,沪深300,2890.025,2918.6103999999996,2978.5703333333336,3096.168,3128.9904000000006
2011-08-24,2834.58,2810.02,2845.47,2804.82,35301565.0,csi300,沪深300,2880.5235000000002,2907.3484000000003,2975.3779999999997,3092.7371666666663,3125.9388
2011-08-25,2818.7,2903.84,2904.44,2815.91,72216845.0,csi300,沪深300,2876.6655,2901.1364000000003,2973.7058333333334,3089.68025,3123.0555
2011-08-26,2889.38,2901.22,2907.4,2876.83,45604102.0,csi300,沪深300,2873.1225,2894.4656,2972.7976666666664,3086.0694999999996,3119.9576
2011-08-29,2875.78,2852.81,2875.78,2847.48,44267850.0,csi300,沪深300,2866.877,2889.8464000000004,2970.572,3082.03075,3116.4788
2011-08-30,2875.14,2841.74,2901.73,2838.33,43137872.0,csi300,沪深300,2861.1449999999995,2884.4052,2967.8633333333332,3077.8880833333333,3113.06775
2011-08-31,2843.99,2846.78,2855.3,2823.77,32107899.0,csi300,沪深300,2855.7405000000003,2878.2744000000002,2965.1655,3074.27575,3109.8061
2011-09-01,2852.39,2834.53,2869.25,2825.96,30118702.0,csi300,沪深300,2849.4515,2872.4156,2963.2095,3070.835333333334,3106.4288500000002
2011-09-02,2828.84,2803.85,2836.62,2790.77,29317116.0,csi300,沪深300,2844.773,2865.6864,2960.574833333333,3067.0097499999997,3103.9889499999995
2011-09-05,2780.83,2743.82,2780.83,2743.38,32005660.0,csi300,沪深300,2842.269,2856.3304,2957.1326666666664,3063.1752500000002,3101.1335999999997
2011-09-06,2727.75,2723.3,2745.36,2711.07,29713982.0,csi300,沪深300,2838.5245000000004,2847.0072000000005,2952.6283333333336,3058.8010833333333,3098.9024
2011-09-07,2738.79,2779.09,2779.21,2730.05,33265381.0,csi300,沪深300,2836.273,2839.9759999999997,2949.561166666667,3055.317666666667,3097.2783
2011-09-08,2788.83,2756.11,2789.11,2755.8,26838735.0,csi300,沪深300,2830.7325,2831.808,2946.87,3051.487833333333,3095.31905
2011-09-09,2770.15,2751.1,2796.35,2739.62,27073503.0,csi300,沪深300,2824.519,2825.9552000000003,2944.5190000000002,3047.6877499999996,3093.1802999999995
2011-09-13,2712.44,2720.28,2726.19,2698.66,26713764.0,csi300,沪深300,2814.639,2823.0104000000006,2941.942,3043.49875,3090.922
2011-09-14,2729.26,2733.11,2736.91,2677.13,30424780.0,csi300,沪深300,2806.4155,2820.4072,2939.0093333333334,3039.066916666666,3089.05165
2011-09-15,2734.55,2729.05,2754.19,2728.91,31171925.0,csi300,沪深300,2798.5675,2816.6044,2936.0171666666665,3034.714333333333,3086.8117
2011-09-16,2744.22,2733.99,2755.89,2729.0,27555932.0,csi300,沪深300,2793.5544999999997,2811.2871999999998,2932.2898333333333,3030.043583333333,3084.3642500000005
2011-09-19,2718.32,2679.27,2718.32,2678.79,29090941.0,csi300,沪深300,2787.135,2803.4432,2926.4865,3024.949416666667,3081.7863499999994
2011-09-20,2675.04,2689.85,2702.28,2664.1,25598681.0,csi300,沪深300,2782.7380000000003,2794.322,2920.7091666666665,3020.2150000000006,3079.28535
2011-09-21,2691.7,2771.01,2778.35,2677.35,56194171.0,csi300,沪深300,2780.2385000000004,2789.2592,2916.1971666666664,3016.1727499999997,3077.4554500000004
2011-09-22,2745.15,2685.69,2754.92,2684.94,47102660.0,csi300,沪深300,2774.022,2781.2464,2910.9558333333334,3011.69275,3075.2038000000002
2011-09-23,2644.29,2669.48,2681.23,2631.43,42592224.0,csi300,沪深300,2762.304,2774.6556,2904.712333333334,3006.6656666666668,3072.7758999999996
2011-09-26,2645.25,2610.92,2679.56,2603.11,39175124.0,csi300,沪深300,2747.7889999999998,2766.7859999999996,2897.3985000000002,3000.831083333333,3070.0397000000003
2011-09-27,2634.93,2637.88,2652.56,2613.42,35021974.0,csi300,沪深300,2737.0425000000005,2761.1896,2889.3301666666666,2995.109916666667,3067.40125
2011-09-28,2654.83,2610.59,2660.1,2602.63,34169555.0,csi300,沪深300,2725.4849999999997,2752.7732,2880.798333333333,2988.9201666666663,3064.4525
2011-09-29,2593.56,2588.19,2615.14,2577.29,37093593.0,csi300,沪深300,2712.5555,2743.9,2872.0396666666666,2982.7098333333333,3061.53405
2011-09-30,2595.58,2581.35,2607.57,2572.19,32050822.0,csi300,沪深300,2699.8965,2731.0004000000004,2863.3675000000003,2976.498,3058.82395
2011-10-10,2588.35,2557.08,2595.32,2552.28,28325122.0,csi300,沪深300,2687.558,2717.2347999999997,2854.165833333333,2969.7067500000003,3055.79945
2011-10-11,2625.16,2551.99,2635.69,2526.65,45029848.0,csi300,沪深300,2677.9665,2705.202,2844.812166666667,2963.0270000000005,3052.2540999999997
2011-10-12,2537.4,2644.76,2647.01,2523.34,65945680.0,csi300,沪深300,2674.0395,2697.3228000000004,2837.9429999999998,2957.0755000000004,3049.13055
2011-10-13,2636.86,2662.6,2672.91,2629.41,60426201.0,csi300,沪深300,2668.215,2689.9556,2830.5488333333333,2951.2685,3046.2053499999997
2011-10-14,2655.36,2653.78,2665.44,2629.88,38336948.0,csi300,沪深300,2663.0985,2682.7255999999998,2822.849333333333,2945.91825,3043.3208999999997
2011-10-17,2658.95,2666.95,2687.1,2653.38,36158315.0,csi300,沪深300,2658.8910000000005,2677.2496,2815.1503333333335,2940.6781666666666,3040.52735
2011-10-18,2646.84,2592.21,2651.73,2589.21,39373448.0,csi300,沪深300,2652.4875,2671.1852000000003,2806.3105,2934.635166666667,3037.5951
2011-10-19,2599.92,2583.08,2617.41,2580.66,31116166.0,csi300,沪深300,2644.986,2665.5764,2797.7763333333332,2928.661333333334,3034.26295
2011-10-20,2566.6,2520.53,2570.1,2500.49,39842462.0,csi300,沪深300,2634.5600000000004,2655.2340000000004,2788.2589999999996,2922.5860000000002,3030.7883500000003
2011-10-21,2522.26,2507.88,2538.12,2504.69,29843503.0,csi300,沪深300,2623.2545,2645.3048000000003,2779.0713333333333,2916.5603333333333,3027.3847000000005
2011-10-24,2517.06,2576.67,2581.13,2501.96,46345801.0,csi300,沪深300,2618.1245,2638.3276,2770.8826666666664,2911.2867499999998,3024.45325
2011-10-25,2572.71,2625.43,2633.97,2560.05,57967375.0,csi300,沪深300,2614.9035,2634.5335999999998,2765.1683333333335,2906.8171666666667,3022.08185
2011-10-26,2613.27,2651.65,2679.66,2611.01,73098240.0,csi300,沪深300,2608.9355,2631.2752,2759.7329999999997,2902.30825,3020.11545
2011-10-27,2658.43,2657.48,2672.84,2647.3,48820391.0,csi300,沪深300,2607.525,2628.4123999999997,2754.0235000000002,2897.6944999999996,3018.0937
2011-10-28,2694.54,2709.02,2729.14,2689.38,71643105.0,csi300,沪深300,2609.502,2627.4136,2749.4905,2894.1944166666667,3016.3183000000004
2011-10-31,2704.53,2695.31,2709.32,2680.99,50407112.0,csi300,沪深300,2613.7215,2628.0552000000002,2744.8776666666668,2890.6043333333337,3014.15355
2011-11-01,2672.51,2697.53,2726.09,2669.05,55206651.0,csi300,沪深300,2616.7039999999997,2628.3624,2740.2078333333334,2887.0720833333335,3011.6928
2011-11-02,2658.55,2742.39,2742.94,2653.72,64361584.0,csi300,沪深300,2623.2940000000003,2627.2176,2736.6413333333335,2883.8439999999996,3009.5264500000003
2011-11-03,2752.63,2744.3,2781.04,2743.2,84820760.0,csi300,沪深300,2631.0995,2629.562,2733.1318333333334,2880.4363333333336,3007.44975
2011-11-04,2770.57,2763.75,2781.99,2748.98,61958218.0,csi300,沪深300,2640.2195,2633.3328,2729.8558333333335,2877.2585000000004,3005.4354000000003
2011-11-07,2750.99,2736.25,2769.3,2733.17,45375056.0,csi300,沪深300,2649.178,2638.3460000000005,2727.1696666666667,2874.213916666667,3003.5757
2011-11-08,2745.06,2727.71,2756.09,2723.69,47884252.0,csi300,沪深300,2657.964,2641.9392,2726.0665000000004,2870.8774166666667,3001.5896500000003
2011-11-09,2739.15,2751.65,2755.81,2710.05,46877960.0,csi300,沪深300,2663.3085,2647.5816000000004,2725.2908333333335,2867.970666666667,2999.6362
2011-11-10,2720.84,2699.59,2729.57,2698.31,51173702.0,csi300,沪深300,2665.1580000000004,2652.0376,2723.2153333333335,2864.500333333333,2997.4277500000003
2011-11-11,2705.24,2695.0,2713.91,2685.1,36636696.0,csi300,沪深300,2667.219,2656.5836,2720.35,2860.7971666666663,2995.4434499999998
2011-11-14,2717.54,2750.2,2751.88,2714.86,46390943.0,csi300,沪深300,2671.3815000000004,2664.3084000000003,2718.2638333333334,2857.7101666666663,2994.3226999999997
2011-11-15,2746.77,2744.68,2754.0,2732.91,41759864.0,csi300,沪深300,2679.005,2672.0160000000005,2715.3771666666667,2854.5691666666667,2993.1578499999996
2011-11-16,2745.86,2670.12,2746.29,2659.15,55949239.0,csi300,沪深300,2683.357,2673.0303999999996,2711.586166666667,2851.6286666666665,2991.2842
2011-11-17,2671.95,2662.02,2687.83,2660.65,35247652.0,csi300,沪深300,2690.4314999999997,2673.0072000000005,2707.853,2848.5936666666666,2989.87075
2011-11-18,2643.67,2606.5,2646.21,2601.18,42414718.0,csi300,沪深300,2695.3625,2671.1160000000004,2704.0571666666665,2845.395,2987.9859500000002
2011-11-21,2608.56,2609.69,2613.26,2587.74,27971896.0,csi300,沪深300,2697.0135,2668.8256,2700.7576666666664,2842.3225833333336,2986.2632499999995
2011-11-22,2592.23,2609.48,2611.15,2580.78,29069078.0,csi300,沪深300,2696.216,2669.5164,2697.9525,2839.3740000000003,2984.6174000000005
2011-11-23,2613.29,2584.01,2617.09,2578.16,28531412.0,csi300,沪深300,2692.834,2669.5535999999997,2694.0026666666668,2836.2865,2982.6452999999997
2011-11-24,2565.69,2588.92,2604.24,2557.7,30319601.0,csi300,沪深300,2689.406,2672.2891999999997,2690.317666666667,2832.8478333333333,2980.45755
2011-11-25,2585.14,2569.97,2598.39,2563.65,23913766.0,csi300,沪深300,2682.4535,2674.7728,2684.753166666667,2829.2295,2978.1237
2011-11-28,2578.34,2573.32,2589.35,2562.49,25666936.0,csi300,沪深300,2676.3540000000003,2674.6388,2679.2881666666667,2826.0429166666668,2975.60775
2011-11-29,2595.09,2608.57,2609.19,2580.29,30025878.0,csi300,沪深300,2671.906,2673.9644,2675.2175,2822.89475,2973.2641999999996
2011-11-30,2600.1,2521.52,2601.9,2507.18,42352645.0,csi300,沪深300,2660.8625,2668.7592,2669.8805,2818.8719166666665,2970.66705
2011-12-01,2596.15,2583.61,2630.66,2577.72,63520252.0,csi300,沪深300,2652.828,2665.8044,2665.4943333333335,2815.329916666667,2968.0643
2011-12-02,2570.56,2557.31,2575.69,2543.53,32183703.0,csi300,沪深300,2642.5060000000003,2659.7360000000003,2660.8740000000003,2812.04175,2965.24605
2011-12-05,2561.2,2521.39,2561.2,2517.18,32063388.0,csi300,沪深300,2631.763,2652.7792000000004,2656.1663333333336,2808.370583333333,2961.7573
2011-12-06,2515.04,2516.34,2525.67,2499.57,26297581.0,csi300,沪深300,2621.1945,2645.5316,2652.375,2804.7538333333337,2958.25065
2011-12-07,2517.34,2528.23,2534.53,2509.78,23261839.0,csi300,沪深300,2610.0235000000002,2636.9652,2649.1238333333336,2800.8760833333336,2954.6491499999997
2011-12-08,2525.04,2525.0,2549.1,2494.69,27777744.0,csi300,沪深300,2601.294,2628.1932,2644.889,2797.2250833333333,2951.0446
2011-12-09,2506.62,2503.46,2525.16,2496.97,24029059.0,csi300,沪深300,2591.7169999999996,2617.7816000000003,2640.6781666666666,2793.7740833333332,2947.5025
2011-12-12,2497.92,2477.69,2502.05,2476.12,21901249.0,csi300,沪深300,2578.0915,2607.4392000000003,2636.1213333333335,2790.3201666666664,2943.6014
2011-12-13,2467.02,2421.93,2472.66,2418.67,35717534.0,csi300,沪深300,2561.954,2595.208,2631.148833333333,2786.545416666667,2939.89315
2011-12-14,2415.94,2397.48,2433.55,2392.3,25320109.0,csi300,沪深300,2548.322,2581.0412,2625.5550000000003,2782.2821666666664,2936.0068500000007
2011-12-15,2382.44,2340.79,2384.47,2340.45,36750834.0,csi300,沪深300,2532.2605,2566.6892,2619.0840000000003,2777.550583333333,2931.7561
2011-12-16,2339.98,2390.13,2390.38,2332.14,36302339.0,csi300,沪深300,2521.442,2554.4944,2613.353,2772.8214166666667,2927.71865
2011-12-19,2370.42,2384.41,2387.89,2321.66,37909752.0,csi300,沪深300,2510.178,2539.8628,2608.4386666666664,2767.4625833333334,2923.4429
2011-12-20,2376.71,2377.07,2412.57,2373.86,32402327.0,csi300,沪深300,2498.5575,2525.1584,2603.2256666666667,2761.967416666667,2919.0538
2011-12-21,2397.27,2339.11,2404.77,2337.69,31209525.0,csi300,沪深300,2486.3125,2511.9179999999997,2596.0273333333334,2756.1122499999997,2914.5328499999996
2011-12-22,2325.27,2341.34,2358.47,2294.61,36683858.0,csi300,沪深300,2473.9335,2499.0908,2590.2881666666667,2750.6220000000003,2910.13095
2011-12-23,2337.38,2359.16,2382.71,2331.96,33161904.0,csi300,沪深300,2463.393,2489.1972,2585.1161666666667,2744.9142500000003,2905.5733999999998
2011-12-26,2345.55,2335.7,2369.82,2334.79,28224087.0,csi300,沪深300,2451.5119999999997,2478.2376,2580.5291666666667,2738.9638333333337,2900.57935
2011-12-27,2332.83,2305.03,2346.38,2302.41,29277314.0,csi300,沪深300,2436.335,2466.0596,2574.9816666666666,2732.155916666666,2895.4172000000003
2011-12-28,2295.87,2307.93,2309.65,2267.11,32882020.0,csi300,沪深300,2425.6555,2455.0164,2569.9373333333333,2725.3678333333332,2890.26255
2011-12-29,2297.29,2311.36,2323.49,2293.87,30887700.0,csi300,沪深300,2412.0429999999997,2443.914,2565.3235,2718.6815833333335,2885.4180499999998
2011-12-30,2318.67,2345.74,2349.03,2318.67,35865243.0,csi300,沪深300,2401.4645,2434.9448,2561.3966666666665,2712.382083333333,2880.90985
2012-01-04,2361.5,2298.75,2365.99,2298.3,34344567.0,csi300,沪深300,2390.3325,2423.962,2557.0911666666666,2705.6285,2876.0889999999995
2012-01-05,2290.78,2276.39,2316.66,2272.15,43016480.0,csi300,沪深300,2378.335,2410.6748000000002,2552.4978333333333,2698.655,2871.45115
2012-01-06,2274.35,2290.6,2291.89,2254.57,35198992.0,csi300,沪深300,2366.4535,2401.438,2546.595166666667,2692.269083333333,2866.66315
2012-01-09,2291.18,2368.57,2368.89,2271.72,54727341.0,csi300,沪深300,2358.632,2392.8363999999997,2541.6946666666668,2686.12175,2862.5205
2012-01-10,2365.77,2447.35,2449.96,2361.28,81154989.0,csi300,沪深300,2355.8265,2388.438,2538.2541666666666,2680.5517499999996,2858.6788
2012-01-11,2444.76,2435.61,2453.15,2423.32,58705674.0,csi300,沪深300,2353.7225,2385.0068,2534.3985000000002,2674.7744166666666,2854.8213
2012-01-12,2426.82,2435.22,2464.38,2423.32,47121275.0,csi300,沪深300,2354.3869999999997,2381.7619999999997,2531.782,2669.04625,2850.8825999999995
2012-01-13,2438.41,2394.33,2445.79,2374.54,45513997.0,csi300,沪深300,2354.2295000000004,2376.406,2528.6361666666667,2663.20625,2846.5296000000003
2012-01-16,2376.95,2345.65,2394.5,2345.63,30527145.0,csi300,沪深300,2354.4725,2369.232,2525.7215,2656.99025,2842.0010500000003
2012-01-17,2347.57,2460.6,2462.43,2329.25,64205648.0,csi300,沪深300,2357.996,2367.5176,2524.9335,2652.002416666667,2837.8316500000005
2012-01-18,2464.92,2422.19,2485.5,2414.53,63892358.0,csi300,沪深300,2359.8849999999998,2365.2976,2522.358833333333,2646.62075,2833.4897499999997
2012-01-19,2423.86,2468.35,2480.21,2414.99,55615726.0,csi300,沪深300,2364.449,2367.1544,2519.7408333333337,2642.454583333333,2829.5415999999996
2012-01-20,2476.73,2504.09,2510.34,2462.59,54529783.0,csi300,沪深300,2372.698,2371.4188,2517.2815,2638.50725,2825.7816500000004
2012-01-30,2508.88,2460.72,2508.88,2460.4,43517148.0,csi300,沪深300,2378.667,2376.216,2514.0021666666667,2634.012833333333,2821.9688
2012-01-31,2462.34,2464.26,2472.84,2447.77,30701501.0,csi300,沪深300,2383.922,2379.1812,2509.922833333333,2629.7066666666665,2817.9264500000004
2012-02-01,2458.23,2428.99,2481.66,2423.45,35015374.0,csi300,沪深300,2388.5865000000003,2380.9644,2505.484166666667,2625.1809166666662,2813.5160499999997
2012-02-02,2437.47,2486.24,2486.24,2429.71,42066985.0,csi300,沪深300,2397.647,2385.3312,2501.962666666667,2621.0852499999996,2809.32515
2012-02-03,2478.34,2506.09,2514.65,2470.28,49949240.0,csi300,沪深300,2407.555,2392.0104,2498.0243333333333,2617.3328333333334,2805.0888
2012-02-06,2511.17,2504.32,2520.76,2488.71,45079905.0,csi300,沪深300,2417.2030000000004,2398.5296,2494.0246666666667,2613.57825,2800.9432500000003
2012-02-07,2489.03,2457.95,2489.03,2441.7,39679164.0,csi300,沪深300,2422.8134999999997,2402.4812,2488.9280000000003,2609.391916666667,2796.59915
2012-02-08,2456.42,2528.24,2534.16,2451.0,56186456.0,csi300,沪深300,2434.2879999999996,2410.1828,2485.461166666667,2606.315416666667,2792.3801999999996
2012-02-09,2525.59,2529.23,2546.02,2513.13,59299751.0,csi300,沪深300,2446.93,2419.1508,2482.1531666666665,2604.1098333333334,2788.25855
2012-02-10,2521.68,2533.62,2560.03,2521.16,61575877.0,csi300,沪深300,2459.0809999999997,2428.1784,2478.519333333333,2601.905083333333,2784.1319499999995
2012-02-13,2504.41,2531.98,2553.45,2496.3,51913973.0,csi300,沪深300,2467.2515,2437.0031999999997,2475.725833333333,2599.4705833333337,2779.99465
2012-02-14,2528.97,2522.11,2533.26,2506.54,40430101.0,csi300,沪深300,2470.9895,2444.058,2472.8443333333335,2596.597166666667,2776.12615
2012-02-15,2515.83,2549.61,2562.07,2511.29,58090370.0,csi300,沪深300,2476.6895,2454.0924,2469.5011666666664,2593.8825,2772.3954
2012-02-16,2544.64,2536.07,2559.35,2519.04,54395431.0,csi300,沪深300,2481.732,2464.4796,2466.0243333333333,2590.7007500000004,2768.4888999999994
2012-02-17,2551.81,2537.09,2558.35,2522.86,38994716.0,csi300,沪深300,2488.87,2474.3392000000003,2463.8071666666665,2587.6966666666663,2764.6746500000004
2012-02-20,2571.91,2540.71,2574.75,2539.9,56153329.0,csi300,沪深300,2498.6230000000005,2481.2248,2461.7853333333333,2584.8191666666667,2761.1303500000004
2012-02-21,2544.84,2562.45,2562.91,2520.79,47894808.0,csi300,沪深300,2503.7155,2485.8288000000002,2461.0511666666666,2582.554166666667,2757.7877999999996
2012-02-22,2564.31,2597.48,2598.86,2560.34,76376656.0,csi300,沪深300,2512.4800000000005,2492.3036,2460.847666666667,2580.802666666667,2754.7276999999995
2012-02-23,2595.78,2606.26,2614.54,2590.52,70377126.0,csi300,沪深300,2519.3754999999996,2499.1452000000004,2460.794,2579.3732499999996,2751.9500999999996
2012-02-24,2607.34,2648.02,2648.02,2602.78,85999708.0,csi300,沪深300,2526.572,2509.2928,2461.860833333333,2577.93175,2749.2266
2012-02-27,2658.12,2656.57,2693.84,2656.57,101514034.0,csi300,沪深300,2536.3645,2521.7296,2462.9883333333337,2576.6530000000002,2746.4538000000002
2012-02-28,2652.34,2662.46,2671.83,2641.46,77592536.0,csi300,沪深300,2546.2745,2529.804,2464.5298333333335,2574.6414999999997,2744.1209499999995
2012-02-29,2655.86,2634.14,2666.65,2631.78,59120206.0,csi300,沪深300,2556.532,2538.2819999999997,2465.5434999999998,2572.4158333333335,2741.6610499999997
2012-03-01,2622.74,2633.35,2647.78,2621.86,42148441.0,csi300,沪深300,2563.8875,2544.8819999999996,2465.9565,2570.587,2739.2208
2012-03-02,2637.96,2679.93,2679.93,2637.96,64122034.0,csi300,沪深300,2572.5795,2551.9156,2468.5966666666664,2569.2385833333333,2736.9716500000004
2012-03-05,2687.74,2662.7,2694.61,2660.96,71395458.0,csi300,沪深300,2580.4985,2559.9948,2469.9148333333337,2567.704583333333,2734.51905
2012-03-06,2654.8,2621.05,2657.96,2615.6,62447148.0,csi300,沪深300,2588.6535,2566.2664,2470.977166666666,2565.925583333333,2731.89885
2012-03-07,2596.48,2603.0,2628.59,2594.13,56948733.0,csi300,沪深300,2592.3915,2573.2268,2472.3373333333334,2564.2518333333337,2729.40585
2012-03-08,2612.4,2635.79,2645.95,2612.4,57549413.0,csi300,沪深300,2597.7195,2579.2088,2474.3281666666667,2563.3515833333336,2726.9443499999998
2012-03-09,2644.1,2664.3,2664.41,2631.41,55258921.0,csi300,沪深300,2604.2535000000003,2585.5372,2476.5959999999995,2562.859916666667,2724.7635499999997
2012-03-12,2663.24,2654.4,2666.43,2636.42,62327216.0,csi300,沪深300,2610.3745,2591.5404,2478.7526666666668,2561.820833333333,2722.4554000000003
2012-03-13,2653.68,2681.07,2681.33,2649.17,58404469.0,csi300,沪深300,2618.3224999999998,2600.4652,2481.712833333333,2561.1955000000003,2720.16385
2012-03-14,2694.48,2605.11,2705.75,2595.34,108426540.0,csi300,沪深300,2621.0975,2603.54,2483.8365,2559.978916666667,2717.5861999999997
2012-03-15,2602.66,2585.55,2618.25,2575.44,72565960.0,csi300,沪深300,2623.5715,2605.7928,2486.5634999999997,2558.8561666666665,2714.9059500000003
2012-03-16,2591.8,2623.52,2624.32,2577.25,58091259.0,csi300,沪深300,2627.893,2609.3888,2490.3308333333334,2557.942916666667,2712.90865
2012-03-19,2617.66,2630.01,2631.04,2598.63,57646625.0,csi300,沪深300,2632.3579999999997,2613.31,2495.151166666666,2557.1175833333336,2710.9276
2012-03-20,2622.66,2584.45,2622.66,2584.02,58114065.0,csi300,沪深300,2633.458,2615.8036,2498.3898333333336,2555.871416666667,2708.89815
2012-03-21,2597.38,2587.79,2613.27,2569.08,58002544.0,csi300,沪深300,2632.9735,2617.3308,2501.7795,2555.1090833333337,2706.9452
2012-03-22,2586.94,2583.75,2599.24,2570.45,44926777.0,csi300,沪深300,2631.8480000000004,2619.2380000000003,2505.224166666667,2554.2249166666666,2705.0474
2012-03-23,2575.33,2552.94,2578.83,2544.52,43329256.0,csi300,沪深300,2627.094,2619.872,2508.788,2552.407666666667,2703.03955
2012-03-26,2551.43,2555.44,2562.93,2540.7,31816211.0,csi300,沪深300,2622.0375,2620.4611999999997,2512.3563333333336,2551.32225,2700.80895
2012-03-27,2565.55,2547.14,2571.9,2544.37,35944604.0,csi300,沪深300,2616.2715,2619.8488,2515.489333333333,2550.30275,2698.5238
2012-03-28,2538.46,2474.9,2540.42,2471.03,50005790.0,csi300,沪深300,2608.3095000000003,2614.9456,2517.809333333333,2549.16925,2696.11975
2012-03-29,2463.69,2443.12,2476.48,2429.73,46131304.0,csi300,沪深300,2598.798,2608.42,2520.110833333333,2547.54625,2693.4035999999996
2012-03-30,2447.94,2454.9,2461.98,2438.49,37027086.0,csi300,沪深300,2587.5465,2600.6952,2522.560333333334,2546.2488333333336,2690.6567999999997
2012-04-05,2449.21,2512.83,2517.39,2441.27,54331687.0,csi300,沪深300,2580.053,2594.9456,2525.918166666667,2545.6208333333334,2688.1777
2012-04-06,2509.45,2519.83,2525.53,2502.7,42368576.0,csi300,沪深300,2574.992,2589.2404,2528.8196666666668,2545.1081666666664,2686.0173999999997
2012-04-09,2510.53,2495.15,2518.38,2491.59,35370986.0,csi300,沪深300,2569.5995000000003,2583.6808,2532.0930000000003,2544.592083333334,2683.6835000000005
2012-04-10,2490.28,2519.79,2519.81,2459.35,41335905.0,csi300,沪深300,2563.7995,2579.1384000000003,2536.1496666666662,2544.32375,2681.5306999999993
2012-04-11,2494.52,2520.04,2541.13,2489.33,42510310.0,csi300,沪深300,2556.5865,2572.7428000000004,2539.9736666666663,2543.2844166666664,2679.1630999999998
2012-04-12,2522.83,2570.44,2570.84,2516.57,56488409.0,csi300,沪深300,2552.3885,2569.0524,2543.338166666667,2542.5164166666664,2677.1997
2012-04-13,2575.05,2580.45,2593.79,2570.03,53092643.0,csi300,沪深300,2547.3574999999996,2567.4284000000002,2545.5565,2541.9053333333336,2675.51405
2012-04-16,2564.23,2574.04,2586.2,2559.78,40839700.0,csi300,沪深300,2545.804,2566.27,2547.863666666666,2541.1310833333337,2673.9234500000002
2012-04-17,2572.36,2541.88,2578.76,2541.53,37815467.0,csi300,沪深300,2543.6205,2562.5136,2549.641333333333,2540.7116666666666,2672.25835
2012-04-18,2550.91,2599.91,2602.11,2546.0,58688408.0,csi300,沪深300,2542.4399999999996,2559.938,2553.067666666667,2540.8519166666665,2670.71255
2012-04-19,2598.33,2596.06,2606.86,2585.3,46448109.0,csi300,沪深300,2540.7425,2557.6044,2557.2411666666667,2541.4813333333336,2669.14995
2012-04-20,2591.51,2626.84,2627.38,2589.35,61446379.0,csi300,沪深300,2542.862,2555.4352,2560.011833333333,2542.472666666667,2667.4959999999996
2012-04-23,2624.75,2606.04,2632.09,2599.11,58664938.0,csi300,沪深300,2543.7745,2555.4724,2563.076,2542.717416666667,2665.3888500000003
2012-04-24,2594.8,2604.87,2640.29,2559.46,71139558.0,csi300,沪深300,2544.8305,2556.2452000000003,2565.351333333333,2542.5460833333336,2663.23075
2012-04-25,2598.23,2625.99,2631.44,2593.33,62468053.0,csi300,沪深300,2548.483,2556.344,2567.383,2542.33225,2661.15205
2012-04-26,2632.72,2631.49,2643.77,2617.09,58965667.0,csi300,沪深300,2552.2855,2556.4031999999997,2570.2291666666665,2542.1156666666666,2659.30865
2012-04-27,2630.55,2626.16,2637.92,2623.6,48233586.0,csi300,沪深300,2556.2365,2558.0716,2572.9275000000002,2541.425166666667,2657.219
2012-05-02,2660.67,2683.49,2697.95,2643.53,80148654.0,csi300,沪深300,2566.666,2561.8995999999997,2577.1691666666666,2541.326666666667,2655.3877
2012-05-03,2679.52,2691.52,2693.88,2675.81,59361090.0,csi300,沪深300,2579.0860000000002,2566.2104,2580.5905,2541.2765833333333,2653.2354000000005
2012-05-04,2689.62,2715.88,2716.03,2677.14,63218086.0,csi300,沪深300,2592.1349999999998,2572.728,2584.087,2541.0556666666666,2651.2023000000004
2012-05-07,2699.45,2717.78,2717.78,2694.32,68547314.0,csi300,沪深300,2602.3825,2579.2216,2587.6446666666666,2540.8346666666666,2649.2226499999997
2012-05-08,2717.41,2709.12,2717.83,2683.56,63110840.0,csi300,沪深300,2611.8469999999998,2585.7008,2591.830833333333,2540.379416666666,2647.25985
2012-05-09,2685.19,2657.51,2685.19,2655.32,58400283.0,csi300,沪深300,2619.9649999999997,2593.0052,2593.985333333333,2539.72325,2645.0015
2012-05-10,2657.87,2657.21,2667.68,2649.38,46962576.0,csi300,沪深300,2626.8360000000002,2601.5687999999996,2596.118333333333,2539.1357500000004,2642.7215
2012-05-11,2652.31,2636.92,2666.57,2636.52,41006143.0,csi300,沪深300,2632.68,2608.8496,2597.8399999999997,2538.1796666666664,2640.62155
2012-05-14,2653.81,2615.53,2656.28,2613.35,52082484.0,csi300,沪深300,2634.9345000000003,2612.9576,2599.2325,2537.4791666666665,2638.16795
2012-05-15,2597.64,2617.37,2618.18,2591.6,45767271.0,csi300,沪深300,2636.7805,2616.8592,2600.8201666666664,2536.83225,2635.67605
2012-05-16,2610.16,2574.65,2612.63,2574.08,43280274.0,csi300,沪深300,2636.811,2620.0391999999997,2601.2375,2535.3693333333335,2632.90485
2012-05-17,2577.96,2613.94,2619.59,2571.2,43728389.0,csi300,沪深300,2640.4139999999998,2623.8052,2602.5353333333333,2534.2798333333335,2630.3615499999996
2012-05-18,2595.55,2573.98,2603.19,2567.3,43422124.0,csi300,沪深300,2639.1175,2625.9628000000002,2603.150166666667,2533.478666666667,2627.7558000000004
2012-05-21,2572.37,2587.23,2604.22,2563.97,38602090.0,csi300,沪深300,2638.6760000000004,2626.6344,2603.9255000000003,2532.8554166666668,2625.2341
2012-05-22,2598.17,2627.52,2627.6,2597.6,42773529.0,csi300,沪深300,2638.71,2628.5172,2605.01,2533.030583333333,2623.0760000000005
2012-05-23,2621.79,2616.87,2635.78,2598.29,43719531.0,csi300,沪深300,2639.2515,2630.2304000000004,2605.3331666666663,2533.0904166666664,2620.8204
2012-05-24,2613.1,2595.26,2630.41,2588.21,42844066.0,csi300,沪深300,2638.771,2632.3656,2605.149833333334,2532.971916666667,2618.95525
2012-05-25,2595.26,2573.1,2602.17,2565.65,39273004.0,csi300,沪深300,2636.1265,2631.2932,2603.901166666667,2532.8810000000003,2616.9319
2012-05-28,2562.6,2614.69,2614.85,2545.34,56339275.0,csi300,沪深300,2635.2864999999997,2632.0383999999995,2603.203166666666,2533.0957500000004,2615.0051
2012-05-29,2615.15,2650.85,2658.25,2612.56,72135637.0,csi300,沪深300,2636.521,2632.9988,2603.0096666666664,2533.76975,2613.35435
2012-05-30,2646.37,2642.26,2655.16,2636.52,51855436.0,csi300,沪深300,2634.4595,2634.4476,2603.145,2534.34425,2611.7052500000004
2012-05-31,2623.16,2632.04,2645.59,2617.23,44107469.0,csi300,沪深300,2631.4855,2635.5344,2603.1231666666667,2534.5398333333333,2609.97685
2012-06-01,2633.6,2633.0,2653.86,2623.29,44191056.0,csi300,沪深300,2627.3415,2635.8147999999997,2602.3410000000003,2535.4688333333334,2608.35995
2012-06-04,2598.73,2559.03,2608.32,2558.92,52478502.0,csi300,沪深300,2619.404,2632.9164,2600.613166666667,2535.264,2606.38075
2012-06-05,2565.19,2558.84,2573.89,2548.76,37779910.0,csi300,沪深300,2611.8900000000003,2630.2236,2599.5763333333334,2535.2767499999995,2604.3734
2012-06-06,2564.23,2557.4,2573.74,2547.33,33857694.0,csi300,沪深300,2606.8845,2625.18,2598.8163333333337,2535.5768333333335,2602.6733000000004
2012-06-07,2579.43,2542.18,2584.04,2536.26,34841186.0,csi300,沪深300,2601.1330000000003,2619.2064,2597.2561666666666,2535.7921666666666,2601.4147
2012-06-08,2558.84,2524.33,2559.13,2520.41,43856426.0,csi300,沪深300,2595.5035000000003,2611.5444,2594.9233333333336,2535.759666666667,2600.0454
2012-06-11,2529.6,2558.26,2565.43,2523.77,40098260.0,csi300,沪深300,2592.64,2605.1636,2593.3209999999995,2536.0368333333336,2598.7160999999996
2012-06-12,2543.76,2540.18,2553.92,2529.95,37936676.0,csi300,沪深300,2588.7805,2598.406,2590.9728333333337,2536.3428333333336,2597.0824
2012-06-13,2546.79,2580.64,2581.12,2539.63,45014568.0,csi300,沪深300,2589.08,2595.3312,2590.565,2537.2007499999995,2595.60875
2012-06-14,2573.33,2560.42,2584.71,2558.56,40247934.0,csi300,沪深300,2586.404,2591.4596,2590.146166666667,2538.3548333333333,2593.82145
2012-06-15,2565.19,2568.05,2580.17,2538.57,42786078.0,csi300,沪深300,2586.1075,2588.7048,2589.2216666666664,2539.7762500000003,2592.1738
2012-06-18,2576.63,2581.21,2593.22,2572.99,35693628.0,csi300,沪深300,2585.8064999999997,2587.3320000000003,2588.4083333333333,2541.77975,2590.6497999999997
2012-06-19,2577.36,2558.62,2577.36,2556.1,32700553.0,csi300,沪深300,2582.3615,2584.982,2587.9778333333334,2543.1838333333335,2589.2716499999997
2012-06-20,2563.64,2552.61,2570.66,2549.44,29850639.0,csi300,沪深300,2579.1485000000002,2584.1004000000003,2587.3914999999997,2544.5855,2587.9964
2012-06-21,2547.05,2512.19,2547.05,2502.42,35396732.0,csi300,沪深300,2574.995,2580.0304,2586.1988333333334,2545.7115,2586.6684000000005
2012-06-25,2501.16,2456.52,2501.16,2455.01,40106735.0,csi300,沪深300,2569.166,2575.332,2584.591833333333,2546.689916666667,2584.846
2012-06-26,2442.56,2454.92,2465.12,2434.64,31734008.0,csi300,沪深300,2561.1775000000002,2570.0396,2582.9165,2547.6364166666667,2583.0705000000003
2012-06-27,2452.67,2447.2,2470.76,2444.34,30007553.0,csi300,沪深300,2550.995,2562.8268000000003,2581.250833333333,2548.3700833333337,2580.7873
2012-06-28,2451.66,2425.73,2459.19,2425.24,30543113.0,csi300,沪深300,2540.1685,2555.1812,2580.4313333333334,2549.1203333333333,2578.40985
2012-06-29,2418.86,2461.61,2462.81,2417.49,37994941.0,csi300,沪深300,2531.647,2549.8352,2580.7395000000006,2550.425166666667,2576.45385
2012-07-02,2473.54,2465.24,2473.97,2452.99,40510078.0,csi300,沪深300,2523.259,2545.5208000000002,2580.911833333333,2551.7360833333328,2574.57135
2012-07-03,2464.85,2468.72,2490.55,2457.45,38693354.0,csi300,沪深300,2518.7434999999996,2539.682,2580.1766666666667,2553.047416666667,2572.68105
2012-07-04,2474.53,2464.92,2481.34,2456.0,34452142.0,csi300,沪深300,2514.0474999999997,2532.2448,2579.2615,2554.0405833333334,2570.833
2012-07-05,2450.3,2430.37,2450.3,2420.0,34726145.0,csi300,沪深300,2507.696,2523.7691999999997,2578.1818333333335,2555.1374166666665,2568.9656
2012-07-06,2435.06,2472.61,2477.23,2420.36,49610605.0,csi300,沪深300,2504.2174999999997,2517.392,2577.3955,2556.772583333333,2567.6095499999997
2012-07-09,2455.89,2416.04,2470.21,2414.95,49223302.0,csi300,沪深300,2498.8030000000003,2508.7136,2575.662166666667,2557.817916666667,2566.07325
2012-07-10,2411.0,2406.71,2426.53,2402.37,35549984.0,csi300,沪深300,2491.2255,2502.6207999999997,2572.9333333333334,2558.13575,2564.21135
2012-07-11,2402.18,2425.57,2427.79,2402.15,37624312.0,csi300,沪深300,2485.495,2497.29,2570.352,2557.9542500000002,2562.55865
2012-07-12,2420.04,2449.18,2460.56,2404.58,56717691.0,csi300,沪深300,2478.922,2492.9611999999997,2568.271,2558.067333333333,2561.04905
2012-07-13,2441.01,2450.63,2467.99,2438.98,36725256.0,csi300,沪深300,2473.4325,2489.2992,2566.7501666666667,2558.19575,2559.7008
2012-07-16,2452.6,2399.73,2452.6,2399.61,42771870.0,csi300,沪深300,2465.0165,2484.3152,2563.4138333333335,2558.24075,2558.0339
2012-07-17,2391.9,2414.2,2421.93,2391.28,33424329.0,csi300,沪深300,2456.666,2478.5527999999995,2560.3828333333336,2558.812,2556.45965
2012-07-18,2412.06,2414.34,2420.78,2373.65,41751788.0,csi300,沪深300,2449.452,2473.5192,2556.8411666666666,2558.4265,2554.8614000000002
2012-07-19,2407.44,2424.32,2444.06,2401.29,46949052.0,csi300,沪深300,2443.0375,2467.2664,2553.8125,2558.44425,2553.58665
2012-07-20,2415.71,2398.46,2423.8,2392.18,37619754.0,csi300,沪深300,2437.3509999999997,2460.788,2550.3723333333332,2557.861833333334,2552.1297
2012-07-23,2379.89,2365.43,2379.89,2357.51,32390369.0,csi300,沪深300,2432.7965,2452.6832,2546.0296666666673,2556.7063333333335,2550.1018
2012-07-24,2353.22,2375.99,2392.35,2352.8,30310079.0,csi300,沪深300,2428.85,2444.4743999999996,2541.771333333333,2556.00025,2548.5533
2012-07-25,2368.38,2360.08,2381.04,2357.47,24896501.0,csi300,沪深300,2424.4939999999997,2436.5328,2537.3366666666666,2555.1320833333334,2547.0063
2012-07-26,2360.13,2347.49,2374.87,2344.7,31314094.0,csi300,沪深300,2420.582,2428.328,2531.7366666666667,2554.452916666667,2545.6891499999997
2012-07-27,2353.94,2349.11,2364.98,2341.29,31090525.0,csi300,沪深300,2414.957,2421.8048,2526.0298333333335,2553.310166666667,2544.2453
2012-07-30,2350.78,2335.79,2367.03,2334.0,30484851.0,csi300,沪深300,2408.4845,2416.9755999999998,2519.695,2551.891,2542.8713000000002
2012-07-31,2336.88,2332.92,2350.07,2329.5,32099723.0,csi300,沪深300,2401.6945,2412.0956,2513.2806666666665,2550.462666666667,2541.59495
2012-08-01,2332.13,2358.65,2371.12,2331.95,31420848.0,csi300,沪深300,2396.3810000000003,2408.5535999999997,2507.4395000000004,2549.6351666666665,2540.4814499999998
2012-08-02,2354.07,2334.88,2358.56,2325.61,31516159.0,csi300,沪深300,2391.6065,2404.9196,2502.0623333333333,2548.023833333333,2539.3704500000003
2012-08-03,2340.25,2353.74,2354.16,2329.93,29769785.0,csi300,沪深300,2385.663,2400.6048,2497.0045000000005,2546.5614166666664,2538.3792000000003
2012-08-06,2350.12,2385.61,2388.36,2348.12,41820665.0,csi300,沪深300,2384.1415,2397.4195999999997,2492.816,2545.328,2537.08345
2012-08-07,2383.26,2388.87,2390.78,2379.45,38285489.0,csi300,沪深300,2383.2495,2394.2255999999998,2489.038333333333,2544.1354166666665,2535.7147999999997
2012-08-08,2390.96,2389.79,2405.18,2382.83,37810451.0,csi300,沪深300,2381.4605,2391.2203999999997,2485.2453333333333,2543.03275,2534.39485
2012-08-09,2388.43,2411.7,2412.14,2378.85,35658951.0,csi300,沪深300,2379.5865,2390.4736000000003,2482.5295,2541.8835000000004,2533.1186
2012-08-10,2409.94,2399.75,2413.42,2395.91,34702995.0,csi300,沪深300,2377.0425,2387.5592,2478.959666666667,2540.7475,2532.1562999999996
2012-08-13,2394.5,2351.93,2394.5,2350.81,44783546.0,csi300,沪深300,2374.6524999999997,2384.9948,2475.2588333333333,2539.2045000000003,2531.00055
2012-08-14,2352.66,2357.02,2357.85,2324.91,39850066.0,csi300,沪深300,2371.7935,2383.0072,2471.4219999999996,2537.6737500000004,2530.183
2012-08-15,2350.02,2331.62,2350.02,2330.15,30580176.0,csi300,沪深300,2367.6575,2379.2492,2466.490333333333,2535.7501666666667,2529.3017
2012-08-16,2327.91,2319.67,2335.4,2317.06,25902905.0,csi300,沪深300,2362.425,2374.0688,2461.537,2533.4350833333333,2528.0167
2012-08-17,2318.43,2313.48,2322.89,2295.16,26065717.0,csi300,沪深300,2358.176,2368.5827999999997,2456.8406666666665,2530.99525,2526.4569500000002
2012-08-20,2294.9,2301.79,2307.41,2279.95,27402033.0,csi300,沪深300,2354.9939999999997,2364.6652,2452.318833333333,2528.11,2524.70765
2012-08-21,2301.93,2313.7,2327.38,2296.55,34895100.0,csi300,沪深300,2351.8795,2360.6452,2447.3023333333335,2525.2527499999997,2522.98875
2012-08-22,2315.14,2295.59,2317.37,2285.75,31708412.0,csi300,沪深300,2348.6549999999997,2355.8952,2441.3813333333333,2522.1955000000003,2520.9216
2012-08-23,2298.18,2302.2,2311.65,2285.37,31335342.0,csi300,沪深300,2346.3905,2351.0104,2435.713666666667,2519.4293333333335,2518.95605
2012-08-24,2295.68,2275.68,2299.3,2274.57,31869591.0,csi300,沪深300,2342.719,2346.0992,2429.7743333333333,2516.4487500000005,2516.8468000000003
2012-08-27,2268.49,2228.2,2268.49,2228.15,37386191.0,csi300,沪深300,2337.3395,2340.61,2423.0276666666664,2512.684333333333,2514.27585
2012-08-28,2226.9,2238.41,2250.6,2222.0,33773615.0,csi300,沪深300,2332.614,2335.1068,2417.6839999999997,2509.1485833333336,2511.7464
2012-08-29,2230.2,2214.81,2240.11,2214.43,29010648.0,csi300,沪深300,2325.422,2329.2960000000003,2411.9501666666665,2505.7632499999995,2509.0017000000003
2012-08-30,2204.51,2211.37,2223.2,2188.72,35491310.0,csi300,沪深300,2319.2465,2323.8512,2406.183,2502.499666666666,2506.3773
2012-08-31,2205.57,2204.87,2218.87,2203.12,25964986.0,csi300,沪深300,2311.803,2318.0816,2400.561166666667,2498.9086666666667,2503.7631
2012-09-03,2201.12,2228.37,2236.56,2197.71,38548592.0,csi300,沪深300,2303.941,2313.7848,2395.6285,2495.2759166666665,2501.1467
2012-09-04,2231.72,2204.41,2234.88,2199.51,34852688.0,csi300,沪深300,2294.718,2308.6444,2389.731,2491.526,2498.6708000000003
2012-09-05,2199.74,2199.88,2209.54,2186.96,34751824.0,csi300,沪深300,2285.2225,2302.2936,2384.059333333333,2487.5160833333334,2496.1952
2012-09-06,2204.44,2217.82,2218.68,2199.86,31695884.0,csi300,沪深300,2275.5285,2297.6112,2378.012333333333,2484.288666666667,2493.5333
2012-09-07,2233.91,2317.18,2341.52,2233.91,94529764.0,csi300,沪深300,2271.4,2296.1488,2373.9583333333335,2482.05225,2491.3958
2012-09-10,2320.56,2326.67,2334.5,2313.57,65330554.0,csi300,沪深300,2270.137,2293.7912,2369.9353333333333,2479.5785,2489.67855
2012-09-11,2316.53,2311.89,2316.53,2294.82,46260719.0,csi300,沪深300,2267.8805,2290.712,2365.446666666667,2476.9275,2487.9278999999997
2012-09-12,2325.93,2320.07,2337.2,2298.3,49622518.0,csi300,沪深300,2267.3030000000003,2287.9232,2361.470833333333,2474.7243333333336,2486.49575
2012-09-13,2316.68,2298.46,2325.53,2298.37,42049849.0,csi300,沪深300,2266.2425,2283.3936,2357.235,2472.3132499999997,2484.9395999999997
2012-09-14,2324.01,2315.54,2332.42,2298.83,61571814.0,csi300,沪深300,2266.3455000000004,2280.0252,2353.9574999999995,2470.0781666666667,2483.4699
2012-09-17,2312.05,2258.71,2314.99,2258.18,48984734.0,csi300,沪深300,2264.1915,2276.2963999999997,2350.660666666667,2467.62625,2481.8433999999997
2012-09-18,2249.43,2235.24,2253.14,2228.04,33228696.0,csi300,沪深300,2260.2685,2271.4251999999997,2346.999333333333,2464.9579166666663,2480.075
2012-09-19,2237.22,2246.24,2249.24,2229.49,34349706.0,csi300,沪深300,2257.801,2268.01,2343.65,2462.450416666667,2478.45635
2012-09-20,2236.19,2195.95,2236.19,2194.22,42545779.0,csi300,沪深300,2252.4885000000004,2263.0612,2339.8203333333336,2460.125833333333,2476.5694999999996
2012-09-21,2190.33,2199.06,2217.47,2186.53,38120593.0,csi300,沪深300,2248.6575000000003,2258.4844,2335.4444999999996,2458.0919999999996,2474.5219500000003
2012-09-24,2183.97,2215.52,2225.8,2172.88,37501686.0,csi300,沪深300,2248.0235,2255.0336,2331.2825,2456.0971666666665,2472.99195
2012-09-25,2209.98,2210.15,2225.33,2202.38,27877019.0,csi300,沪深300,2246.6105,2250.8916,2326.973,2453.5748333333336,2471.1246499999997
2012-09-26,2208.91,2184.89,2216.82,2181.08,27454626.0,csi300,沪深300,2245.1144999999997,2246.4636,2322.3058333333333,2450.7836666666667,2469.26255
2012-09-27,2186.0,2251.72,2266.3,2185.77,53016900.0,csi300,沪深300,2247.132,2244.4444,2319.328333333333,2448.755083333333,2467.9142
2012-09-28,2235.06,2293.11,2297.03,2234.32,57875825.0,csi300,沪深300,2251.544,2245.1416,2316.336666666667,2446.8660833333333,2466.79805
2012-10-08,2291.96,2270.05,2305.18,2258.11,35534424.0,csi300,沪深300,2253.628,2246.8156,2313.9035,2444.782833333333,2465.50715
2012-10-09,2281.75,2320.16,2327.73,2281.75,52548887.0,csi300,沪深300,2259.4155,2250.0856,2312.4610000000002,2442.697166666667,2464.48295
2012-10-10,2314.59,2324.12,2325.75,2304.61,42686238.0,csi300,沪深300,2265.6275,2254.458,2310.7701666666667,2440.5610833333335,2463.58625
2012-10-11,2315.9,2302.53,2321.35,2300.93,41300655.0,csi300,沪深300,2269.8630000000003,2258.1044,2308.326,2438.2984999999994,2462.71045
2012-10-12,2311.28,2304.53,2332.15,2287.01,36874145.0,csi300,沪深300,2269.2305,2262.0908,2305.891,2436.3205833333336,2462.12345
2012-10-15,2306.01,2294.86,2307.88,2278.46,28651746.0,csi300,沪深300,2267.6400000000003,2264.7504,2304.1431666666667,2433.7785,2461.61035
2012-10-16,2293.24,2298.16,2315.45,2287.59,32059679.0,csi300,沪深300,2266.9535,2268.5004,2302.2091666666665,2431.2960000000003,2461.3972
2012-10-17,2307.36,2300.8,2312.17,2280.82,33349409.0,csi300,沪深300,2265.99,2272.5372,2300.3168333333333,2428.5789999999997,2460.95055
2012-10-18,2307.49,2336.08,2341.12,2305.88,50615100.0,csi300,沪深300,2267.871,2277.2675999999997,2298.8461666666667,2426.3293333333336,2460.7088999999996
2012-10-19,2335.11,2332.47,2342.53,2328.73,35927732.0,csi300,沪深300,2268.7174999999997,2277.8792,2297.7463333333335,2424.059333333333,2460.4859
2012-10-22,2320.47,2341.59,2347.9,2315.9,34368286.0,csi300,沪深300,2272.8615,2278.4759999999997,2297.3489999999997,2421.6893333333337,2460.4982999999997
2012-10-23,2340.89,2312.08,2344.04,2309.25,37221272.0,csi300,沪深300,2276.7035,2278.4836,2296.2838333333334,2419.0275833333335,2460.3520000000003
2012-10-24,2303.4,2307.78,2321.43,2302.17,37542445.0,csi300,沪深300,2279.7805,2277.9919999999997,2295.412166666667,2416.3744166666665,2460.0951
2012-10-25,2306.73,2291.24,2322.92,2288.6,44351531.0,csi300,沪深300,2284.5449999999996,2277.7032,2294.4746666666665,2413.105666666667,2459.8728
2012-10-26,2291.31,2247.91,2293.18,2237.06,40900519.0,csi300,沪深300,2286.9875,2274.998,2292.788,2409.4089166666663,2459.5872
2012-10-29,2241.8,2235.85,2248.14,2227.65,27581325.0,csi300,沪深300,2288.004,2274.0836,2291.1223333333332,2405.408666666667,2459.2268000000004
2012-10-30,2236.32,2239.88,2257.95,2231.78,34083125.0,csi300,沪深300,2289.4905,2274.2692,2289.571666666667,2401.4261666666666,2458.8693999999996
2012-10-31,2241.43,2254.82,2256.1,2233.68,37169795.0,csi300,沪深300,2292.987,2274.6124,2287.841166666666,2397.6403333333337,2458.4148
2012-11-01,2256.61,2297.88,2305.63,2256.41,50761729.0,csi300,沪深300,2295.295,2278.6895999999997,2287.2245,2394.643416666667,2458.41045
2012-11-02,2297.9,2306.77,2309.67,2284.72,39833288.0,csi300,沪深300,2295.978,2282.998,2286.4416666666666,2391.723083333333,2458.5623499999997
2012-11-05,2302.74,2301.88,2318.23,2290.14,39510372.0,csi300,沪深300,2297.5695,2286.4524,2285.046166666667,2388.9310833333334,2458.61875
2012-11-06,2301.98,2292.21,2304.05,2260.51,39280627.0,csi300,沪深300,2296.172,2289.7348,2283.435166666667,2386.2367500000005,2458.23695
2012-11-07,2288.76,2287.5,2300.89,2277.02,33067403.0,csi300,沪深300,2294.341,2293.8392,2281.7303333333334,2383.4878333333336,2457.4377000000004
2012-11-08,2269.58,2245.41,2275.4,2245.4,35426475.0,csi300,沪深300,2291.4849999999997,2293.5868,2278.958833333333,2380.7441666666664,2456.4867
2012-11-09,2241.76,2240.92,2252.2,2235.23,30506968.0,csi300,沪深300,2288.3045,2291.4992,2276.3116666666665,2377.6356666666666,2455.5152
2012-11-12,2242.96,2251.85,2254.7,2232.74,34721685.0,csi300,沪深300,2286.154,2290.7712,2274.6436666666664,2374.95125,2454.8028
2012-11-13,2250.84,2212.44,2250.84,2208.72,34083704.0,csi300,沪深300,2281.868,2286.4624000000003,2272.234,2371.828,2454.13675
2012-11-14,2213.09,2223.11,2225.12,2206.0,26758790.0,csi300,沪深300,2277.9835,2282.422,2270.4255,2368.4579166666667,2452.9492999999998
2012-11-15,2210.75,2193.62,2220.99,2193.52,28319151.0,csi300,沪深300,2270.8605,2278.0656,2268.324666666667,2364.9308333333333,2451.80645
2012-11-16,2189.51,2177.24,2191.61,2162.98,30247786.0,csi300,沪深300,2263.0989999999997,2272.974,2266.0539999999996,2361.447333333333,2450.3509
2012-11-19,2175.18,2174.99,2176.49,2149.54,26978666.0,csi300,沪深300,2254.7690000000002,2268.1792,2263.940666666667,2358.1297499999996,2448.7054
2012-11-20,2180.21,2164.88,2184.33,2163.53,23948916.0,csi300,沪深300,2247.409,2262.848,2261.4603333333334,2354.381333333333,2447.2262
2012-11-21,2165.41,2194.9,2195.46,2151.38,30508482.0,csi300,沪深300,2241.7650000000003,2258.612,2259.7821666666664,2350.58175,2445.8794
2012-11-22,2181.18,2177.55,2185.58,2169.66,22912351.0,csi300,沪深300,2236.0805,2252.2708000000002,2257.7046666666665,2346.7091666666665,2444.6222
2012-11-23,2184.41,2192.68,2202.47,2179.73,28667493.0,csi300,沪深300,2233.319,2246.6792,2256.3213333333333,2343.047833333333,2443.1544
2012-11-26,2187.24,2175.6,2191.36,2172.1,24742696.0,csi300,沪深300,2230.3065,2240.0396,2255.444666666667,2339.236166666667,2441.50195
2012-11-27,2168.59,2150.64,2173.46,2150.22,31946746.0,csi300,沪深300,2225.8445,2233.5820000000003,2253.9818333333333,2335.8329166666663,2439.73355
2012-11-28,2142.5,2129.16,2144.8,2126.03,30009339.0,csi300,沪深300,2219.5615,2226.4372,2252.5543333333335,2332.25225,2438.0896000000002
2012-11-29,2128.8,2115.68,2140.88,2114.48,29670625.0,csi300,沪深300,2210.4515,2219.4148,2250.9594999999995,2328.57125,2436.0268
2012-11-30,2114.24,2139.66,2142.86,2109.96,36406911.0,csi300,沪深300,2202.096,2215.0848,2249.8726666666666,2325.2169166666663,2434.07895
2012-12-03,2136.7,2108.85,2152.61,2108.15,40186762.0,csi300,沪深300,2192.4445,2210.0048,2247.8806666666665,2321.7545833333334,2431.9551
2012-12-04,2104.93,2131.47,2135.66,2102.14,36225915.0,csi300,沪深300,2184.4075,2205.6684,2246.665,2318.1979999999994,2429.95255
2012-12-05,2128.39,2207.88,2219.09,2126.79,82487103.0,csi300,沪深300,2180.4265,2203.7907999999998,2246.798333333333,2315.428833333333,2428.3813999999998
2012-12-06,2205.61,2203.6,2216.98,2191.23,48574689.0,csi300,沪深300,2178.3360000000002,2200.0196,2246.5613333333336,2312.2868333333336,2426.6513499999996
2012-12-07,2203.89,2246.76,2250.53,2198.11,76169748.0,csi300,沪深300,2178.6279999999997,2197.6191999999996,2245.3876666666665,2309.6730000000002,2425.2048
2012-12-10,2254.92,2271.05,2276.28,2250.44,73375475.0,csi300,沪深300,2179.5879999999997,2196.386,2244.460666666667,2307.198,2423.8746
2012-12-11,2263.21,2258.5,2274.99,2254.3,51468703.0,csi300,沪深300,2181.8909999999996,2195.0376,2243.570833333333,2304.50875,2422.46355
2012-12-12,2257.73,2267.77,2273.21,2247.95,45006454.0,csi300,沪深300,2184.1240000000003,2194.2484,2242.6991666666668,2302.0849999999996,2420.9901499999996
2012-12-13,2260.6,2242.64,2266.72,2242.56,41942100.0,csi300,沪深300,2186.575,2194.1376,2241.7688333333335,2299.5019166666666,2419.21595
2012-12-14,2245.64,2355.87,2357.11,2245.64,110892562.0,csi300,沪深300,2195.5065000000004,2198.7356,2242.4410000000003,2298.1992499999997,2417.964
2012-12-17,2359.2,2366.7,2380.0,2358.66,94088195.0,csi300,沪深300,2205.0919999999996,2203.3296,2244.240833333333,2297.4507499999995,2416.5574
2012-12-18,2361.1,2368.12,2398.63,2347.08,85784849.0,csi300,沪深300,2215.254,2209.5568,2246.4554999999996,2296.7274166666666,2415.11515
2012-12-19,2362.8,2371.11,2387.14,2358.03,63292530.0,csi300,沪深300,2224.0644999999995,2215.4768,2248.536666666667,2296.093333333333,2413.6584
2012-12-20,2361.32,2384.82,2391.92,2346.55,65655462.0,csi300,沪深300,2234.4280000000003,2223.1248,2251.6845000000003,2295.7524166666667,2412.4118
2012-12-21,2386.38,2372.0,2414.22,2365.03,68714158.0,csi300,沪深300,2243.3940000000002,2230.9152,2254.5668333333333,2295.0056666666665,2411.10505
2012-12-24,2368.01,2381.22,2396.73,2367.04,53087004.0,csi300,沪深300,2253.6749999999997,2239.1644,2257.3285000000005,2294.3055000000004,2409.6115
2012-12-25,2373.88,2448.4,2459.3,2365.41,95502350.0,csi300,沪深300,2268.5629999999996,2250.5052,2261.2993333333334,2294.136166666666,2408.54
2012-12-26,2445.99,2457.62,2458.01,2441.64,71591828.0,csi300,沪深300,2284.986,2261.014,2265.8448333333336,2294.075333333333,2407.72285
2012-12-27,2464.78,2444.59,2479.79,2443.68,73255067.0,csi300,沪深300,2301.4314999999997,2271.6956,2269.059333333333,2294.1938333333333,2406.9308
2012-12-28,2448.08,2480.05,2481.59,2444.38,67166321.0,csi300,沪深300,2318.451,2283.1904,2272.175,2294.2558333333336,2406.1521
2012-12-31,2485.56,2522.95,2522.95,2485.56,82002293.0,csi300,沪深300,2339.156,2297.0844,2276.39,2295.14675,2405.44535
2013-01-04,2551.81,2524.41,2558.53,2498.89,97988182.0,csi300,沪深300,2358.803,2312.0352,2279.7941666666666,2296.1275833333334,2404.7954
2013-01-07,2518.05,2535.99,2545.97,2511.6,75167993.0,csi300,沪深300,2375.2084999999997,2328.3084,2283.325333333333,2297.04775,2404.07
2013-01-08,2534.65,2525.33,2540.51,2502.49,71837100.0,csi300,沪深300,2391.295,2344.6944,2287.038666666667,2297.682333333333,2403.6711
2013-01-09,2518.1,2526.13,2534.24,2504.3,70231170.0,csi300,沪深300,2405.2635,2360.1531999999997,2290.7320000000004,2298.3115000000003,2403.374
2013-01-10,2525.59,2530.57,2553.35,2513.73,71085862.0,csi300,沪深300,2418.2395,2377.022,2294.6604999999995,2299.401833333333,2402.90925
2013-01-11,2533.5,2483.23,2539.79,2473.7,74239176.0,csi300,沪深300,2429.476,2391.0924,2297.7450000000003,2299.977083333333,2402.17535
2013-01-14,2474.18,2577.73,2583.63,2474.0,93554091.0,csi300,沪深300,2444.9739999999997,2405.8864000000003,2302.3605000000002,2301.338666666667,2402.14175
2013-01-15,2579.13,2595.86,2605.41,2576.92,98620805.0,csi300,沪深300,2462.6349999999998,2421.5768000000003,2306.6901666666668,2302.7681666666667,2402.1821
2013-01-16,2591.37,2577.09,2600.09,2540.52,93536084.0,csi300,沪深300,2473.696,2434.79,2310.7671666666665,2304.25675,2402.1488
2013-01-17,2570.71,2552.76,2575.06,2539.67,69915239.0,csi300,沪深300,2482.9990000000003,2446.0584,2314.286666666667,2305.817833333333,2402.1479
2013-01-18,2568.69,2595.44,2607.45,2553.45,77940303.0,csi300,沪深300,2494.365,2459.5359999999996,2319.0093333333334,2307.646583333333,2402.3479
2013-01-21,2605.65,2610.9,2611.2,2582.65,84133742.0,csi300,沪深300,2506.3545000000004,2473.2612,2324.061333333333,2309.7367499999996,2402.6667
2013-01-22,2610.39,2596.9,2620.02,2578.18,105766275.0,csi300,沪深300,2516.9584999999997,2487.4316,2329.1556666666665,2311.8151666666668,2403.2767
2013-01-23,2588.2,2607.46,2611.41,2576.36,75739444.0,csi300,沪深300,2528.7315,2497.4952,2335.148166666667,2313.968083333333,2404.0984
2013-01-24,2606.43,2582.75,2663.4,2564.21,111277172.0,csi300,沪深300,2538.808,2506.1372,2340.9298333333336,2316.026083333333,2404.73765
2013-01-25,2580.88,2571.67,2591.51,2567.11,58487359.0,csi300,沪深300,2544.9715,2514.2792,2346.4596666666666,2318.015666666666,2405.03185
2013-01-28,2577.27,2651.86,2651.97,2577.27,91274790.0,csi300,沪深300,2554.6835,2525.5092,2353.077,2320.4590833333336,2405.692
2013-01-29,2655.38,2675.87,2685.53,2646.15,101040229.0,csi300,沪深300,2566.2475000000004,2537.1512,2359.3768333333337,2323.300666666667,2406.5956
2013-01-30,2678.43,2688.71,2689.68,2662.06,99874990.0,csi300,沪深300,2576.6805,2549.8196,2365.7425,2326.0920833333334,2407.4402
2013-01-31,2690.95,2686.88,2696.88,2671.33,96740101.0,csi300,沪深300,2584.877,2562.0460000000003,2372.1591666666664,2328.6026666666667,2408.2744000000002
2013-02-01,2677.19,2743.32,2744.32,2671.27,103879515.0,csi300,沪深300,2595.8224999999998,2573.8428000000004,2379.677666666667,2331.5564166666663,2409.1388
2013-02-04,2753.69,2748.03,2768.5,2731.08,127939179.0,csi300,沪深300,2606.4245,2585.4592000000002,2387.3531666666668,2334.54175,2409.9766999999997
2013-02-05,2727.93,2771.68,2779.95,2725.36,116130819.0,csi300,沪深300,2618.7419999999997,2598.5428,2396.124333333333,2337.541583333333,2410.9649000000004
2013-02-06,2771.91,2775.84,2787.46,2765.74,82779271.0,csi300,沪深300,2631.2275,2610.3744,2405.0396666666666,2340.6756666666665,2412.1347
2013-02-07,2771.53,2759.87,2775.97,2722.87,89978142.0,csi300,沪深300,2642.6925,2619.8512,2413.5066666666667,2344.0751666666665,2412.9345
2013-02-08,2755.65,2771.73,2791.3,2747.95,77429644.0,csi300,沪深300,2657.1175,2629.744,2422.8281666666667,2347.5310833333333,2413.8128500000003
2013-02-18,2784.06,2737.47,2787.74,2731.51,76438227.0,csi300,沪深300,2665.1045000000004,2637.8032000000003,2431.4008333333336,2350.9131666666663,2414.366
2013-02-19,2735.04,2685.61,2740.74,2674.34,80626431.0,csi300,沪深300,2669.592,2644.2144,2439.6006666666663,2353.962666666667,2414.76385
2013-02-20,2686.09,2702.64,2703.1,2665.23,70019377.0,csi300,沪深300,2675.8695,2651.2748000000006,2448.3573333333334,2357.2056666666667,2415.2527
2013-02-21,2675.74,2610.55,2675.74,2584.76,100657984.0,csi300,沪深300,2678.759,2654.4739999999997,2455.616666666667,2359.778666666666,2415.1755
2013-02-22,2607.65,2596.6,2618.48,2591.15,60204852.0,csi300,沪深300,2678.817,2659.0088,2462.812,2362.1361666666667,2415.0010500000003
2013-02-25,2607.15,2604.96,2628.7,2590.79,53161942.0,csi300,沪深300,2678.52,2660.098,2469.646333333333,2364.71425,2414.89505
2013-02-26,2587.38,2567.6,2631.09,2564.67,80003065.0,csi300,沪深300,2677.055,2658.9676,2476.1471666666666,2366.9259166666666,2414.3156
2013-02-27,2576.05,2594.68,2615.25,2569.38,63226743.0,csi300,沪深300,2676.416,2659.6711999999998,2482.8471666666665,2369.58425,2413.8314
2013-02-28,2611.94,2673.33,2673.71,2594.0,86922595.0,csi300,沪深300,2680.945,2664.494,2491.1426666666666,2373.2936666666665,2413.6186500000003
2013-03-01,2671.84,2668.84,2680.85,2627.0,73343753.0,csi300,沪深300,2685.8035,2667.43,2499.7793333333334,2376.880583333333,2413.3739499999997
2013-03-04,2619.42,2545.72,2619.57,2528.69,110619103.0,csi300,沪深300,2680.4965,2664.8228000000004,2506.722,2379.6381666666666,2412.55695
2013-03-05,2547.89,2622.81,2623.17,2541.77,89661152.0,csi300,沪深300,2677.8435,2665.8592,2515.1741666666667,2383.0668333333333,2412.38345
2013-03-06,2634.87,2650.2,2658.14,2620.43,95829652.0,csi300,沪深300,2675.918,2667.5688,2523.683166666667,2386.777916666667,2412.3484
2013-03-07,2639.78,2619.48,2658.97,2592.87,94082666.0,csi300,沪深300,2672.548,2669.038,2532.1936666666666,2390.037166666667,2412.2612
2013-03-08,2622.68,2606.93,2632.62,2601.96,59429557.0,csi300,沪深300,2665.7285,2670.4484,2540.118,2393.3914999999997,2412.2182000000003
2013-03-11,2600.28,2592.37,2611.65,2574.17,50946436.0,csi300,沪深300,2657.9455,2668.0688,2546.526166666667,2396.66225,2412.0932000000003
2013-03-12,2590.39,2555.62,2619.51,2530.25,71935141.0,csi300,沪深300,2647.1425,2663.2588,2552.3931666666667,2399.4772499999995,2411.99805
2013-03-13,2551.73,2527.49,2556.77,2515.06,56430460.0,csi300,沪深300,2634.725,2656.81,2557.072,2401.229833333333,2411.5658
2013-03-14,2517.75,2534.27,2546.7,2514.46,47605756.0,csi300,沪深300,2623.4449999999997,2650.7056,2561.459,2402.9598333333333,2411.3672500000002
2013-03-15,2533.72,2539.87,2600.09,2504.46,81372185.0,csi300,沪深300,2611.852,2642.5676000000003,2566.1485000000002,2404.8596666666663,2411.13045
2013-03-18,2526.08,2502.49,2544.62,2499.83,59812778.0,csi300,沪深300,2600.103,2632.7459999999996,2570.0605,2406.379833333333,2410.5053
2013-03-19,2507.4,2525.1,2532.07,2491.85,54536476.0,csi300,沪深300,2592.0775,2622.8828,2574.7681666666667,2408.2685,2410.04645
2013-03-20,2526.97,2610.17,2610.17,2526.83,90700622.0,csi300,沪深300,2587.454,2616.256,2579.0065,2410.7237499999997,2410.121
2013-03-21,2611.58,2614.99,2626.54,2598.51,69552756.0,csi300,沪深300,2587.676,2610.4608,2583.144666666667,2413.69275,2410.33045
2013-03-22,2612.26,2618.31,2625.53,2603.34,55647141.0,csi300,沪深300,2588.7614999999996,2604.324,2587.3145000000004,2416.885,2410.34855
2013-03-25,2628.41,2613.1,2641.61,2607.61,56261402.0,csi300,沪深300,2589.1684999999998,2599.3492,2591.3476666666666,2419.9421666666667,2410.1598
2013-03-26,2601.96,2575.05,2607.36,2554.97,63962961.0,csi300,沪深300,2589.541,2594.9267999999997,2594.5181666666667,2423.1013333333335,2409.82375
2013-03-27,2575.73,2583.53,2611.94,2566.35,56906517.0,csi300,沪深300,2588.9835,2590.1623999999997,2598.0436666666665,2426.30525,2409.5812
2013-03-28,2535.99,2499.3,2535.99,2495.08,87578405.0,csi300,沪深300,2580.282,2585.7124,2600.0116666666663,2428.6700833333334,2408.9127
2013-03-29,2502.78,2495.08,2509.11,2482.49,52402137.0,csi300,沪深300,2571.594,2581.6516,2600.7896666666666,2431.0444999999995,2408.59295
2013-04-01,2486.43,2493.19,2507.83,2483.73,47346022.0,csi300,沪深300,2568.9674999999997,2577.1808,2601.3825,2433.6136666666666,2408.2647
2013-04-02,2495.84,2486.39,2524.46,2475.0,55684152.0,csi300,沪深300,2562.1465,2573.9323999999997,2602.079166666667,2435.56925,2407.90965
2013-04-03,2493.88,2483.55,2507.14,2474.93,45564221.0,csi300,沪深300,2553.814,2569.4872,2602.1375,2437.15625,2407.6165
2013-04-08,2443.24,2472.3,2473.31,2429.5,53296772.0,csi300,沪深300,2546.4550000000004,2561.446,2601.2933333333335,2438.8416666666667,2407.35635
2013-04-09,2477.29,2489.43,2505.29,2477.29,52389824.0,csi300,沪深300,2540.58,2554.2696,2600.7103333333334,2440.2522499999995,2407.0122
2013-04-10,2487.98,2485.31,2495.57,2466.19,47504913.0,csi300,沪深300,2535.227,2551.8532,2599.8656666666666,2441.5955,2406.73785
2013-04-11,2502.5,2477.88,2508.59,2476.4,42989958.0,csi300,沪深300,2531.3399999999997,2546.0559999999996,2599.074833333333,2443.05675,2406.22405
2013-04-12,2476.32,2462.11,2489.12,2460.18,39917278.0,csi300,沪深300,2528.071,2538.5324,2598.0078333333336,2444.369916666667,2405.7325
2013-04-15,2453.97,2436.82,2461.67,2430.15,46539734.0,csi300,沪深300,2523.1985,2531.2259999999997,2596.4453333333336,2445.552916666667,2405.07635
2013-04-16,2419.51,2459.59,2461.05,2416.62,55280613.0,csi300,沪深300,2519.1845000000003,2525.3324,2596.0513333333333,2446.8981666666664,2404.46825
2013-04-17,2457.88,2458.47,2465.2,2437.35,44692164.0,csi300,沪深300,2516.9835,2519.9764,2594.0636666666664,2448.2120833333333,2403.9675
2013-04-18,2440.71,2464.85,2478.41,2434.73,42860707.0,csi300,沪深300,2513.9710000000005,2516.3456,2591.880166666667,2449.2851666666666,2403.5287
2013-04-19,2469.95,2533.83,2542.45,2469.32,75520876.0,csi300,沪深300,2510.1539999999995,2516.5992,2591.159166666667,2450.963166666667,2403.6368999999995
2013-04-22,2525.11,2530.67,2539.05,2518.26,62511883.0,csi300,沪深300,2505.938,2516.4552000000003,2590.7909999999997,2452.538833333333,2404.00765
2013-04-23,2532.2,2449.47,2532.2,2448.2,60653982.0,csi300,沪深300,2497.496,2512.8392000000003,2588.3581666666664,2453.6837499999997,2403.9804
2013-04-24,2452.78,2495.58,2511.2,2446.59,63050916.0,csi300,沪深300,2491.62,2512.5628,2586.436166666667,2455.2487499999997,2404.2223
2013-04-25,2486.86,2467.88,2505.48,2456.57,60557927.0,csi300,沪深300,2486.2615,2510.274,2584.2858333333334,2456.72075,2404.43305
2013-04-26,2477.72,2447.31,2488.59,2439.8,47123378.0,csi300,沪深300,2479.4505,2503.7596,2581.616666666667,2458.382416666667,2404.36155
2013-05-02,2434.6,2449.64,2453.75,2423.08,47016088.0,csi300,沪深300,2476.9674999999997,2497.1456,2579.3981666666664,2460.1639999999998,2404.28355
2013-05-03,2457.54,2492.91,2521.12,2457.54,62330091.0,csi300,沪深300,2476.859,2492.1296,2578.0855,2462.272583333333,2404.4044999999996
2013-05-06,2502.98,2525.98,2533.86,2500.46,60418780.0,csi300,沪深300,2478.4985,2488.6448,2575.9875,2464.5322499999997,2404.7097999999996
2013-05-07,2519.36,2529.94,2539.3,2507.76,54490643.0,csi300,沪深300,2480.6760000000004,2486.8404,2573.555333333333,2466.4660833333332,2405.20765
2013-05-08,2542.27,2542.8,2562.01,2531.25,59554294.0,csi300,沪深300,2483.6385,2485.2112,2571.1235,2468.433,2405.5586000000003
2013-05-09,2542.37,2527.79,2543.3,2507.79,60240145.0,csi300,沪深300,2486.413,2486.3507999999997,2568.472,2470.3155833333335,2406.11735
2013-05-10,2519.52,2540.84,2546.98,2515.16,48816728.0,csi300,沪深300,2488.9835000000003,2488.1812,2565.097333333333,2472.3875,2406.788
2013-05-13,2542.41,2530.77,2547.6,2516.73,54092147.0,csi300,沪深300,2491.2565,2489.6844,2561.476333333333,2474.4147499999995,2407.314
2013-05-14,2526.0,2493.34,2526.15,2479.87,54880064.0,csi300,沪深300,2492.0295,2489.9624000000003,2556.8373333333334,2476.4808333333335,2407.5348
2013-05-15,2493.97,2506.93,2507.43,2491.93,44189660.0,csi300,沪深300,2494.2705,2490.8976000000002,2552.3554999999997,2478.6975833333336,2407.8163
2013-05-16,2501.12,2552.71,2553.06,2487.76,70796182.0,csi300,沪深300,2500.065,2494.114,2548.9028333333335,2481.20475,2408.5812
2013-05-17,2550.45,2592.05,2598.71,2547.78,81850801.0,csi300,沪深300,2506.6879999999996,2498.2188,2545.9081666666666,2484.3681666666666,2409.4704500000003
2013-05-20,2597.15,2609.61,2627.62,2590.05,86337803.0,csi300,沪深300,2514.245,2503.1908000000003,2543.7771666666667,2487.589,2410.4467999999997
2013-05-21,2607.39,2614.85,2617.4,2594.25,71505994.0,csi300,沪深300,2521.745,2508.6696,2542.5978333333333,2491.09925,2411.39945
2013-05-22,2613.41,2618.03,2630.07,2603.75,74191817.0,csi300,沪深300,2525.9550000000004,2514.9064000000003,2541.1876666666662,2494.7725,2412.4973
2013-05-23,2604.93,2582.85,2624.08,2579.35,84825370.0,csi300,沪深300,2528.564,2520.7476,2540.726,2498.1713333333337,2413.5844
2013-05-24,2591.42,2597.23,2608.35,2572.88,60739669.0,csi300,沪深300,2535.952,2526.2532,2540.7365,2501.7742500000004,2414.6906
2013-05-27,2593.52,2599.59,2611.97,2589.74,64195080.0,csi300,沪深300,2541.1525,2531.8979999999997,2540.647,2505.1466666666665,2415.88815
2013-05-28,2600.63,2644.36,2644.36,2585.9,84196112.0,csi300,沪深300,2549.9764999999998,2539.0784,2541.926333333334,2509.03675,2417.3725
2013-05-29,2648.93,2642.56,2661.23,2640.88,79277709.0,csi300,沪深300,2559.739,2543.4276,2542.7243333333336,2512.7857500000005,2418.8397499999996
2013-05-30,2633.96,2634.32,2647.44,2623.58,70146368.0,csi300,沪深300,2568.973,2547.5735999999997,2542.0741666666663,2516.608416666667,2420.3324
2013-05-31,2638.71,2606.43,2645.56,2604.75,62528533.0,csi300,沪深300,2574.6490000000003,2553.852,2541.034,2520.406666666667,2421.69995
2013-06-03,2605.97,2602.62,2625.94,2596.05,59774468.0,csi300,沪深300,2578.481,2558.1336,2541.9823333333334,2524.3521666666666,2422.9197999999997
2013-06-04,2600.5,2565.67,2600.5,2556.06,66315750.0,csi300,沪深300,2580.2675,2562.0452,2541.0299999999997,2528.102083333333,2424.07375
2013-06-05,2565.33,2560.54,2570.03,2545.19,45637193.0,csi300,沪深300,2581.1545,2566.5744,2539.535666666666,2531.6094166666667,2425.10775
2013-06-06,2552.82,2527.85,2557.68,2525.31,52496529.0,csi300,沪深300,2581.1575000000003,2569.7028,2538.0085000000004,2535.1010833333335,2425.8189500000003
2013-06-07,2526.91,2484.16,2538.89,2475.69,61030894.0,csi300,沪深300,2578.3235,2569.3528,2535.962333333334,2538.0401666666667,2426.2954
2013-06-13,2448.72,2399.94,2448.72,2375.2,69730066.0,csi300,沪深300,2571.782,2564.3112,2532.755166666667,2539.6406666666667,2426.34615
2013-06-14,2404.42,2416.77,2420.36,2396.49,55964534.0,csi300,沪深300,2567.9535,2559.7844,2530.441,2541.4170833333333,2426.3715
2013-06-17,2422.76,2403.84,2427.53,2394.39,50395711.0,csi300,沪深300,2562.799,2554.2259999999997,2528.380166666667,2542.726083333333,2426.39195
2013-06-18,2413.09,2418.75,2424.2,2393.32,48630379.0,csi300,沪深300,2556.1009999999997,2549.8644,2526.4548333333337,2543.9569166666665,2426.7260499999998
2013-06-19,2408.28,2400.76,2408.28,2366.35,54346260.0,csi300,沪深300,2546.5365,2544.2612,2524.1363333333334,2545.1424166666666,2426.94475
2013-06-20,2386.1,2321.47,2386.1,2320.23,55201020.0,csi300,沪深300,2532.1295,2535.8892,2521.1193333333335,2545.589916666667,2426.8940000000002
2013-06-21,2283.15,2317.39,2332.84,2269.56,58705798.0,csi300,沪深300,2517.2565000000004,2528.8512,2517.6575,2546.2128333333335,2426.8826
2013-06-24,2308.07,2171.21,2308.07,2164.33,86597259.0,csi300,沪深300,2494.9155,2515.4224,2510.3415000000005,2544.674,2426.17125
2013-06-25,2146.05,2165.42,2169.21,2023.17,107554882.0,csi300,沪深300,2474.044,2499.9308,2502.8486666666663,2542.9966666666664,2425.4894
2013-06-26,2170.33,2168.3,2181.02,2131.86,79256426.0,csi300,沪深300,2452.5975000000003,2482.9808,2495.3485,2541.3315000000002,2424.7624
2013-06-27,2172.85,2160.74,2200.21,2153.18,75406753.0,csi300,沪深300,2430.6549999999997,2465.026,2487.809166666667,2539.5784166666667,2424.08815
2013-06-28,2149.03,2200.64,2227.46,2139.37,79451327.0,csi300,沪深300,2408.469,2448.4575999999997,2481.569,2538.0435833333336,2423.58035
2013-07-01,2187.09,2213.32,2213.97,2166.35,57726227.0,csi300,沪深300,2387.007,2432.2691999999997,2475.398833333333,2536.72125,2423.26855
2013-07-02,2211.8,2221.98,2226.11,2191.8,61838850.0,csi300,沪深300,2366.3900000000003,2417.8344,2470.776833333334,2535.39425,2423.23745
2013-07-03,2211.04,2203.83,2211.04,2169.14,65836022.0,csi300,沪深300,2346.2599999999998,2402.0984,2465.9226666666664,2533.3561666666665,2423.06455
2013-07-04,2187.18,2221.98,2245.91,2176.08,72581145.0,csi300,沪深300,2327.228,2386.994,2461.4024999999997,2531.3925000000004,2423.1004000000003
2013-07-05,2227.35,2226.85,2252.03,2225.05,61821775.0,csi300,沪深300,2310.287,2370.2936,2457.0768333333335,2529.578,2423.1778
2013-07-08,2194.42,2163.62,2205.21,2162.19,54782493.0,csi300,沪深300,2290.441,2351.136,2451.7446666666665,2526.941083333333,2422.97155
2013-07-09,2160.7,2162.67,2174.79,2149.79,41494433.0,csi300,沪深300,2272.182,2332.27,2446.5841666666665,2523.9387500000003,2422.64305
2013-07-10,2163.1,2224.06,2224.14,2157.47,61149781.0,csi300,沪深300,2259.1769999999997,2316.9752000000003,2442.161333333333,2521.435833333334,2422.7412999999997
2013-07-11,2232.16,2326.69,2351.22,2232.16,125793192.0,csi300,沪深300,2255.5145,2305.938,2439.5176666666666,2519.6916666666666,2423.3753500000003
2013-07-12,2319.02,2275.37,2331.99,2274.07,89733082.0,csi300,沪深300,2248.4445,2294.326,2436.1425,2517.608666666667,2423.6630999999998
2013-07-15,2289.76,2307.3,2336.04,2274.67,74757884.0,csi300,沪深300,2243.6175,2284.1964000000003,2433.5623333333333,2515.7850833333337,2423.6137000000003
2013-07-16,2300.83,2317.85,2317.85,2281.94,65624157.0,csi300,沪深300,2238.5725,2275.7964,2431.5795000000003,2514.0124166666665,2423.5696
2013-07-17,2311.44,2282.84,2326.93,2281.61,67655248.0,csi300,沪深300,2232.6765,2267.7436,2428.633666666667,2512.3425,2423.4243500000002
2013-07-18,2272.95,2245.33,2282.44,2241.93,57144292.0,csi300,沪深300,2228.8695,2261.5591999999997,2425.0813333333335,2509.5725,2423.05065
2013-07-19,2248.13,2190.48,2257.92,2188.75,70535282.0,csi300,沪深300,2222.524,2252.5076,2420.5085000000004,2506.1943333333334,2422.51075
2013-07-22,2170.09,2202.19,2203.06,2159.81,53283495.0,csi300,沪深300,2224.073,2244.4416,2414.9811666666665,2503.0701666666664,2421.9440000000004
2013-07-23,2211.59,2265.85,2276.74,2206.76,74809731.0,csi300,沪深300,2229.0945,2238.3256,2410.5675,2500.67925,2421.9797
2013-07-24,2253.38,2249.15,2265.58,2217.19,69592307.0,csi300,沪深300,2233.1369999999997,2232.2612,2407.2288333333336,2497.7935,2422.04925
2013-07-25,2255.22,2237.68,2268.84,2227.85,65774316.0,csi300,沪深300,2236.984,2228.9096,2402.9305,2494.6833333333334,2422.0064500000003
2013-07-26,2226.43,2224.01,2238.42,2209.81,48941098.0,csi300,沪深300,2238.1525,2225.1744,2398.8660000000004,2491.5759166666667,2422.14675
2013-07-29,2205.08,2175.97,2205.08,2169.02,54600925.0,csi300,沪深300,2236.2850000000003,2225.3648000000003,2394.3436666666666,2487.9801666666667,2422.0313
2013-07-30,2184.01,2189.39,2221.59,2162.98,55193623.0,csi300,沪深300,2234.6555,2226.3236,2390.0061666666666,2484.702166666667,2421.90065
2013-07-31,2211.75,2193.02,2235.38,2187.21,48327055.0,csi300,沪深300,2234.115,2227.3124,2385.0080000000003,2481.5467500000004,2421.815
2013-08-01,2206.0,2245.36,2245.56,2200.63,62603997.0,csi300,沪深300,2235.284,2230.6972,2380.3309999999997,2478.1592499999997,2422.11735
2013-08-02,2263.5,2247.26,2274.71,2244.25,60890893.0,csi300,沪深300,2236.3045,2232.562,2375.619666666667,2474.5875,2422.09505
2013-08-05,2249.98,2278.33,2278.33,2243.22,55342151.0,csi300,沪深300,2242.04,2235.1624,2371.2118333333333,2471.1676666666667,2422.02115
2013-08-06,2270.67,2293.64,2302.48,2256.72,73746895.0,csi300,沪深300,2248.5885000000003,2238.0288,2367.309333333333,2467.8906666666667,2422.1391
2013-08-07,2292.38,2280.62,2313.88,2276.86,73048695.0,csi300,沪深300,2251.4165000000003,2241.1004,2362.972333333333,2464.034833333333,2421.9413999999997
2013-08-08,2277.25,2276.78,2297.63,2267.07,53098430.0,csi300,沪深300,2248.921,2243.2924000000003,2358.7391666666667,2460.10775,2421.7047000000002
2013-08-09,2288.51,2286.01,2301.59,2258.33,64600017.0,csi300,沪深300,2249.453,2245.6588,2355.283666666667,2456.0605,2421.6221
2013-08-12,2296.22,2352.79,2352.89,2293.18,97863216.0,csi300,沪深300,2251.7275,2253.2255999999998,2352.7146666666667,2452.5350833333337,2421.8634
2013-08-13,2352.88,2359.07,2360.83,2340.73,78393636.0,csi300,沪深300,2253.7884999999997,2261.0816,2349.487333333333,2449.1950833333335,2422.18445
2013-08-14,2362.62,2349.08,2386.6,2340.83,75942128.0,csi300,沪深300,2257.1005,2266.0824,2345.437833333334,2445.6730000000002,2422.43905
2013-08-15,2348.84,2321.58,2362.09,2319.78,61951853.0,csi300,沪深300,2260.913,2265.878,2340.637333333333,2442.20725,2422.54295
2013-08-16,2314.26,2304.14,2423.08,2295.02,120369563.0,csi300,沪深300,2266.5960000000005,2267.0288,2335.458833333333,2439.028333333333,2422.3832500000003
2013-08-19,2286.2,2331.43,2340.19,2284.08,72483224.0,csi300,沪深300,2273.058,2267.994,2330.682166666667,2435.9349166666666,2422.37805
2013-08-20,2325.86,2312.47,2353.41,2303.67,73086345.0,csi300,沪深300,2275.389,2267.7788,2326.1758333333337,2433.450916666667,2422.23245
2013-08-21,2320.58,2308.59,2321.64,2291.05,55007384.0,csi300,沪深300,2278.361,2268.8088000000002,2321.365166666667,2431.0508333333332,2422.215
2013-08-22,2302.67,2303.93,2329.14,2297.02,55338104.0,csi300,沪深300,2281.6735,2271.1528,2316.4375,2428.5422499999995,2422.19575
2013-08-23,2314.87,2286.93,2321.04,2251.92,68967133.0,csi300,沪深300,2284.8195,2275.0108,2310.480333333333,2426.2033333333334,2422.1742
2013-08-26,2294.76,2335.62,2336.38,2288.5,70371043.0,csi300,沪深300,2292.8019999999997,2280.348,2305.3646666666664,2424.0445000000004,2422.61275
2013-08-27,2332.8,2340.88,2345.11,2322.46,65990333.0,csi300,沪深300,2300.3765,2283.3492,2300.474,2421.2740833333332,2423.1378999999997
2013-08-28,2326.1,2328.06,2345.36,2307.04,89256174.0,csi300,沪深300,2307.1285,2286.5056,2295.8344999999995,2418.4342500000002,2423.5788000000002
2013-08-29,2338.56,2318.31,2342.32,2308.15,66085415.0,csi300,沪深300,2310.776,2289.7308000000003,2291.0959999999995,2416.539166666667,2423.89625
2013-08-30,2315.91,2313.91,2334.41,2303.61,87654515.0,csi300,沪深300,2314.1085,2293.3268,2286.9,2413.9649999999997,2423.9764
2013-09-02,2319.96,2320.34,2329.87,2297.45,79510249.0,csi300,沪深300,2316.209,2299.1016,2282.8966666666665,2411.2161666666666,2424.04425
2013-09-03,2326.23,2354.5,2354.86,2321.3,80554005.0,csi300,沪深300,2319.2519999999995,2305.706,2280.0074999999997,2409.0080000000003,2424.30735
2013-09-04,2352.54,2350.7,2360.66,2345.44,78725763.0,csi300,沪深300,2322.7560000000003,2312.0132,2277.7831666666666,2406.87275,2424.5998
2013-09-05,2350.93,2341.74,2351.22,2336.75,62951383.0,csi300,沪深300,2326.004,2315.8684,2276.8131666666663,2404.784166666667,2424.8709999999996
2013-09-06,2336.77,2357.78,2361.18,2335.93,73340116.0,csi300,沪深300,2329.5924999999997,2320.2891999999997,2275.83,2403.1355,2425.43285
2013-09-09,2374.26,2440.61,2449.25,2372.69,149889640.0,csi300,沪深300,2333.9835,2326.7803999999996,2276.4428333333335,2402.4115,2426.4313
2013-09-10,2446.45,2474.89,2475.2,2435.83,154855992.0,csi300,沪深300,2339.7745,2334.0303999999996,2277.3785,2401.9166666666665,2427.5465
2013-09-11,2483.79,2482.89,2504.47,2471.62,166914974.0,csi300,沪深300,2346.4649999999997,2342.1212,2278.7473333333332,2401.4418333333333,2428.89875
2013-09-12,2480.47,2507.46,2527.38,2469.72,145173175.0,csi300,沪深300,2355.7589999999996,2351.3484,2281.8471666666665,2401.4832499999998,2430.3205
2013-09-13,2502.54,2488.9,2515.78,2481.45,110775049.0,csi300,沪深300,2364.997,2359.464,2284.7056666666667,2401.181583333333,2431.7969
2013-09-16,2501.08,2478.39,2503.69,2467.13,105383282.0,csi300,沪深300,2372.345,2364.488,2289.825333333333,2400.083416666667,2433.30265
2013-09-17,2480.81,2427.32,2481.71,2426.46,99459982.0,csi300,沪深300,2378.0875,2367.2180000000003,2294.1903333333335,2398.5195000000003,2434.5643
2013-09-18,2426.04,2432.51,2439.63,2407.24,71040759.0,csi300,沪深300,2384.2835,2370.5552,2298.593833333333,2396.971166666667,2435.90245
2013-09-23,2441.52,2472.29,2473.16,2439.99,80128352.0,csi300,沪深300,2392.7015,2376.5836,2303.786333333333,2395.7977499999997,2437.2894
2013-09-24,2470.72,2443.89,2470.75,2420.09,97853013.0,csi300,沪深300,2400.5495,2382.1736,2307.8405000000002,2394.70475,2438.6211
2013-09-25,2440.84,2429.03,2455.04,2423.28,90518418.0,csi300,沪深300,2405.2200000000003,2386.0775999999996,2311.4356666666667,2393.41725,2439.80285
2013-09-26,2422.63,2384.44,2422.63,2382.53,86236770.0,csi300,沪深300,2407.398,2388.9564,2314.1433333333334,2392.4600833333334,2440.8470500000003
2013-09-27,2382.22,2394.97,2402.2,2379.86,65971508.0,csi300,沪深300,2410.7435,2392.4116,2317.3289999999997,2391.6258333333335,2442.0687
2013-09-30,2406.21,2409.04,2415.08,2397.22,59513992.0,csi300,沪深300,2415.28,2396.616,2320.4466666666663,2390.9245833333334,2443.4681
2013-10-08,2406.42,2441.81,2446.7,2392.57,84785506.0,csi300,沪深300,2421.675,2402.8112,2324.029333333333,2390.5530833333332,2445.09875
2013-10-09,2432.94,2453.58,2453.75,2424.77,76277645.0,csi300,沪深300,2428.3370000000004,2407.5296,2328.862,2390.3033333333337,2446.66835
2013-10-10,2455.64,2429.32,2455.98,2422.02,90329706.0,csi300,沪深300,2432.0780000000004,2411.0672,2333.3061666666667,2389.945166666667,2448.2706999999996
2013-10-11,2442.36,2468.51,2471.17,2439.63,93388261.0,csi300,沪深300,2437.9685,2416.6852000000003,2337.3803333333335,2389.7708333333335,2449.9559
2013-10-14,2472.27,2472.54,2483.13,2462.55,100081301.0,csi300,沪深300,2444.5085,2422.8544,2339.811166666667,2389.6644166666665,2451.2792
2013-10-15,2475.32,2467.52,2479.13,2449.42,89173496.0,csi300,沪深300,2449.9955,2428.9988,2343.0136666666663,2389.5780833333333,2452.5988
2013-10-16,2459.08,2421.37,2459.08,2409.72,88979834.0,csi300,沪深300,2449.0335,2433.04,2344.9148333333333,2389.2385833333333,2453.47185
2013-10-17,2432.65,2413.33,2440.92,2407.78,71222474.0,csi300,沪深300,2445.9555,2435.3932,2346.5061666666666,2389.042833333333,2454.18325
2013-10-18,2415.12,2426.05,2435.71,2410.6,60291630.0,csi300,沪深300,2443.1135000000004,2438.4072,2348.8929999999996,2388.7633333333333,2455.021
2013-10-21,2431.92,2471.32,2472.78,2423.56,84909795.0,csi300,沪深300,2441.3065,2443.5904,2352.6595,2388.870416666666,2456.03875
2013-10-22,2470.25,2445.89,2470.25,2439.86,90703029.0,csi300,沪深300,2439.156,2447.1148000000003,2356.9163333333336,2388.7124166666667,2457.055
2013-10-23,2451.56,2418.49,2474.37,2412.48,91545355.0,csi300,沪深300,2436.161,2446.23,2360.521333333333,2387.75125,2457.3681
2013-10-24,2412.24,2400.51,2422.94,2395.47,64560821.0,csi300,沪深300,2434.8205000000003,2443.2548,2362.7656666666667,2386.666583333333,2457.53715
2013-10-25,2400.52,2368.56,2413.33,2353.99,77070182.0,csi300,沪深300,2431.623,2438.6816,2364.7558333333336,2385.9923333333336,2457.53935
2013-10-28,2372.57,2365.95,2377.25,2351.86,62876152.0,csi300,沪深300,2426.306,2433.0212,2366.8936666666664,2384.9120833333336,2457.51355
2013-10-29,2369.22,2372.05,2408.62,2327.9,106737833.0,csi300,沪深300,2422.714,2428.3472,2369.361,2384.1135,2457.4497
2013-10-30,2371.85,2407.47,2407.85,2365.51,92178126.0,csi300,沪深300,2421.636,2425.5103999999997,2373.2193333333335,2383.7815,2457.62705
2013-10-31,2398.4,2373.72,2398.4,2370.23,82736964.0,csi300,沪深300,2421.1,2423.3664,2376.2915000000003,2383.148833333333,2457.58955
2013-11-01,2373.96,2384.96,2395.0,2365.15,63055762.0,csi300,沪深300,2420.5995,2421.4644,2379.4905,2382.2492500000003,2457.27235
2013-11-04,2397.21,2380.45,2404.9,2376.36,51798461.0,csi300,沪深300,2419.1699999999996,2417.7908,2381.7419999999997,2381.0365,2456.8865
2013-11-05,2366.88,2383.77,2385.69,2343.8,62084488.0,csi300,沪深300,2416.268,2415.386,2384.0171666666665,2379.8184166666665,2456.5824
2013-11-06,2371.32,2353.57,2383.54,2352.79,63776663.0,csi300,沪深300,2411.2675,2412.3676,2385.271166666667,2378.2414999999996,2455.95
2013-11-07,2351.87,2340.55,2356.67,2328.25,54821747.0,csi300,沪深300,2406.8289999999997,2410.612,2386.053,2376.6811666666667,2455.038
2013-11-08,2329.08,2307.95,2342.67,2306.04,53788508.0,csi300,沪深300,2398.8010000000004,2407.1312,2386.5085000000004,2374.7404166666665,2453.9557
2013-11-11,2305.94,2315.89,2325.23,2295.0,45739457.0,csi300,沪深300,2390.9685,2403.4051999999997,2387.1603333333333,2372.94975,2452.8552
2013-11-12,2319.36,2340.0,2342.53,2316.6,52687545.0,csi300,沪深300,2384.5924999999997,2399.3328,2388.0601666666666,2371.6719166666667,2451.92855
2013-11-13,2325.36,2288.12,2325.56,2287.55,59848831.0,csi300,沪深300,2377.9300000000003,2392.7144,2386.9823333333334,2369.8485,2450.7385
2013-11-14,2291.27,2304.5,2305.7,2279.01,57310356.0,csi300,沪深300,2372.4885000000004,2387.7216,2386.072833333333,2367.780083333333,2449.60815
2013-11-15,2306.55,2350.73,2377.21,2306.55,86391771.0,csi300,沪深300,2368.7225,2383.0103999999997,2386.1003333333333,2365.769083333333,2448.94565
2013-11-18,2367.88,2428.9,2429.57,2361.04,110034633.0,csi300,沪深300,2366.6014999999998,2381.2648,2387.889,2364.2631666666666,2448.2015
2013-11-19,2427.93,2412.16,2427.93,2405.08,78648296.0,csi300,沪深300,2364.915,2379.0504,2389.6893333333337,2362.574083333333,2447.283
2013-11-20,2428.77,2424.85,2435.43,2406.42,72291801.0,csi300,沪深300,2365.233,2379.1895999999997,2391.2463333333335,2360.96425,2446.5218
2013-11-21,2412.45,2409.99,2415.38,2382.88,87706677.0,csi300,沪深300,2365.707,2379.056,2392.8716666666664,2359.52375,2445.8079500000003
2013-11-22,2415.29,2397.96,2419.0,2393.58,75000675.0,csi300,沪深300,2367.177,2377.9323999999997,2394.3611666666666,2357.863166666667,2444.82055
2013-11-25,2385.78,2388.63,2418.85,2380.69,66144734.0,csi300,沪深300,2368.3109999999997,2374.6248,2395.7728333333334,2356.1051666666667,2443.7092
2013-11-26,2387.83,2387.42,2399.02,2380.41,59185864.0,csi300,沪深300,2369.0795000000003,2372.286,2397.447666666667,2353.964,2442.6618
2013-11-27,2386.36,2414.48,2422.81,2383.78,75294088.0,csi300,沪深300,2369.43,2372.1256,2398.762,2352.063333333333,2441.6969
2013-11-28,2419.15,2439.53,2460.56,2417.24,90660406.0,csi300,沪深300,2372.7205,2373.6864,2400.4061666666666,2350.4400833333334,2440.9808
2013-11-29,2442.68,2438.94,2446.4,2432.39,61803746.0,csi300,沪深300,2375.4195,2376.5016,2402.2541666666666,2349.0443333333333,2440.31715
2013-12-02,2423.97,2418.79,2464.86,2397.01,119655123.0,csi300,沪深300,2377.3365000000003,2378.6151999999997,2403.9288333333334,2347.5124166666665,2439.1518
2013-12-03,2410.69,2442.78,2448.33,2406.66,74455752.0,csi300,沪深300,2380.287,2381.4444,2406.076666666667,2346.4883333333332,2437.9863499999997
2013-12-04,2439.82,2475.14,2486.64,2434.69,102650235.0,csi300,沪深300,2386.3655,2384.1512,2408.656666666667,2345.7766666666666,2436.9185
2013-12-05,2476.45,2468.2,2481.75,2460.58,77708932.0,csi300,沪深300,2392.7480000000005,2387.9304,2410.5516666666667,2345.2795833333334,2435.8251
2013-12-06,2463.04,2452.29,2470.81,2445.62,66114089.0,csi300,沪深300,2399.9649999999997,2390.6236000000004,2412.244833333333,2345.014,2434.36995
2013-12-09,2460.03,2450.87,2468.95,2445.94,57164884.0,csi300,沪深300,2406.714,2393.4404,2414.063666666667,2345.4384166666664,2432.88415
2013-12-10,2456.23,2453.32,2466.66,2444.53,66941424.0,csi300,沪深300,2412.38,2396.2224,2415.6560000000004,2345.743,2431.2923499999997
2013-12-11,2440.5,2412.76,2440.5,2400.74,68075144.0,csi300,沪深300,2418.612,2398.59,2415.1918333333333,2345.8173333333334,2429.47695
2013-12-12,2406.77,2410.01,2423.31,2402.77,50147719.0,csi300,沪深300,2423.8875000000003,2401.3684,2414.1105000000002,2345.7445000000002,2427.7276500000003
2013-12-13,2388.66,2406.64,2416.26,2386.25,51501196.0,csi300,沪深300,2426.683,2405.3160000000003,2412.8396666666667,2345.7935,2425.9021999999995
2013-12-16,2408.68,2367.92,2412.73,2367.43,64581674.0,csi300,沪深300,2423.634,2407.3972,2410.514,2346.1805833333333,2424.05445
2013-12-17,2369.25,2356.38,2373.29,2351.18,48483891.0,csi300,沪深300,2420.8450000000003,2408.0524,2408.3053333333332,2346.5054999999998,2422.4083
2013-12-18,2356.7,2357.23,2368.58,2350.45,40015207.0,csi300,沪深300,2417.464,2410.8168,2406.286,2348.0556666666666,2420.68125
2013-12-19,2366.21,2332.41,2370.99,2331.19,48095680.0,csi300,沪深300,2413.585,2411.9332,2404.704166666667,2349.44725,2419.2905499999997
2013-12-20,2335.05,2278.14,2338.88,2278.1,65204207.0,csi300,沪深300,2407.594,2409.0296000000003,2402.1313333333333,2350.362583333333,2417.69825
2013-12-23,2283.8,2284.6,2295.76,2259.58,45580285.0,csi300,沪深300,2402.3925000000004,2403.2576,2399.003166666667,2351.39475,2416.09645
2013-12-24,2291.13,2288.25,2312.83,2270.25,45599168.0,csi300,沪深300,2397.434,2398.3012,2396.4091666666664,2352.1248333333333,2414.6997
2013-12-25,2291.75,2305.11,2305.61,2281.6,44005326.0,csi300,沪深300,2391.9655,2393.5116,2394.343833333333,2352.8897500000003,2413.25185
2013-12-26,2299.97,2265.33,2301.49,2263.92,51497563.0,csi300,沪深300,2383.2555,2387.7252000000003,2392.3586666666665,2353.2509999999997,2411.21185
2013-12-27,2268.53,2303.48,2315.18,2264.39,53389157.0,csi300,沪深300,2376.4825,2383.946,2390.8338333333336,2354.081416666667,2409.38505
2013-12-30,2313.38,2299.46,2316.62,2295.64,48414308.0,csi300,沪深300,2370.516,2380.3792,2389.0075,2354.727083333333,2408.15375
2013-12-31,2289.01,2330.03,2333.07,2287.12,56631070.0,csi300,沪深300,2364.8785,2378.0836,2387.1445000000003,2355.5869166666666,2406.6898499999998
2014-01-02,2323.43,2321.98,2325.99,2310.65,45194291.0,csi300,沪深300,2357.2205000000004,2374.3836,2384.9511666666663,2356.906583333334,2405.04875
2014-01-03,2311.97,2290.78,2314.84,2280.89,59782645.0,csi300,沪深300,2348.3495000000003,2368.4336,2382.642166666667,2357.9741666666664,2403.40525
2014-01-06,2286.37,2238.64,2286.37,2229.33,66300403.0,csi300,沪深300,2337.6670000000004,2360.4216,2378.811,2358.0956666666666,2401.5638
2014-01-07,2222.31,2238.0,2246.79,2218.65,43753103.0,csi300,沪深300,2327.0235000000002,2353.19,2374.902,2357.356583333333,2399.7919500000003
2014-01-08,2240.64,2241.91,2262.58,2228.42,51348854.0,csi300,沪深300,2316.453,2345.1552,2371.1418333333336,2357.0777499999995,2398.2234
2014-01-09,2236.97,2222.22,2258.89,2220.8,55987041.0,csi300,沪深300,2306.926,2335.0384000000004,2367.822666666667,2356.36875,2396.69705
2014-01-10,2216.52,2204.85,2224.49,2200.22,54169293.0,csi300,沪深300,2296.6679999999997,2324.5044,2364.348,2355.4270833333335,2395.04995
2014-01-13,2207.0,2193.68,2222.07,2183.6,50122772.0,csi300,沪深300,2286.0199999999995,2314.16,2360.4751666666666,2354.684083333333,2393.319
2014-01-14,2192.84,2212.85,2214.12,2179.91,54049947.0,csi300,沪深300,2278.2665,2304.6392,2356.1673333333333,2354.4134166666668,2391.8707999999997
2014-01-15,2210.02,2208.94,2215.9,2193.8,48962395.0,csi300,沪深300,2270.8945,2294.864,2352.2181666666665,2354.56725,2390.29
2014-01-16,2209.45,2211.84,2227.26,2201.56,52298902.0,csi300,沪深300,2263.625,2286.8272,2348.774,2354.6476666666663,2388.29835
2014-01-17,2203.82,2178.49,2205.97,2175.88,50273155.0,csi300,沪深300,2255.929,2277.5663999999997,2345.073666666666,2353.9196666666667,2386.11585
2014-01-20,2173.65,2165.99,2182.46,2156.46,40560154.0,csi300,沪深300,2250.3215,2267.9404,2341.6974999999998,2353.226666666667,2383.85425
2014-01-21,2168.42,2187.41,2197.92,2168.42,40306247.0,csi300,沪深300,2245.462,2260.72,2338.7218333333335,2352.80775,2381.7258
2014-01-22,2190.43,2243.8,2244.13,2187.53,70641375.0,csi300,沪深300,2243.2394999999997,2256.2168,2336.5843333333332,2352.9726666666666,2380.0695499999997
2014-01-23,2242.25,2231.89,2248.92,2228.06,56345951.0,csi300,沪深300,2239.5784999999996,2251.2032,2333.658,2353.438666666667,2378.31135
2014-01-24,2225.76,2245.68,2257.36,2222.89,61167670.0,csi300,沪深300,2238.596,2247.734,2331.5239999999994,2353.90775,2377.04325
2014-01-27,2233.01,2215.92,2233.23,2211.8,70344246.0,csi300,沪深300,2234.218,2245.2452,2328.7066666666665,2354.098583333333,2375.64745
2014-01-28,2220.78,2219.86,2233.26,2205.97,53269130.0,csi300,沪深300,2230.2380000000003,2242.6556,2326.0301666666664,2353.8860833333333,2374.2808
2014-01-29,2225.71,2227.78,2233.06,2219.93,50222717.0,csi300,沪深300,2225.1255,2240.2368,2323.4303333333332,2353.7237499999997,2372.98775
2014-01-30,2223.16,2202.45,2223.16,2200.22,43632304.0,csi300,沪深300,2219.149,2236.1304,2320.9116666666664,2353.091416666667,2371.58225
2014-02-07,2187.34,2212.48,2212.5,2177.12,50459315.0,csi300,沪深300,2215.234,2234.0164,2318.7771666666667,2352.4150833333333,2370.28315
2014-02-10,2221.54,2267.53,2270.19,2221.54,83065716.0,csi300,沪深300,2216.6785,2232.5784,2318.1034999999997,2352.306,2369.17365
2014-02-11,2267.74,2285.56,2296.52,2262.6,99229829.0,csi300,沪深300,2219.0564999999997,2232.0224,2317.598,2352.3791666666666,2368.1749
2014-02-12,2286.19,2291.25,2294.32,2276.44,76592161.0,csi300,沪深300,2221.5235000000002,2230.4712,2316.7855,2352.422833333333,2367.24175
2014-02-13,2288.45,2279.55,2307.47,2278.26,96217789.0,csi300,沪深300,2224.3900000000003,2228.774,2316.6426666666666,2351.8125,2366.32895
2014-02-14,2278.4,2295.58,2295.85,2274.43,67082997.0,csi300,沪深300,2228.9265000000005,2228.966,2316.494,2351.2834166666667,2365.62275
2014-02-17,2308.79,2311.65,2315.58,2293.55,87831666.0,csi300,沪深300,2234.825,2231.8864000000003,2315.8426666666664,2350.9714999999997,2364.88305
2014-02-18,2310.31,2282.44,2310.31,2276.11,87049743.0,csi300,沪深300,2238.3044999999997,2233.6639999999998,2313.4016666666666,2350.6453333333334,2364.0029
2014-02-19,2280.93,2308.66,2317.42,2274.15,99352561.0,csi300,沪深300,2243.2905,2236.334,2311.6766666666667,2350.683,2363.2219499999997
2014-02-20,2314.09,2287.44,2331.7,2286.2,106439533.0,csi300,沪深300,2247.0705,2238.9428000000003,2309.3865,2350.316416666667,2361.99
2014-02-21,2284.03,2264.29,2287.87,2250.65,76368993.0,csi300,沪深300,2251.3605,2241.3203999999996,2306.9581666666663,2349.9149166666666,2360.6581
2014-02-24,2246.72,2214.51,2246.72,2194.16,89215939.0,csi300,沪深300,2253.7865,2242.1535999999996,2303.900666666667,2349.130916666667,2359.4833000000003
2014-02-25,2216.51,2157.91,2225.21,2150.1,93237551.0,csi300,沪深300,2252.3115,2239.956,2300.0553333333332,2347.9140833333336,2357.79495
2014-02-26,2147.74,2163.41,2164.7,2137.08,77993297.0,csi300,沪深300,2248.2920000000004,2238.1348000000003,2296.3218333333334,2346.88475,2356.2726000000002
2014-02-27,2170.81,2154.11,2180.06,2150.14,90104296.0,csi300,沪深300,2244.4030000000002,2235.8256,2291.9823333333334,2345.3721666666665,2354.8066
2014-02-28,2149.45,2178.97,2180.47,2133.55,76668057.0,csi300,沪深300,2241.0675,2235.8448000000003,2287.639666666667,2344.022916666667,2353.45325
2014-03-03,2173.91,2190.37,2194.22,2167.91,82072314.0,csi300,沪深300,2239.79,2236.82,2283.496833333333,2342.8755,2351.94055
2014-03-04,2183.86,2184.27,2188.6,2161.59,73069250.0,csi300,沪深300,2238.0105,2236.6944,2279.588166666667,2341.7584999999995,2350.232
2014-03-05,2187.35,2163.98,2189.09,2159.6,61332015.0,csi300,沪深300,2234.8205,2233.5015999999996,2274.9415,2340.5090833333334,2348.4022
2014-03-06,2159.4,2173.63,2181.43,2136.45,69093767.0,csi300,沪深300,2233.3795,2231.1711999999998,2269.916333333333,2339.2864999999997,2346.55635
2014-03-07,2170.04,2168.36,2189.39,2161.44,64265177.0,csi300,沪深300,2231.1735,2228.0784,2264.9190000000003,2337.735333333333,2344.7592
2014-03-10,2149.68,2097.79,2149.68,2095.07,71416407.0,csi300,沪深300,2222.6865,2223.3532,2259.0106666666666,2335.62775,2342.54395
2014-03-11,2092.61,2108.66,2118.79,2088.73,57621243.0,csi300,沪深300,2213.8415,2218.9051999999997,2253.3071666666665,2333.6854166666667,2340.4334
2014-03-12,2102.8,2114.13,2130.59,2090.76,70069747.0,csi300,沪深300,2204.9855,2214.3592000000003,2247.654,2331.6549999999997,2338.53735
2014-03-13,2119.55,2140.33,2149.44,2115.99,69226028.0,csi300,沪深300,2198.0245,2211.8744,2243.1135,2329.152666666667,2336.70435
2014-03-14,2129.87,2122.84,2140.38,2109.58,58617737.0,csi300,沪深300,2189.3875,2208.2888000000003,2238.3273333333336,2326.2189166666667,2334.555
2014-03-17,2132.79,2143.04,2143.2,2118.95,52409445.0,csi300,沪深300,2180.957,2203.3092,2233.9339999999997,2323.386833333333,2332.30995
2014-03-18,2146.12,2138.13,2152.46,2134.92,55354132.0,csi300,沪深300,2173.7415,2197.4120000000003,2230.1041666666665,2320.3090833333335,2329.95255
2014-03-19,2131.28,2120.87,2131.28,2101.28,59303905.0,csi300,沪深300,2164.352,2190.5968000000003,2226.1789999999996,2317.2421666666664,2327.48265
2014-03-20,2116.19,2086.97,2134.79,2086.5,67631285.0,csi300,沪深300,2154.3285,2182.8936,2221.6746666666663,2313.9803333333334,2324.82735
2014-03-21,2079.87,2158.8,2163.23,2077.76,104024807.0,csi300,沪深300,2149.054,2177.4224,2218.7811666666666,2311.7426666666665,2322.7071
2014-03-24,2161.9,2176.55,2186.73,2150.87,104491984.0,csi300,沪深300,2147.156,2172.0184,2217.088,2309.6096666666663,2320.6037
2014-03-25,2170.78,2174.44,2191.49,2164.67,86877510.0,csi300,沪深300,2147.9825,2167.6983999999998,2215.252,2307.1275833333334,2318.47795
2014-03-26,2181.23,2171.05,2186.08,2165.22,58276176.0,csi300,沪深300,2148.3645,2162.194,2213.298666666667,2304.8539166666665,2316.1114000000002
2014-03-27,2168.34,2155.71,2186.89,2146.92,71275132.0,csi300,沪深300,2148.4445,2156.9248000000002,2210.8086666666663,2302.57625,2313.6771500000004
2014-03-28,2154.51,2151.97,2172.67,2144.58,70086073.0,csi300,沪深300,2147.0945,2152.4320000000002,2208.9193333333333,2300.639,2311.2654
2014-03-31,2156.05,2146.3,2165.25,2134.42,55457488.0,csi300,沪深300,2144.891,2149.7036000000003,2206.299666666667,2298.5667499999995,2308.96475
2014-04-01,2143.72,2163.12,2170.1,2141.15,48866403.0,csi300,沪深300,2143.8334999999997,2149.912,2204.027333333333,2296.517416666667,2306.76725
2014-04-02,2166.07,2180.73,2182.68,2164.01,65039257.0,csi300,沪深300,2144.6710000000003,2150.6048,2201.5389999999998,2294.34175,2304.84255
2014-04-03,2188.64,2165.01,2196.14,2160.75,71536032.0,csi300,沪深300,2144.24,2151.0408,2198.922833333333,2291.937,2302.8649
2014-04-04,2157.98,2185.47,2186.15,2155.28,47945888.0,csi300,沪深300,2145.0955,2151.3008,2197.1676666666667,2289.9049166666664,2301.153
2014-04-08,2179.92,2237.32,2243.97,2178.91,97219117.0,csi300,沪深300,2152.072,2153.1787999999997,2197.1456666666663,2287.9783333333335,2299.9188
2014-04-09,2239.79,2238.62,2246.79,2228.99,66357268.0,csi300,沪深300,2158.57,2155.3528,2197.1560000000004,2286.029,2299.1122
2014-04-10,2241.45,2273.76,2290.74,2229.51,114545405.0,csi300,沪深300,2166.5515000000005,2159.744,2197.686833333333,2284.414333333333,2298.39715
2014-04-11,2269.56,2270.67,2281.11,2261.13,90615897.0,csi300,沪深300,2173.0685000000003,2163.6256,2198.4943333333335,2283.1584999999995,2297.7313
2014-04-14,2267.94,2268.61,2275.83,2255.46,62264998.0,csi300,沪深300,2180.357,2167.6356,2199.5570000000002,2281.9525000000003,2296.9806
2014-04-15,2261.41,2229.46,2261.47,2225.69,68218130.0,csi300,沪深300,2184.6780000000003,2172.9024,2200.1533333333336,2280.31425,2296.1241
2014-04-16,2223.47,2232.53,2245.31,2221.15,51678010.0,csi300,沪深300,2189.398,2177.8572,2200.4813333333336,2278.3243333333335,2295.6793999999995
2014-04-17,2238.78,2224.8,2241.62,2221.95,48333628.0,csi300,沪深300,2194.5945,2182.284,2200.7456666666667,2276.4819166666666,2295.2164500000003
2014-04-18,2215.88,2224.48,2228.77,2203.05,50757995.0,csi300,沪深300,2201.4700000000003,2185.65,2200.9563333333335,2274.865166666667,2295.4827999999998
2014-04-21,2209.94,2187.25,2231.71,2186.75,56278280.0,csi300,沪深300,2202.8925,2188.2264,2201.1023333333337,2273.088,2295.59195
2014-04-22,2184.02,2196.79,2196.85,2165.08,57094694.0,csi300,沪深300,2203.9045,2190.3763999999996,2201.6156666666666,2271.656583333334,2295.7344
2014-04-23,2191.23,2194.67,2205.59,2187.39,47763531.0,csi300,沪深300,2204.916,2192.6380000000004,2201.736666666666,2270.22925,2295.90405
2014-04-24,2192.77,2190.47,2209.45,2186.76,45058911.0,csi300,沪深300,2205.8869999999997,2195.422,2200.8478333333333,2268.7160833333332,2295.8532
2014-04-25,2195.81,2167.83,2201.71,2167.64,60245383.0,csi300,沪深300,2206.493,2198.6564000000003,2199.7801666666664,2266.719083333333,2295.62575
2014-04-28,2165.77,2134.97,2171.39,2132.7,60485187.0,csi300,沪深300,2205.643,2197.7032,2197.935,2264.7295000000004,2295.1907
2014-04-29,2134.41,2158.47,2159.38,2131.78,48204931.0,csi300,沪深300,2206.2515000000003,2196.98,2196.9775,2262.8420833333334,2294.9639
2014-04-30,2158.76,2158.66,2164.18,2153.12,45334624.0,csi300,沪深300,2206.0285,2196.3488,2195.9575,2260.993833333333,2294.6472999999996
2014-05-05,2152.59,2156.47,2161.7,2131.23,49344073.0,csi300,沪深300,2204.8154999999997,2195.7656,2194.7690000000002,2259.099666666667,2294.2954
2014-05-06,2151.39,2157.33,2173.62,2150.11,48086519.0,csi300,沪深300,2204.4315,2195.8304000000003,2194.017,2257.464333333334,2294.26395
2014-05-07,2151.47,2137.32,2153.72,2136.99,44607470.0,csi300,沪深300,2202.0240000000003,2195.2444,2192.7643333333335,2255.77075,2294.1372
2014-05-08,2132.04,2135.5,2168.21,2128.32,48332452.0,csi300,沪深300,2196.933,2194.8124,2190.563833333333,2254.3336666666664,2293.6944
2014-05-09,2138.84,2133.91,2141.56,2120.6,49181135.0,csi300,沪深300,2191.6974999999998,2193.644,2188.036333333333,2252.8171666666667,2292.7305
2014-05-12,2150.31,2180.05,2184.33,2139.48,83472560.0,csi300,沪深300,2187.0119999999997,2193.6168,2186.183,2251.48425,2292.2539
2014-05-13,2180.06,2174.85,2185.05,2167.77,64912518.0,csi300,沪深300,2182.221,2194.0103999999997,2184.438,2250.5403333333334,2291.59165
2014-05-14,2175.09,2172.37,2184.22,2169.0,48514206.0,csi300,沪深300,2177.409,2193.4864000000002,2182.3845,2249.4392500000004,2290.86425
2014-05-15,2169.28,2144.08,2171.45,2142.34,46734032.0,csi300,沪深300,2173.14,2189.7568,2179.5916666666667,2247.717166666667,2290.1704499999996
2014-05-16,2143.93,2145.95,2150.5,2132.19,42253197.0,csi300,沪深300,2168.811,2186.05,2177.3168333333333,2245.35925,2289.67355
2014-05-19,2139.36,2115.14,2139.36,2105.71,42893607.0,csi300,沪深300,2163.328,2179.7052,2174.0915,2242.8840833333334,2289.29685
2014-05-20,2124.71,2115.77,2131.57,2110.72,37299683.0,csi300,沪深300,2157.8925,2173.5092,2171.2303333333334,2240.3084166666667,2288.8647499999997
2014-05-21,2106.76,2135.91,2136.1,2096.51,38946042.0,csi300,沪深300,2155.3255,2168.2012,2169.0906666666665,2238.0244166666666,2288.2150500000002
2014-05-22,2134.09,2130.87,2160.91,2128.86,46252736.0,csi300,沪深300,2152.0294999999996,2164.2576,2167.6966666666667,2235.7986666666666,2287.62365
2014-05-23,2130.77,2148.41,2148.58,2128.66,37623105.0,csi300,沪深300,2149.7165,2160.8928,2167.5383333333334,2233.796833333334,2287.1773
2014-05-26,2161.89,2155.98,2165.42,2147.45,39550656.0,csi300,沪深300,2147.9919999999997,2158.14,2167.4145,2231.8681666666666,2286.83715
2014-05-27,2154.4,2147.28,2160.03,2145.75,35897171.0,csi300,沪深300,2146.9645,2155.052,2167.3006666666665,2229.6414999999997,2286.6937
2014-05-28,2147.47,2169.35,2171.17,2142.01,50056260.0,csi300,沪深300,2148.6835,2154.3360000000002,2167.1403333333337,2227.39,2286.5935
2014-05-29,2171.26,2155.16,2178.09,2154.93,44891556.0,csi300,沪深300,2148.5179999999996,2152.6708000000003,2166.5535,2225.0251666666663,2286.4042
2014-05-30,2156.38,2156.46,2166.91,2146.22,43923863.0,csi300,沪深300,2148.408,2151.1423999999997,2166.09,2222.8390833333333,2285.9597
2014-06-03,2157.64,2149.92,2169.0,2149.29,41982954.0,csi300,沪深300,2148.0805,2149.5204,2165.855666666667,2220.3985833333336,2285.473
2014-06-04,2149.41,2128.27,2149.45,2117.31,41817249.0,csi300,沪深300,2146.6274999999996,2147.938,2165.099666666667,2217.5080000000003,2284.7227000000003
2014-06-05,2126.61,2150.6,2150.93,2123.52,36477424.0,csi300,沪深300,2147.2915,2148.5632,2164.8036666666667,2214.8613333333333,2284.0075
2014-06-06,2149.21,2134.72,2149.78,2123.98,35738058.0,csi300,沪深300,2147.2524999999996,2147.6132,2165.4191666666666,2212.214916666667,2283.278
2014-06-09,2128.23,2134.28,2153.9,2126.67,39311060.0,csi300,沪深300,2147.2709999999997,2146.6380000000004,2165.8461666666667,2209.576666666667,2282.5654999999997
2014-06-10,2138.67,2161.27,2161.53,2132.45,50507902.0,csi300,沪深300,2146.332,2146.83,2166.6318333333334,2207.1429166666667,2281.9418
2014-06-11,2156.15,2160.77,2163.61,2152.08,42563718.0,csi300,沪深300,2145.6279999999997,2146.9676,2166.9725000000003,2205.043,2280.9817
2014-06-12,2156.76,2153.41,2160.99,2148.41,43025843.0,csi300,沪深300,2144.68,2147.6112,2167.482,2202.904666666667,2279.9534
2014-06-13,2150.99,2176.24,2183.65,2150.57,59252876.0,csi300,沪深300,2146.288,2149.2408,2168.0353333333333,2200.9846666666667,2279.0892000000003
2014-06-16,2176.44,2191.86,2196.34,2174.28,63296875.0,csi300,沪深300,2148.5834999999997,2151.5588000000002,2168.9308333333333,2199.5175,2278.4406
2014-06-17,2185.68,2169.67,2185.68,2168.45,49933665.0,csi300,沪深300,2151.31,2151.1436,2169.7441666666664,2197.9615833333332,2277.7682499999996
2014-06-18,2169.25,2160.24,2172.55,2158.5,49463897.0,csi300,沪深300,2153.5335,2150.5592,2170.965333333333,2196.3199999999997,2276.9123
2014-06-19,2161.43,2126.91,2166.41,2119.5,53162645.0,csi300,沪深300,2153.0834999999997,2148.7408,2170.4338333333335,2194.6075,2275.9845
2014-06-20,2124.96,2136.73,2137.03,2120.81,42393719.0,csi300,沪深300,2153.3765,2148.4467999999997,2169.7701666666667,2193.4290833333334,2275.1252
2014-06-23,2137.93,2134.11,2147.23,2132.45,41179258.0,csi300,沪深300,2152.6614999999997,2147.9732,2169.098,2192.175,2274.2761
2014-06-24,2131.69,2144.82,2145.21,2130.29,40164356.0,csi300,沪深300,2152.1035,2149.1604,2168.6608333333334,2190.97975,2273.56555
2014-06-25,2141.73,2133.37,2141.73,2126.03,37666100.0,csi300,沪深300,2151.408,2149.8644,2168.2885,2189.5485833333337,2272.5543000000002
2014-06-26,2135.16,2149.08,2151.11,2134.89,44351166.0,csi300,沪深300,2150.3945,2150.3912,2168.240333333333,2188.5798333333337,2271.5953
2014-06-27,2146.37,2150.26,2159.53,2138.93,52722896.0,csi300,沪深300,2150.1495000000004,2151.1668,2168.3063333333334,2187.303,2270.7063
2014-06-30,2152.31,2165.12,2168.22,2152.31,54304188.0,csi300,沪深300,2150.5825,2151.8352,2168.3396666666663,2186.1834999999996,2269.94035
2014-07-01,2169.2,2164.56,2171.15,2157.13,53323100.0,csi300,沪深300,2151.3144999999995,2152.1784,2168.0701666666664,2184.804583333333,2269.1936
2014-07-02,2164.0,2170.87,2171.51,2155.61,59685501.0,csi300,沪深300,2153.4445,2153.122,2168.1678333333334,2183.5453333333335,2268.44625
2014-07-03,2169.0,2180.19,2184.96,2164.84,63690690.0,csi300,沪深300,2154.924,2153.5556,2168.0798333333337,2182.62375,2267.5747
2014-07-04,2180.45,2178.7,2183.8,2174.07,52851106.0,csi300,沪深300,2157.123,2154.4972,2167.1028333333334,2182.12425,2266.7147
2014-07-07,2178.55,2176.29,2186.2,2171.08,50242334.0,csi300,沪深300,2159.2235,2155.2904,2166.064,2181.6099999999997,2265.88745
2014-07-08,2174.83,2180.47,2180.78,2163.36,50743599.0,csi300,沪深300,2160.1835,2156.5124,2164.5091666666667,2181.098,2265.0009
2014-07-09,2178.14,2148.71,2178.51,2148.26,62022046.0,csi300,沪深300,2159.5805,2157.33,2162.4764999999998,2180.485416666667,2263.5414
2014-07-10,2146.6,2142.85,2151.77,2139.52,55732497.0,csi300,沪深300,2159.0525,2157.0199999999995,2160.3805,2179.96875,2261.8812
2014-07-11,2136.32,2148.01,2154.74,2134.79,61374274.0,csi300,沪深300,2157.641,2157.5516000000002,2159.023,2179.5881666666664,2260.2068
2014-07-14,2149.54,2171.76,2171.9,2145.28,66158863.0,csi300,沪深300,2156.636,2159.0508,2158.0101666666665,2179.24575,2258.5283
2014-07-15,2170.09,2174.98,2176.27,2165.21,71815694.0,csi300,沪深300,2156.9015,2159.5991999999997,2157.179833333333,2178.96275,2256.9587
2014-07-16,2172.82,2170.87,2183.25,2166.77,81560230.0,csi300,沪深300,2157.433,2160.0032,2156.2863333333335,2178.6213333333335,2255.4211
2014-07-17,2166.83,2157.07,2166.93,2147.08,59453568.0,csi300,沪深300,2158.941,2160.1495999999997,2155.7833333333333,2178.442833333333,2254.0698500000003
2014-07-18,2147.66,2164.14,2176.33,2145.45,65473295.0,csi300,沪深300,2160.3115000000003,2159.6656,2155.2391666666667,2178.427416666667,2252.728
2014-07-21,2164.22,2166.29,2171.94,2158.96,54172260.0,csi300,沪深300,2161.9205,2158.6428,2154.766166666667,2178.251416666667,2251.198
2014-07-22,2162.44,2192.7,2197.59,2162.24,78542583.0,csi300,沪深300,2164.3145,2159.5640000000003,2154.8033333333333,2177.8255833333333,2249.94205
2014-07-23,2191.39,2197.83,2210.28,2190.55,84213872.0,csi300,沪深300,2167.5375,2161.0676,2155.3033333333333,2177.54175,2248.78605
2014-07-24,2199.83,2237.01,2239.81,2199.83,119435534.0,csi300,沪深300,2171.934,2165.4716,2157.004,2177.4695,2248.0489
2014-07-25,2243.07,2260.45,2260.89,2239.07,98972838.0,csi300,沪深300,2177.4435,2170.4204,2158.703666666667,2177.840583333333,2247.3763
2014-07-28,2272.38,2323.9,2331.47,2272.38,179869333.0,csi300,沪深300,2185.3825,2178.0119999999997,2161.4576666666667,2178.7075833333333,2246.9506
2014-07-29,2326.04,2331.37,2342.77,2316.22,134269641.0,csi300,沪深300,2193.723,2185.474,2164.3726666666666,2179.570833333333,2246.3984
2014-07-30,2324.69,2322.01,2339.04,2316.06,123022832.0,csi300,沪深300,2201.2799999999997,2193.0196,2167.117333333333,2180.5671666666667,2245.7405500000004
2014-07-31,2321.97,2350.25,2350.55,2316.59,110987769.0,csi300,沪深300,2209.783,2201.0664,2170.666166666667,2181.71525,2245.3452
2014-08-01,2341.23,2329.4,2371.5,2328.97,126317390.0,csi300,沪深300,2217.318,2208.232,2173.8978333333334,2182.230833333333,2244.64965
2014-08-04,2336.63,2375.62,2375.62,2332.14,116713754.0,csi300,沪深300,2227.2845,2216.652,2177.9263333333333,2182.981333333333,2244.1650499999996
2014-08-05,2376.8,2369.35,2380.77,2353.79,111861789.0,csi300,沪深300,2236.7285,2224.8435999999997,2181.0813333333335,2183.6321666666668,2243.6742
2014-08-06,2358.21,2363.22,2371.67,2334.33,116341829.0,csi300,沪深300,2247.454,2232.5376,2184.2208333333333,2184.3294166666665,2243.38345
2014-08-07,2363.61,2327.46,2369.2,2326.27,116729210.0,csi300,沪深300,2256.6845000000003,2238.4284,2186.8056666666666,2184.5950833333336,2242.9541
2014-08-08,2329.18,2331.13,2339.27,2319.29,86739694.0,csi300,沪深300,2265.8405,2244.5256,2189.9231666666665,2184.757416666667,2242.4795
2014-08-11,2338.01,2365.35,2367.0,2337.01,91601171.0,csi300,沪深300,2275.5199999999995,2252.088,2193.5798333333337,2185.4483333333333,2241.94965
2014-08-12,2361.17,2357.05,2361.17,2344.72,91822608.0,csi300,沪深300,2284.6235,2259.1512,2197.6116666666667,2185.8515833333336,2241.5054499999997
2014-08-13,2358.46,2358.9,2370.51,2335.69,110447789.0,csi300,沪深300,2294.025,2267.5588000000002,2201.663833333333,2186.4470833333335,2241.2075
2014-08-14,2357.2,2335.95,2363.18,2334.08,97969493.0,csi300,沪深300,2302.969,2275.2828000000004,2204.9978333333333,2187.04425,2240.8847
2014-08-15,2337.99,2360.64,2366.9,2333.12,93592546.0,csi300,沪深300,2312.794,2283.788,2208.827333333333,2188.262,2240.8451
2014-08-18,2366.27,2374.56,2379.8,2361.2,104509554.0,csi300,沪深300,2323.2075,2291.9,2212.5964999999997,2190.0674166666663,2240.88815
2014-08-19,2378.89,2374.77,2379.47,2358.97,115850020.0,csi300,沪深300,2332.311,2299.8916,2216.243,2191.82875,2240.90175
2014-08-20,2371.65,2366.14,2375.48,2360.84,101288088.0,csi300,沪深300,2340.7264999999998,2307.7024,2219.8906666666667,2193.5956666666666,2240.6951
2014-08-21,2365.73,2354.24,2367.46,2333.3,100690211.0,csi300,沪深300,2346.5879999999997,2315.5892000000003,2222.9721666666665,2195.05625,2240.5977
2014-08-22,2352.32,2365.36,2368.46,2350.99,89823938.0,csi300,沪深300,2351.8334999999997,2323.6380000000004,2226.4755,2196.5144999999998,2240.4997
2014-08-25,2367.02,2342.86,2367.61,2338.46,97373717.0,csi300,沪深300,2352.7815,2330.7008,2229.5821666666666,2197.8360833333336,2240.3117500000003
2014-08-26,2339.6,2324.09,2350.39,2317.18,93844222.0,csi300,沪深300,2352.4175,2335.9564,2232.485,2199.1703333333335,2240.0133499999997
2014-08-27,2323.79,2327.6,2336.74,2322.89,67676221.0,csi300,沪深300,2352.697,2341.1472,2235.8071666666665,2200.4534166666663,2239.8835
2014-08-28,2328.06,2311.28,2336.36,2309.64,70490655.0,csi300,沪深300,2350.7485,2344.118,2238.4851666666664,2201.644416666667,2239.73715
2014-08-29,2317.3,2338.29,2338.77,2313.26,63211423.0,csi300,沪深300,2351.193,2347.2316,2241.8779999999997,2203.6485833333336,2239.8888500000003
2014-09-01,2340.93,2355.32,2355.55,2338.53,77320870.0,csi300,沪深300,2350.178,2348.4884,2245.562,2205.704083333333,2240.086
2014-09-02,2359.86,2386.46,2387.66,2349.95,114436733.0,csi300,沪深300,2351.0335,2350.692,2249.3151666666668,2207.9735,2240.3183
2014-09-03,2389.69,2408.84,2414.26,2389.68,129734204.0,csi300,沪深300,2353.3145,2354.1652,2253.449666666667,2210.2110833333336,2240.9219
2014-09-04,2411.93,2426.22,2427.3,2404.08,111272298.0,csi300,沪深300,2358.2525,2357.2039999999997,2257.9965,2212.7392499999996,2241.5305
2014-09-05,2433.17,2449.26,2450.63,2427.99,133551764.0,csi300,沪深300,2364.159,2361.9984000000004,2262.5468333333333,2215.291083333333,2242.02315
2014-09-09,2452.23,2445.22,2454.89,2437.08,118194344.0,csi300,沪深300,2368.1525,2364.7824,2266.7695000000003,2217.8501666666666,2242.10475
2014-09-10,2435.59,2432.43,2437.08,2422.65,109175517.0,csi300,沪深300,2371.9215,2367.3056,2271.148833333333,2220.4465,2242.2061000000003
2014-09-11,2430.68,2423.45,2461.47,2417.27,132982583.0,csi300,沪深300,2375.149,2369.7148,2275.535666666666,2223.2505,2242.1991
2014-09-12,2418.75,2438.36,2438.36,2412.62,109160170.0,csi300,沪深300,2380.2695,2374.1508000000003,2280.7264999999998,2225.5801666666666,2242.34095
2014-09-15,2433.0,2437.19,2439.25,2418.96,122247159.0,csi300,沪深300,2384.097,2378.3932,2285.734166666667,2227.7521666666667,2242.5371
2014-09-16,2440.34,2388.76,2442.92,2386.98,186742791.0,csi300,沪深300,2384.807,2379.3296,2289.9783333333335,2229.5381666666667,2242.53775
2014-09-17,2395.36,2401.33,2405.37,2379.09,125269028.0,csi300,沪深300,2386.1349999999998,2381.1008,2294.2535,2231.4571666666666,2242.6073
2014-09-18,2396.38,2408.66,2414.95,2389.62,115926376.0,csi300,沪深300,2388.261,2383.0912,2298.8416666666667,2233.5650833333334,2242.5782
2014-09-19,2409.31,2425.21,2430.15,2402.31,101813577.0,csi300,沪深300,2391.8095000000003,2386.6616,2303.4438333333333,2235.8420833333334,2242.5066
2014-09-22,2419.33,2378.92,2419.33,2374.11,102240870.0,csi300,沪深300,2392.4875,2387.3928,2307.2548333333334,2237.7805833333337,2242.2065
2014-09-23,2379.52,2399.46,2402.48,2379.52,84033341.0,csi300,沪深300,2395.3175,2388.3888,2311.1605,2239.750083333333,2242.10985
2014-09-24,2391.42,2441.86,2443.98,2387.07,142713530.0,csi300,沪深300,2401.2059999999997,2391.0724,2315.7821666666664,2241.9261666666666,2242.10525
2014-09-25,2453.42,2436.97,2462.67,2429.59,138661891.0,csi300,沪深300,2406.6745,2393.9056,2320.217166666667,2244.1924999999997,2241.9144
2014-09-26,2430.81,2437.2,2439.65,2420.5,100299494.0,csi300,沪深300,2412.9705000000004,2397.224,2324.500666666667,2246.29025,2241.7594
2014-09-29,2443.91,2447.8,2453.67,2435.61,123401727.0,csi300,沪深300,2418.446,2400.5215999999996,2328.9856666666665,2248.04425,2241.73695
2014-09-30,2452.17,2450.99,2454.89,2444.2,115804229.0,csi300,沪深300,2423.2295,2404.8468,2333.564,2249.814,2241.73755
2014-10-08,2460.87,2478.38,2478.38,2445.27,121953604.0,csi300,沪深300,2427.8255,2411.0184,2338.5291666666667,2251.5191666666665,2241.86285
2014-10-09,2480.2,2481.96,2488.11,2461.11,137923920.0,csi300,沪深300,2431.4815,2417.1928,2344.0833333333335,2253.279916666667,2242.20885
2014-10-10,2472.1,2466.79,2482.14,2457.68,147634307.0,csi300,沪深300,2433.51,2423.4132,2349.4823333333334,2254.9314166666663,2242.49275
2014-10-13,2457.41,2454.95,2460.39,2430.55,131593362.0,csi300,沪深300,2433.7945,2428.0796,2354.598,2256.8105,2242.7343
2014-10-14,2451.09,2446.56,2467.9,2436.34,127393705.0,csi300,沪深300,2433.8615,2431.7292,2359.178,2258.594083333333,2243.1275
2014-10-15,2444.54,2463.87,2465.5,2431.19,135801882.0,csi300,沪深300,2435.4335,2434.8256,2363.992833333333,2260.586333333333,2243.66495
2014-10-16,2448.97,2444.4,2480.3,2441.82,158166603.0,csi300,沪深300,2436.481,2436.248,2368.5516666666667,2262.4190000000003,2244.1007999999997
2014-10-17,2443.22,2441.73,2456.11,2410.4,132759988.0,csi300,沪深300,2436.6495000000004,2436.8684,2373.296,2264.5396666666666,2244.6474000000003
2014-10-20,2448.45,2454.71,2456.62,2441.9,91435401.0,csi300,沪深300,2437.5255,2437.0863999999997,2378.138833333333,2266.689,2245.53025
2014-10-21,2453.41,2433.39,2459.25,2432.55,96241912.0,csi300,沪深300,2439.757,2436.6132000000002,2382.5905,2268.678333333333,2246.2742
2014-10-22,2434.89,2418.64,2447.47,2417.56,88656193.0,csi300,沪深300,2440.6225,2436.0616,2386.356166666667,2270.57975,2246.92615
2014-10-23,2415.44,2395.94,2424.66,2392.53,103491839.0,csi300,沪深300,2439.9865,2434.9611999999997,2389.658,2272.480666666667,2247.3803
2014-10-24,2397.85,2390.71,2404.99,2385.73,74974869.0,csi300,沪深300,2438.2615,2433.0552,2392.2196666666664,2274.6118333333334,2248.0071999999996
2014-10-27,2377.54,2368.83,2377.54,2361.68,73862447.0,csi300,沪深300,2437.757,2430.3208,2394.026,2276.364833333333,2248.3339499999997
2014-10-28,2373.16,2416.65,2416.77,2373.16,101523055.0,csi300,沪深300,2438.6164999999996,2431.4364,2395.5718333333334,2278.5147500000003,2248.9199
2014-10-29,2423.81,2451.38,2461.27,2415.7,158584062.0,csi300,沪深300,2439.0925,2433.4384,2397.572,2280.972333333333,2249.5266500000002
2014-10-30,2450.36,2468.93,2474.38,2443.76,189626353.0,csi300,沪深300,2440.6904999999997,2435.8492,2400.0206666666663,2283.569,2250.2614000000003
2014-10-31,2473.5,2508.33,2512.19,2466.5,239172412.0,csi300,沪深300,2444.247,2439.1740000000004,2402.6553333333336,2286.6607500000005,2251.34915
2014-11-03,2515.82,2512.55,2524.17,2502.06,205801228.0,csi300,沪深300,2447.4845,2444.5191999999997,2405.7078333333334,2289.8028333333336,2252.7187
2014-11-04,2511.04,2513.17,2517.46,2498.61,218247005.0,csi300,沪深300,2450.5935,2449.0676,2408.000333333333,2292.963333333333,2254.09455
2014-11-05,2516.87,2503.45,2519.4,2499.23,190491862.0,csi300,沪深300,2451.847,2451.5312,2410.235333333333,2295.6583333333333,2255.40225
2014-11-06,2505.17,2506.07,2510.99,2482.98,149651117.0,csi300,沪深300,2453.0525000000002,2454.2952,2412.6161666666667,2298.4184999999998,2256.8215
2014-11-07,2508.76,2502.15,2541.55,2489.42,208760911.0,csi300,沪深300,2454.8205,2456.8932,2415.5276666666664,2301.1666666666665,2258.308
2014-11-10,2529.83,2565.73,2565.73,2514.71,226599735.0,csi300,沪深300,2460.3595,2461.6103999999996,2419.4376666666667,2304.680416666667,2260.16825
2014-11-11,2578.44,2558.61,2602.37,2532.57,323711656.0,csi300,沪深300,2465.962,2465.9152,2422.658666666667,2308.11925,2261.89705
2014-11-12,2545.4,2594.32,2594.32,2539.6,184686261.0,csi300,沪深300,2472.4845,2470.5528,2426.6131666666665,2312.1124166666664,2263.82395
2014-11-13,2597.39,2579.75,2607.52,2567.46,219815615.0,csi300,沪深300,2479.252,2474.4644,2430.294,2315.9789166666665,2265.6635
2014-11-14,2569.21,2581.09,2581.93,2557.67,165049965.0,csi300,沪深300,2486.22,2479.0364,2434.3796666666667,2319.6887500000003,2267.6765
2014-11-17,2613.51,2567.1,2614.09,2565.94,158478095.0,csi300,沪深300,2491.8395,2483.5224000000003,2437.8206666666665,2323.324,2269.6820500000003
2014-11-18,2565.27,2541.42,2570.21,2534.93,142941356.0,csi300,沪深300,2497.241,2487.3168,2440.601666666667,2326.599083333333,2271.4521
2014-11-19,2538.23,2537.22,2550.5,2531.32,122146974.0,csi300,沪深300,2503.17,2490.2508000000003,2443.309166666667,2329.776083333333,2272.9192
2014-11-20,2528.78,2537.1,2545.47,2522.84,106149864.0,csi300,沪深300,2510.228,2493.9588,2446.1585,2333.0245833333333,2274.4452499999998
2014-11-21,2537.54,2583.46,2585.36,2530.03,151028139.0,csi300,沪深300,2519.8655,2499.6279999999997,2449.9788333333336,2336.4755,2276.13415
2014-11-24,2614.16,2649.26,2667.67,2602.94,279839720.0,csi300,沪深300,2533.887,2507.41,2454.7105,2340.5930000000003,2278.30085
2014-11-25,2650.09,2685.56,2686.06,2643.84,222611699.0,csi300,沪深300,2547.3325,2517.4968,2460.4221666666667,2345.0021666666667,2280.62935
2014-11-26,2695.26,2723.02,2723.36,2690.31,243962485.0,csi300,沪深300,2560.9145,2529.672,2467.0710000000004,2349.778,2283.1055499999998
2014-11-27,2737.03,2754.49,2754.49,2718.7,265464730.0,csi300,沪深300,2575.1925,2544.014,2474.1858333333334,2354.9964999999997,2285.86575
2014-11-28,2753.93,2808.82,2809.54,2740.37,375323662.0,csi300,沪深300,2590.217,2560.7384,2482.4781666666668,2360.4816666666666,2288.8474499999998
2014-12-01,2825.61,2819.81,2855.33,2808.65,365487417.0,csi300,沪深300,2605.58,2578.7776,2490.5035,2366.1907499999998,2291.6088499999996
2014-12-02,2807.34,2923.94,2944.51,2804.29,361465322.0,csi300,沪深300,2626.1185,2599.0692,2499.9804999999997,2372.77125,2294.80075
2014-12-03,2936.12,2967.55,3028.23,2912.25,466156685.0,csi300,沪深300,2649.3234999999995,2619.716,2509.665333333333,2379.4902500000003,2298.18225
2014-12-04,2975.4,3104.35,3104.89,2968.88,426812928.0,csi300,沪深300,2679.2375,2645.1328,2521.2571666666668,2387.3534166666664,2302.30625
2014-12-05,3143.97,3124.89,3195.8,3011.94,524881260.0,csi300,沪深300,2710.3745000000004,2669.7951999999996,2532.9016666666666,2395.4490833333334,2306.4528
2014-12-08,3108.27,3252.88,3270.88,3075.7,484462344.0,csi300,沪深300,2744.732,2699.4084000000003,2546.2953333333335,2404.4210833333336,2311.15895
2014-12-09,3233.1,3106.91,3387.83,3074.52,632874567.0,csi300,沪深300,2772.147,2723.158,2557.3234999999995,2412.0465,2315.2813
2014-12-10,3120.21,3221.55,3229.05,3058.19,425018708.0,csi300,沪深300,2803.5085,2751.882,2570.4755,2420.812166666666,2319.84575
2014-12-11,3185.16,3183.01,3254.42,3158.44,367091691.0,csi300,沪深300,2833.6715,2778.9596,2583.134833333334,2429.3352499999996,2324.3236
2014-12-12,3182.92,3193.23,3239.45,3167.93,301065325.0,csi300,沪深300,2864.2785000000003,2806.6028,2595.716,2438.22125,2328.9683
2014-12-15,3176.83,3217.23,3226.22,3143.3,290193834.0,csi300,沪深300,2896.785,2832.6627999999996,2608.7166666666667,2447.2254166666667,2333.9819
2014-12-16,3221.36,3303.4,3303.4,3207.69,358123847.0,csi300,沪深300,2934.884,2862.4544,2623.9606666666664,2456.9694999999997,2339.70935
2014-12-17,3325.82,3360.6,3368.19,3275.74,448140770.0,csi300,沪深300,2976.053,2893.1056,2639.9485,2467.101,2345.6953
2014-12-18,3359.09,3345.93,3393.71,3322.23,355970207.0,csi300,沪深300,3016.4945,2923.7528,2655.5696666666668,2477.2056666666667,2351.6544
2014-12-19,3345.63,3383.17,3397.18,3280.92,411211590.0,csi300,沪深300,3056.48,2955.8360000000002,2671.535666666667,2487.4897499999997,2357.6754
2014-12-22,3396.25,3394.48,3455.21,3357.66,549801671.0,csi300,沪深300,3093.741,2988.9312,2688.4616666666666,2497.85825,2363.69595
2014-12-23,3358.8,3324.92,3431.78,3316.91,369736093.0,csi300,沪深300,3125.709,3020.2712,2703.886,2507.52325,2369.3992000000003
2014-12-24,3332.15,3230.39,3340.36,3188.5,317449587.0,csi300,沪深300,3151.0775000000003,3047.998,2717.0281666666665,2516.405166666667,2374.73125
2014-12-25,3254.48,3335.42,3335.78,3226.32,309799547.0,csi300,沪深300,3180.124,3079.9307999999996,2732.0023333333334,2526.10975,2380.5402000000004
2014-12-26,3343.64,3445.84,3453.34,3335.01,384614124.0,csi300,沪深300,3211.975,3114.4260000000004,2748.813,2536.656833333333,2386.9276
2014-12-29,3502.18,3455.46,3524.28,3405.84,425015037.0,csi300,沪深300,3243.7575,3146.6740000000004,2765.6073333333334,2547.2965,2393.71595
2014-12-30,3450.81,3457.55,3491.83,3422.17,328233873.0,csi300,沪深300,3270.438,3177.5535999999997,2782.383333333333,2557.9736666666663,2400.4604
2014-12-31,3462.39,3533.71,3542.34,3452.5,345934760.0,csi300,沪深300,3298.746,3209.9812,2799.9721666666665,2569.250666666667,2407.5583
2015-01-05,3566.09,3641.54,3669.04,3551.51,451198098.0,csi300,沪深300,3325.6055,3245.4632,2819.2985,2581.6909166666665,2415.06435
2015-01-06,3608.43,3641.06,3683.23,3587.23,420962185.0,csi300,沪深300,3351.4139999999998,3278.7527999999998,2838.8696666666665,2594.176,2422.65545
2015-01-07,3620.92,3643.79,3671.19,3601.7,320191232.0,csi300,沪深300,3370.9595,3311.712,2858.683666666667,2606.6408333333334,2430.1592
2015-01-08,3650.07,3559.26,3659.95,3552.1,295003045.0,csi300,沪深300,3393.5769999999998,3337.1247999999996,2877.228666666667,2618.203333333333,2437.26485
2015-01-09,3547.57,3546.72,3689.75,3536.4,349982672.0,csi300,沪深300,3409.8355,3360.2916000000005,2895.276166666667,2629.6345,2444.3941
2015-01-12,3531.51,3513.58,3560.53,3461.32,266567175.0,csi300,沪深300,3426.364,3376.6608,2913.0958333333333,2640.8237500000005,2451.52715
2015-01-13,3506.45,3514.04,3550.16,3494.77,187153965.0,csi300,沪深300,3442.4044999999996,3392.2268,2930.9676666666664,2652.1318333333334,2458.30335
2015-01-14,3522.91,3502.42,3547.24,3471.56,196012510.0,csi300,沪深300,3456.6639999999998,3402.2083999999995,2948.4295,2663.2841666666664,2464.9327
2015-01-15,3501.72,3604.12,3604.12,3482.27,237812338.0,csi300,沪深300,3471.7,3422.0968000000007,2967.9416666666666,2675.2660833333334,2472.0811
2015-01-16,3616.25,3635.15,3662.16,3601.26,282681614.0,csi300,沪深300,3485.4274999999993,3438.6408,2988.216833333333,2687.2865,2479.4016
2015-01-19,3414.01,3355.16,3497.25,3330.98,329505275.0,csi300,沪深300,3485.889,3445.5268,3004.2038333333335,2696.9309166666662,2485.3988499999996
2015-01-20,3336.79,3396.22,3419.2,3325.68,297843232.0,csi300,沪深300,3486.5415000000003,3453.6464,3020.9623333333334,2706.591,2491.6201
2015-01-21,3420.49,3548.89,3557.79,3409.43,337928210.0,csi300,沪深300,3494.262,3466.9128,3040.63,2717.3280000000004,2498.63305
2015-01-22,3551.05,3567.61,3576.76,3520.05,268853599.0,csi300,沪深300,3506.3965,3477.4812,3059.8126666666667,2727.69225,2505.6555000000003
2015-01-23,3582.09,3571.73,3627.81,3548.63,280172172.0,csi300,沪深300,3523.4634999999994,3485.9264000000003,3078.485166666667,2738.0285833333332,2512.6105
2015-01-26,3580.12,3607.99,3611.62,3559.38,239766203.0,csi300,沪深300,3537.0919999999996,3496.4088,3097.4695,2748.7450833333332,2519.8254
2015-01-27,3614.04,3574.93,3616.26,3510.02,287669179.0,csi300,沪深300,3543.5464999999995,3504.0791999999997,3115.2461666666663,2758.9507499999995,2526.7727
2015-01-28,3547.24,3525.32,3583.31,3512.39,216220214.0,csi300,沪深300,3547.0395000000003,3509.3128,3132.125666666667,2768.9167499999994,2533.2127
2015-01-29,3474.92,3481.8,3505.58,3453.9,211618860.0,csi300,沪深300,3548.2520000000004,3515.5879999999997,3148.2695,2778.134916666667,2539.4285999999997
2015-01-30,3496.89,3434.39,3514.22,3431.94,196479157.0,csi300,沪深300,3543.286,3523.748,3163.785166666667,2787.01025,2545.23175
2015-02-02,3360.19,3353.96,3407.26,3347.09,195183699.0,csi300,沪深300,3528.907,3524.4896000000003,3177.9166666666665,2795.266416666667,2550.6482
2015-02-03,3388.6,3437.45,3441.71,3360.72,192846096.0,csi300,沪深300,3518.7264999999998,3524.1539999999995,3193.505,2804.5163333333335,2556.4924
2015-02-04,3446.14,3401.77,3476.82,3399.56,191304349.0,csi300,沪深300,3506.6254999999996,3522.0064,3207.439,2813.438333333333,2562.3539499999997
2015-02-05,3487.95,3366.95,3487.95,3366.86,250430609.0,csi300,沪深300,3497.0099999999998,3518.3824,3220.911333333333,2821.7850000000003,2568.02605
2015-02-06,3352.33,3312.42,3374.05,3285.94,192664186.0,csi300,沪深300,3485.2950000000005,3509.5308,3232.8796666666667,2829.746416666667,2573.46415
2015-02-09,3305.73,3345.92,3376.53,3298.6,172353820.0,csi300,沪深300,3476.9120000000003,3497.7059999999997,3245.649166666667,2837.9715833333335,2579.07135
2015-02-10,3345.08,3406.94,3407.18,3339.55,159309088.0,csi300,沪深300,3471.5570000000007,3488.3412,3259.4133333333334,2846.8965000000003,2585.1698
2015-02-11,3415.98,3434.12,3445.66,3412.14,144613772.0,csi300,沪深300,3468.142,3479.9543999999996,3273.8636666666666,2855.842166666667,2591.35645
2015-02-12,3435.36,3442.87,3453.58,3405.63,156081691.0,csi300,沪深300,3460.0795,3475.2988,3288.887833333333,2864.74475,2597.5974499999998
2015-02-13,3458.83,3469.83,3509.5,3452.08,201089971.0,csi300,沪深300,3451.8135,3472.2232,3304.4313333333334,2873.87025,2603.9942499999997
2015-02-16,3473.29,3499.48,3504.48,3466.61,165641343.0,csi300,沪深300,3459.0294999999996,3471.6592,3320.4709999999995,2883.31475,2610.6525
2015-02-17,3511.54,3522.32,3536.82,3511.09,165328313.0,csi300,沪深300,3465.3345,3471.9903999999997,3336.1186666666667,2893.0487500000004,2617.58925
2015-02-25,3529.55,3478.73,3529.55,3463.96,165539351.0,csi300,沪深300,3461.8265,3471.0428,3349.9431666666665,2902.326833333333,2624.19055
2015-02-26,3473.71,3566.29,3569.33,3456.87,229328438.0,csi300,沪深300,3461.7605000000003,3469.5296,3364.622,2912.5220833333337,2631.2287
2015-02-27,3565.23,3572.84,3594.81,3560.46,222786438.0,csi300,沪深300,3461.8160000000003,3467.0371999999998,3378.785666666666,2922.9283333333337,2638.31055
2015-03-02,3603.45,3601.26,3608.69,3566.53,248176125.0,csi300,沪深300,3461.4795,3476.8812,3392.8985000000002,2933.5421666666666,2645.5302
2015-03-03,3579.31,3507.9,3579.31,3504.2,261866489.0,csi300,沪深300,3458.1280000000006,3481.3484,3404.549833333333,2943.5140000000006,2652.3831
2015-03-04,3514.67,3530.82,3540.91,3497.17,199663981.0,csi300,沪深300,3458.403,3480.6256,3416.4,2953.4517499999997,2659.3596999999995
2015-03-05,3513.25,3496.34,3517.08,3467.68,217508805.0,csi300,沪深300,3459.1299999999997,3477.7747999999997,3425.94,2962.9602499999996,2666.17185
2015-03-06,3501.18,3478.52,3516.24,3472.39,181518054.0,csi300,沪深300,3461.3365,3474.0464,3434.4561666666673,2972.06075,2672.6641999999997
2015-03-09,3449.7,3537.75,3546.71,3417.49,233940411.0,csi300,沪深300,3470.5260000000003,3471.2368,3441.6795,2981.4683333333332,2679.4787
2015-03-10,3523.64,3520.61,3551.21,3511.99,194267657.0,csi300,沪深300,3474.684,3469.0640000000003,3448.2748333333334,2990.5882500000002,2686.2199
2015-03-11,3524.58,3524.65,3568.92,3512.22,188947825.0,csi300,沪深300,3480.828,3469.0371999999998,3452.804333333333,2999.5498333333335,2693.1227499999995
2015-03-12,3557.69,3592.84,3603.34,3536.53,265664625.0,csi300,沪深300,3492.1225000000004,3473.4788,3460.9031666666665,3009.1133333333332,2700.3572
2015-03-13,3604.67,3617.66,3641.39,3594.74,246864768.0,csi300,沪深300,3507.384499999999,3480.8096,3467.5049999999997,3018.9902500000003,2707.8698
2015-03-16,3641.77,3705.67,3705.74,3621.12,275438307.0,csi300,沪深300,3525.3720000000003,3494.8779999999997,3476.216,3029.6754166666665,2715.8193
2015-03-17,3733.96,3757.12,3762.58,3716.81,371625666.0,csi300,沪深300,3542.881,3507.6648,3485.6141666666667,3040.6650833333333,2723.9253500000004
2015-03-18,3769.09,3846.05,3846.05,3763.85,415190011.0,csi300,沪深300,3563.4775,3525.4359999999997,3496.0944999999997,3052.405583333333,2732.50125
2015-03-19,3851.25,3839.74,3859.13,3809.71,391547630.0,csi300,沪深300,3583.321,3544.3476,3505.0335,3064.497083333333,2740.9579
2015-03-20,3852.49,3892.57,3916.86,3832.42,401817552.0,csi300,沪深300,3604.458,3567.5535999999997,3513.8996666666662,3076.9240833333333,2749.6408500000002
2015-03-23,3923.08,3972.06,3972.3,3922.21,391119922.0,csi300,沪深300,3628.0870000000004,3592.5992000000006,3524.3351666666667,3089.9524166666665,2758.76475
2015-03-24,3980.07,3973.05,3989.86,3883.78,468581312.0,csi300,沪深300,3650.6235,3615.2436,3534.1665,3102.8510833333335,2767.78325
2015-03-25,3961.58,3940.41,3980.72,3913.99,379968851.0,csi300,沪深300,3673.7075000000004,3635.4952000000003,3543.2653333333337,3115.8635,2776.7095
2015-03-26,3921.75,3950.0,3992.0,3892.88,346756315.0,csi300,沪深300,3692.893,3655.7803999999996,3553.6833333333334,3128.784666666667,2785.6772
2015-03-27,3957.54,3971.7,3993.03,3932.87,298756064.0,csi300,沪深300,3712.8360000000002,3675.8551999999995,3566.0385,3141.5333333333333,2794.7861
2015-03-30,3999.02,4088.18,4101.65,3999.02,428297020.0,csi300,沪深300,3737.182,3699.4032,3578.5845,3155.293416666667,2804.58565
2015-03-31,4138.88,4051.2,4166.02,4037.77,436065635.0,csi300,沪深300,3764.3469999999993,3720.5584000000003,3588.6738333333333,3168.7434166666667,2814.0886499999997
2015-04-01,4057.5,4123.9,4139.5,4046.94,329512853.0,csi300,沪深300,3794.001,3746.3651999999997,3599.8145,3182.7109166666664,2824.0345500000003
2015-04-02,4149.95,4124.78,4156.84,4068.65,339070487.0,csi300,沪深300,3825.4230000000002,3768.7048,3610.9349999999995,3196.659166666667,2833.98705
2015-04-03,4104.67,4170.54,4170.56,4092.38,321303766.0,csi300,沪深300,3860.024,3792.6128000000003,3621.5488333333333,3210.7605,2844.0334
2015-04-07,4213.89,4260.04,4260.47,4197.02,415362654.0,csi300,沪深300,3896.1385,3818.9639999999995,3631.8571666666667,3225.5778333333333,2854.5297499999997
2015-04-08,4277.45,4295.8,4304.78,4204.83,458676715.0,csi300,沪深300,3934.8979999999997,3850.48,3642.7695,3240.8195833333334,2865.2417000000005
2015-04-09,4316.96,4262.14,4332.17,4212.61,439699902.0,csi300,沪深300,3971.7725000000005,3879.7327999999998,3653.075333333333,3255.8795,2875.6712000000007
2015-04-10,4249.38,4344.42,4351.69,4231.2,348190170.0,csi300,沪深300,4009.3514999999998,3913.656,3666.161333333333,3271.695,2886.4339999999997
2015-04-13,4394.05,4421.07,4432.02,4361.59,434153036.0,csi300,沪深300,4049.522,3951.3579999999997,3680.733833333333,3288.0049999999997,2897.6910000000003
2015-04-14,4432.13,4438.18,4474.35,4385.91,434432126.0,csi300,沪深300,4086.1475,3987.3751999999995,3696.143833333333,3304.619833333333,2909.0807
2015-04-15,4439.31,4380.51,4476.0,4379.61,472154131.0,csi300,沪深300,4117.317,4021.7712,3710.585,3320.7763333333332,2920.3487
2015-04-16,4355.49,4513.55,4513.77,4335.63,422603748.0,csi300,沪深300,4150.692,4061.3271999999997,3727.437166666666,3337.9333333333334,2932.2328
2015-04-17,4578.68,4596.14,4630.27,4553.9,552802663.0,csi300,沪深300,4188.512000000001,4101.4592,3743.9708333333333,3355.95625,2944.5429500000005
2015-04-20,4615.03,4521.92,4671.17,4492.6,686439075.0,csi300,沪深300,4219.9794999999995,4137.6296,3758.750333333334,3373.4835833333336,2956.42845
2015-04-21,4520.46,4619.16,4620.06,4504.56,490314991.0,csi300,沪深300,4252.3345,4174.1692,3779.817,3392.0104166666665,2968.8574
2015-04-22,4637.06,4739.81,4740.93,4632.59,516213792.0,csi300,沪深300,4290.6725,4213.4768,3802.2101666666667,3411.58625,2981.81105
2015-04-23,4764.48,4740.89,4782.04,4693.97,497430954.0,csi300,沪深300,4330.6965,4249.2704,3822.076833333333,3431.353416666667,2994.7641999999996
2015-04-24,4682.63,4702.64,4730.43,4618.32,480152936.0,csi300,沪深300,4368.3285,4283.7864,3840.994,3450.4033333333336,3007.4518
2015-04-27,4753.87,4807.59,4810.48,4735.31,513076548.0,csi300,沪深300,4410.123,4320.3872,3861.5916666666667,3470.0384166666668,3020.6669499999994
2015-04-28,4811.32,4741.86,4839.08,4703.57,608638545.0,csi300,沪深300,4442.807,4351.1792,3880.4895,3488.9795,3033.5219
2015-04-29,4722.9,4774.33,4797.93,4695.79,395056980.0,csi300,沪深300,4478.9635,4383.2304,3900.4795000000004,3507.862833333333,3046.4926
2015-04-30,4788.41,4749.89,4818.73,4749.48,399727444.0,csi300,沪深300,4510.263,4415.6096,3920.889,3526.5073333333335,3059.3485499999997
2015-05-04,4757.64,4787.74,4795.92,4699.4,377843853.0,csi300,沪深300,4543.411,4449.1192,3942.6546666666673,3545.4620833333333,3072.4058
2015-05-05,4785.19,4596.84,4785.19,4572.98,460419626.0,csi300,沪深300,4564.726000000001,4474.1248000000005,3962.0288333333333,3562.907,3084.48765
2015-05-06,4626.23,4553.33,4700.91,4511.76,376073702.0,csi300,沪深300,4579.3904999999995,4492.7308,3982.0183333333334,3579.9674999999997,3096.51075
2015-05-07,4520.82,4470.09,4546.34,4467.46,297759203.0,csi300,沪深300,4588.1050000000005,4509.4864,3999.229,3596.3669999999997,3108.1469500000003
2015-05-08,4515.55,4558.4,4559.06,4445.59,302407967.0,csi300,沪深300,4602.918,4526.8664,4018.5061666666666,3612.9725833333337,3120.1989000000003
2015-05-11,4582.09,4690.53,4690.95,4535.15,373838420.0,csi300,沪深300,4620.2235,4549.4964,4040.565833333333,3630.7385833333333,3132.7927499999996
2015-05-12,4692.12,4747.42,4748.0,4660.02,377053891.0,csi300,沪深300,4636.541,4572.571599999999,4064.4825,3648.6810833333334,3145.65495
2015-05-13,4746.71,4718.44,4758.0,4678.85,370730424.0,csi300,沪深300,4650.554,4590.9076000000005,4087.3578333333335,3666.5035,3158.3928
2015-05-14,4717.96,4700.78,4735.28,4670.17,337725152.0,csi300,沪深300,4666.5675,4607.1068,4108.921833333333,3684.1675833333334,3171.11135
2015-05-15,4690.75,4617.47,4690.75,4592.05,328431166.0,csi300,沪深300,4671.7635,4621.32,4128.644333333334,3701.254,3183.3780000000006
2015-05-18,4582.06,4575.14,4623.38,4565.06,269180489.0,csi300,沪深300,4670.7135,4630.5488000000005,4147.5154999999995,3718.201666666667,3195.4222499999996
2015-05-19,4577.64,4731.22,4740.0,4577.64,314785952.0,csi300,沪深300,4681.1785,4642.9547999999995,4168.538666666666,3736.485,3208.1148500000004
2015-05-20,4751.57,4754.92,4843.1,4745.21,363180748.0,csi300,沪深300,4687.9665,4655.6244,4189.462666666667,3754.9668333333334,3220.9003
2015-05-21,4768.69,4840.98,4841.62,4746.03,305054537.0,csi300,沪深300,4693.025,4674.0432,4211.440333333334,3773.7794999999996,3233.9201499999995
2015-05-22,4895.92,4951.34,4951.99,4870.6,455846718.0,csi300,沪深300,4703.5475,4691.5548,4235.983833333334,3792.9635,3247.3746
2015-05-25,4949.11,5099.5,5099.84,4949.11,465736590.0,csi300,沪深300,4723.3904999999995,4711.6892,4261.537333333334,3813.0796666666665,3261.2526000000003
2015-05-26,5140.8,5198.92,5199.29,5063.15,487949359.0,csi300,沪深300,4742.957,4738.7692,4288.638666666667,3833.7121666666667,3275.59035
2015-05-27,5216.17,5181.43,5226.84,5126.86,470798730.0,csi300,沪深300,4764.9355000000005,4761.26,4314.974833333333,3853.9366666666665,3289.88745
2015-05-28,5174.1,4834.01,5213.18,4831.33,571829047.0,csi300,沪深300,4767.9195,4765.028,4337.076666666667,3870.81325,3302.30625
2015-05-29,4839.53,4840.83,4924.3,4665.52,427878859.0,csi300,沪深300,4772.4665,4769.0256,4358.910166666667,3887.6550833333336,3314.8633999999997
2015-06-01,4862.76,5076.18,5079.32,4835.77,417503741.0,csi300,沪深300,4786.8885,4783.9672,4385.240833333333,3905.590416666667,3328.3662
2015-06-02,5091.27,5161.87,5162.56,5047.08,412973196.0,csi300,沪深300,4815.14,4798.1384,4413.296666666666,3923.8764166666665,3342.3288000000002
2015-06-03,5176.6,5143.59,5186.97,5059.5,414258270.0,csi300,沪深300,4844.653,4814.2076,4440.060666666667,3940.8700833333332,3356.23065
2015-06-04,5156.01,5181.42,5194.23,4863.46,482767268.0,csi300,沪深300,4880.2195,4830.4912,4467.740833333333,3958.0078333333336,3370.5004500000005
2015-06-05,5254.9,5230.55,5288.34,5104.18,545961196.0,csi300,沪深300,4913.826999999999,4849.7176,4496.1725,3974.4884166666666,3384.99755
2015-06-08,5259.41,5353.75,5370.61,5202.6,637313237.0,csi300,沪深300,4946.987999999999,4872.358,4525.521,3993.2120833333333,3399.9395499999996
2015-06-09,5379.47,5317.46,5380.43,5251.21,570427263.0,csi300,沪深300,4975.49,4901.1828,4553.851,4010.6780000000003,3414.7416000000003
2015-06-10,5254.3,5309.11,5374.83,5209.68,442165676.0,csi300,沪深300,5005.0235,4931.414,4580.575,4028.3955,3429.49265
2015-06-11,5305.14,5306.59,5329.29,5248.16,392338755.0,csi300,沪深300,5035.314,4964.874,4606.3994999999995,4046.0068333333334,3444.34585
2015-06-12,5329.28,5335.12,5351.65,5283.09,430131386.0,csi300,沪深300,5071.1965,4995.942800000001,4631.217333333334,4063.655916666666,3459.21825
2015-06-15,5354.01,5221.17,5362.45,5207.31,475745703.0,csi300,沪深300,5103.498,5017.1684000000005,4654.241166666668,4079.6373333333336,3473.4513
2015-06-16,5165.02,5064.82,5204.3,5015.27,411675638.0,csi300,沪深300,5120.178,5029.8644,4673.778666666667,4093.8391666666666,3486.9015499999996
2015-06-17,5072.31,5138.83,5158.37,4949.29,397124187.0,csi300,沪深300,5139.3735,5046.68,4693.224833333333,4108.78,3500.765
2015-06-18,5107.69,4930.55,5121.22,4926.43,364395814.0,csi300,沪深300,5143.852000000001,5055.870800000001,4709.183166666668,4121.6748333333335,3513.6465499999995
2015-06-19,4847.06,4637.05,4910.45,4634.69,358104744.0,csi300,沪深300,5128.1375,5056.654,4720.793833333333,4132.029583333333,3525.005
2015-06-23,4641.42,4786.09,4786.96,4455.33,365087944.0,csi300,沪深300,5112.467000000001,5065.092000000001,4734.728666666666,4144.206,3537.22115
2015-06-24,4811.6,4880.13,4883.73,4744.31,434638723.0,csi300,沪深300,5096.5275,5071.048400000001,4749.869166666666,4157.953833333333,3550.00135
2015-06-25,4906.24,4706.52,4919.26,4667.22,446135982.0,csi300,沪深300,5072.782,5069.112400000001,4760.1748333333335,4169.379666666667,3561.89595
2015-06-26,4573.87,4336.19,4650.19,4278.67,446639790.0,csi300,沪深300,5047.8910000000005,5048.9208,4764.924666666667,4176.79925,3572.0205
2015-06-29,4446.84,4191.55,4451.17,4000.93,525662482.0,csi300,沪深300,5015.427000000001,5018.5292,4766.052166666666,4182.933333333333,3581.2868
2015-06-30,4161.07,4473.0,4475.77,4016.01,527045280.0,csi300,沪深300,4985.268,4993.4692,4771.855833333333,4191.395416666667,3591.8752000000004
2015-07-01,4408.98,4253.02,4526.13,4235.7,431721411.0,csi300,沪深300,4939.8255,4955.6332,4773.230500000001,4197.389666666667,3601.208
2015-07-02,4287.73,4108.0,4312.19,4000.06,457062194.0,csi300,沪深300,4888.046,4912.696,4770.696500000001,4201.276833333333,3609.7038000000002
2015-07-03,4017.2,3885.92,4164.63,3785.9,429300850.0,csi300,沪深300,4823.271000000001,4874.7724,4763.8651666666665,4203.317333333333,3617.0022999999997
2015-07-06,4218.27,3998.54,4218.27,3832.47,648094530.0,csi300,沪深300,4761.6705,4841.0808,4759.471833333334,4206.273583333333,3624.7487
2015-07-07,3877.85,3928.0,3960.64,3743.62,679385007.0,csi300,沪深300,4690.383,4795.153600000001,4752.5315,4209.346416666666,3632.1626
2015-07-08,3651.06,3663.04,3762.62,3612.25,581467097.0,csi300,沪深300,4607.661999999999,4735.2004,4739.897666666667,4210.31575,3638.31565
2015-07-09,3621.68,3897.63,3930.26,3537.83,503870610.0,csi300,沪深300,4537.088,4685.362,4730.8885,4213.516166666666,3645.6865500000004
2015-07-10,3916.27,4106.56,4179.11,3887.55,500701802.0,csi300,沪深300,4477.086499999999,4642.3676000000005,4726.322666666666,4218.453833333334,3654.0275500000002
2015-07-13,4132.23,4211.81,4278.16,4072.43,502092186.0,csi300,沪深300,4420.921,4601.6179999999995,4721.2936666666665,4224.3654166666665,3662.90065
2015-07-14,4178.63,4112.15,4258.51,4062.5,454422009.0,csi300,沪深300,4365.47,4551.954,4713.227166666666,4228.599,3671.5176
2015-07-15,4068.88,3966.76,4114.24,3899.51,421956367.0,csi300,沪深300,4310.567,4497.926,4703.974499999999,4231.362416666667,3679.3447499999997
2015-07-16,3949.64,3997.36,4067.02,3856.32,330531345.0,csi300,沪深300,4253.4935,4445.456,4693.6111666666675,4236.714083333333,3687.28825
2015-07-17,4023.76,4151.5,4190.19,4000.23,331107131.0,csi300,沪深300,4214.541,4399.2524,4683.8060000000005,4243.008083333333,3695.9197000000004
2015-07-20,4157.06,4160.61,4221.69,4106.39,352673472.0,csi300,沪深300,4190.719,4352.272,4674.134666666667,4248.10575,3704.82815
2015-07-21,4109.76,4166.01,4201.48,4081.7,318374945.0,csi300,沪深300,4159.714999999999,4310.0656,4665.190833333333,4253.092416666667,3713.6609000000003
2015-07-22,4148.56,4157.16,4187.43,4094.71,318945997.0,csi300,沪深300,4123.5665,4273.7592,4654.350333333334,4257.9710000000005,3722.2374
2015-07-23,4158.93,4250.81,4262.06,4148.82,354471759.0,csi300,沪深300,4100.781,4238.2384,4646.166166666666,4263.327833333334,3731.3066000000003
2015-07-24,4255.2,4176.28,4299.65,4154.62,392045373.0,csi300,沪深300,4092.7854999999995,4208.0676,4636.198666666667,4268.339083333334,3740.002
2015-07-27,4097.8,3818.73,4156.31,3817.17,365054511.0,csi300,沪深300,4074.1445,4175.3348,4620.6793333333335,4270.784166666667,3746.85665
2015-07-28,3690.97,3811.09,3883.45,3627.42,383527216.0,csi300,沪深300,4041.049,4136.3348000000005,4604.401833333334,4273.528249999999,3753.6571500000005
2015-07-29,3839.96,3930.38,3934.0,3769.19,276972845.0,csi300,沪深300,4024.9170000000004,4098.3448,4593.294166666666,4277.6615,3760.91715
2015-07-30,3915.78,3815.41,3968.53,3802.88,271548665.0,csi300,沪深300,4010.2875,4062.7003999999997,4580.9955,4281.506916666667,3767.5844
2015-07-31,3777.16,3816.7,3863.62,3757.99,222376767.0,csi300,沪深300,4006.8265,4041.9208000000003,4570.105666666667,4284.667333333334,3774.33395
2015-08-03,3766.07,3829.24,3829.24,3742.58,245805030.0,csi300,沪深300,3998.3615,4027.4284000000002,4557.9529999999995,4288.229583333334,3781.2054
2015-08-04,3827.37,3948.16,3948.45,3801.03,220236556.0,csi300,沪深300,3999.3695,4006.4348000000005,4545.580166666667,4293.073,3788.7134
2015-08-05,3937.62,3866.9,3962.28,3858.66,200484269.0,csi300,沪深300,4009.5625,3990.99,4530.904833333334,4297.693666666667,3795.7285500000003
2015-08-06,3802.93,3831.85,3888.69,3793.24,147278694.0,csi300,沪深300,4006.2735000000002,3979.9440000000004,4516.128333333333,4301.743083333333,3802.6658
2015-08-07,3866.43,3906.95,3926.65,3857.91,183349153.0,csi300,沪深300,3996.293,3980.7852000000003,4502.897833333333,4305.909833333333,3809.9919
2015-08-10,3947.47,4084.36,4101.73,3932.84,306780540.0,csi300,沪深300,3989.9205,3984.218,4494.0126666666665,4311.3285,3818.1401499999997
2015-08-11,4083.59,4066.67,4110.13,4042.0,322034191.0,csi300,沪深300,3987.6465,3989.7648,4485.538166666667,4316.526833333333,3826.30655
2015-08-12,4025.67,4016.13,4078.03,4015.35,255146196.0,csi300,沪深300,3990.1150000000002,4003.8884000000003,4473.62,4321.079333333333,3834.2940000000003
2015-08-13,4010.01,4075.46,4075.7,3967.82,242836979.0,csi300,沪深300,3994.0199999999995,4011.0015999999996,4462.295666666667,4325.879166666667,3842.6915999999997
2015-08-14,4097.92,4073.54,4113.16,4056.73,253392996.0,csi300,沪深300,3990.1220000000003,4009.6808,4449.505000000001,4330.472666666667,3851.10575
2015-08-17,4058.11,4077.87,4081.77,4009.99,256939638.0,csi300,沪深300,3985.9849999999997,4004.3232000000003,4434.947166666667,4335.4655,3859.6509499999997
2015-08-18,4084.31,3825.41,4103.05,3816.55,319881070.0,csi300,沪深300,3968.9550000000004,3992.8536000000004,4413.712333333333,4337.624833333333,3866.6947500000006
2015-08-19,3748.27,3886.14,3898.74,3668.19,269049839.0,csi300,沪深300,3955.404,3989.6288,4391.832666666667,4340.2356666666665,3873.8685500000006
2015-08-20,3848.4,3761.45,3880.82,3761.45,212167965.0,csi300,沪深300,3930.936,3980.1924,4368.166333333334,4341.570583333333,3880.33115
2015-08-21,3714.29,3589.54,3757.78,3578.17,217986403.0,csi300,沪深300,3901.5990000000006,3957.7139999999995,4347.425166666667,4342.250916666667,3885.7372000000005
2015-08-24,3454.6,3275.53,3468.15,3266.55,255436652.0,csi300,沪深300,3874.439,3922.3107999999997,4321.336833333333,4340.1235,3889.5521000000003
2015-08-25,3070.01,3042.93,3200.11,3019.56,276081306.0,csi300,沪深300,3836.031,3877.3876,4287.449333333333,4336.345083333333,3892.2009
2015-08-26,3062.57,3025.69,3192.93,2952.01,308270623.0,csi300,沪深300,3790.7964999999995,3832.1288,4251.846333333333,4332.5715,3894.8121
2015-08-27,3092.81,3205.64,3206.72,3028.4,267294930.0,csi300,沪深300,3760.308,3790.322,4219.547166666667,4329.803916666667,3898.30995
2015-08-28,3246.24,3342.29,3353.24,3223.62,299498426.0,csi300,沪深300,3736.5875,3756.9624,4188.8949999999995,4328.317916666667,3902.51065
2015-08-31,3307.4,3366.54,3368.28,3205.54,280250403.0,csi300,沪深300,3713.4525000000003,3738.8748000000005,4157.828166666667,4327.000333333333,3906.5147
2015-09-01,3296.53,3362.08,3370.5,3190.58,352458528.0,csi300,沪深300,3684.1485000000002,3720.9143999999997,4124.633666666667,4325.077333333334,3910.5320500000003
2015-09-02,3220.85,3365.83,3387.02,3213.64,347789412.0,csi300,沪深300,3659.0950000000003,3698.3324,4092.1065000000003,4322.978749999999,3914.3896000000004
2015-09-07,3347.29,3250.49,3422.22,3240.24,204224431.0,csi300,沪深300,3630.0269999999996,3675.7356,4057.7961666666665,4319.185583333333,3917.7433
2015-09-08,3221.79,3334.02,3340.22,3170.81,154599631.0,csi300,沪深300,3601.3805,3656.4284000000002,4024.92,4315.65975,3921.5079499999997
2015-09-09,3344.82,3399.31,3426.65,3330.29,220467421.0,csi300,沪深300,3567.1279999999997,3639.2312,3992.6565,4311.936916666667,3925.6690000000003
2015-09-10,3349.28,3357.56,3398.32,3337.31,144882971.0,csi300,沪深300,3531.6724999999997,3615.6072,3961.5963333333334,4307.91875,3929.7497
2015-09-11,3349.88,3347.19,3383.13,3315.48,108547508.0,csi300,沪深300,3498.2254999999996,3594.8188,3932.969166666667,4303.373916666666,3933.79955
2015-09-14,3367.64,3281.13,3373.92,3187.57,205457251.0,csi300,沪深300,3458.5089999999996,3572.79,3902.0075,4297.616166666667,3937.5197000000003
2015-09-15,3208.74,3152.23,3240.08,3131.98,143555641.0,csi300,沪深300,3412.4435,3542.6012,3872.3688333333334,4290.776,3940.36355
2015-09-16,3149.16,3309.25,3345.92,3131.37,159709994.0,csi300,沪深300,3374.0125,3511.5968,3850.2388333333333,4285.516333333333,3943.6634999999997
2015-09-17,3287.66,3237.0,3354.91,3237.0,169401881.0,csi300,沪深300,3344.5919999999996,3478.41,3824.4206666666664,4279.574666666666,3946.4207
2015-09-18,3254.44,3251.27,3280.88,3227.83,106903481.0,csi300,沪深300,3312.8485,3447.8156,3797.273,4273.571083333333,3949.0619500000003
2015-09-21,3222.6,3308.25,3312.55,3211.93,122788668.0,csi300,沪深300,3290.1885,3417.1272000000004,3773.9685000000004,4267.071666666667,3951.83075
2015-09-22,3312.37,3339.03,3371.41,3303.18,146221985.0,csi300,沪深300,3277.6630000000005,3387.7468,3757.349166666667,4261.136916666666,3954.4818
2015-09-23,3290.07,3263.03,3315.94,3253.33,123171439.0,csi300,沪深300,3277.0380000000005,3355.1532,3741.8738333333336,4253.963,3956.6978999999997
2015-09-24,3278.9,3285.0,3300.86,3255.9,102011238.0,csi300,沪深300,3289.1415,3333.5368,3722.073833333334,4246.964833333333,3958.5031999999997
2015-09-25,3272.67,3231.95,3290.86,3201.91,121419278.0,csi300,沪深300,3299.4545,3307.3691999999996,3705.0559999999996,4239.14325,3959.8252
2015-09-28,3226.61,3242.75,3246.55,3186.51,74219468.0,csi300,沪深300,3301.31,3286.6212,3690.6351666666665,4230.6658333333335,3960.5172000000002
2015-09-29,3197.22,3178.85,3208.42,3159.04,87150633.0,csi300,沪深300,3293.138,3270.1936,3678.8506666666667,4221.357916666666,3960.7870000000003
2015-09-30,3195.9,3202.95,3223.91,3186.77,78559349.0,csi300,沪深300,3284.9584999999997,3267.2904000000003,3665.5908333333336,4212.531333333333,3960.53735
2015-10-08,3324.98,3296.48,3337.33,3294.61,132081768.0,csi300,沪深300,3281.6784999999995,3277.4323999999997,3655.0654999999997,4203.7985,3961.4852
2015-10-09,3302.36,3340.12,3352.38,3293.97,124352500.0,csi300,沪深300,3280.393,3290.0095999999994,3649.6834999999996,4194.790583333333,3962.07805
2015-10-12,3351.14,3447.69,3486.63,3347.25,221400468.0,csi300,沪深300,3290.2529999999997,3299.6915999999997,3642.1845,4186.5365,3963.4014500000003
2015-10-13,3422.48,3445.04,3452.05,3413.97,145433786.0,csi300,沪深300,3295.804,3303.8016000000002,3631.1591666666664,4178.740916666667,3964.6605
2015-10-14,3431.14,3406.11,3458.7,3403.23,152173938.0,csi300,沪深300,3296.1440000000002,3305.3844,3617.7308333333335,4169.51225,3965.6049
2015-10-15,3403.39,3486.81,3486.81,3402.32,171158299.0,csi300,沪深300,3302.6065000000003,3310.3736000000004,3607.3085,4160.267833333333,3966.5219499999994
2015-10-16,3508.52,3534.07,3537.54,3487.1,208964709.0,csi300,沪深300,3311.9505000000004,3317.1032,3600.0969999999998,4152.03575,3967.3893
2015-10-19,3548.95,3534.18,3572.99,3502.5,207606744.0,csi300,沪深300,3324.603,3328.4508,3592.3773333333334,4142.99425,3968.33055
2015-10-20,3527.88,3577.7,3577.8,3510.44,179025108.0,csi300,沪深300,3345.8765,3338.198,3582.814,4133.31,3969.3032000000003
2015-10-21,3580.84,3473.25,3601.24,3417.41,282076050.0,csi300,沪深300,3354.0765,3341.1556,3571.3579999999997,4122.7463333333335,3969.69705
2015-10-22,3453.2,3524.53,3530.77,3442.31,184305580.0,csi300,沪深300,3368.453,3347.8344,3560.6666666666665,4112.92875,3970.6951
2015-10-23,3536.84,3571.24,3581.84,3515.82,198294478.0,csi300,沪深300,3384.4515,3356.7964,3550.9013333333337,4102.6258333333335,3972.39935
2015-10-26,3614.7,3589.26,3620.76,3561.19,204248863.0,csi300,沪深300,3398.5019999999995,3369.1216,3539.8755,4093.0208333333335,3973.6685500000003
2015-10-27,3569.45,3592.88,3601.05,3486.1,192056140.0,csi300,沪深300,3411.1945,3386.7476,3530.1521666666667,4083.1754166666665,3974.40375
2015-10-28,3575.8,3524.92,3598.17,3517.21,170977098.0,csi300,沪深300,3424.2889999999998,3395.3744,3525.2553333333335,4072.9673333333335,3974.75105
2015-10-29,3539.98,3533.31,3561.81,3507.97,127010446.0,csi300,沪深300,3436.7045,3407.2268,3520.625666666667,4062.51375,3975.1298500000003
2015-10-30,3530.22,3534.08,3574.47,3497.57,139141914.0,csi300,沪深300,3451.811,3418.5391999999997,3514.0206666666663,4053.6574166666664,3975.1317
2015-11-02,3489.23,3475.96,3543.45,3474.71,130002568.0,csi300,沪深300,3463.4714999999997,3425.2475999999997,3508.3631666666665,4044.6793333333335,3974.3038
2015-11-03,3484.72,3465.49,3501.7,3452.62,101401876.0,csi300,沪深300,3477.8035000000004,3430.3059999999996,3502.509666666667,4036.3076666666666,3973.42595
2015-11-04,3477.16,3628.54,3628.54,3477.16,205423865.0,csi300,沪深300,3499.0829999999996,3444.9263999999994,3499.164666666666,4028.5588333333335,3973.3496999999998
2015-11-05,3630.78,3705.97,3781.41,3627.3,398046568.0,csi300,沪深300,3519.5575,3461.7652,3495.1281666666664,4020.3541666666665,3974.0832499999997
2015-11-06,3698.34,3793.37,3801.71,3694.66,298753076.0,csi300,沪深300,3542.2200000000003,3484.222,3493.902666666667,4012.40375,3975.3164999999995
2015-11-09,3796.38,3840.35,3891.77,3796.38,356804823.0,csi300,沪深300,3561.853,3508.1259999999997,3494.044333333333,4005.0863333333336,3976.9503500000005
2015-11-10,3806.67,3833.24,3876.49,3798.82,286519603.0,csi300,沪深300,3581.2630000000004,3534.3016,3492.8158333333336,3997.8568333333333,3978.54635
2015-11-11,3828.45,3833.65,3843.11,3781.41,232234296.0,csi300,沪深300,3602.6400000000003,3559.5296,3488.637333333333,3991.325,3980.2025
2015-11-12,3841.74,3795.32,3843.9,3771.27,217537647.0,csi300,沪深300,3618.0654999999997,3579.4832,3484.1148333333335,3984.8265,3981.1584999999995
2015-11-13,3756.2,3746.24,3793.71,3727.58,203489891.0,csi300,沪深300,3628.674,3595.728,3479.616666666667,3976.618333333333,3981.7139500000003
2015-11-16,3682.73,3764.13,3764.41,3680.07,161690901.0,csi300,沪深300,3640.1714999999995,3608.3856,3474.4278333333336,3968.3617499999996,3983.7588
2015-11-17,3790.43,3758.39,3852.77,3750.16,248533071.0,csi300,沪深300,3649.2059999999997,3620.9195999999997,3469.175333333333,3959.340166666667,3985.5696500000004
2015-11-18,3760.46,3715.58,3771.85,3706.31,185689495.0,csi300,沪深300,3661.3224999999998,3633.2983999999997,3463.137166666667,3949.0421666666666,3986.4031
2015-11-19,3725.62,3774.97,3775.23,3714.67,154631989.0,csi300,沪深300,3673.8445,3644.8248,3462.2965,3938.004416666666,3987.4399
2015-11-20,3778.88,3774.38,3793.54,3757.03,186951689.0,csi300,沪深300,3684.0015,3654.4372000000003,3460.4338333333335,3926.13325,3988.45315
2015-11-23,3774.44,3753.34,3802.85,3743.41,175626812.0,csi300,沪深300,3692.2055,3663.2036,3460.298666666667,3914.2325,3989.1799
2015-11-24,3745.76,3753.89,3754.17,3702.74,143383283.0,csi300,沪深300,3700.256,3670.2512,3463.0378333333333,3905.2315,3990.0747
2015-11-25,3747.76,3781.61,3781.86,3735.72,151944941.0,csi300,沪深300,3713.0905,3682.5856,3471.4725000000003,3896.404666666667,3991.35615
2015-11-26,3795.25,3759.43,3805.84,3756.82,173525468.0,csi300,沪深300,3724.3965,3691.9815999999996,3483.414166666667,3885.43175,3992.7443
2015-11-27,3739.1,3556.99,3742.74,3534.39,208939358.0,csi300,沪深300,3725.542,3691.4116,3492.2691666666665,3872.05775,3993.3572999999997
2015-11-30,3554.89,3566.41,3587.97,3455.07,173201163.0,csi300,沪深300,3730.0645000000004,3690.4976,3498.2819999999997,3858.914583333333,3994.41955
2015-12-01,3562.32,3591.7,3617.31,3536.12,136536554.0,csi300,沪深300,3736.375,3690.4503999999997,3502.4388333333336,3845.6669166666666,3995.1907999999994
2015-12-02,3587.76,3721.95,3725.85,3573.4,213538865.0,csi300,沪深300,3741.0455,3698.3315999999995,3508.362333333333,3833.09525,3996.7916999999998
2015-12-03,3709.55,3749.3,3758.45,3693.14,197762126.0,csi300,沪深300,3743.2120000000004,3706.9712,3514.8160000000003,3819.724833333333,3998.7034499999995
2015-12-04,3719.73,3677.59,3726.12,3667.29,151199522.0,csi300,沪深300,3737.423,3712.7115999999996,3520.012,3806.05925,4000.5293
2015-12-07,3681.58,3687.61,3699.34,3658.58,113883150.0,csi300,沪深300,3729.786,3721.1776,3527.2973333333334,3792.54675,4002.2377500000002
2015-12-08,3668.84,3623.02,3668.84,3619.44,125781083.0,csi300,沪深300,3719.275,3727.4788,3532.114,3778.5170000000003,4003.31815
2015-12-09,3613.42,3635.94,3655.16,3611.49,113325422.0,csi300,沪深300,3709.3895,3727.7748000000006,3536.0578333333333,3764.357166666667,4004.32725
2015-12-10,3634.37,3623.08,3678.32,3615.99,120215625.0,csi300,沪深300,3700.7774999999992,3724.4592000000002,3540.4831666666664,3751.0397499999995,4005.2283
2015-12-11,3605.37,3608.06,3630.74,3578.15,110322481.0,csi300,沪深300,3693.8685000000005,3717.0468,3544.8309999999997,3738.900083333333,4005.91945
2015-12-14,3573.88,3711.32,3712.5,3571.0,151769119.0,csi300,沪深300,3691.228,3711.8856,3552.000833333333,3727.0041666666666,4006.9786500000005
2015-12-15,3707.73,3694.39,3717.36,3679.23,126481710.0,csi300,沪深300,3688.028,3706.3315999999995,3561.036833333333,3716.7028333333333,4007.8389999999995
2015-12-16,3703.95,3685.44,3713.09,3677.45,111342723.0,csi300,沪深300,3686.5209999999997,3700.4032,3567.3066666666664,3708.7727499999996,4008.87255
2015-12-17,3712.78,3755.89,3768.84,3709.85,177924075.0,csi300,沪深300,3685.567,3698.8259999999996,3575.9548333333337,3700.18775,4009.82055
2015-12-18,3754.96,3767.91,3810.22,3750.93,173465980.0,csi300,沪深300,3685.2434999999996,3699.6928000000003,3584.5654999999997,3690.91925,4010.7958999999996
2015-12-21,3762.1,3865.96,3877.82,3759.99,217435275.0,csi300,沪深300,3690.8744999999994,3703.7659999999996,3593.8606666666665,3683.914583333333,4012.1194
2015-12-22,3872.1,3876.73,3880.47,3841.59,180303661.0,csi300,沪深300,3697.0165,3708.4996,3602.822333333333,3680.0857499999997,4013.96355
2015-12-23,3877.87,3866.38,3926.69,3862.96,207017147.0,csi300,沪深300,3701.2549999999997,3714.5316,3612.8781666666664,3677.3759999999997,4015.64135
2015-12-24,3858.13,3829.4,3867.68,3787.08,147181397.0,csi300,沪深300,3704.7535000000003,3716.7088,3621.9515,3672.012666666667,4017.3066500000004
2015-12-25,3832.09,3838.2,3848.02,3813.2,119624013.0,csi300,沪深300,3718.814,3719.2616,3632.0556666666666,3668.5558333333333,4019.10505
2015-12-28,3847.53,3727.63,3853.39,3727.63,153988440.0,csi300,沪深300,3726.875,3718.2332,3640.137,3665.386083333333,4020.05445
2015-12-29,3723.05,3761.87,3762.05,3710.48,101885555.0,csi300,沪深300,3735.3835,3718.5524,3649.854,3664.3523333333337,4021.26075
2015-12-30,3762.91,3765.18,3765.66,3726.28,105629955.0,csi300,沪深300,3737.5449999999996,3717.8952000000004,3659.2244999999994,3662.407666666667,4022.4634
2015-12-31,3760.9,3731.0,3772.62,3727.32,101873556.0,csi300,沪深300,3736.6299999999997,3716.7580000000003,3666.4665,3660.7660000000005,4023.1542000000004
2016-01-04,3725.86,3469.07,3726.24,3468.95,115370674.0,csi300,沪深300,3726.204,3713.2412,3668.6156666666666,3659.1495833333333,4022.41125
2016-01-05,3382.18,3478.78,3518.22,3377.28,162116984.0,csi300,沪深300,3715.7625,3709.736,3669.1338333333333,3655.6591666666664,4021.2768
2016-01-06,3482.41,3539.81,3543.74,3468.47,145966144.0,csi300,沪深300,3711.602,3707.6603999999998,3670.713333333333,3650.9362499999997,4020.1902499999997
2016-01-07,3481.15,3294.38,3481.15,3284.74,44102641.0,csi300,沪深300,3694.524,3690.5576,3668.8511666666664,3643.2909999999997,4017.4319
2016-01-08,3371.87,3361.56,3418.85,3237.93,185959451.0,csi300,沪深300,3681.4480000000003,3675.048,3666.7636666666663,3637.0360833333334,4015.041
2016-01-11,3303.12,3192.45,3342.48,3192.45,174638387.0,csi300,沪深300,3660.6674999999996,3655.6423999999997,3661.07,3630.5835,4011.5404
2016-01-12,3214.82,3215.71,3242.25,3174.55,128225796.0,csi300,沪深300,3635.887,3636.7664,3655.7621666666664,3624.06975,4007.7586500000007
2016-01-13,3240.48,3155.88,3257.3,3155.88,120666494.0,csi300,沪深300,3608.9615,3618.0808,3648.7318333333333,3615.772916666667,4003.6728000000003
2016-01-14,3076.64,3221.57,3226.66,3072.04,134537671.0,csi300,沪深300,3585.768,3601.506,3644.537166666667,3607.947583333333,4000.0786
2016-01-15,3200.89,3118.73,3216.8,3101.05,124601779.0,csi300,沪深300,3553.91,3581.3319999999994,3637.773833333333,3599.22025,3995.9222499999996
2016-01-18,3068.23,3130.73,3165.62,3066.73,101128386.0,csi300,沪深300,3522.0510000000004,3562.2388,3630.432,3590.6666666666665,3991.7174
2016-01-19,3132.7,3223.13,3227.91,3119.22,127653893.0,csi300,沪深300,3489.9095,3542.7111999999997,3624.3298333333337,3582.1026666666667,3987.3921499999997
2016-01-20,3204.22,3174.38,3225.95,3154.43,130650504.0,csi300,沪深300,3454.792,3521.9108,3617.3548333333333,3573.7535,3983.00805
2016-01-21,3136.38,3081.35,3202.54,3081.35,111189733.0,csi300,沪深300,3415.5405,3497.7472000000002,3609.962,3567.6086666666665,3977.7952999999998
2016-01-22,3114.9,3113.46,3132.17,3053.96,89951087.0,csi300,沪深300,3379.7435000000005,3472.05,3602.9645,3561.7950833333334,3972.7387
2016-01-25,3129.03,3128.89,3149.33,3105.1,81540061.0,csi300,沪深300,3344.278,3446.4892,3596.211333333333,3555.1160000000004,3967.53045
2016-01-26,3099.6,2940.51,3106.53,2934.65,126933921.0,csi300,沪深300,3304.922,3409.4712000000004,3587.287166666667,3547.8251666666665,3960.9328000000005
2016-01-27,2953.18,2930.35,2963.54,2839.29,132229366.0,csi300,沪深300,3263.346,3371.616,3578.3681666666666,3540.4389166666665,3954.1055499999998
2016-01-28,2909.33,2853.76,2941.89,2841.84,99222756.0,csi300,沪深300,3217.775,3331.1112000000007,3565.455166666667,3532.3099166666666,3947.06365
2016-01-29,2855.6,2946.09,2965.31,2854.37,113304259.0,csi300,沪深300,3178.5294999999996,3295.7788,3552.7905000000005,3523.9593333333332,3940.072
2016-02-01,2939.04,2901.05,2944.52,2869.56,86795342.0,csi300,沪深300,3150.1285,3258.2928,3537.9184999999998,3515.910583333333,3932.4719
2016-02-02,2901.53,2961.33,2972.43,2901.51,88601963.0,csi300,沪深300,3124.2560000000003,3227.6407999999997,3523.268166666667,3508.65625,3925.08765
2016-02-03,2931.29,2948.64,2954.71,2909.9,77389000.0,csi300,沪深300,3094.6975,3195.1116,3508.5248333333334,3500.6703333333335,3917.9283
2016-02-04,2960.33,2984.76,2999.21,2960.21,91779724.0,csi300,沪深300,3079.2165,3163.8948000000005,3494.3766666666666,3491.507,3910.28435
2016-02-05,2982.06,2963.79,2988.36,2962.85,76850808.0,csi300,沪深300,3059.328,3133.2063999999996,3480.517833333333,3482.3163333333337,3902.1225999999997
2016-02-15,2888.43,2946.71,2961.49,2886.02,72919434.0,csi300,沪深300,3047.041,3112.312,3467.1923333333334,3473.4045,3894.2465500000003
2016-02-16,2962.19,3037.04,3042.09,2962.19,112579643.0,csi300,沪深300,3038.1074999999996,3094.6423999999997,3455.0741666666663,3464.7509999999997,3886.3359499999997
2016-02-17,3034.09,3063.32,3065.78,3027.05,128291607.0,csi300,沪深300,3033.4795,3075.5828,3443.489666666667,3456.3325,3877.9535000000005
2016-02-18,3079.53,3053.7,3093.51,3049.84,124401464.0,csi300,沪深300,3025.0860000000002,3065.9556,3432.4583333333335,3447.79775,3869.51755
2016-02-19,3047.94,3051.59,3065.97,3032.63,87338012.0,csi300,沪深300,3021.7290000000003,3053.5568,3420.402,3441.3492499999998,3861.2623000000003
2016-02-22,3083.93,3118.87,3128.21,3071.33,140946968.0,csi300,沪深300,3021.136,3050.6136000000006,3409.476833333333,3434.955333333333,3852.8187000000007
2016-02-23,3117.2,3089.36,3119.22,3061.43,112567391.0,csi300,沪深300,3014.4475,3045.5596,3398.4105,3429.3545833333337,3844.5562
2016-02-24,3077.61,3109.55,3109.55,3055.25,111782650.0,csi300,沪深300,3011.206,3043.7063999999996,3387.6715,3425.3546666666666,3836.2322999999997
2016-02-25,3104.41,2918.75,3104.44,2905.46,157829752.0,csi300,沪深300,3003.076,3031.5935999999997,3373.2905,3422.3815000000004,3827.0766
2016-02-26,2942.1,2948.03,2964.39,2902.95,106949729.0,csi300,沪深300,2994.8045,3024.7656000000006,3359.7671666666665,3421.5906666666665,3817.87805
2016-02-29,2939.58,2877.47,2939.87,2821.21,129341020.0,csi300,沪深300,2982.2335000000003,3014.6351999999997,3348.4418333333333,3420.3555,3809.2812
2016-03-01,2881.34,2930.69,2950.44,2863.32,116045918.0,csi300,沪深300,2981.7425,3002.9376,3337.8465,3418.0642500000004,3801.1679999999997
2016-03-02,2933.92,3051.33,3054.72,2933.12,175972347.0,csi300,沪深300,2987.7915000000003,2998.0156,3328.840333333333,3415.639583333333,3794.0742
2016-03-03,3050.39,3058.42,3078.44,3040.25,173105744.0,csi300,沪深300,2998.0245,2997.0984,3317.7815,3413.0719166666668,3786.5742999999998
2016-03-04,3047.54,3093.89,3101.66,3032.42,219172534.0,csi300,沪深300,3005.4145,2996.3156,3306.8579999999997,3410.837,3778.5911000000006
2016-03-07,3109.0,3104.84,3130.9,3083.58,132462037.0,csi300,沪深300,3015.6040000000003,2995.3536000000004,3297.312166666667,3408.6620833333336,3770.3782
2016-03-08,3100.15,3107.67,3109.25,3001.83,136235742.0,csi300,沪深300,3022.921,3002.04,3287.6465000000003,3407.471916666667,3762.32435
2016-03-09,3045.92,3071.91,3072.92,3020.13,111466245.0,csi300,沪深300,3029.0845,3007.7024,3278.461333333333,3405.2876666666666,3754.18
2016-03-10,3056.21,3013.15,3074.16,3012.69,76072197.0,csi300,沪深300,3030.504,3014.078,3268.0815,3402.0696666666668,3746.1584
2016-03-11,2990.21,3018.28,3026.44,2982.17,73333564.0,csi300,沪深300,3033.2285,3016.9656,3258.0015,3399.2423333333336,3738.3741000000005
2016-03-14,3039.57,3065.69,3106.8,3034.0,117108655.0,csi300,沪深300,3039.1775,3023.5512,3248.962,3396.8965000000003,3730.04645
2016-03-15,3061.34,3074.78,3077.08,3028.58,98311941.0,csi300,沪深300,3041.0645,3028.0892000000003,3238.353,3395.1769166666663,3721.64575
2016-03-16,3068.87,3090.03,3100.35,3064.52,124736448.0,csi300,沪深300,3042.4000000000005,3033.7448,3228.2803333333336,3394.6585833333334,3712.8910000000005
2016-03-17,3096.81,3124.2,3147.84,3077.57,121661777.0,csi300,沪深300,3045.925,3039.3224,3218.926333333334,3393.1165000000005,3703.7553
2016-03-18,3136.22,3171.96,3197.67,3130.1,197302564.0,csi300,沪深300,3051.9435000000003,3047.6492000000003,3209.1941666666667,3392.5745,3694.1176
2016-03-21,3203.29,3249.44,3267.78,3198.36,233269464.0,csi300,沪深300,3058.472,3059.7584,3200.553,3392.55925,3684.3702000000003
2016-03-22,3231.61,3225.79,3249.68,3218.73,161020897.0,csi300,沪深300,3065.2935,3067.3084000000003,3189.8835000000004,3391.8720833333336,3674.592
2016-03-23,3217.73,3236.09,3242.25,3202.98,125679286.0,csi300,沪深300,3071.6205,3074.2192,3179.2061666666664,3391.0142499999997,3666.6023999999998
2016-03-24,3211.5,3181.85,3221.91,3181.81,133131122.0,csi300,沪深300,3084.7754999999997,3079.3452,3167.797333333334,3390.33775,3658.3075
2016-03-25,3176.81,3197.82,3204.44,3174.32,97395330.0,csi300,沪深300,3097.265,3085.1944,3157.2709999999997,3389.6112500000004,3648.9157
2016-03-28,3206.95,3169.73,3229.62,3161.88,103441933.0,csi300,沪深300,3111.8779999999997,3087.2288,3146.1298333333334,3389.0927500000003,3638.955
2016-03-29,3171.31,3135.41,3178.07,3122.76,97294747.0,csi300,沪深300,3122.114,3089.0707999999995,3136.2595,3388.19825,3628.9141000000004
2016-03-30,3161.29,3216.28,3216.68,3161.29,117802512.0,csi300,沪深300,3130.3615,3093.34,3127.1663333333336,3388.510166666667,3619.0883999999996
2016-03-31,3229.2,3218.09,3241.93,3208.66,121552074.0,csi300,沪深300,3138.3450000000003,3105.3136000000004,3118.0481666666665,3388.6363333333334,3609.0261000000005
2016-04-01,3213.67,3221.89,3222.61,3165.86,118122139.0,csi300,沪深300,3144.745,3116.268,3109.5630000000006,3388.0147500000003,3598.3668
2016-04-05,3211.3,3264.49,3271.93,3205.21,146047772.0,csi300,沪深300,3152.7275,3131.7488,3106.1533333333336,3387.3844999999997,3588.10195
2016-04-06,3250.52,3257.53,3267.64,3236.2,120196305.0,csi300,沪深300,3160.2205000000004,3144.8224,3102.4658333333336,3385.799833333333,3577.8440499999997
2016-04-07,3266.29,3209.29,3270.82,3208.64,112409467.0,csi300,沪深300,3167.0895,3151.1408,3096.957166666667,3383.8352499999996,3567.35755
2016-04-08,3189.85,3185.73,3197.77,3163.3,101005625.0,csi300,沪深300,3175.7185,3156.2332,3095.146333333333,3381.99875,3556.6106
2016-04-11,3213.51,3230.1,3251.57,3213.51,125212709.0,csi300,沪深300,3186.3095,3161.6816000000003,3092.9553333333333,3379.8595,3546.65525
2016-04-12,3227.37,3218.45,3232.26,3198.9,92869437.0,csi300,沪深300,3193.9475,3166.2259999999997,3093.3886666666667,3377.2293333333337,3537.4234
2016-04-13,3237.86,3261.38,3296.52,3237.86,195613866.0,csi300,沪深300,3203.2775,3172.3744,3094.149833333334,3374.956,3528.03615
2016-04-14,3277.1,3275.83,3286.07,3252.05,113157327.0,csi300,沪深300,3212.5675,3180.5312000000004,3096.149,3372.4404166666664,3519.76255
2016-04-15,3279.86,3272.21,3282.98,3261.73,99807529.0,csi300,沪深300,3219.968,3190.8936,3096.993,3370.765083333333,3512.9383499999994
2016-04-18,3252.67,3228.45,3252.67,3221.66,97090069.0,csi300,沪深300,3222.7925,3199.3003999999996,3098.821666666667,3368.29775,3505.15015
2016-04-19,3243.97,3238.3,3250.73,3221.58,80871440.0,csi300,沪深300,3222.2355,3206.2048,3100.6145,3365.5232499999997,3496.941
2016-04-20,3244.14,3181.03,3248.42,3107.37,162207858.0,csi300,沪深300,3219.9975,3210.4548,3099.9128333333333,3362.121333333334,3489.31355
2016-04-21,3160.8,3160.6,3198.56,3150.94,104752651.0,csi300,沪深300,3216.223,3213.2776,3099.6831666666667,3358.5190000000002,3483.4356
2016-04-22,3142.56,3174.9,3175.38,3137.99,77078492.0,csi300,沪深300,3215.8755,3215.3056,3101.242333333333,3355.6021666666666,3478.3523499999997
2016-04-25,3164.74,3162.03,3172.27,3137.11,67519351.0,csi300,沪深300,3214.0860000000002,3214.9084,3102.051833333333,3352.5081666666665,3471.7975
2016-04-26,3159.77,3179.16,3181.1,3150.4,59020734.0,csi300,沪深300,3214.5575,3212.0971999999997,3102.889666666667,3349.5505000000003,3466.4282000000003
2016-04-27,3181.93,3165.92,3188.83,3162.69,60004147.0,csi300,沪深300,3216.083,3209.7024,3106.6465000000003,3346.9668333333334,3461.7178
2016-04-28,3169.33,3160.58,3174.77,3135.64,69870660.0,csi300,沪深300,3213.298,3206.6820000000002,3110.4836666666665,3344.425916666667,3458.0911000000006
2016-04-29,3153.54,3156.75,3171.29,3149.4,58029776.0,csi300,沪深300,3210.231,3205.678,3115.5334999999995,3340.4943333333335,3453.8821500000004
2016-05-03,3159.82,3213.54,3218.49,3151.4,98164835.0,csi300,沪深300,3209.8135,3206.3068,3119.991,3336.39075,3450.3098499999996
2016-05-04,3203.47,3209.46,3222.88,3198.29,90862408.0,csi300,沪深300,3207.062,3207.8959999999997,3125.1311666666666,3331.524833333334,3448.0419500000003
2016-05-05,3204.17,3213.92,3217.28,3196.57,74733681.0,csi300,沪深300,3204.8815,3211.0364,3129.341,3326.304583333333,3444.6233999999995
2016-05-06,3213.14,3130.35,3216.89,3130.15,108680240.0,csi300,沪深300,3200.9345,3207.5992000000006,3132.3695000000002,3320.4471666666664,3439.74235
2016-05-09,3115.43,3065.62,3115.43,3055.01,99230477.0,csi300,沪深300,3194.929,3201.5004,3133.717166666667,3314.0469166666667,3434.0114000000003
2016-05-10,3055.21,3069.11,3084.72,3055.18,68849935.0,csi300,沪深300,3186.8795,3195.3891999999996,3135.4725000000003,3307.995166666667,3428.7961999999998
2016-05-11,3080.64,3082.81,3102.88,3063.09,81794258.0,csi300,沪深300,3180.0975,3188.1220000000003,3137.740833333333,3302.466583333334,3424.37645
2016-05-12,3059.38,3090.14,3095.35,3035.02,78765726.0,csi300,沪深300,3171.5355,3181.4264000000003,3138.6258333333335,3296.85,3419.84035
2016-05-13,3081.68,3074.94,3103.1,3064.69,62629755.0,csi300,沪深300,3161.491,3176.0524,3138.8195,3291.1545833333334,3414.45755
2016-05-16,3064.53,3095.31,3095.56,3053.66,59461856.0,csi300,沪深300,3152.6459999999997,3172.4356,3139.513,3285.9856666666665,3409.13105
2016-05-17,3095.52,3086.02,3105.2,3073.46,65278125.0,csi300,沪深300,3145.5245000000004,3166.6724,3140.0868333333333,3280.244416666667,3403.7311
2016-05-18,3071.53,3068.04,3072.61,3039.46,82715369.0,csi300,沪深300,3137.0114999999996,3160.656,3139.239666666667,3274.3582499999998,3398.2855000000004
2016-05-19,3060.34,3062.5,3086.98,3058.15,60444166.0,csi300,沪深300,3131.085,3152.7007999999996,3138.792,3268.6012499999997,3392.3439500000004
2016-05-20,3047.78,3078.22,3078.53,3041.52,56080842.0,csi300,沪深300,3126.966,3144.7963999999997,3138.2698333333333,3262.970666666667,3386.85365
2016-05-23,3078.51,3087.22,3098.48,3076.5,59697216.0,csi300,沪深300,3122.582,3137.3968,3141.0776666666666,3257.184083333333,3383.1960999999997
2016-05-24,3083.24,3063.56,3083.26,3052.59,58734385.0,csi300,沪深300,3117.6585,3130.8012,3143.003166666667,3251.3851666666665,3379.45845
2016-05-25,3079.75,3059.23,3089.1,3054.87,56652803.0,csi300,沪深300,3111.662,3123.6384000000003,3146.0325000000003,3247.237166666667,3375.1027000000004
2016-05-26,3056.6,3064.21,3072.52,3027.44,60392981.0,csi300,沪深300,3106.5765,3118.9656,3148.2578333333336,3243.052166666667,3371.3467
2016-05-27,3059.73,3062.5,3073.76,3052.18,60468750.0,csi300,沪深300,3101.6724999999997,3115.0415999999996,3148.4440000000004,3238.6421666666665,3367.5757
2016-05-30,3056.31,3066.71,3075.26,3037.66,63098579.0,csi300,沪深300,3097.1704999999997,3110.7140000000004,3148.5821666666666,3233.1818333333335,3363.76305
2016-05-31,3068.6,3169.56,3170.93,3068.6,138863111.0,csi300,沪深300,3094.9715,3111.0152000000003,3149.8433333333332,3228.3506666666667,3359.87005
2016-06-01,3172.96,3160.55,3181.79,3159.82,113148482.0,csi300,沪深300,3092.526,3110.2708000000002,3150.7718333333332,3224.042,3356.3382999999994
2016-06-02,3158.03,3167.1,3168.82,3151.07,86003427.0,csi300,沪深300,3090.185,3110.3179999999998,3151.762333333333,3219.704416666667,3353.0145500000003
2016-06-03,3172.95,3189.33,3201.75,3162.09,101491783.0,csi300,沪深300,3093.134,3111.468,3153.7193333333335,3216.090333333333,3349.4264500000004
2016-06-06,3192.78,3178.79,3197.22,3168.55,76693751.0,csi300,沪深300,3098.7925,3112.3496,3156.4800000000005,3212.28075,3344.8986000000004
2016-06-07,3182.44,3177.05,3186.62,3168.18,68928314.0,csi300,沪深300,3104.1895,3110.89,3159.126166666667,3208.5638333333336,3340.4505
2016-06-08,3171.81,3163.99,3174.97,3148.35,76291775.0,csi300,沪深300,3108.2485,3109.0712,3160.7644999999998,3204.8632500000003,3336.1897999999997
2016-06-13,3134.05,3066.34,3145.61,3065.77,92975947.0,csi300,沪深300,3107.0585,3103.1679999999997,3160.623833333333,3199.488416666667,3331.1442000000006
2016-06-14,3058.44,3075.98,3078.75,3055.66,66279457.0,csi300,沪深300,3107.1105,3100.9932,3160.389666666667,3194.335,3326.1564000000003
2016-06-15,3043.96,3116.37,3128.67,3042.23,87393257.0,csi300,沪深300,3108.1635,3103.0232,3160.2591666666663,3189.5927500000003,3321.3489
2016-06-16,3104.36,3094.67,3112.48,3089.48,82974703.0,csi300,沪深300,3108.596,3104.0456,3158.971,3184.0825833333333,3317.6952
2016-06-17,3096.09,3110.36,3131.05,3096.09,85402985.0,csi300,沪深300,3110.7120000000004,3105.1476000000002,3156.653,3178.603,3313.8163
2016-06-20,3114.91,3112.67,3118.73,3089.71,63587141.0,csi300,沪深300,3113.2205000000004,3106.0488,3154.7676666666666,3172.3255833333333,3310.5724
2016-06-21,3124.9,3106.32,3155.49,3097.94,87965345.0,csi300,沪深300,3114.6255,3107.304,3152.6048333333333,3165.9055000000003,3308.1563
2016-06-22,3100.45,3133.96,3134.06,3096.99,66487113.0,csi300,沪深300,3116.9625,3108.85,3151.8066666666664,3159.802,3307.44845
2016-06-23,3129.72,3117.32,3129.72,3102.48,67751738.0,csi300,沪深300,3119.6505,3110.1020000000003,3150.4650000000006,3153.868,3307.8203999999996
2016-06-24,3110.65,3077.16,3130.54,3033.97,104792208.0,csi300,沪深300,3120.547,3110.4668000000006,3148.9221666666667,3147.526,3308.0777499999995
2016-06-27,3065.13,3120.54,3120.64,3064.97,83267259.0,csi300,沪深300,3123.3635000000004,3112.7884000000004,3148.6743333333334,3142.4669166666667,3307.6522500000005
2016-06-28,3107.4,3136.4,3139.43,3099.7,92024637.0,csi300,沪深300,3127.0585,3115.1156,3147.343,3137.2546666666667,3306.6228
2016-06-29,3142.48,3151.39,3158.08,3139.13,103723668.0,csi300,沪深300,3131.2925000000005,3117.6823999999997,3146.2313333333336,3132.13975,3305.54705
2016-06-30,3152.83,3153.92,3163.72,3148.2,79692617.0,csi300,沪深300,3130.5105,3121.2968000000005,3145.0984999999996,3127.33075,3304.50625
2016-07-01,3156.93,3154.2,3170.26,3148.29,71746283.0,csi300,沪深300,3130.193,3125.0956,3143.260333333333,3124.7068333333327,3303.4481
2016-07-04,3136.39,3204.7,3210.6,3134.02,133310529.0,csi300,沪深300,3132.0730000000003,3130.7152,3142.3798333333334,3122.422833333333,3303.21915
2016-07-05,3199.16,3207.38,3216.7,3198.0,130226895.0,csi300,沪深300,3132.9755,3136.5104000000006,3142.348,3119.6525833333335,3302.58595
2016-07-06,3197.63,3216.8,3217.52,3183.45,124897458.0,csi300,沪深300,3134.876,3142.5139999999997,3142.8658333333337,3119.006083333333,3301.6734
2016-07-07,3206.55,3209.95,3220.54,3190.12,118595202.0,csi300,沪深300,3136.5209999999997,3144.1296,3142.53,3117.7426666666665,3300.93535
2016-07-08,3199.75,3192.28,3204.93,3183.96,89734855.0,csi300,沪深300,3137.9355,3145.3988,3142.0938333333334,3117.74125,3300.1608
2016-07-11,3199.04,3203.33,3235.96,3197.63,138529511.0,csi300,沪深300,3144.7850000000003,3146.8480000000004,3141.126333333333,3117.6380833333333,3299.7718
2016-07-12,3201.91,3273.18,3273.47,3200.3,172534217.0,csi300,沪深300,3154.645,3150.202,3141.0821666666666,3118.6155833333332,3300.3765500000004
2016-07-13,3274.02,3282.87,3300.99,3271.78,175196090.0,csi300,沪深300,3162.97,3154.3651999999997,3141.259833333333,3119.126416666667,3300.24465
2016-07-14,3277.48,3276.76,3281.95,3259.07,107525798.0,csi300,沪深300,3172.0744999999997,3158.3536000000004,3142.065,3120.443333333333,3300.44345
2016-07-15,3278.84,3276.28,3285.03,3265.29,102665026.0,csi300,沪深300,3180.3705,3162.8452,3142.698,3121.65625,3300.5685
2016-07-18,3269.71,3262.02,3281.64,3251.77,110312518.0,csi300,沪深300,3187.838,3170.6724,3144.047833333333,3121.9803333333334,3300.33735
2016-07-19,3260.43,3248.23,3264.73,3226.2,88886861.0,csi300,沪深300,3194.9335,3177.5624,3145.508333333333,3122.59575,3299.8833499999996
2016-07-20,3246.86,3237.61,3254.51,3232.26,72701255.0,csi300,沪深300,3200.116,3182.4120000000003,3146.5535000000004,3123.897916666667,3299.75625
2016-07-21,3238.34,3252.52,3271.37,3238.3,86004825.0,csi300,沪深300,3206.876,3188.7259999999997,3148.061666666667,3125.05675,3299.59385
2016-07-22,3251.24,3225.16,3253.77,3220.89,86029128.0,csi300,沪深300,3214.276,3193.3179999999998,3148.8283333333334,3125.8589999999995,3299.5598999999997
2016-07-25,3220.17,3230.89,3243.79,3218.14,70203185.0,csi300,沪深300,3219.7934999999998,3198.0468,3149.9111666666663,3128.2788333333333,3299.5006
2016-07-26,3228.23,3269.59,3269.75,3228.01,81051089.0,csi300,沪深300,3226.4530000000004,3204.5776,3151.728,3131.1058333333335,3299.9543
2016-07-27,3270.08,3218.24,3276.51,3157.41,160188665.0,csi300,沪深300,3229.7954999999997,3207.9488,3152.7528333333335,3134.1431666666667,3300.03075
2016-07-28,3204.46,3221.14,3235.78,3195.27,112779964.0,csi300,沪深300,3233.1565,3212.1016,3152.8795,3136.4352500000005,3299.6540499999996
2016-07-29,3217.19,3203.93,3225.42,3198.68,88044837.0,csi300,沪深300,3235.643,3217.1724000000004,3152.7873333333337,3138.9592500000003,3298.9731
2016-08-01,3196.43,3176.81,3199.98,3156.75,87003497.0,csi300,沪深300,3234.2485,3219.4232,3152.1688333333336,3140.7549166666668,3297.6187
2016-08-02,3173.76,3189.05,3189.05,3165.54,62167639.0,csi300,沪深300,3233.332,3221.5292000000004,3153.1471666666666,3142.758333333333,3296.33875
2016-08-03,3179.68,3193.51,3197.16,3173.54,72864102.0,csi300,沪深300,3232.1675,3223.2140000000004,3155.2786666666666,3144.4979166666667,3295.2757500000002
2016-08-04,3190.55,3201.29,3201.55,3170.42,73504373.0,csi300,沪深300,3231.7345,3225.1087999999995,3157.4816666666666,3146.477083333333,3293.84815
2016-08-05,3201.35,3205.11,3224.87,3192.86,77196366.0,csi300,沪深300,3232.376,3227.1451999999995,3159.52,3148.6304166666664,3292.2033500000002
2016-08-08,3199.57,3234.18,3234.48,3187.25,86676051.0,csi300,沪深300,3233.9184999999998,3228.3244,3161.9206666666664,3150.2732499999997,3290.7033500000002
2016-08-09,3232.6,3256.98,3257.33,3229.17,91065259.0,csi300,沪深300,3233.1085,3230.3084,3164.9546666666665,3151.8870833333335,3289.09975
2016-08-10,3255.18,3243.34,3261.86,3242.75,90430372.0,csi300,沪深300,3231.132,3231.37,3167.4218333333333,3153.4674166666664,3287.9502
2016-08-11,3239.56,3233.36,3274.03,3232.61,101041213.0,csi300,沪深300,3228.962,3232.3063999999995,3169.8775,3154.982166666667,3286.49435
2016-08-12,3231.81,3294.23,3294.23,3231.14,116254044.0,csi300,沪深300,3229.8595,3236.3844,3173.6473333333333,3156.4435000000003,3285.1093
2016-08-15,3303.47,3393.42,3417.91,3302.38,220543421.0,csi300,沪深300,3236.4294999999997,3243.988,3179.1626666666666,3158.9773333333333,3284.1300999999994
2016-08-16,3403.38,3378.25,3418.69,3372.02,196389740.0,csi300,沪深300,3242.9305,3248.1908000000003,3184.1631666666667,3161.2165,3283.0569499999997
2016-08-17,3377.77,3373.05,3394.39,3356.92,138847688.0,csi300,沪深300,3249.7025000000003,3251.7980000000007,3188.927,3165.002333333333,3282.2976
2016-08-18,3369.95,3364.49,3394.79,3349.69,142380169.0,csi300,沪深300,3255.301,3255.3071999999997,3193.9424999999997,3168.4728333333337,3281.4534999999996
2016-08-19,3358.55,3365.02,3374.04,3341.19,119961508.0,csi300,沪深300,3262.2940000000003,3258.8568,3199.0389999999998,3172.53575,3280.6082
2016-08-22,3364.68,3336.79,3372.83,3335.47,107951008.0,csi300,沪深300,3267.589,3261.8475999999996,3203.582,3175.9199166666667,3279.9123500000005
2016-08-23,3332.62,3341.83,3359.65,3324.96,92924516.0,csi300,沪深300,3271.201,3265.5915999999997,3208.2375,3178.34075,3279.2940499999995
2016-08-24,3341.93,3329.86,3348.13,3323.73,81191429.0,csi300,沪深300,3276.782,3269.2816,3212.6233333333334,3180.60275,3277.80065
2016-08-25,3314.08,3308.97,3315.08,3279.81,100589153.0,csi300,沪深300,3281.1735,3271.5396,3214.9468333333334,3182.3950833333333,3275.81565
2016-08-26,3312.5,3307.09,3328.95,3301.74,81530691.0,csi300,沪深300,3286.3315000000002,3274.8168,3217.3891666666664,3184.0805000000005,3273.3842500000005
2016-08-29,3306.58,3307.78,3315.08,3297.07,77036333.0,csi300,沪深300,3292.88,3277.8923999999997,3219.733833333333,3185.7480833333334,3270.7213999999994
2016-08-30,3310.32,3311.99,3325.12,3304.6,75725987.0,csi300,沪深300,3299.0269999999996,3279.5884,3221.7781666666665,3187.7487499999997,3268.11515
2016-08-31,3310.57,3327.79,3333.97,3304.66,79570805.0,csi300,沪深300,3305.7409999999995,3283.9704,3224.2615,3190.3707500000005,3265.5858499999995
2016-09-01,3326.74,3301.58,3329.35,3301.21,84947219.0,csi300,沪深300,3310.7555,3287.188,3226.337,3192.731583333333,3263.11715
2016-09-02,3298.72,3314.11,3320.43,3295.76,82791803.0,csi300,沪深300,3316.2055,3291.5951999999997,3228.839,3194.80175,3260.9565000000002
2016-09-05,3321.01,3319.68,3338.42,3314.63,78292477.0,csi300,沪深300,3320.4805,3297.31,3233.0613333333336,3196.8425833333336,3258.73425
2016-09-06,3322.02,3342.63,3347.95,3300.13,98283998.0,csi300,沪深300,3324.763,3303.4531999999995,3237.5055,3198.9475833333336,3256.6554499999997
2016-09-07,3344.07,3340.82,3357.36,3337.75,102940106.0,csi300,沪深300,3329.637,3309.3456,3241.2463333333335,3200.75275,3254.7816500000004
2016-09-08,3338.01,3339.56,3343.4,3328.23,71916158.0,csi300,沪深300,3334.947,3314.8764,3245.3278333333333,3202.149416666667,3252.6046
2016-09-09,3339.37,3318.04,3344.95,3318.04,82657036.0,csi300,沪深300,3336.1375,3319.3936000000003,3248.789166666667,3202.7210833333334,3250.3229000000006
2016-09-12,3271.87,3262.6,3276.72,3234.57,122917682.0,csi300,沪深300,3329.5965000000006,3320.5303999999996,3251.288,3203.027833333333,3247.8691999999996
2016-09-13,3265.34,3260.33,3269.22,3246.39,67180288.0,csi300,沪深300,3323.7005,3320.6644,3253.854833333333,3203.2298333333333,3245.4013999999997
2016-09-14,3245.74,3238.73,3255.0,3231.34,70432697.0,csi300,沪深300,3316.9845,3320.48,3255.601,3203.703833333333,3242.687
2016-09-19,3242.74,3263.12,3264.9,3242.74,58831082.0,csi300,沪深300,3311.916,3321.6704000000004,3258.031,3204.2479999999996,3240.2054500000004
2016-09-20,3264.66,3257.4,3265.04,3252.39,52784206.0,csi300,沪深300,3306.535,3320.1971999999996,3261.0350000000003,3204.978583333333,3238.7075
2016-09-21,3257.71,3266.64,3270.9,3254.32,59142979.0,csi300,沪深300,3303.0275,3315.1259999999997,3263.4700000000003,3206.072166666667,3237.20865
2016-09-22,3281.47,3291.12,3303.2,3277.98,75753542.0,csi300,沪深300,3300.4919999999997,3311.6407999999997,3266.048666666667,3206.695833333333,3235.70575
2016-09-23,3292.28,3275.67,3293.92,3275.02,57993986.0,csi300,沪深300,3297.7825,3307.7456,3268.1200000000003,3207.175666666667,3233.47435
2016-09-26,3267.69,3220.28,3267.69,3220.28,70452186.0,csi300,沪深300,3293.3480000000004,3301.9772000000003,3269.2260000000006,3207.1622500000003,3230.8292500000007
2016-09-27,3214.87,3240.75,3240.78,3214.44,58460550.0,csi300,沪深300,3290.0310000000004,3297.0064,3270.6685,3206.964416666667,3228.64505
2016-09-28,3243.65,3230.89,3243.65,3228.0,44727498.0,csi300,沪深300,3286.1865,3292.7704000000003,3271.105,3206.7424166666665,3226.3614500000003
2016-09-29,3234.86,3244.39,3257.77,3234.8,55452556.0,csi300,沪深300,3282.8065,3288.8728,3271.7218333333335,3207.0349166666665,3224.4682999999995
2016-09-30,3240.18,3253.28,3260.94,3239.04,44978022.0,csi300,沪深300,3279.0809999999997,3285.8096,3272.3298333333337,3207.5978333333333,3222.555
2016-10-10,3265.36,3293.87,3294.64,3258.96,80519260.0,csi300,沪深300,3278.6955000000003,3285.2056,3273.7284999999997,3208.12925,3220.9089499999995
2016-10-11,3296.87,3306.56,3308.0,3292.88,87713163.0,csi300,沪深300,3278.318,3285.1844,3275.6331666666665,3208.8635,3219.4014500000003
2016-10-12,3299.14,3300.01,3302.56,3289.75,68669781.0,csi300,沪深300,3277.3345,3284.8736000000004,3277.2445000000002,3209.1854166666667,3217.3449
2016-10-13,3299.16,3302.65,3307.41,3292.4,81224198.0,csi300,沪深300,3275.3355,3284.5,3277.735666666667,3209.4089166666668,3215.3862000000004
2016-10-14,3298.73,3305.85,3306.69,3285.73,82316271.0,csi300,沪深300,3273.587,3283.6223999999997,3278.118666666667,3209.6892500000004,3213.4882500000003
2016-10-17,3305.96,3277.88,3309.01,3271.54,86113509.0,csi300,沪深300,3270.5029999999997,3282.6744,3278.137333333333,3210.101166666667,3211.0982
2016-10-18,3272.68,3321.33,3321.33,3272.68,102860714.0,csi300,沪深300,3270.6675,3282.9632,3278.8881666666666,3210.793083333333,3208.8653000000004
2016-10-19,3323.3,3316.24,3332.52,3309.83,101167725.0,csi300,沪深300,3273.3495,3282.8256,3279.7918333333337,3211.919833333333,3206.1167
2016-10-20,3317.18,3318.6,3324.9,3312.17,79238871.0,csi300,沪深300,3276.263,3281.8644,3280.9646666666667,3213.2365,3203.3260499999997
2016-10-21,3315.72,3327.74,3341.56,3309.18,109785176.0,csi300,沪深300,3280.7134999999994,3281.3412,3282.466833333333,3214.5101666666665,3200.63285
2016-10-24,3332.51,3367.58,3382.83,3330.97,153014345.0,csi300,沪深300,3285.9365,3282.462,3284.3845,3216.2230833333333,3198.32375
2016-10-25,3367.48,3367.45,3373.91,3356.59,111191693.0,csi300,沪深300,3291.439,3284.4383999999995,3286.756,3217.7921666666666,3195.97
2016-10-26,3365.2,3354.8,3367.83,3349.57,98024786.0,csi300,沪深300,3295.847,3288.1264,3288.821166666667,3219.3661666666667,3194.1058500000004
2016-10-27,3351.46,3345.7,3352.35,3335.13,77629851.0,csi300,沪深300,3298.5759999999996,3291.5412,3290.0896666666663,3220.9088333333334,3192.025
2016-10-28,3347.14,3340.13,3370.75,3337.29,93133309.0,csi300,沪深300,3301.799,3295.5972,3292.1211666666663,3222.4369999999994,3189.8997499999996
2016-10-31,3332.41,3336.28,3340.47,3317.33,71352863.0,csi300,沪深300,3307.5989999999997,3298.5236,3294.0401666666667,3223.4598333333333,3187.92615
2016-11-01,3338.71,3359.05,3359.39,3334.46,74938199.0,csi300,沪深300,3313.514,3302.5896000000002,3296.6255,3224.7064166666664,3187.37605
2016-11-02,3350.71,3333.35,3356.4,3331.38,91197104.0,csi300,沪深300,3318.637,3305.258,3299.2344999999996,3225.701666666667,3186.6489
2016-11-03,3326.9,3365.09,3379.99,3324.84,126223504.0,csi300,沪深300,3324.672,3308.2168000000006,3302.1685,3227.657833333333,3185.7753000000002
2016-11-04,3362.21,3354.17,3377.64,3348.43,104069655.0,csi300,沪深300,3329.7165,3311.3568,3304.8461666666667,3230.0624166666666,3186.0742500000006
2016-11-07,3353.44,3356.59,3362.74,3342.31,99877988.0,csi300,沪深300,3332.8525,3316.8091999999997,3307.4345000000003,3232.458083333333,3186.0494
2016-11-08,3367.7,3371.12,3383.92,3361.13,103148282.0,csi300,沪深300,3336.0805,3322.0239999999994,3310.201333333333,3234.8606666666665,3186.94275
2016-11-09,3370.6,3353.05,3373.1,3322.08,139110059.0,csi300,沪深300,3338.7324999999996,3326.9103999999998,3312.1825000000003,3237.0515833333334,3187.62945
2016-11-10,3374.91,3390.61,3403.02,3374.91,134705535.0,csi300,沪深300,3343.1305,3332.7592,3314.4096666666665,3239.682166666667,3188.8031
2016-11-11,3387.95,3417.22,3422.67,3382.89,198781496.0,csi300,沪深300,3348.6989999999996,3339.3168,3317.3076666666666,3242.36475,3189.78135
2016-11-14,3409.22,3430.25,3452.62,3408.14,213247105.0,csi300,沪深300,3356.3175,3344.772,3320.5891666666666,3245.233333333333,3191.3389500000003
2016-11-15,3428.87,3429.87,3434.92,3415.99,134566320.0,csi300,沪深300,3361.7445,3349.7044,3322.849833333333,3248.2485833333335,3192.8346500000002
2016-11-16,3432.43,3429.59,3435.64,3419.24,129808511.0,csi300,沪深300,3367.4120000000003,3354.8876,3323.452666666666,3251.307666666667,3193.86695
2016-11-17,3423.47,3436.53,3437.67,3412.88,121561731.0,csi300,沪深300,3373.3085,3360.2428000000004,3324.424,3254.293583333333,3195.1777
2016-11-18,3437.49,3417.46,3443.12,3413.27,115951205.0,csi300,沪深300,3377.7945,3364.7072,3325.164166666667,3257.0455833333335,3196.85825
2016-11-21,3412.65,3441.11,3463.14,3412.08,146434529.0,csi300,沪深300,3381.471,3371.2364000000002,3326.4411666666665,3260.1918333333333,3198.4964999999997
2016-11-22,3443.22,3468.36,3469.22,3443.22,168523446.0,csi300,沪深300,3386.5165,3377.1176,3328.1635,3263.6012499999997,3200.19385
2016-11-23,3473.9,3474.73,3492.96,3465.76,162388504.0,csi300,沪深300,3392.513,3383.4572,3330.4625,3267.0222500000004,3202.86495
2016-11-24,3468.81,3488.74,3508.16,3467.01,145746301.0,csi300,沪深300,3399.665,3390.2628000000004,3332.911,3270.57425,3205.6569
2016-11-25,3490.04,3521.3,3521.3,3463.95,153621506.0,csi300,沪深300,3408.7235,3398.0052,3336.101666666667,3274.3625,3208.9945999999995
2016-11-28,3538.68,3535.08,3553.36,3528.32,207375483.0,csi300,沪深300,3418.6635,3404.7052000000003,3339.870166666667,3277.4085,3211.93955
2016-11-29,3525.9,3564.04,3583.72,3521.38,236918356.0,csi300,沪深300,3428.9130000000005,3412.5688,3344.152666666667,3280.770916666667,3215.2544999999996
2016-11-30,3557.64,3538.0,3567.07,3527.02,178560178.0,csi300,沪深300,3439.1455,3419.8968,3347.989666666667,3283.8617499999996,3218.1378499999996
2016-12-01,3543.96,3565.04,3575.97,3543.25,180170761.0,csi300,沪深300,3449.143,3428.6704000000004,3352.2071666666666,3286.9926666666665,3221.21985
2016-12-02,3559.77,3528.95,3562.55,3516.79,196355480.0,csi300,沪深300,3457.882,3436.2232,3355.5598333333337,3289.910666666666,3223.9407999999994
2016-12-05,3473.69,3469.41,3496.88,3457.34,180852355.0,csi300,沪深300,3463.523,3441.5483999999997,3358.3569999999995,3292.347,3226.4689000000003
2016-12-06,3466.24,3459.15,3477.59,3456.81,115529090.0,csi300,沪深300,3467.9244999999996,3445.5524,3360.7743333333337,3294.8066666666664,3229.0310999999997
2016-12-07,3458.37,3475.75,3475.75,3445.76,114345103.0,csi300,沪深300,3474.0595000000003,3451.2484000000004,3363.3755,3298.218416666666,3231.22465
2016-12-08,3481.81,3470.14,3484.34,3466.51,117383922.0,csi300,沪深300,3478.036,3455.4503999999997,3365.500666666667,3301.5030833333335,3233.25875
2016-12-09,3464.87,3493.7,3507.93,3461.76,150303308.0,csi300,沪深300,3481.8600000000006,3461.0316,3368.048666666667,3304.6475,3235.45875
2016-12-12,3489.27,3409.18,3495.8,3400.79,187467751.0,csi300,沪深300,3480.8065,3463.1352,3369.2090000000003,3307.268416666667,3237.2466999999997
2016-12-13,3394.21,3405.04,3416.21,3370.6,121105097.0,csi300,沪深300,3479.5649999999996,3464.492,3370.659,3309.724083333333,3238.67755
2016-12-14,3399.41,3378.95,3412.28,3378.27,124007744.0,csi300,沪深300,3477.0330000000004,3465.528,3372.598166666666,3311.943083333333,3240.1255
2016-12-15,3363.86,3340.43,3378.04,3327.14,114960660.0,csi300,沪深300,3472.228,3463.5208000000002,3373.933166666667,3313.894,3241.2799
2016-12-16,3335.36,3346.03,3356.29,3330.49,90775422.0,csi300,沪深300,3468.6564999999996,3460.6732,3375.7215,3315.66125,3243.4163
2016-12-19,3342.35,3328.98,3344.86,3325.0,81640678.0,csi300,沪深300,3463.0499999999993,3456.6223999999997,3376.8191666666667,3317.4250833333335,3245.32105
2016-12-20,3328.3,3309.06,3329.1,3289.27,87569592.0,csi300,沪深300,3455.0850000000005,3451.79,3377.6801666666665,3319.357583333333,3247.4790000000003
2016-12-21,3313.75,3338.54,3342.48,3313.75,108254995.0,csi300,沪深300,3448.2754999999997,3448.1480000000006,3378.8785,3321.1742499999996,3249.51825
2016-12-22,3335.12,3335.67,3340.36,3322.72,92277249.0,csi300,沪深300,3440.6220000000003,3444.1135999999997,3379.621,3322.8348333333333,3250.93995
2016-12-23,3333.4,3307.6,3334.89,3300.88,97444713.0,csi300,沪深300,3429.9370000000004,3439.7192,3380.153166666666,3324.1365833333334,3252.18585
2016-12-26,3293.22,3322.4,3322.42,3267.05,89793982.0,csi300,沪深300,3419.303,3434.9708,3381.8551666666667,3325.5405833333334,3253.3284
2016-12-27,3319.21,3316.39,3330.23,3315.83,75486359.0,csi300,沪深300,3406.9205,3428.8920000000003,3383.115833333333,3326.8921666666665,3254.38615
2016-12-28,3315.75,3301.89,3320.55,3293.17,69000437.0,csi300,沪深300,3395.1150000000002,3421.9784000000004,3384.2991666666667,3327.702083333333,3255.3572499999996
2016-12-29,3297.04,3297.76,3312.11,3288.1,70087923.0,csi300,沪深300,3381.751,3414.3392,3385.1886666666664,3328.45525,3256.4865000000004
2016-12-30,3302.6,3310.08,3313.55,3295.75,71744116.0,csi300,沪深300,3370.8075,3405.8903999999998,3386.135333333333,3329.2325833333334,3257.97115
2017-01-03,3313.95,3342.23,3345.26,3313.95,86567896.0,csi300,沪深300,3364.4485,3398.1763999999994,3386.941333333333,3330.3349166666667,3259.5908999999997
2017-01-04,3340.56,3368.31,3369.57,3338.15,90050827.0,csi300,沪深300,3359.9064999999996,3390.3472,3387.9705000000004,3331.801833333333,3261.1040000000003
2017-01-05,3368.34,3367.79,3373.41,3361.46,88336357.0,csi300,沪深300,3354.5085,3383.5388000000003,3389.100166666666,3333.1723333333334,3262.56905
2017-01-06,3366.85,3347.67,3368.87,3346.89,87459114.0,csi300,沪深300,3348.3849999999998,3374.8439999999996,3389.8505,3333.7930833333335,3263.8572499999996
2017-01-09,3345.75,3363.9,3366.22,3344.35,83707942.0,csi300,沪深300,3341.8949999999995,3368.2419999999997,3390.8179999999998,3334.468333333333,3265.05575
2017-01-10,3361.64,3358.27,3370.51,3354.09,83819160.0,csi300,沪深300,3339.3495000000003,3363.7963999999997,3392.157833333333,3335.1475833333334,3265.9873
2017-01-11,3355.8,3334.5,3366.63,3334.3,91071438.0,csi300,沪深300,3335.8224999999998,3358.8104,3392.377333333333,3335.6327499999998,3266.4126
2017-01-12,3332.69,3317.62,3343.13,3315.96,81239135.0,csi300,沪深300,3332.756,3352.4852,3392.4003333333335,3336.096083333333,3266.87175
2017-01-13,3317.96,3319.91,3338.17,3309.37,84180589.0,csi300,沪深300,3331.7300000000005,3346.4759999999997,3392.4221666666663,3336.693416666667,3267.2908500000003
2017-01-16,3314.15,3319.45,3322.78,3264.21,157779135.0,csi300,沪深300,3330.4010000000003,3339.506,3392.284,3337.3754166666668,3267.97885
2017-01-17,3305.6,3326.36,3327.38,3292.2,69453328.0,csi300,沪深300,3330.2699999999995,3336.1931999999997,3391.5969999999998,3337.99075,3268.62155
2017-01-18,3323.34,3339.37,3350.96,3320.41,70623227.0,csi300,沪深300,3331.7855000000004,3333.5664,3391.1290000000004,3338.9425,3269.4697499999997
2017-01-19,3330.95,3329.29,3346.5,3324.68,66159808.0,csi300,沪深300,3331.3230000000003,3331.58,3390.703833333333,3339.7625,3270.4391499999997
2017-01-20,3326.98,3354.89,3358.41,3326.37,65300462.0,csi300,沪深300,3332.2840000000006,3332.1584,3390.8570000000004,3340.4733333333334,3271.1322000000005
2017-01-23,3359.05,3364.08,3378.74,3355.85,75557498.0,csi300,沪深300,3335.1079999999993,3332.8804,3391.2561666666666,3341.688666666667,3271.8621499999995
2017-01-24,3363.14,3364.45,3371.32,3355.9,66194226.0,csi300,沪深300,3337.2105,3334.2992,3391.7256666666667,3342.8829166666665,3272.5749500000006
2017-01-25,3361.66,3375.9,3376.44,3357.22,58376931.0,csi300,沪深300,3340.186,3336.9728000000005,3392.0065,3344.316,3273.1319999999996
2017-01-26,3378.26,3387.96,3395.88,3378.26,65316647.0,csi300,沪深300,3344.4895000000006,3338.9495999999995,3392.9166666666665,3346.0755833333333,3273.7841500000004
2017-02-03,3390.93,3364.49,3392.48,3362.57,55188861.0,csi300,沪深300,3347.826,3340.1023999999998,3392.9066666666668,3347.5375833333333,3274.5601500000002
2017-02-06,3368.11,3373.21,3381.33,3358.75,68521360.0,csi300,沪深300,3350.9824999999996,3342.7268,3393.224,3349.035083333333,3275.49755
2017-02-07,3371.77,3365.68,3376.71,3354.63,63754462.0,csi300,沪深300,3352.155,3344.458,3393.3755,3350.4049999999997,3276.1754500000006
2017-02-08,3361.78,3383.29,3383.69,3347.43,75402879.0,csi300,沪深300,3352.904,3347.1339999999996,3393.5783333333334,3351.8898333333336,3276.9996499999997
2017-02-09,3381.9,3396.29,3406.59,3379.79,97558515.0,csi300,沪深300,3354.329,3350.91,3394.299,3353.24075,3277.6742
2017-02-10,3398.32,3413.49,3422.33,3398.03,123768720.0,csi300,沪深300,3357.62,3355.5391999999997,3394.6803333333332,3354.5449999999996,3278.3625
2017-02-13,3416.92,3436.27,3439.54,3416.87,120144538.0,csi300,沪深300,3361.2384999999995,3360.5868,3394.9978333333333,3356.15275,3279.1828000000005
2017-02-14,3438.51,3435.8,3440.67,3424.4,94809465.0,csi300,沪深300,3365.1150000000002,3364.3296,3395.0903333333335,3357.8397499999996,3280.21955
2017-02-15,3435.39,3421.71,3448.03,3417.08,127643338.0,csi300,沪深300,3369.4754999999996,3366.4655999999995,3394.9543333333336,3358.9020833333334,3281.1366000000003
2017-02-16,3421.83,3440.93,3440.93,3418.35,108276962.0,csi300,沪深300,3375.6409999999996,3369.3912,3395.143333333333,3359.2980000000002,3282.4361
2017-02-17,3443.62,3421.44,3457.56,3419.61,114600036.0,csi300,沪深300,3380.7175,3372.342,3394.891833333333,3359.6579166666666,3283.7403000000004
2017-02-20,3421.64,3471.39,3472.6,3421.64,132628862.0,csi300,沪深300,3388.3144999999995,3376.6416,3395.7906666666668,3360.477416666667,3285.2227500000004
2017-02-21,3475.06,3482.82,3490.09,3472.02,114842009.0,csi300,沪深300,3396.1375,3381.6236,3396.485833333333,3361.4635,3286.8266999999996
2017-02-22,3483.2,3489.76,3489.95,3473.52,102815994.0,csi300,沪深300,3403.657,3387.8340000000003,3396.8424999999997,3362.5029999999997,3288.3796999999995
2017-02-23,3487.57,3473.32,3492.96,3460.12,99536330.0,csi300,沪深300,3410.8585,3394.0619999999994,3396.8190000000004,3363.6407499999996,3289.9167
2017-02-24,3468.96,3473.85,3473.85,3455.25,95535133.0,csi300,沪深300,3416.8065,3400.2196000000004,3396.570833333333,3364.740916666667,3291.48305
2017-02-27,3471.13,3446.22,3472.84,3441.39,98672160.0,csi300,沪深300,3420.9135,3405.2904000000003,3395.3195,3365.710583333333,3292.9303999999997
2017-02-28,3445.03,3452.81,3460.91,3441.36,75215260.0,csi300,沪深300,3425.3315000000002,3410.3484000000003,3393.9483333333333,3366.9092499999997,3294.12675
2017-03-01,3452.21,3458.44,3472.7,3449.11,103260354.0,csi300,沪深300,3429.4584999999997,3415.1112,3392.1883333333335,3368.1704999999997,3295.3716499999996
2017-03-02,3463.48,3435.1,3468.47,3434.0,89898077.0,csi300,沪深300,3431.8154999999997,3419.3435999999997,3390.4733333333334,3369.2315000000003,3296.47755
2017-03-03,3424.66,3427.86,3428.88,3412.83,80994652.0,csi300,沪深300,3434.9839999999995,3422.2624,3388.187,3370.1970833333335,3297.9651
2017-03-06,3427.25,3446.48,3449.03,3425.9,83070882.0,csi300,沪深300,3438.6475,3425.5584000000003,3386.8125,3371.1861666666664,3299.8693999999996
2017-03-07,3446.16,3453.96,3454.04,3440.06,80334720.0,csi300,沪深300,3443.0615,3429.1388,3386.5550000000003,3372.456,3301.79365
2017-03-08,3452.2,3448.73,3457.04,3441.26,79587690.0,csi300,沪深300,3446.3334999999997,3432.0519999999997,3386.381333333333,3373.5778333333333,3303.62325
2017-03-09,3442.9,3426.94,3443.05,3414.68,84570381.0,csi300,沪深300,3447.8660000000004,3433.6112,3385.567833333333,3374.4716666666664,3305.30725
2017-03-10,3423.98,3427.89,3436.24,3423.94,70016199.0,csi300,沪深300,3448.5860000000002,3436.1472,3384.8636666666666,3375.1821666666665,3307.0719999999997
2017-03-13,3425.67,3458.1,3458.1,3412.69,91684124.0,csi300,沪深300,3449.6775000000002,3439.5428,3384.2703333333334,3376.1594999999998,3308.88595
2017-03-14,3456.66,3456.69,3465.39,3448.9,77077963.0,csi300,沪深300,3450.722,3443.1832,3385.062166666667,3377.135583333333,3310.7392999999997
2017-03-15,3452.21,3463.64,3463.92,3445.27,79104954.0,csi300,沪深300,3452.8185000000003,3446.3972000000003,3386.038833333333,3378.348916666667,3312.7173
2017-03-16,3472.27,3481.51,3492.13,3472.27,106333913.0,csi300,沪深300,3454.8475,3449.8059999999996,3387.7481666666667,3380.173166666667,3314.8123499999997
2017-03-17,3485.31,3445.81,3488.5,3441.47,103755560.0,csi300,沪深300,3456.066,3451.0988,3389.5045,3381.7188333333334,3316.6503
2017-03-20,3449.05,3449.61,3454.06,3429.83,88734322.0,csi300,沪深300,3454.977,3451.6324,3391.230833333333,3383.476166666667,3318.4622499999996
2017-03-21,3449.77,3466.35,3466.7,3445.64,87707855.0,csi300,沪深300,3454.1535000000003,3452.8544,3393.5203333333334,3385.16975,3320.4762
2017-03-22,3450.75,3450.05,3464.33,3433.5,104935894.0,csi300,沪深300,3452.168,3453.988,3395.870166666667,3386.775166666667,3322.4302999999995
2017-03-23,3452.41,3461.98,3470.82,3435.69,94318062.0,csi300,沪深300,3451.601,3454.83,3397.9275,3388.403,3324.4191499999997
2017-03-24,3464.2,3489.6,3499.32,3461.11,125645833.0,csi300,沪深300,3452.3884999999996,3457.5564,3400.493,3390.057,3326.55465
2017-03-27,3488.76,3478.04,3505.98,3474.52,107015377.0,csi300,沪深300,3453.9795,3457.8224,3403.333666666667,3391.7434166666667,3328.6113
2017-03-28,3480.25,3469.81,3482.29,3461.47,84194820.0,csi300,沪深300,3454.8295,3457.302,3405.7905,3393.822833333333,3330.11255
2017-03-29,3472.97,3465.19,3483.06,3455.55,104851706.0,csi300,沪深300,3455.167,3456.3192,3408.2705,3395.6931666666665,3331.63575
2017-03-30,3461.62,3436.76,3467.3,3422.37,116376922.0,csi300,沪深300,3455.25,3454.8568,3410.518333333333,3397.4087500000005,3332.9840499999996
2017-03-31,3434.82,3456.05,3456.31,3430.82,91577491.0,csi300,沪深300,3456.6595,3454.1448,3413.1565,3399.1725833333335,3334.31765
2017-04-05,3476.42,3503.89,3504.54,3475.15,143399017.0,csi300,沪深300,3459.5299999999997,3456.4516,3416.3866666666663,3401.261,3335.94315
2017-04-06,3507.99,3514.05,3517.78,3495.72,136767004.0,csi300,沪深300,3462.5345,3458.9012,3419.250333333334,3403.0958333333333,3337.62815
2017-04-07,3514.45,3517.46,3526.81,3506.39,140293204.0,csi300,沪深300,3465.9710000000005,3461.262,3421.7361666666666,3404.853333333333,3339.3955000000005
2017-04-10,3519.46,3505.14,3522.8,3502.08,141887380.0,csi300,沪深300,3469.8810000000003,3464.0636000000004,3424.0253333333335,3406.5627499999996,3341.5894999999996
2017-04-11,3503.83,3517.33,3520.13,3466.14,165945832.0,csi300,沪深300,3474.353,3467.6424000000006,3426.853,3408.3517500000003,3343.79625
2017-04-12,3514.57,3509.44,3523.1,3498.0,181824537.0,csi300,沪深300,3476.9199999999996,3470.1607999999997,3429.2786666666666,3410.048333333333,3345.7616
2017-04-13,3500.28,3514.57,3518.44,3496.57,129981813.0,csi300,沪深300,3479.814,3472.5852,3431.883666666667,3412.02075,3347.8611
2017-04-14,3516.81,3486.5,3517.47,3476.95,135474078.0,csi300,沪深300,3480.957,3474.0960000000005,3434.4170000000004,3413.397166666667,3349.7418
2017-04-17,3475.74,3479.94,3480.57,3453.68,117164961.0,csi300,沪深300,3480.8785000000003,3476.2160000000003,3437.1223333333332,3414.761333333334,3351.57815
2017-04-18,3474.89,3462.74,3489.08,3462.63,110927823.0,csi300,沪深300,3481.725,3477.61,3439.5028333333335,3415.9625,3353.3602499999997
2017-04-19,3452.99,3445.88,3459.35,3418.51,121349264.0,csi300,沪深300,3481.5385,3477.1212,3441.61,3416.947,3354.9198499999998
2017-04-20,3444.52,3461.55,3465.61,3440.72,114184208.0,csi300,沪深300,3481.2985,3477.3156,3443.863166666667,3417.7300833333334,3356.6410000000005
2017-04-21,3461.39,3466.79,3475.56,3449.54,104419110.0,csi300,沪深300,3482.1354999999994,3477.4415999999997,3445.9868333333334,3418.557916666666,3358.5891500000002
2017-04-24,3458.23,3431.26,3458.23,3403.98,114660791.0,csi300,沪深300,3480.5995000000003,3475.4316000000003,3447.6863333333336,3419.195083333333,3360.1427499999995
2017-04-25,3427.73,3440.97,3449.67,3422.65,94072148.0,csi300,沪深300,3478.168,3475.2380000000003,3449.121,3419.989,3361.6656
2017-04-26,3440.25,3445.18,3466.57,3439.15,111940029.0,csi300,沪深300,3476.525,3475.0608,3450.472666666667,3420.864416666667,3363.1345499999998
2017-04-27,3435.1,3446.72,3449.27,3399.54,123298425.0,csi300,沪深300,3475.3705,3474.2756,3451.8438333333334,3421.78475,3364.5985499999997
2017-04-28,3439.57,3439.75,3439.9,3417.24,101632351.0,csi300,沪深300,3474.0985,3473.8635999999997,3452.9080000000004,3422.45725,3366.0262999999995
2017-05-02,3427.92,3426.58,3436.31,3418.67,92797462.0,csi300,沪深300,3473.5895000000005,3472.4476,3453.5516666666667,3423.2341666666666,3367.1357000000003
2017-05-03,3421.76,3413.13,3432.22,3403.08,91669624.0,csi300,沪深300,3471.4435,3469.3888,3454.362333333333,3423.6345,3368.16445
2017-05-04,3404.94,3404.39,3421.4,3391.28,103482075.0,csi300,沪深300,3466.4685,3466.4428000000003,3454.882,3424.0530000000003,3369.1023999999998
2017-05-05,3393.48,3382.55,3395.45,3366.56,109895333.0,csi300,沪深300,3459.8934999999997,3462.9524,3455.1631666666667,3424.269333333333,3369.9653999999996
2017-05-08,3369.11,3358.81,3374.16,3339.57,123749287.0,csi300,沪深300,3451.9610000000002,3458.6972000000005,3454.755166666667,3424.16675,3370.79805
2017-05-09,3342.6,3352.53,3358.05,3327.59,76771668.0,csi300,沪深300,3444.3305,3455.3280000000004,3454.025833333333,3424.1624166666666,3371.5440500000004
2017-05-10,3350.65,3337.7,3369.43,3336.0,92082628.0,csi300,沪深300,3435.3489999999997,3450.594,3452.762666666667,3423.7214999999997,3371.86665
2017-05-11,3322.95,3356.65,3359.6,3312.89,109252890.0,csi300,沪深300,3427.7095,3444.7044,3451.4356666666667,3423.21675,3372.23555
2017-05-12,3350.94,3385.38,3387.27,3349.17,93386466.0,csi300,沪深300,3421.25,3439.5576,3450.595333333333,3422.8428333333336,3372.7786499999997
2017-05-15,3391.59,3399.19,3406.58,3391.59,82977611.0,csi300,沪深300,3416.8845,3434.8268,3450.2200000000003,3422.5871666666667,3373.3932
2017-05-16,3390.93,3428.65,3428.85,3373.55,105242416.0,csi300,沪深300,3414.3200000000006,3431.7672,3450.0153333333337,3422.579333333333,3374.22635
2017-05-17,3423.19,3409.97,3433.97,3408.15,99736837.0,csi300,沪深300,3411.6814999999997,3427.4727999999996,3449.8241666666668,3422.358,3375.03505
2017-05-18,3387.67,3398.11,3409.93,3383.94,85759589.0,csi300,沪深300,3409.293,3423.0196,3448.602833333333,3422.19675,3375.83755
2017-05-19,3395.23,3403.85,3405.94,3392.38,71473525.0,csi300,沪深300,3406.4080000000004,3418.5908,3447.286666666667,3421.88625,3376.5942000000005
2017-05-22,3400.59,3411.24,3424.18,3391.17,92539559.0,csi300,沪深300,3403.6305,3415.5804,3445.978,3421.4102500000004,3377.5246
2017-05-23,3405.03,3424.19,3434.77,3401.53,116911033.0,csi300,沪深300,3403.2769999999996,3413.3504,3445.1591666666664,3420.9890833333334,3378.4910999999997
2017-05-24,3409.72,3424.17,3424.17,3383.89,83553161.0,csi300,沪深300,3402.4370000000004,3411.8076,3444.3311666666664,3420.451,3379.264
2017-05-25,3414.4,3485.66,3490.42,3413.22,130721631.0,csi300,沪深300,3404.4610000000002,3413.3988,3444.9885,3420.154,3380.6011
2017-05-26,3479.62,3480.43,3498.31,3473.04,103241153.0,csi300,沪深300,3406.1465,3414.1539999999995,3445.4488333333334,3419.698583333333,3381.89755
2017-05-31,3495.07,3492.88,3515.08,3474.92,104829744.0,csi300,沪深300,3408.803,3415.1976,3446.0228333333334,3419.105583333333,3383.3423
2017-06-01,3485.22,3497.74,3499.81,3476.43,103127724.0,csi300,沪深300,3412.361,3417.8568,3447.0668333333333,3418.7700833333333,3384.94695
2017-06-02,3491.59,3486.51,3498.12,3470.2,82668010.0,csi300,沪深300,3416.03,3419.6784,3448.0443333333333,3418.1156666666666,3386.43425
2017-06-05,3480.17,3468.75,3484.12,3462.31,79738152.0,csi300,沪深300,3419.2479999999996,3420.6212,3448.4155,3417.614,3387.81045
2017-06-06,3464.38,3492.88,3492.88,3460.45,64089388.0,csi300,沪深300,3424.7644999999998,3422.4676,3449.0641666666666,3417.809583333333,3389.2684000000004
2017-06-07,3493.88,3533.87,3537.09,3491.13,104419968.0,csi300,沪深300,3433.5175000000004,3426.2324,3450.483166666667,3418.43225,3390.9121999999998
2017-06-08,3531.24,3560.98,3562.27,3528.18,90224905.0,csi300,沪深300,3443.94,3431.6083999999996,3452.717166666667,3419.1425000000004,3392.5461999999998
2017-06-09,3561.24,3576.17,3590.89,3560.63,101188265.0,csi300,沪深300,3455.8635000000004,3438.13,3455.1884999999997,3420.026083333333,3394.14215
2017-06-12,3570.22,3574.39,3603.69,3565.9,90381167.0,csi300,沪深300,3466.7504999999996,3444.93,3457.1266666666666,3420.6985,3395.7974
2017-06-13,3569.16,3582.27,3584.41,3559.21,75177138.0,csi300,沪深300,3476.5950000000003,3452.9188,3459.2196666666664,3422.1409166666663,3397.5419500000003
2017-06-14,3571.25,3535.3,3571.25,3530.27,83810783.0,csi300,沪深300,3483.4004999999997,3459.9783999999995,3460.4139999999998,3423.226416666667,3398.7473
2017-06-15,3530.75,3528.79,3542.28,3508.95,82632535.0,csi300,沪深300,3488.4075,3467.0288,3461.2019999999998,3424.4750833333333,3399.4241500000003
2017-06-16,3522.97,3518.76,3536.14,3514.39,76452707.0,csi300,沪深300,3493.847,3474.2712,3462.4178333333334,3425.961166666667,3400.1267000000003
2017-06-19,3520.06,3553.67,3554.91,3520.06,79797141.0,csi300,沪深300,3501.625,3482.152,3464.1521666666667,3427.6915,3401.0298
2017-06-20,3560.79,3546.49,3563.7,3539.51,80509559.0,csi300,沪深300,3508.757,3488.5964000000004,3465.4878333333336,3429.5040833333333,3401.9397999999997
2017-06-21,3567.13,3587.96,3587.99,3545.57,87859824.0,csi300,沪深300,3517.593,3496.1472,3467.786333333333,3431.82825,3403.0545
2017-06-22,3583.56,3590.34,3635.53,3581.34,135526987.0,csi300,沪深300,3525.9005000000006,3502.6148,3469.925666666667,3433.9265833333334,3404.3222499999997
2017-06-23,3583.44,3622.88,3623.24,3569.32,105129134.0,csi300,沪深300,3535.8360000000002,3511.1312,3472.147,3436.3199999999997,3405.7275
2017-06-26,3627.02,3668.09,3671.94,3627.02,134637995.0,csi300,沪深300,3544.9575000000004,3521.9303999999997,3475.3145,3439.3240833333334,3407.41865
2017-06-27,3665.58,3674.72,3676.53,3648.76,97558702.0,csi300,沪深300,3554.672,3532.7652,3478.7296666666666,3442.260083333333,3409.2474000000007
2017-06-28,3664.16,3646.17,3672.19,3644.03,97920858.0,csi300,沪深300,3562.3365,3542.1623999999997,3481.7459999999996,3445.0082500000003,3410.9428
2017-06-29,3649.25,3668.83,3669.13,3644.73,85589498.0,csi300,沪深300,3570.8910000000005,3551.948,3485.613833333334,3448.066083333333,3412.7480500000006
2017-06-30,3654.73,3666.8,3669.76,3646.23,81510028.0,csi300,沪深300,3579.9054999999994,3561.6532,3489.126333333333,3451.141416666667,3414.5220999999997
2017-07-03,3667.23,3650.85,3667.6,3633.78,88820860.0,csi300,沪深300,3589.0104999999994,3568.2608,3491.5756666666666,3453.9811666666665,3416.1374
2017-07-04,3646.83,3619.98,3646.85,3611.69,95071413.0,csi300,沪深300,3595.3655,3573.8428000000004,3493.3411666666666,3456.2957499999998,3417.7293999999993
2017-07-05,3611.9,3659.68,3660.73,3610.46,88232425.0,csi300,沪深300,3601.6560000000004,3580.5148,3495.7115,3458.723833333333,3419.45725
2017-07-06,3654.56,3660.1,3666.77,3629.56,102379245.0,csi300,沪深300,3606.6119999999996,3587.0092,3498.2941666666666,3461.1597500000003,3421.15935
2017-07-07,3647.64,3655.93,3657.11,3631.87,103735497.0,csi300,沪深300,3610.6,3593.7860000000005,3500.6041666666665,3463.728583333333,3422.7258500000003
2017-07-10,3647.94,3653.69,3667.85,3641.53,120591910.0,csi300,沪深300,3614.565,3601.1836,3503.008333333333,3466.1435,3424.2901999999995
2017-07-11,3646.88,3670.81,3701.21,3645.99,118760826.0,csi300,沪深300,3618.9919999999997,3608.3008,3505.612333333333,3468.748,3425.9464500000004
2017-07-12,3672.63,3658.82,3691.58,3640.59,122287792.0,csi300,沪深300,3625.168,3613.2988,3508.4843333333333,3471.4506666666666,3427.65035
2017-07-13,3656.35,3686.92,3690.48,3652.57,125669549.0,csi300,沪深300,3633.0745,3618.3364,3511.9339999999997,3474.5281666666665,3429.7719500000003
2017-07-14,3682.62,3703.09,3703.09,3672.74,105514005.0,csi300,沪深300,3642.291,3623.4131999999995,3515.939833333333,3477.7213333333334,3431.9857500000003
2017-07-17,3700.62,3663.56,3716.47,3621.37,178821600.0,csi300,沪深300,3647.7855000000004,3626.98,3519.5678333333335,3480.588916666667,3434.1099
2017-07-18,3648.49,3667.18,3667.54,3622.04,124622056.0,csi300,沪深300,3653.8199999999997,3630.3764,3522.9950000000003,3483.4290833333334,3436.1301999999996
2017-07-19,3660.87,3729.75,3731.05,3658.2,182477787.0,csi300,沪深300,3660.9094999999993,3638.1544,3527.3776666666668,3486.68225,3438.49195
2017-07-20,3725.14,3747.88,3750.19,3723.07,142410039.0,csi300,沪深300,3668.7864999999997,3646.9179999999997,3532.654666666667,3490.1705,3440.89815
2017-07-21,3738.18,3728.6,3751.69,3722.07,117941226.0,csi300,沪深300,3674.0724999999998,3655.3115999999995,3537.4484999999995,3493.28475,3443.08555
2017-07-24,3724.38,3743.47,3755.19,3719.85,134868722.0,csi300,沪深300,3677.8415,3662.9035999999996,3542.4199999999996,3496.4463333333333,3445.42455
2017-07-25,3742.64,3719.56,3752.16,3713.28,121672059.0,csi300,沪深300,3680.0834999999997,3669.8263999999995,3546.967333333333,3499.4055833333337,3447.9209499999997
2017-07-26,3722.88,3705.39,3738.53,3684.18,136325210.0,csi300,沪深300,3683.0445,3674.5236,3551.3946666666666,3502.1513333333332,3450.24415
2017-07-27,3700.86,3712.19,3716.69,3672.5,145002904.0,csi300,沪深300,3685.2125,3679.3976000000002,3556.1548333333335,3504.8532499999997,3452.65065
2017-07-28,3703.49,3721.89,3725.54,3696.78,111411392.0,csi300,沪深300,3687.9670000000006,3683.3579999999997,3561.3008333333332,3507.831583333333,3455.03815
2017-07-31,3722.43,3737.87,3746.52,3713.66,148429039.0,csi300,沪深300,3692.318,3686.1492000000003,3566.858833333333,3510.8704166666666,3457.4611
2017-08-01,3738.74,3770.38,3770.4,3737.1,152546539.0,csi300,沪深300,3699.8380000000006,3689.9755999999998,3573.3226666666665,3514.242916666667,3459.84365
2017-08-02,3768.19,3760.85,3784.35,3759.28,172293383.0,csi300,沪深300,3704.8965,3694.5628,3580.023333333333,3517.3892499999997,3462.1151
2017-08-03,3755.11,3727.83,3766.35,3718.44,146153944.0,csi300,沪深300,3708.2830000000004,3696.9228000000003,3586.2783333333336,3520.1520833333334,3464.2542
2017-08-04,3724.72,3707.58,3738.73,3707.0,157470060.0,csi300,沪深300,3710.8655,3698.554,3592.4429999999998,3522.6028333333334,3466.2788499999997
2017-08-07,3701.22,3726.79,3730.78,3689.96,124231530.0,csi300,沪深300,3714.5204999999996,3701.5915999999997,3598.612,3525.023833333333,3468.38355
2017-08-08,3724.33,3732.21,3737.33,3718.81,137241928.0,csi300,沪深300,3717.5905,3706.0808,3604.3925,3527.493916666667,3470.6551999999997
2017-08-09,3728.03,3731.04,3739.0,3713.57,124679989.0,csi300,沪深300,3721.2015,3708.9352000000003,3609.923333333333,3530.0716666666663,3472.70375
2017-08-10,3724.96,3715.92,3746.86,3688.18,130085128.0,csi300,沪深300,3722.6515,3711.1679999999997,3614.7111666666665,3532.3632500000003,3474.70215
2017-08-11,3687.93,3647.35,3700.49,3645.09,150387421.0,csi300,沪深300,3719.8644999999997,3710.8248,3618.6675,3534.2458333333334,3476.3459000000003
2017-08-14,3651.38,3694.68,3698.37,3651.38,115308451.0,csi300,沪深300,3721.4205,3712.4644,3623.610333333333,3536.106583333333,3478.1806
2017-08-15,3695.78,3706.06,3719.29,3692.28,106444857.0,csi300,沪深300,3723.3645000000006,3713.8743999999992,3628.6471666666666,3537.9669166666663,3479.873
2017-08-16,3701.13,3701.42,3707.14,3679.73,104134141.0,csi300,沪深300,3721.9480000000003,3715.5784000000003,3633.4835000000003,3539.73075,3481.5428500000003
2017-08-17,3707.07,3721.28,3722.62,3704.41,108656251.0,csi300,沪深300,3720.618,3716.9528000000005,3638.435,3541.7970833333334,3483.3752499999996
2017-08-18,3707.19,3724.67,3733.49,3700.41,96561705.0,csi300,沪深300,3720.4214999999995,3717.8160000000003,3643.4433333333336,3543.8872499999998,3485.2701
2017-08-21,3731.84,3740.99,3744.26,3728.62,100313073.0,csi300,沪深300,3720.2974999999997,3720.9131999999995,3647.6988333333334,3546.3436666666666,3487.2744000000002
2017-08-22,3745.75,3752.3,3758.29,3734.56,100292856.0,csi300,沪深300,3721.9345000000003,3724.3179999999998,3652.23,3548.839416666667,3489.3545
2017-08-23,3747.61,3756.09,3772.46,3741.72,104961573.0,csi300,沪深300,3724.4695,3725.3716,3656.616833333333,3551.3198333333335,3491.3397000000004
2017-08-24,3755.89,3734.65,3765.71,3729.09,89947372.0,csi300,沪深300,3725.5924999999997,3724.8424,3660.5653333333335,3553.816083333333,3493.3462
2017-08-25,3736.29,3795.75,3795.97,3736.29,129940900.0,csi300,沪深300,3729.2854999999995,3727.5284,3665.7193333333335,3556.8818333333334,3495.4995
2017-08-28,3805.66,3842.71,3866.94,3805.66,185576325.0,csi300,沪深300,3734.5275,3731.498,3671.9519999999998,3560.1837499999997,3497.9421999999995
2017-08-29,3839.18,3834.54,3847.93,3825.76,128227070.0,csi300,沪深300,3737.7355,3736.0972,3677.646333333333,3563.35525,3500.3319500000002
2017-08-30,3834.27,3834.3,3854.71,3827.86,141352857.0,csi300,沪深300,3741.4080000000004,3741.2536000000005,3682.6535,3566.5683333333336,3502.64785
2017-08-31,3835.84,3822.09,3840.2,3800.89,132944935.0,csi300,沪深300,3746.121,3745.6496,3687.0053333333335,3569.86125,3504.99305
2017-09-01,3825.34,3830.54,3843.62,3818.16,158645511.0,csi300,沪深300,3752.2690000000002,3749.9956,3691.244833333333,3573.2166666666667,3507.1926999999996
2017-09-04,3828.54,3845.62,3847.09,3813.55,149566320.0,csi300,沪深300,3758.2105,3754.3056,3695.7653333333333,3576.4460000000004,3509.3347
2017-09-05,3845.55,3857.05,3865.29,3841.95,124964155.0,csi300,沪深300,3764.4525000000003,3757.7724,3700.3450000000003,3579.7823333333336,3511.4687
2017-09-06,3846.75,3849.45,3858.25,3831.38,131398723.0,csi300,沪深300,3770.3730000000005,3761.3164,3705.5808333333334,3582.9974166666666,3513.5665999999997
2017-09-07,3851.69,3829.87,3858.16,3828.84,123884181.0,csi300,沪深300,3776.0704999999994,3765.3979999999997,3710.598833333333,3585.9004166666664,3515.5679999999998
2017-09-08,3830.07,3825.99,3843.02,3813.98,106036504.0,csi300,沪深300,3785.0025,3770.1344,3715.7193333333335,3589.068583333333,3517.5152999999996
2017-09-11,3828.34,3825.65,3850.74,3817.51,123883997.0,csi300,沪深300,3791.5509999999995,3774.0888,3720.2523333333334,3592.2022500000003,3519.55625
2017-09-12,3832.24,3837.93,3849.39,3822.0,144190242.0,csi300,沪深300,3798.1445,3778.3176000000003,3725.1096666666663,3595.2987500000004,3521.54035
2017-09-13,3835.55,3842.61,3847.78,3822.94,95410785.0,csi300,沪深300,3805.204,3782.7803999999996,3729.353833333333,3598.570083333333,3523.4116
2017-09-14,3843.57,3829.96,3854.49,3820.09,115358583.0,csi300,沪深300,3810.638,3787.342,3733.3475000000003,3601.6365833333334,3525.1877499999996
2017-09-15,3826.14,3831.3,3843.3,3818.52,122427006.0,csi300,沪深300,3815.9695,3794.7,3736.8211666666666,3604.4840833333337,3526.90055
2017-09-18,3832.96,3843.14,3862.36,3832.96,117934405.0,csi300,沪深300,3821.0769999999998,3800.6384000000003,3739.7386666666666,3607.5265833333333,3528.50975
2017-09-19,3849.88,3832.12,3857.3,3820.29,112432987.0,csi300,沪深300,3825.068,3805.6808,3742.362,3610.545833333333,3529.99495
2017-09-20,3830.15,3842.44,3850.94,3827.89,101129542.0,csi300,沪深300,3829.3854999999994,3811.3215999999998,3745.633166666667,3613.6895833333333,3531.38695
2017-09-21,3843.26,3837.82,3860.8,3837.38,111098192.0,csi300,沪深300,3834.5440000000003,3815.9832,3748.449666666667,3617.03175,3532.8860500000005
2017-09-22,3826.46,3837.73,3842.25,3816.82,100619802.0,csi300,沪深300,3836.643,3820.5056,3751.2985,3620.2124166666667,3534.2495
2017-09-25,3829.22,3817.79,3835.39,3811.12,103948976.0,csi300,沪深300,3835.397,3823.5776,3754.0808333333334,3622.8282499999996,3535.6937000000007
2017-09-26,3810.33,3820.78,3821.69,3808.38,81869407.0,csi300,沪深300,3834.7090000000003,3826.3168,3757.4275,3625.3843333333334,3537.45055
2017-09-27,3818.96,3821.2,3832.57,3818.81,85655811.0,csi300,沪深300,3834.054,3828.9212000000007,3760.1195000000002,3627.9155000000005,3539.2608
2017-09-28,3821.59,3822.54,3827.33,3813.75,93544069.0,csi300,沪深300,3834.0765,3832.4368,3762.826833333333,3630.5605,3540.99475
2017-09-29,3825.2,3836.5,3852.22,3825.2,93306028.0,csi300,沪深300,3834.3744999999994,3834.0668,3765.836333333333,3633.22025,3542.8265499999998
2017-10-09,3910.12,3882.21,3918.84,3876.03,135535851.0,csi300,沪深300,3836.204,3835.6468000000004,3769.645,3636.326666666667,3544.7691000000004
2017-10-10,3883.0,3889.86,3900.74,3855.47,112532586.0,csi300,沪深300,3837.8445,3837.8596000000002,3773.295833333333,3639.454083333333,3547.1725
2017-10-11,3886.82,3902.69,3913.07,3885.5,104418151.0,csi300,沪深300,3840.5065000000004,3840.5951999999997,3777.360333333333,3642.9223333333334,3549.6607499999996
2017-10-12,3902.02,3912.95,3917.44,3897.55,94340921.0,csi300,沪深300,3844.6605000000004,3844.2296,3781.1275000000005,3646.53075,3552.33075
2017-10-13,3912.98,3921.0,3927.17,3908.89,90142068.0,csi300,沪深300,3849.411,3847.8480000000004,3784.759333333334,3650.3495833333336,3555.2336000000005
2017-10-16,3926.28,3913.45,3947.42,3913.32,121355033.0,csi300,沪深300,3853.8010000000004,3850.5612,3788.924166666666,3654.2459999999996,3558.0707
2017-10-17,3910.79,3913.07,3924.61,3900.48,82241227.0,csi300,沪深300,3857.558,3852.802,3793.0223333333333,3658.0086666666666,3560.9911500000003
2017-10-18,3914.82,3944.16,3944.41,3914.82,100969841.0,csi300,沪深300,3862.6354999999994,3856.5903999999996,3796.5958333333333,3661.9867500000005,3564.1666499999997
2017-10-19,3940.58,3931.25,3944.03,3923.65,106527252.0,csi300,沪深300,3867.7,3860.6456,3799.652,3666.1533333333336,3567.1301999999996
2017-10-20,3918.53,3926.85,3928.96,3910.2,72980180.0,csi300,沪深300,3872.4775,3864.68,3802.9561666666673,3670.202333333333,3570.0861
2017-10-23,3930.89,3930.8,3936.27,3920.66,81484980.0,csi300,沪深300,3876.8605000000002,3868.886,3806.0783333333334,3674.2491666666665,3573.2021000000004
2017-10-24,3926.23,3959.4,3959.5,3922.03,93058154.0,csi300,沪深300,3883.2244999999994,3873.7448000000004,3810.0756666666666,3678.5215000000003,3576.3871000000004
2017-10-25,3958.17,3976.95,3978.09,3954.0,88205458.0,csi300,沪深300,3889.95,3879.1184000000003,3814.601666666667,3682.9981666666667,3579.6899
2017-10-26,3980.05,3993.58,4013.6,3973.55,129895465.0,csi300,沪深300,3897.738,3885.6632,3819.2915,3687.723166666666,3583.1483500000004
2017-10-27,3992.55,4021.97,4024.46,3991.35,126672846.0,csi300,沪深300,3906.95,3893.29,3824.2928333333334,3692.7968333333333,3586.7694
2017-10-30,4022.16,4009.72,4033.34,3960.27,157387603.0,csi300,沪深300,3916.5464999999995,3899.9532,3828.823666666666,3697.8412499999995,3590.2676
2017-10-31,3995.39,4006.72,4009.28,3983.26,109178779.0,csi300,沪深300,3925.8435,3906.9372000000003,3832.762666666667,3703.0426666666667,3593.5900500000002
2017-11-01,4007.91,3996.62,4032.46,3991.32,130417380.0,csi300,沪深300,3934.6144999999997,3913.1044,3836.6921666666667,3708.35775,3596.7315999999996
2017-11-02,3994.09,3997.13,3999.23,3971.38,126100579.0,csi300,沪深300,3943.344,3919.4768,3841.1805,3713.729416666667,3599.8782999999994
2017-11-03,3992.35,3992.7,3999.34,3963.03,129404439.0,csi300,沪深300,3951.154,3925.6756,3845.9325000000003,3719.18775,3603.1034500000005
2017-11-06,3989.18,4020.89,4021.64,3975.41,122081159.0,csi300,沪深300,3958.0879999999997,3933.7996000000003,3850.8341666666665,3724.723083333333,3606.3884000000003
2017-11-07,4022.4,4054.25,4064.22,4021.36,152116663.0,csi300,沪深300,3966.3075,3943.1384000000003,3856.2015,3730.2969999999996,3609.8683
2017-11-08,4051.49,4048.01,4089.15,4040.58,150827719.0,csi300,沪深300,3973.5735,3952.2107999999994,3861.4843333333333,3735.703833333333,3613.4358500000003
2017-11-09,4043.07,4075.9,4076.61,4038.4,121056335.0,csi300,沪深300,3981.721,3962.3452,3867.484,3741.0975833333337,3617.22725
2017-11-10,4070.28,4111.91,4116.71,4067.66,141817165.0,csi300,沪深300,3991.2665,3973.3615999999997,3875.226666666667,3746.947083333333,3621.18725
2017-11-13,4115.55,4128.07,4137.65,4115.55,151446309.0,csi300,沪深300,4001.9975,3983.196,3882.4498333333336,3753.030083333333,3625.23035
2017-11-14,4129.27,4099.35,4133.55,4086.89,143236936.0,csi300,沪深300,4011.3115,3991.575599999999,3889.004666666667,3758.825916666667,3629.0953000000004
2017-11-15,4084.21,4073.67,4102.81,4055.72,120635696.0,csi300,沪深300,4017.7870000000003,3998.4148000000005,3895.208833333333,3764.3461666666667,3632.7668
2017-11-16,4063.49,4105.01,4107.62,4062.27,121384414.0,csi300,沪深300,4026.475,4006.0971999999997,3901.6043333333337,3770.0196666666666,3636.6454
2017-11-17,4094.08,4120.85,4122.38,4081.37,191784119.0,csi300,沪深300,4036.175,4014.0912,3908.2073333333333,3775.825333333333,3640.4751999999994
2017-11-20,4093.73,4143.83,4144.51,4060.96,137447258.0,csi300,沪深300,4046.8265,4023.3064,3914.921333333333,3781.3100833333333,3644.37395
2017-11-21,4131.85,4217.7,4220.26,4129.98,180350821.0,csi300,沪深300,4059.7415,4035.4916000000003,3922.6780000000003,3787.454,3648.6402
2017-11-22,4228.37,4227.57,4260.64,4191.15,186477003.0,csi300,沪深300,4072.2725000000005,4046.828,3930.536,3793.5764166666672,3652.8985500000003
2017-11-23,4213.38,4102.4,4214.19,4086.9,178147228.0,csi300,沪深300,4077.7135000000003,4053.6740000000004,3936.6651666666667,3798.6152500000003,3656.4707499999995
2017-11-24,4089.47,4104.2,4116.59,4057.49,130858040.0,csi300,沪深300,4081.825,4060.768,3941.8059999999996,3803.762666666667,3660.1693
2017-11-27,4088.93,4049.95,4088.93,4037.15,143455268.0,csi300,沪深300,4083.8365,4065.534,3945.26,3808.606,3663.553
2017-11-28,4034.21,4055.82,4056.48,4010.3,102058095.0,csi300,沪深300,4086.2915000000003,4069.3907999999997,3948.9479999999994,3813.2971666666667,3667.0036999999998
2017-11-29,4061.35,4053.75,4069.24,4004.69,124553642.0,csi300,沪深300,4089.148,4072.4628,3952.6054999999997,3817.6295000000005,3670.356
2017-11-30,4034.01,4006.1,4052.8,3988.0,107983345.0,csi300,沪深300,4089.5964999999997,4072.9636,3955.6723333333334,3821.3388333333332,3673.40505
2017-12-01,4003.56,3998.14,4027.11,3984.38,97386913.0,csi300,沪深300,4089.8684999999996,4072.0103999999997,3958.4656666666665,3824.85525,3676.3283
2017-12-04,3989.05,4018.86,4032.99,3982.32,102647219.0,csi300,沪深300,4089.767,4072.3759999999997,3961.353,3828.5591666666664,3679.24125
2017-12-05,4007.94,4040.17,4045.93,4006.54,154087076.0,csi300,沪深300,4089.0630000000006,4073.7139999999995,3964.405,3832.375,3682.2631000000006
2017-12-06,4027.12,4015.82,4031.75,3964.81,109286205.0,csi300,沪深300,4087.4534999999996,4074.482,3967.1778333333336,3836.379333333333,3685.23365
2017-12-07,4003.58,3971.06,4017.95,3955.99,90254045.0,csi300,沪深300,4082.2115,4073.4392,3969.5310000000004,3840.0649166666667,3687.8842999999997
2017-12-08,3962.83,4003.38,4014.14,3955.44,89282861.0,csi300,沪深300,4076.785,4073.8664000000003,3972.4875,3844.1034166666664,3690.794
2017-12-11,4006.88,4069.5,4069.5,4005.27,97148946.0,csi300,沪深300,4073.8565000000003,4075.8108,3976.5516666666667,3848.402,3693.7845499999994
2017-12-12,4068.51,4016.02,4070.15,4015.45,84338718.0,csi300,沪深300,4069.69,4074.2816,3979.5198333333333,3852.31475,3696.45055
2017-12-13,4013.83,4050.09,4052.69,4004.74,77546131.0,csi300,沪深300,4068.511,4074.3648000000003,3982.9778333333334,3856.165833333333,3699.2522000000004
2017-12-14,4050.9,4026.15,4057.62,4013.85,80768862.0,csi300,沪深300,4064.568,4072.3747999999996,3986.2476666666666,3859.7975833333335,3702.0163499999994
2017-12-15,4018.73,3980.86,4020.27,3974.93,89044389.0,csi300,沪深300,4057.5685,4067.1328000000003,3988.7403333333336,3862.78075,3704.5513999999994
2017-12-18,3983.3,3985.29,4008.07,3967.93,77853375.0,csi300,沪深300,4049.6415,4061.4215999999997,3991.1094999999996,3865.4240833333333,3707.24675
2017-12-19,3985.82,4035.33,4035.63,3985.82,77528985.0,csi300,沪深300,4040.523,4058.8608000000004,3994.4963333333335,3868.429166666667,3710.1593500000004
2017-12-20,4036.02,4030.49,4044.85,4015.63,90604503.0,csi300,沪深300,4030.6689999999994,4057.1335999999997,3997.6304999999998,3871.631833333333,3713.0196
2017-12-21,4023.08,4067.85,4080.78,4014.65,96836089.0,csi300,沪深300,4028.9415,4055.6472,4001.464333333333,3874.9570000000003,3716.1833500000002
2017-12-22,4064.91,4054.6,4076.8,4048.49,73473684.0,csi300,沪深300,4026.4615,4052.9972,4005.0788333333335,3878.1886666666664,3719.31705
2017-12-25,4057.42,4041.54,4086.93,4026.45,91926962.0,csi300,沪深300,4026.041,4048.9056,4008.8079999999995,3881.4444166666667,3722.2923500000006
2017-12-26,4040.62,4053.62,4056.86,4015.3,91118790.0,csi300,沪深300,4025.9309999999996,4042.3424,4012.688666666667,3885.058083333334,3725.29065
2017-12-27,4045.28,3991.21,4047.74,3986.74,105153577.0,csi300,沪深300,4022.804,4032.888,4015.5221666666666,3887.820833333333,3728.00305
2017-12-28,3993.0,4018.9,4036.7,3980.24,118542886.0,csi300,沪深300,4023.4440000000004,4029.548,4018.7948333333334,3890.8108333333334,3730.9628500000003
2017-12-29,4022.88,4030.86,4043.14,4012.88,90486683.0,csi300,沪深300,4025.0800000000004,4026.6144,4022.034166666667,3893.93525,3733.9777000000004
2018-01-02,4045.21,4087.4,4087.78,4045.21,146935435.0,csi300,沪深300,4028.5070000000005,4028.1124,4025.4539999999997,3897.5495,3737.1242
2018-01-03,4091.46,4111.39,4140.05,4088.73,151852218.0,csi300,沪深300,4032.068,4030.3352,4029.1461666666664,3901.221,3740.3977
2018-01-04,4114.12,4128.81,4137.64,4105.89,134543794.0,csi300,沪深300,4037.7175,4033.3376000000003,4032.9148333333333,3905.1375833333336,3743.7235499999997
2018-01-05,4133.34,4138.75,4151.28,4123.28,149009872.0,csi300,沪深300,4046.1020000000003,4038.6436,4036.678166666666,3908.9028333333335,3747.0097499999997
2018-01-08,4140.85,4160.16,4166.32,4127.31,173877666.0,csi300,沪深300,4053.9410000000003,4045.1244,4040.6641666666665,3912.71175,3750.5815000000002
2018-01-09,4157.54,4189.3,4191.28,4153.5,139034294.0,csi300,沪深300,4059.9309999999996,4051.942,4045.2616666666668,3917.0929166666665,3754.27995
2018-01-10,4187.2,4207.81,4211.05,4175.14,151121666.0,csi300,沪深300,4069.5205,4058.6476000000002,4050.174,3921.598166666666,3757.9872499999997
2018-01-11,4197.11,4205.59,4211.8,4181.96,121578539.0,csi300,沪深300,4077.2955,4066.2383999999997,4054.5311666666666,3925.5634999999997,3761.7649499999998
2018-01-12,4205.14,4225.0,4227.39,4199.02,111354794.0,csi300,沪深300,4087.2380000000003,4076.3959999999997,4059.427,3929.5395,3765.58005
2018-01-15,4229.84,4225.24,4262.93,4216.36,170907897.0,csi300,沪深300,4099.457,4085.2704,4064.4001666666663,3933.6781666666666,3769.2582499999994
2018-01-16,4215.62,4258.47,4260.21,4213.13,161494963.0,csi300,沪深300,4113.116,4092.8291999999997,4069.8613333333333,3937.969833333333,3773.1604
2018-01-17,4261.78,4248.12,4283.34,4230.54,214311032.0,csi300,沪深300,4123.7555,4102.1132,4074.673333333333,3942.3745,3777.05195
2018-01-18,4259.38,4271.42,4292.64,4246.68,172032846.0,csi300,沪深300,4135.802000000001,4110.966399999999,4079.5811666666664,3947.091416666667,3781.0831
2018-01-19,4281.94,4285.4,4316.57,4269.62,209490570.0,csi300,沪深300,4146.6795,4121.3364,4084.4448333333335,3951.8681666666666,3785.3263
2018-01-22,4276.48,4336.6,4338.48,4275.9,174643195.0,csi300,沪深300,4160.779500000001,4135.566,4089.688666666667,3956.99075,3789.72905
2018-01-23,4346.89,4382.61,4383.57,4346.79,201867585.0,csi300,沪深300,4177.8330000000005,4151.4588,4095.9035,3962.3635833333333,3794.1226499999993
2018-01-24,4389.45,4389.89,4397.82,4349.09,219818889.0,csi300,沪深300,4194.646500000001,4165.6412,4102.289666666667,3967.526166666667,3798.50185
2018-01-25,4381.98,4365.08,4392.2,4336.24,195374950.0,csi300,沪深300,4213.34,4179.0248,4108.430666666666,3972.561416666667,3802.73995
2018-01-26,4352.22,4381.3,4403.34,4351.49,177227237.0,csi300,沪深300,4231.46,4191.562800000001,4114.8335,3978.007,3807.12075
2018-01-29,4387.06,4302.02,4395.91,4287.11,191100354.0,csi300,沪深300,4245.018,4201.4596,4119.988833333333,3982.9606666666664,3811.0442
2018-01-30,4286.68,4256.1,4308.51,4251.57,139034730.0,csi300,沪深300,4253.4529999999995,4210.042,4123.909000000001,3987.3715833333335,3814.7775
2018-01-31,4234.11,4275.9,4287.86,4232.77,145210164.0,csi300,沪深300,4261.6785,4218.9332,4127.603166666667,3991.902333333333,3818.5841499999997
2018-02-01,4276.34,4245.9,4287.39,4214.29,190002934.0,csi300,沪深300,4267.533,4229.120800000001,4130.901333333333,3996.1928333333335,3822.3811499999997
2018-02-02,4213.94,4271.23,4271.76,4181.78,146066827.0,csi300,沪深300,4274.157,4239.214,4134.156833333333,4000.8204166666665,3826.3376000000003
2018-02-05,4204.46,4274.15,4274.15,4200.14,161347799.0,csi300,沪深300,4279.8565,4248.9456,4136.860833333333,4006.04375,3830.39465
2018-02-06,4182.33,4148.89,4211.52,4131.56,214910450.0,csi300,沪深300,4277.836,4251.4052,4137.207833333333,4009.8288333333335,3833.9097
2018-02-07,4205.74,4050.5,4212.57,4048.42,203127493.0,csi300,沪深300,4269.9705,4248.9696,4136.393666666667,4012.6991666666668,3836.8544500000003
2018-02-08,4022.88,4012.05,4071.67,3974.68,159269985.0,csi300,沪深300,4260.2935,4244.2992,4135.366666666667,4015.2877500000004,3839.5807499999996
2018-02-09,3896.17,3840.65,3911.29,3759.15,206349828.0,csi300,沪深300,4241.075999999999,4232.3752,4130.960666666667,4016.2825000000003,3841.6277
2018-02-12,3846.27,3890.1,3907.84,3828.07,116182637.0,csi300,沪深300,4224.319,4221.5728,4127.114833333333,4017.6610833333334,3843.87335
2018-02-13,3925.6,3935.63,3986.98,3925.6,112565885.0,csi300,沪深300,4208.177000000001,4211.4259999999995,4123.644833333334,4019.2830833333337,3846.3256
2018-02-14,3945.09,3966.96,3971.4,3923.13,71081338.0,csi300,沪深300,4194.119,4201.792,4119.465833333333,4021.0719166666663,3848.9268000000006
2018-02-22,4020.97,4052.73,4058.79,4009.92,105811571.0,csi300,沪深300,4183.1845,4195.6776,4116.551833333334,4023.543916666667,3851.9917000000005
2018-02-23,4061.75,4071.09,4085.2,4035.23,99458746.0,csi300,沪深300,4172.469,4189.5212,4116.03,4026.347583333333,3855.21425
2018-02-26,4093.4,4118.42,4128.74,4048.98,137881001.0,csi300,沪深300,4161.5599999999995,4185.2484,4116.267000000001,4029.0365,3858.7407000000003
2018-02-27,4120.87,4058.98,4120.87,4051.81,125934470.0,csi300,沪深300,4145.3785,4177.2688,4116.4175,4030.8387500000003,3862.01365
2018-02-28,4016.79,4023.64,4051.71,3991.71,109343593.0,csi300,沪深300,4127.066,4168.2896,4115.881166666667,4032.414583333333,3865.2191000000003
2018-03-01,3994.87,4049.09,4061.03,3986.89,110199852.0,csi300,沪深300,4111.2665,4159.3964000000005,4115.8035,4034.2045,3868.6704999999997
2018-03-02,4014.95,4016.46,4044.42,4006.94,96165000.0,csi300,沪深300,4093.0245000000004,4148.6388,4115.976166666666,4035.82425,3871.9901499999996
2018-03-05,4021.66,4018.1,4042.83,3995.87,87952548.0,csi300,沪深300,4078.8285000000005,4135.8988,4116.3088333333335,4037.3872499999998,3875.39215
2018-03-06,4034.99,4066.56,4067.55,3998.93,138762444.0,csi300,沪深300,4069.3514999999998,4123.2568,4117.103833333334,4039.2284166666664,3878.9417
2018-03-07,4063.5,4036.65,4089.7,4027.94,106952426.0,csi300,沪深300,4057.389,4109.1272,4117.045166666667,4040.7250833333333,3882.19805
2018-03-08,4038.95,4077.6,4078.23,4029.71,91155810.0,csi300,沪深300,4048.9739999999997,4097.628000000001,4118.074833333333,4042.626333333333,3885.5901
2018-03-09,4088.07,4108.87,4110.67,4076.45,113701808.0,csi300,沪深300,4040.8559999999998,4086.7308000000003,4120.371666666667,4044.951333333333,3888.9912
2018-03-12,4130.71,4127.67,4139.53,4112.77,140906739.0,csi300,沪深300,4033.532,4079.7568,4122.443166666667,4047.4653333333335,3892.5797000000002
2018-03-13,4124.33,4091.25,4130.28,4087.56,111766430.0,csi300,沪深300,4030.65,4073.1628,4122.805666666666,4049.6786666666667,3896.0454000000004
2018-03-14,4076.06,4073.34,4089.09,4066.49,99013409.0,csi300,沪深300,4031.7920000000004,4065.0604,4123.761,4051.6404166666666,3899.3928499999997
2018-03-15,4058.71,4096.16,4098.99,4058.71,88161156.0,csi300,沪深300,4035.9975,4059.0708,4124.528833333334,4053.7533333333336,3902.81745
2018-03-16,4096.89,4056.42,4110.04,4055.82,84896188.0,csi300,沪深300,4046.786,4050.4784000000004,4125.033333333334,4055.6405,3905.9786
2018-03-19,4054.62,4074.25,4074.52,4033.52,81502882.0,csi300,沪深300,4055.9934999999996,4042.4824,4126.589833333333,4057.6650833333333,3909.229
2018-03-20,4045.74,4077.7,4080.19,4040.31,80605280.0,csi300,沪深300,4063.097,4039.6348,4128.13,4059.61975,3912.1892000000003
2018-03-21,4097.02,4061.05,4110.12,4046.24,97609488.0,csi300,沪深300,4067.8015,4040.0568,4128.558666666667,4061.5274999999997,3915.0923
2018-03-22,4062.07,4020.35,4072.38,4003.72,89095259.0,csi300,沪深300,4066.1825,4040.3888,4128.389666666667,4063.010083333333,3917.72965
2018-03-23,3896.74,3904.94,3928.51,3834.94,180080449.0,csi300,沪深300,4057.875,4042.9604000000004,4125.6745,4063.5694166666663,3919.76565
2018-03-26,3862.69,3879.89,3883.9,3829.92,115139128.0,csi300,沪深300,4045.9485,4042.552,4122.7626666666665,4063.9207499999998,3921.73255
2018-03-27,3927.49,3913.27,3936.78,3881.87,113700711.0,csi300,沪深300,4038.6630000000005,4041.6576,4120.624833333333,4064.716416666667,3923.9551500000002
2018-03-28,3865.05,3842.72,3907.28,3835.88,101494908.0,csi300,沪深300,4029.6170000000006,4036.688,4117.109833333333,4064.89925,3925.70435
2018-03-29,3854.59,3894.05,3913.96,3794.26,116629066.0,csi300,沪深300,4021.8649999999993,4030.3408,4115.4905,4065.506333333333,3927.50525
2018-03-30,3893.75,3898.5,3915.35,3879.21,97512270.0,csi300,沪深300,4015.9669999999996,4023.4372000000003,4113.483833333334,4066.139333333333,3929.1928500000004
2018-04-02,3897.01,3886.92,3937.02,3882.89,111242666.0,csi300,沪深300,4009.4079999999994,4014.1771999999996,4111.084833333333,4066.5595000000003,3930.7466
2018-04-03,3850.15,3862.48,3878.15,3839.93,95137369.0,csi300,沪深300,3999.204,4006.3171999999995,4107.336166666666,4066.3950833333333,3932.1870499999995
2018-04-04,3873.63,3854.86,3898.61,3852.5,88730609.0,csi300,沪深300,3990.1145000000006,3999.566,4103.060666666667,4066.1034166666664,3933.55
2018-04-09,3851.95,3852.93,3870.67,3827.41,84105462.0,csi300,沪深300,3978.881,3991.7196000000004,4098.462666666667,4065.68875,3935.13815
2018-04-10,3860.72,3927.17,3927.42,3851.8,106173722.0,csi300,沪深300,3969.796,3988.1479999999997,4094.9363333333336,4065.80725,3937.13005
2018-04-11,3934.17,3938.34,3958.71,3924.96,111933021.0,csi300,沪深300,3960.3295000000007,3984.9576,4091.2393333333334,4065.9517499999997,3939.22795
2018-04-12,3935.67,3898.64,3937.78,3896.18,82699490.0,csi300,沪深300,3950.6990000000005,3978.2408,4086.3949999999995,4065.8283333333334,3940.9528000000005
2018-04-13,3920.74,3871.14,3929.95,3866.19,71544203.0,csi300,沪深300,3940.589,3971.6204,4080.7838333333334,4065.478916666667,3942.5760500000006
2018-04-16,3862.47,3808.86,3869.16,3789.61,99217770.0,csi300,沪深300,3926.2240000000006,3960.8708,4074.1716666666666,4064.3514166666664,3943.68055
2018-04-17,3812.87,3748.64,3822.63,3745.44,90610790.0,csi300,沪深300,3910.8350000000005,3946.4615999999996,4066.2323333333334,4062.8296666666665,3944.4720500000003
2018-04-18,3785.31,3766.28,3789.66,3708.11,106676706.0,csi300,沪深300,3895.4365000000007,3932.006,4058.583,4061.4915833333334,3945.1890500000004
2018-04-19,3774.78,3811.84,3824.03,3767.8,99054060.0,csi300,沪深300,3882.1434999999997,3920.8296,4051.139166666667,4060.50025,3945.9078000000004
2018-04-20,3801.21,3760.85,3815.44,3750.1,99282925.0,csi300,沪深300,3867.133500000001,3908.33,4043.0180000000005,4058.8456666666666,3946.3384499999997
2018-04-23,3754.69,3766.33,3787.4,3735.18,90356291.0,csi300,沪深300,3854.4325,3895.1367999999998,4034.599833333333,4057.0905,3946.93925
2018-04-24,3769.88,3843.49,3854.43,3769.88,114219525.0,csi300,沪深300,3851.3599999999997,3886.6196,4027.2346666666667,4055.83975,3947.8125499999996
2018-04-25,3824.59,3828.7,3838.69,3817.03,78172612.0,csi300,沪深300,3848.8005,3876.7976,4018.7696666666666,4054.2291666666665,3948.62205
2018-04-26,3823.39,3755.49,3828.71,3744.89,87150641.0,csi300,沪深300,3840.9114999999997,3863.9092000000005,4008.317666666667,4052.1105833333336,3949.14525
2018-04-27,3771.04,3756.88,3776.98,3714.64,89531726.0,csi300,沪深300,3836.6195,3851.7424,3997.7675,4050.0285833333332,3949.8297500000003
2018-05-02,3769.93,3763.65,3787.3,3744.55,83301035.0,csi300,沪深300,3830.0995000000003,3841.4744,3987.743666666667,4048.0871666666667,3950.3496
2018-05-03,3756.17,3793.0,3797.53,3732.37,93961118.0,csi300,沪深300,3824.8245,3836.9968000000003,3977.938666666667,4046.3860833333333,3951.0141000000003
2018-05-04,3784.32,3774.6,3801.52,3770.94,71554288.0,csi300,沪深300,3819.2085000000006,3832.7852,3969.148333333333,4044.568583333333,3951.60745
2018-05-07,3782.54,3834.19,3834.59,3776.03,87286195.0,csi300,沪深300,3817.7939999999994,3829.6220000000003,3962.1164999999996,4043.0127500000003,3952.50995
2018-05-08,3834.61,3878.68,3892.07,3833.73,94215157.0,csi300,沪深300,3818.9849999999997,3831.0604000000003,3955.496166666667,4041.549666666667,3953.5493
2018-05-09,3876.13,3871.62,3878.94,3855.74,66712966.0,csi300,沪深300,3819.9195,3830.1632,3949.258166666667,4040.07975,3954.6133
2018-05-10,3882.84,3893.06,3894.49,3867.31,70667809.0,csi300,沪深300,3818.214,3829.9456,3942.9553333333333,4038.5560833333334,3955.644
2018-05-11,3902.15,3872.84,3903.34,3871.95,73356604.0,csi300,沪深300,3814.939,3829.3824,3936.2668333333336,4036.5638333333336,3956.4927500000003
2018-05-14,3886.87,3909.29,3919.3,3886.87,81975999.0,csi300,沪深300,3815.4714999999997,3831.2548000000006,3932.2735000000002,4034.7406666666666,3957.7213999999994
2018-05-15,3920.14,3924.1,3924.34,3892.92,76049555.0,csi300,沪深300,3818.1195,3834.0244000000002,3930.166833333333,4033.2802500000003,3959.0060000000003
2018-05-16,3909.82,3892.84,3923.34,3889.19,71913646.0,csi300,沪深300,3822.3185,3835.6207999999997,3928.18,4031.773333333333,3959.8214500000004
2018-05-17,3895.49,3864.05,3899.51,3858.85,59030123.0,csi300,沪深300,3828.089,3833.0959999999995,3928.57,4029.7653333333333,3960.4023
2018-05-18,3860.16,3903.06,3903.06,3841.9,72613956.0,csi300,沪深300,3834.928,3831.6848,3928.786,4027.9504166666666,3961.2746
2018-05-21,3925.54,3921.24,3937.46,3913.6,92641737.0,csi300,沪深300,3840.3979999999997,3832.5888,3928.5461666666665,4026.0955000000004,3962.1634499999996
2018-05-22,3918.82,3906.21,3918.82,3881.17,75368778.0,csi300,沪深300,3847.6659999999997,3833.9916000000003,3927.533666666667,4023.49975,3963.0967
2018-05-23,3898.27,3854.58,3898.27,3854.58,83722319.0,csi300,沪深300,3852.0785000000005,3835.8204000000005,3924.2311666666665,4020.3914999999997,3963.84265
2018-05-24,3853.29,3827.22,3859.1,3823.92,68345022.0,csi300,沪深300,3851.2650000000003,3838.9636,3920.1666666666665,4018.0983333333334,3964.4177999999997
2018-05-25,3823.74,3816.5,3841.12,3804.14,70836386.0,csi300,沪深300,3850.655,3840.9724,3915.1346666666664,4015.7008333333333,3964.8908500000002
2018-05-28,3816.26,3833.26,3846.55,3799.32,71521132.0,csi300,沪深300,3854.5434999999998,3841.8291999999997,3911.372666666667,4013.8950833333333,3965.3678000000004
2018-05-29,3824.19,3804.01,3841.78,3800.67,81552662.0,csi300,沪深300,3856.9,3843.5556,3907.7121666666662,4011.7966666666666,3965.5359500000004
2018-05-30,3755.18,3723.37,3767.89,3722.07,87913285.0,csi300,沪深300,3854.886,3841.8372,3902.2835,4009.0434999999998,3965.3485499999997
2018-05-31,3749.3,3802.38,3804.79,3742.53,92666894.0,csi300,沪深300,3855.3550000000005,3840.1928,3898.7155,4007.3458333333333,3965.7213
2018-06-01,3789.67,3770.59,3802.54,3753.84,77821813.0,csi300,沪深300,3855.1544999999996,3837.8684,3894.590333333333,4005.4495833333335,3966.0363500000003
2018-06-04,3785.19,3807.58,3813.41,3776.62,76624341.0,csi300,沪深300,3853.8240000000005,3839.952,3890.274,4003.6889166666665,3966.4403
2018-06-05,3811.29,3845.32,3845.56,3800.93,78687360.0,csi300,沪深300,3852.156,3843.4896000000003,3887.0851666666667,4002.0651666666668,3967.00585
2018-06-06,3839.68,3837.35,3848.33,3830.9,73117237.0,csi300,沪深300,3850.4425,3846.4375999999993,3883.0809999999997,4000.577916666667,3967.5373999999997
2018-06-07,3846.94,3831.01,3859.85,3827.69,80256147.0,csi300,沪深300,3847.34,3847.958,3878.45,3999.4108333333334,3968.1128499999995
2018-06-08,3819.45,3779.62,3819.46,3759.27,83337335.0,csi300,沪深300,3842.678999999999,3848.1588,3872.6491666666666,3997.546166666667,3968.7742
2018-06-11,3770.21,3779.98,3792.55,3756.51,68709834.0,csi300,沪深300,3836.2135000000003,3845.9903999999997,3867.461333333333,3995.1335000000004,3969.2007
2018-06-12,3783.19,3825.95,3830.47,3765.26,73206244.0,csi300,沪深300,3831.3059999999996,3843.8812,3863.338166666667,3993.5495833333334,3969.80015
2018-06-13,3814.62,3788.34,3817.45,3782.07,66377970.0,csi300,沪深300,3826.0809999999997,3840.55,3858.2078333333334,3991.3683333333333,3970.2347499999996
2018-06-14,3774.64,3773.37,3808.16,3759.25,68471322.0,csi300,沪深300,3821.547,3835.7624,3853.4903333333336,3989.261833333333,3970.4952000000003
2018-06-15,3763.04,3753.43,3780.34,3737.43,85488893.0,csi300,沪深300,3814.0654999999997,3830.9860000000003,3848.1433333333334,3987.3665833333334,3970.639
2018-06-19,3702.67,3621.12,3712.82,3583.02,160706542.0,csi300,沪深300,3799.0595000000003,3819.4592,3840.5336666666667,3984.3318333333327,3970.03965
2018-06-20,3602.55,3635.44,3649.34,3578.17,86718098.0,csi300,沪深300,3785.5209999999997,3807.9128,3833.4401666666668,3980.9994166666665,3969.4553499999997
2018-06-21,3633.56,3592.97,3673.56,3589.49,93908552.0,csi300,沪深300,3772.4404999999997,3795.9180000000006,3826.3171666666667,3977.353416666667,3968.63975
2018-06-22,3567.89,3608.9,3609.08,3542.46,75117864.0,csi300,沪深300,3761.5244999999995,3785.712,3821.3831666666665,3973.5288333333333,3968.011
2018-06-25,3625.8,3560.48,3631.03,3559.03,79877078.0,csi300,沪深300,3748.7235,3772.0088,3816.0596666666665,3969.4111666666668,3966.83465
2018-06-26,3521.59,3531.11,3541.78,3478.21,84985269.0,csi300,沪深300,3733.6160000000004,3756.4035999999996,3809.690333333333,3965.157583333333,3965.27665
2018-06-27,3525.13,3459.26,3537.66,3441.78,81491817.0,csi300,沪深300,3716.3785,3738.5256,3803.2993333333334,3960.204583333333,3963.4002499999997
2018-06-28,3434.94,3423.53,3477.06,3416.95,75918051.0,csi300,沪深300,3701.3864999999996,3721.2835999999998,3795.4573333333333,3955.473916666667,3961.3464000000004
2018-06-29,3431.96,3510.98,3512.38,3425.22,77257031.0,csi300,沪深300,3686.8164999999995,3708.634,3788.998666666667,3951.24125,3959.7908499999994
2018-07-02,3504.46,3407.96,3506.9,3383.5,84351449.0,csi300,沪深300,3668.685,3692.2924000000003,3781.016,3946.0504166666665,3957.6779500000002
2018-07-03,3410.48,3409.28,3422.04,3319.29,95278693.0,csi300,沪深300,3648.7699999999995,3675.3332,3773.462666666667,3940.3994166666666,3955.49625
2018-07-04,3398.78,3363.75,3418.33,3359.09,75157997.0,csi300,沪深300,3624.6915,3657.7228000000005,3765.2774999999997,3934.169083333333,3953.0297499999997
2018-07-05,3365.55,3342.44,3398.49,3330.71,81587981.0,csi300,沪深300,3599.946,3642.4856000000004,3756.769333333333,3927.616,3950.4947
2018-07-06,3347.06,3365.12,3396.25,3295.73,86097579.0,csi300,沪深300,3576.6515,3624.9952000000003,3747.401833333333,3921.169083333333,3948.17095
2018-07-09,3378.91,3459.18,3459.32,3378.91,76601545.0,csi300,沪深300,3560.6295000000005,3612.5388000000003,3739.415833333333,3915.327583333333,3946.3369000000002
2018-07-10,3464.91,3467.52,3474.14,3437.27,69548823.0,csi300,沪深300,3545.0064999999995,3598.9364,3732.2305,3909.31275,3944.54625
2018-07-11,3398.93,3407.53,3427.57,3375.14,72040950.0,csi300,沪深300,3524.0855,3581.4248,3724.5036666666665,3902.64375,3942.39425
2018-07-12,3403.33,3481.06,3499.1,3403.33,96353564.0,csi300,沪深300,3508.7215000000006,3567.1732,3719.0403333333334,3896.6059999999998,3940.5865000000003
2018-07-13,3488.5,3492.69,3499.76,3474.91,72955897.0,csi300,沪深300,3494.6875,3553.6403999999998,3714.7745,3890.5034166666665,3938.90015
2018-07-16,3488.97,3472.09,3506.24,3459.73,68281999.0,csi300,沪深300,3480.6205,3541.3392,3709.8713333333335,3884.2271666666666,3937.1040999999996
2018-07-17,3466.42,3449.38,3467.19,3420.97,61983076.0,csi300,沪深300,3472.0335000000005,3528.1152,3703.8303333333333,3877.4847500000005,3935.1353
2018-07-18,3456.61,3431.32,3479.26,3430.16,66530330.0,csi300,沪深300,3461.8275000000003,3512.33,3698.338166666667,3870.6780833333332,3933.1313
2018-07-19,3444.8,3428.34,3466.51,3417.96,68477716.0,csi300,沪深300,3453.596,3497.93,3692.7050000000004,3863.6524166666663,3931.0608
2018-07-20,3426.46,3492.89,3505.93,3398.95,101984727.0,csi300,沪深300,3447.7955,3486.7108000000003,3686.861666666666,3857.048166666667,3929.33615
2018-07-23,3471.86,3525.75,3527.53,3464.65,119036627.0,csi300,沪深300,3446.059,3477.6036,3681.8125,3850.291083333333,3927.77625
2018-07-24,3530.66,3581.71,3596.51,3530.66,156912435.0,csi300,沪深300,3448.589,3476.0271999999995,3678.9161666666673,3843.616916666667,3926.5958499999997
2018-07-25,3589.51,3577.75,3589.98,3566.31,96758501.0,csi300,沪深300,3454.5135,3473.7195999999994,3675.930666666667,3836.8490833333335,3925.3807
2018-07-26,3583.32,3536.25,3593.92,3528.64,90349641.0,csi300,沪深300,3460.1495000000004,3471.4507999999996,3672.1406666666667,3829.9421666666667,3923.9559499999996
2018-07-27,3533.77,3521.23,3545.41,3512.7,70178104.0,csi300,沪深300,3460.6620000000003,3467.9440000000004,3667.6111666666666,3822.7749166666667,3922.4494
2018-07-30,3520.85,3515.08,3550.9,3489.55,82116995.0,csi300,沪深300,3466.018,3466.1280000000006,3663.285833333334,3816.217083333334,3920.8423000000003
2018-07-31,3510.47,3517.66,3528.15,3493.15,67980817.0,csi300,沪深300,3471.4370000000004,3465.59,3658.010333333333,3810.0634166666664,3919.0195499999995
2018-08-01,3530.03,3447.39,3543.61,3446.78,90348617.0,csi300,沪深300,3475.619,3465.1151999999997,3650.822166666667,3803.159166666667,3916.8071999999997
2018-08-02,3434.35,3370.96,3434.35,3322.1,101308727.0,csi300,沪深300,3477.0449999999996,3463.0124,3642.477833333333,3795.8680000000004,3914.1485500000003
2018-08-03,3366.66,3315.28,3381.34,3315.2,70796910.0,csi300,沪深300,3474.553,3455.1844,3632.848166666666,3787.90175,3911.1602
2018-08-06,3312.82,3273.27,3344.25,3257.69,77975083.0,csi300,沪深300,3465.2574999999997,3449.7968,3622.8553333333334,3779.5610833333335,3907.9215499999996
2018-08-07,3284.98,3368.87,3368.96,3263.5,91783916.0,csi300,沪深300,3460.325,3448.1803999999997,3613.8483333333334,3773.060916666667,3905.19865
2018-08-08,3362.15,3314.51,3368.16,3311.77,79284865.0,csi300,沪深300,3455.674,3446.2107999999994,3603.6884999999997,3766.927666666667,3902.20585
2018-08-09,3303.48,3397.53,3408.39,3299.62,91957572.0,csi300,沪深300,3451.4975,3448.4144,3595.4333333333334,3761.8066666666664,3899.4727000000003
2018-08-10,3398.41,3405.02,3424.04,3380.57,68967299.0,csi300,沪深300,3447.114,3450.0103999999997,3587.782833333333,3758.1764166666667,3896.84155
2018-08-13,3369.98,3390.34,3396.19,3336.7,76191532.0,csi300,沪深300,3443.0265,3447.2568000000006,3579.2375,3754.0117499999997,3894.159
2018-08-14,3386.48,3372.91,3391.73,3356.61,60651446.0,csi300,沪深300,3439.203,3443.4724,3570.0986666666668,3749.322416666667,3891.3695500000003
2018-08-15,3371.96,3291.98,3372.14,3288.71,68174055.0,csi300,沪深300,3432.236,3438.8504000000003,3559.8615,3743.6975833333336,3888.03245
2018-08-16,3251.86,3276.73,3315.2,3231.56,76547366.0,csi300,沪深300,3424.6555,3430.6772,3550.230666666667,3737.2309166666664,3884.53135
2018-08-17,3305.9,3229.62,3311.57,3224.1,67395413.0,csi300,沪深300,3411.4919999999997,3420.1544,3540.2706666666663,3730.218666666667,3880.7115499999995
2018-08-20,3238.22,3267.25,3267.25,3209.01,70904228.0,csi300,沪深300,3398.567,3411.9608000000003,3531.1164999999996,3723.1255833333335,3876.93795
2018-08-21,3271.84,3326.65,3331.71,3270.03,75205583.0,csi300,沪深300,3385.814,3407.0516000000002,3522.6730000000002,3717.0228333333334,3873.5226000000002
2018-08-22,3328.97,3307.95,3328.97,3299.39,50787057.0,csi300,沪深300,3372.3239999999996,3402.1168,3514.4053333333336,3711.0587499999997,3870.02875
2018-08-23,3308.46,3320.03,3336.11,3285.81,61112334.0,csi300,沪深300,3361.513,3397.7844,3507.683,3704.9832499999998,3866.6458000000002
2018-08-24,3308.48,3325.33,3353.04,3291.87,63765897.0,csi300,沪深300,3351.718,3391.0820000000003,3499.732166666667,3699.223833333333,3863.2868
2018-08-27,3339.39,3406.57,3406.57,3339.26,94270082.0,csi300,沪深300,3346.2925000000005,3386.3147999999997,3493.6651666666667,3694.12775,3860.35615
2018-08-28,3408.15,3400.17,3416.59,3388.81,75445363.0,csi300,沪深300,3340.418,3379.0532000000003,3486.875,3688.5745,3857.25255
2018-08-29,3393.05,3386.57,3398.71,3377.12,67020404.0,csi300,沪深300,3337.3769999999995,3371.406,3479.2291666666665,3683.1571666666664,3853.9141499999996
2018-08-30,3385.81,3351.09,3402.56,3349.47,68385290.0,csi300,沪深300,3336.3835,3363.9995999999996,3471.1248333333338,3677.102916666667,3850.4295499999994
2018-08-31,3333.38,3334.5,3356.58,3310.87,76205630.0,csi300,沪深300,3337.3445,3356.5303999999996,3462.849666666667,3670.649833333334,3846.72255
2018-09-03,3320.69,3321.82,3325.61,3291.78,66429855.0,csi300,沪深300,3339.772,3348.8,3455.219666666667,3663.9344166666665,3842.7721
2018-09-04,3324.19,3363.9,3370.96,3307.96,67088807.0,csi300,沪深300,3339.5235000000002,3342.6496,3448.2850000000003,3657.8731666666663,3838.9512500000005
2018-09-05,3349.7,3298.14,3354.2,3298.14,64301888.0,csi300,沪深300,3338.7050000000004,3336.6796000000004,3439.4881666666665,3651.4131666666667,3834.9451999999997
2018-09-06,3286.66,3262.88,3311.5,3253.76,62300288.0,csi300,沪深300,3331.9725,3332.3564,3430.7304999999997,3644.4691666666668,3830.89125
2018-09-07,3273.89,3277.64,3316.62,3253.73,63947408.0,csi300,沪深300,3325.6035,3330.8508,3422.4683333333332,3637.9793333333337,3826.7544
2018-09-10,3271.38,3230.07,3277.88,3227.85,63817051.0,csi300,沪深300,3317.59,3329.1227999999996,3413.7456666666667,3630.9445,3822.3005000000003
2018-09-11,3229.71,3224.21,3245.62,3209.11,58491305.0,csi300,沪深300,3310.155,3323.3364,3407.1305,3623.8320833333332,3817.7024
2018-09-12,3216.99,3202.02,3225.6,3194.98,54627899.0,csi300,沪深300,3305.657,3318.8368,3399.9068333333335,3616.6735,3812.6240000000003
2018-09-13,3239.69,3236.57,3249.59,3191.4,67290327.0,csi300,沪深300,3303.6490000000003,3312.3983999999996,3393.9668333333334,3610.1420000000003,3807.669
2018-09-14,3242.83,3242.09,3254.1,3227.94,60130640.0,csi300,沪深300,3304.2725,3305.8812,3387.8533333333335,3604.61825,3803.3674500000006
2018-09-17,3224.93,3204.92,3230.79,3200.51,52259547.0,csi300,沪深300,3301.156,3298.4644,3381.9273333333335,3598.9935,3798.8710499999997
2018-09-18,3193.64,3269.43,3270.11,3193.64,70425035.0,csi300,沪深300,3298.2949999999996,3294.3252,3377.5660000000003,3593.628166666667,3794.9684500000003
2018-09-19,3262.0,3312.48,3335.99,3258.31,89170666.0,csi300,沪深300,3298.5215000000003,3295.1451999999995,3375.1196666666665,3589.2095,3791.25175
2018-09-20,3314.88,3310.13,3332.31,3303.07,64561057.0,csi300,沪深300,3298.0265,3296.4812,3373.2296666666666,3584.3435000000004,3787.53365
2018-09-21,3320.7,3410.49,3410.49,3307.77,108416005.0,csi300,沪深300,3302.2845,3303.7160000000003,3371.5548333333336,3580.27675,3784.5556
2018-09-25,3375.97,3379.8,3394.38,3367.03,69054693.0,csi300,沪深300,3300.946,3308.218,3371.0855,3576.05075,3781.4639
2018-09-26,3388.56,3417.24,3448.26,3383.24,93173343.0,csi300,沪深300,3301.7994999999996,3311.8415999999997,3371.2181666666665,3572.340416666667,3778.4558
2018-09-27,3415.95,3403.59,3423.71,3394.73,69765241.0,csi300,沪深300,3302.6504999999997,3315.6672,3371.8821666666668,3568.5798333333337,3775.2729
2018-09-28,3409.96,3438.87,3444.99,3404.7,84377756.0,csi300,沪深300,3307.0395000000003,3320.4208000000003,3373.4893333333334,3565.1293333333333,3772.38815
2018-10-08,3361.56,3290.9,3364.46,3285.25,97888989.0,csi300,沪深300,3304.8595,3319.0436,3372.2523333333334,3559.827083333333,3768.9873500000003
2018-10-09,3290.17,3288.69,3309.8,3276.13,66723274.0,csi300,沪深300,3303.203,3314.3284000000003,3369.410833333334,3554.4133333333334,3765.4139
2018-10-10,3295.43,3281.6,3315.73,3256.58,64492828.0,csi300,沪深300,3299.0879999999997,3309.5856000000003,3366.312166666666,3549.271333333333,3761.4744
2018-10-11,3179.54,3124.11,3209.52,3099.04,120941342.0,csi300,沪深300,3290.3864999999996,3299.0872,3361.5885,3543.046083333333,3757.0148500000005
2018-10-12,3123.37,3170.73,3184.12,3094.97,98611151.0,csi300,沪深300,3285.779,3291.8728,3356.4163333333336,3537.7283333333335,3752.61805
2018-10-15,3173.85,3126.45,3183.13,3120.23,69605023.0,csi300,沪深300,3278.2195,3283.5508,3350.3123333333333,3532.5434166666664,3748.1195500000003
2018-10-16,3128.58,3100.97,3166.09,3089.37,68887721.0,csi300,沪深300,3271.7644999999998,3274.7168,3344.127,3526.999166666667,3743.7201
2018-10-17,3140.68,3118.25,3149.13,3062.55,76837138.0,csi300,沪深300,3266.4664999999995,3264.8908,3338.6081666666664,3521.21925,3739.3849
2018-10-18,3097.79,3044.39,3097.79,3043.38,73771968.0,csi300,沪深300,3258.585,3254.7408,3332.1593333333335,3515.24875,3734.4302
2018-10-19,3017.75,3134.95,3137.75,3009.5,98839688.0,csi300,沪深300,3253.504,3249.6236,3327.2695,3509.98725,3729.9525
2018-10-22,3159.56,3270.27,3297.38,3159.56,145862045.0,csi300,沪深300,3254.9129999999996,3249.3288000000002,3323.559166666667,3505.210416666667,3725.9646
2018-10-23,3273.13,3183.43,3276.02,3163.57,121013241.0,csi300,沪深300,3253.8385,3247.4632,3317.8538333333336,3499.8331666666663,3721.60875
2018-10-24,3169.46,3188.2,3245.4,3164.29,110909744.0,csi300,沪深300,3249.777,3246.0227999999997,3311.2953333333335,3495.10575,3717.3420499999997
2018-10-25,3107.84,3194.31,3197.32,3099.89,106951817.0,csi300,沪深300,3243.8685,3245.7144,3304.904666666667,3490.4176666666667,3713.0454999999997
2018-10-26,3204.28,3173.64,3218.1,3151.92,101299354.0,csi300,沪深300,3237.044,3243.1972000000005,3298.861166666667,3485.5009166666664,3708.9576500000003
2018-10-29,3157.49,3076.89,3158.81,3062.58,91839789.0,csi300,沪深300,3220.364,3236.5892000000003,3291.4555000000005,3479.5333333333333,3704.2476
2018-10-30,3061.93,3110.26,3146.63,3050.77,116070101.0,csi300,沪深300,3206.8869999999997,3232.8027999999995,3284.7084999999997,3473.997166666667,3699.6446
2018-10-31,3116.66,3153.82,3168.92,3106.03,111207455.0,csi300,沪深300,3193.716,3228.1784000000002,3278.6445000000003,3468.3274166666665,3694.9766999999997
2018-11-01,3185.2,3177.03,3217.8,3173.1,132653379.0,csi300,沪深300,3182.388,3222.7604000000006,3274.1385,3462.4803333333334,3690.3049
2018-11-02,3258.61,3290.25,3290.25,3222.44,153466104.0,csi300,沪深300,3174.957,3221.9652,3272.7933333333335,3457.6355833333337,3686.1121000000003
2018-11-05,3269.47,3262.84,3279.88,3230.36,109706683.0,csi300,沪深300,3173.554,3216.0591999999997,3271.9193333333333,3452.38375,3681.73255
2018-11-06,3254.98,3243.15,3254.98,3213.9,83869138.0,csi300,沪深300,3171.2769999999996,3210.5932000000003,3271.417333333333,3447.1363333333334,3677.1475
2018-11-07,3243.88,3221.91,3270.5,3218.42,91615528.0,csi300,沪深300,3168.2925,3202.78,3268.968,3441.408166666667,3672.3105500000006
2018-11-08,3251.73,3212.77,3253.57,3207.71,76414540.0,csi300,沪深300,3172.7254999999996,3195.1472000000003,3267.272333333334,3435.4804166666663,3667.33535
2018-11-09,3193.3,3167.44,3193.3,3166.31,84282762.0,csi300,沪深300,3172.561,3184.29,3263.4375,3429.4354166666667,3662.1446
2018-11-12,3160.25,3205.14,3206.51,3152.44,88062391.0,csi300,沪深300,3176.4955,3180.8596000000002,3260.1061666666665,3423.9445,3657.0453
2018-11-13,3164.92,3237.38,3254.77,3161.1,126493464.0,csi300,沪深300,3183.316,3178.8071999999997,3257.5568333333335,3418.397166666667,3652.106
2018-11-14,3233.64,3204.94,3239.24,3200.23,113808659.0,csi300,沪深300,3187.6505,3175.7407999999996,3254.7573333333335,3412.428,3646.8383499999995
2018-11-15,3201.28,3242.37,3242.38,3198.78,98558810.0,csi300,沪深300,3197.5495,3180.4712,3253.9305,3406.896,3641.8095999999996
2018-11-16,3242.88,3257.67,3282.39,3223.72,126876835.0,csi300,沪深300,3203.6855,3183.9488,3253.6128333333336,3401.92175,3636.74085
2018-11-19,3258.79,3294.6,3294.6,3251.07,115956595.0,csi300,沪深300,3204.902,3190.6748,3254.695833333333,3397.48325,3631.78685
2018-11-20,3268.08,3218.41,3278.78,3213.68,109361154.0,csi300,沪深300,3206.6510000000003,3195.3723999999997,3253.8818333333334,3392.499166666667,3626.1959
2018-11-21,3187.1,3226.49,3230.26,3185.24,84119726.0,csi300,沪深300,3208.5654999999997,3199.702,3252.2125,3387.44275,3620.4153
2018-11-22,3232.97,3214.43,3235.45,3199.7,65098291.0,csi300,沪深300,3209.5715,3206.5036,3250.6538333333333,3382.5295833333334,3614.5380000000005
2018-11-23,3208.59,3143.48,3212.2,3139.39,84638255.0,csi300,沪深300,3208.0634999999997,3206.8448,3247.711333333333,3377.697166666667,3608.43
2018-11-26,3148.67,3141.24,3169.44,3131.64,59379140.0,csi300,沪深300,3211.281,3201.6836,3244.6431666666667,3372.1876666666667,3602.2297000000003
2018-11-27,3152.77,3137.24,3162.01,3126.29,55407832.0,csi300,沪深300,3212.63,3199.8360000000002,3240.1543333333334,3366.90975,3596.4058
2018-11-28,3137.75,3178.93,3179.41,3126.62,74881955.0,csi300,沪深300,3213.8855,3199.4652,3236.4669999999996,3361.6710000000003,3591.01995
2018-11-29,3198.83,3137.65,3204.86,3137.65,80498466.0,csi300,沪深300,3211.9165000000003,3197.1987999999997,3232.318333333333,3355.7737500000003,3585.3287
2018-11-30,3136.2,3172.69,3175.15,3132.42,70921044.0,csi300,沪深300,3206.0384999999997,3197.1607999999997,3229.345,3350.234916666667,3579.96265
2018-12-03,3260.69,3260.95,3273.64,3228.36,121487157.0,csi300,沪深300,3205.944,3204.5231999999996,3228.1191666666664,3345.4844166666667,3574.91125
2018-12-04,3256.23,3267.71,3267.94,3243.7,79415039.0,csi300,沪深300,3207.172,3210.8212,3227.217333333333,3341.2185,3569.8790499999996
2018-12-05,3224.26,3252.0,3266.9,3219.98,76153052.0,csi300,沪深300,3208.6765,3214.7483999999995,3225.3523333333333,3336.8186666666666,3565.3945999999996
2018-12-06,3218.11,3181.67,3223.52,3179.89,76328771.0,csi300,沪深300,3207.1215,3214.9339999999997,3223.4111666666668,3331.4496666666664,3561.0504499999997
2018-12-07,3187.49,3181.56,3193.82,3176.71,53361924.0,csi300,沪深300,3207.8275,3210.5863999999997,3222.0558333333333,3326.3931666666667,3556.8980000000006
2018-12-10,3153.52,3144.76,3170.15,3134.38,63437273.0,csi300,沪深300,3204.8085,3205.8632000000002,3219.8411666666666,3321.15475,3553.41855
2018-12-11,3148.23,3159.82,3161.96,3143.61,53223877.0,csi300,沪深300,3200.9305,3202.53,3218.6703333333335,3316.208,3549.76715
2018-12-12,3181.57,3170.61,3182.21,3160.28,53309914.0,csi300,沪深300,3199.214,3200.478,3217.777,3312.45375,3545.94205
2018-12-13,3178.89,3219.69,3234.08,3169.42,90442755.0,csi300,沪深300,3198.08,3200.7547999999997,3218.0715,3308.9891666666667,3542.2057
2018-12-14,3207.35,3165.91,3210.72,3165.91,84301250.0,csi300,沪深300,3193.4919999999997,3200.6936,3216.8938333333335,3305.4303333333332,3537.7715999999996
2018-12-17,3158.28,3161.2,3167.51,3134.37,66497007.0,csi300,沪深300,3186.822,3198.9359999999997,3215.5456666666664,3301.6994999999997,3533.22215
2018-12-18,3139.95,3128.43,3165.0,3114.47,63820319.0,csi300,沪深300,3182.323,3194.578,3214.270833333333,3298.0990833333335,3528.2722
2018-12-19,3133.74,3091.13,3137.01,3086.76,55522299.0,csi300,沪深300,3175.555,3190.0256,3211.299166666666,3294.4325833333337,3523.43295
2018-12-20,3083.54,3067.42,3097.72,3044.29,69749463.0,csi300,沪深300,3168.2045,3183.0275999999994,3207.2148333333334,3291.16725,3518.65185
2018-12-21,3055.33,3029.4,3057.4,3007.61,76758101.0,csi300,沪深300,3162.5005,3173.8968,3202.536,3287.8828333333336,3513.5534000000002
2018-12-24,3015.5,3038.2,3040.35,3007.33,57299615.0,csi300,沪深300,3157.3485,3163.6408,3196.3311666666664,3283.9429999999998,3508.6621
2018-12-25,3006.88,3017.28,3030.14,2964.88,78689425.0,csi300,沪深300,3151.3505,3155.5956,3190.289166666667,3280.6873333333338,3503.658
2018-12-26,3012.87,3002.03,3029.06,2996.48,55647032.0,csi300,沪深300,3142.5055,3146.6171999999997,3183.369,3277.293583333333,3498.3353500000003
2018-12-27,3042.95,2990.51,3047.23,2990.51,80541785.0,csi300,沪深300,3135.1485000000002,3137.6603999999998,3176.4843333333333,3274.18325,3493.1046499999998
2018-12-28,2994.79,3010.65,3024.35,2984.82,71053779.0,csi300,沪深300,3127.0465,3132.3472,3169.347333333333,3271.4183333333335,3487.7699
2019-01-02,3017.07,2969.54,3018.78,2958.49,68663021.0,csi300,沪深300,3112.4759999999997,3125.4791999999998,3163.991333333333,3268.121833333333,3482.07325
2019-01-03,2963.02,2964.84,3000.44,2953.25,70867103.0,csi300,沪深300,3097.3325,3118.5832,3158.5938333333334,3264.0023333333334,3476.2590999999998
2019-01-04,2940.19,3035.87,3036.81,2935.83,103318972.0,csi300,沪深300,3086.526,3112.8608000000004,3154.498333333334,3260.4052500000003,3470.9822
2019-01-07,3055.15,3054.3,3061.75,3035.91,101164359.0,csi300,沪深300,3080.1575000000003,3109.5268000000005,3153.3348333333333,3257.461666666667,3465.887
2019-01-08,3049.87,3047.7,3055.51,3038.53,86170585.0,csi300,沪深300,3073.4645,3104.5272000000004,3151.2843333333335,3253.8503333333338,3460.6447
2019-01-09,3065.23,3078.48,3117.96,3062.85,107364350.0,csi300,沪深300,3070.1505,3097.2284000000004,3150.4848333333334,3250.3985833333336,3455.755
2019-01-10,3077.48,3072.69,3092.54,3062.57,85271756.0,csi300,沪深300,3065.7940000000003,3089.4276,3150.0135,3247.0702499999998,3450.7472000000002
2019-01-11,3082.26,3094.78,3102.83,3071.03,71786424.0,csi300,沪深300,3062.0025,3083.1388,3149.6223333333332,3244.1152500000003,3445.8326
2019-01-14,3092.5,3067.78,3097.41,3064.38,66121702.0,csi300,沪深300,3054.407,3078.5832,3150.0121666666664,3241.0857499999997,3440.86625
2019-01-15,3071.52,3127.99,3129.37,3064.67,88772962.0,csi300,沪深300,3052.511,3076.4404000000004,3149.896166666667,3238.5828333333334,3436.4044499999995
2019-01-16,3126.13,3128.65,3135.01,3117.29,80214341.0,csi300,沪深300,3050.8835,3075.796,3147.5358333333334,3235.5475,3432.5229999999997
2019-01-17,3132.63,3111.42,3141.71,3110.06,80174871.0,csi300,沪深300,3050.033,3073.86,3146.3356666666664,3232.0947499999997,3428.6806500000002
2019-01-18,3124.5,3168.17,3171.69,3120.35,103963834.0,csi300,沪深300,3053.885,3073.7624,3146.0018333333337,3228.648583333333,3424.9551500000002
2019-01-21,3170.88,3185.64,3199.21,3170.88,93915022.0,csi300,沪深300,3059.7960000000003,3072.4004,3145.857333333333,3225.381,3421.6697499999996
2019-01-22,3181.95,3143.32,3181.95,3135.34,72990528.0,csi300,沪深300,3065.492,3071.4968,3145.352,3222.106583333333,3417.9161
2019-01-23,3136.1,3141.05,3157.63,3131.87,59870478.0,csi300,沪深300,3070.6344999999997,3070.6908000000003,3146.421333333333,3218.9384166666664,3414.1288499999996
2019-01-24,3146.6,3158.78,3165.63,3125.3,72934636.0,csi300,沪深300,3077.7095,3071.9048000000003,3147.2300000000005,3215.96925,3410.48815
2019-01-25,3165.18,3184.47,3203.17,3164.41,83967729.0,csi300,沪深300,3086.8315,3075.6384000000003,3147.7408333333337,3213.192666666667,3407.0981
2019-01-28,3203.12,3183.78,3228.87,3174.72,82622431.0,csi300,沪深300,3096.495,3080.2928,3147.8533333333335,3210.9959166666667,3403.7427
2019-01-29,3177.26,3193.97,3200.99,3148.23,77658334.0,csi300,沪深300,3105.661,3086.8756,3146.248666666667,3209.521,3400.4478999999997
2019-01-30,3181.66,3168.48,3202.9,3167.89,63746517.0,csi300,沪深300,3115.608,3092.0868,3144.676,3208.297666666667,3396.65445
2019-01-31,3182.7,3201.63,3216.07,3178.01,86247839.0,csi300,沪深300,3127.4474999999998,3099.4608000000003,3143.984,3207.700666666666,3392.9709000000003
2019-02-01,3225.73,3247.4,3247.5,3207.72,82019641.0,csi300,沪深300,3138.0240000000003,3109.2756,3144.4088333333334,3206.6884166666664,3389.7146999999995
2019-02-11,3239.81,3306.47,3307.06,3239.81,98818434.0,csi300,沪深300,3150.6325,3121.914,3145.9705,3206.621416666667,3386.89135
2019-02-12,3306.35,3330.34,3335.36,3298.63,122232462.0,csi300,沪深300,3164.7645,3134.7016,3148.6854999999996,3206.0615000000003,3384.49875
2019-02-13,3337.78,3397.03,3405.58,3329.14,163828332.0,csi300,沪深300,3180.692,3151.8012,3151.8836666666666,3205.994916666667,3382.7407000000003
2019-02-14,3392.85,3402.14,3415.4,3381.98,151127290.0,csi300,沪深300,3197.1645,3169.2931999999996,3154.6296666666667,3206.09325,3380.92
2019-02-15,3391.24,3338.7,3395.03,3335.87,143668603.0,csi300,沪深300,3209.3605,3181.4064000000003,3156.859,3205.8081666666667,3378.5543
2019-02-18,3366.42,3445.74,3445.74,3366.42,182886089.0,csi300,沪深300,3228.2585,3197.064,3160.2485,3207.0895,3376.97875
2019-02-19,3454.72,3439.61,3480.79,3419.07,179083785.0,csi300,沪深300,3243.8395,3212.7403999999997,3163.280833333333,3208.446833333334,3375.34515
2019-02-20,3449.93,3451.93,3463.77,3421.5,147390311.0,csi300,沪深300,3260.0035,3227.6784000000002,3165.9030000000002,3210.2994166666667,3373.3873500000004
2019-02-21,3450.14,3442.71,3500.25,3431.63,180143287.0,csi300,沪深300,3276.568,3242.4791999999998,3169.6413333333335,3211.761583333333,3371.4574
2019-02-22,3439.38,3520.12,3520.12,3417.98,187237974.0,csi300,沪深300,3294.1655,3259.4928000000004,3174.5351666666666,3213.373833333333,3370.28055
2019-02-25,3575.85,3729.48,3729.48,3574.69,342557122.0,csi300,沪深300,3321.3574999999996,3285.9608000000003,3183.1193333333335,3216.8865833333334,3370.14355
2019-02-26,3734.71,3684.69,3762.11,3679.27,358038698.0,csi300,沪深300,3348.4260000000004,3308.2288,3192.1395,3219.925416666667,3369.74875
2019-02-27,3682.81,3678.39,3737.63,3638.33,286236007.0,csi300,沪深300,3375.293,3330.2184,3201.0919999999996,3222.867583333333,3369.1757000000002
2019-02-28,3675.26,3669.37,3695.46,3650.05,184810220.0,csi300,沪深300,3400.8224999999998,3352.5364,3209.960833333333,3225.0575833333337,3368.64955
2019-03-01,3699.22,3749.71,3749.71,3668.77,204711004.0,csi300,沪深300,3429.0845,3375.7980000000007,3219.473833333334,3227.9704166666666,3368.22715
2019-03-04,3783.04,3794.1,3886.58,3764.78,323490126.0,csi300,沪深300,3459.6004999999996,3400.1364000000003,3230.4146666666666,3231.3665000000005,3367.8042499999997
2019-03-05,3785.38,3816.01,3816.16,3770.79,230853166.0,csi300,沪深300,3490.7024999999994,3427.0440000000003,3241.1366666666668,3235.240833333333,3367.5262
2019-03-06,3822.86,3848.09,3855.16,3787.52,318077371.0,csi300,沪深300,3524.683,3455.3256,3250.9223333333334,3239.52075,3367.30135
2019-03-07,3841.15,3808.85,3845.18,3778.8,329846548.0,csi300,沪深300,3555.0439999999994,3481.3284,3259.9413333333337,3243.579333333333,3366.9814
2019-03-08,3721.4,3657.58,3774.54,3656.19,317990077.0,csi300,沪深300,3575.553,3500.2527999999998,3266.701,3246.0266666666666,3365.72285
2019-03-11,3663.98,3729.95,3731.91,3650.81,230912865.0,csi300,沪深300,3596.727,3522.0995999999996,3275.839,3249.6250833333334,3364.7520999999997
2019-03-12,3758.32,3755.35,3804.72,3723.68,274926382.0,csi300,沪深300,3617.9775,3544.5548,3285.4021666666667,3253.729,3364.0646500000003
2019-03-13,3758.71,3724.19,3763.09,3708.81,233682248.0,csi300,沪深300,3634.3355,3566.7832,3295.059333333333,3257.45025,3363.3653499999996
2019-03-14,3710.29,3698.49,3747.82,3673.85,190817237.0,csi300,沪深300,3649.153,3586.6576,3304.037166666667,3261.3537499999998,3362.3425
2019-03-15,3713.94,3745.0,3782.24,3713.94,175174544.0,csi300,沪深300,3669.4679999999994,3606.5616000000005,3313.610333333333,3265.6936666666666,3361.4613
2019-03-18,3753.64,3851.75,3851.75,3733.68,216928060.0,csi300,沪深300,3689.7684999999997,3628.3728,3324.1446666666666,3271.108083333333,3361.1890000000003
2019-03-19,3856.59,3833.96,3868.34,3815.22,181727110.0,csi300,沪深300,3709.486,3648.5176,3335.278833333333,3276.086333333333,3361.0858999999996
2019-03-20,3825.34,3835.44,3855.15,3790.51,175632090.0,csi300,沪深300,3728.6614999999997,3666.054,3346.516166666667,3281.030916666667,3361.127
2019-03-21,3840.28,3836.89,3864.07,3823.47,196310310.0,csi300,沪深300,3748.3705,3683.4440000000004,3358.323833333334,3286.2973333333334,3361.22895
2019-03-22,3838.13,3833.8,3845.58,3786.59,171356993.0,csi300,沪深300,3764.0545000000006,3703.248,3370.701666666667,3291.0004166666668,3361.2316499999997
2019-03-25,3776.44,3742.83,3807.18,3741.61,198586329.0,csi300,沪深300,3764.722,3715.1316,3381.9585,3294.586666666667,3360.9257500000003
2019-03-26,3766.53,3700.44,3770.84,3687.55,173046579.0,csi300,沪深300,3765.509499999999,3725.5648000000006,3393.1425000000004,3297.83925,3360.8111
2019-03-27,3724.41,3743.39,3750.26,3703.45,138758454.0,csi300,沪深300,3768.759499999999,3737.2232,3404.8956666666663,3300.6134166666666,3360.51615
2019-03-28,3731.06,3728.4,3755.72,3710.08,133272129.0,csi300,沪深300,3771.7110000000002,3748.6508000000003,3416.7476666666666,3303.518416666667,3360.3052000000002
2019-03-29,3739.77,3872.34,3876.38,3739.77,215639103.0,csi300,沪深300,3777.8425,3762.7395999999994,3431.252833333333,3307.310916666667,3360.6289999999995
2019-04-01,3901.17,3973.93,3982.91,3901.17,271382704.0,csi300,沪深300,3786.8340000000003,3772.5176,3447.643166666667,3312.0637500000003,3361.27205
2019-04-02,3986.34,3971.29,3988.1,3956.51,226000341.0,csi300,沪深300,3794.5980000000004,3783.9815999999996,3463.653833333333,3316.5005833333335,3361.94175
2019-04-03,3947.87,4022.16,4026.5,3939.78,231917368.0,csi300,沪深300,3803.3015,3797.7324,3481.1975,3322.5944166666663,3362.8975
2019-04-04,4039.74,4062.23,4072.11,4021.71,260410939.0,csi300,沪深300,3815.9705000000004,3813.4467999999997,3499.487333333333,3329.0405833333334,3364.31055
2019-04-08,4097.1,4057.23,4122.6,4017.49,267505576.0,csi300,沪深300,3835.953,3825.7475999999997,3516.5099999999998,3335.5041666666666,3365.6967999999997
2019-04-09,4063.81,4075.43,4084.24,4038.28,182956808.0,csi300,沪深300,3853.2270000000003,3837.0008000000003,3533.5288333333333,3343.4318333333335,3366.9442
2019-04-10,4062.44,4085.85,4115.38,4035.47,194687613.0,csi300,沪深300,3869.7519999999995,3847.7943999999993,3550.8313333333335,3351.0578333333333,3368.4317499999997
2019-04-11,4083.46,3997.58,4097.13,3990.24,169049641.0,csi300,沪深300,3883.4214999999995,3853.7739999999994,3566.1496666666667,3358.31725,3369.5528000000004
2019-04-12,3986.78,3988.62,4006.93,3961.46,135862118.0,csi300,沪深300,3897.928000000001,3860.9648,3581.4151666666667,3365.714333333333,3370.72875
2019-04-15,4056.49,3975.52,4085.39,3974.23,182645571.0,csi300,沪深300,3909.454,3873.6823999999997,3596.0941666666668,3372.8582499999998,3372.5007499999997
2019-04-16,3958.1,4085.79,4085.79,3943.49,202041966.0,csi300,沪深300,3921.1560000000004,3887.9159999999997,3613.061,3381.536583333333,3374.7525
2019-04-17,4080.72,4087.24,4106.62,4057.5,180367117.0,csi300,沪深300,3933.8199999999997,3901.1915999999997,3629.0484999999994,3389.472333333333,3377.2238500000003
2019-04-18,4085.11,4072.08,4094.05,4056.24,146562123.0,csi300,沪深300,3945.6519999999996,3915.1072,3644.7723333333333,3396.1540833333333,3379.5397500000004
2019-04-19,4076.3,4120.61,4120.64,4046.2,150794910.0,csi300,沪深300,3959.8379999999997,3931.9919999999997,3661.592166666667,3403.963916666667,3382.3404000000005
2019-04-22,4125.97,4025.61,4126.09,4015.47,189353745.0,csi300,沪深300,3969.4284999999995,3943.2163999999993,3675.8828333333336,3410.9423333333334,3384.8129000000004
2019-04-23,4021.63,4019.01,4061.09,4005.28,155611650.0,csi300,沪深300,3983.2374999999993,3949.9067999999997,3689.772333333334,3417.8148333333334,3387.6116500000003
2019-04-24,4033.63,4030.09,4044.34,3967.81,145498695.0,csi300,沪深300,3999.7200000000003,3957.752,3704.5518333333334,3424.9519166666664,3390.6444500000002
2019-04-25,4013.6,3941.82,4022.56,3938.33,159722071.0,csi300,沪深300,4009.6415,3962.0071999999996,3717.8979999999997,3432.1596666666665,3392.7986499999997
2019-04-26,3921.89,3889.27,3943.83,3887.25,142008068.0,csi300,沪深300,4017.685,3964.1023999999998,3730.072833333333,3438.6514166666666,3395.2051999999994
2019-04-29,3896.58,3900.33,3953.23,3875.45,153870927.0,csi300,沪深300,4019.0845,3966.7635999999998,3742.003833333333,3444.8723333333332,3397.6604500000003
2019-04-30,3887.18,3913.21,3923.11,3885.15,116233376.0,csi300,沪深300,4016.0484999999994,3973.5788000000002,3754.161,3451.0071666666668,3400.4077500000003
2019-05-06,3775.08,3684.62,3791.61,3647.14,197472882.0,csi300,沪深300,4001.715,3972.946,3762.3385,3454.293583333333,3402.11865
2019-05-07,3702.27,3720.67,3738.18,3671.83,132847654.0,csi300,沪深300,3986.6405,3972.0371999999998,3771.5416666666665,3458.108833333333,3403.8964
2019-05-08,3648.55,3667.46,3722.93,3642.5,112867355.0,csi300,沪深300,3966.9019999999996,3969.5996,3779.3055000000004,3461.64475,3404.9378
2019-05-09,3637.35,3599.7,3656.9,3584.82,101037394.0,csi300,沪深300,3944.0255000000006,3958.6940000000004,3785.177166666667,3464.7929999999997,3405.5987
2019-05-10,3643.06,3730.45,3732.92,3589.29,148003847.0,csi300,沪深300,3926.7765,3948.9548,3792.2435,3469.1070000000004,3407.2133000000003
2019-05-13,3675.76,3668.73,3702.9,3658.0,103391860.0,csi300,沪深300,3905.9205,3936.8523999999998,3797.883333333333,3473.284416666667,3408.15165
2019-05-14,3630.44,3645.15,3683.26,3630.44,102313460.0,csi300,沪深300,3888.299,3921.772,3802.0186666666673,3476.9511666666667,3408.91395
2019-05-15,3674.99,3727.09,3741.04,3674.99,110161769.0,csi300,沪深300,3875.2225,3908.3664000000003,3807.4345000000003,3481.032083333333,3410.18895
2019-05-16,3720.04,3743.96,3745.14,3707.9,116258274.0,csi300,沪深300,3863.6445,3895.8356,3814.188833333333,3485.5239166666665,3411.66185
2019-05-17,3744.88,3648.76,3745.36,3637.58,128453245.0,csi300,沪深300,3841.793,3878.7688,3817.5725,3488.9105,3412.74905
2019-05-20,3635.74,3617.79,3644.5,3583.83,108963477.0,csi300,沪深300,3818.3205000000003,3860.0463999999997,3820.5421666666666,3491.9115,3413.6963
2019-05-21,3619.44,3666.78,3690.09,3610.68,111022920.0,csi300,沪深300,3798.0555,3846.8144,3824.1229999999996,3495.013,3414.56575
2019-05-22,3663.15,3649.38,3679.27,3634.75,98346128.0,csi300,沪深300,3774.494,3833.2448,3827.5674999999997,3498.604416666667,3415.1839
2019-05-23,3629.53,3583.96,3631.47,3578.11,99897781.0,csi300,沪深300,3752.4114999999997,3817.5824000000007,3828.6315000000004,3501.5833333333335,3415.19515
2019-05-24,3584.9,3593.91,3623.39,3580.79,80934048.0,csi300,沪深300,3731.1565,3797.9071999999996,3826.372,3504.745666666667,3415.27595
2019-05-27,3592.6,3637.2,3648.03,3556.26,108830871.0,csi300,沪深300,3711.5119999999997,3779.9056000000005,3825.5804999999996,3508.8599999999997,3415.7807000000003
2019-05-28,3633.02,3672.26,3683.23,3627.79,117886240.0,csi300,沪深300,3698.0340000000006,3763.9128,3825.4783333333335,3513.2851666666666,3416.53585
2019-05-29,3642.54,3663.91,3693.23,3637.35,93355441.0,csi300,沪深300,3686.7660000000005,3745.6448000000005,3825.3873333333336,3517.6740833333333,3417.28
2019-05-30,3648.85,3641.18,3650.97,3612.62,94202561.0,csi300,沪深300,3673.8085,3730.2676,3823.5785,3521.526166666667,3417.8976000000002
2019-05-31,3641.0,3629.79,3668.18,3627.54,89222267.0,csi300,沪深300,3659.6375,3714.6988,3820.8400000000006,3525.627333333333,3418.8096
2019-06-03,3640.61,3632.01,3672.81,3613.13,100723180.0,csi300,沪深300,3657.007,3698.7756,3817.773333333333,3529.455,3420.11485
2019-06-04,3632.56,3598.47,3636.13,3584.46,87097094.0,csi300,沪深300,3650.897,3685.0416000000005,3813.613,3532.2676666666666,3421.5308
2019-06-05,3627.79,3597.11,3634.45,3593.95,88642020.0,csi300,沪深300,3647.3795000000005,3673.3552,3810.0840000000003,3535.012666666667,3423.15
2019-06-06,3601.04,3564.68,3601.04,3557.02,85534403.0,csi300,沪深300,3645.6285,3659.9292,3808.535666666667,3537.6183333333333,3424.1290500000005
2019-06-10,3578.01,3610.74,3623.73,3568.28,92375061.0,csi300,沪深300,3639.643,3647.8304,3806.5488333333333,3541.1939166666666,3425.6102
2019-06-11,3617.52,3719.28,3723.14,3617.52,143482806.0,csi300,沪深300,3642.1705,3649.2168,3805.9476666666665,3545.6749166666664,3427.2189500000004
2019-06-12,3706.86,3691.1,3711.88,3683.94,119178853.0,csi300,沪深300,3644.468,3648.034,3805.3961666666664,3550.22775,3428.64935
2019-06-13,3689.58,3685.39,3697.59,3654.27,96331718.0,csi300,沪深300,3642.3829999999994,3648.7512,3805.1778333333336,3554.6075,3430.1246
2019-06-14,3690.48,3654.88,3709.65,3650.91,101817004.0,csi300,沪深300,3637.929,3650.9583999999995,3803.6758333333332,3558.643083333334,3431.53445
2019-06-17,3654.44,3654.82,3683.77,3645.5,72976678.0,csi300,沪深300,3638.232,3647.9332,3800.3936666666664,3562.2691666666665,3433.34865
2019-06-18,3661.13,3667.62,3675.65,3638.78,70692266.0,csi300,沪深300,3640.7235,3647.8888,3797.6213333333335,3566.4500833333336,3435.3031
2019-06-19,3761.34,3715.94,3771.35,3715.13,125595715.0,csi300,沪深300,3643.1815,3650.7203999999997,3795.6296666666667,3571.0729166666665,3437.7347000000004
2019-06-20,3718.94,3828.52,3845.79,3717.19,168872073.0,csi300,沪深300,3652.1385,3654.7776,3795.490166666667,3576.9069999999997,3440.54105
2019-06-21,3832.73,3833.94,3856.09,3817.31,153635155.0,csi300,沪深300,3664.6375,3658.3768000000005,3795.4925000000003,3583.097083333333,3443.0775
2019-06-24,3836.31,3841.27,3853.55,3819.77,100084621.0,csi300,沪深300,3677.0055,3666.0771999999997,3797.1331666666665,3589.545833333333,3445.7441000000003
2019-06-25,3837.43,3801.31,3838.06,3755.01,124075912.0,csi300,沪深300,3685.2110000000002,3673.4179999999997,3798.8143333333333,3595.978416666667,3448.1504999999997
2019-06-26,3779.51,3794.33,3809.76,3771.72,81820283.0,csi300,沪深300,3691.3144999999995,3678.52,3799.663333333333,3602.2795,3450.4955000000004
2019-06-27,3807.54,3834.82,3854.08,3805.83,105316358.0,csi300,沪深300,3699.8600000000006,3685.9376,3801.437,3609.092333333333,3452.6367499999997
2019-06-28,3832.06,3825.59,3835.23,3803.05,84766139.0,csi300,沪深300,3709.0805,3695.6027999999997,3800.657833333333,3615.9553333333333,3454.7638499999994
2019-07-01,3899.33,3935.81,3936.67,3886.91,158370340.0,csi300,沪深300,3724.3815000000004,3709.2788,3800.0224999999996,3623.8328333333334,3457.51005
2019-07-02,3931.05,3937.17,3942.43,3918.94,131863496.0,csi300,沪深300,3739.6394999999998,3721.2775999999994,3799.4538333333335,3631.553833333333,3460.4404500000005
2019-07-03,3927.44,3893.53,3927.44,3878.84,111992603.0,csi300,沪深300,3754.3924999999995,3730.1283999999996,3797.31,3639.2537500000003,3463.2356
2019-07-04,3895.2,3873.1,3906.89,3854.69,99342256.0,csi300,沪深300,3768.192,3738.4959999999996,3794.157833333333,3646.822583333333,3465.992
2019-07-05,3875.37,3893.2,3900.31,3857.93,74006527.0,csi300,沪深300,3784.618,3748.5768,3791.424,3653.9669999999996,3468.6384999999996
2019-07-08,3875.75,3802.79,3875.75,3775.03,109539086.0,csi300,沪深300,3794.2205000000004,3755.4968,3786.8799999999997,3660.2044166666665,3471.1617500000007
2019-07-09,3798.1,3793.13,3811.1,3774.76,74842732.0,csi300,沪深300,3797.9129999999996,3761.9415999999997,3782.0013333333336,3666.416333333333,3473.8130000000006
2019-07-10,3807.95,3786.74,3810.4,3774.23,72833948.0,csi300,沪深300,3802.6950000000006,3769.4724,3778.487333333333,3672.3185,3476.3585000000003
2019-07-11,3806.19,3785.22,3830.74,3774.41,75311965.0,csi300,沪深300,3807.6865000000007,3776.9968,3775.097333333333,3678.25625,3479.13425
2019-07-12,3783.07,3808.73,3820.24,3774.52,75465967.0,csi300,沪深300,3815.379,3786.7588,3772.3175,3684.205833333333,3482.05685
2019-07-15,3792.64,3824.19,3844.87,3745.86,101205222.0,csi300,沪深300,3823.8475,3795.2968,3767.9575,3690.50925,3485.1677
2019-07-16,3819.25,3806.85,3828.33,3799.87,80730952.0,csi300,沪深300,3830.8089999999997,3798.7996000000003,3763.284333333334,3696.166416666667,3488.0191000000004
2019-07-17,3800.11,3804.64,3820.27,3787.9,95183885.0,csi300,沪深300,3835.244,3803.3412,3758.8269999999998,3701.7996666666663,3490.83185
2019-07-18,3793.19,3768.4,3793.39,3768.0,87496445.0,csi300,沪深300,3832.238,3806.6616,3752.956833333333,3707.2745,3493.64925
2019-07-19,3787.51,3807.96,3828.15,3787.51,88086149.0,csi300,沪深300,3830.939,3812.7848000000004,3749.3293333333336,3712.6060833333336,3496.3419
2019-07-22,3813.5,3781.68,3816.54,3765.44,92101377.0,csi300,沪深300,3827.9595,3817.8592,3745.373833333333,3717.5730833333337,3498.6879
2019-07-23,3783.54,3789.91,3792.96,3768.76,71313346.0,csi300,沪深300,3827.3895,3822.7508000000003,3741.3708333333334,3722.961333333333,3501.0868
2019-07-24,3803.59,3819.83,3840.06,3803.57,90940684.0,csi300,沪深300,3828.6645000000003,3826.9064000000003,3739.337666666667,3728.6178333333332,3503.1335
2019-07-25,3821.39,3851.07,3851.07,3812.95,93740417.0,csi300,沪深300,3829.477,3827.8084,3738.701,3734.386916666667,3505.48985
2019-07-26,3835.23,3858.57,3863.59,3832.52,83259300.0,csi300,沪深300,3831.126,3828.7936,3738.005,3740.004416666667,3507.6964999999996
2019-07-29,3857.94,3854.27,3862.75,3842.43,84814370.0,csi300,沪深300,3827.049,3829.3136,3737.0226666666663,3745.591833333333,3509.9499
2019-07-30,3861.57,3870.32,3890.73,3861.57,94123955.0,csi300,沪深300,3823.7065000000002,3832.074,3740.1176666666665,3751.2280833333334,3512.10715
2019-07-31,3856.75,3835.36,3856.75,3830.09,82151155.0,csi300,沪深300,3820.7980000000002,3833.7152,3742.0291666666667,3756.785416666666,3514.82945
2019-08-01,3819.32,3803.47,3831.26,3791.55,84114180.0,csi300,沪深300,3817.3165,3832.4611999999997,3744.296,3761.8007500000003,3517.40335
2019-08-02,3729.13,3747.44,3754.53,3720.06,108335897.0,csi300,沪深300,3810.0285000000003,3829.3352,3746.758333333333,3765.9677500000003,3519.73255
2019-08-05,3724.41,3675.69,3739.5,3675.69,101325981.0,csi300,沪深300,3803.6734999999994,3818.9304,3745.8456666666666,3769.0445833333333,3522.49045
2019-08-06,3609.11,3636.33,3649.9,3575.86,129833871.0,csi300,沪深300,3795.8334999999997,3806.8968,3745.3056666666666,3771.5945,3524.8184499999998
2019-08-07,3654.63,3621.43,3659.08,3621.43,84238716.0,csi300,沪深300,3787.568,3796.0128000000004,3744.9103333333333,3773.4645,3527.2933500000004
2019-08-08,3651.36,3669.29,3675.46,3646.94,88457707.0,csi300,沪深300,3781.7715,3787.8603999999996,3743.9469999999997,3775.69075,3530.13495
2019-08-09,3686.75,3633.53,3689.18,3628.12,85295580.0,csi300,沪深300,3773.0114999999996,3777.4736,3742.1065,3778.1476666666667,3532.71135
2019-08-12,3647.87,3699.1,3699.1,3643.32,82083056.0,csi300,沪深300,3766.757,3773.3259999999996,3742.9455,3780.259,3535.9849
2019-08-13,3675.59,3665.75,3686.43,3658.01,76500302.0,csi300,沪深300,3759.702,3768.2308000000003,3743.744833333333,3782.1434999999997,3538.6388999999995
2019-08-14,3712.07,3682.4,3717.56,3680.61,91202590.0,csi300,沪深300,3753.5899999999992,3764.0571999999997,3744.005166666667,3784.064083333333,3540.6995500000003
2019-08-15,3618.01,3694.0,3694.3,3612.11,88598832.0,csi300,沪深300,3749.87,3760.4084,3744.748833333333,3786.158166666667,3543.2524
2019-08-16,3697.94,3710.54,3738.1,3687.08,88319169.0,csi300,沪深300,3744.9990000000007,3756.4808000000003,3746.8585,3787.7450000000003,3545.8641000000002
2019-08-19,3736.03,3791.09,3791.09,3720.69,139327013.0,csi300,沪深300,3745.4695,3755.1567999999997,3750.1448333333333,3788.2584166666666,3548.848
2019-08-20,3786.03,3787.73,3799.9,3778.73,108602088.0,csi300,沪深300,3745.3605,3754.3919999999994,3752.6536666666666,3789.117083333333,3551.9184499999997
2019-08-21,3778.31,3781.76,3792.6,3775.45,82299880.0,csi300,沪深300,3743.457,3753.4768,3754.478666666667,3789.9785,3555.4428
2019-08-22,3793.86,3793.51,3797.33,3771.2,85807792.0,csi300,沪深300,3740.579,3754.4812,3756.6386666666663,3791.013,3558.8590499999996
2019-08-23,3796.88,3820.86,3829.36,3788.03,87954583.0,csi300,沪深300,3738.6935,3754.9972,3759.633333333333,3791.605916666667,3562.19425
2019-08-26,3756.36,3765.91,3778.87,3753.16,93859269.0,csi300,沪深300,3734.2755000000006,3754.3664000000003,3761.902,3791.3709999999996,3565.13865
2019-08-27,3791.46,3816.95,3848.24,3790.87,124731478.0,csi300,沪深300,3731.607,3755.448,3764.9843333333333,3791.3788333333337,3567.77215
2019-08-28,3818.81,3802.58,3822.59,3790.14,88750812.0,csi300,沪深300,3729.968,3754.758,3768.3861666666667,3790.9995833333332,3570.47085
2019-08-29,3805.49,3790.19,3808.6,3774.4,84083387.0,csi300,沪深300,3729.304,3752.3228000000004,3771.6041666666665,3790.844083333334,3573.20605
2019-08-30,3816.68,3799.59,3828.97,3778.92,96695150.0,csi300,沪深300,3731.9114999999997,3749.9636,3775.519333333333,3792.0274999999997,3576.09445
2019-09-02,3803.69,3848.32,3855.78,3799.82,110289349.0,csi300,沪深300,3740.543,3749.7256000000007,3779.4790000000003,3793.0139166666663,3579.2722000000003
2019-09-03,3852.58,3853.61,3856.68,3833.76,97714631.0,csi300,沪深300,3751.407,3749.0572,3781.7178333333336,3793.83275,3582.70305
2019-09-04,3848.65,3886.0,3886.0,3846.42,126628615.0,csi300,沪深300,3764.6354999999994,3751.0828,3784.9661666666666,3795.1811666666667,3586.1073499999998
2019-09-05,3909.21,3925.32,3970.0,3909.21,181656231.0,csi300,沪深300,3777.4370000000004,3755.9568,3788.9649999999997,3797.0714166666667,3589.54705
2019-09-06,3946.69,3948.51,3948.54,3922.34,121882376.0,csi300,沪深300,3793.186,3763.9995999999996,3793.858833333333,3798.7673333333337,3593.2649
2019-09-09,3980.96,3972.95,3985.24,3954.88,146809754.0,csi300,沪深300,3806.8785000000003,3775.89,3799.161,3799.7773333333334,3596.9178
2019-09-10,3976.87,3959.26,3976.92,3938.74,130889386.0,csi300,沪深300,3821.554,3788.8072,3804.021666666667,3800.8215,3600.4257500000003
2019-09-11,3969.68,3930.1,3971.22,3922.95,131594875.0,csi300,沪深300,3833.939,3801.1540000000005,3807.5910000000003,3801.610333333333,3603.60325
2019-09-12,3944.69,3972.38,3975.93,3933.44,110241273.0,csi300,沪深300,3847.858,3813.2776,3809.988666666666,3802.7394166666663,3607.3731
2019-09-16,3981.36,3957.72,3982.2,3943.37,110259805.0,csi300,沪深300,3860.2169999999996,3826.2452000000003,3812.0516666666663,3803.7720833333337,3611.02925
2019-09-17,3947.16,3891.22,3947.16,3879.49,113694317.0,csi300,沪深300,3865.2235,3833.93,3812.8841666666663,3805.0086666666666,3614.4131999999995
2019-09-18,3902.99,3910.08,3923.15,3902.51,82056152.0,csi300,沪深300,3871.3410000000003,3843.7032,3814.697,3806.7556666666665,3618.2462
2019-09-19,3923.96,3924.38,3924.38,3897.07,85984238.0,csi300,沪深300,3878.472,3853.3824000000004,3816.8645000000006,3808.2639166666672,3622.1619
2019-09-20,3933.46,3935.65,3942.22,3921.41,103455955.0,csi300,沪深300,3885.579,3863.0484,3818.545,3809.991,3626.1539500000003
2019-09-23,3925.19,3890.66,3925.19,3868.21,94036225.0,csi300,沪深300,3889.0690000000004,3870.2532,3819.6295000000005,3810.1436666666664,3629.7126000000003
2019-09-24,3895.87,3901.08,3927.01,3886.14,87783230.0,csi300,沪深300,3895.8275000000003,3874.6528000000003,3819.050666666667,3809.536583333333,3633.52975
2019-09-25,3887.55,3870.98,3889.84,3867.23,89520835.0,csi300,沪深300,3898.529,3877.9828,3817.9475,3808.7006666666666,3637.0212
2019-09-26,3884.7,3841.14,3890.75,3840.25,102698301.0,csi300,沪深300,3900.457,3880.3579999999997,3817.074333333333,3807.192166666667,3639.9221500000003
2019-09-27,3843.46,3852.65,3859.5,3832.25,74003947.0,csi300,沪深300,3903.5799999999995,3882.7236,3816.7335,3805.4456666666665,3642.84685
2019-09-30,3842.07,3814.53,3857.23,3813.55,65931313.0,csi300,沪深300,3904.3269999999998,3882.4704,3815.422333333334,3803.423166666667,3645.6595
2019-10-08,3818.59,3837.68,3861.64,3818.59,76657860.0,csi300,沪深300,3903.7950000000005,3885.3412,3816.0038333333337,3801.441916666667,3648.93955
2019-10-09,3822.61,3843.24,3845.34,3805.07,75854512.0,csi300,沪深300,3903.2765,3886.3928,3816.839,3799.4201666666663,3652.24795
2019-10-10,3838.49,3874.64,3877.14,3829.43,79222694.0,csi300,沪深300,3902.7085000000006,3889.2752,3818.3040000000005,3798.395666666667,3655.8973500000006
2019-10-11,3885.52,3911.73,3922.37,3868.84,93412577.0,csi300,沪深300,3902.029,3894.1367999999998,3820.4125,3797.7549166666668,3659.6569
2019-10-14,3944.86,3953.24,3983.81,3934.73,122393611.0,csi300,沪深300,3902.2655,3900.2828000000004,3822.8210000000004,3797.56925,3663.5700500000003
2019-10-15,3953.16,3936.25,3953.16,3928.15,85273949.0,csi300,沪深300,3900.4304999999995,3903.8,3824.688666666667,3796.3230833333337,3667.15285
2019-10-16,3939.28,3922.69,3964.05,3919.02,83229707.0,csi300,沪深300,3898.602,3906.5631999999996,3826.619333333333,3794.951833333333,3670.93675
2019-10-17,3929.39,3925.22,3935.81,3913.92,64863745.0,csi300,沪深300,3898.358,3908.1319999999996,3828.629,3793.7280000000005,3674.7568499999998
2019-10-18,3935.42,3869.38,3940.54,3864.97,82321140.0,csi300,沪深300,3893.208,3905.8944,3830.312,3791.6344166666663,3678.4616000000005
2019-10-21,3865.34,3880.84,3884.74,3856.04,74182918.0,csi300,沪深300,3889.364,3903.1876,3831.526666666666,3790.428,3682.41015
2019-10-22,3896.31,3895.88,3897.44,3870.55,68918566.0,csi300,沪深300,3889.597,3900.1047999999996,3833.43,3789.4019166666667,3686.55245
2019-10-23,3892.68,3871.08,3901.42,3862.2,70198625.0,csi300,沪深300,3887.647,3896.5776,3834.782833333333,3788.0768333333335,3690.7608499999997
2019-10-24,3877.92,3870.67,3890.2,3852.58,71334575.0,csi300,沪深300,3884.9615,3894.2003999999997,3835.630166666667,3787.4839166666666,3694.9232
2019-10-25,3871.77,3896.79,3899.72,3849.03,77453620.0,csi300,沪深300,3883.0184999999997,3891.1767999999997,3836.3921666666665,3787.5465833333333,3699.3207500000003
2019-10-28,3904.98,3926.59,3927.8,3897.82,97406020.0,csi300,沪深300,3884.8149999999996,3889.9316000000003,3837.525833333333,3787.765416666667,3703.94355
2019-10-29,3929.71,3910.23,3932.37,3910.23,82257075.0,csi300,沪深300,3885.2725,3890.692,3838.4585,3787.7405833333332,3708.54215
2019-10-30,3904.72,3891.23,3908.1,3883.45,77872923.0,csi300,沪深300,3886.285,3889.938,3838.807,3789.462333333334,3712.9450500000003
2019-10-31,3906.86,3886.75,3907.15,3878.88,86714539.0,csi300,沪深300,3888.5654999999997,3888.4327999999996,3839.6635,3790.846333333334,3717.5310999999997
2019-11-01,3883.81,3952.39,3956.08,3876.42,100689612.0,csi300,沪深300,3893.5525000000002,3889.1023999999998,3842.1455,3793.22075,3722.46885
2019-11-04,3964.01,3978.12,3985.36,3964.01,104193855.0,csi300,沪深300,3901.732,3892.6007999999997,3845.990166666667,3796.37425,3727.1801
2019-11-05,3982.12,4002.81,4030.64,3970.87,112911880.0,csi300,沪深300,3909.9885000000004,3896.67,3851.4421666666667,3798.6439166666664,3731.92265
2019-11-06,4006.33,3984.88,4007.5,3973.78,97312952.0,csi300,沪深300,3917.0705000000003,3901.2259999999997,3857.2513333333336,3801.2785,3736.6085500000004
2019-11-07,3984.55,3991.88,4005.38,3975.55,87254898.0,csi300,沪深300,3922.9325,3907.2556,3863.4255,3804.1679166666663,3741.1755500000004
2019-11-08,4017.67,3973.01,4022.04,3971.57,97106948.0,csi300,沪深300,3925.9964999999997,3912.07,3868.4875,3806.21725,3745.6771499999995
2019-11-11,3948.62,3902.98,3948.62,3897.55,94155621.0,csi300,沪深300,3923.4835000000007,3915.6080000000006,3872.9783333333335,3807.542416666666,3749.71815
2019-11-12,3905.96,3903.69,3914.88,3877.74,76543069.0,csi300,沪深300,3921.8555,3918.2484000000004,3876.3881666666666,3809.666833333333,3753.8977
2019-11-13,3905.28,3899.98,3908.42,3882.43,76749078.0,csi300,沪深300,3920.7200000000003,3920.518,3880.2920000000004,3812.018416666667,3757.75765
2019-11-14,3905.93,3905.86,3916.95,3895.14,87008446.0,csi300,沪深300,3919.7520000000004,3921.7668,3884.0163333333335,3814.01075,3761.6437
2019-11-15,3908.49,3877.09,3915.11,3877.09,83730917.0,csi300,沪深300,3920.1375,3920.3812,3887.0678333333335,3815.9083333333338,3765.4720500000003
2019-11-18,3874.44,3907.93,3913.1,3868.32,76645993.0,csi300,沪深300,3921.4919999999997,3918.5688,3890.3576666666672,3818.6080833333335,3769.1708499999995
2019-11-19,3904.1,3947.04,3947.04,3902.38,82161025.0,csi300,沪深300,3924.05,3919.0004,3892.956833333333,3821.5508333333332,3772.97785
2019-11-20,3940.13,3907.86,3943.23,3901.99,76815333.0,csi300,沪深300,3925.889,3918.4072,3894.9590000000003,3823.8063333333334,3776.80055
2019-11-21,3894.54,3889.6,3901.83,3875.97,69130538.0,csi300,沪深300,3926.8354999999997,3916.9824,3896.7563333333333,3825.6175000000003,3780.5433000000003
2019-11-22,3894.17,3849.99,3918.84,3833.5,91042639.0,csi300,沪深300,3924.4955,3916.2068,3897.697666666667,3827.168166666667,3783.99935
2019-11-25,3850.97,3878.21,3878.25,3839.42,106066289.0,csi300,沪深300,3922.0765000000006,3916.1016000000004,3898.6535,3829.1434166666663,3787.4680500000004
2019-11-26,3893.43,3891.65,3899.11,3869.59,111513537.0,csi300,沪深300,3921.1475,3915.9323999999997,3900.7491666666665,3831.3255833333333,3791.0074
2019-11-27,3883.43,3875.62,3889.98,3862.7,76437305.0,csi300,沪深300,3920.3669999999997,3916.1139999999996,3901.727,3833.355666666667,3794.41565
2019-11-28,3877.9,3862.3,3887.69,3852.01,65230119.0,csi300,沪深300,3919.1445,3915.7792,3902.722333333333,3835.55425,3797.8847499999997
2019-11-29,3857.19,3828.67,3861.66,3804.83,74144331.0,csi300,沪深300,3912.9584999999997,3913.0544,3903.363666666666,3837.4839166666666,3801.01995
2019-12-02,3835.51,3836.06,3854.75,3829.31,77412173.0,csi300,沪深300,3905.8555,3909.4331999999995,3903.9714999999997,3839.7454166666666,3803.9632500000002
2019-12-03,3829.21,3851.09,3851.12,3811.63,73611240.0,csi300,沪深300,3898.2695,3907.0676000000003,3904.0176666666666,3841.7483333333334,3806.6863499999995
2019-12-04,3841.66,3849.82,3852.99,3831.07,79683385.0,csi300,沪深300,3891.5165,3905.4112,3903.9545,3842.836166666667,3809.28375
2019-12-05,3863.61,3879.36,3883.4,3859.82,89051193.0,csi300,沪深300,3885.8905,3905.1156,3903.8438333333334,3844.4049999999997,3811.6953999999996
2019-12-06,3885.06,3902.39,3902.39,3878.7,78648887.0,csi300,沪深300,3882.3595,3903.1156,3903.4616666666666,3846.213333333333,3814.19665
2019-12-09,3909.53,3895.45,3911.97,3885.25,95353806.0,csi300,沪深300,3881.9829999999993,3899.8087999999993,3902.5773333333336,3848.218083333333,3816.9804
2019-12-10,3886.44,3900.38,3900.96,3882.09,86262928.0,csi300,沪深300,3881.8175,3895.7115999999996,3901.3678333333332,3850.264416666667,3819.2536
2019-12-11,3907.16,3902.75,3909.39,3890.34,99765480.0,csi300,沪深300,3881.9559999999997,3892.4264000000003,3900.426,3852.223833333333,3821.5693
2019-12-12,3908.45,3891.02,3908.45,3886.12,84708330.0,csi300,沪深300,3881.214,3888.3920000000003,3899.7746666666662,3853.6828333333333,3823.76475
2019-12-13,3928.0,3968.22,3969.46,3925.28,148571349.0,csi300,沪深300,3885.7705,3888.2004,3899.7053333333333,3854.847,3826.3923
2019-12-16,3970.71,3987.55,3987.59,3953.51,148486670.0,csi300,沪深300,3889.7515,3891.5832,3900.2025000000003,3856.1270833333333,3828.7294500000003
2019-12-17,3987.74,4041.8,4067.14,3984.52,201162937.0,csi300,沪深300,3894.4894999999997,3897.1075999999994,3902.7121666666667,3857.7981666666665,3830.2910500000003
2019-12-18,4039.72,4032.78,4057.64,4025.34,151351764.0,csi300,沪深300,3900.7355,3902.4195999999997,3904.7571666666668,3859.727083333333,3832.0314999999996
2019-12-19,4034.62,4027.15,4038.54,4014.9,117900558.0,csi300,沪深300,3907.6130000000003,3907.2712,3906.47,3861.6672499999995,3833.7753
2019-12-20,4032.15,4017.25,4046.73,4014.93,121267662.0,csi300,沪深300,3915.976,3912.8776000000003,3907.83,3863.1875,3835.5146999999997
2019-12-23,4014.69,3967.1,4032.17,3964.38,122816246.0,csi300,沪深300,3920.4204999999993,3915.2444000000005,3909.104,3864.36675,3836.6016499999996
2019-12-24,3971.56,3992.96,3994.51,3963.67,95989045.0,csi300,沪深300,3925.486,3917.0812,3910.635333333333,3864.8430000000003,3837.5959500000004
2019-12-25,3988.66,3990.87,4000.56,3976.36,94938890.0,csi300,沪深300,3931.2485,3920.4015999999997,3912.6334999999995,3865.2905000000005,3838.4702500000003
2019-12-26,3993.67,4025.99,4025.99,3993.54,108860640.0,csi300,沪深300,3939.433,3925.8572000000004,3915.714333333334,3866.394333333333,3839.3597500000005
2019-12-27,4029.25,4022.03,4066.8,4019.72,150926411.0,csi300,沪深300,3949.101,3932.7388,3918.5373333333337,3867.6354166666665,3840.42565
2019-12-30,4015.52,4081.63,4083.69,4001.5,155971488.0,csi300,沪深300,3961.3795000000005,3940.8756,3922.9890000000005,3869.2056666666667,3842.5458999999996
2019-12-31,4077.75,4096.58,4098.14,4069.01,123264258.0,csi300,沪深300,3973.6539999999995,3949.0728000000004,3927.3039999999996,3871.653916666667,3844.3790500000005
2020-01-02,4121.35,4152.24,4172.66,4121.35,182116772.0,csi300,沪深300,3988.775,3960.1376,3932.4539999999997,3874.6465000000003,3846.3635
2020-01-03,4161.22,4144.96,4164.3,4131.86,142826244.0,csi300,沪深300,4002.0550000000003,3971.4440000000004,3936.9593333333332,3877.631666666667,3848.46735
2020-01-06,4120.52,4129.3,4170.64,4102.38,175309953.0,csi300,沪深300,4013.4005000000006,3983.4692000000005,3940.5855,3880.4990000000003,3850.6214
2020-01-07,4137.4,4160.23,4161.25,4135.1,139489031.0,csi300,沪深300,4026.6395,3996.436,3944.0353333333333,3883.4281666666666,3852.69755
2020-01-08,4139.63,4112.32,4149.81,4101.98,167585850.0,csi300,沪深300,4037.2365,4006.8851999999997,3946.969833333333,3885.8292500000002,3854.0004
2020-01-09,4145.53,4164.37,4165.66,4143.59,136886324.0,csi300,沪深300,4050.3175,4019.4672000000005,3950.997833333334,3888.808583333333,3855.65245
2020-01-10,4177.58,4163.19,4180.98,4148.48,113031719.0,csi300,沪深300,4063.9259999999995,4030.8204000000005,3954.9640000000004,3891.7965,3857.2912
2020-01-13,4166.93,4203.99,4203.99,4148.6,119691982.0,csi300,沪深300,4075.7144999999996,4042.8844,3960.5408333333335,3895.4264166666667,3859.1267
2020-01-14,4215.16,4189.89,4223.51,4188.08,129320783.0,csi300,沪深300,4085.8315000000002,4054.6620000000003,3965.6916666666666,3898.6091666666666,3860.9071500000005
2020-01-15,4186.88,4166.73,4193.87,4150.88,104633136.0,csi300,沪深300,4092.078,4065.316,3970.2058333333334,3901.8179166666664,3863.02665
2020-01-16,4174.82,4149.04,4175.29,4142.18,100267642.0,csi300,沪深300,4097.8910000000005,4075.1676,3974.8385,3904.8106666666667,3865.26965
2020-01-17,4162.19,4154.85,4177.03,4141.65,98725682.0,csi300,沪深300,4104.276,4085.7207999999996,3979.574833333333,3907.6025,3867.32695
2020-01-20,4170.74,4185.83,4185.96,4149.49,122409147.0,csi300,沪深300,4112.705,4094.4251999999997,3984.3921666666665,3910.3921666666665,3869.6141
2020-01-21,4165.02,4114.31,4165.02,4113.33,130527507.0,csi300,沪深300,4120.0655,4099.4956,3987.5208333333335,3912.523333333333,3870.82395
2020-01-22,4093.8,4131.93,4141.18,4046.49,126758763.0,csi300,沪深300,4127.014,4103.1008,3991.215833333333,3914.8371666666667,3871.6139499999995
2020-01-23,4093.32,4003.9,4103.52,3972.39,160357603.0,csi300,沪深300,4127.6655,4101.945599999999,3993.0936666666666,3915.9503333333337,3871.777
2020-02-03,3639.91,3688.36,3732.16,3639.91,157559647.0,csi300,沪深300,4110.784,4088.394,3989.787166666667,3914.7253333333338,3870.1079999999997
2020-02-04,3652.0,3785.64,3786.86,3652.0,213933328.0,csi300,沪深300,4098.9645,4079.1295999999998,3987.008,3914.57675,3868.72505
2020-02-05,3801.1,3828.53,3866.01,3781.61,174925524.0,csi300,沪深300,4086.3094999999994,4073.5868,3984.5148333333336,3915.2525,3867.5815500000003
2020-02-06,3841.75,3899.78,3914.92,3806.96,176462235.0,csi300,沪深300,4076.4695,4069.8596000000002,3982.797666666667,3917.119916666667,3866.7033
2020-02-07,3879.55,3899.87,3899.88,3849.71,151731759.0,csi300,沪深300,4063.851,4066.2196000000004,3981.3808333333336,3919.316083333333,3865.7734
2020-02-10,3872.37,3916.01,3920.17,3861.01,148406969.0,csi300,沪深300,4052.4034999999994,4061.8203999999996,3980.116333333333,3921.770916666667,3865.36555
2020-02-11,3926.42,3952.46,3970.52,3915.71,143441674.0,csi300,沪深300,4043.5615,4059.0376,3979.7738333333336,3924.1306666666665,3865.18475
2020-02-12,3945.67,3984.43,3984.43,3940.67,126710321.0,csi300,沪深300,4034.7715,4055.1495999999997,3981.1313333333333,3927.054833333333,3865.2293000000004
2020-02-13,3985.88,3959.92,3999.55,3950.14,145001843.0,csi300,沪深300,4027.1515,4049.6831999999995,3982.0685,3929.2283333333335,3864.59995
2020-02-14,3954.23,3987.73,4001.56,3954.02,143239803.0,csi300,沪深300,4018.3195,4043.1028,3983.531,3931.9115,3864.1023999999998
2020-02-17,3999.65,4077.42,4077.45,3999.65,182778969.0,csi300,沪深300,4014.0310000000004,4040.4012,3986.3903333333337,3935.203333333333,3864.1290999999997
2020-02-18,4069.83,4057.51,4076.39,4027.79,163236220.0,csi300,沪深300,4006.707,4037.5296,3989.3973333333333,3938.232583333333,3863.8136
2020-02-19,4049.59,4051.31,4085.17,4042.85,169046441.0,csi300,沪深300,3999.778,4033.1728,3991.7869999999994,3941.072333333333,3863.9420999999998
2020-02-20,4062.9,4144.66,4148.53,4055.81,212232624.0,csi300,沪深300,3998.6745,4034.4664000000002,3995.0806666666667,3944.01875,3864.57035
2020-02-21,4134.87,4149.49,4184.44,4130.17,217213604.0,csi300,沪深300,3998.697,4033.8712,3999.1078333333335,3947.0334166666667,3865.1673499999997
2020-02-24,4131.84,4132.84,4149.01,4097.18,212869303.0,csi300,沪深300,3997.5965000000006,4032.6571999999996,4003.161833333333,3949.959083333333,3866.1224500000008
2020-02-25,4066.3,4123.85,4126.71,4020.91,244167831.0,csi300,沪深300,3994.4975000000004,4029.4516000000003,4007.726166666667,3952.7119166666666,3867.2953500000003
2020-02-26,4070.1,4073.02,4132.78,4061.13,261094061.0,csi300,沪深300,3992.433,4024.7768,4010.973,3954.8132499999997,3868.1588
2020-02-27,4084.08,4084.88,4110.53,4067.44,181290981.0,csi300,沪深300,3990.0805,4021.5028,4014.1935000000003,3957.4713333333334,3869.01715
2020-02-28,3988.73,3940.05,4031.15,3928.07,230275093.0,csi300,沪深300,3986.8880000000004,4013.1432,4015.2673333333337,3958.4971666666665,3870.2943
2020-03-02,3968.84,4069.67,4092.54,3968.84,219313559.0,csi300,沪深300,4005.9535000000005,4009.7360000000003,4018.7235,3960.7229166666666,3872.0393
2020-03-03,4125.14,4091.36,4147.65,4067.91,219369777.0,csi300,沪深300,4021.2395000000006,4005.9572000000003,4023.101666666667,3963.2326666666663,3874.1588
2020-03-04,4078.5,4115.05,4115.26,4060.73,182424730.0,csi300,沪深300,4035.5655000000006,4005.9868,4027.7515,3965.8615,3876.73555
2020-03-05,4150.21,4206.73,4215.85,4127.04,231823115.0,csi300,沪深300,4050.9129999999996,4008.9788,4033.678833333333,3968.8482500000005,3879.11695
2020-03-06,4158.2,4138.51,4181.31,4135.39,172475717.0,csi300,沪深300,4062.845,4014.3632000000002,4038.4903333333336,3971.2224166666665,3881.46585
2020-03-09,4063.08,3997.13,4063.08,3995.13,208102035.0,csi300,沪深300,4066.9010000000003,4026.7140000000004,4040.4531666666667,3972.1485000000002,3883.22575
2020-03-10,3975.23,4082.73,4093.0,3954.75,197416402.0,csi300,沪深300,4073.4145,4038.5976,4043.458833333333,3973.4602500000005,3885.0039500000003
2020-03-11,4090.93,4028.43,4091.27,4028.4,161656111.0,csi300,沪深300,4075.6145000000006,4046.5935999999997,4045.675166666667,3974.1262500000003,3886.4263
2020-03-12,3976.11,3950.91,3987.43,3926.27,157060458.0,csi300,沪深300,4075.1639999999998,4048.6388,4046.5173333333337,3973.942583333333,3887.93705
2020-03-13,3771.01,3895.31,3937.18,3765.15,188296722.0,csi300,沪深300,4070.543,4048.4564,4046.3933333333334,3973.4096666666665,3889.3246499999996
2020-03-16,3899.86,3727.84,3899.86,3720.51,185968260.0,csi300,沪深300,4053.064,4040.9296000000004,4043.673666666667,3971.724166666667,3889.62995
2020-03-17,3739.78,3709.68,3786.89,3618.31,166246129.0,csi300,沪深300,4035.6724999999997,4031.2183999999997,4039.364666666667,3969.5350000000003,3889.9314499999996
2020-03-18,3729.69,3636.26,3775.85,3636.26,155037547.0,csi300,沪深300,4014.9200000000005,4017.2916000000005,4033.509833333333,3966.8561666666665,3890.1929499999997
2020-03-19,3623.79,3589.09,3647.99,3503.19,180807407.0,csi300,沪深300,3987.1415,4002.4583999999995,4025.9646666666667,3964.3384166666665,3890.16885
2020-03-20,3629.51,3653.22,3663.95,3588.78,139603000.0,csi300,沪深300,3962.328,3989.078,4019.6386666666667,3962.1979166666665,3890.24895
2020-03-23,3542.68,3530.31,3585.8,3523.79,137108790.0,csi300,沪深300,3932.2015,3967.1936,4011.358,3958.9139999999998,3889.5391999999997
2020-03-24,3598.65,3625.11,3627.76,3545.45,143103021.0,csi300,沪深300,3907.2644999999998,3949.8976000000002,4004.822333333333,3956.3261666666667,3889.3451999999997
2020-03-25,3711.48,3722.52,3732.65,3685.99,153495958.0,csi300,沪深300,3889.7395000000006,3936.7460000000005,4000.746,3954.925,3889.7519
2020-03-26,3692.61,3698.05,3736.25,3681.27,112310665.0,csi300,沪深300,3870.398,3918.8816,3995.8308333333334,3953.2330833333335,3890.0932000000003
2020-03-27,3746.39,3710.06,3758.78,3709.92,124060995.0,csi300,沪深300,3858.8985000000002,3901.3044,3991.150666666667,3951.892083333333,3890.4834499999997
2020-03-30,3657.46,3674.11,3690.64,3637.59,126876673.0,csi300,沪深300,3839.1205,3882.9552000000003,3985.286,3950.5001666666667,3890.86165
2020-03-31,3708.14,3686.16,3716.07,3676.2,111453025.0,csi300,沪深300,3818.8605,3865.4476,3979.688166666667,3949.1127500000002,3891.3069
2020-04-01,3682.3,3675.08,3731.78,3670.97,119352620.0,csi300,沪深300,3796.8619999999996,3849.53,3972.912333333333,3947.950666666666,3891.8589
2020-04-02,3656.32,3734.53,3734.53,3652.32,115168209.0,csi300,沪深300,3773.2519999999995,3835.5160000000005,3966.878166666667,3947.0910833333332,3892.4778499999998
2020-04-03,3721.48,3713.22,3738.83,3698.98,99825083.0,csi300,沪深300,3751.9875,3826.4428,3959.561166666667,3946.007583333333,3892.44755
2020-04-07,3779.91,3798.02,3803.63,3772.21,142778030.0,csi300,沪深300,3742.032,3815.5768,3953.778833333333,3945.369083333333,3892.98215
2020-04-08,3776.42,3780.34,3793.0,3767.29,111389513.0,csi300,沪深300,3726.9125,3803.136,3947.962833333333,3944.274166666667,3893.4569
2020-04-09,3798.49,3792.81,3801.72,3785.31,100485032.0,csi300,沪深300,3715.1314999999995,3790.2464,3941.8391666666666,3942.9372500000004,3894.1465499999995
2020-04-10,3794.84,3769.18,3824.74,3758.96,102444956.0,csi300,沪深300,3706.0450000000005,3772.7444,3936.120166666667,3941.545,3894.71835
2020-04-13,3751.71,3753.26,3769.88,3740.19,79053343.0,csi300,沪深300,3698.9424999999997,3757.3344,3929.268333333333,3940.1330833333336,3895.1465500000004
2020-04-14,3777.83,3825.7,3825.76,3764.98,110637585.0,csi300,沪深300,3703.8354999999997,3750.4772000000003,3923.6434999999997,3939.3037499999996,3895.69535
2020-04-15,3820.85,3797.36,3829.8,3793.44,108461984.0,csi300,沪深300,3708.2195,3739.0624000000007,3916.8663333333334,3938.703583333334,3895.53955
2020-04-16,3777.8,3802.38,3807.36,3774.56,95947965.0,csi300,沪深300,3716.5254999999997,3730.0204,3910.407833333333,3938.04975,3895.38175
2020-04-17,3831.92,3839.49,3863.45,3821.42,132004301.0,csi300,沪深300,3729.0455,3725.5636,3904.9538333333335,3937.5798333333337,3895.3728499999997
2020-04-20,3845.46,3853.46,3853.8,3831.55,100013115.0,csi300,沪深300,3739.0575,3723.8895999999995,3900.0274999999997,3937.4329999999995,3895.6336000000006
2020-04-21,3838.23,3808.05,3838.23,3780.0,102921888.0,csi300,沪深300,3752.9445,3727.098,3894.2474999999995,3936.9111666666668,3895.7021999999997
2020-04-22,3789.13,3839.38,3839.38,3782.21,85899464.0,csi300,沪深300,3763.6580000000004,3732.2859999999996,3888.4733333333334,3936.43275,3895.725
2020-04-23,3851.91,3829.75,3857.47,3826.56,95508450.0,csi300,沪深300,3769.0195,3740.0256,3883.730666666667,3935.6257499999997,3895.7458
2020-04-24,3826.31,3796.97,3827.21,3787.07,94844135.0,csi300,沪深300,3773.9655,3748.3408,3878.148,3934.681916666667,3895.0516
2020-04-27,3808.02,3822.77,3842.87,3793.77,95462735.0,csi300,沪深300,3779.6009999999997,3755.1228,3875.129166666667,3934.1114166666666,3894.4795999999997
2020-04-28,3835.35,3849.15,3859.68,3768.2,122093476.0,csi300,沪深300,3788.353,3767.8764,3877.809,3933.798083333333,3894.2577
2020-04-29,3837.51,3867.03,3880.74,3833.72,95854590.0,csi300,沪深300,3797.3965000000003,3777.5532000000003,3879.1655000000005,3933.0867500000004,3894.2273499999997
2020-04-30,3880.41,3912.58,3921.7,3880.41,132917125.0,csi300,沪深300,3809.2715000000003,3785.1556,3880.566333333333,3932.5405833333334,3894.3242499999997
2020-05-06,3867.26,3936.25,3937.69,3865.99,139855675.0,csi300,沪深300,3819.3575000000005,3794.6836,3881.174166666666,3931.9859166666665,3894.9915499999997
2020-05-07,3937.59,3924.89,3941.48,3915.9,105514646.0,csi300,沪深300,3829.9410000000003,3803.2768,3881.5911666666666,3931.486,3895.65035
2020-05-08,3943.0,3963.62,3979.66,3935.98,116943341.0,csi300,沪深300,3838.221,3814.8572,3882.384666666667,3931.2505,3896.53475
2020-05-11,3974.76,3960.18,3998.1,3944.5,122673803.0,csi300,沪深300,3847.2130000000006,3825.8179999999998,3882.5133333333333,3931.143583333333,3897.4095500000003
2020-05-12,3961.34,3960.24,3970.11,3930.21,98250554.0,csi300,沪深300,3855.5845,3837.2244,3882.1101666666664,3931.6207500000005,3898.1671
2020-05-13,3946.64,3968.25,3972.53,3932.57,88190669.0,csi300,沪深300,3865.5379999999996,3846.5731999999994,3882.2490000000003,3932.1587500000005,3898.8874
2020-05-14,3952.2,3925.22,3952.2,3924.05,88530004.0,csi300,沪深300,3874.136,3855.0532000000003,3881.2071666666666,3932.369083333333,3899.47925
2020-05-15,3941.13,3912.82,3945.2,3907.4,92618382.0,csi300,沪深300,3878.4920000000006,3859.6452000000004,3878.4638333333332,3932.4270833333335,3900.0201499999994
2020-05-18,3914.66,3922.91,3946.43,3898.4,112801762.0,csi300,沪深300,3884.7695,3865.3480000000004,3876.2205000000004,3932.8089166666664,3900.7927
2020-05-19,3963.78,3956.25,3966.85,3944.07,94015291.0,csi300,沪深300,3892.4629999999997,3871.8856,3874.6361666666667,3933.211583333333,3901.53415
2020-05-20,3955.71,3935.22,3955.71,3923.92,100791150.0,csi300,沪深300,3897.2494999999994,3878.5271999999995,3871.1455,3933.113083333333,3902.30185
2020-05-21,3950.6,3913.79,3951.74,3907.58,94861033.0,csi300,沪深300,3900.2660000000005,3884.9484,3867.217166666667,3933.1625,3902.92125
2020-05-22,3907.58,3824.06,3907.58,3818.15,103378360.0,csi300,沪深300,3901.0665,3884.8828,3862.070833333333,3932.616333333333,3902.9424000000004
2020-05-25,3828.32,3829.32,3835.63,3800.18,79033326.0,csi300,沪深300,3900.5634999999993,3886.1612,3857.162,3932.4440833333333,3902.83365
2020-05-26,3850.0,3872.77,3874.75,3844.48,77448076.0,csi300,沪深300,3902.7144999999996,3888.9768,3853.8245,3932.3987500000003,3902.9046500000004
2020-05-27,3873.7,3845.61,3873.7,3838.42,83711831.0,csi300,沪深300,3905.1465,3889.2216,3849.8366666666666,3932.015083333333,3902.86135
2020-05-28,3848.49,3856.63,3885.42,3818.43,93064054.0,csi300,沪深300,3906.8395000000005,3889.3484000000003,3848.4463333333333,3931.8568333333333,3902.7929
2020-05-29,3838.38,3867.02,3872.3,3830.42,93813832.0,csi300,沪深300,3907.733,3891.7072000000003,3845.0688333333333,3931.896166666667,3902.9512
2020-06-01,3901.73,3971.34,3976.32,3901.73,136456652.0,csi300,沪深300,3912.9485,3896.9856,3843.0685000000003,3933.085083333333,3903.7905499999997
2020-06-02,3969.95,3983.57,3991.78,3958.98,144303060.0,csi300,沪深300,3916.4979999999996,3903.1384,3840.877166666666,3934.3143333333333,3904.9712
2020-06-03,4001.17,3983.65,4018.68,3982.93,136597483.0,csi300,沪深300,3918.868,3910.6056,3837.159166666667,3935.4190000000003,3906.511
2020-06-04,3998.16,3982.19,3999.81,3968.57,104277737.0,csi300,沪深300,3921.733,3916.9824,3834.5538333333334,3936.5220833333337,3908.2403000000004
2020-06-05,3988.22,4001.25,4001.25,3967.93,102443942.0,csi300,沪深300,3923.6145000000006,3923.0664,3834.6225,3937.5378333333338,3910.1394
2020-06-08,4023.61,4021.95,4050.22,4016.1,137925813.0,csi300,沪深300,3926.703,3929.2632,3833.6095,3938.5341666666664,3911.9027
2020-06-09,4027.56,4047.03,4052.16,4016.34,115304479.0,csi300,沪深300,3931.0425000000005,3934.6412,3833.9194999999995,3939.7973333333334,3913.9702
2020-06-10,4046.23,4039.71,4046.23,4024.42,112265728.0,csi300,沪深300,3934.6155,3938.7796000000003,3835.3995,3940.958416666667,3915.6732500000003
2020-06-11,4031.74,3995.88,4043.01,3979.75,127308941.0,csi300,沪深300,3938.1485000000002,3941.6191999999996,3837.075666666666,3941.7345,3917.3239000000003
2020-06-12,3931.62,4003.08,4011.06,3927.25,134166649.0,csi300,沪深300,3942.6614999999997,3943.1976,3841.663,3942.6683333333335,3918.9273000000003
2020-06-15,3982.97,3954.99,4007.14,3954.99,131297860.0,csi300,沪深300,3944.2655000000004,3942.99,3845.7515,3942.558083333333,3920.2322500000005
2020-06-16,3995.58,4014.57,4014.57,3987.86,111051539.0,csi300,沪深300,3947.1815,3945.1632,3852.0566666666664,3942.78325,3921.7524
2020-06-17,4018.61,4017.59,4018.61,3992.13,105605799.0,csi300,沪深300,3951.3,3947.1368000000007,3859.1983333333333,3942.5815000000002,3922.8849
2020-06-18,4009.78,4044.38,4047.56,4000.9,138148761.0,csi300,沪深300,3957.8295,3951.9032,3865.7176666666664,3942.6781666666666,3924.16815
2020-06-19,4047.05,4098.71,4109.36,4043.49,152946990.0,csi300,沪深300,3971.5620000000004,3959.3388,3875.191,3943.2745,3925.7529000000004
2020-06-22,4097.51,4102.05,4126.94,4088.78,155829465.0,csi300,沪深300,3985.1985,3966.5044,3883.1400000000003,3943.981166666667,3927.2956
2020-06-23,4098.04,4121.79,4124.73,4080.75,129229510.0,csi300,沪深300,3997.6495000000004,3973.1259999999997,3889.7944999999995,3945.27025,3928.8002500000002
2020-06-24,4128.1,4138.99,4144.68,4123.36,121712465.0,csi300,沪深300,4012.3185,3981.2768000000005,3897.1435,3946.4871666666663,3930.66565
2020-06-29,4127.93,4109.72,4137.37,4092.54,130865854.0,csi300,沪深300,4024.9729999999995,3989.114,3903.8045,3947.4775833333333,3932.1295
2020-06-30,4130.0,4163.96,4174.42,4129.78,125933521.0,csi300,沪深300,4039.8199999999997,4002.71,3911.9686666666666,3948.627333333333,3933.9364
2020-07-01,4172.64,4247.78,4247.78,4163.5,169990456.0,csi300,沪深300,4053.642,4019.4483999999998,3921.3289999999997,3950.5085833333337,3936.22435
2020-07-02,4239.41,4335.84,4340.1,4238.12,252939368.0,csi300,沪深300,4071.2555,4037.9712,3932.3416666666667,3952.627,3938.9056
2020-07-03,4353.19,4419.6,4419.6,4348.45,290485539.0,csi300,沪深300,4093.053,4060.9308,3943.7595,3955.3188333333333,3941.762
2020-07-06,4465.81,4670.09,4678.11,4465.81,405821025.0,csi300,沪深300,4127.447999999999,4093.4692,3959.7073333333333,3959.63425,3945.8444
2020-07-07,4739.61,4698.13,4796.32,4688.06,406008553.0,csi300,沪深300,4162.2919999999995,4126.7136,3974.709166666667,3964.2439999999997,3949.90505
2020-07-08,4692.86,4774.0,4803.36,4670.65,348074847.0,csi300,沪深300,4199.8945,4158.82,3991.270166666667,3969.6164999999996,3954.1484499999997
2020-07-09,4770.08,4840.77,4854.12,4757.29,351046893.0,csi300,沪深300,4239.5815,4193.108,4008.7361666666666,3975.2876666666666,3958.6097500000005
2020-07-10,4796.09,4753.13,4821.37,4734.47,316949651.0,csi300,沪深300,4275.2525000000005,4223.8872,4025.135333333333,3980.62775,3962.51065
2020-07-13,4742.37,4852.96,4878.08,4741.87,321645446.0,csi300,沪深300,4318.1065,4258.718,4043.463666666667,3986.3660000000004,3966.9791499999997
2020-07-14,4836.17,4806.69,4860.44,4729.93,297241985.0,csi300,沪深300,4358.287,4290.9356,4059.8134999999997,3991.7284999999997,3971.3621000000003
2020-07-15,4821.52,4744.47,4837.48,4723.36,272389006.0,csi300,沪深300,4397.761,4319.8364,4075.5986666666663,3996.2325,3975.22255
2020-07-16,4741.53,4516.25,4772.56,4513.65,284657133.0,csi300,沪深300,4422.845,4338.6052,4087.4965,3998.952166666667,3978.0152000000003
2020-07-17,4524.77,4544.7,4601.37,4485.82,207375563.0,csi300,沪深300,4449.200500000001,4358.8048,4099.25,4002.101916666667,3981.2826
2020-07-20,4597.2,4680.3,4681.94,4534.23,246068914.0,csi300,沪深300,4480.9965,4386.1816,4113.030666666667,4006.5290833333333,3985.1337
2020-07-21,4697.5,4691.04,4714.29,4661.44,200415659.0,csi300,沪深300,4510.612999999999,4413.7,4127.747166666667,4010.9973333333332,3988.967
2020-07-22,4682.66,4714.45,4790.45,4675.35,224199211.0,csi300,沪深300,4541.233,4444.078399999999,4142.331666666667,4015.4024999999997,3992.861
2020-07-23,4668.74,4712.44,4731.4,4607.66,234314569.0,csi300,沪深300,4570.7654999999995,4471.9932,4157.043166666666,4020.386916666667,3996.9699
2020-07-24,4679.03,4505.59,4691.7,4479.39,243905203.0,csi300,沪深300,4589.0955,4491.513199999999,4168.8535,4023.50075,3999.9924499999997
2020-07-27,4535.01,4528.45,4558.12,4482.44,171420551.0,csi300,沪深300,4610.032000000001,4510.876,4180.614833333333,4027.872,4003.2798
2020-07-28,4567.67,4568.26,4590.25,4537.69,162768498.0,csi300,沪深300,4630.247,4529.657999999999,4192.6,4035.2045,4006.9154
2020-07-29,4559.16,4679.01,4680.56,4548.85,186695305.0,csi300,沪深300,4651.8085,4552.7364,4206.133,4042.64925,4011.0472000000004
2020-07-30,4689.76,4656.15,4704.63,4649.77,166967566.0,csi300,沪深300,4667.8240000000005,4574.1108,4218.525833333334,4049.5460833333336,4015.2553000000003
2020-07-31,4652.18,4695.05,4741.81,4621.96,184839026.0,csi300,沪深300,4681.5965,4596.3532000000005,4231.1725,4056.173333333333,4019.5421499999998
2020-08-03,4735.9,4771.31,4771.37,4720.02,214776239.0,csi300,沪深300,4686.6575,4622.8168,4245.2795,4063.4353333333333,4024.1825
2020-08-04,4778.49,4775.8,4807.08,4747.77,239974985.0,csi300,沪深300,4690.540999999999,4647.290400000001,4258.815833333333,4070.60025,4028.6883
2020-08-05,4761.76,4777.11,4786.7,4711.27,196700548.0,csi300,沪深300,4690.6965,4668.4636,4272.431333333333,4077.472333333333,4033.0152000000003
2020-08-06,4779.24,4762.76,4791.86,4691.16,227854406.0,csi300,沪深300,4686.796,4685.540400000001,4285.806666666667,4083.958416666667,4037.0627999999997
2020-08-07,4742.29,4707.93,4749.02,4637.84,213518216.0,csi300,沪深300,4684.536,4697.0736,4298.134666666667,4090.191833333333,4040.9211999999998
2020-08-10,4681.76,4724.87,4757.66,4646.29,203788832.0,csi300,沪深300,4678.1315,4699.264800000001,4311.462166666667,4096.334666666667,4044.9321
2020-08-11,4730.38,4681.78,4791.53,4674.86,205546511.0,csi300,沪深300,4671.886,4698.6108,4324.278166666667,4101.371,4048.7149
2020-08-12,4668.89,4647.64,4681.62,4566.27,202887239.0,csi300,沪深300,4667.0445,4693.5564,4336.357,4106.288750000001,4052.6062
2020-08-13,4666.49,4635.71,4671.77,4626.1,152550092.0,csi300,沪深300,4673.0175,4685.353999999999,4347.681333333333,4111.15875,4056.38055
2020-08-14,4627.61,4704.63,4708.07,4617.63,147292921.0,csi300,沪深300,4681.014,4683.414000000001,4360.504833333333,4115.8251666666665,4060.4243
2020-08-17,4727.12,4815.23,4838.09,4721.36,268001556.0,csi300,沪深300,4687.760499999999,4681.9048,4375.528833333333,4121.3730000000005,4065.14505
2020-08-18,4816.57,4812.76,4825.39,4788.83,189139854.0,csi300,沪深300,4693.846500000001,4682.1476,4392.007166666666,4127.039,4069.8554999999997
2020-08-19,4804.67,4740.68,4809.05,4738.01,192442948.0,csi300,沪深300,4695.158,4681.996,4407.1965,4132.17925,4074.07495
2020-08-20,4708.13,4679.15,4721.44,4662.8,158368639.0,csi300,沪深300,4693.4935,4688.512,4420.636166666666,4137.230333333334,4077.8377499999997
2020-08-21,4717.79,4718.84,4739.48,4684.81,142657864.0,csi300,沪深300,4704.156000000001,4695.4776,4435.1900000000005,4142.513333333333,4081.8808000000004
2020-08-24,4746.4,4755.85,4769.47,4716.61,151143512.0,csi300,沪深300,4715.526,4698.499599999999,4450.177,4149.3116666666665,4086.2039
2020-08-25,4769.21,4761.95,4802.41,4746.31,141701351.0,csi300,沪深300,4725.210499999999,4701.336,4465.0925,4155.080666666667,4090.5798999999997
2020-08-26,4761.72,4706.13,4786.42,4689.88,151305180.0,csi300,沪深300,4726.5665,4701.0032,4477.339000000001,4160.20375,4094.3486
2020-08-27,4718.06,4731.35,4731.94,4679.36,119042850.0,csi300,沪深300,4730.3265,4701.7596,4489.802,4165.339583333333,4098.11475
2020-08-28,4727.29,4844.27,4850.49,4719.35,159399765.0,csi300,沪深300,4737.7875,4715.3068,4504.145666666666,4170.652416666667,4102.32205
2020-08-31,4870.93,4816.22,4901.21,4816.21,202567029.0,csi300,沪深300,4740.033,4726.8176,4518.046166666667,4176.3,4106.47875
2020-09-01,4803.39,4842.12,4842.13,4791.78,138395402.0,csi300,沪深300,4743.349,4737.772,4532.060666666667,4183.341583333333,4110.72995
2020-09-02,4859.08,4843.89,4863.55,4797.52,157989524.0,csi300,沪深300,4746.688,4744.367200000001,4545.759666666666,4189.684583333333,4115.084350000001
2020-09-03,4841.5,4817.1,4877.01,4800.06,145671201.0,csi300,沪深300,4749.405000000001,4750.8052,4558.594166666667,4196.256833333334,4119.65495
2020-09-04,4737.24,4770.22,4778.2,4726.56,120032796.0,csi300,沪深300,4752.5195,4753.812,4570.769333333333,4203.084416666667,4123.9876
2020-09-07,4759.52,4669.37,4789.3,4655.56,148607791.0,csi300,沪深300,4749.7445,4749.7344,4581.994166666666,4209.5349166666665,4127.8345500000005
2020-09-08,4683.83,4694.39,4707.9,4639.05,139199227.0,csi300,沪深300,4750.375,4746.478,4593.5160000000005,4217.5895,4131.7772
2020-09-09,4634.25,4584.59,4645.2,4558.03,162277107.0,csi300,沪深300,4747.2225,4738.7771999999995,4604.009333333333,4224.880416666667,4135.3147
2020-09-10,4632.1,4581.98,4647.75,4572.21,150652878.0,csi300,沪深300,4744.536,4731.545999999999,4613.466166666667,4232.761416666666,4138.68495
2020-09-11,4572.26,4627.28,4630.88,4563.11,115302424.0,csi300,沪深300,4740.6685,4728.32,4623.627666666667,4241.413,4142.08615
2020-09-14,4652.05,4651.05,4666.99,4625.99,107235179.0,csi300,沪深300,4732.4595,4725.3672,4633.738833333334,4249.72825,4145.8021
2020-09-15,4649.45,4688.48,4691.5,4630.54,101915925.0,csi300,沪深300,4726.245499999999,4725.635200000001,4643.568333333333,4259.379666666667,4149.7965
2020-09-16,4683.01,4657.36,4690.68,4638.46,108753641.0,csi300,沪深300,4722.0795,4726.024,4652.8234999999995,4267.98175,4153.83335
2020-09-17,4642.05,4632.71,4664.95,4601.64,105983631.0,csi300,沪深300,4719.757500000001,4725.904,4661.338833333333,4275.566666666667,4157.60585
2020-09-18,4636.64,4737.09,4737.8,4631.7,160426475.0,csi300,沪深300,4720.67,4727.2024,4671.3071666666665,4284.225333333333,4161.83305
2020-09-21,4750.75,4691.43,4752.98,4688.72,124535827.0,csi300,沪深300,4717.4490000000005,4722.250400000001,4681.002333333334,4292.403416666666,4165.9121000000005
2020-09-22,4654.22,4635.76,4706.21,4622.11,119672947.0,csi300,沪深300,4711.139499999999,4715.1704,4688.865666666667,4300.417166666667,4169.7794
2020-09-23,4639.66,4652.33,4665.96,4623.55,95826528.0,csi300,沪深300,4708.449500000001,4711.6364,4695.608166666667,4308.468583333333,4173.8976999999995
2020-09-24,4623.95,4563.07,4631.95,4562.21,112593683.0,csi300,沪深300,4700.0355,4706.9932,4699.395333333334,4315.8685000000005,4177.53275
2020-09-25,4582.48,4570.02,4599.54,4554.72,93015155.0,csi300,沪深300,4686.322999999999,4701.0404,4701.902333333333,4322.830916666667,4181.1274
2020-09-28,4582.65,4581.91,4613.63,4571.15,85048389.0,csi300,沪深300,4674.6075,4694.0828,4700.432666666667,4330.070000000001,4184.78785
2020-09-29,4608.29,4591.8,4616.68,4586.35,85993858.0,csi300,沪深300,4662.0915,4687.2768,4698.6605,4336.684833333334,4188.35005
2020-09-30,4607.58,4587.4,4634.72,4563.41,89081200.0,csi300,沪深300,4649.267,4682.5276,4695.5505,4343.410333333333,4191.7751
2020-10-09,4663.61,4681.14,4695.4,4655.09,111337512.0,csi300,沪深300,4642.468999999999,4680.5192,4692.89,4350.813083333333,4195.70355
2020-10-12,4705.19,4823.16,4823.27,4704.16,155784558.0,csi300,沪深300,4645.116,4679.6748,4694.0571666666665,4359.59625,4200.31745
2020-10-13,4812.9,4839.2,4845.92,4795.37,116516338.0,csi300,沪深300,4653.6075,4680.594,4693.827833333333,4368.64575,4204.9997
2020-10-14,4830.46,4807.1,4830.46,4795.91,111906923.0,csi300,沪深300,4659.243,4679.1932,4693.834666666666,4376.824083333334,4209.5801
2020-10-15,4810.78,4798.74,4833.89,4796.26,109964962.0,csi300,沪深300,4669.9505,4677.3872,4694.739166666666,4385.1689166666665,4213.7327000000005
2020-10-16,4798.92,4791.68,4825.55,4765.97,116716102.0,csi300,沪深300,4680.4355000000005,4676.3704,4699.329666666667,4393.413083333333,4217.75335
2020-10-19,4823.49,4755.49,4849.61,4747.34,129246361.0,csi300,沪深300,4686.8460000000005,4675.7812,4702.842833333333,4401.046416666666,4221.3218
2020-10-20,4751.37,4793.47,4793.47,4739.46,98048156.0,csi300,沪深300,4693.967,4680.7452,4704.729,4408.879833333334,4225.12525
2020-10-21,4801.63,4792.83,4801.63,4758.86,103805703.0,csi300,沪深300,4699.1845,4684.6828,4706.4255,4417.086333333334,4228.9536499999995
2020-10-22,4780.6,4777.98,4791.81,4725.5,101350891.0,csi300,沪深300,4705.2155,4692.4184000000005,4707.484333333333,4424.907999999999,4232.7573
2020-10-23,4775.47,4718.49,4802.46,4717.1,106825184.0,csi300,沪深300,4709.5045,4697.8788,4707.585166666667,4432.314166666666,4236.51425
2020-10-26,4684.05,4691.24,4713.39,4639.3,108343275.0,csi300,沪深300,4707.212,4700.4372,4710.6793333333335,4439.766416666666,4240.00565
2020-10-27,4680.14,4699.28,4708.46,4671.85,92656304.0,csi300,沪深300,4707.6044999999995,4702.3664,4713.526499999999,4447.0706666666665,4243.547699999999
2020-10-28,4703.0,4737.27,4753.31,4685.6,108463402.0,csi300,沪深300,4712.68,4704.318,4716.343333333334,4454.471666666666,4247.1041
2020-10-29,4683.61,4772.92,4803.03,4679.25,117117250.0,csi300,沪深300,4718.7095,4708.9403999999995,4717.9085000000005,4462.02075,4250.85855
2020-10-30,4776.47,4695.33,4778.51,4683.47,139802303.0,csi300,沪深300,4725.3225,4711.4452,4718.5615,4468.5436666666665,4253.92705
2020-11-02,4702.75,4720.83,4738.02,4695.44,142867693.0,csi300,沪深300,4732.863,4710.794800000001,4718.991166666668,4475.081833333333,4257.0483
2020-11-03,4743.17,4777.56,4793.4,4734.17,136055408.0,csi300,沪深300,4742.6455000000005,4714.24,4719.095333333334,4482.187416666667,4260.1749
2020-11-04,4781.45,4813.66,4825.46,4770.56,114661806.0,csi300,沪深300,4753.7384999999995,4721.356000000001,4719.726333333334,4489.271083333332,4263.5184
2020-11-05,4861.34,4885.11,4885.11,4838.0,139244594.0,csi300,沪深300,4768.624,4730.6672,4721.526333333332,4496.978833333334,4267.29745
2020-11-06,4897.63,4885.72,4897.63,4845.43,153639034.0,csi300,沪深300,4778.853,4743.5732,4723.5756666666675,4504.691166666667,4270.9249
2020-11-09,4918.86,4981.35,4997.8,4918.86,197131984.0,csi300,沪深300,4786.7625,4760.0264,4728.132666666667,4513.133666666667,4275.27005
2020-11-10,4995.41,4953.88,4995.41,4928.93,176267214.0,csi300,沪深300,4792.4965,4774.9052,4731.9495,4521.7058333333325,4279.2176
2020-11-11,4937.76,4904.9,4957.58,4901.71,164470515.0,csi300,沪深300,4797.3865,4787.4292,4735.668166666667,4529.973166666667,4282.92615
2020-11-12,4916.77,4908.46,4926.34,4891.51,118114619.0,csi300,沪深300,4802.8725,4800.2716,4740.015166666666,4538.186083333333,4286.4484999999995
2020-11-13,4886.98,4856.85,4886.98,4825.76,133693079.0,csi300,沪深300,4806.130999999999,4807.3,4743.700833333334,4545.691083333333,4289.7833
2020-11-16,4880.96,4904.17,4904.17,4848.62,148770980.0,csi300,沪深300,4813.5650000000005,4810.5404,4747.026500000001,4553.765666666667,4293.470499999999
2020-11-17,4903.12,4894.79,4909.29,4865.39,151487464.0,csi300,沪深300,4818.631,4812.764,4748.352499999999,4561.940666666666,4297.19925
2020-11-18,4889.67,4891.67,4911.09,4870.72,164216616.0,csi300,沪深300,4823.573,4816.1467999999995,4749.667666666666,4570.837416666666,4300.88335
2020-11-19,4880.92,4927.99,4939.79,4870.2,133681378.0,csi300,沪深300,4831.0735,4821.3168,4752.7895,4579.9929999999995,4304.594150000001
2020-11-20,4928.22,4943.29,4947.43,4922.59,129400341.0,csi300,沪深300,4842.3135,4827.3812,4757.191833333333,4588.914000000001,4308.73905
2020-11-23,4954.6,5005.03,5029.65,4940.45,205915187.0,csi300,沪深300,4858.003,4837.3628,4761.961666666667,4598.575833333333,4313.10455
2020-11-24,4997.05,4974.29,5001.06,4960.98,156637911.0,csi300,沪深300,4871.7535,4844.5956,4765.602333333333,4607.889666666667,4317.9565
2020-11-25,4992.75,4910.7,5004.77,4910.7,170340527.0,csi300,沪深300,4880.425,4849.3104,4768.0815,4616.587,4324.0682
2020-11-26,4908.32,4919.59,4925.29,4867.82,137202338.0,csi300,沪深300,4887.7585,4854.9748,4771.639166666666,4624.489083333333,4329.737950000001
2020-11-27,4930.59,4980.77,4980.77,4917.35,162952922.0,csi300,沪深300,4902.0305,4865.466,4775.796166666667,4632.799083333333,4335.49915
2020-11-30,4994.11,4960.25,5055.19,4960.25,262638950.0,csi300,沪深300,4914.0015,4876.2264000000005,4777.729166666667,4640.937416666667,4340.8015
2020-12-01,4963.13,5067.1,5072.55,4963.13,204065638.0,csi300,沪深300,4928.478499999999,4890.9392,4781.910499999999,4649.9783333333335,4346.637650000001
2020-12-02,5072.98,5067.14,5090.61,5043.31,195435476.0,csi300,沪深300,4941.1525,4904.134,4785.660833333332,4658.860750000001,4352.3933
2020-12-03,5065.45,5057.06,5072.3,5033.79,177865748.0,csi300,沪深300,4949.75,4915.4996,4789.2136666666665,4667.486666666667,4357.9163
2020-12-04,5049.52,5065.92,5072.39,5017.85,144347167.0,csi300,沪深300,4958.76,4930.3232,4793.3606666666665,4675.977416666667,4363.32375
2020-12-07,5065.73,5022.23,5067.87,5014.61,139896217.0,csi300,沪深300,4960.804,4942.379199999999,4797.560833333334,4684.165083333332,4368.6353
2020-12-08,5029.11,5009.88,5043.06,4998.92,123073029.0,csi300,沪深300,4963.604,4951.6720000000005,4803.236000000001,4692.615083333333,4373.746050000001
2020-12-09,5022.38,4942.7,5033.64,4942.52,138916965.0,csi300,沪深300,4965.494000000001,4956.8336,4807.374500000001,4700.445250000001,4378.07245
2020-12-10,4931.29,4940.52,4962.74,4919.77,125914270.0,csi300,沪深300,4967.097,4959.05,4813.306666666666,4708.658,4382.4875
2020-12-11,4957.82,4889.63,4957.82,4849.35,159357697.0,csi300,沪深300,4968.736,4959.2064,4818.434166666667,4715.9501666666665,4386.6791
2020-12-14,4903.63,4934.84,4937.26,4887.66,120801552.0,csi300,沪深300,4970.2695,4957.3460000000005,4823.560166666667,4723.593916666667,4390.63
2020-12-15,4931.6,4945.1,4954.19,4904.79,118342633.0,csi300,沪深300,4972.785,4956.9947999999995,4828.460999999999,4731.099916666667,4394.60805
2020-12-16,4957.3,4953.87,4968.86,4938.19,106778968.0,csi300,沪深300,4975.8949999999995,4958.9536,4832.884166666667,4738.226250000001,4398.713199999999
2020-12-17,4960.73,5017.48,5021.62,4950.37,133385479.0,csi300,沪深300,4980.369500000001,4963.3144,4838.886166666667,4745.854833333333,4403.18135
2020-12-18,5014.32,4999.97,5027.44,4979.0,128049618.0,csi300,沪深300,4983.2035000000005,4969.0392,4845.007166666666,4753.173,4407.8161
2020-12-21,4995.76,5046.84,5048.51,4970.0,140811782.0,csi300,沪深300,4985.294,4974.746,4850.169666666668,4760.738416666666,4412.6259
2020-12-22,5034.98,4964.77,5055.13,4960.95,162344970.0,csi300,沪深300,4984.818000000001,4977.5452000000005,4854.725333333333,4767.863833333334,4417.7495
2020-12-23,4977.3,5007.12,5028.45,4968.15,140292819.0,csi300,沪深300,4989.639,4982.1632,4860.914666666667,4774.890166666667,4422.43675
2020-12-24,5006.0,5000.02,5033.04,4979.24,114418667.0,csi300,沪深300,4993.6605,4985.0444,4866.7095,4781.158833333333,4426.98005
2020-12-25,4985.77,5042.01,5042.1,4973.68,121006979.0,csi300,沪深300,4996.7225,4988.9932,4874.691833333333,4787.043583333333,4431.614850000001
2020-12-28,5042.94,5064.41,5089.34,5037.86,136914407.0,csi300,沪深300,5001.9305,4991.3684,4882.931666666666,4792.417,4435.903249999999
2020-12-29,5071.45,5042.94,5077.42,5034.31,141198662.0,csi300,沪深300,5000.722500000001,4994.1144,4890.6155,4795.524083333334,4440.4254
2020-12-30,5037.98,5113.71,5113.71,5036.63,148626448.0,csi300,沪深300,5003.051,5002.2348,4899.314,4798.98725,4446.0082999999995
2020-12-31,5122.48,5211.29,5215.62,5122.48,171602509.0,csi300,沪深300,5010.7625,5013.9028,4909.712166666666,4802.631333333334,4451.6511
2021-01-04,5212.93,5267.72,5284.43,5190.94,211711382.0,csi300,沪深300,5020.852499999999,5025.3808,4919.4885,4806.18925,4457.84755
2021-01-05,5245.84,5368.5,5368.5,5234.38,224931159.0,csi300,沪深300,5038.166,5041.7108,4928.5775,4811.317333333334,4464.9355
2021-01-06,5386.51,5417.67,5433.47,5341.43,193773444.0,csi300,沪深300,5058.5555,5055.7336000000005,4938.218666666667,4816.023249999999,4472.5473
2021-01-07,5428.39,5513.66,5513.66,5413.35,219872080.0,csi300,沪深300,5087.103499999999,5073.594400000001,4949.994666666667,4821.914666666667,4481.4764000000005
2021-01-08,5526.29,5495.43,5547.47,5442.69,204324956.0,csi300,沪深300,5114.849,5091.129199999999,4961.606166666667,4828.172666666667,4490.4051500000005
2021-01-11,5504.24,5441.16,5555.69,5412.5,231835983.0,csi300,沪深300,5142.4255,5106.1388,4972.430833333333,4835.88025,4499.42965
2021-01-12,5419.5,5596.35,5596.35,5417.63,224220186.0,csi300,沪深300,5175.501,5129.1035999999995,4986.445166666666,4844.644,4509.46595
2021-01-13,5609.26,5577.97,5644.72,5535.14,261569886.0,csi300,沪深300,5207.1445,5151.8272,4999.520166666667,4852.124583333334,4519.0896999999995
2021-01-14,5556.21,5470.46,5568.02,5458.68,243683380.0,csi300,沪深300,5232.974,5172.9376,5010.814,4858.61975,4528.79045
2021-01-15,5471.39,5458.08,5500.63,5390.27,238637435.0,csi300,沪深300,5255.004,5193.64,5022.149,4864.816666666667,4537.9553000000005
2021-01-18,5438.16,5518.52,5541.46,5410.77,207051869.0,csi300,沪深300,5280.9315,5218.7956,5035.4828333333335,4871.534,4546.9353
2021-01-19,5525.97,5437.52,5532.48,5415.72,211043425.0,csi300,沪深300,5300.4655,5238.9028,5047.920833333334,4879.3000833333335,4555.6326500000005
2021-01-20,5439.91,5476.43,5496.05,5426.54,170913260.0,csi300,沪深300,5326.0485,5260.156,5060.873333333334,4887.1999166666665,4564.4645
2021-01-21,5492.96,5564.97,5593.11,5490.56,209950197.0,csi300,沪深300,5353.941000000001,5284.6,5074.668333333333,4895.505833333333,4573.9188
2021-01-22,5562.38,5569.78,5573.66,5513.88,199300020.0,csi300,沪深300,5382.429,5306.691999999999,5087.949333333334,4902.928916666667,4583.3369
2021-01-25,5564.12,5625.92,5655.48,5543.27,197047019.0,csi300,沪深300,5411.6245,5331.73,5103.4591666666665,4911.010333333334,4593.0911
2021-01-26,5600.9,5512.97,5600.9,5506.0,171904590.0,csi300,沪深300,5434.0525,5350.3752,5116.6615,4917.826333333333,4601.9833
2021-01-27,5505.77,5528.0,5534.99,5449.64,160190841.0,csi300,沪深300,5458.3055,5372.904399999999,5129.168833333333,4924.132083333334,4611.057199999999
2021-01-28,5450.37,5377.14,5462.24,5360.38,170485585.0,csi300,沪深300,5471.477000000001,5387.7052,5138.560166666666,4929.14325,4618.9528
2021-01-29,5413.97,5351.96,5430.2,5288.1,182178784.0,csi300,沪深300,5478.510499999999,5401.7828,5146.341,4933.933666666667,4626.8108999999995
2021-02-01,5356.85,5417.65,5422.3,5342.05,166313706.0,csi300,沪深300,5486.007,5416.8084,5155.2065,4939.391083333334,4634.9351
2021-02-02,5429.7,5501.09,5503.21,5411.52,165210565.0,csi300,沪深300,5492.6365000000005,5434.275600000001,5163.868833333333,4946.00075,4643.59465
2021-02-03,5499.3,5485.2,5532.89,5473.12,188054317.0,csi300,沪深300,5496.013,5451.965999999999,5172.724166666667,4952.336833333333,4652.25435
2021-02-04,5453.98,5473.95,5510.05,5411.57,180575654.0,csi300,沪深300,5494.0275,5466.3756,5182.208333333333,4958.938250000001,4660.4956
2021-02-05,5494.7,5483.41,5550.77,5477.65,189699598.0,csi300,沪深300,5493.4265,5477.2604,5191.7908333333335,4965.903000000001,4668.9258500000005
2021-02-08,5506.14,5564.56,5576.49,5479.85,164033775.0,csi300,沪深300,5499.5965,5489.134,5203.585999999999,4973.643416666667,4677.73675
2021-02-09,5584.17,5686.25,5686.25,5555.05,164887260.0,csi300,沪深300,5504.0915,5501.844,5216.620666666667,4981.823583333333,4686.97055
2021-02-10,5709.68,5807.72,5823.42,5707.33,170169786.0,csi300,沪深300,5515.579,5517.446000000001,5231.836166666667,4990.0943333333325,4696.74185
2021-02-18,5922.07,5768.38,5930.91,5747.66,218848686.0,csi300,沪深300,5530.475,5527.6348,5246.448,4998.057833333333,4706.543500000001
2021-02-19,5734.02,5778.84,5787.89,5667.32,214475780.0,csi300,沪深300,5546.513,5538.971200000001,5260.628833333333,5006.709166666667,4716.2408000000005
2021-02-22,5785.51,5597.33,5785.51,5597.33,282124382.0,csi300,沪深300,5550.4535000000005,5545.218000000001,5271.529500000001,5014.3606666666665,4725.0787
2021-02-23,5542.68,5579.67,5644.75,5541.11,233807727.0,csi300,沪深300,5557.561,5544.550800000001,5281.106833333333,5021.534250000001,4733.992200000001
2021-02-24,5591.48,5437.57,5598.83,5379.73,225428610.0,csi300,沪深300,5555.618,5538.9348,5288.828166666667,5027.215249999999,4742.0662
2021-02-25,5494.47,5469.56,5527.63,5444.16,230736028.0,csi300,沪深300,5550.8475,5538.8988,5298.1425,5033.111999999999,4750.16825
2021-02-26,5343.9,5336.76,5416.32,5318.86,212264543.0,csi300,沪深300,5539.1965,5534.045999999999,5305.095333333334,5038.367249999999,4757.5169
2021-03-01,5389.25,5418.78,5421.56,5345.94,177463523.0,csi300,沪深300,5528.8395,5530.0564,5312.3955,5044.095833333334,4765.0479000000005
2021-03-02,5453.28,5349.63,5454.97,5305.05,196511115.0,csi300,沪深300,5520.6725,5526.5408,5318.885166666666,5048.3071666666665,4772.1148
2021-03-03,5327.35,5452.21,5452.4,5316.48,194709054.0,csi300,沪深300,5516.883,5525.571999999999,5325.303666666668,5053.607083333333,4779.7514
2021-03-04,5388.48,5280.71,5392.37,5254.78,212775211.0,csi300,沪深300,5512.0615,5514.2016,5328.863166666667,5057.262000000001,4786.33685
2021-03-05,5191.97,5262.8,5307.82,5174.25,202627956.0,csi300,沪深300,5507.6035,5501.9223999999995,5332.292166666667,5060.752916666666,4792.84995
2021-03-08,5299.79,5080.02,5326.26,5079.8,230231635.0,csi300,沪深300,5490.722,5480.0864,5332.527166666667,5062.943916666667,4798.44885
2021-03-09,5066.15,4971.0,5094.31,4917.91,230711004.0,csi300,沪深300,5464.217500000001,5458.4076000000005,5331.673333333334,5064.617083333333,4803.4626
2021-03-10,5047.06,5003.61,5055.28,4981.62,169928490.0,csi300,沪深300,5440.138000000001,5437.432,5331.568833333334,5067.402416666666,4808.85455
2021-03-11,5024.56,5128.22,5138.41,5020.58,189600766.0,csi300,沪深300,5422.8515,5427.4752,5334.660833333332,5071.0176666666675,4814.93155
2021-03-12,5153.67,5146.38,5153.67,5086.82,201020589.0,csi300,沪深300,5406.0,5419.252,5338.091833333334,5075.699250000001,4821.0489
2021-03-15,5116.12,5035.54,5120.88,4992.4,204153084.0,csi300,沪深300,5379.549000000001,5403.9676,5340.523666666667,5079.478916666666,4826.44535
2021-03-16,5054.41,5079.36,5084.31,5009.95,161390054.0,csi300,沪深300,5349.204500000001,5387.0984,5342.932333333333,5083.246249999999,4832.166050000001
2021-03-17,5062.77,5100.86,5123.55,5020.13,149162376.0,csi300,沪深300,5313.861500000001,5371.7248,5345.528333333334,5086.9946666666665,4838.1014000000005
2021-03-18,5114.59,5141.77,5160.46,5111.13,142901518.0,csi300,沪深300,5282.531,5358.4376,5348.660000000001,5090.772083333333,4844.68995
2021-03-19,5068.53,5007.09,5089.92,4980.76,164174849.0,csi300,沪深300,5243.943499999999,5339.3848,5348.4868333333325,5093.6865,4850.5788
2021-03-22,5008.4,5057.15,5071.34,4996.54,167402632.0,csi300,沪深300,5216.9345,5319.088400000001,5349.439833333334,5097.223499999999,4856.5007000000005
2021-03-23,5057.06,5009.25,5064.02,4966.53,158013967.0,csi300,沪深300,5188.413500000001,5292.008400000001,5348.8133333333335,5099.4915,4862.3189
2021-03-24,4985.4,4928.69,5024.33,4919.89,159385982.0,csi300,沪深300,5162.9695,5256.8472,5348.212,5101.468666666667,4867.6792
2021-03-25,4904.07,4926.35,4950.76,4883.66,132945189.0,csi300,沪深300,5135.808999999999,5223.166,5346.865833333333,5103.8902499999995,4872.97585
2021-03-26,4953.95,5037.99,5050.83,4953.95,145926697.0,csi300,沪深300,5120.8705,5193.532,5347.498666666666,5107.104083333334,4878.3091
2021-03-29,5052.26,5046.88,5086.65,5010.39,143388215.0,csi300,沪深300,5102.275500000001,5171.514,5347.579833333333,5111.135833333334,4883.62565
2021-03-30,5043.1,5094.73,5106.04,5032.79,138618560.0,csi300,沪深300,5089.5305,5152.1164,5348.085166666668,5115.508416666667,4889.18105
2021-03-31,5085.95,5048.36,5085.95,5015.61,141335743.0,csi300,沪深300,5069.338,5136.548,5348.1755,5119.3955,4894.5119
2021-04-01,5059.94,5110.78,5115.43,5056.87,120324890.0,csi300,沪深300,5060.8415,5122.1968,5348.126666666666,5123.720333333333,4900.05955
2021-04-02,5129.85,5161.56,5169.83,5116.35,127002254.0,csi300,沪深300,5055.7795,5115.1888,5347.297833333333,5128.505000000001,4905.7576
2021-04-06,5178.64,5140.34,5181.15,5125.33,109834210.0,csi300,沪深300,5058.795499999999,5104.0512,5345.1748333333335,5132.331666666667,4911.22415
2021-04-07,5141.66,5103.74,5141.66,5065.19,145763748.0,csi300,沪深300,5065.4325,5094.2155999999995,5340.762166666666,5134.669833333333,4916.5443
2021-04-08,5078.26,5112.21,5129.13,5062.07,141771047.0,csi300,沪深300,5070.8625,5080.6156,5335.671166666667,5136.944916666666,4922.125950000001
2021-04-09,5100.04,5035.34,5100.04,5022.09,128416509.0,csi300,沪深300,5066.2185,5070.8008,5327.699166666666,5138.846916666666,4927.287249999999
2021-04-12,5026.98,4947.75,5045.6,4933.01,152644314.0,csi300,沪深300,5056.287,5058.1988,5318.571166666666,5140.0886666666665,4932.25105
2021-04-13,4949.81,4939.64,4994.54,4924.2,132919358.0,csi300,沪深300,5051.492,5052.5836,5310.2125,5141.321666666667,4936.8764
2021-04-14,4945.69,4980.63,4987.12,4940.27,120860838.0,csi300,沪深300,5046.5554999999995,5052.9688,5299.950500000001,5143.197833333334,4941.6916
2021-04-15,4969.91,4948.97,4969.91,4900.3,108829384.0,csi300,沪深300,5038.961,5050.7832,5289.467166666667,5144.493666666666,4946.214550000001
2021-04-16,4966.9,4966.18,4979.17,4917.96,111239924.0,csi300,沪深300,5030.181500000001,5044.3016,5281.0625,5145.93825,4950.5519
2021-04-19,4966.41,5087.02,5088.21,4940.75,154769824.0,csi300,沪深300,5034.178000000001,5041.9272,5274.878166666666,5148.513583333333,4955.47675
2021-04-20,5065.78,5083.37,5119.86,5058.92,136541700.0,csi300,沪深300,5035.489,5043.8404,5267.625666666666,5151.55425,4960.2846500000005
2021-04-21,5055.24,5098.75,5110.56,5047.99,124637277.0,csi300,沪深300,5039.964,5044.616,5261.9794999999995,5154.9501666666665,4965.08345
2021-04-22,5114.28,5089.24,5119.22,5067.14,121167645.0,csi300,沪深300,5047.9915,5044.1512,5255.526333333333,5158.199833333333,4969.98105
2021-04-23,5088.83,5135.45,5149.98,5086.49,122056991.0,csi300,沪深300,5058.4465,5043.8984,5248.367666666667,5161.518,4974.8385
2021-04-26,5156.59,5077.24,5181.11,5072.96,151381967.0,csi300,沪深300,5060.409,5046.7044,5240.158666666667,5164.054000000001,4978.9858
2021-04-27,5076.64,5090.52,5095.98,5042.61,123961837.0,csi300,沪深300,5062.590999999999,5048.0392,5231.235333333333,5167.347250000001,4982.7591999999995
2021-04-28,5073.97,5119.24,5119.45,5059.26,120620318.0,csi300,沪深300,5063.8165,5052.4388,5224.673166666666,5170.667333333334,4986.2573999999995
2021-04-29,5128.28,5164.17,5170.59,5113.65,140092480.0,csi300,沪深300,5069.607,5061.858,5218.609333333333,5173.889083333333,4988.727800000001
2021-04-30,5156.36,5123.49,5163.25,5094.93,160121621.0,csi300,沪深300,5070.2425,5069.743600000001,5214.381833333334,5176.4710000000005,4990.854600000001
2021-05-06,5098.8,5061.12,5132.9,5037.41,158822630.0,csi300,沪深300,5065.2205,5070.6688,5209.5345,5177.937749999999,4992.2902
2021-05-07,5073.46,4996.05,5093.75,4996.04,172258321.0,csi300,沪深300,5058.006,5068.6356,5202.507833333333,5178.857166666667,4993.0666
2021-05-10,5001.44,4992.42,5019.39,4953.7,170820585.0,csi300,沪深300,5052.4400000000005,5064.5432,5194.03,5178.949416666667,4994.26305
2021-05-11,4956.08,5023.06,5033.49,4925.92,151526497.0,csi300,沪深300,5047.9825,5063.5312,5186.327666666666,5179.5259166666665,4995.11355
2021-05-12,5003.82,5044.55,5051.17,4995.4,126619086.0,csi300,沪深300,5048.443,5060.8820000000005,5179.171,5180.689666666667,4996.30285
2021-05-13,4992.35,4992.97,5022.08,4975.45,132279406.0,csi300,沪深300,5050.704,5054.1384,5170.997,5181.393916666667,4997.545349999999
2021-05-14,5007.63,5110.59,5112.98,4981.29,159426180.0,csi300,沪深300,5059.2515,5052.9484,5163.430833333334,5183.508416666667,5000.51705
2021-05-17,5115.31,5184.99,5206.69,5115.31,153889634.0,csi300,沪深300,5069.4695,5056.1984,5155.0765,5185.848583333333,5003.7185
2021-05-18,5190.93,5187.6,5201.67,5156.79,118404261.0,csi300,沪深300,5081.401,5059.214,5144.741166666666,5188.288666666666,5006.255
2021-05-19,5173.17,5172.27,5193.56,5151.64,118729983.0,csi300,沪深300,5091.7055,5064.6912,5134.806,5190.6269999999995,5008.66115
2021-05-20,5167.05,5186.41,5201.59,5152.04,138454775.0,csi300,沪深300,5096.675,5074.2376,5124.9321666666665,5192.7805,5011.02095
2021-05-21,5199.13,5134.15,5216.16,5123.12,124768485.0,csi300,沪深300,5099.214,5082.018,5117.2125,5194.371,5013.1295
2021-05-24,5138.81,5155.59,5155.59,5092.39,126742336.0,csi300,沪深300,5102.056,5089.0164,5110.1445,5195.625666666666,5016.3795
2021-05-25,5165.04,5318.48,5324.36,5161.52,182996839.0,csi300,沪深300,5113.518,5103.7968,5108.159666666667,5198.493916666667,5020.329650000001
2021-05-26,5326.12,5320.59,5344.28,5308.74,169607096.0,csi300,沪深300,5122.775,5117.9732,5105.676833333333,5201.909666666667,5024.0913
2021-05-27,5311.37,5338.23,5378.48,5286.05,148462855.0,csi300,沪深300,5135.824500000001,5128.0216,5105.701333333333,5205.3983333333335,5027.3874
2021-05-28,5338.73,5321.09,5360.28,5288.65,164605806.0,csi300,沪深300,5147.353,5137.530400000001,5104.073166666667,5208.234333333333,5030.7121
2021-05-31,5318.08,5331.57,5331.63,5281.69,144603269.0,csi300,沪深300,5157.9695,5146.8432,5103.772166666667,5211.328666666666,5033.894700000001
2021-06-01,5320.47,5341.68,5343.75,5269.26,143831474.0,csi300,沪深300,5166.844999999999,5156.940799999999,5101.929999999999,5213.6168333333335,5036.74655
2021-06-02,5348.34,5289.97,5352.64,5266.79,137754319.0,csi300,沪深300,5175.169,5163.1215999999995,5102.084333333333,5215.47375,5039.317400000001
2021-06-03,5285.71,5255.29,5314.37,5255.07,141968878.0,csi300,沪深300,5184.8775000000005,5170.2436,5101.9591666666665,5217.125666666666,5041.708299999999
2021-06-04,5228.28,5282.28,5334.49,5221.23,144732087.0,csi300,沪深300,5199.189,5177.914000000001,5105.330166666667,5218.928666666668,5044.3059
2021-06-07,5284.89,5277.63,5286.84,5242.95,127704971.0,csi300,沪深300,5213.4495,5184.2496,5110.440666666666,5221.057000000001,5047.1544
2021-06-08,5276.97,5232.12,5319.04,5201.14,130559532.0,csi300,沪深300,5223.9025,5186.9676,5114.2491666666665,5222.909000000001,5049.6906500000005
2021-06-09,5224.95,5236.45,5253.36,5215.35,121820321.0,csi300,沪深300,5233.4974999999995,5191.486,5116.053,5225.356916666667,5052.464
2021-06-10,5236.47,5271.47,5299.53,5229.52,138991967.0,csi300,沪深300,5247.4225,5199.9,5118.137833333333,5228.114833333332,5055.58315
2021-06-11,5275.75,5224.7,5276.1,5213.6,180807173.0,csi300,沪深300,5253.128,5209.045999999999,5121.2905,5230.9070833333335,5058.5280999999995
2021-06-15,5218.56,5166.56,5225.5,5137.41,142880058.0,csi300,沪深300,5252.206499999999,5216.0116,5122.743833333333,5232.838083333333,5060.837750000001
2021-06-16,5163.25,5080.49,5164.52,5076.02,125147985.0,csi300,沪深300,5246.851000000001,5218.3088,5122.404333333334,5233.966333333333,5062.16405
2021-06-17,5074.38,5101.89,5123.37,5073.82,120452518.0,csi300,沪深300,5243.332,5220.6024,5121.739666666666,5235.199833333333,5063.6097
2021-06-18,5104.93,5102.47,5128.03,5064.92,148585805.0,csi300,沪深300,5239.135,5224.9824,5123.329333333333,5235.908083333334,5065.41865
2021-06-21,5088.09,5090.39,5123.78,5058.57,132184516.0,csi300,沪深300,5236.947,5224.1744,5123.883333333333,5236.6615833333335,5067.4748500000005
2021-06-22,5106.07,5122.16,5125.82,5086.28,130416753.0,csi300,沪深300,5235.275500000001,5221.6612,5125.765166666666,5237.28925,5069.4914499999995
2021-06-23,5127.19,5147.39,5171.03,5109.76,136356058.0,csi300,沪深300,5226.721,5220.0528,5129.410166666667,5238.811083333333,5071.4491499999995
2021-06-24,5156.56,5155.97,5160.43,5120.58,126685625.0,csi300,沪深300,5218.49,5219.4008,5133.237166666668,5240.0515,5073.419250000001
2021-06-25,5159.8,5239.97,5251.61,5157.48,154931061.0,csi300,沪深300,5213.577,5221.5432,5136.6035,5242.051083333334,5076.08845
2021-06-28,5253.61,5251.76,5260.64,5226.22,133193783.0,csi300,沪深300,5210.110500000001,5226.2476,5140.018166666667,5243.799,5078.690500000001
2021-06-29,5248.52,5190.54,5248.52,5182.68,125162997.0,csi300,沪深300,5203.058999999999,5227.645600000001,5141.615,5244.850083333334,5080.42185
2021-06-30,5189.38,5224.04,5231.43,5186.63,103752671.0,csi300,沪深300,5197.177000000001,5223.8679999999995,5144.543000000001,5246.3592499999995,5082.46095
2021-07-01,5241.2,5229.66,5252.26,5190.88,127240620.0,csi300,沪深300,5194.1615,5220.2308,5146.524333333334,5247.3255,5084.39865
2021-07-02,5186.66,5081.12,5186.66,5074.36,130426424.0,csi300,沪深300,5185.4529999999995,5209.9464,5145.183666666667,5246.24075,5085.5848000000005
2021-07-05,5073.78,5085.79,5098.23,5048.0,131211589.0,csi300,沪深300,5175.6285,5200.5344000000005,5144.2745,5244.724666666666,5086.92825
2021-07-06,5089.78,5083.1,5092.21,5028.51,140655220.0,csi300,沪深300,5165.902,5190.5956,5143.9305,5242.346333333333,5088.49265
2021-07-07,5052.42,5140.49,5152.77,5045.41,148549060.0,csi300,沪深300,5161.3205,5182.548,5144.401833333333,5240.0365,5090.84825
2021-07-08,5149.31,5088.26,5151.22,5078.93,173901008.0,csi300,沪深300,5153.911,5174.479600000001,5145.283833333334,5236.4915,5092.8176
2021-07-09,5063.15,5069.44,5081.41,5006.41,160653226.0,csi300,沪深300,5143.8095,5167.0456,5147.312000000001,5232.941583333333,5095.24185
2021-07-12,5108.38,5132.71,5159.41,5070.32,206212039.0,csi300,沪深300,5139.21,5161.062800000001,5150.529833333334,5230.371166666667,5097.995500000001
2021-07-13,5128.61,5142.1,5154.05,5114.94,166482209.0,csi300,沪深300,5137.987,5155.6416,5153.2210000000005,5226.585749999999,5100.5696
2021-07-14,5130.75,5083.09,5130.75,5075.13,188352720.0,csi300,沪深300,5138.117,5149.6804,5155.456333333333,5222.46175,5102.7298
2021-07-15,5073.26,5151.46,5153.81,5067.68,181077103.0,csi300,沪深300,5140.5955,5146.2808,5158.544333333333,5219.803416666667,5105.0446999999995
2021-07-16,5140.9,5094.77,5140.9,5090.63,169955982.0,csi300,沪深300,5140.2105,5139.2128,5158.673500000001,5216.775833333333,5107.23175
2021-07-19,5083.73,5113.49,5120.82,5047.62,153199589.0,csi300,沪深300,5141.3655,5134.7644,5159.1755,5213.400583333334,5109.63565
2021-07-20,5080.22,5108.99,5114.0,5067.86,129300044.0,csi300,沪深300,5140.707,5132.4616000000005,5159.346166666667,5210.662833333334,5111.49515
2021-07-21,5122.78,5144.04,5160.54,5122.3,167976469.0,csi300,沪深300,5140.5395,5135.0036,5160.259499999999,5207.892916666667,5113.7582
2021-07-22,5150.39,5151.75,5171.21,5137.88,185556864.0,csi300,沪深300,5140.3285,5136.998,5160.531166666667,5204.449416666667,5116.33815
2021-07-23,5145.43,5089.23,5145.43,5080.0,216536847.0,csi300,沪深300,5132.7915,5136.468400000001,5160.731,5200.444833333333,5118.52265
2021-07-26,5067.31,4925.3,5067.31,4859.6,228111710.0,csi300,沪深300,5116.4685,5129.864799999999,5157.977333333333,5194.606333333333,5120.3338
2021-07-27,4924.28,4751.31,4940.86,4749.03,236631225.0,csi300,沪深300,5094.507,5115.0308,5151.845166666667,5188.259166666667,5121.24025
2021-07-28,4714.29,4760.48,4785.66,4663.9,192634393.0,csi300,沪深300,5071.329,5099.5544,5145.116999999999,5181.863166666666,5122.1331
2021-07-29,4845.76,4850.27,4857.97,4800.01,173322054.0,csi300,沪深300,5052.3595000000005,5087.3264,5140.5633333333335,5177.472583333333,5123.42545
2021-07-30,4825.7,4811.17,4825.7,4761.04,182349776.0,csi300,沪深300,5038.862,5070.1744,5136.3975,5172.966,5124.5443
2021-08-02,4794.82,4933.74,4938.82,4761.46,227194918.0,csi300,沪深300,5031.2595,5057.4536,5135.3589999999995,5168.933416666667,5125.8072999999995
2021-08-03,4909.23,4934.46,4957.03,4890.85,203533360.0,csi300,沪深300,5023.8275,5047.2104,5134.393,5164.2115,5126.3638
2021-08-04,4927.74,4978.85,4979.29,4919.66,175466461.0,csi300,沪深300,5015.7455,5037.4028,5133.656166666668,5159.991916666667,5127.06205
2021-08-05,4946.17,4948.67,4997.14,4921.94,167381829.0,csi300,沪深300,5008.7660000000005,5026.1632,5132.058166666667,5155.614583333333,5127.7699
2021-08-06,4943.04,4921.56,4944.35,4891.8,154179688.0,csi300,沪深300,5001.372,5019.7808,5130.868,5150.932499999999,5128.384
2021-08-09,4890.26,4985.56,5002.89,4884.04,182436871.0,csi300,沪深300,4994.0145,5015.7716,5128.784166666666,5146.1075,5129.3534
2021-08-10,4977.82,5043.15,5043.76,4941.24,167051902.0,csi300,沪深300,4989.067,5014.1736,5126.420166666666,5140.748333333334,5130.7917
2021-08-11,5037.08,5015.34,5059.79,5009.98,182266074.0,csi300,沪深300,4985.6795,5009.1676,5123.549166666667,5134.145166666667,5131.9010499999995
2021-08-12,4998.07,4973.35,5016.26,4962.98,168223733.0,csi300,沪深300,4976.773999999999,5004.5712,5120.233833333333,5127.519916666667,5132.803650000001
2021-08-13,4958.76,4945.98,4993.74,4921.28,158314321.0,csi300,沪深300,4969.3345,4999.6328,5116.226666666667,5120.579416666666,5133.643650000001
2021-08-16,4935.92,4941.07,4973.38,4931.37,161953373.0,csi300,沪深300,4960.7135,4991.9672,5113.008666666667,5115.110583333333,5134.75655
2021-08-17,4935.0,4837.4,4967.56,4823.39,187573472.0,csi300,沪深300,4947.134,4979.779200000001,5107.7055,5108.925,5135.487349999999
2021-08-18,4838.47,4894.24,4909.54,4818.9,197474378.0,csi300,沪深300,4934.644,4972.2252,5100.634833333333,5104.39725,5136.46215
2021-08-19,4886.56,4862.14,4893.47,4839.57,201711719.0,csi300,沪深300,4920.163500000001,4960.6524,5092.994000000001,5099.335416666668,5137.0865
2021-08-20,4817.49,4769.27,4835.15,4720.83,177635810.0,csi300,沪深300,4904.1655,4947.6323999999995,5083.511333333333,5094.606333333333,5137.06825
2021-08-23,4777.73,4835.88,4843.82,4764.01,167579093.0,csi300,沪深300,4899.6945000000005,4936.528,5075.4245,5089.748833333333,5137.771000000001
2021-08-24,4844.59,4888.39,4906.2,4842.75,197883163.0,csi300,沪深300,4906.5485,4927.704000000001,5068.038166666667,5085.905166666666,5138.6088
2021-08-25,4890.52,4898.16,4899.77,4865.76,189448016.0,csi300,沪深300,4913.4325,4917.8688,5060.646166666667,5081.288083333334,5139.2118
2021-08-26,4892.2,4801.61,4892.2,4798.7,197617387.0,csi300,沪深300,4910.9995,4903.8632,5052.506833333333,5077.2955833333335,5139.15155
2021-08-27,4794.97,4827.04,4863.47,4793.59,183310211.0,csi300,沪深300,4911.793,4893.3756,5045.369333333334,5073.664250000001,5138.8612
2021-08-30,4847.03,4813.27,4849.16,4787.2,219635757.0,csi300,沪深300,4905.7695,4888.8944,5037.5525,5071.441333333334,5138.49895
2021-08-31,4803.09,4805.61,4821.76,4740.75,235118658.0,csi300,沪深300,4899.326999999999,4891.0664,5029.6855000000005,5070.063083333333,5137.62025
2021-09-01,4804.69,4869.46,4906.4,4763.3,326721080.0,csi300,沪深300,4893.8575,4895.4256,5023.641166666666,5068.945166666667,5137.19815
2021-09-02,4865.82,4869.41,4892.71,4845.62,267858013.0,csi300,沪深300,4889.8945,4896.1912,5017.523833333335,5066.788416666666,5137.0207
2021-09-03,4875.07,4843.06,4886.55,4828.7,268091896.0,csi300,沪深300,4885.9695,4897.4668,5010.383666666667,5064.2607499999995,5136.693700000001
2021-09-06,4841.06,4933.73,4944.45,4837.79,240507245.0,csi300,沪深300,4883.378,4897.4664,5005.534166666666,5063.412333333333,5137.0781
2021-09-07,4932.98,4992.83,5005.96,4915.61,244178519.0,csi300,沪深300,4880.862,4899.8012,5002.638666666667,5062.691250000001,5137.5214000000005
2021-09-08,4986.8,4972.13,5013.98,4955.89,264615315.0,csi300,沪深300,4878.7015,4899.5324,5000.832666666667,5061.6185000000005,5137.9081
2021-09-09,4952.49,4970.01,4970.15,4929.95,256530217.0,csi300,沪深300,4878.5345,4900.3859999999995,4998.634666666666,5060.1871666666675,5138.2998
2021-09-10,4967.98,5013.52,5042.8,4962.37,288304352.0,csi300,沪深300,4881.9115,4904.0644,4997.152166666667,5060.240749999999,5138.72745
2021-09-13,5006.77,4991.66,5029.72,4964.96,249915298.0,csi300,沪深300,4884.441000000001,4904.3084,4995.506666666667,5059.695000000001,5138.969300000001
2021-09-14,4989.84,4917.16,5000.98,4907.32,245590402.0,csi300,沪深300,4888.429,4899.2688,4992.09,5058.927583333334,5138.52995
2021-09-15,4903.85,4867.32,4903.85,4843.12,187984730.0,csi300,沪深300,4887.0830000000005,4893.348,4987.422166666667,5058.416166666666,5137.9951
2021-09-16,4866.79,4807.7,4879.53,4806.14,216752099.0,csi300,沪深300,4884.361,4886.722,4981.617666666667,5057.427416666667,5137.4801
2021-09-17,4797.11,4855.94,4857.96,4786.09,201958127.0,csi300,沪深300,4888.6945,4883.1204,4975.217166666667,5055.910333333333,5137.16185
2021-09-22,4770.73,4821.77,4830.85,4765.23,191220376.0,csi300,沪深300,4887.9890000000005,4878.3484,4968.050666666666,5054.034416666666,5136.36685
2021-09-23,4848.22,4853.2,4877.34,4837.56,228151064.0,csi300,沪深300,4886.2294999999995,4878.9803999999995,4962.428333333333,5052.0216666666665,5135.8316
2021-09-24,4845.64,4849.43,4897.06,4838.54,207693290.0,csi300,沪深300,4883.793,4877.188,4956.184833333333,5050.363916666667,5134.7432499999995
2021-09-27,4870.85,4877.37,4922.56,4852.2,215967030.0,csi300,沪深300,4887.581,4877.7972,4950.3133333333335,5048.418833333333,5133.7944
2021-09-28,4869.08,4883.83,4901.31,4846.63,176890880.0,csi300,沪深300,4890.420499999999,4882.3796,4947.025166666667,5046.104416666666,5132.92825
2021-09-29,4846.02,4833.93,4868.07,4799.88,188171366.0,csi300,沪深300,4891.4535000000005,4882.3016,4942.827499999999,5043.551,5131.7683
2021-09-30,4843.95,4866.38,4876.07,4843.95,146113896.0,csi300,沪深300,4894.492,4881.4212,4939.2155,5041.573,5130.98905
2021-10-08,4915.73,4929.94,4937.09,4891.63,168968077.0,csi300,沪深300,4897.516,4882.692400000001,4935.7063333333335,5040.054083333333,5130.58935
2021-10-11,4941.29,4936.19,4983.73,4930.71,163511624.0,csi300,沪深300,4900.855,4888.0756,4933.171833333333,5039.227833333333,5130.5568
2021-10-12,4920.66,4883.84,4925.49,4840.77,168079337.0,csi300,沪深300,4902.894,4890.3476,4930.0785000000005,5038.69525,5130.2734
2021-10-13,4880.14,4940.11,4953.38,4869.83,131142813.0,csi300,沪深300,4903.213,4895.4212,4926.8685,5038.699166666667,5130.5258
2021-10-14,4934.26,4913.61,4953.92,4903.25,119557013.0,csi300,沪深300,4899.2519999999995,4899.7412,4923.060333333333,5038.140666666667,5130.41965
2021-10-15,4896.56,4932.11,4939.82,4881.01,142822001.0,csi300,沪深300,4897.250999999999,4902.2472,4920.544,5038.000166666667,5130.3547
2021-10-18,4922.51,4874.78,4922.51,4844.94,141245199.0,csi300,沪深300,4892.4895,4902.4619999999995,4915.932666666667,5037.2385,5129.959250000001
2021-10-19,4869.39,4922.72,4928.14,4868.81,135266493.0,csi300,沪深300,4887.9495,4905.6484,4913.065166666666,5035.869333333334,5129.48545
2021-10-20,4926.77,4910.18,4944.02,4898.37,141533183.0,csi300,沪深300,4883.8755,4904.7064,4909.676666666666,5034.426083333334,5129.036499999999
2021-10-21,4914.74,4928.02,4946.18,4893.85,148898154.0,csi300,沪深300,4884.418500000001,4902.1140000000005,4906.6605,5033.003333333333,5128.4424
2021-10-22,4934.87,4959.73,4989.89,4934.87,143926228.0,csi300,沪深300,4889.039,4901.6179999999995,4903.5886666666665,5031.924083333333,5128.4172
2021-10-25,4940.9,4979.52,4981.65,4930.11,141861490.0,csi300,沪深300,4897.63,4901.9984,4900.7181666666675,5030.624666666667,5128.2792
2021-10-26,4983.24,4963.1,5002.57,4953.48,140888943.0,csi300,沪深300,4902.987999999999,4899.9816,4898.615999999999,5029.6735,5128.0946
2021-10-27,4949.23,4898.16,4949.23,4884.94,147111593.0,csi300,沪深300,4906.8075,4896.241599999999,4898.163666666666,5028.0705,5127.375349999999
2021-10-28,4882.59,4864.14,4898.66,4846.28,156649472.0,csi300,沪深300,4907.3544999999995,4894.120800000001,4900.0441666666675,5025.944666666666,5126.374
2021-10-29,4861.27,4908.77,4908.77,4855.76,159887353.0,csi300,沪深300,4910.3215,4895.7788,4902.515666666667,5023.816333333334,5125.70315
2021-11-01,4878.13,4890.69,4908.21,4858.25,171583974.0,csi300,沪深300,4910.9875,4899.0984,4903.189333333333,5021.876333333334,5124.58805
2021-11-02,4886.19,4839.85,4911.23,4797.9,185437688.0,csi300,沪深300,4908.788500000001,4898.4547999999995,4903.667333333334,5020.032416666667,5122.73085
2021-11-03,4835.81,4821.11,4858.71,4804.37,142763820.0,csi300,沪深300,4908.1475,4898.4284,4901.790166666668,5018.574583333333,5120.4978
2021-11-04,4841.09,4868.74,4873.94,4834.74,132592970.0,csi300,沪深300,4908.2654999999995,4899.05,4900.694833333333,5017.543916666666,5117.999
2021-11-05,4858.9,4842.35,4889.68,4841.74,147789359.0,csi300,沪深300,4903.886,4898.7668,4898.4198333333325,5016.0380000000005,5115.1224
2021-11-08,4841.15,4848.18,4866.08,4827.69,137398264.0,csi300,沪深300,4899.485500000001,4897.5992,4896.745,5014.401583333333,5111.795
2021-11-09,4858.25,4846.74,4870.79,4818.54,118375526.0,csi300,沪深300,4897.630499999999,4896.1156,4895.4980000000005,5013.183,5108.55155
2021-11-10,4832.8,4821.19,4832.8,4754.0,135118179.0,csi300,沪深300,4891.6845,4895.606,4892.7585,5010.771333333334,5105.4517
2021-11-11,4814.77,4898.65,4898.65,4809.11,160484863.0,csi300,沪深300,4890.936500000001,4896.8967999999995,4890.350166666666,5008.385166666668,5101.9632
2021-11-12,4902.93,4888.38,4909.08,4875.35,132662969.0,csi300,沪深300,4888.75,4895.234399999999,4888.234166666666,5005.891666666666,5098.51525
2021-11-15,4894.41,4882.38,4906.33,4863.4,121823149.0,csi300,沪深300,4889.13,4893.082,4886.718,5003.475916666667,5095.57485
2021-11-16,4880.9,4883.32,4915.37,4876.5,127254406.0,csi300,沪深300,4887.160000000001,4893.0612,4885.673666666667,5000.9501666666665,5092.70105
2021-11-17,4883.25,4885.75,4891.52,4864.52,108459223.0,csi300,沪深300,4885.9385,4890.8868,4884.751666666666,4998.880166666667,5089.5372
2021-11-18,4871.42,4837.62,4871.42,4830.41,114480565.0,csi300,沪深300,4881.4185,4887.8472,4884.7553333333335,4996.230416666667,5086.5377
2021-11-19,4832.06,4890.06,4892.81,4829.57,127198312.0,csi300,沪深300,4877.9349999999995,4886.1652,4884.685666666667,4992.660250000001,5083.60585
2021-11-22,4895.39,4912.4,4919.0,4893.27,138092836.0,csi300,沪深300,4874.579,4887.670000000001,4885.5233333333335,4989.258666666666,5080.343000000001
2021-11-23,4905.76,4913.35,4927.52,4896.88,154304411.0,csi300,沪深300,4872.0915,4887.2952000000005,4887.924666666667,4985.718,5077.06085
2021-11-24,4914.03,4916.66,4935.49,4899.61,137150673.0,csi300,沪深300,4873.0165,4887.5544,4889.271,4982.34775,5073.51455
2021-11-25,4917.61,4896.44,4921.33,4891.73,115984031.0,csi300,沪深300,4874.6315,4886.2912,4889.405166666666,4978.721666666666,5070.4319
2021-11-26,4886.95,4860.13,4886.95,4850.81,120368974.0,csi300,沪深300,4872.1995,4882.307199999999,4888.771333333333,4974.708750000001,5067.09255
2021-11-29,4820.01,4851.42,4858.53,4818.71,133626862.0,csi300,沪深300,4870.235999999999,4877.1832,4889.601500000001,4971.054166666667,5064.46395
2021-11-30,4857.18,4832.03,4871.25,4810.22,129630596.0,csi300,沪深300,4869.844999999999,4871.9404,4889.684666666666,4967.527,5061.8643
2021-12-01,4831.89,4843.85,4844.52,4823.93,123086789.0,csi300,沪深300,4870.982,4869.768,4890.194333333334,4963.873416666666,5058.9953000000005
2021-12-02,4839.91,4856.16,4866.85,4830.32,148088521.0,csi300,沪深300,4870.353,4869.4488,4891.036833333334,4960.361166666667,5055.77065
2021-12-03,4856.98,4901.02,4901.02,4853.35,144059626.0,csi300,沪深300,4873.2865,4869.1388,4891.562833333333,4957.602,5052.849749999999
2021-12-06,4909.43,4892.62,4943.9,4888.69,173615683.0,csi300,沪深300,4875.5085,4869.215999999999,4891.949666666666,4954.73675,5049.9431
2021-12-07,4930.83,4922.1,4934.1,4895.22,179053460.0,csi300,沪深300,4879.2765,4872.506,4893.266999999999,4951.825333333333,5047.136549999999
2021-12-08,4934.41,4995.93,4995.93,4915.79,157490559.0,csi300,沪深300,4888.0135,4879.4988,4894.303666666666,4949.9189166666665,5044.2934000000005
2021-12-09,5000.69,5078.69,5114.5,4999.41,220568776.0,csi300,沪深300,4897.0154999999995,4887.8967999999995,4895.734666666666,4949.1866666666665,5041.2556
2021-12-10,5046.27,5055.12,5060.06,5035.81,193695154.0,csi300,沪深300,4905.3525,4896.4076000000005,4897.117833333333,4948.97525,5037.4926000000005
2021-12-13,5090.02,5083.8,5143.84,5079.73,211801596.0,csi300,沪深300,4915.4235,4905.8324,4899.014333333334,4948.824500000001,5034.0697
2021-12-14,5066.35,5049.7,5075.21,5038.86,159107790.0,csi300,沪深300,4923.742499999999,4913.9508,4899.617333333333,4948.384749999999,5030.424
2021-12-15,5036.28,5005.9,5060.37,5003.78,150529752.0,csi300,沪深300,4929.75,4921.3392,4899.854666666666,4947.680666666667,5027.46685
2021-12-16,5006.61,5034.73,5034.73,4987.22,144053867.0,csi300,沪深300,4939.6055,4926.7824,4901.814166666666,4946.952083333334,5024.74215
2021-12-17,5021.34,4954.76,5022.11,4954.76,149005399.0,csi300,沪深300,4942.8405,4929.437599999999,4903.2715,4945.346833333333,5022.3281
2021-12-20,4934.97,4880.42,4971.67,4872.68,169675690.0,csi300,沪深300,4941.2415,4929.3592,4904.483499999999,4943.050583333334,5019.3823999999995
2021-12-21,4876.51,4913.49,4917.8,4872.95,143339898.0,csi300,沪深300,4941.2485,4930.566,4905.442666666667,4940.3299166666675,5017.26605
2021-12-22,4924.58,4914.45,4936.67,4903.17,133256740.0,csi300,沪深300,4941.138,4931.714,4906.9873333333335,4937.519,5014.7444
2021-12-23,4924.29,4948.74,4948.74,4906.75,139555406.0,csi300,沪深300,4943.753,4936.1588,4908.579666666667,4935.504,5012.73995
2021-12-24,4953.06,4921.34,4964.91,4905.98,142673323.0,csi300,沪深300,4946.8135,4937.41,4909.778166666667,4932.9815,5010.0856
2021-12-27,4918.15,4919.32,4939.69,4894.16,124100952.0,csi300,沪深300,4950.208500000001,4937.6867999999995,4910.477333333333,4930.395333333334,5008.27865
2021-12-28,4923.69,4955.96,4959.15,4913.6,130457757.0,csi300,沪深300,4956.405000000001,4939.3912,4911.6795,4929.352333333332,5006.74445
2021-12-29,4958.65,4883.48,4958.65,4883.48,113587002.0,csi300,沪深300,4958.3865,4938.063999999999,4912.5053333333335,4927.666416666666,5005.76175
2021-12-30,4882.16,4921.51,4940.18,4878.65,121617178.0,csi300,沪深300,4961.654,4939.0668,4913.424166666667,4926.319833333333,5005.5143
2021-12-31,4937.46,4940.37,4950.36,4923.14,121313737.0,csi300,沪深300,4963.621499999999,4942.2764,4913.598,4924.652166666667,5005.1981
2022-01-04,4957.98,4917.77,4961.45,4874.53,151534776.0,csi300,沪深300,4964.879,4944.9304,4913.291,4923.2314166666665,5004.14585
2022-01-05,4907.93,4868.12,4916.28,4851.98,178816100.0,csi300,沪深300,4962.179999999999,4946.374,4913.0289999999995,4921.55375,5002.754550000001
2022-01-06,4842.16,4818.23,4857.56,4786.43,157665826.0,csi300,沪深300,4953.295,4945.3492,4910.997666666666,4918.933083333333,5001.668
2022-01-07,4824.32,4822.37,4856.65,4818.19,187139413.0,csi300,沪深300,4940.479,4943.9976,4909.477,4916.268666666667,5000.38305
2022-01-10,4812.23,4844.04,4844.39,4780.82,156211696.0,csi300,沪深300,4929.925,4941.7184,4908.009166666667,4914.276583333333,4999.0989500000005
2022-01-11,4840.01,4797.77,4850.88,4791.89,146928004.0,csi300,沪深300,4915.6235,4937.9244,4906.725666666666,4911.329166666666,4997.378949999999
2022-01-12,4818.89,4845.58,4852.73,4810.92,143200204.0,csi300,沪深300,4905.4175000000005,4934.8636,4905.4400000000005,4909.252583333333,4996.5714
2022-01-13,4853.03,4765.92,4853.06,4765.24,142519653.0,csi300,沪深300,4893.4185,4925.6632,4903.035666666667,4906.3561666666665,4995.11525
2022-01-14,4743.91,4726.73,4764.05,4723.94,146863126.0,csi300,沪深300,4878.0185,4911.5848,4899.680833333333,4903.170666666667,4993.70265
2022-01-17,4728.76,4767.28,4775.24,4726.71,115295691.0,csi300,沪深300,4868.6445,4900.0712,4896.473333333333,4900.031,4992.8956
2022-01-18,4766.78,4813.35,4826.3,4747.92,150870802.0,csi300,沪深300,4865.291,4889.2532,4893.703833333333,4897.210999999999,4992.3306
2022-01-19,4815.81,4780.38,4828.75,4755.93,133927360.0,csi300,沪深300,4858.635499999999,4878.4804,4890.6585000000005,4894.63725,4991.042549999999
2022-01-20,4778.26,4823.51,4845.0,4777.57,164971315.0,csi300,沪深300,4854.0885,4871.1848,4889.414333333333,4893.789000000001,4989.9257
2022-01-21,4808.77,4779.31,4818.31,4762.56,138952585.0,csi300,沪深300,4845.617,4860.968,4888.000499999999,4894.022333333333,4988.3486
2022-01-24,4753.94,4786.74,4801.1,4746.45,114463880.0,csi300,沪深300,4838.887000000001,4854.247200000001,4885.966666666666,4894.241166666668,4987.0405
2022-01-25,4761.95,4678.45,4781.39,4678.25,133667586.0,csi300,沪深300,4826.843500000001,4846.1684000000005,4882.4293333333335,4892.809333333334,4984.87885
2022-01-26,4697.1,4712.31,4718.99,4648.13,107070842.0,csi300,沪深300,4814.661,4838.1212,4880.303666666666,4891.9855,4982.6326
2022-01-27,4708.1,4619.88,4708.44,4616.03,121263804.0,csi300,沪深300,4801.481000000001,4826.338400000001,4876.949833333333,4889.369999999999,4980.0303
2022-01-28,4641.81,4563.77,4660.52,4559.83,126480112.0,csi300,沪深300,4783.593999999999,4810.939600000001,4871.867,4886.280916666667,4977.33045
2022-02-07,4638.58,4634.09,4672.65,4615.01,144849720.0,csi300,沪深300,4768.280000000001,4799.4496,4868.396,4883.407916666667,4974.93985
2022-02-08,4626.44,4608.77,4626.44,4522.47,155830708.0,csi300,沪深300,4752.83,4787.0276,4864.405833333333,4880.575416666666,4972.807
2022-02-09,4608.15,4652.06,4659.46,4595.28,148335547.0,csi300,沪深300,4742.027,4774.8716,4861.161166666667,4878.329583333334,4971.32855
2022-02-10,4657.21,4639.86,4657.21,4608.09,151576666.0,csi300,沪深300,4733.1085,4765.126800000001,4858.138999999999,4875.44875,4969.82965
2022-02-11,4617.87,4601.4,4662.6,4595.88,155974584.0,csi300,沪深300,4722.0599999999995,4752.3224,4853.184833333334,4871.7675,4967.9335
2022-02-14,4579.42,4551.69,4593.63,4530.06,143673894.0,csi300,沪深300,4707.4425,4736.7752,4847.573333333334,4867.9037499999995,4965.9471
2022-02-15,4553.81,4600.1,4601.45,4550.54,115025600.0,csi300,沪深300,4697.558999999999,4724.0684,4842.868666666666,4864.793333333334,4964.1167
2022-02-16,4619.85,4617.99,4643.1,4607.22,107258955.0,csi300,沪深300,4686.1795,4714.0632000000005,4838.4465,4862.060083333334,4961.77155
2022-02-17,4616.9,4629.17,4650.16,4606.95,110014643.0,csi300,沪深300,4679.342,4706.5008,4834.170166666667,4859.460916666666,4959.50055
2022-02-18,4604.57,4651.24,4651.34,4598.1,104550228.0,csi300,沪深300,4675.5675,4699.6556,4831.063833333334,4857.909583333332,4957.263
2022-02-21,4646.05,4634.31,4646.67,4613.3,112516512.0,csi300,沪深300,4668.919,4691.2664,4826.801333333334,4855.7435,4954.98835
2022-02-22,4601.92,4574.15,4602.07,4550.8,123317237.0,csi300,沪深300,4656.959,4682.321599999999,4821.163833333333,4853.343583333333,4952.18185
2022-02-23,4582.01,4623.05,4625.3,4579.29,122952916.0,csi300,沪深300,4649.092500000001,4673.4204,4816.325500000001,4852.125083333333,4949.9109
2022-02-24,4592.07,4529.32,4610.88,4488.48,184403058.0,csi300,沪深300,4634.383,4663.9564,4809.869833333333,4849.570416666667,4947.1049
2022-02-25,4564.63,4573.42,4611.86,4561.9,149722583.0,csi300,沪深300,4624.0885,4657.8240000000005,4804.486166666667,4846.9456666666665,4944.3758
2022-02-28,4563.74,4581.65,4581.65,4530.68,135406978.0,csi300,沪深300,4613.834,4650.3988,4799.844833333334,4844.308083333333,4941.4632
2022-03-01,4597.86,4619.69,4623.43,4583.92,123139220.0,csi300,沪深300,4610.896,4642.6524,4795.982666666666,4842.792083333334,4938.9442
2022-03-02,4594.02,4578.6,4594.02,4558.44,113298325.0,csi300,沪深300,4604.2105,4634.5812,4791.758833333334,4840.72175,4936.531599999999
2022-03-03,4595.02,4551.63,4599.4,4544.43,138285877.0,csi300,沪深300,4600.798,4623.706,4786.8885,4838.541416666666,4934.3095
2022-03-04,4513.36,4496.43,4539.39,4481.49,127266806.0,csi300,沪深300,4597.4310000000005,4612.3908,4780.893,4835.964916666666,4931.82955
2022-03-07,4462.52,4352.78,4462.52,4338.3,162197706.0,csi300,沪深300,4583.3655,4595.0324,4771.755666666666,4831.65925,4928.478149999999
2022-03-08,4361.64,4265.39,4383.65,4252.54,167863277.0,csi300,沪深300,4566.1965,4578.51,4761.301833333333,4826.62575,4924.58235
2022-03-09,4280.98,4226.35,4304.48,4068.19,194232900.0,csi300,沪深300,4544.911,4559.0716,4749.706000000001,4821.4865,4920.749250000001
2022-03-10,4326.2,4292.84,4335.67,4288.51,145266383.0,csi300,沪深300,4527.5599999999995,4545.99,4737.987833333334,4816.14575,4916.6605
2022-03-11,4231.2,4306.52,4316.04,4176.45,152399921.0,csi300,沪深300,4512.816000000001,4535.7,4725.118333333334,4810.4265,4912.26815
2022-03-14,4248.15,4174.76,4280.36,4174.76,130187236.0,csi300,沪深300,4493.9695,4517.3268,4710.445666666667,4803.781749999999,4907.20395
2022-03-15,4125.49,3983.81,4163.42,3983.81,202524699.0,csi300,沪深300,4463.155000000001,4492.328399999999,4692.1125,4795.563416666667,4901.2616499999995
2022-03-16,4053.1,4156.08,4168.59,3942.86,196021982.0,csi300,沪深300,4440.0595,4472.4892,4677.218833333333,4788.418083333334,4896.11
2022-03-17,4237.67,4237.7,4302.74,4217.8,179407344.0,csi300,沪深300,4420.486,4456.4028,4664.4155,4782.135083333334,4891.627750000001
2022-03-18,4218.47,4265.9,4283.37,4194.94,149458305.0,csi300,沪深300,4401.218999999999,4442.982800000001,4651.601666666667,4776.707916666666,4887.1793
2022-03-21,4280.14,4258.75,4287.82,4223.02,127036360.0,csi300,沪深300,4382.441,4431.2652,4640.0015,4771.6365,4881.88065
2022-03-22,4252.57,4255.29,4283.33,4236.69,126382470.0,csi300,沪深300,4366.4980000000005,4417.4728,4629.582666666667,4767.033083333333,4876.55415
2022-03-23,4269.61,4276.52,4287.58,4241.96,117089078.0,csi300,沪深300,4349.1715,4403.814,4618.9664999999995,4762.204583333334,4871.2456
2022-03-24,4249.53,4251.31,4273.96,4216.85,108918272.0,csi300,沪深300,4335.271,4388.6996,4607.914166666667,4757.45075,4865.8967
2022-03-25,4249.07,4174.57,4254.84,4173.93,108808046.0,csi300,沪深300,4315.3285,4369.632799999999,4595.011333333333,4751.795500000001,4860.1116999999995
2022-03-28,4128.84,4148.47,4174.12,4091.3,118449021.0,csi300,沪深300,4293.6695,4350.1992,4582.130166666667,4745.954166666666,4854.14565
2022-03-29,4155.42,4134.14,4177.21,4124.72,100266972.0,csi300,沪深300,4269.392,4332.5988,4569.043833333333,4739.760583333334,4848.3665
2022-03-30,4162.17,4254.1,4254.1,4160.73,138346024.0,csi300,沪深300,4253.1669999999995,4317.8408,4557.346166666666,4734.512833333333,4843.36055
2022-03-31,4234.72,4222.6,4247.36,4214.54,134029185.0,csi300,沪深300,4236.7155,4305.572,4546.3315,4729.418416666666,4838.062150000001
2022-04-01,4198.82,4276.16,4290.67,4190.08,133803053.0,csi300,沪深300,4225.701999999999,4293.6816,4535.575666666667,4724.499916666667,4833.0548
2022-04-06,4258.83,4263.84,4277.52,4236.73,159062195.0,csi300,沪深300,4221.255,4280.9692000000005,4524.300166666667,4718.949083333334,4828.213400000001
2022-04-07,4240.02,4209.1,4278.11,4205.74,134880353.0,csi300,沪深300,4218.4405,4264.5456,4512.489,4712.89,4823.07665
2022-04-08,4213.21,4230.77,4237.81,4175.53,142843793.0,csi300,沪深300,4218.6615,4250.6323999999995,4501.8665,4707.44775,4817.87315
2022-04-11,4203.79,4100.07,4203.79,4089.09,148197071.0,csi300,沪深300,4209.022999999999,4232.570000000001,4489.897166666667,4700.447416666667,4812.25
2022-04-12,4102.97,4179.97,4179.97,4075.8,144285684.0,csi300,沪深300,4202.6955,4219.9116,4479.1905,4694.333750000001,4807.31705
2022-04-13,4154.41,4139.74,4194.04,4139.74,125097489.0,csi300,沪深300,4200.9445,4211.39,4467.452166666667,4687.730666666666,4802.6133
2022-04-14,4172.64,4191.57,4217.06,4155.55,124791316.0,csi300,沪深300,4211.3324999999995,4208.4372,4457.3488333333335,4682.03725,4798.0617
2022-04-15,4162.37,4188.75,4211.32,4152.97,124762263.0,csi300,沪深300,4212.966,4206.9332,4446.401666666667,4675.920833333334,4793.4931
2022-04-18,4152.93,4166.38,4171.74,4119.99,117504610.0,csi300,沪深300,4209.4,4201.8748,4436.409333333333,4669.722500000001,4788.87305
2022-04-19,4161.93,4134.9,4186.94,4115.42,110217471.0,csi300,沪深300,4202.85,4195.01,4426.545499999999,4663.113166666666,4783.936750000001
2022-04-20,4130.54,4070.79,4136.17,4060.5,117331658.0,csi300,沪深300,4193.452,4190.8512,4414.937333333333,4655.705333333333,4778.55375
2022-04-21,4048.73,3995.83,4086.44,3978.37,132783828.0,csi300,沪深300,4180.479,4191.332,4401.312,4647.5079166666665,4772.75305
2022-04-22,3967.2,4013.25,4037.08,3953.72,122101811.0,csi300,沪深300,4167.3155,4185.6188,4388.526499999999,4639.5925,4766.61945
2022-04-25,3933.45,3814.91,3958.21,3814.91,168364502.0,csi300,沪深300,4145.4955,4168.707200000001,4371.7164999999995,4630.565416666666,4759.4352
2022-04-26,3822.49,3784.12,3871.85,3773.9,157577611.0,csi300,沪深300,4125.973,4149.436,4355.13,4621.56525,4752.4031
2022-04-27,3758.08,3895.54,3895.73,3757.09,172734046.0,csi300,沪深300,4113.3265,4134.9076000000005,4340.276666666667,4613.121666666667,4745.7606
2022-04-28,3883.42,3921.11,3943.43,3873.58,153056586.0,csi300,沪深300,4102.675,4121.5404,4327.654333333334,4605.041833333334,4739.21785
2022-04-29,3939.62,4016.24,4017.43,3898.57,179458377.0,csi300,沪深300,4090.782,4111.129199999999,4316.053166666667,4598.178416666667,4733.89345
2022-05-05,3995.35,4010.21,4039.7,3988.93,154170716.0,csi300,沪深300,4080.1625,4101.4852,4305.892000000001,4591.420916666667,4728.51555
2022-05-06,3928.85,3908.82,3947.24,3902.05,123005551.0,csi300,沪深300,4061.7955,4090.8552,4294.976166666666,4583.421583333334,4722.64415
2022-05-09,3883.95,3877.44,3914.11,3854.94,92936694.0,csi300,沪深300,4042.4754999999996,4080.014,4282.365333333333,4575.380666666666,4716.3289
2022-05-10,3820.63,3919.87,3932.68,3808.57,136416918.0,csi300,沪深300,4028.014,4071.4432,4270.883666666667,4567.64475,4710.48695
2022-05-11,3917.93,3976.42,4033.3,3916.52,165632256.0,csi300,沪深300,4015.2964999999995,4060.336,4259.6230000000005,4560.392083333334,4705.02185
2022-05-12,3949.95,3958.74,3985.93,3935.59,113376066.0,csi300,沪深300,4008.2300000000005,4049.7816,4248.271,4553.205,4699.151999999999
2022-05-13,3983.82,3988.6,4003.85,3957.14,109968357.0,csi300,沪深300,3998.6615000000006,4038.2792000000004,4238.057666666667,4545.621249999999,4693.3845
2022-05-16,4015.0,3956.54,4018.03,3947.75,112425294.0,csi300,沪深300,3989.5015,4025.9871999999996,4228.1385,4537.855916666666,4687.751749999999
2022-05-17,3961.76,4005.89,4005.89,3955.1,109661454.0,csi300,沪深300,3980.2174999999997,4017.8588,4218.235,4530.551833333333,4682.0239
2022-05-18,4015.01,3991.91,4017.34,3964.75,108074233.0,csi300,沪深300,3970.3755000000006,4008.3044,4207.800333333334,4523.123416666666,4676.5096
2022-05-19,3938.3,3999.6,3999.6,3933.75,116293420.0,csi300,沪深300,3962.0364999999997,4004.2855999999992,4197.3075,4515.738833333334,4670.94015
2022-05-20,4020.82,4077.6,4077.6,4020.82,147069173.0,csi300,沪深300,3959.1714999999995,4000.1907999999994,4187.746833333334,4509.405333333333,4665.7832
2022-05-23,4080.97,4053.98,4080.97,4029.08,130477810.0,csi300,沪深300,3958.3309999999997,3996.7603999999997,4178.074666666666,4502.437999999999,4660.332899999999
2022-05-24,4052.87,3959.15,4055.78,3959.15,145554336.0,csi300,沪深300,3956.4970000000003,3987.4636,4167.824666666666,4494.494250000001,4654.3699
2022-05-25,3959.77,3983.18,3983.62,3946.81,107734015.0,csi300,沪深300,3954.9934999999996,3979.2407999999996,4157.160166666667,4486.742833333333,4648.83965
2022-05-26,3987.68,3993.04,4015.75,3938.24,126263689.0,csi300,沪深300,3963.9,3972.3072,4148.222166666667,4479.046,4644.178349999999
2022-05-27,4022.71,4001.3,4051.14,3983.38,112769337.0,csi300,沪深300,3974.7589999999996,3966.9631999999997,4138.686833333333,4471.5865,4640.4283000000005
2022-05-30,4020.86,4029.02,4040.82,4003.38,111152241.0,csi300,沪深300,3981.433,3965.2924,4129.476333333333,4464.660583333333,4636.771000000001
2022-05-31,4031.76,4091.52,4096.2,4020.38,135415513.0,csi300,沪深300,3989.9535000000005,3969.12,4120.6735,4458.328083333333,4632.97725
2022-06-01,4086.62,4083.18,4094.9,4058.85,114850879.0,csi300,沪深300,3993.3005,3971.9172,4112.4165,4452.087666666667,4629.3373
2022-06-02,4064.0,4089.57,4091.15,4057.91,113893638.0,csi300,沪深300,3997.2684999999997,3982.9035999999996,4104.7155,4445.802,4625.11645
2022-06-06,4090.53,4166.09,4166.62,4063.91,167871011.0,csi300,沪深300,4010.132,3998.1823999999997,4099.209833333333,4440.051416666667,4621.274600000001
2022-06-07,4165.69,4179.13,4198.09,4155.17,142992881.0,csi300,沪深300,4025.2165,4009.526,4096.315666666666,4434.035666666667,4617.276
2022-06-08,4187.15,4219.81,4224.81,4158.03,157374057.0,csi300,沪深300,4040.2135000000003,4021.474,4095.556,4428.428916666667,4613.631700000001
2022-06-09,4211.72,4175.67,4227.45,4160.88,168449154.0,csi300,沪深300,4050.1760000000004,4027.8512,4094.711333333333,4422.208666666667,4609.90225
2022-06-10,4145.65,4238.99,4241.35,4140.22,184796214.0,csi300,沪深300,4064.1885,4037.0024,4093.8138333333336,4415.900833333333,4606.1694
2022-06-13,4194.46,4189.35,4218.23,4156.71,168475622.0,csi300,沪深300,4074.2259999999997,4048.2236,4091.8609999999994,4408.489666666666,4601.9003999999995
2022-06-14,4143.22,4222.31,4224.09,4102.93,171385904.0,csi300,沪深300,4087.5145,4062.0184000000004,4092.6535000000003,4401.549583333334,4597.93525
2022-06-15,4228.29,4278.22,4348.42,4228.29,257046590.0,csi300,沪深300,4101.130999999999,4076.3524000000007,4097.560333333334,4394.836416666667,4594.459599999999
2022-06-16,4282.08,4250.06,4302.92,4241.08,184074416.0,csi300,沪深300,4114.038500000001,4087.2980000000007,4099.126666666667,4388.17275,4590.98
2022-06-17,4219.23,4309.04,4318.77,4218.68,158649098.0,csi300,沪深300,4129.5105,4101.31,4100.315666666666,4382.365583333333,4587.81985
2022-06-20,4322.83,4330.43,4368.36,4297.89,165666382.0,csi300,沪深300,4142.152,4114.9832,4101.391166666666,4376.496416666667,4585.285
2022-06-21,4327.92,4325.57,4357.34,4287.14,164667615.0,csi300,沪深300,4155.7315,4129.7444,4102.504833333333,4371.253166666666,4582.44165
2022-06-22,4331.9,4270.62,4333.18,4269.25,158565854.0,csi300,沪深300,4171.304999999999,4140.3336,4102.760333333334,4366.1715,4579.48405
2022-06-23,4277.96,4343.88,4343.88,4260.9,170882360.0,csi300,沪深300,4189.34,4154.4124,4103.883,4361.42475,4577.357099999999
2022-06-24,4354.55,4394.77,4400.69,4346.12,168972199.0,csi300,沪深300,4209.4265,4170.2192,4106.274,4357.094083333333,4575.15155
2022-06-27,4414.33,4444.26,4472.69,4414.33,177385676.0,csi300,沪深300,4231.574500000001,4184.8856,4110.7688333333335,4352.890083333334,4572.930899999999
2022-06-28,4442.58,4490.52,4497.89,4407.35,174756489.0,csi300,沪深300,4254.6495,4202.3472,4116.469666666667,4349.299916666667,4570.8927
2022-06-29,4472.73,4421.36,4503.13,4414.0,187276688.0,csi300,沪深300,4271.1415,4220.8356,4121.256666666666,4345.150250000001,4568.99145
2022-06-30,4418.07,4485.01,4515.0,4418.07,156666289.0,csi300,沪深300,4291.233,4240.9088,4125.105166666666,4341.225666666666,4567.2813
2022-07-01,4489.52,4466.72,4500.99,4449.29,144779599.0,csi300,沪深300,4310.0905,4259.856,4129.173833333333,4337.752666666666,4565.5485499999995
2022-07-04,4447.22,4496.03,4496.03,4427.82,146345651.0,csi300,沪深300,4326.5875,4279.6452,4132.838333333334,4334.206999999999,4564.00065
2022-07-05,4505.46,4489.54,4530.32,4439.45,154962415.0,csi300,沪深300,4342.108,4298.066000000001,4136.6,4330.450083333333,4562.10105
2022-07-06,4475.48,4423.97,4484.36,4393.42,149800235.0,csi300,沪深300,4352.316000000001,4311.3640000000005,4140.181166666667,4326.335083333333,4559.87385
2022-07-07,4425.28,4443.47,4457.34,4391.19,132660906.0,csi300,沪深300,4365.706,4325.775600000001,4143.726166666666,4322.796333333334,4557.8759
2022-07-08,4468.06,4428.78,4479.49,4426.89,123195739.0,csi300,沪深300,4375.1955,4339.344,4149.2046666666665,4319.550916666666,4555.3511499999995
2022-07-11,4406.15,4354.62,4406.15,4330.58,134448578.0,csi300,沪深300,4383.459000000001,4346.885200000001,4152.1155,4315.653,4552.1601
2022-07-12,4352.65,4313.62,4370.34,4296.62,130187838.0,csi300,沪深300,4388.0244999999995,4352.2648,4155.0135,4311.2328333333335,4548.86755
2022-07-13,4313.36,4321.46,4341.47,4284.94,131113179.0,csi300,沪深300,4390.186500000001,4356.3308,4157.178333333333,4307.263583333333,4545.6248
2022-07-14,4308.82,4322.07,4352.1,4292.76,145250926.0,csi300,沪深300,4393.786999999999,4362.1867999999995,4159.400333333333,4302.901,4542.16755
2022-07-15,4299.47,4248.53,4344.86,4248.53,150214453.0,csi300,沪深300,4390.7615,4362.5684,4160.7695,4298.589416666667,4538.4519
2022-07-18,4262.15,4292.59,4300.78,4217.51,122601192.0,csi300,沪深300,4388.8695,4366.698,4163.397666666667,4294.971583333334,4535.32905
2022-07-19,4288.44,4269.34,4288.44,4238.82,103805730.0,csi300,沪深300,4386.058,4368.5792,4166.706833333334,4290.8220833333335,4532.33915
2022-07-20,4291.28,4283.8,4303.37,4269.97,94490144.0,csi300,沪深300,4386.717000000001,4368.8024,4171.506333333334,4286.409166666667,4529.71965
2022-07-21,4270.36,4236.06,4283.15,4236.05,117156344.0,csi300,沪深300,4381.326,4368.2424,4175.219833333334,4281.873166666667,4526.62025
2022-07-22,4251.79,4238.23,4275.47,4207.31,103840624.0,csi300,沪深300,4373.499,4365.41,4182.275166666666,4276.995833333333,4523.70255
2022-07-25,4233.93,4212.64,4234.84,4201.92,83636664.0,csi300,沪深300,4361.918,4360.698399999999,4189.417166666667,4272.273583333334,4520.49975
2022-07-26,4220.09,4245.98,4259.99,4214.53,85823274.0,csi300,沪深300,4349.691,4357.514800000001,4195.257833333333,4267.76725,4517.4825
2022-07-27,4236.15,4225.04,4242.1,4217.28,78904940.0,csi300,沪深300,4339.875,4355.6916,4200.323333333333,4263.988833333334,4514.220850000001
2022-07-28,4242.27,4225.67,4267.92,4223.03,107531930.0,csi300,沪深300,4326.908,4350.9632,4203.813833333334,4259.9335,4510.93005
2022-07-29,4226.42,4170.1,4243.51,4160.87,114179286.0,csi300,沪深300,4312.077,4341.9764000000005,4206.478666666667,4256.185333333333,4507.610900000001
2022-08-01,4160.65,4188.68,4196.57,4129.45,107749029.0,csi300,沪深300,4296.7095,4331.7532,4211.143,4253.059583333333,4504.222400000001
2022-08-02,4144.38,4107.02,4144.38,4071.43,142224425.0,csi300,沪深300,4277.5835,4316.4132,4214.969333333333,4248.667333333334,4500.1078
2022-08-03,4114.83,4066.98,4150.98,4058.18,116666124.0,csi300,沪深300,4259.7339999999995,4302.238,4217.421166666667,4244.152416666667,4495.761750000001
2022-08-04,4089.44,4101.54,4108.16,4064.66,89532644.0,csi300,沪深300,4242.6375,4286.899200000001,4219.5065,4239.5647500000005,4491.8502499999995
2022-08-05,4109.63,4156.91,4159.49,4097.86,102571004.0,csi300,沪深300,4229.044,4274.5068,4222.809333333334,4235.540166666667,4487.93425
2022-08-08,4142.11,4148.07,4155.73,4135.08,90208138.0,csi300,沪深300,4218.7165,4260.588400000001,4225.467166666666,4231.7624166666665,4484.1065499999995
2022-08-09,4143.67,4156.29,4161.81,4131.43,84136959.0,csi300,沪深300,4210.85,4247.2584,4228.796333333334,4228.467416666666,4480.22745
2022-08-10,4149.21,4109.74,4160.79,4092.55,85565839.0,csi300,沪深300,4200.264,4234.6892,4230.527166666667,4224.381083333334,4476.40225
2022-08-11,4130.74,4193.54,4193.81,4116.06,121385051.0,csi300,沪深300,4193.8375,4224.691999999999,4233.8876666666665,4220.844,4472.75635
2022-08-12,4185.42,4191.15,4202.47,4175.05,106808295.0,csi300,沪深300,4190.968500000001,4215.1867999999995,4237.080166666667,4217.193833333333,4469.1612000000005
2022-08-15,4180.0,4185.68,4219.92,4174.3,105898495.0,csi300,沪深300,4185.623,4208.4292,4238.8814999999995,4213.314166666667,4465.4495
2022-08-16,4190.53,4177.84,4208.8,4170.52,93906139.0,csi300,沪深300,4181.048,4202.9980000000005,4240.945833333334,4209.51025,4461.54005
2022-08-17,4182.57,4216.96,4222.79,4155.17,112864659.0,csi300,沪深300,4177.706,4198.818,4245.242666666667,4206.533666666667,4457.72725
2022-08-18,4205.79,4180.1,4211.91,4173.54,101052650.0,csi300,沪深300,4174.908,4193.1392000000005,4248.524666666667,4202.842416666666,4453.81225
2022-08-19,4174.55,4151.07,4185.66,4151.07,117402978.0,csi300,沪深300,4170.55,4189.2408000000005,4251.1585,4199.690333333334,4450.0768
2022-08-22,4135.16,4181.4,4183.65,4134.2,112442720.0,csi300,沪深300,4168.988,4184.7932,4254.160166666667,4196.4235,4446.6631
2022-08-23,4175.53,4161.08,4187.39,4147.41,103153512.0,csi300,沪深300,4164.743,4180.4628,4256.361166666667,4192.91875,4442.92465
2022-08-24,4168.58,4082.42,4174.16,4079.09,119069679.0,csi300,沪深300,4157.612,4172.4076000000005,4256.2095,4188.4415,4438.8833
2022-08-25,4093.29,4116.24,4119.62,4058.75,111320745.0,csi300,沪深300,4152.1404999999995,4167.614799999999,4256.7605,4184.5885,4435.2652499999995
2022-08-26,4127.81,4107.55,4139.79,4102.68,99000493.0,csi300,沪深300,4149.013,4162.3876,4257.060166666666,4180.887833333333,4431.69745
2022-08-29,4063.88,4089.52,4092.95,4059.6,94354432.0,csi300,沪深300,4144.055,4157.4628,4255.784000000001,4177.496916666667,4427.80135
2022-08-30,4088.53,4075.79,4093.14,4048.52,93301662.0,csi300,沪深300,4142.4935,4150.655199999999,4254.0616666666665,4175.188666666667,4423.96855
2022-08-31,4057.14,4078.84,4112.85,4046.62,132449765.0,csi300,沪深300,4143.086499999999,4144.8072,4251.712166666667,4173.634083333333,4420.1218499999995
2022-09-01,4066.19,4043.74,4090.89,4041.13,97387071.0,csi300,沪深300,4140.1965,4137.53,4249.513333333333,4172.1123333333335,4416.10685
2022-09-02,4054.84,4023.61,4056.18,4004.91,86789278.0,csi300,沪深300,4133.5315,4131.6704,4245.923666666667,4169.86875,4412.11895
2022-09-05,4010.41,4015.43,4017.0,3982.74,93767109.0,csi300,沪深300,4126.8994999999995,4124.740400000001,4243.025000000001,4167.443,4407.70285
2022-09-06,4024.47,4052.28,4054.0,4009.58,113506265.0,csi300,沪深300,4121.6990000000005,4122.5508,4240.1911666666665,4166.422333333334,4403.52235
2022-09-07,4032.72,4054.98,4067.54,4028.37,107678059.0,csi300,沪深300,4118.961,4122.0708,4236.470499999999,4167.015416666666,4399.38535
2022-09-08,4059.17,4037.68,4067.76,4036.02,100886049.0,csi300,沪深300,4111.168,4119.5163999999995,4232.930833333333,4166.02875,4395.15715
2022-09-09,4050.59,4093.79,4099.01,4042.25,118427114.0,csi300,沪深300,4106.3,4116.9916,4229.343333333333,4164.8295,4391.19735
2022-09-13,4112.01,4111.11,4128.11,4097.14,111789737.0,csi300,沪深300,4102.5715,4115.5132,4225.688,4163.539583333333,4387.5648
2022-09-14,4058.04,4065.36,4089.06,4047.92,90793681.0,csi300,沪深300,4096.9475,4111.876,4221.351166666666,4161.928,4383.4413
2022-09-15,4078.65,4027.12,4088.81,3998.86,123951196.0,csi300,沪深300,4087.4555,4108.5712,4217.292833333334,4160.026583333333,4379.0149
2022-09-16,4013.58,3932.68,4019.41,3932.68,137193655.0,csi300,沪深300,4075.0844999999995,4098.1368,4210.4395,4157.16125,4374.11155
2022-09-19,3928.42,3928.0,3953.65,3910.31,97719575.0,csi300,沪深300,4063.9309999999996,4087.6108000000004,4202.66,4154.467,4369.16825
2022-09-20,3945.65,3932.84,3957.55,3921.69,84824134.0,csi300,沪深300,4051.5029999999997,4077.4972000000002,4194.136333333334,4152.452583333334,4364.35025
2022-09-21,3921.32,3903.73,3924.39,3884.23,86458391.0,csi300,沪深300,4038.6355000000003,4066.5327999999995,4184.3565,4150.413083333334,4359.56825
2022-09-22,3875.18,3869.34,3900.27,3860.23,80946919.0,csi300,沪深300,4027.9814999999994,4052.6279999999997,4175.156166666667,4148.206416666667,4354.65785
2022-09-23,3865.1,3856.02,3888.4,3829.69,94342462.0,csi300,沪深300,4014.9705000000004,4039.6648,4164.673,4144.8890833333335,4349.7778
2022-09-26,3829.6,3836.68,3893.32,3827.95,104526031.0,csi300,沪深300,4001.4269999999997,4027.0892000000003,4154.172333333333,4141.673083333333,4344.74195
2022-09-27,3844.07,3892.3,3893.03,3827.93,88860160.0,csi300,沪深300,3991.566,4015.5251999999996,4144.110166666666,4138.47425,4339.92265
2022-09-28,3879.44,3828.71,3879.44,3828.05,86592213.0,csi300,沪深300,3979.2120000000004,4002.2304,4133.096333333333,4134.848166666667,4334.5611
2022-09-29,3864.32,3827.14,3873.18,3808.65,85654142.0,csi300,沪深300,3966.6270000000004,3992.0191999999997,4123.149166666666,4131.665166666667,4329.2337
2022-09-30,3833.35,3804.89,3848.6,3801.28,78559966.0,csi300,沪深300,3954.6845000000003,3979.5652,4112.506166666667,4128.116166666667,4323.64765
2022-10-10,3806.56,3720.94,3807.46,3715.71,102647595.0,csi300,沪深300,3939.5510000000004,3964.1008,4100.708833333333,4124.95675,4317.2727
2022-10-11,3732.02,3727.69,3739.81,3706.06,83944625.0,csi300,沪深300,3925.1640000000007,3949.6276000000003,4090.26,4121.18775,4310.5177
2022-10-12,3722.87,3784.31,3784.31,3661.53,108089319.0,csi300,沪深300,3911.7655,3937.9684,4081.438166666667,4118.225833333334,4304.1636499999995
2022-10-13,3756.42,3752.67,3783.6,3749.64,99018915.0,csi300,沪深300,3896.65,3924.9215999999997,4071.9583333333335,4114.568333333334,4297.508
2022-10-14,3783.32,3842.47,3863.23,3780.84,116242293.0,csi300,沪深300,3886.8895,3916.8708,4063.9649999999997,4111.682666666667,4291.47185
2022-10-17,3822.24,3846.41,3849.62,3809.12,104192019.0,csi300,沪深300,3874.5204999999996,3909.7828000000004,4057.263,4109.01625,4285.6744
2022-10-18,3865.83,3838.27,3870.22,3831.17,88346907.0,csi300,沪深300,3860.8785,3902.6963999999994,4049.691,4106.544333333333,4279.6921
2022-10-19,3827.47,3776.53,3840.49,3776.53,81574844.0,csi300,沪深300,3846.4369999999994,3891.6663999999996,4041.4775,4104.092166666666,4273.800950000001
2022-10-20,3746.58,3754.93,3804.25,3726.79,90290895.0,csi300,沪深300,3832.8275000000003,3879.6644,4032.663,4102.084666666667,4268.1735
2022-10-21,3753.89,3742.89,3768.69,3724.69,98750038.0,csi300,沪深300,3823.3380000000006,3867.8728,4024.4435,4099.831666666667,4262.3205
2022-10-24,3727.92,3633.37,3762.16,3619.99,130056864.0,csi300,沪深300,3808.6065000000003,3849.4559999999997,4014.3625,4098.318833333334,4255.915099999999
2022-10-25,3621.94,3627.45,3670.73,3594.7,110953882.0,csi300,沪深300,3793.3369999999995,3830.1096,4004.6093333333333,4097.01325,4249.30865
2022-10-26,3633.31,3656.9,3700.88,3633.31,121301548.0,csi300,沪深300,3780.9955,3813.7712,3994.791333333333,4095.024583333333,4242.98645
2022-10-27,3667.66,3631.14,3685.08,3631.06,117998675.0,csi300,沪深300,3769.0855,3797.9320000000002,3984.8930000000005,4092.6081666666664,4236.54555
2022-10-28,3605.16,3541.33,3618.86,3533.5,118772162.0,csi300,沪深300,3753.351,3782.278,3973.487333333333,4088.6505833333335,4229.4724
2022-10-31,3504.51,3508.7,3553.39,3495.95,138465655.0,csi300,沪深300,3736.952,3765.506,3962.464,4084.4713333333334,4222.5985
2022-11-01,3519.82,3634.17,3634.17,3517.62,149286698.0,csi300,沪深300,3724.0455,3753.5591999999997,3953.2221666666665,4082.1825833333332,4216.1618
2022-11-02,3620.37,3677.81,3703.47,3610.8,141592919.0,csi300,沪深300,3716.5004999999996,3744.5224,3946.0686666666666,4080.519,4209.848999999999
2022-11-03,3645.06,3647.9,3670.16,3628.5,110566035.0,csi300,沪深300,3707.5384999999997,3735.6648000000005,3939.0840000000003,4078.2525833333334,4203.49965
2022-11-04,3646.77,3767.17,3782.88,3646.77,149734949.0,csi300,沪深300,3705.6525,3732.1108000000004,3933.511166666666,4076.5088333333333,4197.9949
2022-11-07,3754.52,3775.3,3792.79,3746.37,129826371.0,csi300,沪深300,3708.3704999999995,3729.6556,3927.1510000000003,4074.9801666666667,4192.78025
2022-11-08,3773.66,3749.33,3779.12,3723.34,99016451.0,csi300,沪深300,3709.4524999999994,3723.9368,3920.5053333333335,4072.9862500000004,4187.41505
2022-11-09,3750.78,3714.27,3760.41,3711.27,89434525.0,csi300,沪深300,3705.9505,3719.3592,3913.1383333333333,4070.9673333333335,4181.7662
2022-11-10,3685.83,3685.69,3701.53,3665.06,103509302.0,csi300,沪深300,3702.6014999999998,3713.7012,3906.070833333333,4068.2989999999995,4176.2058
2022-11-11,3787.76,3788.44,3828.9,3747.09,189685586.0,csi300,沪深300,3699.9,3713.0432,3899.3191666666667,4066.6034166666664,4170.9201
2022-11-14,3818.14,3794.02,3848.41,3781.78,169665048.0,csi300,沪深300,3697.2805,3715.9664000000002,3892.7003333333337,4064.89025,4166.0606
2022-11-15,3788.93,3865.97,3871.64,3775.5,151515650.0,csi300,沪深300,3698.6655,3721.4975999999997,3887.371833333333,4063.1266666666666,4161.7568
2022-11-16,3860.81,3834.39,3877.68,3829.31,120610964.0,csi300,沪深300,3701.5585,3723.5008,3881.6476666666663,4061.29675,4157.092350000001
2022-11-17,3821.27,3818.66,3821.74,3776.57,105940632.0,csi300,沪深300,3704.745,3726.1403999999998,3875.0093333333334,4060.1259999999997,4152.1189
2022-11-18,3823.82,3801.57,3840.3,3801.57,115078777.0,csi300,沪深300,3707.679,3724.5044,3868.7005,4058.6125833333335,4147.2248500000005
2022-11-21,3769.63,3769.13,3769.87,3734.0,95866966.0,csi300,沪深300,3714.4669999999996,3721.4131999999995,3862.3348333333333,4056.746666666667,4141.952950000001
2022-11-22,3766.08,3769.57,3809.86,3751.04,144486334.0,csi300,沪深300,3721.5730000000003,3718.6652000000004,3855.4709999999995,4054.8155833333335,4136.90425
2022-11-23,3760.22,3773.53,3791.18,3753.21,144527911.0,csi300,沪深300,3727.4044999999996,3718.5452,3849.011833333333,4052.6865000000003,4131.8382
2022-11-24,3791.54,3756.81,3804.9,3751.38,101073447.0,csi300,沪深300,3733.6879999999996,3718.6204,3843.5849999999996,4049.89725,4127.23
2022-11-25,3751.28,3775.78,3790.57,3743.41,142929711.0,csi300,沪深300,3745.4104999999995,3719.9359999999997,3837.910666666666,4047.3355833333335,4122.54735
2022-11-28,3701.9,3733.24,3736.08,3672.13,127825748.0,csi300,沪深300,3756.6375,3723.9308,3831.6721666666667,4044.3661666666667,4118.114149999999
2022-11-29,3766.57,3848.42,3854.77,3766.57,178701392.0,csi300,沪深300,3767.35,3732.7696,3827.653833333333,4041.7189166666667,4114.5374
2022-11-30,3836.56,3853.04,3867.66,3833.83,157511400.0,csi300,沪深300,3776.1115,3740.6152,3823.9413333333337,4039.0015,4110.63215
2022-12-01,3921.3,3894.77,3944.56,3893.87,169964585.0,csi300,沪深300,3788.4550000000004,3751.1603999999998,3820.8734999999997,4036.2928333333334,4107.06215
2022-12-02,3886.4,3870.95,3898.11,3865.88,116786350.0,csi300,沪深300,3793.6439999999993,3764.3451999999997,3817.9936666666667,4033.7535,4103.1566
2022-12-05,3907.64,3946.88,3947.48,3900.67,201747221.0,csi300,沪深300,3802.2230000000004,3781.8723999999997,3816.7148333333334,4031.31925,4099.6917
2022-12-06,3929.01,3968.2,3988.9,3923.0,155108323.0,csi300,沪深300,3813.1665000000003,3795.2336,3815.927666666666,4029.4763333333335,4096.5257
2022-12-07,3956.67,3958.44,3999.59,3944.18,143001356.0,csi300,沪深300,3825.375,3806.4588,3814.363666666666,4027.277416666667,4093.55945
2022-12-08,3953.2,3959.18,3971.49,3941.3,115199986.0,csi300,沪深300,3839.0494999999996,3818.91,3812.7670000000003,4024.61875,4090.3548499999997
2022-12-09,3961.99,3998.24,4003.32,3944.44,153774954.0,csi300,沪深300,3849.5395,3828.1528,3812.1096666666667,4022.52025,4087.2561
2022-12-12,3976.17,3953.44,3983.43,3950.32,125935368.0,csi300,沪深300,3857.5105000000003,3835.2783999999997,3809.7705,4019.556916666667,4083.87745
2022-12-13,3953.55,3945.68,3964.4,3939.98,100994100.0,csi300,沪深300,3861.496,3843.1324000000004,3807.0133333333333,4016.3506666666667,4080.3496499999997
2022-12-14,3952.79,3954.89,3972.74,3935.77,98528006.0,csi300,沪深300,3867.5209999999997,3852.7572000000005,3805.1721666666667,4013.2616666666668,4076.95255
2022-12-15,3954.67,3951.99,3963.5,3926.5,88864725.0,csi300,沪深300,3874.1875,3863.4092,3803.92,4010.606416666667,4073.84175
2022-12-16,3931.23,3954.23,3960.47,3929.49,93178567.0,csi300,沪深300,3881.8204999999994,3870.0407999999998,3804.2791666666662,4007.3593333333333,4070.4976499999993
2022-12-19,3952.77,3893.22,3966.57,3878.44,106919075.0,csi300,沪深300,3888.025,3874.0087999999996,3803.6994999999997,4003.1797500000002,4067.3171500000003
2022-12-20,3881.23,3829.02,3881.27,3811.48,83096822.0,csi300,沪深300,3890.9975,3872.5308,3801.9691666666668,3998.05275,4063.59515
2022-12-21,3839.0,3830.54,3853.73,3821.4,64839215.0,csi300,沪深300,3893.8479999999995,3872.3768000000005,3800.7493333333337,3992.552916666667,4059.8396
2022-12-22,3859.2,3836.03,3882.13,3821.34,83705173.0,csi300,沪深300,3897.8089999999997,3873.0716,3800.194166666667,3987.6751666666664,4055.9213
2022-12-23,3811.62,3828.22,3848.34,3805.95,65278148.0,csi300,沪深300,3900.4309999999996,3874.1376,3799.7308333333335,3982.201916666667,4052.1694
2022-12-26,3830.57,3843.49,3856.81,3827.52,73005712.0,csi300,沪深300,3905.9435,3877.112,3799.8443333333335,3977.008333333333,4048.6286999999998
2022-12-27,3860.91,3887.85,3891.85,3856.58,77515350.0,csi300,沪深300,3907.915,3881.8432000000003,3799.770166666667,3971.9401666666668,4045.5857999999994
2022-12-28,3874.91,3871.26,3884.72,3854.94,84424656.0,csi300,沪深300,3908.826,3885.7524,3800.479333333333,3966.7878333333333,4043.1782000000003
2022-12-29,3854.24,3856.7,3868.29,3838.48,79394815.0,csi300,沪深300,3906.9224999999997,3889.748,3800.972,3962.0605833333334,4041.13475
2022-12-30,3873.94,3871.63,3887.55,3868.76,78773272.0,csi300,沪深300,3906.9565000000002,3893.5820000000003,3802.0843333333332,3957.29525,4039.3611499999997
2023-01-03,3864.84,3887.9,3893.99,3831.25,115051875.0,csi300,沪深300,3904.0074999999997,3899.7683999999995,3804.8669999999997,3952.7879166666667,4037.3364500000002
2023-01-04,3886.25,3892.95,3905.9,3873.65,110660743.0,csi300,沪深300,3900.245,3901.5496000000003,3807.6213333333335,3948.940666666667,4035.2686
2023-01-05,3913.49,3968.58,3974.88,3912.26,116502395.0,csi300,沪深300,3900.7519999999995,3906.1711999999998,3810.6924999999997,3946.0653333333335,4034.2376999999997
2023-01-06,3969.55,3980.89,4000.41,3966.47,110953038.0,csi300,沪深300,3901.8375,3909.616,3814.496166666667,3943.2272500000004,4034.2231
2023-01-09,3998.53,4013.12,4023.09,3990.71,117054425.0,csi300,沪深300,3902.5815000000002,3915.3028000000004,3817.3403333333335,3940.652666666667,4033.5083
2023-01-10,4014.71,4017.47,4030.46,4002.23,101751141.0,csi300,沪深300,3905.7830000000004,3918.1264,3820.1913333333337,3938.7271666666666,4032.4071499999995
2023-01-11,4019.88,4010.03,4043.4,4008.02,99997889.0,csi300,沪深300,3909.0005000000006,3919.7996000000003,3823.0540000000005,3936.3725,4031.1277999999998
2023-01-12,4021.75,4017.87,4030.29,4003.51,90552627.0,csi300,沪深300,3912.1495000000004,3922.1767999999997,3827.0763333333334,3934.2769166666667,4029.9233999999997
2023-01-13,4032.29,4074.38,4074.38,4027.89,95871896.0,csi300,沪深300,3918.2690000000002,3926.7848,3832.4005,3932.53175,4029.01885
2023-01-16,4077.88,4137.96,4177.1,4076.64,151395455.0,csi300,沪深300,3927.4555,3932.3736,3838.985,3931.7142499999995,4028.3260500000006
2023-01-17,4138.84,4137.24,4148.58,4118.16,95479040.0,csi300,沪深300,3939.6565,3939.7255999999998,3847.3828333333336,3930.8726666666666,4027.7557
2023-01-18,4140.1,4130.31,4151.46,4125.77,84200645.0,csi300,沪深300,3954.721,3947.1107999999995,3855.763833333333,3930.1865833333336,4027.5344
2023-01-19,4125.58,4156.01,4156.01,4105.98,94608398.0,csi300,沪深300,3970.9945,3955.1556,3864.0823333333333,3929.436833333333,4027.5721000000003
2023-01-20,4166.84,4181.53,4189.83,4161.67,123553809.0,csi300,沪深300,3988.2694999999994,3964.3372000000004,3873.2554999999998,3929.07425,4027.8090500000003
2023-01-30,4267.62,4201.35,4268.15,4197.86,164607064.0,csi300,沪深300,4006.9260000000004,3974.222,3884.2558333333336,3928.871583333333,4027.5452999999998
2023-01-31,4200.58,4156.86,4212.73,4153.05,124550835.0,csi300,沪深300,4022.5945,3984.7676,3895.0584999999996,3928.7612500000005,4027.2165999999997
2023-02-01,4170.13,4195.93,4195.93,4137.77,141008954.0,csi300,沪深300,4037.9985,3999.4440000000004,3904.421166666667,3928.821666666667,4026.8154500000005
2023-02-02,4207.41,4181.15,4207.41,4170.56,133823736.0,csi300,沪深300,4053.493,4013.4683999999997,3912.810166666667,3929.4394166666666,4026.402
2023-02-03,4162.03,4141.63,4162.03,4103.17,117041221.0,csi300,沪深300,4067.7395000000006,4025.6924,3921.0389999999998,3930.0615000000003,4026.06465
2023-02-06,4103.83,4086.88,4105.94,4065.22,110192717.0,csi300,沪深300,4078.5019999999995,4036.0387999999994,3926.3675,3929.9393333333333,4025.3451999999997
2023-02-07,4098.31,4094.23,4107.34,4077.96,91360072.0,csi300,沪深300,4088.8185000000003,4046.0684,3931.6829999999995,3929.417,4025.3160000000003
2023-02-08,4099.86,4076.14,4111.47,4072.65,84786099.0,csi300,沪深300,4097.978000000001,4053.6,3937.1298333333334,3928.817583333333,4024.79685
2023-02-09,4067.56,4130.86,4130.86,4064.75,102289961.0,csi300,沪深300,4106.092000000001,4063.9840000000004,3944.073,3928.605666666667,4024.75245
2023-02-10,4124.1,4106.31,4125.29,4092.35,96716733.0,csi300,沪深300,4112.363,4073.9684,3951.0833333333335,3928.5770833333327,4024.32615
2023-02-13,4098.88,4143.57,4146.45,4092.27,128892577.0,csi300,沪深300,4118.885499999999,4084.8459999999995,3957.0021666666667,3928.160666666666,4024.1002500000004
2023-02-14,4151.25,4145.29,4152.05,4125.26,102499890.0,csi300,沪深300,4125.2765,4095.1416000000004,3962.8566666666666,3927.7785000000003,4023.9948
2023-02-15,4146.85,4123.69,4153.72,4115.97,121664508.0,csi300,沪深300,4130.9595,4104.3712,3967.1520000000005,3927.261916666667,4023.93875
2023-02-16,4125.41,4093.49,4167.9,4068.86,159310585.0,csi300,沪深300,4134.7405,4109.3676000000005,3971.470333333333,3926.559,4024.05225
2023-02-17,4086.22,4034.51,4104.64,4032.93,116142589.0,csi300,沪深300,4132.747,4111.5124,3975.0678333333335,3925.0385833333335,4024.24565
2023-02-20,4039.96,4133.49,4134.86,4035.48,161794481.0,csi300,沪深300,4132.5235,4116.3272,3980.599833333333,3924.650166666667,4024.84685
2023-02-21,4130.06,4144.35,4151.8,4116.27,145776173.0,csi300,沪深300,4132.879,4121.4024,3986.8535,3924.5941666666668,4026.4940500000002
2023-02-22,4118.97,4106.95,4134.88,4101.86,104290295.0,csi300,沪深300,4131.711,4125.2792,3992.4764999999998,3923.9737499999997,4028.1081999999997
2023-02-23,4106.21,4103.65,4132.39,4088.21,103564906.0,csi300,沪深300,4129.093,4128.7104,3997.9784999999997,3923.495166666667,4029.14875
2023-02-24,4100.99,4061.05,4102.61,4048.24,100989425.0,csi300,沪深300,4123.0689999999995,4128.1772,4003.0491666666667,3923.3170833333334,4029.8484500000004
2023-02-27,4040.46,4043.84,4067.03,4034.52,93787630.0,csi300,沪深300,4115.193499999999,4124.4124,4007.5168333333336,3922.71375,4029.9864500000003
2023-02-28,4058.13,4069.46,4074.26,4026.45,110323591.0,csi300,沪深300,4110.8235,4121.7011999999995,4013.1204999999995,3922.396333333333,4030.2826999999997
2023-03-01,4068.73,4126.94,4135.48,4061.22,156015794.0,csi300,沪深300,4107.374,4121.5664,4017.7625,3922.7081666666663,4031.3733
2023-03-02,4119.99,4117.74,4137.25,4113.83,148217637.0,csi300,沪深300,4104.2035,4120.035599999999,4022.1741666666667,3923.05775,4032.5748
2023-03-03,4126.02,4130.55,4135.21,4100.38,160331741.0,csi300,沪深300,4103.6494999999995,4117.9964,4026.1038333333336,3923.488666666666,4033.6282
2023-03-06,4131.15,4109.01,4132.84,4088.45,162971807.0,csi300,沪深300,4104.756,4114.3028,4030.0715,3924.032583333333,4034.29115
2023-03-07,4103.64,4048.85,4124.96,4046.57,195912068.0,csi300,沪深300,4102.486999999999,4109.9824,4031.7709999999997,3924.242916666667,4034.7417000000005
2023-03-08,4030.74,4034.11,4037.29,4011.52,117936493.0,csi300,沪深300,4100.385499999999,4103.509599999999,4032.8695000000002,3924.3985833333336,4034.96925
2023-03-09,4035.84,4019.85,4043.85,4000.89,116539629.0,csi300,沪深300,4094.835,4097.0576,4033.8930000000005,3924.128333333333,4035.2858
2023-03-10,3991.8,3967.14,4004.36,3966.43,123855409.0,csi300,沪深300,4087.8765,4090.078,4034.0256666666664,3923.396333333333,4035.09205
2023-03-13,3962.64,4008.69,4008.69,3962.64,143561370.0,csi300,沪深300,4081.1325000000006,4086.9504,4034.199833333333,3923.15475,4035.17595
2023-03-14,3999.88,3984.7,4001.94,3946.94,150544174.0,csi300,沪深300,4073.103,4082.5692,4034.7208333333333,3922.245666666667,4035.10145
2023-03-15,4011.84,3986.9,4018.75,3986.9,142026007.0,csi300,沪深300,4066.2634999999996,4078.9995999999996,4035.407833333333,3921.210583333333,4034.6479500000005
2023-03-16,3958.2,3939.15,3981.32,3936.48,152515644.0,csi300,沪深300,4058.5465000000004,4071.3312,4035.1454999999996,3920.1588333333334,4034.0738
2023-03-17,3971.16,3958.82,4004.22,3945.25,177433818.0,csi300,沪深300,4054.762,4065.4316,4035.2593333333334,3919.5896666666667,4034.0721500000004
2023-03-20,3962.66,3939.08,3979.55,3935.02,205264970.0,csi300,沪深300,4045.0415000000003,4057.252,4035.0068333333334,3919.6430000000005,4033.8516499999996
2023-03-21,3948.16,3982.38,3982.7,3948.16,145090679.0,csi300,沪深300,4036.943,4050.7356,4036.4928333333332,3920.0961666666667,4033.79835
2023-03-22,3993.78,3999.44,4016.45,3986.71,149228970.0,csi300,沪深300,4031.5675,4045.7656,4039.3331666666663,3920.651166666666,4033.7890500000003
2023-03-23,3985.99,4039.09,4039.09,3984.0,158887421.0,csi300,沪深300,4028.3395000000005,4043.5896000000002,4042.8089999999997,3921.7791666666667,4033.8394
2023-03-24,4035.16,4027.05,4037.84,4017.0,159442330.0,csi300,沪深300,4026.6395,4043.2912,4045.9926666666665,3923.093416666666,4033.5170499999995
2023-03-27,4023.3,4012.48,4023.3,3987.03,168482279.0,csi300,沪深300,4025.0715000000005,4038.4508,4049.0636666666664,3924.3972500000004,4033.16355
2023-03-28,4015.7,3999.51,4023.78,3994.6,131895117.0,csi300,沪深300,4021.5739999999996,4032.6571999999996,4051.6639999999998,3925.7541666666666,4032.7132500000002
2023-03-29,4013.59,4006.14,4017.76,3992.67,133743510.0,csi300,沪深300,4015.5339999999997,4028.6247999999996,4053.6354999999994,3926.7028333333333,4031.9134999999997
2023-03-30,4009.56,4038.53,4040.5,3983.9,149901037.0,csi300,沪深300,4011.5735,4026.02,4056.4233333333336,3928.4513333333334,4031.2104999999997
2023-03-31,4045.45,4050.93,4063.57,4039.96,138842546.0,csi300,沪深300,4007.5925,4025.6152,4059.6605,3930.3162500000003,4030.3660999999997
2023-04-03,4059.62,4090.57,4094.94,4059.06,182124313.0,csi300,沪深300,4006.6704999999993,4027.4844000000007,4063.3095000000003,3932.6969166666668,4029.9406
2023-04-04,4089.29,4103.11,4103.16,4080.07,197146631.0,csi300,沪深300,4009.3835,4028.8304,4066.896333333333,3935.8816666666667,4029.2612
2023-04-06,4084.13,4096.64,4098.83,4078.4,150703374.0,csi300,沪深300,4012.5099999999998,4027.6184,4070.2911666666664,3938.95625,4028.79765
2023-04-07,4096.9,4123.28,4131.31,4092.18,128676738.0,csi300,沪深300,4017.6814999999997,4027.8400000000006,4072.8695000000002,3941.781,4028.3025
2023-04-10,4132.01,4104.81,4132.3,4099.05,152453002.0,csi300,沪深300,4024.565,4026.8104000000003,4074.9348333333337,3944.7155,4027.43545
2023-04-11,4108.51,4100.15,4116.12,4083.49,153901333.0,csi300,沪深300,4029.138,4026.4559999999997,4076.385333333333,3946.8628333333336,4026.6858999999995
2023-04-12,4102.4,4097.29,4108.25,4090.28,165965278.0,csi300,沪深300,4034.7674999999995,4028.3936000000003,4077.7156666666665,3948.9535,4025.6271500000003
2023-04-13,4081.39,4068.98,4088.88,4059.57,156444295.0,csi300,沪深300,4038.8715,4029.7884000000004,4078.6981666666666,3950.876083333333,4024.3199
2023-04-14,4078.97,4092.0,4098.22,4075.2,150695682.0,csi300,沪深300,4046.514,4032.6744,4079.9336666666663,3953.5049999999997,4023.15205
2023-04-17,4090.07,4149.38,4149.38,4089.51,188773095.0,csi300,沪深300,4056.042,4039.9640000000004,4081.1836666666663,3956.7920833333333,4022.5458500000004
2023-04-18,4139.31,4162.03,4169.67,4138.46,170184130.0,csi300,沪深300,4067.1894999999995,4046.0976,4081.5848333333333,3960.2849166666665,4021.6366000000003
2023-04-19,4159.39,4124.56,4159.39,4118.63,162554592.0,csi300,沪深300,4074.2985,4051.692,4081.3735,3964.378166666667,4020.28555
2023-04-20,4122.95,4113.02,4125.82,4094.0,162706677.0,csi300,沪深300,4079.9774999999995,4056.7368000000006,4081.0853333333334,3968.4245833333334,4018.62935
2023-04-21,4114.26,4032.57,4114.26,4031.91,180802435.0,csi300,沪深300,4079.6515,4060.4736,4079.028,3971.555166666667,4016.3396000000002
2023-04-24,4031.3,3982.64,4033.64,3967.91,170099217.0,csi300,沪深300,4077.4309999999996,4061.4264000000003,4075.713166666667,3974.4843333333333,4014.146
2023-04-25,3985.11,3962.67,3991.69,3925.44,172555409.0,csi300,沪深300,4074.9404999999997,4062.37,4071.7351666666664,3977.9955,4011.5343
2023-04-26,3950.26,3959.23,3975.66,3934.66,162702006.0,csi300,沪深300,4072.9265,4061.4439999999995,4068.4413333333337,3981.7499166666666,4008.99685
2023-04-27,3948.03,3988.42,3999.13,3942.82,153828195.0,csi300,沪深300,4072.0405,4061.0032,4064.9828333333335,3984.7019999999998,4006.4588
2023-04-28,3993.26,4029.09,4030.45,3993.26,179508488.0,csi300,沪深300,4071.5685000000003,4060.6032,4062.4485,3987.6293333333333,4004.1565499999997
2023-05-04,4013.47,4030.25,4035.78,4001.13,227582846.0,csi300,沪深300,4070.5345,4060.7312,4060.592166666667,3990.8155833333335,4002.18795
2023-05-05,4031.09,4016.88,4047.6,3998.39,206626924.0,csi300,沪深300,4066.85,4060.9072,4059.4255000000003,3992.8965000000003,4000.055
2023-05-08,4028.11,4062.66,4070.77,4018.96,255583085.0,csi300,沪深300,4064.8275000000003,4063.4332,4058.8993333333333,3995.291166666667,3998.2244
2023-05-09,4065.44,4027.88,4092.85,4026.39,279306048.0,csi300,沪深300,4061.3895,4064.3028000000004,4058.095,3997.6124166666664,3996.5907
2023-05-10,4017.94,3996.87,4019.06,3984.63,207552709.0,csi300,沪深300,4055.0690000000004,4062.6364000000003,4055.8618333333334,3999.9674166666664,3995.00695
2023-05-11,4005.78,3990.66,4018.06,3988.48,144804619.0,csi300,沪深300,4049.3615,4060.2255999999998,4053.934333333333,4002.5088333333338,3993.3529500000004
2023-05-12,3987.77,3937.76,3999.38,3937.53,144421728.0,csi300,沪深300,4041.2419999999997,4054.1132000000002,4050.5041666666666,4003.753166666667,3991.4314
2023-05-15,3938.83,3998.89,3998.89,3923.03,176257362.0,csi300,沪深300,4036.322,4049.9444,4048.064166666666,4005.460416666667,3990.1831999999995
2023-05-16,4002.52,3978.21,4005.02,3966.99,136833271.0,csi300,沪深300,4031.7835,4045.2072000000003,4045.6394999999998,4006.39575,3988.6113
2023-05-17,3971.7,3960.17,3982.6,3945.71,118448185.0,csi300,沪深300,4025.192,4038.6827999999996,4043.4175,4007.4439166666666,3987.06545
2023-05-18,3965.52,3956.07,3982.72,3939.55,136533947.0,csi300,沪深300,4015.526500000001,4032.7332,4042.1101666666664,4008.589,3985.4267999999997
2023-05-19,3946.22,3944.54,3967.28,3928.32,120212479.0,csi300,沪深300,4004.6520000000005,4026.5088,4038.9610000000002,4009.7804166666665,3983.9692000000005
2023-05-22,3941.0,3969.33,3985.4,3935.8,109116605.0,csi300,沪深300,3996.8905,4021.3903999999998,4036.044,4011.44875,3982.6247000000003
2023-05-23,3968.23,3913.19,3971.94,3913.19,118685077.0,csi300,沪深300,3986.8990000000003,4015.1588,4032.8146666666667,4012.6455833333334,3981.12745
2023-05-24,3903.78,3859.09,3903.78,3859.09,137258265.0,csi300,沪深300,3978.225,4005.8424,4028.7386666666666,4013.3585833333336,3979.1930000000007
2023-05-25,3851.41,3850.5,3861.38,3817.84,124150770.0,csi300,沪深300,3971.618,3993.8871999999997,4025.2295,4014.1393333333335,3977.3203000000003
2023-05-26,3848.42,3850.95,3859.63,3815.57,100326439.0,csi300,沪深300,3966.032,3981.4439999999995,4022.014666666667,4014.7657499999996,3975.4467
2023-05-29,3862.08,3833.94,3866.72,3819.18,131859967.0,csi300,沪深300,3959.7675000000004,3969.8192,4018.089333333334,4015.604916666666,3973.7659000000003
2023-05-30,3827.79,3837.75,3844.01,3789.27,137619629.0,csi300,沪深300,3952.2340000000004,3958.8084,4013.2695000000003,4015.516,3972.01125
2023-05-31,3827.16,3798.54,3827.16,3781.4,126387368.0,csi300,沪深300,3940.7064999999993,3949.4472000000005,4007.9495,4015.0618333333337,3970.46885
2023-06-01,3788.59,3806.87,3832.21,3786.73,134561881.0,csi300,沪深300,3929.5375,3942.4164,4002.5548333333336,4014.3293333333336,3969.1682999999994
2023-06-02,3821.62,3861.83,3865.28,3821.62,125015110.0,csi300,沪深300,3921.7850000000008,3938.3828000000003,3998.4351666666666,4014.253333333333,3967.96975
2023-06-05,3860.56,3844.25,3860.56,3832.46,116163989.0,csi300,沪深300,3910.8645000000006,3933.7836000000007,3995.025166666667,4013.398083333333,3966.4064500000004
2023-06-06,3840.46,3808.16,3867.85,3802.84,125781258.0,csi300,沪深300,3899.8785,3926.5731999999994,3991.2593333333334,4012.0644166666666,3964.7069
2023-06-07,3815.48,3789.34,3823.11,3780.1,98862432.0,csi300,沪深300,3889.5020000000004,3916.9832,3987.4175,4010.6552499999993,3962.87215
2023-06-08,3791.08,3820.19,3834.39,3777.78,118700934.0,csi300,沪深300,3880.9784999999997,3908.5808,3984.9683333333332,4009.497,3961.4244
2023-06-09,3822.41,3836.7,3836.7,3811.22,134319863.0,csi300,沪深300,3875.9255000000003,3901.3736,3982.1018333333336,4008.150833333333,3959.6402
2023-06-12,3827.33,3844.43,3859.72,3813.86,126758543.0,csi300,沪深300,3868.2025000000003,3892.6444,3979.764,4007.2424166666665,3957.9066
2023-06-13,3838.13,3864.91,3867.3,3833.46,110924946.0,csi300,沪深300,3862.5375,3886.1256,3977.7308333333335,4006.5693333333334,3956.3027500000003
2023-06-14,3872.72,3864.02,3891.67,3862.06,124955759.0,csi300,沪深300,3857.7300000000005,3880.8116000000005,3976.478666666667,4005.812083333333,3954.7336500000006
2023-06-15,3871.77,3925.5,3925.5,3871.77,128369938.0,csi300,沪深300,3856.2015,3878.2052000000003,3975.923333333333,4005.591333333333,3953.27635
2023-06-16,3932.21,3963.35,3968.01,3928.54,139760076.0,csi300,沪深300,3857.142,3879.2288,3976.3278333333337,4005.6673333333333,3952.1926000000003
2023-06-19,3957.03,3930.91,3957.03,3922.47,134905848.0,csi300,沪深300,3855.221,3876.5096000000003,3975.4700000000003,4005.9814166666665,3951.0918000000006
2023-06-20,3926.09,3924.24,3937.49,3918.47,122520318.0,csi300,沪深300,3855.7735000000002,3874.3508,3974.2166666666667,4006.7749166666667,3949.8060000000005
2023-06-21,3909.1,3864.03,3920.13,3864.03,118346575.0,csi300,沪深300,3856.0205,3870.5052,3971.299,4007.0539999999996,3948.3207499999994
2023-06-26,3833.44,3809.7,3841.29,3801.05,133990419.0,csi300,沪深300,3853.9805,3864.6504,3967.6765,4006.8345833333337,3946.95715
2023-06-27,3811.69,3845.43,3851.9,3806.32,116992681.0,csi300,沪深300,3853.7045,3860.6859999999997,3964.8923333333337,4006.978,3945.6031
2023-06-28,3836.61,3840.8,3846.85,3808.16,107021541.0,csi300,沪深300,3854.0474999999997,3855.5447999999997,3962.2471666666665,4006.9555833333334,3944.26935
2023-06-29,3836.73,3821.84,3840.71,3817.38,98289274.0,csi300,沪深300,3853.2519999999995,3851.8907999999997,3959.1755,4006.4055000000003,3942.93095
2023-06-30,3816.33,3842.45,3860.03,3813.55,101268429.0,csi300,沪深300,3855.4475000000007,3851.2252000000003,3955.9075000000003,4006.1654166666663,3941.7642500000006
2023-07-03,3853.29,3892.88,3897.33,3853.29,133158051.0,csi300,沪深300,3859.7479999999996,3852.9204,3953.273333333333,4006.4669166666663,3940.8344500000003
2023-07-04,3888.03,3899.01,3899.98,3878.4,109494527.0,csi300,沪深300,3861.607,3854.8428000000004,3950.080666666667,4006.695083333333,3940.1107999999995
2023-07-05,3895.19,3868.81,3899.52,3864.13,97636384.0,csi300,沪深300,3862.835,3856.2376,3946.175666666667,4006.536,3939.3368
2023-07-06,3857.03,3842.75,3876.89,3836.46,100121842.0,csi300,沪深300,3864.5645000000004,3856.4376,3941.944166666667,4006.1176666666665,3938.4734000000003
2023-07-07,3831.6,3825.7,3844.84,3819.08,100906920.0,csi300,沪深300,3866.3824999999997,3857.5239999999994,3936.9844999999996,4004.927,3937.3405
2023-07-10,3841.56,3844.33,3865.46,3831.92,92033441.0,csi300,沪深300,3867.5895000000005,3859.0224,3932.6431666666667,4003.7889999999998,3936.2872500000003
2023-07-11,3853.8,3869.49,3870.65,3844.52,86510716.0,csi300,沪深300,3869.2289999999994,3859.3288000000002,3928.7988333333333,4002.5920833333334,3935.4463
2023-07-12,3864.6,3843.44,3874.04,3838.56,111522024.0,csi300,沪深300,3869.1794999999997,3859.2963999999997,3924.5679999999998,4001.1418333333336,3934.1945499999997
2023-07-13,3855.66,3898.42,3901.1,3855.66,120300232.0,csi300,沪深300,3870.8549999999996,3862.9068000000007,3921.7253333333338,4000.21175,3933.1311
2023-07-14,3904.6,3899.1,3908.49,3893.79,122364846.0,csi300,沪深300,3872.6089999999995,3867.2971999999995,3918.510333333333,3999.222,3932.2998
2023-07-17,3881.62,3867.17,3881.62,3852.26,98340144.0,csi300,沪深300,3869.6924999999997,3869.1763999999994,3913.8068333333335,3997.49525,3931.50005
2023-07-18,3871.04,3854.94,3871.04,3844.51,91438615.0,csi300,沪深300,3864.272,3869.906,3908.688666666667,3995.13675,3931.11135
2023-07-19,3848.48,3850.87,3860.01,3830.41,79585700.0,csi300,沪深300,3860.2699999999995,3870.1636,3904.1271666666667,3992.750333333334,3930.7257
2023-07-20,3857.77,3823.69,3875.62,3818.71,92042076.0,csi300,沪深300,3855.2424999999994,3868.5148,3899.305,3990.1951666666664,3930.1799499999997
2023-07-21,3816.98,3821.91,3849.51,3808.8,79507563.0,csi300,沪深300,3853.1364999999996,3866.8304,3895.7940000000003,3987.411,3929.7708499999994
2023-07-24,3803.35,3805.22,3828.79,3798.8,75483545.0,csi300,沪深300,3852.9125,3862.0191999999997,3892.837,3984.2750833333334,3929.4502500000003
2023-07-25,3866.64,3915.12,3915.81,3866.64,163066320.0,csi300,沪深300,3856.397,3860.09,3892.0445000000004,3981.8898333333336,3929.74575
2023-07-26,3908.17,3907.01,3912.98,3893.4,107881717.0,csi300,沪深300,3859.7074999999995,3859.134,3891.1741666666667,3979.80775,3930.0974
2023-07-27,3914.23,3902.35,3935.36,3894.69,110667109.0,csi300,沪深300,3863.733,3858.2583999999997,3889.7396666666664,3977.36125,3930.1476500000003
2023-07-28,3889.79,3992.74,4000.92,3886.55,179735481.0,csi300,沪深300,3871.2475,3863.4067999999997,3889.1338333333333,3975.791166666667,3930.9678000000004
2023-07-31,4018.89,4014.63,4064.36,4002.08,199606830.0,csi300,沪深300,3877.335,3871.6040000000003,3888.8734999999997,3974.7328333333335,3931.9052500000003
2023-08-01,4009.18,3998.0,4031.7,3983.03,142286859.0,csi300,沪深300,3882.2844999999993,3877.7068000000004,3888.558833333333,3973.9921666666664,3932.8708
2023-08-02,3985.7,3969.9,4008.33,3958.51,125855690.0,csi300,沪深300,3887.339,3882.8708,3887.0128333333337,3972.9560833333335,3934.1156
2023-08-03,3962.13,4004.98,4005.0,3962.13,129006640.0,csi300,沪深300,3895.4505,3890.1964000000003,3886.6311666666666,3972.363083333333,3935.50205
2023-08-04,4033.72,4020.58,4058.24,4011.62,178267189.0,csi300,沪深300,3905.1945,3897.3215999999998,3887.0263333333337,3971.4440833333338,3936.6834
2023-08-07,4002.97,3990.15,4002.97,3977.02,121310662.0,csi300,沪深300,3912.4855,3901.2124,3887.0178333333333,3970.4760833333335,3937.8708
2023-08-08,3980.04,3979.73,4002.29,3963.46,109871699.0,csi300,沪深300,3917.9975000000004,3904.4411999999998,3887.7173333333335,3969.1107500000003,3938.5570999999995
2023-08-09,3967.36,3967.57,3982.11,3961.84,94640269.0,csi300,沪深300,3924.204,3908.3916,3887.1953333333336,3967.62975,3939.1629000000003
2023-08-10,3962.86,3975.72,3976.46,3945.39,97176849.0,csi300,沪深300,3928.0690000000004,3913.7104,3887.153833333333,3966.3966666666665,3939.85015
2023-08-11,3977.98,3884.25,3977.98,3884.25,126082931.0,csi300,沪深300,3927.3265,3916.0524,3885.8885,3964.653,3940.38875
2023-08-14,3840.89,3855.91,3859.47,3814.07,115966336.0,csi300,沪深300,3926.7635,3916.5156,3884.2191666666668,3963.164666666666,3940.8936500000004
2023-08-15,3858.37,3846.54,3865.28,3811.68,103097111.0,csi300,沪深300,3926.3435,3915.5975999999996,3882.585833333333,3960.7734166666664,3941.4119
2023-08-16,3830.83,3818.33,3852.42,3817.63,94616946.0,csi300,沪深300,3924.7165,3914.5932000000003,3880.0691666666667,3958.0565833333335,3942.3367000000003
2023-08-17,3801.2,3831.1,3836.15,3782.5,98415493.0,csi300,沪深300,3925.0870000000004,3911.9004,3878.701,3955.7578333333336,3943.35495
2023-08-18,3832.46,3784.0,3844.2,3784.0,95549638.0,csi300,沪深300,3923.1915,3907.2964,3877.4495,3953.094083333333,3943.99045
2023-08-21,3773.23,3729.56,3782.11,3729.56,98708369.0,csi300,沪深300,3919.4085,3901.792,3875.4338333333335,3950.3316666666665,3944.48255
2023-08-22,3748.07,3758.23,3770.06,3704.68,120318327.0,csi300,沪深300,3911.564,3897.9236,3873.8885,3947.9515833333335,3945.56705
2023-08-23,3751.77,3696.63,3756.17,3695.03,97081638.0,csi300,沪深300,3901.0450000000005,3891.7540000000004,3871.6,3944.8446666666664,3946.5067
2023-08-24,3711.54,3723.43,3748.86,3701.57,119614521.0,csi300,沪深300,3892.0989999999997,3887.7436,3869.6946666666668,3941.4820833333333,3946.953
2023-08-25,3703.51,3709.15,3734.22,3695.84,105182610.0,csi300,沪深300,3877.9195,3883.2332,3868.2048333333328,3938.077166666667,3947.1097000000004
2023-08-28,3911.55,3752.62,3911.55,3740.53,197990379.0,csi300,沪深300,3864.8190000000004,3881.1292,3867.3006666666665,3934.9277500000003,3947.6333
2023-08-29,3743.05,3790.11,3810.38,3742.08,152486146.0,csi300,沪深300,3854.4245,3876.1288,3866.1053333333334,3932.27025,3947.748
2023-08-30,3803.12,3788.51,3813.7,3780.24,129671661.0,csi300,沪深300,3845.3549999999996,3871.3888,3865.176333333334,3930.1007499999996,3947.8140500000004
2023-08-31,3786.93,3765.27,3794.0,3762.0,118961646.0,csi300,沪深300,3833.3695,3865.9056,3864.4615,3927.860416666667,3947.89375
2023-09-01,3778.91,3791.49,3808.53,3778.91,105319045.0,csi300,沪深300,3821.915,3857.8556,3864.4973333333332,3925.9574166666666,3948.27985
2023-09-04,3812.99,3848.95,3854.26,3804.59,142385201.0,csi300,沪深300,3814.8550000000005,3851.2284000000004,3864.976666666667,3924.9725000000003,3949.09615
2023-09-05,3839.58,3820.32,3839.58,3814.33,104052333.0,csi300,沪深300,3806.884499999999,3844.1212,3864.703666666667,3923.40275,3949.25555
2023-09-06,3808.1,3812.03,3817.52,3790.89,93442393.0,csi300,沪深300,3799.1075000000005,3837.8064,3864.163666666667,3921.9638333333332,3949.3456
2023-09-07,3802.23,3758.47,3802.23,3756.85,95103903.0,csi300,沪深300,3788.245,3827.9460000000004,3862.389666666667,3920.0602500000005,3948.8081
2023-09-08,3747.65,3739.99,3753.26,3724.99,71638166.0,csi300,沪深300,3781.032,3816.7224,3860.3225,3918.4005833333335,3948.3361
2023-09-11,3740.58,3767.54,3788.32,3734.72,105358016.0,csi300,沪深300,3776.6134999999995,3807.8180000000007,3857.6898333333334,3916.806583333333,3948.0805
2023-09-12,3764.33,3760.6,3775.09,3755.42,79385378.0,csi300,沪深300,3772.3165,3799.0527999999995,3854.3106666666663,3915.31925,3947.87565
2023-09-13,3759.61,3736.65,3768.82,3719.11,81576901.0,csi300,沪深300,3768.2324999999996,3789.8160000000003,3851.073,3913.2715000000003,3947.7132499999993
2023-09-14,3736.94,3733.51,3748.82,3717.31,100386075.0,csi300,沪深300,3763.353,3780.1276000000003,3847.8941666666665,3911.055416666667,3947.53295
2023-09-15,3740.79,3708.78,3749.02,3699.38,109395689.0,csi300,沪深300,3759.5919999999996,3773.1088,3845.3066666666664,3908.3028333333336,3947.2092
2023-09-18,3698.93,3727.71,3737.53,3691.11,86727741.0,csi300,沪深300,3759.4995000000004,3767.9808000000003,3843.9401666666668,3905.8083333333334,3947.0637
2023-09-19,3723.42,3720.5,3724.07,3702.69,83199038.0,csi300,沪深300,3757.6130000000003,3762.9392000000003,3841.858,3903.3751666666667,3946.7873
2023-09-20,3715.96,3705.69,3718.52,3705.13,75448209.0,csi300,沪深300,3758.066,3758.4336,3839.6061666666665,3900.9266666666667,3946.64955
2023-09-21,3698.31,3672.44,3708.46,3672.44,83031005.0,csi300,沪深300,3755.5165,3752.0872,3837.1161666666667,3898.1458333333335,3945.7696499999997
2023-09-22,3672.64,3738.93,3740.42,3664.77,110231166.0,csi300,沪深300,3757.0055,3750.2844,3835.3908333333334,3895.6491666666666,3945.1991
2023-09-25,3738.06,3714.6,3738.06,3711.2,92596479.0,csi300,沪深300,3755.1045,3749.6859999999997,3832.4194999999995,3892.8464166666668,3944.2982500000003
2023-09-26,3711.71,3692.89,3723.85,3692.62,78044525.0,csi300,沪深300,3750.2434999999996,3747.0724,3828.9841666666666,3889.5324166666664,3943.40795
2023-09-27,3694.96,3700.5,3731.14,3694.39,91629210.0,csi300,沪深300,3745.843,3747.2272,3826.1789999999996,3886.177333333333,3942.17605
2023-09-28,3711.21,3689.52,3716.06,3685.3,85221719.0,csi300,沪深300,3742.0555,3745.8708,3823.6251666666662,3882.7846666666665,3940.78265
2023-10-09,3678.93,3684.73,3694.17,3642.0,102148058.0,csi300,沪深300,3736.7174999999997,3744.894,3821.275666666667,3879.130083333333,3939.4141
2023-10-10,3696.25,3657.13,3701.26,3655.59,99163730.0,csi300,沪深300,3727.1265,3741.0744,3818.1556666666665,3875.3994166666666,3937.90385
2023-10-11,3674.75,3667.55,3689.53,3658.36,102091587.0,csi300,沪深300,3719.4880000000003,3736.172,3814.79,3871.794416666666,3936.2504000000004
2023-10-12,3697.93,3702.38,3711.5,3682.84,114363225.0,csi300,沪深300,3714.0054999999993,3732.7268000000004,3812.439,3868.5035,3934.9951
2023-10-13,3677.96,3663.41,3678.19,3652.31,98287987.0,csi300,沪深300,3709.2525,3728.6524,3808.5221666666666,3865.12375,3933.58375
2023-10-16,3664.04,3626.6,3664.04,3615.77,91853118.0,csi300,沪深300,3703.583,3722.0568,3803.9805,3861.2454166666666,3931.9422999999997
2023-10-17,3635.3,3639.4,3645.57,3619.13,90745188.0,csi300,沪深300,3697.1759999999995,3713.6748,3800.184333333333,3856.995583333334,3930.37935
2023-10-18,3631.07,3610.58,3632.06,3608.98,94545879.0,csi300,沪深300,3689.675,3705.2852,3796.111666666666,3852.400166666667,3928.6611000000003
2023-10-19,3588.52,3533.54,3588.52,3532.31,111737520.0,csi300,沪深300,3679.519500000001,3694.1456,3790.822833333333,3847.475,3926.8626999999997
2023-10-20,3518.35,3510.59,3535.66,3501.73,98518605.0,csi300,沪深300,3668.3735,3684.2304,3785.6045,3842.4547499999994,3925.2705499999997
2023-10-23,3500.2,3474.24,3505.35,3450.65,96561652.0,csi300,沪深300,3656.6465,3673.6004000000003,3779.81,3837.802,3923.48905
2023-10-24,3481.76,3487.13,3495.0,3453.1,115547289.0,csi300,沪深300,3644.6174999999994,3662.3839999999996,3774.5084999999995,3833.67275,3921.7445500000003
2023-10-25,3524.3,3504.46,3531.83,3500.92,128009617.0,csi300,沪深300,3633.8154999999997,3652.1384000000003,3767.664166666667,3829.854333333333,3920.12575
2023-10-26,3484.78,3514.14,3515.57,3478.05,105143566.0,csi300,沪深300,3624.2380000000003,3643.238,3761.116333333333,3826.14525,3918.4790000000003
2023-10-27,3501.17,3562.39,3576.59,3494.55,120225108.0,csi300,沪深300,3618.7355000000002,3636.3932,3755.4503333333337,3822.5950000000003,3916.8517000000006
2023-10-30,3554.11,3583.77,3592.72,3554.02,144010426.0,csi300,沪深300,3610.9774999999995,3631.3928,3748.6341666666663,3818.8839999999996,3915.4142500000003
2023-10-31,3581.68,3572.51,3581.68,3554.58,112587267.0,csi300,沪深300,3603.8730000000005,3625.1848,3741.2655,3815.0694999999996,3913.9932999999996
2023-11-01,3605.76,3571.03,3606.41,3564.64,97645538.0,csi300,沪深300,3597.78,3619.2059999999997,3734.1493333333333,3811.354083333333,3912.4902999999995
2023-11-02,3580.07,3554.19,3597.17,3553.74,90359643.0,csi300,沪深300,3590.4645000000005,3613.1459999999997,3727.2208333333333,3807.1168333333335,3910.82175
2023-11-03,3558.53,3584.14,3596.1,3558.53,97542101.0,csi300,沪深300,3585.1955000000003,3609.614,3720.206833333333,3803.419,3909.2777
2023-11-06,3608.32,3632.61,3635.79,3600.63,152982463.0,csi300,沪深300,3582.5895000000005,3605.3612,3713.7406666666666,3800.3835000000004,3907.59785
2023-11-07,3623.78,3619.76,3628.46,3606.3,110288591.0,csi300,沪深300,3580.721,3601.5676000000003,3707.5674999999997,3797.2926666666667,3905.7922000000003
2023-11-08,3610.64,3611.07,3627.05,3591.82,110594230.0,csi300,沪深300,3577.897,3598.2948000000006,3701.4231666666665,3794.5702499999998,3903.78195
2023-11-09,3603.11,3612.83,3624.41,3601.37,111872057.0,csi300,沪深300,3573.4195,3594.7880000000005,3695.5108333333337,3791.3530833333334,3901.75875
2023-11-10,3596.07,3586.49,3599.45,3576.1,102107034.0,csi300,沪深300,3569.5735,3590.6668,3689.023666666667,3788.08875,3899.64105
2023-11-13,3593.91,3579.41,3599.39,3562.77,96707649.0,csi300,沪深300,3567.214,3586.454,3683.943,3784.91575,3897.44875
2023-11-14,3581.1,3582.06,3600.15,3568.88,100884158.0,csi300,沪深300,3564.347,3583.4512,3679.3788333333337,3781.799,3894.9871500000004
2023-11-15,3616.88,3607.25,3620.6,3596.92,104929218.0,csi300,沪深300,3564.1805,3581.0391999999997,3675.3906666666667,3778.9882500000003,3892.3336
2023-11-16,3600.98,3572.36,3605.29,3572.36,87464780.0,csi300,沪深300,3566.1214999999997,3575.8383999999996,3671.291166666667,3775.6801666666665,3889.5092
2023-11-17,3561.31,3568.07,3573.68,3547.03,87319207.0,csi300,沪深300,3568.9955,3572.0248000000006,3666.9073333333336,3772.804166666667,3886.698
2023-11-20,3569.73,3576.32,3586.97,3545.1,91080445.0,csi300,沪深300,3574.0995000000003,3570.0135999999998,3663.4460000000004,3770.44775,3883.79955
2023-11-21,3587.88,3581.07,3615.06,3575.68,108594314.0,csi300,沪深300,3578.7965000000004,3567.6804,3660.971166666667,3768.2025,3880.7972499999996
2023-11-22,3569.44,3544.42,3574.38,3544.42,84784381.0,csi300,沪深300,3580.7945,3565.034,3657.4076666666665,3765.6480833333335,3877.5126
2023-11-23,3541.44,3561.52,3562.07,3529.94,84800167.0,csi300,沪深300,3583.1634999999997,3566.1532,3655.1558333333332,3763.377916666667,3874.5359000000003
2023-11-24,3560.65,3538.01,3560.65,3534.0,85018403.0,csi300,沪深300,3581.9445,3567.25,3652.0654999999997,3760.880083333333,3871.2463000000002
2023-11-27,3534.44,3511.94,3534.44,3492.86,99102314.0,csi300,沪深300,3578.3530000000005,3568.758,3648.7786666666666,3758.4917499999997,3867.9002499999997
2023-11-28,3510.66,3518.52,3521.05,3501.11,89335789.0,csi300,沪深300,3575.6534999999994,3570.0136,3644.8770000000004,3756.0888333333332,3864.7847
2023-11-29,3518.88,3488.31,3519.2,3482.24,98841412.0,csi300,沪深300,3571.5175000000004,3569.3676,3639.847,3752.976166666667,3861.79185
2023-11-30,3485.52,3496.2,3505.13,3481.45,101350820.0,csi300,沪深300,3568.618,3568.65,3634.975166666666,3750.0757500000004,3858.8017
2023-12-01,3494.22,3482.88,3494.22,3452.17,108530941.0,csi300,沪深300,3563.5549999999994,3565.4696000000004,3630.2686666666664,3747.365083333333,3855.8354000000004
2023-12-04,3481.04,3460.14,3488.13,3459.61,97156826.0,csi300,沪深300,3554.9315,3560.5244000000002,3624.746166666667,3744.6217500000002,3852.4818
2023-12-05,3450.09,3394.26,3450.09,3393.81,100472007.0,csi300,沪深300,3543.6565,3553.3944,3617.1679999999997,3741.072333333334,3848.9215500000005
2023-12-06,3387.88,3399.6,3420.28,3382.95,105805519.0,csi300,沪深300,3533.0829999999996,3546.5372,3610.156,3737.4298333333336,3845.2016999999996
2023-12-07,3394.31,3391.28,3404.41,3369.77,97713248.0,csi300,沪深300,3522.0055,3540.0208000000002,3603.1434999999997,3733.6535833333332,3841.4316500000004
2023-12-08,3391.86,3399.46,3409.38,3383.45,129522054.0,csi300,沪深300,3512.654,3532.6335999999997,3597.1599999999994,3729.7748333333334,3837.8105
2023-12-11,3378.05,3419.45,3426.61,3346.89,139626249.0,csi300,沪深300,3504.656,3524.1072,3591.817666666667,3726.0700833333335,3834.4402999999998
2023-12-12,3410.0,3426.8,3427.55,3406.1,105590013.0,csi300,沪深300,3496.893,3516.3888,3586.1386666666663,3721.9142500000003,3831.40175
2023-12-13,3418.64,3369.61,3418.64,3369.61,95285367.0,csi300,沪深300,3485.011,3506.7304,3579.622166666667,3716.9664166666666,3827.5823499999997
2023-12-14,3387.38,3351.96,3399.14,3350.76,83655135.0,csi300,沪深300,3473.9910000000004,3496.2956,3573.2106666666664,3712.1418333333336,3823.6204
2023-12-15,3365.94,3341.55,3388.5,3339.52,97787783.0,csi300,沪深300,3462.6649999999995,3486.4980000000005,3566.6780000000003,3707.2860833333334,3819.7934000000005
2023-12-18,3329.19,3329.37,3352.35,3314.91,90526826.0,csi300,沪深300,3450.3175,3476.4964,3560.3545000000004,3702.8305833333334,3815.922
2023-12-19,3325.66,3334.04,3345.78,3313.19,83808118.0,csi300,沪深300,3437.9660000000003,3466.5756,3553.793333333333,3698.86675,3812.28695
2023-12-20,3334.33,3297.5,3338.54,3297.37,92412868.0,csi300,沪深300,3425.62,3454.1856,3546.743333333333,3694.300666666667,3808.5552500000003
2023-12-21,3285.6,3330.87,3339.36,3283.99,102546198.0,csi300,沪深300,3414.0875,3444.5260000000003,3540.4963333333335,3690.05125,3804.8623000000002
2023-12-22,3329.47,3337.23,3359.06,3315.9,105220133.0,csi300,沪深300,3404.0485,3435.2924,3534.9095,3686.012833333333,3800.91375
2023-12-25,3330.33,3347.45,3348.88,3330.33,74542693.0,csi300,沪深300,3395.8240000000005,3426.1376,3528.384833333333,3681.8878333333337,3797.0622999999996
2023-12-26,3345.4,3324.79,3345.42,3315.94,74732935.0,csi300,沪深300,3386.1375,3415.8864000000003,3521.8880000000004,3677.15375,3793.0334999999995
2023-12-27,3326.93,3336.36,3341.27,3309.67,94403928.0,csi300,沪深300,3378.54,3407.5640000000003,3515.945833333333,3672.4649999999997,3789.17025
2023-12-28,3335.56,3414.54,3423.4,3331.21,148064851.0,csi300,沪深300,3374.457,3401.6848,3511.1798333333336,3668.679416666667,3785.9987
2023-12-29,3411.11,3431.11,3432.54,3409.58,114928932.0,csi300,沪深300,3371.8684999999996,3397.4088,3506.873,3665.2490833333336,3782.9836999999998
2024-01-02,3426.27,3386.35,3426.27,3386.35,116180726.0,csi300,沪深300,3368.179,3392.3852,3501.9,3661.587833333333,3779.8161999999998
2024-01-03,3379.75,3378.3,3392.85,3362.66,105613851.0,csi300,沪深300,3367.381,3386.7763999999997,3497.252833333333,3657.7042500000002,3776.8720000000003
2024-01-04,3375.02,3347.05,3375.02,3323.86,106721013.0,csi300,沪深300,3364.7535000000003,3381.1259999999997,3491.9111666666668,3653.3505833333334,3773.5638
2024-01-05,3341.31,3329.11,3372.54,3313.55,126400574.0,csi300,沪深300,3361.6449999999995,3374.4424,3485.69,3649.0645,3770.2858499999998
2024-01-08,3322.61,3286.06,3333.52,3283.34,117429485.0,csi300,沪深300,3355.975,3366.5696,3479.400833333333,3643.9615,3766.78165
2024-01-09,3286.71,3292.5,3304.6,3273.84,109330465.0,csi300,沪深300,3349.6275,3359.8639999999996,3473.8324999999995,3638.9064999999996,3763.5484
2024-01-10,3281.67,3277.13,3312.92,3268.25,94199366.0,csi300,沪深300,3342.1440000000002,3355.1788,3467.7946666666667,3633.9895,3760.1399499999998
2024-01-11,3275.31,3295.67,3311.11,3266.79,108789735.0,csi300,沪深300,3338.447,3351.0215999999996,3462.546166666667,3629.3289166666664,3756.9229000000005
2024-01-12,3284.36,3284.17,3310.47,3279.7,96853555.0,csi300,沪深300,3335.0575000000003,3346.7371999999996,3458.39,3624.606416666667,3753.43185
2024-01-15,3270.1,3280.92,3306.92,3261.27,88851530.0,csi300,沪深300,3332.0260000000003,3341.9956,3454.562166666667,3620.0833333333335,3749.83925
2024-01-16,3272.57,3300.88,3300.88,3260.44,113276665.0,csi300,沪深300,3330.6014999999998,3337.2528,3451.672833333333,3615.7414166666667,3746.1482
2024-01-17,3291.14,3229.08,3291.14,3229.08,108769728.0,csi300,沪深300,3325.3535,3329.344,3447.3720000000003,3610.9402499999997,3742.15835
2024-01-18,3214.28,3274.73,3279.25,3171.63,174909168.0,csi300,沪深300,3324.215,3325.5488,3443.543166666667,3605.603666666667,3738.4695999999994
2024-01-19,3261.24,3269.78,3286.94,3251.81,118501408.0,csi300,沪深300,3321.1605000000004,3322.2616,3439.4705000000004,3600.2934166666664,3734.82095
2024-01-22,3262.47,3218.9,3281.42,3193.18,148705628.0,csi300,沪深300,3315.244,3317.3556,3433.7456666666667,3594.598,3730.88475
2024-01-23,3208.43,3231.93,3249.53,3188.13,122012000.0,csi300,沪深300,3309.468,3313.458,3427.8816666666667,3588.257916666667,3726.85175
2024-01-24,3245.96,3277.11,3281.49,3190.47,154371954.0,csi300,沪深300,3307.084,3311.1808,3422.9583333333335,3582.1119166666667,3722.98265
2024-01-25,3274.34,3342.92,3344.24,3269.79,196833614.0,csi300,沪深300,3307.4120000000003,3312.9976,3419.1564999999996,3576.652916666667,3719.2444
2024-01-26,3326.65,3333.82,3351.97,3315.13,180664005.0,csi300,沪深300,3303.376,3313.1156,3415.4836666666665,3571.3522499999995,3715.3979500000005
2024-01-29,3335.39,3303.96,3351.37,3303.96,184164795.0,csi300,沪深300,3297.0184999999997,3311.7848,3410.814,3565.5104166666665,3711.43455
2024-01-30,3283.9,3245.04,3300.2,3244.97,143649350.0,csi300,沪深300,3289.953,3307.6884000000005,3404.3545,3559.047583333333,3707.0433500000004
2024-01-31,3231.54,3215.35,3252.15,3201.93,153143469.0,csi300,沪深300,3281.8055,3303.3107999999997,3397.6143333333334,3552.590916666667,3702.5960500000006
2024-02-01,3202.26,3217.71,3251.76,3191.9,145516792.0,csi300,沪深300,3275.3385000000003,3298.5647999999997,3391.0583333333334,3546.2407499999995,3698.18385
2024-02-02,3219.87,3179.63,3235.41,3108.35,173758089.0,csi300,沪深300,3267.8645,3289.1684000000005,3383.838333333333,3539.674583333333,3693.59555
2024-02-05,3164.25,3200.42,3233.85,3111.52,203042970.0,csi300,沪深300,3263.5825,3279.9408000000003,3377.4038333333333,3533.2137500000003,3689.25275
2024-02-06,3185.25,3311.69,3314.51,3182.82,202713099.0,csi300,沪深300,3264.5420000000004,3276.9544,3372.9418333333333,3528.4424166666668,3685.3512
2024-02-07,3314.03,3343.63,3343.63,3289.67,216647933.0,csi300,沪深300,3267.8669999999997,3275.5676000000003,3368.968,3524.173416666667,3681.32245
2024-02-08,3351.41,3364.93,3367.21,3336.98,189977578.0,csi300,沪深300,3271.33,3276.2828000000004,3364.9293333333335,3520.1600000000003,3677.33695
2024-02-19,3393.19,3403.81,3403.81,3364.14,183319800.0,csi300,沪深300,3277.3120000000004,3279.2708000000002,3362.120166666667,3516.7056666666667,3673.7332
2024-02-20,3395.19,3410.85,3415.89,3380.1,140734581.0,csi300,沪深300,3283.8085,3284.2624,3359.4998333333333,3513.2035833333334,3670.22235
2024-02-21,3390.36,3456.87,3500.13,3383.69,188879362.0,csi300,沪深300,3291.608,3290.8372000000004,3357.509,3510.4775,3667.3438499999993
2024-02-22,3450.35,3486.67,3486.68,3448.41,141020784.0,csi300,沪深300,3304.4875,3299.2188,3355.9356666666663,3508.4534166666663,3664.8639999999996
2024-02-23,3491.34,3489.74,3507.56,3472.97,144821273.0,csi300,沪深300,3315.238,3306.9816000000005,3355.0243333333337,3506.2160000000003,3662.49935
2024-02-26,3485.54,3453.36,3492.61,3445.39,151248331.0,csi300,沪深300,3324.417,3313.7492,3353.2216666666664,3504.1887500000003,3659.97
2024-02-27,3440.05,3494.79,3494.79,3437.44,139528246.0,csi300,沪深300,3338.2115,3322.304,3352.5013333333336,3502.2834166666667,3657.50185
2024-02-28,3499.83,3450.26,3521.66,3450.26,189837548.0,csi300,沪深300,3349.1279999999997,3328.2792,3351.4733333333334,3500.1259999999997,3654.6077
2024-02-29,3437.9,3516.08,3516.08,3437.9,155944532.0,csi300,沪深300,3361.0765,3339.7592,3351.4326666666666,3498.1548333333335,3652.03685
2024-03-01,3515.06,3537.8,3544.36,3503.46,162709570.0,csi300,沪深300,3370.8205000000003,3350.282,3352.2574999999997,3496.05225,3649.64145
2024-03-04,3538.37,3540.87,3548.69,3519.76,163244613.0,csi300,沪深300,3381.1730000000002,3361.1256,3353.002,3493.9885833333333,3647.0325
2024-03-05,3524.96,3565.51,3570.69,3519.08,166422389.0,csi300,沪深300,3394.2505000000006,3374.99,3354.3791666666666,3492.3239166666667,3644.72065
2024-03-06,3556.53,3551.05,3577.39,3545.1,143076613.0,csi300,沪深300,3409.5510000000004,3387.7548000000006,3355.894333333333,3490.3202499999998,3642.4915499999997
2024-03-07,3548.1,3529.72,3569.92,3522.9,148110510.0,csi300,沪深300,3425.2695,3397.8592,3358.152,3487.6600000000003,3640.18685
2024-03-08,3529.55,3544.91,3548.51,3511.58,125792664.0,csi300,沪深300,3441.6295,3405.9388,3360.5738333333334,3485.3649166666664,3638.2225999999996
2024-03-11,3545.94,3589.26,3589.26,3542.28,148202825.0,csi300,沪深300,3462.1109999999994,3416.1564000000003,3363.8735,3483.5085000000004,3636.17445
2024-03-12,3592.58,3597.49,3605.7,3574.21,180685560.0,csi300,沪深300,3481.9644999999996,3427.8976000000002,3367.174,3482.167,3634.2708499999994
2024-03-13,3594.42,3572.36,3594.42,3563.37,144590590.0,csi300,沪深300,3494.9980000000005,3440.9903999999997,3369.7225000000003,3480.7700833333333,3632.3318000000004
2024-03-14,3571.79,3562.22,3597.46,3545.61,140962722.0,csi300,沪深300,3505.9275000000002,3454.8652,3371.9795000000004,3479.0590833333335,3630.36255
2024-03-15,3554.91,3569.99,3572.81,3533.68,138316044.0,csi300,沪深300,3516.1805,3468.9564,3375.3191666666667,3477.4706666666666,3628.4898
2024-03-18,3577.06,3603.53,3604.05,3573.4,160379438.0,csi300,沪深300,3526.1665000000003,3485.9123999999997,3379.512,3476.3613333333333,3626.6608
2024-03-19,3593.34,3577.63,3610.74,3577.19,145571786.0,csi300,沪深300,3534.5055,3501.0008,3383.4466666666663,3475.0623333333333,3624.9830000000006
2024-03-20,3568.72,3585.38,3589.55,3568.43,129528966.0,csi300,沪深300,3540.9309999999996,3511.9483999999998,3387.7135,3474.0339999999997,3623.61445
2024-03-21,3593.07,3581.09,3601.11,3575.03,130743377.0,csi300,沪深300,3545.6519999999996,3521.4467999999997,3391.831,3472.812166666667,3622.2673999999997
2024-03-22,3571.27,3545.0,3575.72,3522.84,139227358.0,csi300,沪深300,3548.415,3528.6495999999997,3395.956,3471.349666666667,3620.73765
2024-03-25,3536.71,3525.76,3564.96,3525.76,137015724.0,csi300,沪深300,3552.0350000000008,3533.5276,3399.204166666667,3469.8502500000004,3619.19675
2024-03-26,3526.68,3543.75,3547.65,3518.6,126209535.0,csi300,沪深300,3554.483,3538.8435999999997,3402.646166666667,3468.7778333333335,3617.72675
2024-03-27,3538.72,3502.79,3542.96,3502.79,128626763.0,csi300,沪深300,3557.1095,3540.6803999999997,3405.2351666666664,3466.81,3616.248
2024-03-28,3498.48,3520.96,3551.21,3489.39,143334717.0,csi300,沪深300,3557.3535,3542.052,3408.5046666666667,3465.1963333333333,3614.81845
2024-03-29,3516.88,3537.48,3538.24,3516.88,128643290.0,csi300,沪深300,3557.3375,3543.9615999999996,3411.8566666666666,3463.9012500000003,3613.1967
2024-04-01,3551.58,3595.65,3600.92,3551.58,162776561.0,csi300,沪深300,3560.0765,3549.6531999999993,3414.8751666666662,3463.0275000000006,3611.9537
2024-04-02,3593.22,3580.68,3596.19,3568.75,141272972.0,csi300,沪深300,3560.835,3553.0888,3417.3680000000004,3462.1205,3610.8163
2024-04-03,3578.68,3567.8,3582.43,3558.87,135592331.0,csi300,沪深300,3561.6725000000006,3557.7904000000003,3420.3921666666665,3461.1460833333335,3609.7086
2024-04-08,3553.56,3536.41,3567.82,3535.77,155304283.0,csi300,沪深300,3562.007,3558.6036,3423.0273333333334,3460.140083333333,3608.2897000000003
2024-04-09,3533.38,3533.49,3543.71,3518.86,129670942.0,csi300,沪深300,3561.436,3558.4312,3426.1346666666664,3459.0229166666672,3606.7736500000005
2024-04-10,3528.97,3504.71,3531.23,3490.05,128790274.0,csi300,沪深300,3557.2085000000006,3556.9848,3429.0613333333336,3457.375666666667,3605.07505
2024-04-11,3485.03,3504.24,3520.59,3484.93,126534395.0,csi300,沪深300,3552.546,3554.5339999999997,3432.697666666667,3456.0492499999996,3603.2717
2024-04-12,3505.75,3475.84,3516.7,3470.06,128921116.0,csi300,沪深300,3547.72,3551.5256,3435.7533333333336,3454.7929166666668,3601.3307999999997
2024-04-15,3473.5,3549.08,3552.41,3473.5,183941250.0,csi300,沪深300,3547.0629999999996,3552.3,3440.2858333333334,3454.04025,3599.4487
2024-04-16,3533.36,3511.11,3545.5,3503.62,176153065.0,csi300,沪深300,3544.1189999999997,3550.948,3443.8765,3453.211333333333,3597.1875
2024-04-17,3509.13,3565.4,3565.94,3498.03,168466398.0,csi300,沪深300,3542.2125,3549.9936,3448.563666666667,3453.476833333333,3595.35995
2024-04-18,3550.56,3569.8,3602.79,3547.6,178574105.0,csi300,沪深300,3541.821000000001,3548.8860000000004,3453.3783333333336,3453.9702500000003,3593.5877499999997
2024-04-19,3550.61,3541.66,3560.95,3529.32,147281505.0,csi300,沪深300,3539.6349999999998,3547.658,3457.391333333333,3454.532083333333,3591.9759000000004
2024-04-22,3536.18,3530.9,3558.16,3528.02,150579042.0,csi300,沪深300,3537.1255000000006,3546.4052,3462.421666666667,3454.8968333333332,3590.5819
2024-04-23,3525.67,3506.22,3533.76,3499.98,143113504.0,csi300,沪深300,3535.1865000000007,3543.8544,3466.2798333333335,3454.9115,3588.88585
2024-04-24,3514.01,3521.62,3524.54,3495.65,121739851.0,csi300,沪深300,3534.9795,3540.578,3470.4771666666666,3454.973833333333,3587.28995
2024-04-25,3510.64,3530.28,3543.97,3505.2,115187722.0,csi300,沪深300,3534.3059999999996,3538.684,3475.6668333333337,3454.70625,3585.83215
2024-04-26,3531.96,3584.27,3588.4,3531.96,197216133.0,csi300,沪深300,3538.38,3538.6396000000004,3481.539166666667,3454.710416666667,3584.54125
2024-04-29,3584.54,3623.91,3645.82,3578.76,222721381.0,csi300,沪深300,3543.5274999999992,3540.3524000000007,3487.3191666666667,3455.13875,3583.1963999999994
2024-04-30,3619.26,3604.39,3630.71,3604.39,191296899.0,csi300,沪深300,3546.8729999999996,3542.7280000000005,3491.6770000000006,3455.41675,3581.7233
2024-05-06,3654.05,3657.88,3668.26,3645.74,208018007.0,csi300,沪深300,3549.9845,3548.0127999999995,3497.078,3456.2808333333332,3580.66865
2024-05-07,3657.0,3659.01,3665.68,3648.38,164834286.0,csi300,沪深300,3553.9010000000003,3552.6232,3502.9955,3456.90475,3579.74995
2024-05-08,3650.75,3630.22,3650.94,3628.7,130035336.0,csi300,沪深300,3557.0219999999995,3557.7204,3509.4151666666667,3456.884833333333,3578.77255
2024-05-09,3630.41,3664.56,3669.76,3630.41,146559017.0,csi300,沪深300,3563.4295000000006,3563.4644,3516.902,3457.2581666666665,3577.8737
2024-05-10,3669.09,3666.28,3674.61,3641.76,150720536.0,csi300,沪深300,3570.0690000000004,3568.6164000000003,3524.378166666667,3457.71825,3576.85765
2024-05-13,3646.35,3664.69,3673.62,3634.6,157267455.0,csi300,沪深300,3578.068,3571.3780000000006,3532.4625,3458.1504166666664,3575.9639
2024-05-14,3668.23,3657.05,3675.78,3646.71,133406490.0,csi300,沪深300,3585.7084999999997,3574.4327999999996,3540.0729999999994,3458.738416666667,3574.75705
2024-05-15,3651.05,3626.06,3656.53,3624.0,123522764.0,csi300,沪深300,3593.2195000000006,3576.7632,3545.3125,3459.1271666666667,3573.39185
2024-05-16,3636.6,3640.36,3657.48,3626.33,154630503.0,csi300,沪深300,3597.7835,3580.9212000000007,3550.2580000000003,3459.613,3572.2578
2024-05-17,3638.56,3677.97,3677.97,3627.45,164570417.0,csi300,沪深300,3606.1265,3586.7004,3555.4753333333333,3460.202333333333,3571.3729500000004
2024-05-20,3682.06,3690.96,3703.03,3677.44,184609423.0,csi300,沪深300,3612.4044999999996,3594.1504,3560.261166666666,3461.190666666667,3570.5734
2024-05-21,3682.29,3676.16,3684.61,3665.15,130678283.0,csi300,沪深300,3617.7225000000008,3601.0272000000004,3564.683,3462.0914166666666,3569.83575
2024-05-22,3675.65,3684.45,3691.88,3667.09,151914605.0,csi300,沪深300,3624.862,3609.3716,3568.476,3462.9925,3569.1484499999997
2024-05-23,3672.84,3641.79,3674.37,3633.51,142572990.0,csi300,沪深300,3630.4064999999996,3613.08,3571.061333333333,3463.4985,3568.3313
2024-05-24,3630.83,3601.48,3650.87,3599.67,124791177.0,csi300,沪深300,3635.1695,3616.6948,3572.9236666666666,3463.974,3566.7631
2024-05-27,3606.65,3635.71,3638.15,3603.71,131272644.0,csi300,沪深300,3640.874,3619.5071999999996,3575.962833333333,3464.59225,3565.4066
2024-05-28,3633.25,3609.17,3638.97,3605.92,123532238.0,csi300,沪深300,3644.8185,3621.0819999999994,3577.8691666666664,3465.1852500000005,3563.9407
2024-05-29,3609.07,3613.52,3633.2,3602.82,115906321.0,csi300,沪深300,3646.281,3623.9564,3580.590166666667,3466.0317500000006,3562.0446
2024-05-30,3607.05,3594.31,3624.04,3586.75,122602995.0,csi300,沪深300,3644.8010000000004,3626.4927999999995,3581.894,3466.6633333333334,3559.9429999999998
2024-05-31,3599.82,3579.92,3614.64,3579.92,112462019.0,csi300,沪深300,3643.5775000000003,3629.4407999999994,3582.596,3467.42675,3557.8526
2024-06-03,3577.38,3588.75,3600.6,3567.87,141054591.0,csi300,沪深300,3640.121,3632.1259999999997,3583.3940000000002,3468.198,3555.94685
2024-06-04,3583.81,3615.67,3622.5,3580.28,124545096.0,csi300,沪深300,3637.9539999999993,3635.5416000000005,3584.2300000000005,3469.304583333333,3554.0002999999997
2024-06-05,3610.36,3594.79,3623.32,3594.11,110906766.0,csi300,沪深300,3636.1825000000003,3635.9624,3584.959,3470.4266666666663,3551.87135
2024-06-06,3602.16,3592.25,3625.01,3584.17,137893517.0,csi300,沪深300,3632.567,3634.696,3586.001166666667,3472.076583333333,3549.8818499999998
2024-06-07,3594.63,3574.11,3603.07,3552.09,131103026.0,csi300,沪深300,3627.9584999999997,3633.4847999999997,3586.4878333333336,3473.5308333333332,3547.85375
2024-06-11,3555.82,3542.88,3565.31,3525.89,134522306.0,csi300,沪深300,3621.8679999999995,3628.8848000000003,3585.7148333333334,3474.794166666667,3545.7302999999997
2024-06-12,3539.09,3544.12,3551.17,3531.57,122813729.0,csi300,沪深300,3616.2215000000006,3624.2891999999997,3584.8253333333337,3475.999666666667,3543.5723
2024-06-13,3548.22,3526.13,3551.08,3520.18,123245462.0,csi300,沪深300,3611.225,3620.1256,3584.0548333333336,3476.8886666666667,3541.7817
2024-06-14,3514.8,3541.53,3547.15,3503.52,171516942.0,csi300,沪深300,3606.2835000000005,3615.2044,3583.71,3477.8447499999997,3540.2097999999996
2024-06-17,3521.44,3536.2,3540.79,3520.74,137433438.0,csi300,沪深300,3599.1950000000006,3610.0012,3583.1468333333332,3479.233,3538.6581
2024-06-18,3533.49,3545.59,3551.71,3532.78,123671838.0,csi300,沪深300,3591.9265,3605.2371999999996,3582.1811666666667,3480.8465833333335,3537.2944
2024-06-19,3543.36,3528.75,3543.36,3524.84,106642797.0,csi300,沪深300,3584.5559999999996,3600.1052,3581.3664999999996,3482.406583333334,3535.78265
2024-06-20,3525.17,3503.28,3533.99,3500.13,111617396.0,csi300,沪深300,3575.4975,3595.1939999999995,3579.9981666666663,3483.8558333333335,3534.3790499999996
2024-06-21,3496.34,3495.62,3505.51,3473.83,109186615.0,csi300,沪深300,3568.189,3589.4044,3578.5736666666667,3485.202333333333,3533.20935
2024-06-24,3473.64,3476.81,3505.78,3471.22,117990184.0,csi300,沪深300,3561.9555,3581.3580000000006,3577.437166666667,3486.696583333333,3531.8022499999997
2024-06-25,3475.16,3457.9,3483.22,3440.65,118448118.0,csi300,沪深300,3553.065,3572.0356,3576.3061666666667,3487.755166666667,3530.6086000000005
2024-06-26,3451.54,3480.26,3487.4,3442.3,105898861.0,csi300,沪深300,3546.6195,3564.1995999999995,3575.248,3488.9470833333335,3529.3927500000004
2024-06-27,3467.29,3454.12,3471.14,3452.58,114918101.0,csi300,沪深300,3538.6495000000004,3554.9864000000002,3574.4368333333337,3489.8360000000002,3528.1176
2024-06-28,3443.67,3461.66,3484.68,3443.67,135409153.0,csi300,沪深300,3532.017,3547.7812000000004,3573.4485,3490.9765833333336,3526.6627999999996
2024-07-01,3458.26,3478.18,3479.95,3443.81,121829770.0,csi300,沪深300,3526.9300000000003,3542.8491999999997,3572.4601666666667,3492.1584166666667,3525.10315
2024-07-02,3472.45,3471.79,3488.32,3464.52,121650121.0,csi300,沪深300,3521.082,3536.2924,3570.3958333333335,3492.6355,3523.51955
2024-07-03,3471.56,3463.41,3478.7,3454.99,103857108.0,csi300,沪深300,3513.469,3530.462,3568.441333333333,3492.904666666667,3522.01025
2024-07-04,3468.3,3445.81,3483.31,3444.93,104429909.0,csi300,沪深300,3506.0199999999995,3523.7536,3566.4081666666666,3493.400166666667,3520.28185
2024-07-05,3443.36,3431.06,3451.04,3399.67,116609659.0,csi300,沪深300,3497.9604999999997,3517.2236000000003,3564.6523333333334,3493.839833333333,3518.1924
2024-07-08,3420.8,3401.76,3428.04,3395.91,115528218.0,csi300,沪深300,3489.343,3510.0972,3562.456833333333,3494.2957499999998,3516.0995999999996
2024-07-09,3396.8,3439.81,3448.93,3384.81,131629443.0,csi300,沪深300,3484.1895000000004,3504.1396000000004,3561.3751666666662,3495.21825,3514.2385000000004
2024-07-10,3425.88,3428.97,3447.51,3423.65,127203456.0,csi300,沪深300,3478.432,3496.6715999999997,3560.1206666666667,3496.4091666666664,3512.591
2024-07-11,3451.04,3468.17,3473.98,3438.12,145892466.0,csi300,沪深300,3475.5340000000006,3491.6068,3559.9928333333332,3497.8730833333334,3511.2319
2024-07-12,3459.96,3472.4,3479.1,3457.36,130874589.0,csi300,沪深300,3472.0774999999994,3486.8128,3558.7148333333334,3499.500333333333,3509.7562000000007
2024-07-15,3462.61,3476.25,3481.46,3460.79,118517083.0,csi300,沪深300,3469.0799999999995,3482.8983999999996,3558.1338333333333,3501.005166666667,3508.3344500000003
2024-07-16,3466.85,3498.28,3500.29,3464.37,120659017.0,csi300,沪深300,3466.7144999999996,3481.1144,3557.0151666666666,3502.7894166666665,3507.1426
2024-07-17,3494.21,3501.58,3514.48,3486.22,131802062.0,csi300,沪深300,3465.3559999999998,3479.4127999999996,3555.8781666666664,3504.62825,3505.9829500000005
2024-07-18,3483.3,3520.93,3522.8,3475.72,123768199.0,csi300,沪深300,3466.2385000000004,3479.2048,3555.532666666667,3506.462,3505.0437
2024-07-19,3500.81,3539.02,3545.34,3493.07,132447975.0,csi300,沪深300,3468.4085000000005,3479.1044,3555.6679999999997,3509.0448333333334,3504.1002500000004
2024-07-22,3538.4,3514.92,3540.19,3494.01,132126337.0,csi300,沪深300,3470.314,3478.2532,3555.813,3511.0464166666666,3503.0723500000004
2024-07-23,3509.79,3439.88,3509.79,3439.88,128897660.0,csi300,沪深300,3469.4129999999996,3474.0247999999997,3554.450666666666,3512.463916666667,3501.7433
2024-07-24,3432.35,3418.17,3451.42,3408.41,127036263.0,csi300,沪深300,3466.3085,3469.6016000000004,3552.5821666666666,3514.1245,3500.47195
2024-07-25,3404.61,3399.27,3415.86,3383.8,131022242.0,csi300,沪深300,3463.566,3465.4411999999998,3549.498833333333,3515.5190000000002,3498.77365
2024-07-26,3403.71,3409.29,3420.82,3388.66,124195558.0,csi300,沪深300,3460.9475000000007,3461.988,3545.9218333333333,3516.6205,3497.2471
2024-07-29,3404.37,3390.74,3408.5,3388.84,109787786.0,csi300,沪深300,3456.5755,3458.5451999999996,3542.3609999999994,3517.019,3495.73635
2024-07-30,3380.69,3369.38,3380.69,3352.8,104952164.0,csi300,沪深300,3451.4550000000004,3455.0044,3537.552666666667,3517.3153333333335,3494.08075
2024-07-31,3364.03,3442.08,3445.0,3364.03,171959177.0,csi300,沪深300,3450.3885,3453.4772000000003,3533.937166666667,3518.4663333333333,3492.8435499999996
2024-08-01,3443.14,3419.27,3448.34,3419.19,136323464.0,csi300,沪深300,3449.0615000000007,3452.0832,3530.421333333333,3519.91825,3491.51625
2024-08-02,3393.92,3384.39,3419.1,3380.96,116615255.0,csi300,沪深300,3446.7280000000005,3448.9924,3525.7518333333337,3521.3269166666664,3490.1525500000002
2024-08-05,3362.11,3343.32,3409.03,3343.32,142812516.0,csi300,沪深300,3443.8059999999996,3443.598,3520.3691666666664,3522.373666666667,3488.5313999999994
2024-08-06,3367.35,3342.98,3376.8,3318.63,119340279.0,csi300,沪深300,3438.9644999999996,3438.4456000000005,3515.0073333333335,3523.734916666667,3486.7344
2024-08-07,3338.59,3341.49,3362.38,3329.97,95084377.0,csi300,沪深300,3434.5905,3433.5688,3509.748,3524.9105,3485.1248000000005
2024-08-08,3332.43,3342.94,3364.79,3320.84,92495695.0,csi300,沪深300,3428.329,3429.454,3505.029333333333,3525.1709166666665,3483.7065000000002
2024-08-09,3358.13,3331.63,3366.67,3331.63,91511626.0,csi300,沪深300,3421.2905,3425.4768,3499.8838333333333,3525.070916666666,3482.1676500000003
2024-08-12,3327.56,3325.86,3338.08,3319.89,79938754.0,csi300,沪深300,3413.7709999999997,3422.4408000000003,3494.0153333333337,3524.7453333333333,3480.74405
2024-08-13,3328.01,3334.39,3335.01,3310.19,84489679.0,csi300,沪深300,3405.5765,3418.224,3488.0725,3524.166833333333,3479.7483
2024-08-14,3332.79,3309.24,3332.79,3309.1,78742407.0,csi300,沪深300,3395.9595,3413.4348,3481.9571666666666,3523.3200833333335,3478.7415499999997
2024-08-15,3301.45,3341.95,3356.76,3297.97,104766399.0,csi300,沪深300,3387.0104999999994,3408.386,3476.248833333333,3522.3624166666664,3478.0801
2024-08-16,3342.03,3345.63,3356.91,3335.62,96519083.0,csi300,沪深300,3377.3410000000003,3403.3152,3471.312833333334,3521.1870833333332,3477.3726
2024-08-19,3344.26,3356.97,3375.96,3343.71,105571110.0,csi300,沪深300,3369.4435,3398.5440000000003,3467.237666666667,3520.0806666666667,3476.63515
2024-08-20,3361.64,3332.7,3362.33,3321.64,101668331.0,csi300,沪深300,3364.0845,3391.9207999999994,3462.1875,3519.075166666667,3475.72795
2024-08-21,3322.91,3321.64,3339.44,3307.99,89954751.0,csi300,沪深300,3359.2580000000003,3384.7232,3457.3953333333334,3517.63225,3474.5242
2024-08-22,3322.87,3313.14,3327.7,3305.25,100366504.0,csi300,沪深300,3354.9515,3376.4116,3452.389,3516.4895833333335,3473.17105
2024-08-23,3305.93,3327.19,3336.24,3305.64,89525774.0,csi300,沪深300,3350.8465000000006,3367.9383999999995,3447.937,3514.9155,3471.94445
2024-08-26,3330.72,3324.22,3336.53,3311.57,93990772.0,csi300,沪深300,3347.5204999999996,3360.3104,3443.675333333333,3513.135666666667,3470.7104000000004
2024-08-27,3315.69,3305.33,3320.57,3299.56,95808157.0,csi300,沪深300,3344.318,3354.9284000000002,3438.951666666667,3511.172833333333,3469.4660999999996
2024-08-28,3298.91,3286.5,3305.35,3274.59,92696650.0,csi300,沪深300,3336.5389999999998,3349.6616,3433.4655,3508.84775,3467.9779
2024-08-29,3273.54,3277.68,3290.79,3269.53,130702333.0,csi300,沪深300,3329.4595,3344.798,3428.1803333333332,3506.5696666666668,3466.20325
2024-08-30,3273.75,3321.43,3351.63,3273.65,188695443.0,csi300,沪深300,3326.3115,3341.2835999999998,3423.6666666666665,3504.833916666666,3464.7115999999996
2024-09-02,3307.54,3265.01,3307.76,3264.76,147612353.0,csi300,沪深300,3322.3959999999997,3336.2544,3418.515,3502.5014166666665,3462.9813
2024-09-03,3261.74,3273.43,3281.59,3261.19,122897306.0,csi300,沪深300,3318.9184999999998,3332.4164,3414.0241666666666,3499.8695,3461.2843000000007
2024-09-04,3253.9,3252.16,3272.99,3249.98,104832482.0,csi300,沪深300,3314.4519999999998,3324.8196,3409.1581666666666,3496.99175,3459.6126499999996
2024-09-05,3252.96,3257.76,3266.88,3247.17,97109450.0,csi300,沪深300,3310.193,3318.3592,3404.6853333333333,3494.3700833333337,3458.0044
2024-09-06,3261.15,3231.35,3274.81,3231.07,88400417.0,csi300,沪深300,3305.179,3312.2375999999995,3399.515666666666,3491.612833333333,3456.2508499999994
2024-09-09,3214.8,3192.95,3222.93,3180.93,108673069.0,csi300,沪深300,3298.5335,3306.2228000000005,3393.7948333333334,3488.4708333333333,3454.17935
2024-09-10,3193.46,3195.76,3205.1,3171.79,97290078.0,csi300,沪深300,3291.602,3300.334,3387.964333333334,3485.0727500000003,3452.29635
2024-09-11,3187.05,3186.13,3197.34,3174.03,102482110.0,csi300,沪深300,3285.4465000000005,3294.1196,3382.2540000000004,3481.8102500000005,3450.3866500000004
2024-09-12,3189.43,3172.47,3201.55,3171.88,92868657.0,csi300,沪深300,3276.9725,3287.3008,3376.7405000000003,3478.3693333333335,3448.3674
2024-09-13,3174.03,3159.25,3188.91,3159.25,88336677.0,csi300,沪深300,3267.6535,3280.4056,3371.1343333333334,3474.854,3446.2583
2024-09-18,3158.82,3171.01,3179.9,3145.79,84722814.0,csi300,沪深300,3258.3555,3274.2115999999996,3366.037666666666,3471.7374166666664,3444.39125
2024-09-19,3178.4,3196.04,3213.84,3149.79,125439272.0,csi300,沪深300,3251.5225,3268.6775999999995,3361.673333333333,3468.9897499999997,3442.56385
2024-09-20,3192.43,3201.05,3207.99,3173.22,118064098.0,csi300,沪深300,3245.493,3264.35,3357.0198333333333,3466.1339166666667,3440.8790499999996
2024-09-23,3200.87,3212.76,3230.16,3198.02,95344855.0,csi300,沪深300,3240.474,3259.1824000000006,3352.9971666666665,3463.7169999999996,3439.38315
2024-09-24,3244.65,3351.91,3351.97,3222.49,204072217.0,csi300,沪深300,3241.71,3259.4336,3351.1679999999997,3462.30825,3438.5501
2024-09-25,3403.7,3401.53,3465.49,3393.44,241564255.0,csi300,沪深300,3245.5755,3261.216,3349.8905,3461.175333333333,3438.1162000000004
2024-09-26,3399.32,3545.32,3545.32,3391.68,243134010.0,csi300,沪深300,3257.575,3269.7208,3351.1160000000004,3460.7559166666665,3438.3618
2024-09-27,3617.92,3703.68,3708.5,3596.58,265487774.0,csi300,沪深300,3278.4339999999997,3285.0024,3355.1205,3461.780916666666,3439.4658
2024-09-30,3846.65,4017.85,4038.7,3796.5,510217707.0,csi300,沪深300,3315.4424999999997,3313.1908000000003,3364.6545,3465.5313333333334,3442.25435
2024-10-08,4450.37,4256.1,4450.37,4094.35,589867894.0,csi300,沪深300,3362.1760000000004,3350.3472,3378.4051666666664,3471.52875,3446.56355
2024-10-09,4168.84,3955.98,4197.6,3942.51,482269295.0,csi300,沪深300,3396.7245000000003,3375.6176,3387.6421666666665,3475.0494999999996,3449.34545
2024-10-10,3979.61,3997.79,4098.5,3912.77,395053099.0,csi300,沪深300,3432.9425,3403.316,3396.9418333333333,3479.1585,3452.3779999999997
2024-10-11,3969.76,3887.17,3978.24,3847.12,274096505.0,csi300,沪深300,3464.693,3427.3428,3404.5785,3482.3495833333336,3454.8165499999996
2024-10-14,3915.22,3961.34,3979.54,3868.78,307578993.0,csi300,沪深300,3499.8720000000003,3454.6892000000003,3412.7980000000002,3486.3954166666667,3457.5260000000003
2024-10-15,3942.53,3855.99,3967.87,3855.99,242486448.0,csi300,沪深300,3531.1040000000003,3476.0715999999998,3419.1911666666665,3488.953,3459.67195
2024-10-16,3806.14,3831.59,3877.75,3805.09,218866407.0,csi300,沪深300,3563.036,3498.7348,3425.1135,3491.6236666666664,3461.98185
2024-10-17,3853.84,3788.22,3882.07,3787.75,212313820.0,csi300,沪深300,3592.6590000000006,3519.3264,3429.945833333333,3493.4805,3464.16315
2024-10-18,3780.31,3925.23,3998.21,3765.16,312958834.0,csi300,沪深300,3629.614,3546.2492,3437.006666666667,3496.4424166666663,3467.08155
2024-10-21,3946.9,3935.2,3979.26,3896.17,291185634.0,csi300,沪深300,3667.7504999999996,3573.3468,3443.9111666666663,3499.721916666667,3470.1107
2024-10-22,3923.74,3957.78,3965.91,3917.52,223433396.0,csi300,沪深300,3707.6769999999997,3602.4040000000005,3450.8905,3503.27925,3473.2294
2024-10-23,3955.32,3973.21,4012.18,3939.1,245873949.0,csi300,沪深300,3747.7870000000003,3633.6144,3458.5286666666666,3507.170833333333,3476.6079499999996
2024-10-24,3950.9,3928.83,3957.98,3914.09,174724062.0,csi300,沪深300,3784.4265,3662.9372,3466.6778333333336,3510.5642500000004,3479.5977499999995
2024-10-25,3931.32,3956.42,3992.89,3921.94,210694885.0,csi300,沪深300,3822.1949999999997,3693.7488,3475.648666666667,3514.1154166666665,3482.6937
2024-10-28,3953.11,3964.16,3964.16,3917.2,216160415.0,csi300,沪深300,3859.7650000000003,3725.4163999999996,3485.0634999999997,3517.281166666667,3485.7772500000005
2024-10-29,3970.01,3924.65,3991.31,3921.58,217293984.0,csi300,沪深300,3888.4019999999996,3756.0324,3493.6528333333335,3519.787333333333,3488.7765499999996
2024-10-30,3904.16,3889.45,3926.06,3864.31,219436626.0,csi300,沪深300,3912.798,3784.77,3501.9646666666667,3522.1628333333333,3491.542
2024-10-31,3888.42,3891.04,3923.9,3859.11,300636718.0,csi300,沪深300,3930.0840000000003,3812.57,3510.659,3524.105833333333,3493.9245
2024-11-01,3882.46,3890.02,3933.22,3879.96,307986481.0,csi300,沪深300,3939.4009999999994,3840.1288,3518.124666666666,3526.030916666667,3496.2190499999997
2024-11-04,3897.71,3944.76,3944.76,3891.21,229239060.0,csi300,沪深300,3935.7465,3869.4088,3526.8828333333336,3528.6520833333334,3499.0110999999997
2024-11-05,3937.62,4044.57,4046.7,3925.41,316862794.0,csi300,沪深300,3925.1699999999996,3897.1152,3537.8858333333333,3531.8188333333333,3502.34245
2024-11-06,4051.29,4024.28,4091.7,4002.5,335807938.0,csi300,沪深300,3928.5850000000005,3922.0252,3549.235166666667,3534.802166666667,3505.7286000000004
2024-11-07,3987.27,4145.7,4146.15,3984.67,341436414.0,csi300,沪深300,3935.9805,3946.0404,3562.6138333333333,3538.8105833333334,3509.8115500000004
2024-11-08,4192.08,4104.05,4200.91,4094.16,332350385.0,csi300,沪深300,3946.8244999999997,3962.0552000000002,3575.323166666667,3542.535583333333,3513.9015000000004
2024-11-11,4066.93,4131.13,4132.51,4048.04,289594227.0,csi300,沪深300,3955.314,3966.5864,3588.459666666667,3546.7445,3518.0946499999995
2024-11-12,4133.35,4085.74,4181.71,4060.79,297778086.0,csi300,沪深300,3966.8015,3959.7719999999995,3601.0281666666665,3550.4559999999997,3522.1377
2024-11-13,4059.59,4110.89,4121.07,4059.59,240484099.0,csi300,沪深300,3980.7665,3965.9683999999997,3614.1119999999996,3554.063666666667,3526.2137999999995
2024-11-14,4101.22,4039.62,4118.17,4034.94,230152784.0,csi300,沪深300,3993.3365,3967.6416000000004,3625.8658333333337,3556.9691666666668,3529.9910499999996
2024-11-15,4025.65,3968.83,4049.07,3968.83,247399463.0,csi300,沪深300,3995.5165,3970.9080000000004,3636.859,3559.4080833333337,3533.4306
2024-11-18,3982.1,3950.38,4034.06,3931.19,306777946.0,csi300,沪深300,3996.2755000000006,3970.4695999999994,3646.9995,3561.624166666667,3536.6781
2024-11-19,3954.6,3976.89,3979.15,3896.75,242946465.0,csi300,沪深300,3997.2310000000007,3975.3056,3657.5204999999996,3564.4166666666665,3540.41715
2024-11-20,3966.12,3985.77,4001.08,3958.34,184599372.0,csi300,沪深300,3997.8589999999995,3981.4727999999996,3668.0005,3567.619083333333,3543.9723500000005
2024-11-21,3979.46,3989.3,3999.57,3966.07,166125927.0,csi300,沪深300,4000.8824999999997,3989.5160000000005,3678.9438333333333,3570.5656666666664,3547.56995
2024-11-22,3984.24,3865.7,3990.26,3865.7,216285809.0,csi300,沪深300,3996.3464999999997,3987.1348,3688.0115,3572.7034166666663,3550.80395
2024-11-25,3875.61,3848.09,3889.71,3812.32,190702953.0,csi300,沪深300,3990.543,3983.6504,3696.9273333333335,3574.6581666666666,3553.88475
2024-11-26,3836.26,3840.18,3875.23,3833.28,149892441.0,csi300,沪深300,3986.3195,3978.9464000000003,3705.4771666666666,3576.7070833333332,3556.7000999999996
2024-11-27,3829.34,3907.04,3907.16,3817.91,174136096.0,csi300,沪深300,3987.1990000000005,3976.2996,3715.1908333333336,3579.433083333333,3559.5207
2024-11-28,3904.25,3872.55,3908.39,3866.01,150117291.0,csi300,沪深300,3986.2744999999995,3974.0484,3724.6445,3581.7980833333336,3562.21435
2024-11-29,3869.89,3916.58,3962.7,3869.89,187656713.0,csi300,沪深300,3987.6025,3972.4548,3735.1458333333335,3584.3056666666666,3565.27745
2024-12-02,3909.7,3947.63,3955.13,3902.17,197289784.0,csi300,沪深300,3987.746,3971.7936000000004,3746.311666666667,3587.246,3568.7904
2024-12-03,3946.7,3951.89,3963.95,3922.84,182496867.0,csi300,沪深300,3983.112,3972.8832,3756.8193333333334,3590.2430000000004,3572.4731
2024-12-04,3948.13,3930.56,3957.37,3917.75,174626318.0,csi300,沪深300,3978.4259999999995,3974.5276,3767.911833333333,3593.2134166666665,3576.03735
2024-12-05,3916.56,3921.59,3936.34,3910.08,138534038.0,csi300,沪深300,3967.2204999999994,3975.7496,3778.7145,3596.3693333333335,3579.74715
2024-12-06,3923.9,3973.14,3995.12,3923.9,192057907.0,csi300,沪深300,3960.675,3979.0744,3790.7308333333335,3599.9444999999996,3583.6107500000003
2024-12-09,3970.66,3966.57,3995.51,3948.42,175959958.0,csi300,沪深300,3952.447,3979.9468000000006,3802.5443333333333,3603.614833333333,3586.88515
2024-12-10,4094.05,3995.64,4098.38,3988.97,253463795.0,csi300,沪深300,3947.942,3977.9896000000003,3815.2825000000003,3607.3990833333332,3590.1452000000004
2024-12-11,3988.02,3988.83,4005.33,3977.35,177252846.0,csi300,沪深300,3941.839,3976.5716,3828.5471666666667,3611.1710000000003,3593.2646999999997
2024-12-12,3987.15,4028.5,4031.74,3981.35,181621777.0,csi300,沪深300,3941.2830000000004,3971.8836000000006,3842.4261666666666,3615.1952499999998,3596.38815
2024-12-13,4000.99,3933.18,4000.99,3931.74,230353079.0,csi300,沪深300,3939.5004999999996,3965.0488,3854.877,3618.5654999999997,3598.9998000000005
2024-12-16,3930.78,3911.84,3938.76,3901.65,178511251.0,csi300,沪深300,3937.5735,3956.2771999999995,3867.199833333333,3621.9701666666665,3601.2746500000003
2024-12-17,3908.13,3922.03,3955.95,3908.13,160939090.0,csi300,沪深300,3934.8305,3949.7288,3879.9128333333333,3625.5235833333336,3603.45145
2024-12-18,3934.54,3941.89,3956.14,3933.97,157738321.0,csi300,沪深300,3932.6364999999996,3942.9687999999996,3892.7608333333333,3629.3992500000004,3605.7122000000004
2024-12-19,3911.89,3945.46,3954.35,3899.75,161081040.0,csi300,沪深300,3930.4445,3939.2024,3905.251166666667,3633.4622499999996,3608.1727
2024-12-20,3937.47,3927.74,3958.63,3923.26,154986496.0,csi300,沪深300,3933.5465000000004,3937.5588000000002,3917.362666666667,3637.1912499999994,3610.33745
2024-12-23,3928.15,3933.57,3965.85,3928.15,190067362.0,csi300,沪深300,3937.8205000000003,3936.8864000000003,3929.376166666667,3641.1866666666665,3612.7540000000004
2024-12-24,3934.94,3983.69,3985.86,3934.73,161494589.0,csi300,沪深300,3944.996,3937.1584000000003,3939.9058333333332,3645.5369166666665,3615.09205
2024-12-25,3987.96,3985.63,4007.76,3969.48,159390747.0,csi300,沪深300,3948.9255,3937.1528000000003,3949.6408333333334,3649.7656666666667,3617.3312
2024-12-26,3981.73,3987.48,3991.53,3965.55,143425286.0,csi300,沪深300,3954.672,3937.08,3957.0101666666665,3654.063083333333,3619.56425
2024-12-27,3987.02,3981.03,4007.13,3970.94,169268666.0,csi300,沪深300,3957.8945,3941.6932,3961.6326666666664,3658.376583333333,3621.64185
2024-12-30,3976.7,3999.05,4005.78,3976.7,164612485.0,csi300,沪深300,3960.4655,3947.7316000000005,3961.3193333333334,3662.9869166666667,3623.8818499999998
2024-12-31,3995.87,3934.91,4004.35,3934.91,183928397.0,csi300,沪深300,3959.6165,3951.5208000000002,3955.9661666666666,3667.1856666666667,3625.9077999999995
2025-01-02,3931.82,3820.4,3934.2,3796.34,217898724.0,csi300,沪深300,3954.1085,3948.0552000000002,3953.7065000000002,3670.6743333333334,3627.2852500000004
2025-01-03,3825.24,3775.16,3835.94,3767.67,175342676.0,csi300,沪深300,3946.7870000000003,3944.1596000000004,3949.996,3673.4689166666667,3628.2147500000005
2025-01-06,3775.99,3768.97,3788.85,3743.07,150946670.0,csi300,沪深300,3936.5785000000005,3938.2552,3948.0260000000003,3676.30225,3629.0721500000004
2025-01-07,3760.87,3796.11,3797.6,3749.06,146455779.0,csi300,沪深300,3928.0555,3932.1944,3945.2721666666666,3679.035083333333,3630.1908999999996
2025-01-08,3781.26,3789.22,3810.74,3731.19,169166968.0,csi300,沪深300,3917.7345,3925.6876,3944.1593333333335,3681.6752500000002,3631.3259
2025-01-09,3780.73,3779.88,3795.26,3768.68,129794002.0,csi300,沪深300,3907.2870000000003,3919.6603999999998,3943.2975,3684.2055000000005,3632.37535
2025-01-10,3778.89,3732.48,3786.81,3732.48,137523171.0,csi300,沪深300,3892.486,3912.0959999999995,3942.3684999999996,3686.1571666666664,3633.0200999999997
2025-01-13,3704.44,3722.51,3737.89,3704.11,136446199.0,csi300,沪深300,3881.9525000000003,3902.0708,3938.989833333333,3687.9982499999996,3633.7444999999993
2025-01-14,3728.56,3820.54,3826.64,3718.88,170664657.0,csi300,沪深300,3877.3875,3896.2295999999997,3937.0788333333335,3690.495,3634.9202999999998
2025-01-15,3810.04,3796.03,3816.83,3790.17,141475520.0,csi300,沪深300,3871.0875,3888.2451999999994,3934.3830000000003,3692.63675,3635.995
2025-01-16,3812.19,3800.38,3842.95,3776.29,144505871.0,csi300,沪深300,3864.0119999999997,3880.7072,3931.5025,3695.0155833333333,3637.2719
2025-01-17,3788.37,3812.34,3831.64,3780.21,126621961.0,csi300,沪深300,3857.3560000000007,3872.0607999999997,3929.561,3698.1194166666664,3638.7048
2025-01-20,3835.3,3829.68,3858.67,3821.98,139581277.0,csi300,沪深300,3852.453,3867.9208000000003,3927.448666666666,3701.5486666666666,3640.13445
2025-01-21,3850.36,3832.61,3850.91,3817.12,141218406.0,csi300,沪深300,3847.4049999999997,3864.7516000000005,3925.256166666667,3705.159833333333,3641.7835500000006
2025-01-22,3823.94,3797.02,3823.94,3783.14,137255062.0,csi300,沪深300,3838.0715000000005,3859.7512,3923.129,3708.3909166666663,3643.16385
2025-01-23,3829.05,3803.74,3864.26,3801.85,180569551.0,csi300,沪深300,3828.9770000000003,3854.2252000000003,3921.7005,3711.832583333334,3644.49515
2025-01-24,3793.85,3832.86,3847.6,3793.48,148971722.0,csi300,沪深300,3821.246,3849.7212,3920.7308333333335,3715.694916666667,3645.6812
2025-01-27,3836.96,3817.08,3852.0,3817.08,146670772.0,csi300,沪深300,3813.0485,3845.2947999999997,3919.5151666666666,3718.8199166666664,3646.8632000000002
2025-02-05,3844.7,3795.08,3844.7,3785.16,157168308.0,csi300,沪深300,3802.85,3839.7552,3917.0205,3721.951666666667,3647.9995999999996
2025-02-06,3789.61,3842.83,3843.49,3788.32,167288176.0,csi300,沪深300,3798.246,3834.1208,3913.6581666666666,3725.772,3649.5317
2025-02-07,3844.06,3892.7,3919.35,3833.87,221857707.0,csi300,沪深300,3801.861,3830.4035999999996,3911.465166666667,3730.3501666666666,3651.3277499999995
2025-02-10,3898.1,3901.06,3906.37,3878.83,188903040.0,csi300,沪深300,3808.156,3826.9467999999997,3907.3878333333337,3735.0008333333335,3653.3095000000003
2025-02-11,3905.16,3883.14,3905.16,3872.91,166574909.0,csi300,沪深300,3813.8644999999997,3823.0312,3903.7059999999997,3739.514583333333,3655.204
2025-02-12,3875.96,3919.86,3920.72,3867.35,164228540.0,csi300,沪深300,3820.0519999999997,3819.8635999999997,3900.1848333333332,3744.32225,3657.4241
2025-02-13,3913.9,3905.14,3939.2,3904.98,172485874.0,csi300,沪深300,3825.8479999999995,3818.6728,3897.174833333333,3749.1015,3659.2044
2025-02-14,3900.83,3939.01,3942.04,3900.83,172976452.0,csi300,沪深300,3833.8044999999997,3823.4172,3894.3101666666666,3754.211083333333,3661.3439000000003
2025-02-17,3954.41,3947.4,3955.9,3921.7,213588246.0,csi300,沪深300,3844.5505,3830.3068,3892.7731666666664,3759.3195,3663.2538999999997
2025-02-18,3942.58,3912.78,3965.42,3901.87,209425101.0,csi300,沪深300,3854.064,3836.0591999999997,3891.839,3764.3489999999997,3664.9688
2025-02-19,3906.22,3940.16,3943.67,3904.15,182829517.0,csi300,沪深300,3860.0449999999996,3841.8212,3891.6686666666665,3769.3340833333336,3666.9613
2025-02-20,3934.65,3928.9,3940.68,3916.18,163895236.0,csi300,沪深300,3866.6884999999993,3847.4084,3890.8688333333334,3774.194666666667,3668.9513
2025-02-21,3938.05,3978.44,3981.05,3927.79,227400330.0,csi300,沪深300,3875.5915,3855.3508,3890.7466666666664,3779.373583333333,3671.3124
2025-02-24,3972.48,3969.72,3995.95,3949.23,220810618.0,csi300,沪深300,3883.4604999999997,3864.8404000000005,3890.4203333333335,3784.682083333333,3673.5528999999997
2025-02-25,3933.64,3925.65,3955.43,3915.65,178108580.0,csi300,沪深300,3888.2590000000005,3872.966,3891.4194999999995,3789.7155000000002,3675.5297499999997
2025-02-26,3931.84,3959.94,3960.33,3925.37,191062501.0,csi300,沪深300,3894.6255000000006,3878.542,3893.2836666666667,3795.1055,3677.4081
2025-02-27,3961.06,3968.12,3973.93,3933.46,202887963.0,csi300,沪深300,3903.1805,3885.4256,3895.4159999999997,3800.4465833333334,3679.12915
2025-02-28,3950.19,3890.05,3972.48,3886.4,198104147.0,csi300,沪深300,3907.496,3889.0124,3895.1328333333336,3805.161833333333,3680.55745
2025-03-03,3899.7,3888.47,3930.0,3872.59,177623166.0,csi300,沪深300,3910.276500000001,3892.0576,3895.398166666667,3810.021333333333,3681.7104000000004
2025-03-04,3865.99,3885.22,3890.42,3855.73,149850967.0,csi300,沪深300,3913.6835,3894.2792,3894.8755,3815.010666666667,3682.8414500000003
2025-03-05,3887.8,3902.57,3906.42,3877.02,158652751.0,csi300,沪深300,3919.058,3897.0776,3894.1245,3820.2180833333337,3684.2032
2025-03-06,3923.38,3956.24,3964.49,3917.08,193960915.0,csi300,沪深300,3924.7285,3903.4464000000003,3894.197,3825.508166666667,3685.6616
2025-03-07,3944.91,3944.01,3967.07,3935.05,166732375.0,csi300,沪深300,3927.2940000000003,3909.0572,3894.421166666667,3831.1665000000003,3687.05025
2025-03-10,3945.58,3928.8,3949.14,3905.13,152765232.0,csi300,沪深300,3928.6810000000005,3912.8948,3894.5413333333336,3836.627916666667,3688.3708
2025-03-11,3890.43,3941.42,3941.42,3889.43,144754402.0,csi300,沪深300,3931.5950000000003,3917.8684000000003,3894.012666666667,3842.37175,3689.7926499999994
2025-03-12,3946.86,3927.23,3953.61,3921.47,156732190.0,csi300,沪深300,3931.9635000000003,3923.1544,3893.3569999999995,3847.950666666666,3691.2985000000003
2025-03-13,3925.74,3911.58,3939.29,3897.38,156536443.0,csi300,沪深300,3932.2855000000004,3925.9044,3891.956,3853.61925,3692.6546000000003
2025-03-14,3919.62,4006.56,4014.16,3919.62,216139003.0,csi300,沪深300,3935.6629999999996,3930.4588,3892.2515,3860.3993333333333,3694.2975499999993
2025-03-17,4020.64,3996.79,4021.73,3992.26,162202911.0,csi300,沪深300,3938.1325000000006,3934.288,3891.7229999999995,3867.0745833333335,3695.8266999999996
2025-03-18,4011.78,4007.72,4016.87,3995.96,140208496.0,csi300,沪深300,3942.8795000000005,3939.2712,3892.965333333333,3873.9211666666665,3697.4844999999996
2025-03-19,4004.83,4010.17,4025.3,3989.51,144419428.0,csi300,沪深300,3946.38,3942.8835999999997,3894.6041666666665,3880.902,3699.1131
2025-03-20,4011.06,3974.99,4012.04,3969.93,133754670.0,csi300,沪深300,3948.6845000000003,3945.6776,3895.4868333333334,3887.699833333333,3700.7790999999997
2025-03-21,3966.51,3914.7,3983.15,3904.77,165905294.0,csi300,沪深300,3945.4975000000004,3944.7052000000003,3895.033666666667,3893.89725,3702.3452
2025-03-24,3916.11,3934.85,3938.18,3907.2,152234674.0,csi300,沪深300,3943.754,3944.2032,3894.8568333333333,3900.0540000000005,3703.8409
2025-03-25,3937.9,3932.3,3946.36,3921.53,140475399.0,csi300,沪深300,3944.0865,3944.9840000000004,3894.9328333333333,3906.1477499999996,3705.45655
2025-03-26,3930.21,3919.36,3942.03,3916.86,131164187.0,csi300,沪深300,3942.0575000000003,3944.1519999999996,3894.6960000000004,3912.0360833333334,3706.9857499999994
2025-03-27,3911.38,3932.41,3952.99,3903.65,126793738.0,csi300,沪深300,3940.272,3944.2924,3893.841333333333,3916.8735833333335,3708.67625
2025-03-28,3930.78,3915.17,3934.23,3907.38,126356214.0,csi300,沪深300,3941.528,3941.7616,3892.667,3921.153916666667,3710.3525
2025-03-31,3905.98,3887.31,3928.45,3872.4,166798523.0,csi300,沪深300,3941.47,3938.4652,3890.9975,3924.0038333333337,3711.8452999999995
2025-04-01,3892.78,3887.68,3905.26,3882.4,140380274.0,csi300,沪深300,3941.593,3936.9464000000003,3889.4416666666666,3925.537166666667,3713.20535
2025-04-02,3884.42,3884.39,3900.49,3877.16,113043175.0,csi300,沪深300,3940.6839999999997,3933.9244,3887.5306666666665,3924.425,3714.65335
2025-04-03,3843.42,3861.5,3883.7,3843.42,142599789.0,csi300,沪深300,3935.946999999999,3929.6596000000004,3886.3071666666665,3921.1366666666668,3715.9996
2025-04-07,3675.2,3589.44,3707.78,3514.12,312578586.0,csi300,沪深300,3918.2185,3917.6352,3882.4578333333334,3918.082166666667,3716.07625
2025-04-08,3597.99,3650.76,3650.76,3583.87,280197312.0,csi300,沪深300,3904.3165,3908.1268,3880.3844999999997,3915.19025,3716.61565
2025-04-09,3606.1,3686.79,3686.79,3587.34,262305708.0,csi300,沪深300,3891.585,3900.1896,3879.014833333333,3913.5204166666667,3717.329
2025-04-10,3749.13,3735.12,3756.14,3708.82,227252227.0,csi300,沪深300,3881.9795,3893.4916,3877.9983333333334,3911.63525,3718.37395
2025-04-11,3730.31,3750.52,3762.37,3708.46,168759691.0,csi300,沪深300,3873.9265,3885.2628000000004,3877.3533333333335,3910.7563333333333,3719.4189
2025-04-14,3772.04,3759.14,3776.63,3754.03,164462403.0,csi300,沪深300,3861.5555,3877.868,3877.0076666666664,3910.1525833333335,3720.5336000000007
2025-04-15,3756.48,3761.23,3764.49,3737.85,134006040.0,csi300,沪深300,3849.7774999999992,3871.1652000000004,3877.4868333333334,3909.927666666667,3721.6118
2025-04-16,3757.88,3772.82,3775.17,3721.6,156359006.0,csi300,沪深300,3838.0325,3864.4211999999998,3878.3253333333337,3908.6575833333336,3722.8321499999997
2025-04-17,3755.09,3772.22,3779.13,3749.5,122371002.0,csi300,沪深300,3826.1349999999998,3858.2207999999996,3877.5199999999995,3907.2994166666667,3724.17685
2025-04-18,3760.04,3772.52,3782.04,3754.41,102948509.0,csi300,沪深300,3816.0115000000005,3852.6584,3877.128166666667,3905.755583333333,3725.56135
2025-04-21,3768.14,3784.88,3790.18,3763.14,121355730.0,csi300,沪深300,3809.5204999999996,3843.7912,3876.869833333333,3904.186166666667,3727.1016999999997
2025-04-22,3780.11,3783.95,3799.23,3778.08,125688257.0,csi300,沪深300,3801.9754999999996,3835.2776,3876.3966666666665,3902.9788333333336,3728.73195
2025-04-23,3803.43,3786.88,3807.95,3780.52,131986870.0,csi300,沪深300,3794.7045,3826.4440000000004,3875.6833333333334,3901.566,3730.26505
2025-04-24,3787.46,3784.36,3807.26,3775.21,117164560.0,csi300,沪深300,3787.9545,3817.4116000000004,3874.8791666666666,3900.067666666667,3731.91625
2025-04-25,3792.08,3786.99,3801.58,3780.78,124591133.0,csi300,沪深300,3780.6835,3809.8916,3874.712,3898.9205,3733.5429000000004
2025-04-28,3786.39,3781.62,3792.01,3772.8,125145091.0,csi300,沪深300,3774.006,3804.5684,3874.3433333333332,3898.0219166666666,3735.0601
2025-04-29,3776.0,3775.08,3785.32,3768.03,111514694.0,csi300,沪深300,3768.3945,3798.1776,3873.3803333333335,3897.0555833333337,3736.5765499999998
2025-04-30,3775.83,3770.57,3787.56,3768.76,143681658.0,csi300,沪深300,3762.5389999999998,3791.7083999999995,3872.6051666666667,3896.060166666667,3738.1123500000003
2025-05-06,3794.38,3808.54,3809.09,3782.78,158520459.0,csi300,沪深300,3758.7465,3787.2756000000004,3872.8295,3894.925,3739.926
2025-05-07,3861.58,3831.63,3863.68,3814.99,161172299.0,csi300,沪深300,3757.2530000000006,3783.2444,3872.6428333333333,3893.1505,3741.9288500000002
2025-05-08,3820.55,3852.9,3867.33,3816.26,124959833.0,csi300,沪深300,3770.4260000000004,3780.7536000000005,3871.9795,3891.722333333333,3744.18455
2025-05-09,3848.62,3846.16,3853.66,3836.53,119389526.0,csi300,沪深300,3780.196,3779.1075999999994,3871.0645,3889.226166666667,3746.2163
2025-05-12,3866.53,3890.61,3890.73,3859.03,153332460.0,csi300,沪深300,3790.387,3779.2248,3871.189,3887.4475,3748.5245
2025-05-13,3915.59,3896.26,3915.59,3890.69,147320299.0,csi300,沪深300,3798.4440000000004,3779.6996000000004,3870.7956666666664,3885.4902500000003,3750.66495
2025-05-14,3894.84,3943.21,3960.52,3890.65,172033779.0,csi300,沪深300,3808.0785000000005,3782.968,3871.4301666666665,3884.3025000000002,3753.019
2025-05-15,3934.03,3907.2,3936.47,3904.91,138081749.0,csi300,沪深300,3815.4815000000003,3795.6784,3870.9,3882.6050833333334,3755.17375
2025-05-16,3898.67,3889.09,3903.85,3874.86,118405345.0,csi300,沪深300,3821.8745000000004,3805.2116000000005,3869.9281666666666,3881.3506666666667,3757.1278
2025-05-19,3882.57,3877.15,3885.59,3866.57,98643414.0,csi300,沪深300,3827.0909999999994,3812.8259999999996,3869.3343333333332,3880.586666666667,3759.00565
2025-05-20,3883.1,3898.17,3911.47,3881.74,104885234.0,csi300,沪深300,3833.3885,3819.348,3868.6345,3880.1515833333333,3760.89185
2025-05-21,3899.44,3916.38,3928.63,3899.44,109791343.0,csi300,沪深300,3840.5814999999993,3825.9824,3868.4258333333337,3879.6473333333333,3762.7786499999997
2025-05-22,3912.6,3913.87,3923.02,3903.09,107597052.0,csi300,沪深300,3847.0310000000004,3832.1715999999997,3867.349666666667,3879.048166666667,3764.7733999999996
2025-05-23,3910.37,3882.27,3931.55,3882.27,120277419.0,csi300,沪深300,3851.947,3837.0132,3865.8921666666665,3878.15625,3766.98535
2025-05-26,3875.79,3860.11,3884.54,3849.04,109601207.0,csi300,沪深300,3855.6085,3840.5047999999997,3864.7998333333335,3878.1096666666667,3769.1950500000003
2025-05-27,3857.63,3839.4,3865.43,3834.85,98572425.0,csi300,沪深300,3858.3605000000002,3843.192,3862.7908333333335,3878.03725,3771.3957
2025-05-28,3843.07,3836.24,3849.74,3833.96,89031026.0,csi300,沪深300,3860.8229999999994,3845.7408,3860.5928333333336,3878.004416666666,3773.5304499999997
2025-05-29,3838.01,3858.7,3869.79,3831.46,108471886.0,csi300,沪深300,3864.6770000000006,3848.6936,3860.0703333333336,3877.6015833333336,3775.8702500000004
2025-05-30,3850.49,3840.23,3858.61,3829.25,111672228.0,csi300,沪深300,3867.9345000000003,3850.9447999999998,3859.266333333333,3877.33225,3778.2245000000003
2025-06-03,3833.46,3852.01,3863.3,3832.72,131403090.0,csi300,沪深300,3872.0065000000004,3853.55,3858.712833333333,3876.7941666666666,3780.27415
2025-06-04,3855.49,3868.74,3875.86,3855.49,116803873.0,csi300,沪深300,3875.0165,3856.9251999999997,3858.1489999999994,3876.13675,3782.5215000000003
2025-06-05,3872.64,3877.56,3883.13,3861.27,122878184.0,csi300,沪深300,3877.3129999999996,3860.5480000000007,3856.837666666667,3875.5173333333337,3784.98735
2025-06-06,3878.1,3873.98,3889.46,3869.39,110987971.0,csi300,沪深300,3878.3669999999997,3864.2424,3855.6704999999997,3875.045833333333,3787.64065
2025-06-09,3877.8,3885.25,3894.65,3871.99,136306293.0,csi300,沪深300,3880.3214999999996,3868.6492,3854.9446666666668,3874.743,3790.3519999999994
2025-06-10,3887.55,3865.47,3897.46,3850.47,145563859.0,csi300,沪深300,3879.0644999999995,3872.4452,3853.678833333333,3873.84575,3792.9719
2025-06-11,3870.67,3894.63,3911.61,3870.67,142414772.0,csi300,沪深300,3878.983,3875.8887999999993,3853.1355,3873.2462499999997,3795.7303500000003
2025-06-12,3885.52,3892.2,3900.04,3870.38,133998697.0,csi300,沪深300,3876.4325,3878.3116000000005,3852.8125,3872.38425,3798.5332
2025-06-13,3881.49,3864.18,3889.16,3853.82,172539536.0,csi300,沪深300,3874.2814999999996,3878.7627999999995,3850.4395,3871.3455,3801.2248000000004
2025-06-16,3853.62,3873.8,3876.17,3853.62,137341835.0,csi300,沪深300,3873.517,3879.8684000000003,3848.389666666667,3870.056333333333,3803.92185
2025-06-17,3875.18,3870.38,3880.42,3860.41,122342526.0,csi300,沪深300,3873.1785000000004,3879.0592000000006,3846.1006666666667,3869.533,3806.72755
2025-06-18,3871.65,3874.97,3881.35,3854.66,127528621.0,csi300,沪深300,3872.0184999999997,3878.2076,3843.847333333333,3869.22575,3809.39265
2025-06-19,3870.05,3843.09,3872.94,3834.95,130280658.0,csi300,沪深300,3868.3540000000003,3874.2028000000005,3841.649,3868.5679166666664,3811.87995
2025-06-20,3839.78,3846.64,3856.48,3839.78,118151020.0,csi300,沪深300,3864.9924999999994,3871.7804000000006,3840.514666666667,3867.7741666666666,3814.3282999999997
2025-06-23,3831.17,3857.9,3867.59,3827.08,133800892.0,csi300,沪深300,3863.7740000000003,3870.5327999999995,3839.2321666666667,3867.0445000000004,3816.9543
2025-06-24,3862.39,3904.03,3914.16,3862.39,163656188.0,csi300,沪深300,3865.9700000000003,3871.6079999999997,3838.761,3866.846916666667,3819.86625
2025-06-25,3907.07,3960.07,3963.04,3902.18,187213671.0,csi300,沪深300,3872.0035,3874.0840000000003,3839.4395,3867.06775,3823.1008999999995
2025-06-26,3953.16,3946.02,3964.48,3945.26,165316263.0,csi300,沪深300,3877.4925000000003,3875.2696,3839.6663333333336,3866.7538333333337,3826.1950500000003
2025-06-27,3949.79,3921.76,3969.26,3918.2,194557913.0,csi300,沪深300,3880.6454999999996,3875.5852,3839.776166666667,3866.2215833333335,3829.1827499999995
2025-06-30,3920.31,3936.08,3940.36,3911.6,145170236.0,csi300,沪深300,3885.4379999999996,3877.7376,3840.589,3865.79325,3832.3365000000003
2025-07-01,3935.91,3942.76,3946.25,3924.72,128959362.0,csi300,沪深300,3889.9755000000005,3881.0436,3841.507,3865.474333333333,3835.6178000000004
2025-07-02,3943.32,3943.68,3952.14,3929.7,147063062.0,csi300,沪深300,3893.7225,3885.2148,3842.4951666666666,3865.0129166666666,3838.9478
2025-07-03,3949.4,3968.07,3971.62,3945.14,141004006.0,csi300,沪深300,3898.2480000000005,3890.488,3844.271333333333,3865.28925,3842.1810000000005
2025-07-04,3967.46,3982.2,4013.85,3958.38,157197133.0,csi300,沪深300,3903.6590000000006,3895.428,3850.817333333333,3866.6375833333336,3845.76695
2025-07-07,3977.29,3965.17,3979.75,3956.57,131135273.0,csi300,沪深300,3907.655,3900.4256,3856.0575000000003,3868.2209999999995,3849.22565
2025-07-08,3965.43,3998.45,4002.27,3965.43,156402895.0,csi300,沪深300,3914.304,3906.2832,3861.2518333333337,3870.133333333333,3852.9571
2025-07-09,3997.5,3991.4,4016.74,3987.43,173293796.0,csi300,沪深300,3919.1424999999995,3911.1896,3865.523166666667,3871.7607500000004,3856.6253
2025-07-10,3993.42,4010.02,4032.98,3992.52,209778904.0,csi300,沪深300,3925.0335,3916.488,3869.848166666666,3873.6007499999996,3860.5186500000004
2025-07-11,4011.47,4014.81,4065.94,4010.11,262052773.0,csi300,沪深300,3932.565,3922.1212,3874.1093333333333,3875.5584999999996,3864.62795
2025-07-14,4021.21,4017.67,4034.92,4017.67,207917175.0,csi300,沪深300,3939.7585,3927.4179999999997,3878.383333333333,3877.9350833333333,3868.7375
2025-07-15,4023.99,4019.06,4042.66,3994.26,191042931.0,csi300,沪深300,3947.1925,3933.5615999999995,3882.487333333333,3880.4063333333334,3872.90215
2025-07-16,4019.39,4007.2,4027.86,3993.92,151027308.0,csi300,沪深300,3953.804,3938.0644,3886.4036666666666,3881.9618333333337,3877.0758
2025-07-17,4005.07,4034.49,4034.59,4005.07,161249041.0,csi300,沪深300,3963.374,3943.756,3890.7698333333333,3883.949,3881.452
2025-07-18,4039.87,4058.55,4064.64,4039.32,186211063.0,csi300,沪深300,3973.9695,3951.5308,3895.3309999999997,3886.1004166666667,3885.8896999999997
2025-07-21,4069.77,4085.61,4086.12,4063.44,223268476.0,csi300,沪深300,3985.3549999999996,3960.0032,3900.358666666667,3888.3776666666668,3890.3375499999993
2025-07-22,4087.34,4118.96,4119.2,4068.34,257596985.0,csi300,沪深300,3996.1014999999998,3969.9463999999994,3905.8933333333334,3890.7883333333334,3894.9271000000003
2025-07-23,4129.15,4119.77,4155.68,4113.91,300506154.0,csi300,沪深300,4004.0865000000003,3979.7384,3911.4835,3893.1813333333334,3899.4621500000003
2025-07-24,4116.83,4149.04,4152.43,4111.88,319632392.0,csi300,沪深300,4014.2375,3991.9764,3917.5176666666666,3896.1148333333335,3903.4478
2025-07-25,4145.32,4127.16,4150.5,4117.8,273594963.0,csi300,沪深300,4024.5075000000006,4003.1971999999996,3923.2766666666666,3898.8099999999995,3907.07595
2025-07-28,4128.2,4135.82,4146.12,4112.97,222759815.0,csi300,沪深300,4034.4945,4014.3140000000003,3929.2889999999998,3901.3346666666666,3910.02845
2025-07-29,4132.68,4152.02,4153.33,4117.58,230807880.0,csi300,沪深300,4044.9574999999995,4024.2336000000005,3935.6465000000003,3904.1258333333335,3912.2701499999994
2025-07-30,4148.94,4151.24,4185.21,4127.43,249853048.0,csi300,沪深300,4055.3355,4031.8804,3941.3581666666664,3907.0938333333334,3912.9370999999996
2025-07-31,4141.56,4075.59,4141.82,4063.67,267087406.0,csi300,沪深300,4060.7115,4037.0631999999996,3945.424166666666,3909.0335,3912.0345500000003
2025-08-01,4069.93,4054.93,4085.35,4040.46,196221826.0,csi300,沪深300,4064.3479999999995,4042.39,3948.7913333333336,3910.3854166666665,3912.5293
2025-08-04,4037.94,4070.7,4070.7,4037.94,162275902.0,csi300,沪深300,4069.6244999999994,4047.7747999999997,3952.5336666666667,3911.7990833333333,3912.89385
2025-08-05,4080.39,4103.45,4106.3,4075.58,178851999.0,csi300,沪深300,4074.8745000000004,4054.2024,3956.081,3913.6349999999998,3913.9752500000004
2025-08-06,4100.43,4113.49,4116.71,4098.35,176676155.0,csi300,沪深300,4080.9790000000003,4060.9948,3959.7015,3915.248583333333,3914.736
2025-08-07,4120.28,4114.67,4129.74,4094.82,198641902.0,csi300,沪深300,4086.2115,4066.8588,3962.559166666667,3916.9946666666665,3916.0294
2025-08-08,4109.27,4104.97,4122.21,4097.42,173171201.0,csi300,沪深300,4090.7195,4071.7696,3965.8553333333334,3918.3776666666668,3917.3963
2025-08-11,4110.29,4122.51,4134.25,4103.6,190443716.0,csi300,沪深300,4095.9615000000003,4078.0632,3969.7456666666667,3919.8369166666666,3919.06775
2025-08-12,4123.58,4143.83,4153.29,4121.22,177287823.0,csi300,沪深300,4102.2,4083.8783999999996,3974.1903333333335,3921.7623333333336,3920.16075
2025-08-13,4150.5,4176.58,4186.75,4147.2,213934999.0,csi300,沪深300,4110.669,4091.2856,3978.8304999999996,3923.7325,3921.36765
2025-08-14,4179.97,4173.31,4220.31,4165.94,221103595.0,csi300,沪深300,4117.610000000001,4097.8171999999995,3983.1126666666664,3925.76925,3922.4453
2025-08-15,4162.42,4202.35,4214.73,4157.5,261327566.0,csi300,沪深300,4124.8,4105.3188,3987.9206666666664,3927.635166666667,3923.591
2025-08-18,4218.25,4239.41,4272.96,4203.42,301479102.0,csi300,沪深300,4132.49,4114.1884,3993.873,3929.882583333333,3925.1439
2025-08-19,4241.77,4223.37,4264.23,4215.21,250818771.0,csi300,沪深300,4137.710499999999,4122.3608,3999.927333333333,3932.363583333333,3926.47865
2025-08-20,4208.4,4271.4,4272.15,4190.56,246481773.0,csi300,沪深300,4145.292,4132.9288,4007.127333333333,3934.959083333333,3928.01485
2025-08-21,4284.37,4288.07,4308.45,4273.65,259030014.0,csi300,沪深300,4152.2435,4143.072,4014.657833333333,3937.625333333333,3929.8319500000002
2025-08-22,4287.36,4378.0,4378.39,4287.36,290434897.0,csi300,沪深300,4164.7855,4155.85,4023.312833333333,3941.6915833333333,3932.2747
2025-08-25,4416.29,4469.22,4472.65,4404.78,358090006.0,csi300,沪深300,4181.4555,4171.1944,4033.7960000000003,3946.5311666666666,3935.1656
2025-08-26,4453.35,4452.59,4476.8,4435.53,270621395.0,csi300,沪深300,4196.4839999999995,4184.5396,4043.8056666666666,3951.25925,3937.9784500000005
2025-08-27,4458.84,4386.13,4494.91,4386.13,333133898.0,csi300,沪深300,4208.228499999999,4195.194,4052.4288333333334,3955.2889166666664,3940.1853
2025-08-28,4378.04,4463.78,4464.8,4364.17,296834536.0,csi300,沪深300,4227.638,4207.7836,4062.1991666666663,3959.5184166666663,3942.28135
2025-08-29,4455.8,4496.76,4516.84,4452.36,351938947.0,csi300,沪深300,4249.7294999999995,4222.5676,4072.5788333333335,3964.124666666666,3944.64375
2025-09-01,4516.88,4523.71,4528.13,4487.53,320366708.0,csi300,沪深300,4272.38,4238.0832,4083.2198333333336,3969.08225,3946.5338
2025-09-02,4521.98,4490.45,4548.89,4454.42,303932566.0,csi300,沪深300,4291.73,4251.6204,4093.6361666666667,3973.6575000000003,3948.4657999999995
2025-09-03,4501.34,4459.83,4510.73,4427.52,254320217.0,csi300,沪深300,4309.0470000000005,4263.964,4103.056166666666,3978.0958333333333,3950.1093000000005
2025-09-04,4461.25,4365.21,4465.5,4327.51,307934609.0,csi300,沪深300,4321.5740000000005,4275.5488000000005,4110.939666666666,3981.8760833333336,3951.50665
2025-09-05,4365.61,4460.32,4466.56,4350.3,249625657.0,csi300,沪深300,4339.3415,4291.7644,4120.875333333333,3985.657416666667,3953.2538
2025-09-08,4467.17,4467.57,4482.76,4438.07,267638382.0,csi300,沪深300,4356.5945,4307.6392,4130.7715,3989.5805833333334,3955.3935500000002
2025-09-09,4448.74,4436.26,4472.09,4412.69,221375460.0,csi300,沪深300,4371.215999999999,4320.9516,4140.202833333334,3993.15175,3957.7307
2025-09-10,4438.3,4445.36,4466.63,4414.59,203597646.0,csi300,沪深300,4384.655000000001,4334.2264000000005,4149.709333333333,3996.7783333333336,3960.2056
2025-09-11,4438.84,4548.03,4548.03,4427.92,253264051.0,csi300,沪深300,4403.391,4351.5608,4161.458333333333,4001.5536666666667,3963.0613
2025-09-12,4544.59,4522.0,4564.67,4517.79,266442003.0,csi300,沪深300,4419.3735,4368.242,4172.714333333333,4006.6145,3965.7424499999997
2025-09-15,4534.89,4533.06,4566.91,4522.5,231885678.0,csi300,沪深300,4434.056,4384.664000000001,4183.967,4011.599583333333,3968.46125
2025-09-16,4539.92,4523.34,4552.42,4494.79,249269206.0,csi300,沪深300,4449.0545,4399.8444,4194.288833333333,4016.5249166666667,3971.7494499999993
2025-09-17,4517.29,4551.02,4556.03,4503.8,235716472.0,csi300,沪深300,4463.0355,4414.822,4204.138,4021.78875,3975.2641
2025-09-18,4546.03,4498.11,4573.83,4454.99,309859826.0,csi300,沪深300,4473.5375,4427.814,4213.3395,4026.5029166666664,3978.55375
2025-09-19,4499.09,4501.92,4533.09,4491.84,225044000.0,csi300,沪深300,4479.7335,4439.7968,4223.008833333333,4031.3925,3981.52815
2025-09-22,4512.03,4522.61,4523.87,4487.13,196459956.0,csi300,沪深300,4482.403,4451.1248,4232.784333333333,4036.6866666666665,3984.77845
2025-09-23,4536.76,4519.78,4560.73,4459.73,252827062.0,csi300,沪深300,4485.7625,4462.9812,4242.401333333333,4041.954166666667,3987.79445
2025-09-24,4495.27,4566.07,4567.49,4494.11,220482608.0,csi300,沪深300,4494.7595,4474.768,4252.7745,4047.634833333333,3990.88665
2025-09-25,4563.98,4593.49,4613.95,4558.84,229823333.0,csi300,沪深300,4501.245,4486.9848,4263.198166666666,4053.73475,3994.0946499999995
2025-09-26,4576.91,4550.05,4597.85,4550.05,208482114.0,csi300,沪深300,4503.9095,4493.8668,4272.662333333334,4061.739833333333,3997.1921
2025-09-29,4555.03,4620.05,4647.57,4541.43,274358877.0,csi300,沪深300,4508.7265,4499.9,4283.577,4069.8172499999996,4000.6844
2025-09-30,4629.9,4640.69,4647.5,4616.22,247980359.0,csi300,沪深300,4516.2385,4507.424,4294.281,4077.7664166666664,4004.02215
2025-10-09,4662.11,4709.48,4726.34,4651.99,347678696.0,csi300,沪深300,4528.721,4520.358,4306.249,4085.8860833333333,4007.7367
2025-10-10,4679.5,4616.83,4692.59,4600.96,319020899.0,csi300,沪深300,4541.302,4526.48,4316.3625,4093.105333333333,4010.84265
2025-10-13,4490.87,4593.98,4601.81,4490.87,315010354.0,csi300,沪深300,4547.985,4530.3688,4326.015333333334,4100.062333333333,4013.8684000000003
2025-10-14,4634.05,4539.06,4641.45,4520.93,372954030.0,csi300,沪深300,4551.559499999999,4530.9828,4334.705166666667,4106.54425,4016.4211999999998
2025-10-15,4544.24,4606.29,4608.82,4526.83,284771855.0,csi300,沪深300,4560.061,4535.6164,4344.492333333333,4113.489833333333,4019.7867499999998
2025-10-16,4588.92,4618.42,4645.1,4586.28,248235518.0,csi300,沪深300,4568.714,4541.96,4354.6793333333335,4120.5415,4023.3196500000004
2025-10-17,4610.7,4514.23,4618.56,4509.33,256905617.0,csi300,沪深300,4567.023999999999,4547.9208,4362.675,4126.7224166666665,4026.28065
2025-10-20,4558.24,4538.22,4570.44,4520.5,218420405.0,csi300,沪深300,4567.835,4551.0368,4370.6695,4133.00025,4029.2623
2025-10-21,4556.12,4607.87,4615.46,4547.93,215711175.0,csi300,沪深300,4571.575500000001,4556.6488,4379.373833333333,4139.86625,4032.57435
2025-10-22,4576.03,4592.57,4603.49,4567.24,185333960.0,csi300,沪深300,4575.037,4562.9012,4387.267333333333,4146.580333333333,4035.8985
2025-10-23,4578.7,4606.34,4611.34,4541.69,200463917.0,csi300,沪深300,4577.803,4569.3404,4395.376833333333,4153.430166666667,4039.26235
2025-10-24,4622.79,4660.68,4660.68,4622.79,208814483.0,csi300,沪深300,4585.931500000001,4573.846399999999,4403.904166666666,4160.710916666667,4042.6472999999996
2025-10-27,4699.38,4716.02,4720.43,4687.69,262200674.0,csi300,沪深300,4596.6365000000005,4581.6071999999995,4413.7185,4168.497583333334,4046.29925
2025-10-28,4697.73,4691.97,4734.32,4679.23,220906645.0,csi300,沪深300,4605.1044999999995,4587.9636,4422.987666666667,4176.138333333333,4049.8217
2025-10-29,4701.04,4747.84,4747.84,4697.27,246211324.0,csi300,沪深300,4616.507500000001,4596.9436,4432.918000000001,4184.28225,4053.65575
2025-10-30,4735.98,4709.91,4761.83,4706.45,273289118.0,csi300,沪深300,4623.6995,4603.2991999999995,4442.229166666667,4191.7936666666665,4057.21005
2025-10-31,4702.49,4640.67,4706.14,4640.67,281464740.0,csi300,沪深300,4626.058500000001,4609.0016,4451.647166666666,4198.535666666667,4060.73885
2025-11-03,4636.73,4653.4,4653.4,4595.73,239869809.0,csi300,沪深300,4631.226000000001,4615.0608,4461.621666666667,4205.2065,4064.90385
2025-11-04,4649.35,4618.7,4665.32,4595.07,233224032.0,csi300,沪深300,4631.1585,4618.9044,4470.755,4211.644333333334,4069.12155
2025-11-05,4562.11,4627.26,4642.61,4558.76,203045871.0,csi300,沪深300,4630.486999999999,4623.2036,4479.485166666667,4217.783083333334,4073.413
2025-11-06,4642.01,4693.4,4698.09,4642.01,224241008.0,csi300,沪深300,4629.683,4628.2968,4489.150333333333,4224.425916666666,4077.89945
2025-11-07,4673.76,4678.79,4701.37,4666.04,212497377.0,csi300,沪深300,4632.781,4631.7088,4498.552333333334,4230.5557499999995,4082.3473000000004
2025-11-10,4688.12,4695.05,4695.18,4654.21,236026764.0,csi300,沪深300,4637.8345,4637.5088,4508.387000000001,4237.121166666667,4086.92315
2025-11-11,4706.34,4652.17,4707.13,4648.49,186638858.0,csi300,沪深300,4643.49,4638.7936,4517.214666666667,4243.480166666666,4091.5216000000005
2025-11-12,4643.56,4645.91,4669.61,4620.99,209460592.0,csi300,沪深300,4645.471,4639.0024,4525.582666666667,4249.8865,4096.1386
2025-11-13,4643.79,4702.07,4703.49,4643.79,207367474.0,csi300,沪深300,4649.6535,4638.706,4534.340833333333,4256.585666666667,4100.54625
2025-11-14,4663.32,4628.14,4684.26,4628.02,192092676.0,csi300,沪深300,4655.349,4639.158399999999,4541.921333333333,4262.517,4104.7068
2025-11-17,4616.81,4598.05,4624.9,4580.26,188955466.0,csi300,沪深300,4658.3405,4639.3212,4548.516333333333,4268.2185,4108.6951500000005
2025-11-18,4584.79,4568.19,4606.62,4552.8,177713185.0,csi300,沪深300,4656.3565,4640.4864,4553.995999999999,4273.9345,4112.4744
2025-11-19,4568.04,4588.29,4607.86,4568.04,172924974.0,csi300,沪深300,4656.1425,4639.7663999999995,4560.0779999999995,4280.002666666666,4116.26745
2025-11-20,4619.54,4564.95,4620.65,4560.18,194562593.0,csi300,沪深300,4654.073,4637.6276,4564.970499999999,4286.048916666667,4119.92915
2025-11-21,4513.39,4453.61,4527.04,4453.18,222851013.0,csi300,沪深300,4643.7195,4635.2028,4567.7295,4291.193666666667,4123.2121
2025-11-24,4473.16,4448.05,4478.81,4421.81,185833729.0,csi300,沪深300,4630.321,4631.596,4568.897,4296.104916666667,4126.43365
2025-11-25,4475.84,4490.4,4510.77,4467.35,169571929.0,csi300,沪深300,4620.2425,4626.8972,4569.25,4301.522999999999,4129.72135
2025-11-26,4490.2,4517.63,4538.14,4485.7,156200368.0,csi300,沪深300,4608.732,4623.8996,4570.334,4307.069833333333,4133.2241
2025-11-27,4520.01,4515.4,4559.22,4509.86,150311772.0,csi300,沪深300,4599.0065,4620.262,4572.4885,4312.458666666666,4136.8257
2025-11-28,4511.5,4526.66,4531.72,4492.43,142902096.0,csi300,沪深300,4593.306,4614.9012,4573.536499999999,4317.867833333333,4140.24485
2025-12-01,4539.19,4576.49,4576.97,4531.29,200382317.0,csi300,沪深300,4589.460499999999,4609.32,4574.865333333334,4323.722083333333,4143.6638
2025-12-02,4571.91,4554.33,4575.49,4539.43,148493132.0,csi300,沪深300,4586.242,4603.8144,4575.375666666666,4329.29775,4146.930149999999
2025-12-03,4554.59,4531.05,4569.82,4523.5,169762790.0,csi300,沪深300,4581.4315,4595.1428000000005,4576.052333333334,4334.84425,4150.1696999999995
2025-12-04,4533.6,4546.57,4557.42,4514.19,147198110.0,csi300,沪深300,4574.09,4588.6092,4577.497999999999,4340.277083333333,4153.30325
2025-12-05,4547.91,4584.54,4593.83,4535.02,196799968.0,csi300,沪深300,4569.3775000000005,4586.3640000000005,4581.1535,4346.046583333334,4156.70025
2025-12-08,4593.14,4621.75,4640.63,4592.74,199620990.0,csi300,沪深300,4565.7125,4585.098,4583.844,4352.359666666667,4160.11395
2025-12-09,4611.38,4598.22,4628.7,4584.25,184160344.0,csi300,沪深300,4563.015,4584.2788,4586.0215,4358.3965,4163.36805
2025-12-10,4586.25,4591.83,4598.54,4549.08,169111106.0,csi300,沪深300,4560.311,4582.8616,4588.614333333333,4364.408583333334,4166.7633000000005
2025-12-11,4597.19,4552.18,4610.28,4547.14,168419405.0,csi300,沪深300,4552.816499999999,4577.212799999999,4590.394666666666,4370.052,4169.823399999999
2025-12-12,4558.74,4580.95,4583.68,4530.78,212826520.0,csi300,沪深300,4550.456999999999,4573.2991999999995,4590.943333333333,4376.200833333333,4173.08365
2025-12-15,4550.0,4552.06,4595.05,4548.44,167589967.0,csi300,沪深300,4548.1575,4567.5796,4591.444333333333,4382.079333333333,4175.95175
2025-12-16,4542.42,4497.55,4553.08,4484.27,165165201.0,csi300,沪深300,4544.6255,4561.3948,4590.852499999999,4387.409750000001,4178.5909
2025-12-17,4499.77,4579.88,4594.66,4498.93,178424830.0,csi300,沪深300,4544.205,4558.7536,4591.794833333333,4393.041833333334,4181.86205
2025-12-18,4553.98,4552.79,4571.97,4544.14,151681328.0,csi300,沪深300,4543.597,4552.7824,4591.824333333333,4397.9811666666665,4184.8263
2025-12-19,4561.37,4568.18,4591.09,4546.85,154876220.0,csi300,沪深300,4549.3255,4550.384,4592.992166666667,4403.1658333333335,4187.826599999999
2025-12-22,4587.67,4611.62,4615.87,4587.67,165252856.0,csi300,沪深300,4557.503999999999,4550.9268,4594.820500000001,4408.914666666667,4191.43445
2025-12-23,4616.03,4620.73,4644.53,4607.8,169256412.0,csi300,沪深300,4564.0205000000005,4553.028399999999,4596.4558333333325,4414.620083333333,4195.0957499999995
2025-12-24,4623.68,4634.06,4639.43,4602.14,153711241.0,csi300,沪深300,4569.842,4554.859200000001,4598.3605,4420.380916666666,4198.83995
2025-12-25,4629.32,4642.54,4651.15,4621.92,139434186.0,csi300,沪深300,4576.199,4557.9628,4599.634999999999,4426.20475,4202.5398
2025-12-26,4639.79,4657.24,4676.13,4635.11,175396565.0,csi300,沪深300,4582.728,4566.108,4600.6975,4431.947833333334,4206.044800000001
2025-12-29,4658.27,4639.37,4672.04,4629.06,200397133.0,csi300,沪深300,4585.872,4573.7608,4602.186166666667,4437.424249999999,4209.5216
2025-12-30,4617.32,4651.28,4664.33,4616.63,180374974.0,csi300,沪深300,4590.7195,4580.196,4602.706666666666,4443.141833333333,4213.134
2025-12-31,4656.48,4629.94,4667.05,4622.1,170760224.0,csi300,沪深300,4595.664,4584.6884,4602.527499999999,4448.404249999999,4216.5766
2026-01-05,4661.62,4717.75,4721.64,4661.62,234144839.0,csi300,沪深300,4604.223,4592.7824,4602.665333333333,4454.457166666666,4220.5292
2026-01-06,4719.21,4790.69,4790.69,4718.01,296970686.0,csi300,沪深300,4614.5305,4603.3436,4605.562999999999,4460.962750000001,4224.92475
2026-01-07,4796.93,4776.67,4802.6,4751.07,259095564.0,csi300,沪深300,4622.2765,4611.3508,4608.607833333333,4467.311583333333,4228.7753
2026-01-08,4761.01,4737.65,4765.49,4717.01,238804957.0,csi300,沪深300,4629.248,4618.6836,4611.917666666666,4473.311416666666,4232.479600000001
2026-01-09,4725.96,4758.92,4771.43,4719.13,254688038.0,csi300,沪深300,4637.6025,4627.7984,4614.4615,4479.4769166666665,4236.2356
2026-01-12,4769.65,4789.92,4795.93,4737.57,294833165.0,csi300,沪深300,4649.489500000001,4637.5324,4617.319833333332,4485.999583333334,4240.13435
2026-01-13,4798.05,4761.03,4836.95,4745.52,301449497.0,csi300,沪深300,4658.4935,4644.592,4621.433166666667,4492.054083333333,4244.06455
2026-01-14,4767.7,4741.93,4818.1,4720.25,364951023.0,csi300,沪深300,4667.986999999999,4649.3992,4624.828333333334,4497.748916666666,4248.200699999999
2026-01-15,4721.8,4751.43,4769.55,4720.94,254003636.0,csi300,沪深300,4680.6810000000005,4655.527599999999,4627.2210000000005,4503.297416666667,4252.2836
2026-01-16,4778.43,4731.87,4792.55,4715.36,325278929.0,csi300,沪深300,4688.2805,4661.1292,4629.542666666666,4508.405000000001,4256.28145
2026-01-19,4720.19,4734.46,4761.63,4715.09,267612492.0,csi300,沪深300,4697.364,4668.4204,4631.678,4513.527416666667,4260.35695
2026-01-20,4736.91,4718.88,4748.23,4684.97,282719579.0,csi300,沪深300,4704.898999999999,4673.9376,4632.648,4518.276083333333,4264.2893
2026-01-21,4714.55,4723.07,4758.28,4714.24,266353332.0,csi300,沪深300,4710.471500000001,4680.778,4632.7654999999995,4523.241999999999,4268.3288
2026-01-22,4741.75,4723.71,4757.76,4700.45,274199932.0,csi300,沪深300,4715.620499999999,4689.8244,4633.2945,4528.141083333334,4272.5108
2026-01-23,4729.59,4702.5,4734.79,4684.62,314635445.0,csi300,沪深300,4719.0425,4694.7292,4632.538833333333,4532.728416666667,4276.5849
2026-01-26,4715.38,4706.96,4754.18,4693.16,363004481.0,csi300,沪深300,4722.2635,4700.896000000001,4632.489666666666,4537.359416666667,4280.697749999999
2026-01-27,4705.17,4705.69,4736.99,4675.64,301475697.0,csi300,沪深300,4724.686,4706.3964,4633.573333333334,4542.61025,4284.9187
2026-01-28,4725.6,4717.99,4739.63,4697.91,382255602.0,csi300,沪深300,4728.617,4710.6512,4634.649833333333,4548.13575,4290.56145
2026-01-29,4733.09,4753.87,4770.96,4696.05,415513055.0,csi300,沪深300,4733.7465,4715.9768,4636.902666666666,4553.828833333334,4296.077
2026-01-30,4723.08,4706.34,4738.87,4645.47,319786531.0,csi300,沪深300,4737.5665,4718.8679999999995,4638.220666666666,4558.852916666667,4301.17475
2026-02-02,4674.28,4605.98,4716.61,4601.76,304773500.0,csi300,沪深300,4731.978,4717.4056,4636.763666666667,4562.956999999999,4305.52905
2026-02-03,4648.36,4660.11,4662.13,4578.21,265549405.0,csi300,沪深300,4725.449,4717.520399999999,4636.452333333333,4567.502333333334,4310.076999999999
2026-02-04,4647.97,4698.68,4701.48,4641.84,264881032.0,csi300,沪深300,4721.5495,4719.8928,4636.512833333332,4572.4499166666665,4314.7747
2026-02-05,4664.75,4670.42,4687.02,4639.43,237856351.0,csi300,沪深300,4718.188,4720.658399999999,4636.817,4577.015833333333,4319.32065
2026-02-06,4622.97,4643.6,4678.26,4606.64,202716477.0,csi300,沪深300,4712.422,4721.2047999999995,4636.778499999999,4581.180583333333,4323.67455
2026-02-09,4693.67,4719.06,4719.96,4679.9,207251938.0,csi300,沪深300,4708.879,4721.2572,4637.0616666666665,4585.70125,4328.40875
2026-02-10,4718.26,4724.3,4732.09,4713.87,187000958.0,csi300,沪深300,4707.0425,4718.6016,4638.664333333333,4590.292833333334,4333.16765
2026-02-11,4715.67,4713.82,4723.7,4703.69,173391681.0,csi300,沪深300,4705.637000000001,4716.0876,4640.593833333333,4594.555083333334,4337.81235
2026-02-12,4720.01,4719.58,4726.04,4707.74,197841439.0,csi300,沪深300,4704.0445,4715.364799999999,4643.117,4598.5565,4342.4905
2026-02-13,4693.41,4660.41,4703.63,4658.4,189167756.0,csi300,沪深300,4700.4715,4711.4244,4644.3189999999995,4602.1984999999995,4346.85815
2026-02-24,4727.3,4707.54,4727.37,4698.35,218488890.0,csi300,沪深300,4699.1255,4708.1292,4646.695500000001,4605.833,4351.47405
2026-02-25,4713.58,4735.89,4766.56,4713.34,284268354.0,csi300,沪深300,4699.976000000001,4707.123600000001,4651.400166666667,4609.564833333334,4356.21855
2026-02-26,4741.39,4726.87,4742.15,4706.69,234847644.0,csi300,沪深300,4700.165999999999,4706.5212,4656.047166666667,4612.472083333333,4360.9448
2026-02-27,4698.3,4710.65,4721.01,4692.89,261420865.0,csi300,沪深300,4699.513000000001,4704.89,4659.717999999999,4614.484,4365.62265
2026-03-02,4681.01,4728.67,4735.41,4667.28,349260752.0,csi300,沪深300,4700.8215,4704.762,4663.235333333333,4616.7846666666655,4370.41315
2026-03-03,4737.32,4655.9,4744.6,4651.4,370624272.0,csi300,沪深300,4698.2685,4701.6196,4665.577,4619.03275,4374.64995
2026-03-04,4609.19,4602.62,4639.42,4575.82,303035666.0,csi300,沪深300,4693.115,4696.9692,4666.843,4620.1897500000005,4378.5049
2026-03-05,4651.94,4647.69,4671.53,4630.3,259317825.0,csi300,沪深300,4689.6,4693.954000000001,4668.029666666666,4621.447499999999,4382.47885
2026-03-06,4621.49,4660.44,4671.71,4612.79,238527926.0,csi300,沪深300,4684.9285,4691.4232,4669.7981666666665,4622.586916666667,4386.550249999999
2026-03-09,4600.25,4615.46,4625.98,4548.97,322787617.0,csi300,沪深300,4680.3845,4687.9416,4671.205,4623.6286666666665,4390.1745
2026-03-10,4648.79,4674.76,4677.6,4648.79,263903748.0,csi300,沪深300,4683.8235,4686.6536,4673.3415,4625.41975,4394.067
2026-03-11,4681.03,4704.5,4711.87,4674.71,270175443.0,csi300,沪深300,4686.043,4686.606000000001,4675.340833333334,4628.247166666666,4397.87345
2026-03-12,4700.72,4687.56,4704.38,4654.31,302986816.0,csi300,沪深300,4685.486999999999,4685.3888,4676.437666666667,4630.140833333334,4401.77525
2026-03-13,4669.06,4669.14,4707.42,4659.5,310772009.0,csi300,沪深300,4685.423,4681.9996,4677.6196666666665,4631.820583333334,4405.6755
2026-03-16,4669.22,4671.56,4673.69,4621.81,296215070.0,csi300,沪深300,4686.821000000001,4680.6084,4678.9484999999995,4633.781416666667,4409.64755
2026-03-17,4685.57,4637.44,4720.86,4637.37,263021913.0,csi300,沪深300,4682.74,4681.8668,4680.3695,4635.382083333334,4413.3439
2026-03-18,4648.75,4658.33,4662.29,4604.52,234690705.0,csi300,沪深300,4679.4415,4681.7956,4681.659166666666,4636.30125,4417.05365
2026-03-19,4611.44,4583.25,4634.55,4570.39,254130449.0,csi300,沪深300,4672.913,4677.178400000001,4682.179,4636.8116666666665,4420.40055
2026-03-20,4602.82,4567.02,4628.71,4563.07,257873703.0,csi300,沪深300,4665.285,4673.0424,4683.336833333334,4637.094666666667,4423.8243
2026-03-23,4499.1,4418.0,4514.72,4397.57,328081945.0,csi300,沪深300,4653.164500000001,4664.0184,4680.638833333333,4636.216833333334,4426.61375
2026-03-24,4458.91,4474.72,4474.83,4394.29,255532517.0,csi300,沪深300,4641.5235,4654.2447999999995,4679.337666666667,4635.581,4429.790349999999
2026-03-25,4506.62,4537.47,4542.18,4502.03,262639279.0,csi300,沪深300,4631.6025,4646.7716,4678.825833333333,4635.909,4433.2965
2026-03-26,4525.33,4477.53,4541.05,4468.96,213736788.0,csi300,沪深300,4619.1355,4637.32,4676.590999999999,4635.705749999999,4436.390649999999
2026-03-27,4431.5,4502.57,4519.89,4431.42,192400388.0,csi300,沪深300,4608.7315,4628.6396,4674.621666666667,4635.538749999999,4439.70235
2026-03-30,4461.74,4491.95,4496.41,4447.14,209293092.0,csi300,沪深300,4596.8955000000005,4621.9012,4672.253166666666,4635.306833333334,4442.90205
2026-03-31,4491.92,4450.05,4523.17,4450.05,224541585.0,csi300,沪深300,4586.603,4611.6016,4669.045,4634.34,4445.8086
2026-04-01,4517.27,4526.07,4532.11,4492.05,216483196.0,csi300,沪深300,4582.775500000001,4603.2088,4666.858833333333,4633.778166666667,4449.05115
2026-04-02,4514.44,4478.91,4519.69,4459.61,190992161.0,csi300,沪深300,4574.3365,4593.2904,4664.184499999999,4633.185333333333,4452.0758000000005
2026-04-03,4492.85,4440.79,4494.46,4437.6,168321705.0,csi300,沪深300,4563.354,4582.496,4660.676333333334,4631.6915,4454.8535
2026-04-07,4445.86,4440.62,4458.93,4420.69,162638787.0,csi300,沪深300,4554.611999999999,4570.974,4657.521,4630.0242499999995,4457.72925
2026-04-08,4517.34,4595.56,4595.56,4513.77,253339213.0,csi300,沪深300,4550.652,4568.560399999999,4655.4845000000005,4629.0749166666665,4461.233899999999
2026-04-09,4562.67,4566.22,4579.2,4552.42,184939783.0,csi300,沪深300,4543.738,4567.1044,4651.743333333333,4628.653166666667,4464.604
2026-04-10,4594.95,4636.57,4655.1,4590.11,208678605.0,csi300,沪深300,4541.1885,4566.6596,4649.408333333334,4629.008083333334,4468.46595
2026-04-13,4615.13,4646.15,4653.4,4615.13,196712277.0,csi300,沪深300,4540.039,4566.088,4647.883333333333,4629.9005,4472.3277
2026-04-14,4676.12,4701.28,4701.28,4654.85,204700332.0,csi300,沪深300,4541.525,4569.5208,4646.922666666666,4630.692083333332,4476.4822
2026-04-15,4726.64,4685.25,4731.27,4672.56,201688500.0,csi300,沪深300,4543.9155,4569.9403999999995,4645.178166666667,4631.249,4480.533600000001
2026-04-16,4694.43,4736.61,4739.22,4689.41,192057600.0,csi300,沪深300,4547.8295,4571.2248,4644.771166666667,4633.102166666667,4485.0012
2026-04-17,4729.0,4728.67,4738.32,4714.47,182915336.0,csi300,沪深300,4555.1005000000005,4572.8692,4644.550166666667,4634.689249999999,4489.41135
2026-04-20,4727.17,4757.44,4763.04,4720.69,221633494.0,csi300,沪深300,4564.621499999999,4576.4012,4644.650333333334,4635.935666666666,4493.90905
2026-04-21,4750.51,4768.0,4776.83,4722.01,205614058.0,csi300,沪深300,4582.121499999999,4580.2588,4645.2525000000005,4637.397583333333,4498.2289
2026-04-22,4751.28,4799.63,4801.45,4750.35,204481830.0,csi300,沪深300,4598.367,4586.7464,4646.3386666666665,4639.008333333333,4502.4267
2026-04-23,4816.03,4786.33,4823.47,4759.86,232865736.0,csi300,沪深300,4610.8099999999995,4591.8664,4647.462833333334,4640.055416666667,4506.62825
2026-04-24,4771.73,4769.37,4786.44,4735.61,193798314.0,csi300,沪深300,4625.402,4599.3112,4648.2345000000005,4640.5,4510.8663
2026-04-27,4776.34,4770.95,4795.17,4762.64,192796550.0,csi300,沪深300,4638.821,4607.4684,4649.021833333333,4641.158166666666,4515.040649999999
2026-04-28,4757.08,4758.21,4778.19,4743.44,216724233.0,csi300,沪深300,4652.134,4621.0768,4649.950333333333,4641.244583333333,4519.1179
2026-04-29,4737.58,4810.35,4813.61,4737.11,233298110.0,csi300,沪深300,4670.149,4634.502,4651.6735,4642.081583333334,4523.45125
2026-04-30,4820.97,4807.31,4829.27,4797.54,250633370.0,csi300,沪深300,4684.211,4645.2956,4653.367166666666,4643.470249999999,4527.64745
2026-05-06,4857.65,4877.09,4892.8,4834.28,274443880.0,csi300,沪深300,4704.12,4661.278,4656.0188333333335,4645.334333333333,4532.1219
2026-05-07,4895.8,4900.51,4901.86,4866.87,257833972.0,csi300,沪深300,4727.106,4677.1956,4658.462833333334,4647.682749999999,4536.7986
2026-05-08,4871.12,4871.91,4887.21,4849.99,251720996.0,csi300,沪深300,4748.6705,4692.394,4661.222333333333,4649.7215,4541.1659
2026-05-11,4902.28,4951.84,4960.4,4889.57,305734801.0,csi300,沪深300,4766.4845,4712.4655999999995,4666.986666666667,4651.875166666666,4545.9681
2026-05-12,4965.02,4948.05,4971.3,4926.79,273812001.0,csi300,沪深300,4785.576,4729.344800000001,4671.785666666667,4654.119000000001,4550.6582499999995
2026-05-13,4919.42,4998.34,5001.12,4919.42,268454537.0,csi300,沪深300,4803.6645,4750.122,4676.780000000001,4656.6464166666665,4555.5759
2026-05-14,5027.64,4914.6,5030.52,4913.6,280695379.0,csi300,沪深300,4817.087,4769.0744,4680.849666666666,4658.833333333333,4560.06055
2026-05-15,4911.62,4859.59,4935.62,4832.69,276967769.0,csi300,沪深300,4825.0025000000005,4785.8332,4684.449500000001,4660.6140000000005,4564.2632
2026-05-18,4836.33,4833.52,4868.6,4806.15,239077587.0,csi300,沪深300,4832.416,4795.3516,4686.357166666667,4661.709416666667,4568.3948
2026-05-19,4818.71,4852.88,4854.52,4773.53,232280852.0,csi300,沪深300,4838.2295,4806.818,4688.500166666667,4663.58225,4572.48675
2026-05-20,4829.61,4850.7,4866.21,4825.64,220023206.0,csi300,沪深300,4844.331,4815.3832,4690.7815,4665.687666666667,4576.4475
2026-05-21,4886.24,4783.1,4937.93,4780.71,287342507.0,csi300,沪深300,4845.6140000000005,4820.8612,4691.840166666666,4667.478583333333,4579.934950000001
2026-05-22,4818.84,4845.1,4851.35,4785.35,286940435.0,csi300,沪深300,4849.469,4826.6140000000005,4694.918333333334,4669.618666666666,4583.5656500000005
2026-05-25,4873.2,4921.6,4922.44,4857.13,264743236.0,csi300,沪深300,4855.5675,4836.068,4698.486,4672.59075,4587.574799999999
2026-05-26,4900.12,4947.85,4952.74,4892.68,302799476.0,csi300,沪深300,4863.6435,4844.5176,4702.018666666667,4676.709416666667,4591.56885
2026-05-27,4940.95,4908.17,4974.21,4891.34,301709175.0,csi300,沪深300,4870.583500000001,4851.6976,4705.040333333333,4680.54375,4595.4739
2026-05-28,4889.27,4914.21,4922.33,4843.23,267432731.0,csi300,沪深300,4877.7465,4857.968400000001,4708.433000000001,4684.075500000001,4599.36585
2026-05-29,4937.51,4892.12,4954.07,4878.79,332518610.0,csi300,沪深300,4884.442,4862.9332,4711.157166666668,4687.19625,4603.06635
2026-06-01,4897.9,4844.26,4918.79,4836.69,296134051.0,csi300,沪深300,4886.1375,4864.7184,4714.2964999999995,4689.93675,4606.53145
2026-06-02,4860.61,4914.56,4930.28,4832.0,281731662.0,csi300,沪深300,4891.5,4869.847600000001,4719.495500000001,4693.16925,4610.7263
2026-06-03,4921.34,4938.81,4991.85,4904.9,304035947.0,csi300,沪深300,4894.586,4876.6252,4724.347500000001,4696.188583333334,4615.1457
2026-06-04,4897.32,4904.75,4938.78,4889.75,264808910.0,csi300,沪深300,4894.798000000001,4881.9772,4728.419333333334,4699.10875,4619.31595
2026-06-05,4886.96,4816.92,4924.34,4798.91,301929336.0,csi300,沪深300,4892.0485,4884.3256,4731.777,4701.490999999999,4622.8833
2026-06-08,4703.77,4713.64,4779.86,4677.57,299647565.0,csi300,沪深300,4880.1385,4880.457200000001,4732.425,4702.88325,4625.884050000001
2026-06-09,4743.45,4801.81,4802.5,4715.39,258391601.0,csi300,沪深300,4872.826500000001,4880.2372000000005,4734.046833333333,4704.693833333334,4629.31975
2026-06-10,4753.12,4748.59,4786.52,4718.99,259297109.0,csi300,沪深300,4860.339000000001,4875.0972,4735.063999999999,4705.7508333333335,4632.53785
2026-06-11,4730.07,4722.41,4766.17,4685.5,247177059.0,csi300,沪深300,4850.7295,4867.9732,4735.951833333334,4706.78575,4635.53735
2026-06-12,4784.64,4777.32,4809.86,4757.56,335922063.0,csi300,沪深300,4846.616,4864.189600000001,4737.714500000001,4708.3315,4638.7048
2026-06-15,4829.29,4891.71,4892.55,4803.18,331316076.0,csi300,沪深300,4849.525500000001,4861.7844000000005,4741.952333333334,4711.160916666667,4642.28045
2026-06-16,4894.88,4884.23,4908.28,4866.06,282584743.0,csi300,沪深300,4851.093,4859.2316,4745.717333333334,4713.688250000001,4645.83505
2026-06-17,4859.7,4931.39,4933.93,4859.7,276053950.0,csi300,沪深300,4855.1275000000005,4856.5536,4751.519666666666,4716.849333333334,4649.4802500000005
2026-06-18,4916.04,4941.6,4976.89,4916.04,334459902.0,csi300,沪深300,4863.0525,4857.6336,4757.7626666666665,4720.54975,4652.9912
2026-06-22,4949.35,5059.66,5061.51,4928.46,375100124.0,csi300,沪深300,4873.7805,4865.6364,4768.456999999999,4724.547916666666,4657.17265
2026-06-23,5048.03,4919.39,5064.27,4892.09,342719336.0,csi300,沪深300,4873.67,4869.0712,4775.868166666667,4727.602916666667,4660.4126
2026-06-24,4900.38,4943.02,4953.23,4892.27,312249025.0,csi300,沪深300,4873.4285,4872.6768,4782.627333333334,4730.726583333333,4663.68735
2026-06-25,4950.98,5020.1,5032.0,4944.88,346664289.0,csi300,沪深300,4879.025,4879.4528,4791.670166666667,4734.130583333333,4666.89785
2026-06-26,4981.83,4868.22,4981.98,4845.19,341179238.0,csi300,沪深300,4876.7255000000005,4882.8576,4797.7643333333335,4736.193,4668.89285
2026-06-29,4866.04,4926.92,4928.6,4827.15,323216134.0,csi300,沪深300,4878.4655,4886.1304,4805.013833333333,4738.6335,4671.2645
2026-06-30,4914.49,4979.43,4987.56,4914.49,306150226.0,csi300,沪深300,4885.224,4888.4436000000005,4813.836833333334,4741.440916666667,4674.231
2026-07-01,4972.69,4958.98,5017.38,4925.63,342934747.0,csi300,沪深300,4887.445000000001,4888.8888,4821.052,4743.955416666667,4676.706999999999
2026-07-02,4865.17,4812.3,4896.99,4800.48,343243758.0,csi300,沪深300,4881.1195,4885.054,4826.6085,4745.396500000001,4678.2847
2026-07-03,4809.5,4842.17,4890.97,4809.5,301067568.0,csi300,沪深300,4877.9905,4882.1723999999995,4833.2981666666665,4746.98725,4679.877
2026-07-06,4868.54,4842.0,4878.32,4789.8,294050543.0,csi300,沪深300,4879.244500000001,4880.1676,4839.987833333334,4748.754416666667,4681.63475
2026-07-07,4813.87,4792.26,4839.51,4756.73,246305999.0,csi300,沪深300,4883.1755,4878.0876,4843.266166666666,4749.375333333333,4683.2969
2026-07-08,4804.48,4755.53,4830.05,4751.4,243928749.0,csi300,沪深300,4880.8615,4871.7264000000005,4846.421333333334,4749.082333333334,4685.2485
2026-07-09,4774.4,4876.31,4882.85,4734.87,281627705.0,csi300,沪深300,4887.2474999999995,4869.2264000000005,4850.417,4749.912666666666,4687.32845
2026-07-10,4887.54,4780.79,4906.49,4780.75,304130286.0,csi300,沪深300,4890.1665,4864.268,4852.660999999999,4750.272166666667,4688.89455
2026-07-13,4745.44,4695.38,4775.24,4670.25,278634853.0,csi300,沪深300,4886.0695,4859.4064,4852.562666666667,4749.742666666667,4690.190149999999
2026-07-14,4691.12,4796.5,4796.5,4649.04,283250986.0,csi300,沪深300,4881.308999999999,4862.7208,4854.416833333334,4749.7975,4691.94585
2026-07-15,4797.94,4786.78,4826.86,4772.04,278692669.0,csi300,沪深300,4876.4365,4862.1196,4855.253,4750.012083333334,4693.1395999999995
2026-07-16,4711.53,4698.43,4771.06,4673.35,251560977.0,csi300,沪深300,4864.788500000001,4860.1132,4854.749,4749.649583333333,4694.02175
2026-07-17,4661.62,4529.1,4663.53,4492.09,302629886.0,csi300,沪深300,4844.1635,4852.3808,4850.943333333333,4747.796833333333,4694.00195
2026-07-20,4575.67,4598.32,4628.8,4521.18,333116058.0,csi300,沪深300,4821.096500000001,4845.2208,4848.115333333333,4746.683916666666,4694.37685
2026-07-21,4630.85,4739.23,4739.23,4566.28,345403590.0,csi300,沪深300,4812.0885,4839.1216,4847.108666666667,4746.723666666667,4695.3179
2026-07-22,4710.66,4717.24,4772.08,4692.83,285556357.0,csi300,沪深300,4800.7995,4832.441999999999,4845.957166666668,4746.71,4696.41355
2026-07-23,4735.17,4728.0,4737.51,4698.87,247331675.0,csi300,沪深300,4786.1945,4824.3063999999995,4845.267666666667,4746.751083333334,4697.54395
2026-07-24,4685.41,4649.19,4704.08,4642.94,221261212.0,csi300,沪深300,4775.243,4812.61,4843.238333333334,4746.1300833333335,4698.17685
2026-07-27,4656.03,4702.43,4702.52,4615.53,204786941.0,csi300,沪深300,4764.0185,4798.3208,4842.308666666667,4746.129499999999,4699.0901
2026-07-28,4623.8,4569.52,4646.49,4552.23,215705045.0,csi300,沪深300,4743.523,4784.326,4838.294833333334,4744.984166666666,4699.10735
2026-07-29,4582.09,4600.26,4626.71,4516.32,248082357.0,csi300,沪深300,4725.5869999999995,4770.6156,4834.844,4744.105583333334,4699.1412
2026-07-30,4566.05,4549.72,4596.21,4478.21,274651130.0,csi300,沪深300,4712.4580000000005,4751.8004,4829.387833333333,4742.703333333333,4699.13955
2026-07-31,4623.85,4588.2,4635.59,4588.2,279243698.0,csi300,沪深300,4699.759499999999,4740.5996000000005,4824.182666666667,4741.32275,4698.980299999999
