date,open,close,high,low,amount,instrument_key,instrument_name,ma20,ma25,ma60,ma120,ma200
2005-01-04,996.38,981.56,996.38,979.59,1803026.0,dividend,中证红利,,,,,
2005-01-05,981.11,986.54,990.85,977.48,1646496.0,dividend,中证红利,,,,,
2005-01-06,987.01,975.53,987.01,972.49,1600631.0,dividend,中证红利,,,,,
2005-01-07,975.58,980.72,987.92,973.38,1740062.0,dividend,中证红利,,,,,
2005-01-10,979.75,989.53,989.53,975.96,1478433.0,dividend,中证红利,,,,,
2005-01-11,989.48,990.28,993.73,986.62,1316372.0,dividend,中证红利,,,,,
2005-01-12,988.4,989.82,989.82,983.75,1167831.0,dividend,中证红利,,,,,
2005-01-13,989.48,989.73,991.91,985.54,1423338.0,dividend,中证红利,,,,,
2005-01-14,989.97,984.76,997.38,983.34,1417698.0,dividend,中证红利,,,,,
2005-01-17,976.16,961.33,976.89,960.21,1904201.0,dividend,中证红利,,,,,
2005-01-18,960.48,965.39,965.39,951.74,1906761.0,dividend,中证红利,,,,,
2005-01-19,964.37,959.25,964.37,957.16,1533623.0,dividend,中证红利,,,,,
2005-01-20,955.12,949.45,955.12,945.4,1905641.0,dividend,中证红利,,,,,
2005-01-21,948.03,976.92,976.92,944.14,3368311.0,dividend,中证红利,,,,,
2005-01-24,987.64,992.22,992.35,980.46,3568089.0,dividend,中证红利,,,,,
2005-01-25,989.75,994.67,994.67,979.74,2561392.0,dividend,中证红利,,,,,
2005-01-26,989.92,988.22,995.89,987.33,2019910.0,dividend,中证红利,,,,,
2005-01-27,987.63,976.56,987.63,976.43,1683223.0,dividend,中证红利,,,,,
2005-01-28,976.56,969.62,976.56,966.09,1602798.0,dividend,中证红利,,,,,
2005-01-31,967.01,959.1,968.11,957.24,1740439.0,dividend,中证红利,978.0600000000001,,,,
2005-02-01,957.8,962.42,969.47,957.8,1962630.0,dividend,中证红利,977.1029999999998,,,,
2005-02-02,963.16,1012.53,1012.53,963.16,4783079.0,dividend,中证红利,978.4025000000001,,,,
2005-02-03,1013.1,1004.11,1022.55,1003.76,5091645.0,dividend,中证红利,979.8314999999999,,,,
2005-02-04,1002.83,1027.26,1030.93,999.46,4947802.0,dividend,中证红利,982.1585000000001,,,,
2005-02-16,1033.08,1034.99,1044.29,1027.75,3744123.0,dividend,中证红利,984.4314999999999,984.1003999999999,,,
2005-02-17,1035.38,1028.54,1035.38,1021.77,2554155.0,dividend,中证红利,986.3444999999999,985.9795999999999,,,
2005-02-18,1028.25,1013.78,1029.39,1013.56,2082336.0,dividend,中证红利,987.5424999999999,987.0692000000001,,,
2005-02-21,1013.86,1032.69,1032.69,1013.86,2433877.0,dividend,中证红利,989.6905,989.3556,,,
2005-02-22,1033.6,1054.21,1055.26,1031.81,4835340.0,dividend,中证红利,993.1629999999999,992.2952,,,
2005-02-23,1053.5,1054.11,1058.18,1045.54,5052965.0,dividend,中证红利,997.802,994.8783999999999,,,
2005-02-24,1052.49,1053.41,1053.41,1042.14,4138900.0,dividend,中证红利,1002.2030000000001,997.4036,,,
2005-02-25,1054.4,1053.84,1066.88,1053.84,4888024.0,dividend,中证红利,1006.9325000000001,999.9644000000001,,,
2005-02-28,1053.11,1047.24,1055.34,1043.31,3272423.0,dividend,中证红利,1011.8220000000001,1002.2648000000002,,,
2005-03-01,1045.88,1040.56,1047.61,1037.66,2697801.0,dividend,中证红利,1015.0039999999999,1004.4967999999999,,,
2005-03-02,1040.96,1023.22,1048.28,1022.85,4181711.0,dividend,中证红利,1016.5540000000001,1006.9724000000001,,,
2005-03-03,1021.64,1031.41,1031.41,1016.94,2627079.0,dividend,中证红利,1018.391,1009.6132000000001,,,
2005-03-04,1031.85,1027.52,1034.04,1025.95,2250483.0,dividend,中证红利,1020.3560000000001,1012.344,,,
2005-03-07,1027.95,1033.63,1033.97,1027.2,2348207.0,dividend,中证红利,1023.2095000000002,1015.7112,,,
2005-03-08,1037.08,1054.1,1054.1,1036.59,3978785.0,dividend,中证红利,1027.4335,1018.7984,,,
2005-03-09,1056.38,1054.37,1059.85,1048.58,3809243.0,dividend,中证红利,1032.197,1021.2844,,,
2005-03-10,1053.92,1027.82,1053.92,1025.86,3192543.0,dividend,中证红利,1035.467,1022.6103999999999,,,
2005-03-11,1026.62,1031.73,1033.16,1022.37,2943609.0,dividend,中证红利,1036.427,1024.3508,,,
2005-03-14,1031.77,1038.42,1047.73,1021.33,3904772.0,dividend,中证红利,1038.1425000000002,1026.8252,,,
2005-03-15,1038.5,1018.74,1038.5,1017.26,3227114.0,dividend,中证红利,1037.7165,1028.79,,,
2005-03-16,1017.91,1008.53,1017.91,1002.8,2649760.0,dividend,中证红利,1036.3935000000001,1030.7672,,,
2005-03-17,1008.12,996.6,1008.12,995.95,2554289.0,dividend,中证红利,1034.7965,1032.1344,,,
2005-03-18,996.04,984.56,999.17,981.78,2615286.0,dividend,中证红利,1033.3355000000001,1031.0156,,,
2005-03-21,984.11,990.67,991.2,982.63,2135654.0,dividend,中证红利,1031.2345,1030.478,,,
2005-03-22,990.78,976.08,990.78,971.68,3057238.0,dividend,中证红利,1027.328,1028.4308,,,
2005-03-23,975.37,970.32,983.44,966.86,2970376.0,dividend,中证红利,1023.1385,1025.844,,,
2005-03-24,969.29,976.58,976.58,960.83,2320949.0,dividend,中证红利,1019.2969999999999,1023.7656,,,
2005-03-25,976.09,975.01,979.6,972.06,1863831.0,dividend,中证红利,1015.3555,1022.2148000000001,,,
2005-03-28,974.21,973.51,974.21,962.31,1703052.0,dividend,中证红利,1011.6690000000001,1019.8475999999999,,,
2005-03-29,973.35,968.58,981.08,968.54,1738829.0,dividend,中证红利,1008.07,1016.4224,,,
2005-03-30,966.74,952.3,966.74,952.3,2237410.0,dividend,中证红利,1004.524,1012.35,,,
2005-03-31,950.02,956.04,956.04,941.67,2046595.0,dividend,中证红利,1000.7555,1008.4552,,,
2005-04-01,955.27,990.51,1001.86,951.55,4537031.0,dividend,中证红利,998.905,1005.922,,,
2005-04-04,981.62,972.74,984.58,972.74,3188298.0,dividend,中证红利,995.8605000000001,1002.942,,,
2005-04-05,970.95,963.35,976.11,962.7,2515006.0,dividend,中证红利,991.323,999.8536,,,
2005-04-06,963.35,978.03,979.7,956.96,4083629.0,dividend,中证红利,987.506,998.0459999999999,999.2543333333334,,
2005-04-07,978.78,985.12,1001.03,975.64,5436536.0,dividend,中证红利,985.3710000000001,996.1944,999.3136666666667,,
2005-04-08,984.79,1002.47,1002.47,980.54,3370496.0,dividend,中证红利,983.908,995.1923999999999,999.5791666666667,,
2005-04-11,1002.88,995.76,1004.16,992.6,4122860.0,dividend,中证红利,981.775,993.6776000000001,999.9163333333333,,
2005-04-12,993.25,981.1,993.25,980.79,2621108.0,dividend,中证红利,979.893,990.7575999999999,999.9226666666667,,
2005-04-13,987.87,1003.32,1007.61,987.87,4624197.0,dividend,中证红利,979.6324999999999,988.7156,1000.1525,,
2005-04-14,1007.81,995.38,1007.81,994.5,3441118.0,dividend,中证红利,979.5715,987.418,1000.2375,,
2005-04-15,992.32,983.89,992.32,981.46,2939216.0,dividend,中证红利,979.5379999999999,985.5044,1000.1386666666666,,
2005-04-18,981.4,971.47,981.4,967.38,2590071.0,dividend,中证红利,978.5780000000001,982.8264,999.8343333333333,,
2005-04-19,970.77,973.61,974.97,966.78,2790391.0,dividend,中证红利,978.4545,981.0212000000001,999.6484999999999,,
2005-04-20,973.09,966.07,973.09,960.2,2140673.0,dividend,中证红利,978.242,979.3228,999.7274999999998,,
2005-04-21,964.91,958.31,969.64,955.99,2343224.0,dividend,中证红利,977.3285,977.7912,999.6095,,
2005-04-22,957.23,956.41,960.69,952.05,2347712.0,dividend,中证红利,976.3984999999999,976.6651999999999,999.5621666666666,,
2005-04-25,949.31,944.96,951.32,937.75,2788243.0,dividend,中证红利,974.9710000000001,974.8368,999.4873333333333,,
2005-04-26,944.24,947.9,954.29,938.85,2633382.0,dividend,中证红利,973.9369999999999,973.7095999999999,999.0036666666667,,
2005-04-27,942.75,932.02,943.35,931.47,3360203.0,dividend,中证红利,972.923,972.1776,998.0003333333334,,
2005-04-28,928.07,941.7,942.26,921.26,3933568.0,dividend,中证红利,972.2059999999999,970.7824,997.1175000000001,,
2005-04-29,940.95,932.53,942.68,930.92,2707866.0,dividend,中证红利,969.307,969.0831999999999,996.1893333333334,,
2005-05-09,933.78,911.56,933.78,911.1,2551835.0,dividend,中证红利,966.2479999999999,966.6052000000001,995.1059999999999,,
2005-05-10,909.85,916.11,916.11,897.33,2395768.0,dividend,中证红利,963.8860000000001,964.5064,994.2141666666666,,
2005-05-11,915.27,905.32,918.81,904.75,2086185.0,dividend,中证红利,960.2505000000001,962.6272,993.3178333333333,,
2005-05-12,904.01,885.87,904.39,885.25,3229601.0,dividend,中证红利,955.2879999999999,959.8204,992.0419999999999,,
2005-05-13,883.9,883.51,896.48,874.96,3642882.0,dividend,中证红利,949.3400000000001,955.5404000000001,989.8916666666667,,
2005-05-16,882.4,873.69,882.4,864.43,2594420.0,dividend,中证红利,943.2365,951.5784,987.718,,
2005-05-17,871.59,880.58,885.16,867.75,2759067.0,dividend,中证红利,938.2104999999999,948.2676000000001,985.2733333333333,,
2005-05-18,878.78,878.8,886.09,870.36,2129297.0,dividend,中证红利,931.9845000000001,944.2984000000001,982.6701666666667,,
2005-05-19,877.8,878.11,879.37,863.83,2660619.0,dividend,中证红利,926.1210000000001,940.018,980.163,,
2005-05-20,876.65,876.41,882.03,872.31,1934573.0,dividend,中证红利,920.7470000000001,934.9756000000001,977.8734999999999,,
2005-05-23,872.47,852.18,872.47,851.81,2085379.0,dividend,中证红利,914.7824999999999,929.2323999999999,974.865,,
2005-05-24,849.74,852.25,854.08,838.42,3136724.0,dividend,中证红利,908.7144999999998,924.0784,971.4989999999999,,
2005-05-25,851.51,850.88,855.91,845.37,2026039.0,dividend,中证红利,902.9549999999999,917.9808,968.1118333333335,,
2005-05-26,849.76,840.5,855.79,839.12,1926151.0,dividend,中证红利,897.0645000000001,911.7855999999999,964.5633333333334,,
2005-05-27,838.7,833.56,843.66,832.59,2063059.0,dividend,中证红利,890.9220000000001,905.7724000000001,960.892,,
2005-05-30,832.05,839.14,840.15,828.17,2064391.0,dividend,中证红利,885.631,900.4792,957.4236666666667,,
2005-05-31,841.07,841.31,847.82,838.82,2139658.0,dividend,中证红利,880.3015000000001,895.1872,954.1028333333333,,
2005-06-01,840.95,824.39,844.9,824.39,2242359.0,dividend,中证红利,874.9200000000001,889.52,950.789,,
2005-06-02,823.17,808.13,823.17,802.93,2718303.0,dividend,中证红利,868.2414999999999,883.5128,947.0676666666667,,
2005-06-03,806.45,803.47,807.84,794.31,2021859.0,dividend,中证红利,861.7885,877.3952,943.3335000000001,,
2005-06-06,802.19,819.9,819.9,792.43,2572275.0,dividend,中证红利,857.2055,872.3928,939.7713333333334,,
2005-06-07,822.83,818.32,837.72,817.94,3503229.0,dividend,中证红利,852.316,867.2096,935.8416666666667,,
2005-06-08,826.72,886.63,887.93,826.72,9135309.0,dividend,中证红利,851.3815000000001,865.3940000000001,933.046,,
2005-06-09,887.3,891.89,907.03,881.13,9156177.0,dividend,中证红利,851.6825000000001,863.4016,930.7805000000001,,
2005-06-10,891.82,875.38,891.82,872.1,5367834.0,dividend,中证红利,851.2760000000001,861.1156,928.1746666666666,,
2005-06-13,868.02,867.3,872.6,851.75,4199614.0,dividend,中证红利,850.9565,859.3452000000001,925.3226666666667,,
2005-06-14,869.22,862.26,880.1,862.03,4134762.0,dividend,中证红利,850.0405000000001,857.1912,922.7146666666667,,
2005-06-15,860.45,849.04,860.45,847.56,3092527.0,dividend,中证红利,848.5525,854.94,920.0565,,
2005-06-16,846.9,857.33,857.33,840.76,3097209.0,dividend,中证红利,847.5135,853.7984,917.7353333333333,,
2005-06-17,864.02,863.76,867.63,859.66,5400597.0,dividend,中证红利,846.881,853.0083999999999,915.722,,
2005-06-20,863.85,885.11,885.11,856.52,4572358.0,dividend,中证红利,848.5274999999999,853.4652000000001,913.9626666666667,,
2005-06-21,885.92,875.99,885.92,874.33,3282121.0,dividend,中证红利,849.7145,853.2816,912.2945,,
2005-06-22,874.33,875.62,876.21,869.03,2935341.0,dividend,中证红利,850.9514999999999,853.1543999999999,910.7161666666667,,
2005-06-23,874.55,868.77,877.5,868.73,2624591.0,dividend,中证红利,852.365,852.7807999999999,908.9193333333333,,
2005-06-24,868.04,874.57,874.57,865.3,2496500.0,dividend,中证红利,854.4154999999998,852.7071999999998,907.2453333333334,,
2005-06-27,878.77,888.22,891.66,878.77,4523395.0,dividend,中证红利,856.8695,854.1488,905.8238333333334,,
2005-06-28,888.93,878.1,888.93,876.37,3095866.0,dividend,中证红利,858.7090000000001,855.1828000000002,904.3158333333333,,
2005-06-29,888.04,875.3,888.04,875.2,4578124.0,dividend,中证红利,861.2545,856.1596000000001,903.0325,,
2005-06-30,874.0,855.46,874.0,855.22,3264665.0,dividend,中证红利,863.6209999999999,856.758,901.3561666666667,,
2005-07-01,853.02,844.23,854.6,843.78,2951005.0,dividend,中证红利,865.659,857.1848,898.9181666666667,,
2005-07-04,840.82,840.77,840.82,829.88,2871759.0,dividend,中证红利,866.7025,857.25,896.7186666666668,,
2005-07-05,836.98,831.07,837.18,828.42,2155895.0,dividend,中证红利,867.3400000000001,856.8403999999999,894.5139999999999,,
2005-07-06,832.51,826.75,835.18,823.78,1929977.0,dividend,中证红利,864.3460000000001,856.9348,891.9926666666667,945.6235,
2005-07-07,825.62,829.51,830.56,824.25,1690198.0,dividend,中证红利,861.2270000000001,857.79,889.3991666666667,944.3564166666667,
2005-07-08,827.71,815.58,827.71,814.4,1993523.0,dividend,中证红利,858.2370000000001,858.2744,886.2843333333334,942.93175,
2005-07-11,818.24,808.77,829.22,808.28,2481210.0,dividend,中证红利,855.3104999999999,857.8292,883.1678333333333,941.5420833333333,
2005-07-12,804.9,830.48,831.04,802.21,4446655.0,dividend,中证红利,853.7215,858.3156,880.6575,940.2900833333333,
2005-07-13,828.7,825.71,831.09,820.37,2559474.0,dividend,中证红利,852.555,855.8788,877.6973333333334,938.9249166666666,
2005-07-14,823.45,827.39,832.2,822.2,3019863.0,dividend,中证红利,851.058,853.2987999999999,874.8974999999999,937.5674999999999,
2005-07-15,826.87,818.4,831.48,815.8,2870521.0,dividend,中证红利,848.79,851.0196000000001,872.1393333333333,936.139,
2005-07-18,815.26,808.58,815.69,805.63,2187088.0,dividend,中证红利,844.9635000000001,848.6708,869.4245,934.6294166666667,
2005-07-19,807.48,808.63,812.64,802.43,2134293.0,dividend,中证红利,841.5955,846.5255999999999,866.6748333333334,933.1616666666666,
2005-07-20,808.6,818.13,818.28,806.47,2516463.0,dividend,中证红利,838.7209999999999,845.2891999999999,864.2091666666668,931.9683333333334,
2005-07-21,818.01,821.68,821.68,813.95,2991702.0,dividend,中证红利,836.3664999999999,843.8632000000001,861.932,930.7707499999999,
2005-07-22,821.68,833.38,838.59,818.95,6479061.0,dividend,中证红利,834.307,842.648,859.8815,929.7218333333333,
2005-07-25,832.16,830.65,833.08,828.53,3020586.0,dividend,中证红利,831.4285,840.4695999999999,857.9763333333334,928.7318333333334,
2005-07-26,831.13,848.28,851.43,831.13,6288378.0,dividend,中证红利,829.9375,839.3612,856.316,927.6598333333334,
2005-07-27,847.78,866.04,866.04,847.78,6080895.0,dividend,中证红利,829.4745,838.9780000000001,855.2163333333333,926.6083333333333,
2005-07-28,867.26,864.49,871.42,862.52,5445760.0,dividend,中证红利,829.926,838.8068000000001,853.9295,925.5235,
2005-07-29,862.9,862.55,865.75,858.48,4672737.0,dividend,中证红利,830.842,838.326,852.7631666666667,924.47625,
2005-08-01,862.43,865.68,870.4,861.21,3867980.0,dividend,中证红利,832.0875,837.4244,851.9985,923.5522500000001,
2005-08-02,866.86,876.17,876.24,864.01,4390949.0,dividend,中证红利,834.3425,837.3471999999998,851.3328333333334,922.7734999999999,
2005-08-03,877.31,882.12,890.1,876.39,7677508.0,dividend,中证红利,837.1110000000001,837.62,850.9461666666667,922.132,
2005-08-04,880.7,879.67,882.24,877.28,4486497.0,dividend,中证红利,839.619,838.5884,850.8428333333334,921.4424166666668,
2005-08-05,879.58,895.89,895.89,879.58,5695225.0,dividend,中证红利,843.6344999999999,840.6547999999999,851.0491666666666,920.4704166666668,
2005-08-08,898.69,902.92,907.09,898.69,6423376.0,dividend,中证红利,848.342,843.1408,851.5363333333333,919.6271666666668,
2005-08-09,902.05,909.24,909.24,896.57,5630111.0,dividend,中证红利,852.28,846.2675999999999,852.014,918.6436666666666,
2005-08-10,909.4,913.27,913.27,900.17,5858545.0,dividend,中证红利,856.658,849.7284,852.5885,917.6293333333334,
2005-08-11,913.29,924.4,924.4,912.95,7913257.0,dividend,中证红利,861.5084999999999,853.5239999999999,853.36,916.7615,
2005-08-12,927.08,915.7,931.12,912.08,9175467.0,dividend,中证红利,866.3734999999999,857.5288,854.0148333333333,915.9441666666667,
2005-08-15,914.69,929.63,929.63,914.69,5548897.0,dividend,中证红利,872.426,862.3631999999999,855.3056666666668,915.0853333333332,
2005-08-16,930.32,922.6,933.11,919.97,6331421.0,dividend,中证红利,878.1244999999999,866.048,856.4781666666667,913.9885833333334,
2005-08-17,923.24,929.27,929.27,910.96,6600308.0,dividend,中证红利,883.6815,870.1904000000001,857.7846666666666,912.94825,
2005-08-18,942.42,911.76,946.85,911.18,13267220.0,dividend,中证红利,888.1855000000002,873.5652,858.9723333333333,911.7678333333333,
2005-08-19,908.6,912.63,916.65,902.27,7106749.0,dividend,中证红利,892.1479999999999,877.3344000000001,860.2901666666666,910.5910833333334,
2005-08-22,913.11,917.65,917.65,910.68,6597063.0,dividend,中证红利,896.4979999999999,881.6971999999998,861.5986666666666,909.5111666666667,
2005-08-23,918.16,910.62,918.16,904.19,5039424.0,dividend,中证红利,899.615,885.7768000000001,862.7538333333334,908.4283333333333,
2005-08-24,911.86,918.98,922.56,911.86,5468003.0,dividend,中证红利,902.262,889.8108,864.3303333333333,907.5596666666667,
2005-08-25,919.53,916.99,920.64,908.71,6111996.0,dividend,中证红利,904.8870000000001,893.6231999999999,866.1446666666667,906.6061666666666,
2005-08-26,916.58,913.3,916.58,908.94,5038158.0,dividend,中证红利,907.4244999999999,896.82,867.9751666666666,905.6543333333334,
2005-08-29,913.37,900.07,913.37,897.24,5172483.0,dividend,中证红利,909.144,899.5968,869.3113333333333,904.5413333333333,
2005-08-30,898.06,897.89,902.31,894.69,4123260.0,dividend,中证红利,910.2299999999999,901.5812,870.6375,903.2395833333334,
2005-08-31,897.17,910.62,910.77,895.5,4306137.0,dividend,中证红利,911.6550000000001,903.3644,871.0373333333333,902.0416666666666,
2005-09-01,910.55,924.79,925.09,908.44,6474829.0,dividend,中证红利,913.9109999999998,905.7764,871.5856666666666,901.1830833333332,
2005-09-02,925.61,926.82,926.82,919.82,5039574.0,dividend,中证红利,915.4574999999999,908.3472,872.443,900.3088333333333,
2005-09-05,926.69,930.53,930.53,923.21,5111806.0,dividend,中证红利,916.8380000000001,910.9412,873.4968333333333,899.40975,
2005-09-06,931.21,915.42,933.3,914.02,6268350.0,dividend,中证红利,917.1469999999999,912.5112000000001,874.3828333333332,898.5487499999999,
2005-09-07,913.84,929.65,929.65,913.83,5582578.0,dividend,中证红利,917.966,914.4123999999999,875.7263333333334,897.8914166666667,
2005-09-08,931.1,932.03,934.9,926.6,6466723.0,dividend,中证红利,918.3475000000001,916.5068000000001,876.9713333333333,897.3533333333334,
2005-09-09,932.48,929.7,935.77,926.48,4764588.0,dividend,中证红利,919.0475,917.8592,878.0703333333333,896.8961666666668,
2005-09-12,927.88,928.82,932.28,925.52,3670548.0,dividend,中证红利,919.007,918.8951999999999,878.7988333333334,896.3807499999999,
2005-09-13,927.94,941.82,941.82,927.71,5035290.0,dividend,中证红利,919.9680000000001,920.1984000000001,879.8960000000001,896.0952500000001,
2005-09-14,941.77,948.07,948.07,940.15,5820313.0,dividend,中证红利,920.908,921.5904,881.1034999999999,895.9098333333333,
2005-09-15,946.72,951.17,951.38,944.82,5387847.0,dividend,中证红利,922.8785,922.6612,882.4768333333334,895.6980833333333,
2005-09-16,950.3,948.7,951.36,945.19,4575260.0,dividend,中证红利,924.682,923.9812,883.7123333333333,895.4788333333333,
2005-09-19,948.24,953.98,953.98,946.5,4798318.0,dividend,中证红利,926.4985,924.9552,884.8083333333333,895.3160833333333,
2005-09-20,953.42,946.16,954.9,942.27,6790801.0,dividend,中证红利,928.2755000000001,925.8975999999999,885.9426666666667,895.1292500000001,
2005-09-21,942.08,929.26,943.68,927.91,6099821.0,dividend,中证红利,928.7895000000001,925.8972,886.842,894.9372500000001,
2005-09-22,926.13,906.98,926.13,899.48,5712504.0,dividend,中证红利,928.289,925.706,887.7006666666667,894.5284166666665,
2005-09-23,909.79,903.4,909.89,901.65,3388743.0,dividend,中证红利,927.7940000000001,925.3367999999999,888.6868333333333,893.8025,
2005-09-26,902.54,903.09,906.42,900.24,2899209.0,dividend,中证红利,927.945,924.7544,889.7255,893.2220833333333,
2005-09-27,903.41,890.25,905.39,889.59,3475310.0,dividend,中证红利,927.5630000000001,923.9395999999999,890.7118333333333,892.6129166666667,
2005-09-28,888.72,886.86,893.92,884.84,2764374.0,dividend,中证红利,926.375,922.6547999999999,891.7136666666667,891.8531666666667,
2005-09-29,888.65,899.23,899.23,888.65,4037826.0,dividend,中证红利,925.0970000000001,921.9444,892.8756666666667,891.1374166666666,
2005-09-30,899.67,903.06,904.24,897.91,2971580.0,dividend,中证红利,923.909,921.5347999999999,894.3336666666667,890.3089999999999,
2005-10-10,901.49,890.68,901.49,890.05,1992576.0,dividend,中证红利,921.9164999999999,921.1591999999999,895.6988333333334,889.4333333333333,
2005-10-11,890.21,901.63,901.63,889.01,2333944.0,dividend,中证红利,921.2270000000001,921.3087999999999,896.8846666666666,888.7710833333333,
2005-10-12,904.27,905.32,908.08,899.83,4106568.0,dividend,中证红利,920.0105,921.0968,898.2114999999999,887.9544166666667,
2005-10-13,906.29,899.29,907.84,899.29,3562343.0,dividend,中证红利,918.3735,920.0767999999999,899.4098333333333,887.1536666666667,
2005-10-14,898.84,887.56,899.88,884.87,3410486.0,dividend,中证红利,916.2665,918.5064,900.5624999999999,886.3509166666666,
2005-10-17,886.45,875.46,886.45,870.46,3275210.0,dividend,中证红利,913.5985000000001,916.3036,901.6771666666667,885.5508333333332,
2005-10-18,874.91,879.84,879.84,873.22,3261067.0,dividend,中证红利,910.4995000000001,914.8803999999999,902.8639999999999,884.7694166666666,
2005-10-19,879.62,875.43,882.98,874.29,3405651.0,dividend,中证红利,906.8675000000001,912.7116000000001,903.819,884.0140833333334,
2005-10-20,875.02,873.7,875.02,865.0,3637354.0,dividend,中证红利,902.9939999999999,910.3783999999999,904.6859999999999,883.309,
2005-10-21,873.61,877.16,879.61,872.57,3495787.0,dividend,中证红利,899.417,908.2768000000001,905.4156666666667,882.6485833333334,
2005-10-24,877.62,875.93,877.62,870.13,4924117.0,dividend,中证红利,895.5144999999999,906.1612,906.1703333333334,882.0733333333333,
2005-10-25,875.87,864.12,875.87,863.64,4179272.0,dividend,中证红利,891.4125,903.0532,906.4343333333334,881.3751666666667,
2005-10-26,862.54,845.45,862.54,843.23,4157416.0,dividend,中证红利,887.222,898.9484,906.0911666666667,880.65375,
2005-10-27,842.84,841.55,844.52,835.64,4188063.0,dividend,中证红利,883.9505000000001,894.5636,905.7088333333335,879.8191666666667,
2005-10-28,840.79,833.96,843.51,825.59,3452606.0,dividend,中证红利,880.4784999999999,889.9739999999999,905.2323333333334,878.99775,
2005-10-31,831.02,842.28,843.78,831.02,3363013.0,dividend,中证红利,877.4379999999999,885.5060000000001,904.8423333333334,878.4204166666666,
2005-11-01,842.24,838.28,842.24,829.58,2925022.0,dividend,中证红利,874.8394999999998,881.1908,904.2108333333333,877.7718333333333,
2005-11-02,838.82,848.9,851.3,838.82,4029170.0,dividend,中证红利,872.9414999999999,877.9764,903.6571666666666,877.3016666666666,922.18235
2005-11-03,848.94,840.04,850.14,838.42,3387153.0,dividend,中证红利,869.982,875.2987999999999,902.9966666666667,876.9197499999999,921.4747500000001
2005-11-04,840.19,844.36,844.36,835.38,2755803.0,dividend,中证红利,867.0470000000001,872.9372,902.1378333333334,876.5935000000001,920.7638499999999
2005-11-07,841.82,843.23,843.23,834.81,2570637.0,dividend,中证红利,864.6745000000001,870.5427999999999,901.143,876.3396666666667,920.10235
2005-11-08,842.36,846.3,846.3,836.73,3096630.0,dividend,中证红利,861.908,868.7847999999999,900.0939999999999,876.054,919.4302499999999
2005-11-09,846.21,844.47,849.49,844.22,3501869.0,dividend,中证红利,858.8655000000001,867.0892,898.9473333333334,875.7679166666666,918.7049499999999
2005-11-10,844.23,827.9,844.23,827.37,3350619.0,dividend,中证红利,855.2959999999999,864.2360000000001,897.3389999999999,875.3495,917.8930499999999
2005-11-11,826.38,826.54,828.54,820.76,2870161.0,dividend,中证红利,852.2450000000001,861.1751999999999,895.853,874.9339166666666,917.07665
2005-11-14,824.6,822.91,825.27,819.4,1956648.0,dividend,中证红利,849.6175000000001,858.4644000000001,894.0743333333334,874.69,916.24255
2005-11-15,822.53,820.35,827.28,817.97,2462673.0,dividend,中证红利,846.643,855.2132,892.3701666666667,874.4241666666666,915.4205000000001
2005-11-16,820.54,831.4,831.4,811.95,3432860.0,dividend,中证红利,844.4415000000001,852.2564,890.739,874.2618333333334,914.7708500000001
2005-11-17,831.58,827.9,831.58,827.09,2624314.0,dividend,中证红利,842.1514999999999,849.4008,889.3413333333334,874.1568333333332,914.0834
2005-11-18,827.96,846.31,850.22,827.96,5748424.0,dividend,中证红利,840.609,847.7508,888.2360000000001,874.2630833333333,913.5187
2005-11-21,846.64,849.34,850.99,844.95,3004607.0,dividend,中证红利,839.2795,846.706,887.0975,874.3480833333334,913.0181499999999
2005-11-22,849.49,835.28,849.49,835.05,2761806.0,dividend,中证红利,837.8375,844.9236,885.8418333333334,874.2978333333334,912.30995
2005-11-23,834.55,840.82,841.14,834.5,2460505.0,dividend,中证红利,837.606,843.5391999999999,884.5391666666668,874.43475,911.55295
2005-11-24,840.6,845.48,852.02,840.6,4473717.0,dividend,中证红利,837.8025,842.4104,883.3473333333333,874.746,910.807
2005-11-25,844.92,846.42,846.42,841.13,2406702.0,dividend,中证红利,838.4254999999999,841.1808,882.2326666666667,875.1039166666667,910.0979999999998
2005-11-28,844.62,844.82,847.93,841.68,2227441.0,dividend,中证红利,838.5525,839.9364,881.3118333333333,875.3115833333334,909.4392999999999
2005-11-29,844.59,835.29,844.59,834.4,2007585.0,dividend,中证红利,838.403,838.7832000000001,880.2685,875.453,908.76765
2005-11-30,834.45,834.36,834.45,828.84,1726709.0,dividend,中证红利,837.676,838.3395999999999,878.9975,875.0174166666668,908.1439499999999
2005-12-01,834.0,835.49,838.33,831.1,1902020.0,dividend,中证红利,837.4484999999999,838.0972,877.5091666666666,874.5474166666667,907.5093
2005-12-02,836.85,835.91,840.31,832.27,4025442.0,dividend,中证红利,837.0260000000001,838.1752,875.994,874.2185000000001,906.6261999999999
2005-12-05,836.54,825.92,836.54,825.02,3062623.0,dividend,中证红利,836.1605,837.5207999999999,874.2505,873.8736666666666,905.73525
2005-12-06,824.62,832.28,832.73,823.45,2849740.0,dividend,中证红利,835.4594999999999,837.2808,872.8648333333333,873.6238333333333,904.76035
2005-12-07,832.28,839.33,839.33,830.92,2911978.0,dividend,中证红利,835.2025,836.8979999999999,871.3595,873.5429166666667,903.78205
2005-12-08,839.95,839.04,842.88,836.69,2926442.0,dividend,中证红利,835.7594999999999,836.8580000000001,869.8096666666667,873.3905,902.83455
2005-12-09,838.79,850.36,851.26,837.09,3245166.0,dividend,中证红利,836.9504999999999,837.0980000000001,868.4873333333333,873.2788333333333,902.01745
2005-12-12,850.09,851.4,852.14,846.98,2508074.0,dividend,中证红利,838.375,837.4248000000001,867.197,872.9979166666667,901.1110000000001
2005-12-13,851.15,852.49,852.49,845.46,3006407.0,dividend,中证红利,839.982,837.6724,865.7081666666667,872.8020833333334,900.1023999999999
2005-12-14,856.16,858.27,858.51,847.91,3784681.0,dividend,中证红利,841.3254999999999,838.2244000000001,864.2114999999999,872.6574999999999,899.1232000000001
2005-12-15,859.14,858.98,864.88,857.62,4976518.0,dividend,中证红利,842.8795,839.4676,862.675,872.5759166666667,898.1510499999999
2005-12-16,858.33,866.22,866.28,857.94,3506210.0,dividend,中证红利,843.875,841.0548000000001,861.3003333333334,872.5063333333333,897.21295
2005-12-19,867.76,871.47,872.17,865.18,4196193.0,dividend,中证红利,844.9815000000001,842.9971999999999,859.9251666666667,872.3667499999999,896.3341
2005-12-20,871.42,873.17,873.17,867.22,3686451.0,dividend,中证红利,846.876,845.11,858.7086666666667,872.3256666666665,895.4971499999999
2005-12-21,873.26,867.74,875.71,867.5,3555941.0,dividend,中证红利,848.222,846.5635999999998,857.6833333333333,872.2626666666667,894.7197500000001
2005-12-22,866.93,872.33,872.33,864.67,3164537.0,dividend,中证红利,849.5645000000001,848.3408000000001,857.1058333333333,872.40325,893.92435
2005-12-23,872.76,879.13,879.13,871.96,3715596.0,dividend,中证红利,851.2,849.6536,856.7013333333332,872.6940833333334,893.1823999999999
2005-12-26,882.45,887.17,888.73,882.45,5291608.0,dividend,中证红利,853.3174999999999,851.1668,856.436,873.08075,892.4500999999999
2005-12-27,885.72,887.31,889.12,883.94,4012954.0,dividend,中证红利,855.9185,853.248,856.3870000000001,873.5494166666666,891.6161500000001
2005-12-28,887.17,891.09,891.09,884.36,3966146.0,dividend,中证红利,858.7549999999999,855.2588000000001,856.4575,874.0855833333333,890.7997499999999
2005-12-29,890.61,895.86,895.86,890.61,5262242.0,dividend,中证红利,861.7735,857.2740000000001,856.4013333333332,874.6384999999999,890.1399500000001
2005-12-30,901.07,890.49,901.07,888.66,5907905.0,dividend,中证红利,864.5024999999999,859.0368,856.1918333333334,875.26275,889.43375
2006-01-04,887.98,900.52,900.52,886.35,6432043.0,dividend,中证红利,868.2325000000001,861.2647999999999,856.3558333333333,876.0273333333334,888.7442500000001
2006-01-05,900.52,919.63,919.72,900.52,9372416.0,dividend,中证红利,872.6,864.6383999999999,856.6558333333334,876.7702499999999,888.2487
2006-01-06,920.66,929.28,934.44,916.09,9663325.0,dividend,中证红利,877.0975000000001,868.4352,857.0551666666668,877.6333333333333,887.85245
2006-01-09,930.42,931.27,932.15,924.51,7461566.0,dividend,中证红利,881.7090000000001,872.2664,857.5881666666667,878.499,887.5257999999999
2006-01-10,932.52,933.5,933.5,921.73,7445367.0,dividend,中证红利,885.866,876.17,858.3538333333333,879.4581666666667,887.2704999999999
2006-01-11,932.59,930.28,939.94,926.51,8865918.0,dividend,中证红利,889.8099999999998,880.3444000000001,859.2674999999999,880.4723333333333,886.96855
2006-01-12,929.29,938.58,938.88,925.25,7170924.0,dividend,中证红利,894.1145,884.5964,860.2465,881.55525,886.7810499999999
2006-01-13,939.04,932.33,939.77,928.66,6577850.0,dividend,中证红利,897.8174999999999,888.3164,861.1948333333333,882.5069166666667,886.5911
2006-01-16,931.62,917.84,931.62,917.7,6639507.0,dividend,中证红利,900.7605,891.4684,861.9305,883.30825,886.2974
2006-01-17,916.33,921.0,921.0,915.59,5314682.0,dividend,中证红利,903.4994999999999,894.294,862.6611666666666,884.0384166666666,886.02735
2006-01-18,920.5,939.22,939.22,920.5,6473952.0,dividend,中证红利,906.8870000000001,897.8068,863.716,884.9431666666666,885.8559
2006-01-19,941.97,952.04,953.52,936.23,10252383.0,dividend,中证红利,910.8305,901.7888,865.1813333333333,885.8078333333332,885.7732
2006-01-20,950.97,956.25,957.44,950.63,9166414.0,dividend,中证红利,915.2560000000001,905.7080000000001,867.028,886.5595833333333,885.79295
2006-01-23,956.25,957.95,958.82,952.85,7335742.0,dividend,中证红利,919.537,909.6668000000001,868.968,887.3384166666667,885.8025
2006-01-24,957.92,955.07,960.29,953.17,7313821.0,dividend,中证红利,923.3340000000001,913.2208,870.9864999999999,888.1094166666666,885.6253
2006-01-25,955.47,961.83,961.83,951.8,6723687.0,dividend,中证红利,927.067,916.8352,872.9789999999999,888.9106666666667,885.57075
2006-02-06,963.74,985.96,985.96,963.74,8163107.0,dividend,中证红利,931.9994999999999,921.3467999999999,875.4403333333333,889.8255833333334,885.6837999999999
2006-02-07,987.39,983.48,991.26,974.55,10475276.0,dividend,中证红利,936.619,925.9764000000001,877.6833333333333,890.67025,885.71105
2006-02-08,983.65,985.77,986.21,978.04,9243831.0,dividend,中证红利,941.1144999999999,930.5139999999999,880.1121666666666,891.5544166666666,885.7143
2006-02-09,985.59,974.17,986.36,973.04,7494230.0,dividend,中证红利,945.2985000000001,934.3156,882.2756666666666,892.2067499999999,885.5728
2006-02-10,973.87,985.28,985.28,971.83,7212119.0,dividend,中证红利,949.5364999999999,938.24,884.6431666666667,892.8930833333333,885.5204000000001
2006-02-13,986.01,985.07,986.01,976.01,7002076.0,dividend,中证红利,952.8084999999999,942.1504,886.956,893.525,885.5402500000001
2006-02-14,985.32,988.0,988.0,982.24,5406006.0,dividend,中证红利,955.7445,946.0268,889.3481666666667,894.14775,885.46365
2006-02-15,989.06,990.6,996.42,987.67,8353201.0,dividend,中证红利,958.711,949.8164,892.0598333333334,894.6994166666667,885.4397499999999
2006-02-16,990.3,966.81,990.3,966.59,7994172.0,dividend,中证红利,960.3765,952.8692,894.3976666666666,895.1253333333333,885.3543500000001
2006-02-17,967.84,968.81,975.53,963.9,5882188.0,dividend,中证红利,962.3030000000001,955.6008,896.8293333333332,895.4518333333333,885.3410500000001
2006-02-20,970.37,969.79,977.38,969.27,5954422.0,dividend,中证红利,963.8635,957.6072,899.3199999999999,895.8450833333334,885.3219499999999
2006-02-21,969.36,987.74,987.74,963.92,8892437.0,dividend,中证红利,966.634,959.9456,901.9256666666666,896.3323333333333,885.4303
2006-02-22,988.42,989.12,998.11,986.24,9609305.0,dividend,中证红利,970.1980000000001,962.2596000000001,904.6126666666665,896.9770000000001,885.58435
2006-02-23,989.4,992.06,992.82,983.17,6352208.0,dividend,中证红利,973.751,964.602,907.0418333333333,897.6389166666667,885.7625999999999
2006-02-24,994.04,1000.76,1000.76,993.48,7220497.0,dividend,中证红利,976.8280000000001,967.4212000000001,909.5655,898.3315,886.0416
2006-02-27,1001.93,996.84,1002.33,996.27,5401419.0,dividend,中证红利,979.068,969.7516,912.2581666666666,899.05,886.2863000000001
2006-02-28,995.35,997.97,997.97,985.8,4872364.0,dividend,中证红利,981.1539999999999,972.3772,914.8773333333334,899.7082499999999,886.6160500000001
2006-03-01,1000.4,1002.58,1003.63,996.58,4909813.0,dividend,中证红利,983.3855,975.7668000000001,917.4956666666666,900.4215,886.92045
2006-03-02,1003.13,990.1,1003.54,987.99,7019343.0,dividend,中证红利,985.137,978.5308,919.8903333333334,901.0615,887.2083
2006-03-03,990.29,997.1,997.18,985.36,6396259.0,dividend,中证红利,986.9005000000001,980.846,922.4283333333334,901.8700833333332,887.6360000000001
2006-03-06,997.18,994.67,999.4,993.64,5620338.0,dividend,中证红利,987.336,982.5512,925.0846666666667,902.6765833333334,888.0287999999999
2006-03-07,995.25,974.41,995.25,973.08,6612160.0,dividend,中证红利,986.8824999999999,983.2775999999999,927.4188333333334,903.2081666666667,888.3742500000001
2006-03-08,970.75,965.01,973.32,957.94,5790442.0,dividend,中证红利,985.8445000000002,983.56,929.5775,903.5433333333334,888.76995
2006-03-09,964.22,965.51,968.04,961.42,3742059.0,dividend,中证红利,985.4114999999999,983.9775999999999,931.7375,903.86575,889.17995
2006-03-10,966.08,969.33,971.12,966.05,4124001.0,dividend,中证红利,984.6140000000001,984.2776000000001,934.1276666666668,904.1890833333333,889.65815
2006-03-13,968.93,979.08,979.08,968.93,3910102.0,dividend,中证红利,984.3145000000001,984.0024000000001,936.5743333333335,904.7195833333334,890.1506499999999
2006-03-14,979.08,980.89,981.28,975.02,3842487.0,dividend,中证红利,983.9590000000001,983.8987999999999,938.9336666666667,905.1465833333333,890.6611
2006-03-15,981.38,990.67,990.67,981.38,5167857.0,dividend,中证红利,983.9625,984.0948000000001,941.4608333333333,905.6352499999999,891.2239
2006-03-16,988.97,986.61,990.87,985.19,4315584.0,dividend,中证红利,984.9525000000001,984.5924,943.7316666666667,906.1095,891.7749
2006-03-17,986.21,983.8,986.98,979.74,5441938.0,dividend,中证红利,985.702,984.5332000000001,945.9383333333333,906.5676666666667,892.4329999999999
2006-03-20,983.82,995.26,995.26,981.13,4378386.0,dividend,中证红利,986.9754999999999,984.9408,948.3178333333333,907.013,893.1480499999999
2006-03-21,995.12,993.73,998.35,992.16,4575428.0,dividend,中证红利,987.275,985.17,950.5755000000001,907.3935,893.8623000000001
2006-03-22,993.31,995.73,995.73,987.25,4610826.0,dividend,中证红利,987.6054999999999,985.3752,952.8546666666666,907.7648333333333,894.63845
2006-03-23,994.92,996.35,996.35,988.23,5987819.0,dividend,中证红利,987.82,986.5568000000001,955.0234999999999,908.1619166666666,895.4524
2006-03-24,996.78,992.44,999.21,991.67,6193026.0,dividend,中证红利,987.4039999999999,987.502,957.0396666666667,908.4824166666666,896.2189
2006-03-27,992.26,994.35,994.35,987.24,4206270.0,dividend,中证红利,987.2795,988.4844,959.0593333333333,908.884,896.9841
2006-03-28,993.99,996.76,997.64,992.94,5118202.0,dividend,中证红利,987.219,988.8452000000001,961.2096666666667,909.4465,897.84595
2006-03-29,996.93,1004.99,1008.04,996.93,7858357.0,dividend,中证红利,987.3395,989.48,963.4206666666666,910.2632500000001,898.8302500000001
2006-03-30,1005.13,998.48,1006.73,998.46,5478601.0,dividend,中证红利,987.7585000000001,989.7368000000001,965.4098333333334,911.0555833333333,899.8053
2006-03-31,996.59,999.83,1000.08,993.69,5871188.0,dividend,中证红利,987.8949999999999,989.6995999999999,967.2875,911.86175,900.7049499999999
2006-04-03,1002.49,1009.95,1010.05,1001.73,7411945.0,dividend,中证红利,988.659,990.2239999999999,969.3315,912.85925,901.6631000000001
2006-04-04,1011.2,1020.0,1020.0,1009.45,8924133.0,dividend,中证红利,990.9385,991.1052000000001,971.48,913.96875,902.32995
2006-04-05,1022.59,1029.27,1030.81,1022.59,10279526.0,dividend,中证红利,994.1514999999999,992.1727999999999,973.7035,915.0524166666668,903.01685
2006-04-06,1032.24,1029.44,1034.04,1025.62,10552558.0,dividend,中证红利,997.348,993.7464,976.0193333333333,916.1055833333335,903.78715
2006-04-07,1031.04,1029.41,1032.71,1023.4,10822208.0,dividend,中证红利,1000.3519999999999,995.0387999999999,978.1675,917.2616666666667,904.5977
2006-04-10,1030.86,1044.85,1044.85,1027.73,9840591.0,dividend,中证红利,1003.6405000000001,997.046,980.2545000000001,918.4551666666666,905.5106499999998
2006-04-11,1047.85,1054.37,1055.87,1043.26,10939830.0,dividend,中证红利,1007.3145000000001,1000.2444,982.3393333333333,919.6972499999999,906.5373000000001
2006-04-12,1054.2,1046.23,1054.2,1046.23,8676133.0,dividend,中证红利,1010.0925,1003.4931999999999,984.2553333333333,920.92175,907.4817999999999
2006-04-13,1045.75,1032.12,1052.24,1031.73,10601988.0,dividend,中证红利,1012.3679999999998,1006.1576,985.899,922.1264166666666,908.3236
2006-04-14,1030.99,1056.89,1056.89,1030.99,11754993.0,dividend,中证红利,1016.0225,1009.66,988.0091666666667,923.6383333333334,909.1825
2006-04-17,1055.7,1064.55,1066.0,1053.65,11174770.0,dividend,中证红利,1019.4870000000001,1013.0788,990.1086666666666,925.1775833333334,910.1253
2006-04-18,1064.37,1070.21,1077.14,1058.11,9766241.0,dividend,中证红利,1023.311,1016.6516,992.4066666666665,926.80075,911.0982500000001
2006-04-19,1073.27,1072.73,1076.61,1064.36,9430739.0,dividend,中证红利,1027.161,1019.934,994.9881666666666,928.4593333333335,912.1180499999999
2006-04-20,1074.61,1061.49,1074.9,1059.03,10341983.0,dividend,中证红利,1030.4180000000001,1022.9292,997.3296666666666,929.9954166666666,913.05265
2006-04-21,1061.64,1072.53,1073.74,1055.01,11946022.0,dividend,中证红利,1034.4225000000001,1026.4784,999.5514999999999,931.6337500000001,913.9742
2006-04-24,1076.97,1059.6,1076.97,1057.49,13302698.0,dividend,中证红利,1037.685,1029.052,1001.3441666666666,933.26275,914.8817
2006-04-25,1057.67,1049.79,1057.67,1041.98,11744028.0,dividend,中证红利,1040.3365,1031.2944,1002.9031666666667,934.9655833333333,915.75415
2006-04-26,1048.97,1065.18,1065.51,1048.97,13526926.0,dividend,中证红利,1043.346,1034.0724,1004.6903333333335,936.8291666666667,916.80275
2006-04-27,1064.99,1061.93,1065.17,1054.43,9604516.0,dividend,中证红利,1046.5185,1036.6956,1006.4713333333333,938.7289166666667,917.89125
2006-04-28,1055.01,1066.88,1068.49,1042.54,10287507.0,dividend,中证红利,1049.871,1039.6732000000002,1008.2221666666667,940.6005833333334,919.0218
2006-05-08,1069.91,1103.74,1103.74,1069.91,13254126.0,dividend,中证红利,1054.5605,1044.0487999999998,1010.1851666666666,942.8127500000002,920.38515
2006-05-09,1108.64,1122.55,1122.73,1107.63,15654411.0,dividend,中证红利,1059.688,1049.0804,1012.503,945.0931666666667,921.8641499999999
2006-05-10,1124.56,1132.29,1133.73,1112.39,15045028.0,dividend,中证红利,1064.839,1054.1724,1014.945,947.5285833333334,923.37805
2006-05-11,1136.98,1122.48,1151.64,1122.46,17658796.0,dividend,中证红利,1069.491,1059.1324,1017.4168333333333,949.84625,924.91255
2006-05-12,1118.11,1150.35,1150.35,1118.11,14740138.0,dividend,中证红利,1075.538,1065.1532,1020.1679999999999,952.4055833333333,926.62045
2006-05-15,1155.77,1198.19,1198.19,1155.77,21031438.0,dividend,中证红利,1083.205,1072.6828,1023.7199999999999,955.3380000000001,928.459
2006-05-16,1219.99,1190.35,1240.23,1186.81,24563692.0,dividend,中证红利,1090.0040000000001,1079.4968,1027.0925,958.2203333333333,930.2822
2006-05-17,1196.28,1211.98,1215.07,1192.35,16404890.0,dividend,中证红利,1098.2915,1086.8052,1030.7821666666666,961.4209999999999,932.20515
2006-05-18,1200.63,1201.32,1207.84,1184.29,14556259.0,dividend,中证红利,1106.7515,1093.6804000000002,1034.6906666666666,964.5441666666667,934.11975
2006-05-19,1204.22,1227.82,1233.21,1201.63,16553799.0,dividend,中证红利,1115.298,1101.6168,1039.0075000000002,967.9184166666666,936.21595
2006-05-22,1234.34,1245.5,1256.77,1234.34,18838742.0,dividend,中证红利,1124.3455,1109.6428,1043.6026666666667,971.4613333333333,938.4003
2006-05-23,1243.89,1207.18,1243.89,1206.65,16689655.0,dividend,中证红利,1131.194,1115.7552,1047.26,974.5928333333334,940.3455499999999
2006-05-24,1217.27,1193.78,1224.09,1170.17,14740971.0,dividend,中证红利,1137.2465,1121.6572,1050.671,977.6418333333334,942.2060500000001
2006-05-25,1186.4,1183.8,1191.44,1166.2,10318645.0,dividend,中证红利,1143.3619999999999,1127.7244,1053.8666666666666,980.4542500000001,943.95815
2006-05-26,1188.36,1203.07,1203.07,1186.17,10639351.0,dividend,中证红利,1149.889,1133.5716,1057.2385000000002,983.4019999999999,945.8202500000001
2006-05-29,1209.16,1234.03,1234.03,1203.63,14665240.0,dividend,中证红利,1158.6105000000002,1140.3508,1061.1916666666666,986.7249166666666,947.7490000000001
2006-05-30,1243.75,1241.3,1243.75,1225.84,14486165.0,dividend,中证红利,1168.1860000000001,1147.1944,1065.2471666666665,990.0622500000001,949.6253
2006-05-31,1239.42,1240.45,1253.61,1234.01,14765448.0,dividend,中证红利,1176.9495000000002,1153.9032,1069.2116666666668,993.3536666666665,951.5051000000001
2006-06-01,1243.4,1270.67,1270.67,1243.4,15490249.0,dividend,中证红利,1187.3865,1162.2703999999999,1073.8878333333332,996.8890833333334,953.5456999999999
2006-06-02,1272.22,1262.3,1278.74,1256.64,18292352.0,dividend,中证红利,1197.1574999999998,1169.8612,1078.3078333333333,1000.3680833333333,955.5288
2006-06-05,1267.06,1272.59,1272.59,1244.53,15036650.0,dividend,中证红利,1205.6,1178.3808,1082.9398333333334,1004.01225,957.5109
2006-06-06,1274.3,1276.65,1283.9,1269.77,14310442.0,dividend,中证红利,1213.3049999999998,1187.4552,1087.9771666666666,1007.698,959.4835499999999
2006-06-07,1275.83,1206.64,1275.83,1206.64,15605399.0,dividend,中证红利,1217.0225,1193.1136,1092.0043333333333,1010.7909166666667,961.1184
2006-06-08,1196.84,1214.94,1214.94,1178.79,13306036.0,dividend,中证红利,1221.6455,1199.234,1096.1615,1013.9495000000001,962.7136499999999
2006-06-09,1208.89,1186.51,1214.41,1185.73,11130811.0,dividend,中证红利,1223.4535,1204.0192,1099.7811666666666,1016.9544166666667,964.1316
2006-06-12,1180.03,1186.92,1192.97,1174.44,6986028.0,dividend,中证红利,1222.8899999999999,1207.3464,1103.2451666666666,1019.90975,965.52
2006-06-13,1187.02,1182.46,1194.01,1172.24,7030931.0,dividend,中证红利,1222.4955,1209.7428000000002,1106.6046666666666,1022.7691666666667,966.86595
2006-06-14,1178.73,1162.02,1178.73,1155.33,7448731.0,dividend,中证红利,1219.9975,1210.932,1109.4605000000001,1025.4606666666666,968.05405
2006-06-15,1161.64,1161.39,1171.92,1159.24,5905844.0,dividend,中证红利,1218.001,1212.4884000000002,1112.3735000000001,1028.0525833333334,969.2825
2006-06-16,1171.26,1189.33,1189.33,1171.26,7969670.0,dividend,中证红利,1216.0765,1214.0475999999999,1115.799,1030.8686666666667,970.5809999999999
2006-06-19,1178.67,1195.34,1200.26,1178.67,7847663.0,dividend,中证红利,1213.5684999999999,1213.9336,1119.1336666666668,1033.72575,971.9447
2006-06-20,1195.16,1200.32,1201.42,1191.64,6784949.0,dividend,中证红利,1213.2255,1214.3324,1122.5768333333333,1036.5761666666667,973.29995
2006-06-21,1199.39,1199.27,1208.98,1185.9,9364196.0,dividend,中证红利,1213.5,1213.8239999999998,1125.9691666666665,1039.4119166666667,974.7375
2006-06-22,1196.87,1194.8,1200.33,1191.25,6965960.0,dividend,中证红利,1214.05,1213.5631999999998,1129.2766666666669,1042.1500833333334,976.14835
2006-06-23,1191.92,1197.24,1197.24,1183.57,6667229.0,dividend,中证红利,1213.7585000000001,1212.34,1132.6899999999998,1044.8648333333333,977.5462999999999
2006-06-26,1197.16,1215.74,1215.74,1197.16,9150993.0,dividend,中证红利,1212.8439999999998,1211.1496,1136.3798333333332,1047.7195833333333,979.0719
2006-06-27,1216.38,1213.19,1217.33,1208.4,7511104.0,dividend,中证红利,1211.4385,1211.39,1139.987,1050.5983333333334,980.54295
2006-06-28,1211.87,1217.18,1217.18,1204.58,8365036.0,dividend,中证红利,1210.275,1212.326,1143.5234999999998,1053.4720833333333,982.0439
2006-06-29,1218.72,1247.41,1251.04,1218.72,13768184.0,dividend,中证红利,1209.112,1214.8704,1147.6723333333332,1056.5410833333333,983.71445
2006-06-30,1253.8,1247.73,1259.35,1238.77,13187427.0,dividend,中证红利,1208.3835000000001,1216.6568,1151.8039999999999,1059.54575,985.4527499999999
2006-07-03,1252.51,1263.33,1263.33,1248.48,10825158.0,dividend,中证红利,1207.9205,1217.8288,1156.0269999999998,1062.67925,987.2799500000001
2006-07-04,1265.07,1250.75,1265.07,1243.89,12728003.0,dividend,中证红利,1206.6254999999999,1218.2068,1159.8728333333333,1065.6764166666667,988.9806
2006-07-05,1249.89,1235.05,1249.89,1224.11,9357722.0,dividend,中证红利,1208.0459999999998,1217.9907999999998,1163.3025,1068.503,990.5319000000001
2006-07-06,1234.21,1255.65,1255.65,1234.21,9225907.0,dividend,中证红利,1210.0815,1217.39,1167.0726666666667,1071.546,992.1760499999999
2006-07-07,1258.57,1247.54,1258.57,1246.03,9003503.0,dividend,中证红利,1213.133,1216.7996,1170.7081666666668,1074.4378333333332,993.7611
2006-07-10,1248.53,1247.44,1248.53,1233.95,7791170.0,dividend,中证红利,1216.159,1215.7936,1174.0846666666666,1077.1695833333333,995.4212
2006-07-11,1249.42,1247.53,1249.42,1239.43,8268741.0,dividend,中证红利,1219.4125,1214.6288,1177.304,1079.8216666666667,997.0106
2006-07-12,1247.1,1248.79,1255.69,1245.03,10279069.0,dividend,中证红利,1223.751,1216.3147999999999,1180.6799999999998,1082.4676666666667,998.5944000000001
2006-07-13,1246.06,1188.87,1246.13,1188.69,14570158.0,dividend,中证红利,1225.125,1215.2720000000002,1183.2925,1084.59575,999.89025
2006-07-14,1178.95,1194.72,1202.51,1178.95,9381647.0,dividend,中证红利,1225.3944999999999,1215.6004,1185.5896666666667,1086.7994166666667,1001.2197500000001
2006-07-17,1191.12,1209.87,1209.87,1190.6,7530532.0,dividend,中证红利,1226.1209999999999,1216.5184,1188.0116666666665,1089.0601666666666,1002.56
2006-07-18,1208.77,1211.18,1211.18,1198.72,6436893.0,dividend,中证红利,1226.664,1217.6671999999999,1190.3611666666666,1091.3839166666667,1003.87555
2006-07-19,1209.24,1183.17,1209.24,1180.25,6927865.0,dividend,中证红利,1225.859,1218.5132,1192.201833333333,1093.595,1005.0355500000001
2006-07-20,1181.34,1187.42,1190.5,1175.17,5396886.0,dividend,中证红利,1225.49,1219.5544,1194.3006666666668,1095.8151666666668,1006.2291499999999
2006-07-21,1187.37,1193.66,1194.53,1187.34,5521109.0,dividend,中证红利,1225.3110000000001,1219.7276000000002,1196.3195,1097.9355,1007.4275499999999
2006-07-24,1177.61,1191.88,1192.1,1177.61,5633535.0,dividend,中证红利,1224.118,1219.5892,1198.5241666666666,1099.9341666666667,1008.65615
2006-07-25,1197.56,1208.44,1210.25,1197.56,6259792.0,dividend,中证红利,1223.8805,1219.914,1201.1683333333335,1102.03575,1010.05205
2006-07-26,1211.31,1209.52,1214.29,1203.31,5897527.0,dividend,中证红利,1223.4975,1220.3239999999998,1203.574,1104.1321666666665,1011.5647499999999
2006-07-27,1209.45,1197.06,1214.09,1190.01,7070996.0,dividend,中证红利,1220.98,1220.4144000000001,1205.8261666666667,1106.1487499999998,1013.0330499999999
2006-07-28,1196.65,1188.21,1200.29,1179.58,6827069.0,dividend,中证红利,1218.004,1220.0531999999998,1207.8483333333331,1108.0352500000001,1014.45865
2006-07-31,1185.6,1145.26,1185.6,1144.94,7048286.0,dividend,中证红利,1212.1005,1217.2340000000002,1208.5403333333334,1109.36275,1015.7337
2006-08-01,1144.56,1138.16,1151.29,1135.35,5229702.0,dividend,中证红利,1206.471,1214.2328,1208.8005,1110.65175,1016.9901999999998
2006-08-02,1137.7,1134.84,1141.87,1121.42,5321603.0,dividend,中证红利,1201.4605000000001,1210.9392,1208.843,1111.894,1018.16825
2006-08-03,1139.36,1136.6,1143.23,1129.99,4172833.0,dividend,中证红利,1195.508,1206.5067999999999,1209.0783333333334,1113.2475833333333,1019.33595
2006-08-04,1137.37,1111.83,1142.69,1111.22,5322970.0,dividend,中证红利,1188.7225,1201.0708,1208.4363333333333,1114.3021666666668,1020.4417000000001
2006-08-07,1108.14,1094.57,1108.83,1093.19,4738949.0,dividend,中证红利,1181.0790000000002,1194.3204,1206.7093333333332,1115.2146666666665,1021.4064
2006-08-08,1094.56,1119.2,1119.2,1094.56,4265160.0,dividend,中证红利,1174.6625,1189.0584000000001,1205.5235,1116.308,1022.4758
2006-08-09,1121.06,1116.81,1122.33,1113.09,3794520.0,dividend,中证红利,1168.0635,1184.3288,1203.9373333333335,1117.35975,1023.5634
2006-08-10,1117.06,1138.08,1138.08,1117.06,5532293.0,dividend,中证红利,1165.524,1179.626,1202.8833333333334,1118.7869999999998,1024.8159999999998
2006-08-11,1138.36,1140.17,1142.13,1133.05,4935186.0,dividend,中证红利,1162.7965,1175.3311999999999,1201.4225000000001,1120.215,1026.13955
2006-08-14,1140.18,1113.47,1141.62,1111.09,4625228.0,dividend,中证红利,1157.9765,1169.9724,1199.2220000000002,1121.4123333333334,1027.3077
2006-08-15,1113.22,1131.99,1131.99,1109.67,4259978.0,dividend,中证红利,1154.017,1165.3508,1197.9688333333334,1122.6144166666666,1028.5904999999998
2006-08-16,1132.82,1144.74,1144.74,1129.54,6038410.0,dividend,中证红利,1152.0955,1161.1888000000001,1197.1515,1123.91125,1029.9457
2006-08-17,1143.74,1135.08,1143.74,1128.24,4668513.0,dividend,中证红利,1149.4785,1159.0372,1196.3394999999998,1125.1030833333332,1031.2353
2006-08-18,1133.57,1131.81,1141.2,1129.91,3539322.0,dividend,中证红利,1146.386,1156.5208,1195.1518333333333,1126.1951666666666,1032.5147
2006-08-21,1103.69,1129.45,1129.45,1103.69,4177018.0,dividend,中证红利,1143.2645,1153.304,1193.4088333333334,1127.30025,1033.8413500000001
2006-08-22,1128.61,1138.12,1139.94,1127.12,4919805.0,dividend,中证红利,1139.7485,1150.3816,1191.6891666666668,1128.4681666666665,1035.3047
2006-08-23,1137.68,1138.59,1143.96,1135.83,5425989.0,dividend,中证红利,1136.2019999999998,1148.5983999999999,1189.9915,1129.6015833333333,1036.7899
2006-08-24,1139.68,1144.74,1144.74,1130.27,4901476.0,dividend,中证红利,1133.586,1146.8912,1187.8926666666666,1130.89025,1038.3437999999999
2006-08-25,1145.9,1152.08,1156.4,1145.9,6168440.0,dividend,中证红利,1131.7795,1145.228,1186.0556666666669,1132.18175,1039.8928
2006-08-28,1154.52,1173.06,1173.06,1154.52,6846771.0,dividend,中证红利,1133.1695,1144.4752,1184.3968333333332,1133.6683333333335,1041.5667
2006-08-29,1176.63,1174.2,1189.31,1174.06,8839528.0,dividend,中证红利,1134.9715,1143.1055999999999,1182.6893333333333,1135.33325,1043.1932
2006-08-30,1172.78,1175.72,1176.64,1166.93,5079299.0,dividend,中证红利,1137.0155,1141.7536,1182.174,1137.0891666666664,1044.8716
2006-08-31,1175.77,1179.85,1180.63,1172.17,6550303.0,dividend,中证红利,1139.178,1141.0652,1181.5891666666664,1138.8753333333334,1046.54905
2006-09-01,1178.14,1169.28,1182.07,1163.48,7694874.0,dividend,中证红利,1142.0504999999998,1140.308,1181.302,1140.5415833333332,1048.1793
2006-09-04,1170.25,1182.63,1182.63,1169.48,6021112.0,dividend,中证红利,1146.4535,1141.8028,1181.2305000000001,1142.2378333333334,1049.86095
2006-09-05,1181.57,1179.51,1186.9,1175.84,6794484.0,dividend,中证红利,1149.4689999999998,1143.4568,1181.1813333333334,1143.893,1051.5361500000001
2006-09-06,1181.86,1184.53,1184.59,1173.55,6186272.0,dividend,中证红利,1152.855,1145.4444,1181.5565,1145.5085000000001,1053.3193
2006-09-07,1183.53,1168.44,1184.25,1167.65,7450888.0,dividend,中证红利,1154.373,1146.718,1181.6739999999998,1147.02375,1055.0288
2006-09-08,1167.23,1171.31,1173.71,1167.23,4583946.0,dividend,中证红利,1155.9299999999998,1149.0972,1181.3736666666666,1148.5863333333334,1056.7708
2006-09-11,1173.43,1173.79,1173.82,1161.55,5568128.0,dividend,中证红利,1158.946,1152.2659999999998,1181.0145,1150.0740833333334,1058.538
2006-09-12,1173.94,1184.5,1185.8,1172.61,7273123.0,dividend,中证红利,1161.5715,1154.878,1180.7508333333333,1151.6638333333333,1060.3035
2006-09-13,1185.93,1180.85,1195.88,1180.61,9747633.0,dividend,中证红利,1163.377,1157.4396000000002,1180.4438333333335,1153.2065,1062.06825
2006-09-14,1180.02,1174.41,1181.21,1166.15,6257671.0,dividend,中证红利,1165.3435,1158.8928,1180.1039999999998,1154.6903333333332,1063.70875
2006-09-15,1174.42,1201.04,1201.04,1174.42,10183037.0,dividend,中证红利,1168.8049999999998,1161.3275999999998,1180.1673333333335,1156.4286666666667,1065.4672500000001
2006-09-18,1206.57,1214.63,1215.6,1206.57,9110673.0,dividend,中证红利,1173.0639999999999,1165.374,1180.1488333333334,1158.2643333333333,1067.364
2006-09-19,1217.04,1214.26,1219.43,1210.38,7144853.0,dividend,中证红利,1176.871,1168.6648,1180.1666666666667,1160.076833333333,1069.2312
2006-09-20,1212.18,1209.01,1213.64,1203.27,5810383.0,dividend,中证红利,1180.392,1171.2356,1180.0305,1161.7769999999998,1071.04885
2006-09-21,1209.57,1211.18,1217.05,1207.87,6471729.0,dividend,中证红利,1183.714,1174.2795999999998,1179.4266666666667,1163.5495,1072.87265
2006-09-22,1211.67,1196.8,1211.92,1196.26,6282850.0,dividend,中证红利,1185.95,1176.8792,1178.5778333333335,1165.1909166666667,1074.63255
2006-09-25,1194.39,1189.92,1197.88,1185.83,5854174.0,dividend,中证红利,1186.7930000000001,1179.298,1177.3543333333334,1166.6906666666664,1076.4057
2006-09-26,1189.04,1182.41,1189.73,1178.16,5083074.0,dividend,中证红利,1187.2035,1181.0696,1176.2153333333333,1168.0440833333332,1078.14595
2006-09-27,1182.3,1189.67,1189.67,1179.28,3836753.0,dividend,中证红利,1187.901,1183.1127999999999,1175.459,1169.38075,1079.91685
2006-09-28,1190.56,1198.26,1199.94,1188.94,5782534.0,dividend,中证红利,1188.8215,1185.2536,1174.5024999999998,1170.7875833333333,1081.7286
2006-09-29,1199.56,1208.23,1209.11,1199.56,6411683.0,dividend,中证红利,1190.769,1187.4996,1173.8473333333334,1172.27775,1083.64015
2006-10-09,1219.41,1231.72,1231.72,1219.06,9691878.0,dividend,中证红利,1193.2235,1189.846,1173.5853333333332,1173.835,1085.63735
2006-10-10,1235.28,1237.39,1240.63,1231.99,12023510.0,dividend,中证红利,1196.1175,1192.3736,1173.4163333333333,1175.3601666666666,1087.62765
2006-10-11,1236.84,1240.38,1242.02,1229.87,10512233.0,dividend,中证红利,1198.9099999999999,1194.96,1173.2761666666668,1176.9780833333332,1089.63435
2006-10-12,1241.6,1248.17,1256.11,1235.02,15709681.0,dividend,中证红利,1202.8965,1197.6928,1174.2645,1178.7785000000001,1091.6234
2006-10-13,1247.31,1248.45,1253.41,1244.63,9906518.0,dividend,中证红利,1206.7535000000003,1200.8596,1175.1599999999999,1180.3748333333335,1093.6086500000001
2006-10-16,1250.92,1238.47,1255.14,1236.41,10028359.0,dividend,中证红利,1209.9875,1203.0932,1175.6366666666665,1181.8241666666668,1095.5385500000002
2006-10-17,1237.01,1233.43,1242.63,1232.01,7166038.0,dividend,中证红利,1212.434,1205.25,1176.0075000000002,1183.1843333333334,1097.41435
2006-10-18,1232.94,1248.46,1248.53,1232.94,7471419.0,dividend,中证红利,1215.8145,1207.8072000000002,1177.0956666666668,1184.64875,1099.36175
2006-10-19,1249.88,1251.33,1256.37,1247.44,7679144.0,dividend,中证红利,1219.6605,1211.1228,1178.1608333333331,1186.23075,1101.2873000000002
2006-10-20,1252.7,1246.24,1256.39,1246.08,7829168.0,dividend,中证红利,1221.9205000000002,1214.1200000000001,1179.0371666666667,1187.6783333333333,1103.1611500000001
2006-10-23,1246.22,1224.38,1250.42,1218.83,9477872.0,dividend,中证红利,1222.408,1216.1436,1179.5788333333333,1189.0515000000003,1104.9172
2006-10-24,1222.19,1253.51,1253.51,1222.19,8759643.0,dividend,中证红利,1224.3705,1218.904,1180.3300000000002,1190.7491666666667,1106.8460499999999
2006-10-25,1255.83,1257.13,1265.36,1245.94,10371113.0,dividend,中证红利,1226.7765000000002,1221.9552,1181.1235,1192.34875,1108.77005
2006-10-26,1257.13,1261.84,1263.18,1247.06,9857612.0,dividend,中证红利,1229.3095,1225.4524000000001,1182.2031666666667,1194.0146666666665,1110.6836
2006-10-27,1261.33,1260.02,1266.32,1249.39,13321315.0,dividend,中证红利,1232.4705,1227.8116,1183.4,1195.624166666667,1112.54785
2006-10-30,1262.09,1282.19,1282.19,1262.09,14557776.0,dividend,中证红利,1237.084,1230.5140000000001,1185.6821666666665,1197.1112500000002,1114.52225
2006-10-31,1285.68,1302.22,1302.54,1285.68,13872159.0,dividend,中证红利,1243.0745,1234.0323999999998,1188.4165,1198.6085,1116.5779
2006-11-01,1303.41,1321.41,1321.41,1301.29,13446985.0,dividend,中证红利,1249.6615000000002,1238.5284000000001,1191.526,1200.1844999999998,1118.7056499999999
2006-11-02,1324.07,1330.0,1331.79,1319.91,14222918.0,dividend,中证红利,1256.2485000000001,1243.2812000000001,1194.7493333333334,1201.913833333333,1120.9032
2006-11-03,1332.69,1333.87,1347.74,1332.62,13433722.0,dividend,中证红利,1262.5305,1248.7640000000001,1198.45,1203.443166666667,1123.06995
2006-11-06,1325.51,1370.94,1370.94,1325.51,15983517.0,dividend,中证红利,1269.4914999999999,1256.0048,1203.0561666666665,1204.8827500000002,1125.3265000000001
2006-11-07,1375.24,1364.27,1375.24,1345.11,14401084.0,dividend,中证红利,1275.8355,1263.2792,1207.1406666666667,1206.3320833333335,1127.50145
2006-11-08,1363.7,1340.11,1363.7,1339.57,8902055.0,dividend,中证红利,1280.8220000000001,1269.2968,1210.8623333333335,1207.3998333333332,1129.54565
2006-11-09,1334.73,1360.6,1364.08,1334.73,10830624.0,dividend,中证红利,1286.4434999999999,1275.7903999999999,1214.571,1208.7271666666668,1131.6811500000001
2006-11-10,1362.94,1335.43,1372.24,1330.67,14726664.0,dividend,中证红利,1290.7925,1280.8784,1217.8253333333334,1209.6239166666667,1133.7069
2006-11-13,1333.72,1302.69,1343.99,1298.01,10147234.0,dividend,中证红利,1294.0035000000003,1283.7172,1220.979,1210.1005,1135.52745
2006-11-14,1299.62,1304.11,1306.49,1268.89,8865928.0,dividend,中证红利,1297.5375,1286.386,1223.8476666666668,1210.9082500000002,1137.38635
2006-11-15,1301.42,1349.15,1349.15,1298.48,11868068.0,dividend,中证红利,1302.572,1290.7368000000001,1227.2545,1212.2030000000002,1139.5429
2006-11-16,1352.53,1340.69,1370.71,1339.86,15529431.0,dividend,中证红利,1307.04,1294.4376,1230.6813333333334,1213.5104166666667,1141.6413499999999
2006-11-17,1333.07,1379.0,1379.0,1333.07,12414566.0,dividend,中证红利,1313.6779999999999,1299.6596,1234.8011666666669,1214.9765,1143.84025
2006-11-20,1386.98,1408.72,1408.72,1386.08,16037344.0,dividend,中证红利,1322.895,1306.4696000000001,1239.455666666667,1216.43225,1146.12365
2006-11-21,1406.07,1425.16,1425.16,1386.07,13756653.0,dividend,中证红利,1331.4775,1314.1388,1244.2396666666668,1217.9644166666667,1148.4682
2006-11-22,1420.42,1426.55,1439.64,1413.83,15910991.0,dividend,中证红利,1339.9485,1321.2623999999998,1249.039,1219.51525,1150.8111999999999
2006-11-23,1425.78,1440.1,1447.33,1425.78,13752873.0,dividend,中证红利,1348.8615,1328.8132,1253.9616666666666,1220.9271666666668,1153.23635
2006-11-24,1438.31,1443.37,1449.35,1422.47,14172288.0,dividend,中证红利,1358.029,1336.6984,1258.8165,1222.4360833333333,1155.6440499999999
2006-11-27,1439.73,1461.65,1461.65,1439.73,14295240.0,dividend,中证红利,1367.002,1346.1892,1263.6263333333334,1224.0115833333332,1158.0225
2006-11-28,1460.77,1455.44,1463.48,1440.55,12276501.0,dividend,中证红利,1374.663,1354.2663999999997,1268.3136666666664,1225.5014999999999,1160.3823
2006-11-29,1433.11,1472.41,1479.24,1433.11,12697086.0,dividend,中证红利,1382.213,1362.8776,1273.2585,1227.71625,1162.8155
2006-11-30,1477.01,1524.85,1526.89,1477.01,18414150.0,dividend,中证红利,1391.9554999999998,1373.3980000000001,1279.0085000000001,1230.2988333333335,1165.5689
2006-12-01,1530.53,1533.01,1550.1,1530.53,17807468.0,dividend,中证红利,1401.9125,1384.3175999999999,1285.0706666666667,1233.1863333333336,1168.30755
2006-12-04,1537.6,1574.26,1574.26,1537.6,18938246.0,dividend,中证红利,1412.0785,1396.0004000000001,1291.5978333333335,1236.4141666666665,1171.2534999999998
2006-12-05,1579.12,1585.13,1594.11,1570.81,17716522.0,dividend,中证红利,1423.1215,1407.3167999999998,1298.3581666666664,1239.76975,1174.2391499999999
2006-12-06,1585.67,1563.43,1592.46,1525.24,21433840.0,dividend,中证红利,1434.2875,1416.9975999999997,1304.6731666666667,1243.1148333333333,1177.1033
2006-12-07,1560.17,1570.25,1605.15,1560.17,20545402.0,dividend,中证红利,1444.77,1426.6075999999998,1311.3700000000001,1246.522,1180.1205
2006-12-08,1554.19,1508.22,1563.56,1507.02,16278877.0,dividend,中证红利,1453.4095000000002,1433.5816,1316.9851666666666,1249.1794166666666,1182.81755
2006-12-11,1526.08,1573.87,1573.87,1520.2,13922941.0,dividend,中证红利,1466.9685,1441.6988000000001,1323.6531666666667,1252.3338333333334,1185.83795
2006-12-12,1580.66,1586.93,1595.42,1552.9,15499275.0,dividend,中证红利,1481.1095,1450.6052,1330.3603333333333,1255.5555833333335,1188.8339
2006-12-13,1588.36,1603.87,1605.03,1582.77,14681763.0,dividend,中证红利,1493.8455,1461.1556000000003,1337.4106666666667,1258.9272500000002,1191.90765
2006-12-14,1607.19,1627.31,1627.31,1607.19,13695570.0,dividend,中证红利,1508.1765,1471.8239999999998,1344.959,1262.5315,1195.0839
2006-12-15,1629.68,1644.07,1644.07,1623.38,12982009.0,dividend,中证红利,1521.43,1484.1696,1352.3428333333331,1266.2550833333335,1198.30045
2006-12-18,1653.95,1667.32,1675.15,1651.28,16653037.0,dividend,中证红利,1534.3600000000001,1498.7548000000002,1359.8876666666665,1270.0182499999999,1201.65285
2006-12-19,1676.3,1678.49,1685.79,1646.74,17886586.0,dividend,中证红利,1547.0265,1513.73,1367.6248333333335,1273.8957500000001,1205.05545
2006-12-20,1670.69,1685.17,1685.76,1657.36,15475419.0,dividend,中证红利,1559.9575,1527.1707999999999,1375.5608333333334,1277.7956666666664,1208.4684
2006-12-21,1683.07,1648.96,1683.07,1648.2,17769034.0,dividend,中证红利,1570.4005,1539.5016,1382.8571666666664,1281.1419166666667,1211.7627
2006-12-22,1654.74,1637.68,1656.99,1628.57,12806255.0,dividend,中证红利,1580.116,1549.8488,1390.2051666666666,1284.3915000000002,1214.9656
2006-12-25,1655.29,1668.71,1679.96,1650.46,15011246.0,dividend,中证红利,1590.4689999999998,1560.2484,1398.185,1287.7696666666666,1218.3358
2006-12-26,1673.55,1688.03,1695.95,1662.53,15448173.0,dividend,中证红利,1602.0985,1570.7632,1406.612,1291.4136666666666,1221.9039
2006-12-27,1688.03,1718.09,1718.09,1688.03,15262266.0,dividend,中证红利,1614.3825000000002,1582.4247999999998,1415.419,1295.4389999999999,1225.6693
2006-12-28,1720.89,1715.76,1752.27,1704.72,15564770.0,dividend,中证红利,1623.928,1593.4512,1424.044,1299.27325,1229.4205499999998
2006-12-29,1721.41,1763.69,1763.69,1721.41,18326110.0,dividend,中证红利,1635.462,1606.2640000000001,1433.3016666666667,1303.5745,1233.39235
2007-01-04,1787.38,1815.7,1859.35,1787.38,24143474.0,dividend,中证红利,1647.534,1620.4260000000002,1443.0346666666667,1308.3100000000002,1237.57545
2007-01-05,1805.95,1871.98,1874.69,1805.95,22722892.0,dividend,中证红利,1661.8764999999999,1637.0876,1453.6111666666666,1313.5137499999998,1242.0309
2007-01-08,1878.1,1927.41,1930.89,1878.1,20022184.0,dividend,中证红利,1680.0755000000001,1655.2875999999999,1465.0616666666667,1319.1689166666665,1246.7146
2007-01-09,1930.57,1998.77,1999.96,1927.89,18395140.0,dividend,中证红利,1701.5014999999999,1674.2444,1477.5716666666667,1325.9180833333332,1251.7754
2007-01-10,2004.75,2047.99,2047.99,1990.94,19226680.0,dividend,中证红利,1728.4899999999998,1694.8436000000002,1490.8973333333333,1333.0286666666666,1257.09635
2007-01-11,2051.26,2012.33,2070.65,2012.33,18621324.0,dividend,中证红利,1750.413,1712.3664,1503.7949999999998,1339.7158333333332,1262.1817
2007-01-12,1993.94,1929.26,2020.71,1925.79,17784628.0,dividend,中证红利,1767.5295,1726.1315999999997,1515.3921666666668,1345.6998333333333,1266.85935
2007-01-15,1923.11,2029.73,2029.73,1923.11,15301512.0,dividend,中证红利,1788.8224999999998,1744.7836000000002,1528.4133333333334,1352.7544999999998,1272.02935
2007-01-16,2032.98,2062.2,2062.83,2019.67,16963902.0,dividend,中证红利,1810.5670000000002,1764.4616,1541.9278333333334,1360.0443333333335,1277.3586
2007-01-17,2069.76,2064.54,2126.41,2018.7,21729118.0,dividend,中证红利,1831.5905000000002,1786.7144,1555.5661666666667,1367.3016666666667,1282.7191
2007-01-18,2056.89,2055.73,2074.47,1995.24,18920960.0,dividend,中证红利,1851.011,1805.9888,1569.422,1374.5004166666665,1288.0259999999998
2007-01-19,2059.49,2122.33,2122.33,2059.49,21218620.0,dividend,中证红利,1873.203,1827.4047999999998,1583.9023333333332,1382.1161666666667,1293.65385
2007-01-22,2132.02,2217.93,2217.93,2132.02,22684308.0,dividend,中证红利,1899.841,1851.9671999999998,1599.9156666666668,1390.5195833333335,1299.71855
2007-01-23,2236.21,2250.65,2250.65,2177.63,23858560.0,dividend,中证红利,1929.9255,1876.9008,1616.3958333333333,1399.2995,1305.9794
2007-01-24,2251.8,2276.44,2289.14,2249.95,20500132.0,dividend,中证红利,1961.8635,1902.1956,1633.3361666666667,1408.3680833333333,1312.3624499999999
2007-01-25,2251.88,2176.37,2253.03,2176.37,19567170.0,dividend,中证红利,1987.2465,1922.5576,1648.2391666666667,1416.9606666666666,1318.19455
2007-01-26,2152.4,2212.56,2212.89,2084.82,17896728.0,dividend,中证红利,2013.473,1943.9204,1663.4115,1425.914,1324.15735
2007-01-29,2227.4,2286.36,2286.36,2227.4,17589088.0,dividend,中证红利,2041.8864999999998,1967.968,1679.494,1435.51,1330.4428
2007-01-30,2298.62,2285.35,2317.62,2279.51,18162144.0,dividend,中证红利,2070.3660000000004,1993.4235999999999,1695.4164999999998,1445.0829166666667,1336.7223500000002
2007-01-31,2275.91,2136.56,2279.75,2130.4,17623320.0,dividend,中证红利,2089.0095,2013.3787999999997,1708.794666666667,1453.6223333333332,1342.2581
2007-02-01,2103.37,2122.23,2144.45,2060.86,14955011.0,dividend,中证红利,2104.336,2031.5195999999999,1721.3161666666667,1462.1861666666666,1347.645
2007-02-02,2123.31,2039.91,2123.31,2039.82,14602161.0,dividend,中证红利,2112.7325,2045.5947999999999,1732.5768333333333,1469.8587499999999,1352.5727000000002
2007-02-05,2023.25,2020.81,2047.5,2007.01,12166042.0,dividend,中证红利,2117.4024999999997,2057.7036000000003,1743.9218333333333,1477.3920833333332,1357.4456
2007-02-06,2027.05,2046.09,2046.09,1960.53,17518202.0,dividend,中证红利,2119.7685,2070.9168,1755.3466666666668,1484.9588333333336,1362.5154499999999
2007-02-07,2059.48,2101.02,2115.51,2059.48,18152438.0,dividend,中证红利,2122.42,2084.41,1768.1065,1492.9659166666668,1367.7361
2007-02-08,2107.58,2160.55,2160.55,2097.12,18192536.0,dividend,中证红利,2129.831,2098.2039999999997,1782.4041666666667,1501.6915833333333,1373.2160999999999
2007-02-09,2166.75,2155.53,2166.8,2124.38,15554010.0,dividend,中证红利,2141.1445,2109.546,1796.5945,1510.2210833333334,1378.6427
2007-02-12,2156.24,2225.77,2225.77,2156.24,14773024.0,dividend,中证红利,2150.9465,2121.4804,1811.2048333333332,1519.2296666666666,1384.4078999999997
2007-02-13,2232.63,2258.48,2263.02,2228.01,15247972.0,dividend,中证红利,2160.7605,2131.8687999999997,1826.5013333333334,1528.5913333333333,1390.39285
2007-02-14,2258.48,2320.01,2329.61,2258.48,16419311.0,dividend,中证红利,2173.534,2142.7496,1842.1848333333332,1538.493,1396.6302500000002
2007-02-15,2332.8,2398.42,2398.85,2332.8,19179604.0,dividend,中证红利,2190.6685,2158.1931999999997,1858.6798333333331,1549.06775,1403.3243499999999
2007-02-16,2421.57,2424.03,2463.8,2407.79,19536688.0,dividend,中证红利,2205.7535,2177.9840000000004,1875.3276666666666,1559.7836666666667,1410.19555
2007-02-26,2440.09,2519.99,2522.16,2430.09,19082680.0,dividend,中证红利,2220.8565,2197.5944,1893.5516666666667,1571.2953333333332,1417.4696
2007-02-27,2531.84,2282.77,2542.67,2282.77,29000368.0,dividend,中证红利,2222.4625,2206.4172,1907.5961666666667,1580.7789166666666,1423.5738000000001
2007-02-28,2235.05,2385.03,2397.08,2235.05,22021676.0,dividend,中证红利,2227.8920000000003,2219.2368,1923.2905,1591.0534999999998,1430.1645500000002
2007-03-01,2397.57,2305.38,2397.57,2270.37,21361728.0,dividend,中证红利,2234.3424999999997,2229.2228,1937.3526666666664,1600.4895,1436.1727500000002
2007-03-02,2297.0,2326.79,2336.07,2287.84,13516712.0,dividend,中证红利,2240.054,2237.4012000000002,1951.875166666667,1610.0944166666668,1442.1939499999999
2007-03-05,2321.33,2291.59,2357.28,2236.39,16232661.0,dividend,中证红利,2240.3155,2240.3476,1965.5281666666667,1619.3933333333334,1447.9904500000002
2007-03-06,2280.73,2306.49,2316.69,2268.56,11172305.0,dividend,中证红利,2241.3725000000004,2242.5812,1978.5555,1628.782,1453.9105000000002
2007-03-07,2321.66,2371.77,2371.77,2321.66,14220720.0,dividend,中证红利,2253.133,2246.3944,1992.5348333333334,1638.80275,1460.0176
2007-03-08,2379.24,2404.3,2404.3,2357.05,15876832.0,dividend,中证红利,2267.2365,2255.5116,2006.3688333333332,1648.9833333333333,1466.04815
2007-03-09,2410.49,2392.89,2417.06,2364.57,16254951.0,dividend,中证红利,2284.8855,2262.7248,2019.8315,1659.0948333333333,1472.0608499999998
2007-03-12,2393.98,2409.31,2409.31,2355.12,16019303.0,dividend,中证红利,2304.3105,2267.6428,2033.9294999999997,1669.3013333333333,1478.0475
2007-03-13,2411.55,2441.49,2443.24,2403.54,17429230.0,dividend,中证红利,2324.0805,2273.8884,2048.4501666666665,1679.9100833333332,1484.2483500000003
2007-03-14,2412.48,2383.62,2412.48,2344.72,18342922.0,dividend,中证红利,2338.2105,2283.7708000000002,2063.0401666666667,1690.0126666666665,1490.02735
2007-03-15,2380.51,2432.7,2432.7,2380.51,17994288.0,dividend,中证红利,2351.818,2296.1895999999997,2077.3540000000003,1700.5035833333334,1495.96335
2007-03-16,2439.62,2376.0,2439.62,2357.22,17736726.0,dividend,中证红利,2362.8415,2309.6332,2090.505166666667,1710.43275,1501.80745
2007-03-19,2298.02,2409.51,2411.84,2298.02,16338058.0,dividend,中证红利,2372.0285,2325.1812,2103.9325,1720.6715833333333,1507.8861
2007-03-20,2415.04,2435.44,2435.47,2402.17,14427734.0,dividend,中证红利,2380.8765,2340.7552,2117.4013333333332,1731.1801666666665,1514.1443
2007-03-21,2442.98,2461.0,2461.0,2427.92,15650991.0,dividend,中证红利,2387.926,2355.1544,2131.0168333333336,1741.6798333333331,1520.4339499999999
2007-03-22,2475.45,2480.97,2512.86,2475.45,21145248.0,dividend,中证红利,2392.0535,2367.9712,2144.5776666666666,1752.2326666666665,1526.6686500000003
2007-03-23,2487.65,2514.82,2516.41,2445.58,20066040.0,dividend,中证红利,2396.593,2382.3428000000004,2158.5164999999997,1763.0706666666667,1533.03625
2007-03-26,2531.09,2564.33,2564.33,2524.85,18494954.0,dividend,中证红利,2398.8100000000004,2395.8851999999997,2173.1691666666666,1774.3650000000002,1539.65565
2007-03-27,2578.37,2579.06,2590.27,2553.3,21169006.0,dividend,中证红利,2413.6245,2408.7084000000004,2188.670833333333,1785.7640000000001,1546.1975999999997
2007-03-28,2583.16,2587.86,2596.21,2478.76,26054400.0,dividend,中证红利,2423.766,2419.4224,2204.5071666666668,1797.3561666666667,1552.8254000000002
2007-03-29,2592.39,2545.05,2592.39,2545.05,24219922.0,dividend,中证红利,2435.7495000000004,2425.2876,2219.1128333333336,1808.6489166666668,1559.1877000000002
2007-03-30,2537.84,2564.18,2578.58,2534.74,16993084.0,dividend,中证红利,2447.619,2430.8936,2233.7153333333335,1820.1636666666668,1565.62535
2007-04-02,2581.58,2644.1,2644.1,2581.58,21013338.0,dividend,中证红利,2465.2445,2435.8579999999997,2249.1488333333336,1832.2839166666668,1572.8126499999998
2007-04-03,2658.83,2677.91,2679.93,2658.83,23060668.0,dividend,中证红利,2483.8154999999997,2451.6636000000003,2265.1846666666665,1844.6143333333334,1580.1275
2007-04-04,2682.66,2691.27,2703.26,2663.38,20563176.0,dividend,中证红利,2499.7905,2463.9132,2280.644333333333,1856.9730000000002,1587.6512999999998
2007-04-05,2690.09,2724.58,2726.39,2683.07,19110108.0,dividend,中证红利,2515.8044999999997,2480.6812,2295.792333333333,1869.4134999999999,1595.3396
2007-04-06,2706.85,2759.18,2762.98,2706.85,20565452.0,dividend,中证红利,2534.1189999999997,2497.9768,2310.5789999999997,1882.0950833333332,1603.2232000000001
2007-04-09,2798.87,2829.74,2840.61,2798.87,24353834.0,dividend,中证红利,2555.1405000000004,2519.5028,2325.6178333333332,1895.33975,1611.5618
2007-04-10,2843.1,2880.19,2880.19,2813.59,25517834.0,dividend,中证红利,2577.0755,2542.4508,2340.308166666667,1908.9399166666667,1620.1557999999998
2007-04-11,2890.33,2907.09,2907.09,2847.96,25667876.0,dividend,中证红利,2603.2490000000003,2563.8635999999997,2354.6265,1922.7619166666666,1628.7446
2007-04-12,2911.01,2960.7,2960.7,2902.92,23708484.0,dividend,中证红利,2629.649,2586.1196,2370.4326666666666,1937.113833333333,1637.5714
2007-04-13,2968.79,2937.52,2980.93,2936.47,25927532.0,dividend,中证红利,2657.725,2607.9048,2387.237,1951.3145833333333,1646.2574
2007-04-16,2947.9,3011.26,3011.26,2947.9,20849762.0,dividend,中证红利,2687.8125,2631.9827999999998,2403.5958333333333,1966.0045833333331,1655.3173499999998
2007-04-17,3034.33,3059.84,3062.38,2960.2,25571158.0,dividend,中证红利,2719.0325000000003,2656.7168,2420.223166666667,1981.0755,1664.64255
2007-04-18,3071.83,3127.2,3130.35,3052.73,27593928.0,dividend,中证红利,2752.3424999999997,2686.46,2437.9341666666664,1996.7501666666665,1674.2923500000002
2007-04-19,3123.63,2984.66,3123.63,2913.04,29521594.0,dividend,中证红利,2777.527,2708.5384000000004,2453.4163333333336,2011.4191666666666,1683.13695
2007-04-20,3001.88,3124.32,3134.16,3001.88,22534864.0,dividend,中证红利,2808.002,2738.4712,2470.1161666666667,2027.00925,1692.6926
2007-04-23,3170.67,3294.24,3294.53,3170.67,27545000.0,dividend,中证红利,2844.4975,2773.8604000000005,2488.0546666666664,2043.9851666666666,1703.0779
2007-04-24,3323.78,3344.32,3388.94,3305.05,30846824.0,dividend,中证红利,2882.7605,2810.2156,2506.2825000000003,2061.3391666666666,1713.56245
2007-04-25,3330.93,3340.16,3346.28,3260.37,24959772.0,dividend,中证红利,2920.3755,2845.382,2524.0111666666667,2078.6736666666666,1724.0246
2007-04-26,3352.56,3374.65,3374.65,3349.04,18572704.0,dividend,中证红利,2961.8554999999997,2881.1292,2543.9825,2096.110833333333,1734.5811999999999
2007-04-27,3389.56,3340.3,3389.56,3333.71,19875390.0,dividend,中证红利,3000.6614999999997,2914.1483999999996,2562.7781666666665,2113.094833333333,1745.02895
2007-04-30,3339.97,3386.36,3386.36,3339.97,22848216.0,dividend,中证红利,3037.7745,2947.0296,2581.1115,2130.3027500000003,1755.7855
2007-05-08,3408.76,3544.62,3544.66,3408.76,25659184.0,dividend,中证红利,3081.11,2985.652,2602.099333333333,2148.757916666667,1767.23035
2007-05-09,3561.48,3546.5,3582.99,3452.28,31935064.0,dividend,中证红利,3123.8715,3023.9976,2625.5983333333334,2167.1965,1778.7251500000002
2007-05-10,3549.97,3600.53,3618.76,3548.93,27733256.0,dividend,中证红利,3167.6690000000003,3066.2168,2650.2366666666667,2185.7764166666666,1790.4906
2007-05-11,3579.13,3568.69,3601.45,3523.16,23239690.0,dividend,中证红利,3208.1445,3106.3972,2675.7163333333333,2204.146583333333,1802.0964000000001
2007-05-14,3511.47,3591.42,3619.18,3511.47,22665246.0,dividend,中证红利,3246.2285,3144.29,2701.893166666667,2222.9075000000003,1813.80955
2007-05-15,3591.42,3459.84,3601.15,3457.16,21667208.0,dividend,中证红利,3275.2110000000002,3175.5672000000004,2725.4556666666667,2240.401166666666,1825.1644000000001
2007-05-16,3447.43,3540.31,3540.31,3392.94,19849860.0,dividend,中证红利,3306.8720000000003,3209.5288,2749.4438333333333,2258.7751666666663,1836.89235
2007-05-17,3556.06,3609.17,3620.97,3555.32,21188580.0,dividend,中证红利,3339.2955,3244.9123999999997,2773.5875,2277.9958333333334,1848.88885
2007-05-18,3605.72,3610.16,3642.35,3583.65,19439632.0,dividend,中证红利,3372.9275000000002,3278.9516000000003,2797.8313333333335,2297.2129166666664,1860.88375
2007-05-21,3482.57,3684.38,3700.56,3482.57,25362424.0,dividend,中证红利,3406.5834999999997,3313.1372,2822.1414999999997,2316.673166666667,1873.3898000000002
2007-05-22,3701.33,3738.13,3765.03,3701.18,29935876.0,dividend,中证红利,3440.4980000000005,3347.4548,2846.8023333333335,2336.651833333334,1886.1433499999998
2007-05-23,3755.16,3812.72,3812.72,3719.05,25656324.0,dividend,中证红利,3474.774,3383.68,2871.6808333333333,2356.9328333333333,1899.23865
2007-05-24,3823.79,3753.87,3824.47,3707.32,27348176.0,dividend,中证红利,3513.2345,3415.4068000000007,2894.2716666666665,2376.4757499999996,1912.0485999999999
2007-05-25,3735.66,3791.17,3797.6,3735.66,22980672.0,dividend,中证红利,3546.577,3449.5528000000004,2917.057333333333,2396.1925,1924.96225
2007-05-28,3836.63,3877.62,3887.97,3836.63,29383048.0,dividend,中证红利,3575.746,3484.2072000000003,2939.6845000000003,2416.6180833333333,1938.3027499999998
2007-05-29,3899.78,3991.31,3991.31,3899.78,29063264.0,dividend,中证红利,3608.0954999999994,3521.466,2968.160166666667,2437.878166666667,1952.274
2007-05-30,3739.87,3688.23,3934.7,3672.23,32276084.0,dividend,中证红利,3625.4990000000007,3543.9071999999996,2989.880166666667,2456.5853333333334,1964.7741
2007-05-31,3611.12,3689.33,3753.86,3429.07,31217568.0,dividend,中证红利,3641.233,3572.0939999999996,3012.9460000000004,2475.1493333333333,1977.4944499999997
2007-06-01,3711.62,3526.34,3758.8,3523.6,29214214.0,dividend,中证红利,3650.535,3588.1748,3032.9384999999997,2492.406833333333,1989.43535
2007-06-04,3522.72,3220.39,3522.72,3212.41,22435034.0,dividend,中证红利,3642.2365,3585.2208,3048.4185,2506.9733333333334,1999.8631
2007-06-05,3179.48,3336.88,3336.88,2962.42,29268886.0,dividend,中证红利,3631.8494999999994,3584.9232,3065.5916666666667,2522.0735833333333,2010.8645000000001
2007-06-06,3363.08,3383.47,3410.02,3299.52,24711988.0,dividend,中证红利,3623.6979999999994,3586.6556,3082.453333333333,2537.4940833333335,2022.2226999999998
2007-06-07,3383.47,3515.88,3515.88,3383.47,23849132.0,dividend,中证红利,3619.4655,3592.3048000000003,3100.9796666666666,2553.6742500000005,2034.3292499999998
2007-06-08,3524.55,3564.76,3582.72,3502.76,21844984.0,dividend,中证红利,3619.2689999999993,3601.2832,3120.5108333333333,2570.1711666666665,2046.5570500000001
2007-06-11,3595.56,3639.53,3640.64,3591.18,23047298.0,dividend,中证红利,3621.6745,3611.41,3141.0144999999998,2587.472,2059.1706499999996
2007-06-12,3666.1,3808.51,3808.51,3618.53,28333564.0,dividend,中证红利,3639.108,3621.9656,3163.798166666667,2606.124166666667,2072.5228
2007-06-13,3858.28,3863.99,3907.78,3857.15,27940354.0,dividend,中证红利,3655.2920000000004,3634.6651999999995,3188.471,2625.755583333333,2086.1418999999996
2007-06-14,3849.85,3807.91,3860.52,3807.91,22636376.0,dividend,中证红利,3665.2290000000003,3642.9604,3211.391166666667,2644.372583333333,2099.6141000000002
2007-06-15,3768.22,3802.84,3828.3,3765.66,17123548.0,dividend,中证红利,3674.8630000000003,3652.3264,3235.1718333333333,2662.8385,2112.96835
2007-06-18,3879.43,3914.49,3925.83,3879.43,22740908.0,dividend,中证红利,3686.3684999999996,3665.2491999999997,3260.2548333333334,2682.0936666666666,2126.8171
2007-06-19,3925.07,3948.89,3948.89,3877.01,19666456.0,dividend,中证红利,3696.9064999999996,3684.8112,3285.4790000000003,2701.4401666666668,2140.88615
2007-06-20,3964.43,3871.65,4015.82,3871.65,23526594.0,dividend,中证红利,3699.8530000000005,3698.0647999999997,3308.9898333333335,2720.003333333333,2154.58535
2007-06-21,3856.55,3893.46,3898.85,3839.46,18158076.0,dividend,中证红利,3706.8324999999995,3709.4364,3332.5313333333334,2738.5544999999997,2168.4054
2007-06-22,3899.08,3733.07,3906.51,3684.15,20436128.0,dividend,中证红利,3703.9275000000002,3714.3527999999997,3352.8355,2755.676,2181.38015
2007-06-25,3755.77,3520.56,3755.77,3518.69,18020936.0,dividend,中证红利,3686.0745,3707.8,3368.7726666666663,2770.9709166666667,2193.29
2007-06-26,3433.88,3584.94,3584.94,3423.15,15104055.0,dividend,中证红利,3665.7560000000003,3701.6724,3385.537333333333,2787.104083333333,2205.491
2007-06-27,3605.89,3689.45,3698.38,3574.76,15505414.0,dividend,中证红利,3665.817,3696.7416000000003,3403.897166666667,2804.202166666667,2218.17785
2007-06-28,3685.75,3520.95,3712.75,3520.95,18060018.0,dividend,中证红利,3657.398,3687.4248000000002,3420.1621666666665,2819.6375,2229.9173
2007-06-29,3462.66,3464.77,3543.88,3434.46,16235722.0,dividend,中证红利,3654.3195,3674.3688,3435.172,2834.4436666666666,2241.37015
2007-07-02,3453.14,3507.61,3535.83,3412.32,12798170.0,dividend,中证红利,3668.6805,3659.5683999999997,3449.563833333333,2849.3563333333336,2253.0296
2007-07-03,3540.56,3562.61,3562.61,3498.74,11095435.0,dividend,中证红利,3679.9670000000006,3642.4204,3464.3088333333335,2864.74675,2264.9434
2007-07-04,3571.3,3493.31,3578.68,3491.47,8943639.0,dividend,中证红利,3685.4590000000003,3634.6236000000004,3477.6761666666666,2879.1602500000004,2276.56355
2007-07-05,3432.99,3282.7,3432.99,3282.6,9823737.0,dividend,中证红利,3673.8,3618.3584,3486.9781666666668,2891.3852500000003,2287.0638999999996
2007-07-06,3339.62,3441.75,3441.75,3207.75,12398834.0,dividend,中证红利,3667.6495000000004,3614.9748,3498.3543333333337,2904.4666666666667,2298.3751
2007-07-09,3481.8,3556.27,3569.12,3463.82,12831919.0,dividend,中证红利,3663.4865,3628.41,3510.463166666667,2918.0405,2310.2338
2007-07-10,3557.07,3459.47,3557.07,3450.22,10700074.0,dividend,中证红利,3646.0345,3633.3136,3520.117833333333,2930.213,2321.6889499999997
2007-07-11,3436.26,3481.43,3481.43,3420.92,7277322.0,dividend,中证红利,3626.9064999999996,3637.232,3529.6901666666668,2942.1583333333333,2333.23955
2007-07-12,3490.17,3490.21,3501.04,3458.69,7203267.0,dividend,中证红利,3611.0215000000003,3636.2051999999994,3538.5153333333337,2954.4739999999997,2344.82165
2007-07-13,3497.38,3512.59,3516.64,3458.87,6881953.0,dividend,中证红利,3596.5089999999996,3634.1184000000003,3548.099833333333,2967.668416666667,2356.4621
2007-07-16,3496.27,3393.22,3496.27,3393.22,6839725.0,dividend,中证红利,3570.4455000000003,3624.2660000000005,3554.4658333333336,2979.0308333333332,2367.52395
2007-07-17,3386.97,3439.32,3468.58,3371.79,7194974.0,dividend,中证红利,3544.9669999999996,3609.4983999999995,3560.7905,2990.506833333333,2378.8485
2007-07-18,3438.0,3455.17,3499.46,3416.46,10204531.0,dividend,中证红利,3524.143,3593.1456,3566.2566666666667,3002.0954166666666,2390.11915
2007-07-19,3449.35,3427.62,3450.7,3413.04,7240099.0,dividend,中证红利,3500.851,3577.934,3573.6393333333335,3013.5278333333335,2401.1841
2007-07-20,3426.51,3540.01,3540.01,3426.51,11915863.0,dividend,中证红利,3491.1979999999994,3567.4208000000003,3580.5674999999997,3025.3418333333334,2412.8128500000003
2007-07-23,3552.63,3773.1,3773.1,3552.63,22147608.0,dividend,中证红利,3503.825,3561.7652000000003,3588.5485,3038.3015833333334,2425.6333
2007-07-24,3813.07,3779.9,3862.42,3779.54,22543232.0,dividend,中证红利,3513.5729999999994,3555.0056,3595.8081666666667,3051.0453333333335,2438.4769
2007-07-25,3781.76,3892.08,3892.08,3781.76,15688360.0,dividend,中证红利,3523.7045,3555.8228000000004,3605.0068333333334,3064.5089999999996,2451.9533
2007-07-26,3924.94,3932.66,3946.03,3889.16,15631636.0,dividend,中证红利,3544.29,3557.3908,3614.3070000000002,3079.14475,2465.667
2007-07-27,3906.14,3986.81,3998.22,3893.06,16670395.0,dividend,中证红利,3570.392,3567.5404000000003,3625.082166666667,3093.9301666666665,2479.689
2007-07-30,3989.97,4103.8,4129.79,3989.97,19128774.0,dividend,中证红利,3600.2015,3590.87,3637.0395,3109.0755,2494.2596500000004
2007-07-31,4105.51,4164.31,4176.73,4105.51,18176326.0,dividend,中证红利,3630.2864999999997,3614.0448000000006,3647.3676666666665,3124.7335000000003,2509.0899000000004
2007-08-01,4179.71,3995.39,4195.65,3994.21,18920348.0,dividend,中证红利,3655.3905,3626.2824,3654.849166666667,3140.22375,2523.0256999999997
2007-08-02,4014.75,4128.08,4147.6,4013.16,15838332.0,dividend,中证红利,3697.6595,3650.5676000000003,3663.641666666667,3156.9391666666666,2537.5075
2007-08-03,4160.35,4199.18,4202.93,4133.09,16654858.0,dividend,中证红利,3735.531,3679.9439999999995,3674.1498333333334,3174.933083333334,2552.31645
2007-08-06,4250.11,4344.7,4344.7,4250.11,18448160.0,dividend,中证红利,3774.9525000000003,3713.4275999999995,3686.7045,3194.2988333333333,2567.83805
2007-08-07,4352.65,4363.1,4411.65,4290.96,19877136.0,dividend,中证红利,3820.1339999999996,3745.4472000000005,3701.7588333333333,3213.60725,2583.4127
2007-08-08,4326.79,4274.46,4326.79,4220.32,16058638.0,dividend,中证红利,3859.7855000000004,3776.6931999999997,3713.9946666666665,3231.7192500000006,2598.54275
2007-08-09,4261.93,4339.99,4340.23,4261.93,12819898.0,dividend,中证红利,3902.2744999999995,3818.9847999999997,3726.175,3249.88125,2614.05035
2007-08-10,4329.33,4303.02,4355.46,4244.95,15182674.0,dividend,中证红利,3941.796,3853.4356,3737.722666666667,3267.777,2629.3983000000003
2007-08-13,4307.63,4309.88,4351.75,4277.58,18604152.0,dividend,中证红利,3987.629,3883.58,3748.1476666666667,3285.1445833333332,2644.7054
2007-08-14,4316.9,4364.19,4364.19,4298.8,13594594.0,dividend,中证红利,4033.8725000000004,3919.7688,3758.582,3302.6921666666667,2660.2697
2007-08-15,4375.41,4364.6,4390.49,4272.44,14067204.0,dividend,中证红利,4079.3439999999996,3955.0956,3767.7799999999997,3319.7304166666668,2675.8615000000004
2007-08-16,4346.49,4296.48,4346.49,4264.39,12854235.0,dividend,中证红利,4122.786999999999,3987.3464000000004,3776.8235,3335.5475833333335,2691.222
2007-08-17,4296.48,4217.18,4340.31,4206.66,12527545.0,dividend,中证红利,4156.6455000000005,4015.53,3783.9236666666666,3350.4905,2706.0403499999998
2007-08-20,4333.74,4489.15,4489.15,4333.74,16539934.0,dividend,中证红利,4192.447999999999,4059.3671999999997,3794.115833333333,3366.900166666667,2722.20045
2007-08-21,4536.68,4563.69,4592.11,4525.74,17061604.0,dividend,中证红利,4231.6375,4104.342000000001,3803.6555,3385.907833333333,2738.7097000000003
2007-08-22,4492.01,4596.34,4619.39,4492.01,16922420.0,dividend,中证红利,4266.8505,4149.9888,3818.7906666666668,3404.335416666667,2755.3913000000002
2007-08-23,4619.51,4658.62,4658.62,4561.15,15534964.0,dividend,中证红利,4303.1485,4199.2288,3834.9455,3423.94575,2772.27345
2007-08-24,4723.4,4751.49,4771.14,4717.3,16961988.0,dividend,中证红利,4341.3825,4247.688,3855.364666666667,3444.1515833333333,2789.5198
2007-08-27,4797.05,4782.9,4825.98,4743.79,18558366.0,dividend,中证红利,4375.3375,4288.08,3881.4064999999996,3464.9125,2806.8272500000003
2007-08-28,4755.96,4794.06,4795.46,4668.77,18857786.0,dividend,中证红利,4406.825,4328.6464000000005,3905.6928333333335,3485.64225,2824.14755
2007-08-29,4766.12,4712.66,4809.31,4677.99,18920020.0,dividend,中证红利,4442.6885,4361.469599999999,3927.846,3505.1496666666662,2841.0415000000003
2007-08-30,4736.69,4796.76,4799.14,4711.77,16288995.0,dividend,中证红利,4476.1224999999995,4396.0336,3949.1940000000004,3525.0868333333333,2858.1706
2007-08-31,4818.06,4894.49,4905.3,4818.06,17767486.0,dividend,中证红利,4510.888000000001,4432.3408,3971.3561666666665,3545.9334999999996,2875.8217
2007-09-03,4933.21,5118.68,5128.18,4933.21,21729364.0,dividend,中证红利,4549.5869999999995,4472.936,3996.0086666666666,3568.5115833333334,2894.71455
2007-09-04,5150.87,5091.3,5156.86,5072.19,18973380.0,dividend,中证红利,4585.997,4510.0156,4017.3885,3590.5933333333332,2913.36805
2007-09-05,5119.32,5137.76,5137.76,5033.47,15759115.0,dividend,中证红利,4629.161999999999,4555.7104,4038.618,3613.5445000000004,2932.3796999999995
2007-09-06,5178.93,5201.4,5238.36,5175.08,16437886.0,dividend,中证红利,4672.2325,4598.6431999999995,4061.8428333333336,3636.6169999999997,2951.87325
2007-09-07,5194.92,5108.77,5194.92,5107.39,18835460.0,dividend,中证红利,4712.5199999999995,4635.0268,4083.608333333333,3659.390083333333,2970.8965500000004
2007-09-10,5035.6,5202.21,5202.21,5008.3,14671050.0,dividend,中证红利,4757.1365,4669.327200000001,4105.070333333333,3682.6625833333333,2990.16185
2007-09-11,5199.4,4935.77,5244.04,4932.25,16809940.0,dividend,中证红利,4785.7155,4692.234,4121.518333333333,3703.4986666666664,3008.13725
2007-09-12,4906.99,5038.36,5038.36,4892.76,15773393.0,dividend,中证红利,4819.4035,4722.79,4140.9635,3724.9766666666665,3026.4340500000003
2007-09-13,5071.47,5209.68,5209.68,5062.81,15149495.0,dividend,中证红利,4865.063499999999,4757.5776000000005,4162.9005,3747.715916666667,3045.43885
2007-09-14,5235.01,5331.35,5333.85,5188.51,16878824.0,dividend,中证红利,4920.772,4798.7108,4189.5385,3771.187,3064.9698000000003
2007-09-17,5319.07,5514.92,5514.92,5319.07,18061892.0,dividend,中证红利,4972.0605000000005,4846.9124,4222.777833333334,3795.7752499999997,3085.41165
2007-09-18,5555.04,5500.99,5556.65,5426.18,19873446.0,dividend,中证红利,5018.9255,4892.3844,4254.712,3820.124666666666,3105.7160999999996
2007-09-19,5504.13,5414.06,5504.13,5384.79,15435528.0,dividend,中证红利,5059.811500000001,4934.3628,4283.4555,3843.676333333334,3125.56955
2007-09-20,5435.91,5481.64,5489.21,5410.49,13816555.0,dividend,中证红利,5100.9625,4981.769200000001,4316.133666666667,3868.147916666667,3145.6695
2007-09-21,5494.39,5404.17,5494.39,5288.52,13853934.0,dividend,中证红利,5133.596500000001,5029.2488,4348.456999999999,3891.8145000000004,3165.41315
2007-09-24,5413.03,5445.44,5464.93,5294.33,12218875.0,dividend,中证红利,5166.7235,5067.500400000001,4380.754166666667,3915.159,3185.2783
2007-09-25,5447.15,5313.86,5447.15,5286.69,9670608.0,dividend,中证红利,5192.7135,5097.5072,4409.941666666667,3937.12525,3204.22335
2007-09-26,5297.29,5188.44,5338.43,5181.75,8875896.0,dividend,中证红利,5216.5025000000005,5121.1912,4438.193833333334,3957.935,3222.5005000000006
2007-09-27,5186.4,5280.09,5280.09,5157.22,7280730.0,dividend,中证红利,5240.669,5146.05,4471.483666666666,3979.2309166666664,3241.0296500000004
2007-09-28,5338.55,5426.17,5435.98,5338.55,11209288.0,dividend,中证红利,5267.253,5173.037200000001,4504.557333333333,4001.4558333333334,3260.2348500000003
2007-10-08,5466.42,5386.07,5466.42,5384.58,12505194.0,dividend,中证红利,5280.6224999999995,5197.164,4535.054,4022.7585833333333,3279.34805
2007-10-09,5373.29,5350.08,5373.29,5260.2,11876064.0,dividend,中证红利,5293.5615,5219.4048,4566.564166666666,4043.341,3298.2472
2007-10-10,5369.89,5395.84,5472.23,5369.89,15326555.0,dividend,中证红利,5306.4655,5246.732000000001,4598.4710000000005,4064.080583333334,3317.6853
2007-10-11,5400.44,5411.67,5422.53,5314.88,13293387.0,dividend,中证红利,5316.979,5271.328399999999,4630.495333333334,4084.5053333333335,3336.8743
2007-10-12,5441.26,5388.62,5446.68,5157.77,18149192.0,dividend,中证红利,5330.9715,5291.0936,4661.7625,4104.931166666666,3355.8827499999998
2007-10-15,5406.29,5619.74,5619.74,5360.81,18948628.0,dividend,中证红利,5351.848,5311.1359999999995,4698.871166666666,4126.6685,3375.9620999999997
2007-10-16,5668.87,5629.02,5702.46,5577.51,15193071.0,dividend,中证红利,5386.510499999999,5332.6448,4735.366166666668,4148.078333333334,3395.97065
2007-10-17,5613.28,5577.78,5640.07,5546.88,13217194.0,dividend,中证红利,5413.4815,5350.2456,4770.7429999999995,4168.499833333333,3415.6391999999996
2007-10-18,5561.85,5358.98,5561.85,5358.98,12154016.0,dividend,中证红利,5420.9465,5356.5488000000005,4802.932333333333,4188.285833333333,3434.0975
2007-10-19,5387.3,5338.26,5411.65,5300.46,9353704.0,dividend,中证红利,5421.2919999999995,5365.7284,4832.903166666667,4206.735333333334,3452.39635
2007-10-22,5266.34,5132.21,5266.34,5128.23,9446475.0,dividend,中证红利,5402.1565,5362.9284,4855.554999999999,4222.05175,3469.6315499999996
2007-10-23,5123.03,5194.46,5194.46,4998.17,9936859.0,dividend,中证红利,5386.83,5373.276,4879.130999999999,4237.4695833333335,3487.3590500000005
2007-10-24,5209.25,5175.2,5238.62,5173.4,10012383.0,dividend,中证红利,5374.887,5378.749600000001,4900.516333333334,4252.761583333334,3505.0466499999998
2007-10-25,5126.65,4829.81,5126.65,4829.29,12120452.0,dividend,中证红利,5342.2955,5363.5548,4915.468833333333,4264.8879166666675,3520.85215
2007-10-26,4780.94,4867.17,4893.84,4780.94,8200473.0,dividend,中证红利,5315.4455,5344.9876,4930.1415,4277.611833333333,3536.7478499999997
2007-10-29,4905.59,5049.46,5049.46,4905.59,7429083.0,dividend,中证红利,5295.6465,5326.369199999999,4945.9025,4291.4710000000005,3553.4047000000005
2007-10-30,5062.71,5132.3,5132.3,4980.23,9533265.0,dividend,中证红利,5286.568499999999,5311.6216,4962.035666666667,4304.701666666667,3570.4874
2007-10-31,5167.78,5185.23,5202.85,5113.81,11232826.0,dividend,中证红利,5286.407999999999,5302.4684,4981.866333333333,4318.35775,3587.5951
2007-11-01,5185.1,5021.79,5185.1,5021.79,10868342.0,dividend,中证红利,5273.493,5284.0743999999995,4996.761499999999,4330.201583333333,3603.6255499999997
2007-11-02,4937.1,4813.3,4937.1,4813.12,10340929.0,dividend,中证红利,5242.8495,5260.4396,5006.996833333334,4340.573333333334,3618.33215
2007-11-05,4783.63,4806.35,4891.66,4745.98,6903967.0,dividend,中证红利,5213.8635,5234.876,5014.691000000001,4350.69775,3632.72685
2007-11-06,4802.34,4784.27,4861.51,4765.33,5956230.0,dividend,中证红利,5185.573,5213.692400000001,5021.7105,4361.734666666667,3646.65435
2007-11-07,4812.89,4780.48,4828.57,4686.11,5952582.0,dividend,中证红利,5154.804999999999,5197.374,5030.144166666667,4372.069416666667,3660.3168
2007-11-08,4761.79,4542.17,4761.79,4539.72,7929127.0,dividend,中证红利,5111.33,5167.8571999999995,5033.5138333333325,4379.844416666666,3672.966
2007-11-09,4488.24,4434.89,4527.68,4413.36,8047166.0,dividend,中证红利,5063.6435,5128.206,5035.711666666667,4386.717166666667,3685.49415
2007-11-12,4332.04,4331.75,4382.05,4147.61,9273974.0,dividend,中证红利,4999.244,5086.0332,5036.076166666667,4392.111916666667,3697.00425
2007-11-13,4366.55,4331.63,4458.05,4270.88,9400869.0,dividend,中证红利,4934.3745,5045.2952000000005,5035.5335000000005,4397.057750000001,3708.3513999999996
2007-11-14,4399.52,4536.1,4536.1,4337.15,8861304.0,dividend,中证红利,4882.290500000001,5010.9056,5038.391833333332,4403.085916666667,3720.7092
2007-11-15,4521.05,4435.91,4550.9,4429.93,7228846.0,dividend,中证红利,4836.137,4971.8752,5040.715666666667,4408.769583333333,3732.6101
2007-11-16,4371.18,4387.13,4387.14,4307.12,5138362.0,dividend,中证红利,4788.5805,4931.8156,5043.5481666666665,4413.7359166666665,3743.9341
2007-11-19,4403.16,4470.19,4473.43,4403.16,5147691.0,dividend,中证红利,4755.4794999999995,4885.833600000001,5043.232166666667,4418.674,3755.1954000000005
2007-11-20,4451.48,4595.41,4612.62,4436.07,8877004.0,dividend,中证红利,4725.527,4844.4892,5043.760833333333,4423.708166666667,3766.9192
2007-11-21,4626.0,4531.09,4668.79,4531.09,7077461.0,dividend,中证红利,4693.3215,4802.6216,5042.673333333334,4430.732,3778.19245
2007-11-22,4440.05,4343.96,4498.54,4343.96,5603284.0,dividend,中证红利,4669.0289999999995,4762.0208,5037.429,4436.18725,3789.0303999999996
2007-11-23,4309.99,4427.23,4427.23,4295.6,4287386.0,dividend,中证红利,4647.032,4725.5796,5032.024666666667,4443.694666666666,3800.10375
2007-11-26,4502.13,4378.85,4510.66,4378.04,5096077.0,dividend,中证红利,4613.5015,4695.4452,5025.2905,4453.348500000001,3810.5661999999998
2007-11-27,4339.77,4321.99,4402.59,4311.48,4086695.0,dividend,中证红利,4572.986,4660.5464,5017.422666666666,4461.557750000001,3820.7494
2007-11-28,4339.84,4257.56,4368.68,4233.96,4967858.0,dividend,中证红利,4526.6025,4623.8408,5009.837666666667,4468.841833333334,3831.3544
2007-11-29,4309.58,4378.28,4391.53,4217.44,8430490.0,dividend,中证红利,4494.427,4605.7796,5002.863,4476.0285,3842.6346500000004
2007-11-30,4327.95,4265.16,4360.39,4252.2,6204784.0,dividend,中证红利,4467.0199999999995,4581.6992,4992.3741666666665,4481.865166666667,3853.7608999999998
2007-12-03,4251.0,4270.63,4290.84,4241.04,4374758.0,dividend,中证红利,4440.234,4550.545999999999,4978.24,4487.124333333334,3865.01
2007-12-04,4288.8,4339.33,4373.75,4288.8,6342282.0,dividend,中证红利,4417.987,4518.8272,4965.707166666666,4491.547833333333,3876.4762
2007-12-05,4344.65,4515.99,4515.99,4344.65,9746546.0,dividend,中证红利,4404.7625,4492.0576,4955.3443333333325,4496.9811666666665,3888.5510500000005
2007-12-06,4535.05,4518.32,4543.82,4480.74,6780700.0,dividend,中证红利,4403.570000000001,4471.9187999999995,4943.959666666667,4502.901249999999,3900.3399
2007-12-07,4532.55,4622.13,4642.07,4532.55,7648181.0,dividend,中证红利,4412.932,4464.272,4935.849,4509.728666666666,3912.6728999999996
2007-12-10,4557.68,4749.92,4757.21,4557.68,10083461.0,dividend,中证红利,4433.8405,4462.0148,4928.310833333333,4516.690583333333,3925.29365
2007-12-11,4768.16,4768.66,4778.61,4710.05,8445452.0,dividend,中证红利,4455.692,4461.3904,4925.525666666667,4523.522,3937.8445500000003
2007-12-12,4754.82,4771.06,4800.86,4743.65,8854113.0,dividend,中证红利,4467.44,4461.0136,4921.070666666667,4531.017083333333,3950.0998
2007-12-13,4756.86,4564.33,4770.48,4564.33,9815794.0,dividend,中证红利,4473.861,4461.9,4910.314833333333,4536.607666666667,3960.92935
2007-12-14,4505.19,4657.58,4657.58,4501.84,6935208.0,dividend,中证红利,4487.3835,4470.8076,4899.085333333333,4544.3119166666675,3972.0971000000004
2007-12-17,4662.58,4589.6,4662.58,4588.53,7289253.0,dividend,中证红利,4493.354,4481.1216,4883.663333333334,4553.220583333333,3982.44515
2007-12-18,4571.09,4596.63,4614.04,4556.01,5377146.0,dividend,中证红利,4493.414999999999,4491.7216,4868.590666666667,4561.651333333333,3994.01445
2007-12-19,4621.58,4729.81,4735.54,4621.58,8468381.0,dividend,中证红利,4503.351000000001,4499.47,4857.186499999999,4570.321,4005.7383499999996
2007-12-20,4739.43,4805.6,4817.64,4734.85,8273904.0,dividend,中证红利,4526.432999999999,4514.2576,4845.9191666666675,4581.026416666667,4018.23945
2007-12-21,4791.3,4885.97,4896.04,4791.3,9283139.0,dividend,中证红利,4549.37,4534.2112,4837.282499999999,4592.86975,4031.03535
2007-12-24,4911.82,4964.28,5010.73,4911.82,12542703.0,dividend,中证红利,4578.6415,4553.9748,4829.263166666667,4605.008666666667,4044.3988
2007-12-25,4970.78,5023.21,5037.28,4970.78,10181942.0,dividend,中证红利,4613.7025,4571.086800000001,4824.419,4617.180333333334,4057.9824
2007-12-26,5033.65,5075.67,5075.67,4993.2,8955599.0,dividend,中证红利,4654.608,4592.87,4822.5395,4630.366666666667,4071.5019
2007-12-27,5093.53,5143.15,5150.62,5083.25,10823426.0,dividend,中证红利,4692.8515,4624.8376,4820.257166666666,4645.870416666668,4085.1961499999998
2007-12-28,5164.78,5102.8,5165.96,5089.71,9049723.0,dividend,中证红利,4734.7335,4651.8604,4814.867666666667,4659.7125,4098.7457
2008-01-02,5113.94,5163.14,5181.89,5040.18,11297949.45,dividend,中证红利,4779.3589999999995,4683.232,4811.152166666667,4673.103083333333,4112.51485
2008-01-03,5159.08,5315.44,5315.44,5126.13,17552384.24,dividend,中证红利,4828.1645,4722.97,4810.574833333333,4688.5695000000005,4126.884599999999
2008-01-04,5325.11,5327.54,5347.97,5306.94,13572693.64,dividend,中证红利,4868.742,4765.7692,4809.4365,4703.95375,4141.6042
2008-01-07,5314.07,5414.61,5426.01,5314.07,13464778.24,dividend,中证红利,4913.5565,4807.2224,4809.4855,4719.9904166666665,4156.51375
2008-01-08,5417.72,5359.42,5483.59,5331.44,16926687.94,dividend,中证红利,4950.421,4850.9928,4808.998833333333,4735.380666666666,4171.430850000001
2008-01-09,5337.9,5494.3,5494.3,5337.9,13284761.34,dividend,中证红利,4987.639999999999,4899.939600000001,4806.908166666666,4752.889666666667,4186.8548
2008-01-10,5494.31,5583.32,5644.59,5494.31,17287575.31,dividend,中证红利,5028.3730000000005,4949.6992,4806.1465,4770.756333333334,4202.5942
2008-01-11,5601.59,5550.7,5601.59,5484.14,12387369.82,dividend,中证红利,5067.3550000000005,4991.0876,4805.695166666667,4788.219083333333,4218.0427
2008-01-14,5549.92,5604.01,5621.95,5533.92,13211738.27,dividend,中证红利,5119.339,5034.5152,4809.7789999999995,4806.355666666666,4233.6579
2008-01-15,5611.53,5614.5,5663.49,5555.41,12789283.36,dividend,中证红利,5167.1849999999995,5074.21,4814.383,4823.6430833333325,4249.1563
2008-01-16,5567.25,5423.98,5568.76,5409.03,14686416.66,dividend,中证红利,5208.904,5101.1723999999995,4819.245833333333,4837.400416666667,4263.4545499999995
2008-01-17,5376.4,5261.19,5447.67,5121.31,15759608.18,dividend,中证红利,5242.1320000000005,5120.8736,4820.357999999999,4849.7445,4276.8652
2008-01-18,5252.79,5305.46,5335.76,5231.44,9596646.07,dividend,中证红利,5270.9145,5142.2496,4822.5289999999995,4861.522666666667,4290.4532
2008-01-21,5315.71,5038.25,5315.71,5031.5,11008291.28,dividend,中证红利,5282.5470000000005,5161.2064,4826.003,4870.7359166666665,4302.9192
2008-01-22,4910.76,4662.67,4933.31,4631.98,15673265.41,dividend,中证红利,5271.382,5161.41,4822.594666666667,4876.368083333334,4313.41165
2008-01-23,4693.69,4919.94,4919.94,4693.69,12708424.93,dividend,中证红利,5269.165,5174.6236,4820.436,4883.169250000001,4324.790849999999
2008-01-24,4968.02,4991.08,5054.61,4927.98,12194166.53,dividend,中证红利,5267.5585,5190.4016,4818.082333333334,4890.058999999999,4336.3567
2008-01-25,4993.99,4996.42,5028.42,4923.52,11503813.79,dividend,中证红利,5263.596,5201.066000000001,4814.9355000000005,4898.400916666667,4347.88245
2008-01-28,4964.8,4638.12,4964.8,4635.02,9879611.23,dividend,中证红利,5238.3445,5194.3668,4808.540999999999,4902.65125,4357.45015
2008-01-29,4640.48,4668.19,4727.25,4606.63,6923263.92,dividend,中证红利,5216.614,5185.6556,4806.1224999999995,4906.559666666667,4366.9952
2008-01-30,4724.35,4663.37,4775.68,4576.13,7753931.4,dividend,中证红利,5191.6255,5173.6192,4803.7395,4909.215249999999,4376.16335
2008-01-31,4647.73,4589.11,4694.27,4581.61,6984718.63,dividend,中证红利,5155.308999999999,5156.2552,4800.4868333333325,4911.098666666667,4384.70795
2008-02-01,4580.73,4509.18,4598.88,4386.54,7318913.84,dividend,中证红利,5114.391,5133.5956,4795.965166666667,4913.054666666667,4392.718400000001
2008-02-04,4630.09,4888.85,4888.85,4630.09,9061045.0,dividend,中证红利,5088.103,5123.4236,4801.743166666667,4917.628500000001,4402.35915
2008-02-05,4902.18,4880.22,4952.31,4863.35,7383235.73,dividend,中证红利,5064.142999999999,5114.520399999999,4809.165333333333,4922.4385,4412.07265
2008-02-13,4830.19,4801.11,4870.5,4764.18,4448742.76,dividend,中证红利,5029.4835,5100.0392,4816.988,4926.5320833333335,4421.0219
2008-02-14,4844.53,4885.47,4913.78,4844.53,4714176.06,dividend,中证红利,4994.590999999999,5082.8404,4826.218666666667,4930.876083333334,4430.15005
2008-02-15,4853.61,4845.42,4853.61,4759.32,4968884.95,dividend,中证红利,4959.326999999999,5063.5556,4831.374,4934.8829166666665,4438.74115
2008-02-18,4888.58,4939.29,4984.33,4866.81,8370871.44,dividend,中证红利,4926.091,5044.5428,4839.763666666667,4940.239666666666,4448.5143
2008-02-19,4953.71,5072.25,5072.25,4937.76,8932405.04,dividend,中证红利,4898.9785,5033.0560000000005,4851.182333333333,4947.36525,4458.25395
2008-02-20,5097.96,5004.57,5151.17,5004.06,9178669.3,dividend,中证红利,4878.008,5013.4668,4860.0886666666665,4951.660416666667,4466.8056
2008-02-21,4976.53,5052.93,5089.13,4941.59,8290993.78,dividend,中证红利,4867.595,4992.2512,4867.714000000001,4955.737416666667,4475.348650000001
2008-02-22,5037.29,4894.18,5041.62,4831.76,8826925.65,dividend,中证红利,4847.031,4965.9904,4873.7654999999995,4958.219416666666,4483.11875
2008-02-25,4893.82,4728.78,4893.82,4726.53,7449580.36,dividend,中证红利,4831.5575,4930.9812,4880.179166666667,4958.804083333333,4489.8894
2008-02-26,4848.42,4669.04,4848.42,4543.31,7470603.35,dividend,中证红利,4831.876,4893.1628,4884.209333333333,4958.117,4496.5331
2008-02-27,4701.23,4776.34,4776.34,4673.55,6795021.81,dividend,中证红利,4824.696,4867.2572,4890.8341666666665,4958.062333333333,4503.483
2008-02-28,4785.42,4799.75,4841.57,4714.26,6787805.89,dividend,中证红利,4815.1295,4848.7996,4898.796833333333,4958.10975,4509.75865
2008-02-29,4781.69,4819.84,4836.36,4781.69,6242261.03,dividend,中证红利,4806.300499999999,4829.3748,4908.168166666667,4959.002916666666,4516.125349999999
2008-03-03,4798.36,4944.53,4944.53,4761.23,9765600.82,dividend,中证红利,4821.621,4825.626,4917.605666666666,4960.234333333333,4522.84535
2008-03-04,4953.1,4831.59,4986.91,4831.59,10126272.36,dividend,中证红利,4829.791,4832.382799999999,4927.046166666667,4959.710166666667,4529.15985
2008-03-05,4801.89,4752.52,4834.04,4644.23,11371057.02,dividend,中证红利,4834.2485,4825.686,4935.077666666667,4956.658833333333,4534.9653499999995
2008-03-06,4767.6,4780.68,4833.85,4711.81,10390702.65,dividend,中证红利,4843.827,4817.27,4942.4335,4954.070333333334,4541.56955
2008-03-07,4736.63,4714.46,4780.77,4696.21,6951437.43,dividend,中证红利,4854.091,4805.991599999999,4945.741333333333,4950.542833333334,4547.4403
2008-03-10,4686.7,4522.27,4686.7,4514.22,7742362.38,dividend,中证红利,4835.762,4801.3576,4945.8071666666665,4944.883416666667,4552.0058
2008-03-11,4478.26,4526.58,4526.58,4394.5,6574102.57,dividend,中证红利,4818.08,4795.6932,4944.214666666667,4940.0318333333325,4556.5878999999995
2008-03-12,4622.57,4409.7,4622.57,4409.7,7040785.51,dividend,中证红利,4798.5095,4785.5464,4938.544333333334,4933.427583333334,4560.2145
2008-03-13,4370.13,4253.07,4370.13,4182.07,8525105.94,dividend,中证红利,4766.8895,4772.1048,4929.951166666667,4927.738416666666,4562.7892
2008-03-14,4232.78,4212.75,4259.89,4140.12,5275049.58,dividend,中证红利,4735.256,4760.2476,4920.646,4920.858333333334,4564.78935
2008-03-17,4194.9,3949.56,4194.9,3947.88,6307611.06,dividend,中证红利,4685.7695,4722.676,4910.399833333334,4910.357333333333,4565.7678000000005
2008-03-18,3908.28,3719.85,3987.89,3651.6,8009022.51,dividend,中证红利,4618.1495,4676.2612,4894.771,4896.928166666667,4565.4112
2008-03-19,3799.56,3864.78,3917.17,3729.93,8958766.53,dividend,中证红利,4561.160000000001,4638.808,4882.6906666666655,4883.177,4565.347
2008-03-20,3807.76,4007.18,4043.33,3667.14,10046015.33,dividend,中证红利,4508.8724999999995,4603.6764,4872.866500000001,4870.728583333333,4565.42635
2008-03-21,4008.23,4105.32,4120.61,4008.23,11082231.95,dividend,中证红利,4469.4295,4574.0724,4862.458333333333,4859.822416666667,4567.5118
2008-03-24,4154.83,3935.13,4165.86,3935.13,9554966.01,dividend,中证红利,4429.747,4533.906,4847.9505,4846.934833333334,4568.7408
2008-03-25,3859.06,4025.13,4033.44,3859.06,7193789.31,dividend,中证红利,4397.5515,4492.0212,4833.603166666667,4835.4428333333335,4571.23475
2008-03-26,4041.25,4034.86,4106.91,4001.5,5801043.11,dividend,中证红利,4360.4775,4453.232800000001,4818.112833333334,4823.688,4575.3071
2008-03-27,3980.68,3843.31,3983.61,3841.84,7314123.54,dividend,中证红利,4312.6555,4404.848,4798.447833333334,4811.433416666667,4577.83925
2008-03-28,3804.06,3960.47,3960.47,3707.52,8487683.98,dividend,中证红利,4269.687,4367.4996,4779.861166666667,4801.200333333333,4580.72425
2008-03-31,3842.52,3808.97,3903.46,3805.77,6242469.67,dividend,中证红利,4212.909000000001,4330.707200000001,4757.624833333334,4788.941000000001,4582.1897
2008-04-01,3794.89,3529.26,3807.33,3527.67,8586871.38,dividend,中证红利,4147.7925,4285.116,4731.399166666666,4773.133416666667,4582.0122
2008-04-02,3559.52,3440.75,3598.85,3405.18,8488494.72,dividend,中证红利,4082.204,4231.6924,4702.692666666667,4756.922416666667,4581.0183
2008-04-03,3420.17,3590.05,3604.55,3400.66,7324208.92,dividend,中证红利,4022.6724999999997,4183.3044,4673.936166666667,4742.255499999999,4579.9259999999995
2008-04-07,3548.71,3793.43,3793.5,3548.71,8589849.15,dividend,中证红利,3976.621,4142.248,4648.367666666667,4728.902083333333,4579.5732
2008-04-08,3798.32,3847.75,3883.52,3798.32,9303271.98,dividend,中证红利,3942.8950000000004,4098.3768,4622.253333333333,4715.869416666667,4579.772400000001
2008-04-09,3828.83,3702.48,3906.41,3702.48,8704555.51,dividend,中证红利,3901.69,4053.2124000000003,4594.6376666666665,4701.818249999999,4579.2706
2008-04-10,3643.51,3788.45,3788.45,3623.57,6272501.02,dividend,中证红利,3870.6275,4014.6496,4566.206833333334,4686.557499999999,4578.6404
2008-04-11,3815.26,3811.91,3861.32,3787.28,5656549.78,dividend,中证红利,3848.5695,3975.8988,4536.683333333333,4671.414916666667,4577.9555
2008-04-14,3732.79,3577.15,3732.79,3574.15,6827637.47,dividend,中证红利,3816.7895,3930.4064000000003,4503.7908333333335,4654.743,4576.483
2008-04-15,3557.82,3638.46,3638.46,3481.94,6114607.51,dividend,中证红利,3801.2345,3895.054,4471.031666666667,4640.405333333333,4575.208
2008-04-16,3633.73,3544.54,3633.73,3534.81,5745163.67,dividend,中证红利,3792.4689999999996,3855.7724,4436.532333333334,4625.457666666667,4574.265350000001
2008-04-17,3551.19,3405.8,3602.75,3365.74,7206789.64,dividend,中证红利,3769.5199999999995,3815.6164000000003,4402.896,4611.070916666667,4573.69155
2008-04-18,3372.41,3259.41,3394.91,3256.11,6082628.56,dividend,中证红利,3732.1315000000004,3775.87,4369.533,4594.9455,4572.0639
2008-04-21,3478.92,3255.69,3478.92,3230.35,8664189.23,dividend,中证红利,3689.65,3737.5875999999994,4335.370166666667,4578.949583333334,4569.8951
2008-04-22,3197.58,3276.7,3276.7,3108.89,6624154.47,dividend,中证红利,3656.7285,3710.6732,4306.011,4566.007,4568.67385
2008-04-23,3253.08,3434.47,3440.88,3253.08,9362595.74,dividend,中证红利,3627.1955000000003,3699.258,4285.541,4554.0678333333335,4568.52235
2008-04-24,3714.57,3751.29,3751.53,3653.86,19417720.0,dividend,中证红利,3613.017,3694.7184,4266.0635,4543.24975,4569.74075
2008-04-25,3760.02,3803.79,3927.64,3755.36,18337160.34,dividend,中证红利,3611.041,3686.5827999999997,4246.275333333333,4532.178833333334,4570.94665
2008-04-28,3748.44,3748.05,3793.83,3729.13,9139821.54,dividend,中证红利,3600.4199999999996,3672.292,4225.469166666667,4520.202333333333,4572.22035
2008-04-29,3723.36,3812.13,3833.88,3723.36,9536528.8,dividend,中证红利,3600.578,3667.3720000000003,4211.702666666667,4510.121833333334,4574.8675
2008-04-30,3822.58,3966.07,3972.63,3822.58,13937530.95,dividend,中证红利,3622.4185000000007,3665.0095999999994,4200.000666666667,4503.061583333333,4577.4891
2008-05-05,4027.36,4079.21,4083.5,3997.51,12867008.88,dividend,中证红利,3654.3415,3666.7835999999998,4190.264666666667,4497.002083333334,4580.1038
2008-05-06,4052.08,4043.81,4117.8,3995.96,11487447.62,dividend,中证红利,3677.0294999999996,3674.8035999999997,4181.176333333333,4490.831583333334,4583.0255
2008-05-07,4021.93,3856.9,4065.56,3856.04,11878800.03,dividend,中证红利,3680.203,3670.6607999999997,4170.304999999999,4483.135083333333,4584.9028499999995
2008-05-08,3812.24,3980.88,3980.88,3812.24,9023463.48,dividend,中证红利,3686.8594999999996,3677.5371999999998,4155.172166666666,4478.457666666666,4587.3562
2008-05-09,4015.53,3989.83,4066.87,3932.71,12404227.82,dividend,中证红利,3701.227,3695.96,4140.332333333334,4474.748833333333,4589.7424
2008-05-12,3932.77,4024.95,4063.22,3916.99,11004191.85,dividend,中证红利,3713.0520000000006,3719.328,4127.396333333333,4472.192166666666,4592.9010499999995
2008-05-13,3905.65,4030.56,4085.29,3905.65,13211709.81,dividend,中证红利,3723.9845,3736.9483999999998,4113.147833333333,4469.68325,4595.85725
2008-05-14,4030.19,4131.89,4131.89,4030.19,12280099.71,dividend,中证红利,3751.7215000000006,3750.4868000000006,4101.255666666667,4466.314833333334,4599.240849999999
2008-05-15,4159.8,4126.88,4208.46,4126.88,11836638.62,dividend,中证红利,3776.1424999999995,3761.652,4087.7155,4463.739583333333,4602.73715
2008-05-16,4127.78,4087.45,4165.22,4024.07,9209412.67,dividend,中证红利,3803.2880000000005,3777.0507999999995,4071.3021666666664,4461.24225,4605.47435
2008-05-19,4082.13,4073.59,4101.33,4050.1,6680773.47,dividend,中证红利,3836.6775000000002,3788.4564,4055.785833333334,4457.93725,4606.9768
2008-05-20,4078.6,3849.91,4097.97,3847.81,8465525.16,dividend,中证红利,3866.2025000000003,3789.9763999999996,4035.7355,4451.724749999999,4607.32685
2008-05-21,3800.64,3955.91,3955.91,3737.88,10042126.69,dividend,中证红利,3901.2134999999994,3805.1268,4020.0976666666666,4446.931583333334,4607.646
2008-05-22,3907.94,3901.81,3974.77,3889.87,9550065.38,dividend,中证红利,3932.469,3815.6607999999997,4006.314833333333,4443.247,4607.49175
2008-05-23,3885.0,3843.87,3908.65,3791.22,7169075.32,dividend,中证红利,3952.939,3827.634,3992.562,4438.385666666667,4606.777050000001
2008-05-26,3811.32,3708.14,3811.32,3704.51,6677294.62,dividend,中证红利,3950.7815,3839.7276,3974.7586666666666,4432.796416666666,4604.79875
2008-05-27,3693.9,3718.91,3742.53,3680.91,6242751.52,dividend,中证红利,3946.5375,3858.1075999999994,3956.7446666666665,4427.77075,4602.57175
2008-05-28,3719.26,3806.97,3821.99,3689.96,6864943.27,dividend,中证红利,3949.4835000000007,3880.1588,3939.8635,4424.015833333334,4601.62965
2008-05-29,3798.56,3708.51,3806.45,3703.94,6135738.35,dividend,中证红利,3944.3025000000002,3897.4312,3919.2631666666666,4418.434416666667,4599.5318
2008-05-30,3707.83,3734.0,3738.09,3663.03,6255283.32,dividend,中证红利,3932.6989999999996,3909.4124000000006,3900.9700000000003,4414.008083333333,4597.2059
2008-06-02,3723.78,3755.85,3780.49,3705.4,7334673.0,dividend,中证红利,3916.531,3909.5948,3884.358833333333,4409.71825,4594.26165
2008-06-03,3768.12,3757.3,3771.79,3735.49,6028972.64,dividend,中证红利,3902.2055,3907.7352,3867.3025,4404.868,4591.23265
2008-06-04,3736.13,3675.06,3736.13,3659.36,6038022.15,dividend,中证红利,3893.1134999999995,3904.8156,3849.9791666666665,4397.86025,4588.23565
2008-06-05,3635.23,3613.75,3655.93,3596.09,5376353.48,dividend,中证红利,3874.757,3896.8804,3834.8371666666667,4390.322166666667,4584.60445
2008-06-06,3630.29,3603.41,3649.93,3586.56,4221528.65,dividend,中证红利,3855.436,3882.3740000000003,3819.451,4381.832833333333,4581.106400000001
2008-06-10,3465.79,3326.57,3468.96,3307.34,6573284.79,dividend,中证红利,3820.517,3852.2683999999995,3801.398833333333,4369.971583333333,4576.18985
2008-06-11,3280.14,3256.88,3297.35,3225.72,5693006.37,dividend,中证红利,3781.8329999999996,3820.7912,3784.7956666666664,4357.373416666666,4570.6533
2008-06-12,3248.52,3199.28,3268.68,3152.09,5991989.25,dividend,中证红利,3735.2025000000003,3794.4864000000002,3767.9044999999996,4344.27525,4564.8267
2008-06-13,3199.82,3096.49,3225.6,3091.55,5266964.02,dividend,中证红利,3683.683,3759.1108000000004,3753.686666666667,4332.04325,4558.82675
2008-06-16,3091.49,3048.64,3115.63,3013.16,5114771.94,dividend,中证红利,3631.7424999999994,3721.4632,3742.4998333333333,4318.635416666667,4552.98405
2008-06-17,3048.94,2925.24,3080.99,2920.89,5138563.71,dividend,中证红利,3574.325,3677.4748000000004,3726.8408333333336,4304.76575,4545.1645
2008-06-18,2909.08,3093.87,3110.27,2861.39,8901157.67,dividend,中证红利,3536.5229999999997,3640.0072000000005,3711.619,4292.24275,4537.8153999999995
2008-06-19,3073.7,2854.87,3073.7,2854.87,8486229.48,dividend,中证红利,3481.471,3588.9264000000003,3690.7781666666665,4276.61825,4529.10805
2008-06-20,2893.47,2903.52,3009.12,2784.79,10367725.76,dividend,中证红利,3431.5564999999997,3539.992,3673.5846666666666,4260.767583333333,4520.33255
2008-06-23,2856.17,2826.27,2901.94,2818.02,5909582.54,dividend,中证红利,3380.6765,3489.5448000000006,3653.603666666667,4243.603416666667,4510.706450000001
2008-06-24,2810.34,2860.47,2868.3,2786.32,7328607.11,dividend,中证红利,3338.293,3441.02,3634.0305000000003,4226.071666666667,4501.0943
2008-06-25,2856.69,2999.83,2999.83,2856.69,9616604.11,dividend,中证红利,3302.339,3407.0168,3619.9725000000003,4209.210166666667,4492.12315
2008-06-26,2988.8,3010.76,3042.22,2947.73,9101352.39,dividend,中证红利,3262.5285,3369.2108000000003,3604.1440000000002,4192.002583333333,4483.61365
2008-06-27,2912.43,2825.06,2913.63,2800.21,8989189.12,dividend,中证红利,3218.3559999999998,3326.1408,3587.7455,4172.685166666667,4473.75515
2008-06-30,2804.91,2795.79,2835.35,2753.57,5528415.77,dividend,中证红利,3171.4455,3284.2175999999995,3575.5209999999997,4153.460083333333,4463.2616499999995
2008-07-01,2801.25,2715.85,2801.25,2708.66,5934219.1,dividend,中证红利,3119.4455,3244.526,3563.4393333333333,4133.066000000001,4451.2475
2008-07-02,2723.74,2736.0,2758.69,2700.28,6039213.09,dividend,中证红利,3068.3804999999998,3205.2096,3549.2051666666666,4111.570666666667,4439.4710000000005
2008-07-03,2697.71,2816.71,2845.42,2669.22,10172304.92,dividend,中证红利,3025.463,3165.5992000000006,3532.9265000000005,4090.647083333333,4427.86575
2008-07-04,2799.3,2772.4,2825.97,2744.81,7818904.79,dividend,中证红利,2983.3954999999996,3128.1548,3515.0040000000004,4068.6286666666665,4415.72075
2008-07-07,2779.96,2920.74,2920.74,2779.96,11120891.0,dividend,中证红利,2949.262,3095.6244,3501.975,4048.3063333333334,4404.7806
2008-07-08,2938.48,2958.41,2979.07,2903.85,11467526.04,dividend,中证红利,2930.854,3063.7268,3488.141,4027.1739166666666,4393.5616
2008-07-09,2978.55,3058.91,3058.91,2978.55,14804438.32,dividend,中证红利,2920.9555,3035.7912,3475.591,4006.137166666667,4384.177299999999
2008-07-10,3013.96,2998.95,3073.82,2998.95,12653388.76,dividend,中证红利,2910.939,3008.7468,3465.954333333333,3984.8725833333333,4373.9802500000005
2008-07-11,2986.47,2971.0,3004.86,2938.66,9552166.08,dividend,中证红利,2904.6645,2983.0368,3454.83,3962.9308333333333,4362.78685
2008-07-14,2945.77,3007.53,3007.53,2945.77,7719869.08,dividend,中证红利,2902.609,2959.2016,3445.879833333333,3941.206083333333,4351.16775
2008-07-15,3022.63,2908.61,3037.66,2908.61,9957020.89,dividend,中证红利,2901.7774999999997,2942.4832,3437.5933333333332,3920.2446666666665,4338.1362
2008-07-16,2874.21,2786.24,2874.21,2745.77,8176114.98,dividend,中证红利,2886.3959999999997,2923.6576,3429.7071666666666,3899.6200833333337,4324.56245
2008-07-17,2826.32,2740.44,2838.41,2739.26,6016386.04,dividend,中证红利,2880.6745,2905.304,3421.1196666666665,3878.244916666667,4311.19435
2008-07-18,2767.22,2821.33,2821.33,2698.81,6891405.85,dividend,中证红利,2876.565,2894.2976,3413.5301666666664,3859.770583333333,4297.8928
2008-07-21,2805.15,2918.47,2921.11,2786.5,8691426.24,dividend,中证红利,2881.175,2889.0908,3404.930166666667,3845.2355833333336,4285.4643
2008-07-22,2915.27,2921.41,2939.17,2902.48,8175402.56,dividend,中证红利,2884.2219999999998,2888.9375999999993,3391.098833333333,3828.5811666666664,4272.84415
2008-07-23,2934.3,2885.97,2950.86,2885.53,8859514.48,dividend,中证红利,2878.529,2880.6216,3375.801833333333,3811.0385833333335,4260.7047
2008-07-24,2902.78,2952.94,2955.52,2889.62,9823592.04,dividend,中证红利,2875.638,2884.5444,3362.55,3794.0095833333335,4249.5271999999995
2008-07-25,2919.68,2909.39,2935.75,2901.24,7415424.05,dividend,中证红利,2879.8545000000004,2884.7792,3347.5043333333333,3779.6034999999997,4237.6737
2008-07-28,2926.85,2939.05,2953.2,2924.3,7850507.69,dividend,中证红利,2887.0175,2889.2904,3330.387333333333,3765.1940000000004,4225.2381
2008-07-29,2906.24,2887.27,2906.24,2865.83,8359402.44,dividend,中证红利,2895.5885000000003,2890.3624,3310.521666666667,3750.3931666666667,4212.7441
2008-07-30,2915.21,2865.88,2915.21,2842.87,7497185.83,dividend,中证红利,2902.0825,2885.0044,3290.8894999999998,3736.0329166666666,4200.3231
2008-07-31,2877.42,2783.51,2877.42,2783.25,6685455.74,dividend,中证红利,2900.4224999999997,2875.9144,3272.999666666666,3721.652333333333,4187.26145
2008-08-01,2765.61,2777.88,2797.16,2702.91,7895795.47,dividend,中证红利,2900.6965,2874.0271999999995,3252.949666666667,3704.060916666667,4174.0925
2008-08-04,2759.8,2687.55,2759.8,2683.91,5972906.0,dividend,中证红利,2889.037,2869.6976,3231.245,3685.788666666667,4160.58715
2008-08-05,2683.85,2582.16,2695.04,2575.85,8046384.0,dividend,中证红利,2870.2245,2864.35,3207.1985,3667.297416666667,4145.39925
2008-08-06,2597.73,2590.76,2614.61,2550.19,6838590.0,dividend,中证红利,2846.817,2858.5404,3183.2018333333335,3648.174833333333,4130.20795
2008-08-07,2589.28,2592.37,2612.05,2562.19,5549979.0,dividend,中证红利,2826.4880000000003,2849.5668,3157.543166666667,3629.399416666667,4115.280900000001
2008-08-08,2591.63,2455.95,2591.63,2450.83,6933512.0,dividend,中证红利,2800.7355,2836.9088,3129.6943333333334,3608.7049166666666,4100.7657500000005
2008-08-11,2449.03,2326.84,2451.26,2310.3,6933512.0,dividend,中证红利,2766.701,2813.1528,3100.3508333333334,3585.8265,4085.70865
2008-08-12,2310.76,2360.44,2377.0,2298.09,7688190.0,dividend,中证红利,2739.2925,2789.2340000000004,3071.798333333333,3563.7920833333333,4071.8498000000004
2008-08-13,2350.22,2376.11,2398.05,2300.95,6198864.0,dividend,中证红利,2718.786,2761.922,3047.235,3541.4852499999997,4057.75805
2008-08-14,2360.38,2375.97,2396.96,2345.39,4353338.0,dividend,中证红利,2700.5625,2737.0028,3020.902666666667,3520.5001666666667,4043.7619
2008-08-15,2374.71,2368.55,2400.0,2342.03,4466511.0,dividend,中证红利,2677.9235,2712.9048000000003,2995.348333333334,3500.8315833333336,4031.4556
2008-08-18,2376.1,2228.15,2378.26,2227.33,5237596.0,dividend,中证红利,2643.4075,2681.7295999999997,2968.4196666666667,3480.490833333333,4018.2605
2008-08-19,2199.78,2262.47,2267.42,2188.66,4365054.0,dividend,中证红利,2610.4605,2655.8839999999996,2944.325166666667,3459.541916666667,4004.32555
2008-08-20,2251.57,2418.71,2422.51,2223.46,10513312.0,dividend,中证红利,2587.0975,2641.1827999999996,2922.6551666666664,3439.6999166666665,3990.7576
2008-08-21,2377.53,2318.93,2413.26,2312.2,8552673.0,dividend,中证红利,2555.397,2624.3224,2897.8545,3418.859,3976.4261000000006
2008-08-22,2297.75,2273.85,2311.75,2239.3,5482280.0,dividend,中证红利,2523.62,2602.4232,2873.9435,3396.6033333333335,3962.6864
2008-08-25,2269.93,2254.34,2290.74,2232.31,4025363.0,dividend,中证红利,2489.3845,2575.858,2849.2825,3375.1262500000003,3949.8916
2008-08-26,2232.55,2167.12,2232.65,2148.0,5121225.0,dividend,中证红利,2453.377,2545.6864,2822.8036666666667,3353.58125,3936.6954499999997
2008-08-27,2160.91,2157.4,2191.2,2118.82,4685519.0,dividend,中证红利,2417.953,2516.5436,2796.1386666666667,3331.7205833333333,3923.5611
2008-08-28,2155.26,2173.05,2182.46,2144.64,4233004.0,dividend,中证红利,2387.43,2485.348,2771.1051666666667,3310.5421666666666,3910.52395
2008-08-29,2179.4,2233.28,2256.54,2179.4,6447928.0,dividend,中证红利,2360.2,2458.3036,2748.097333333333,3291.46725,3898.9795
2008-09-01,2217.11,2177.14,2220.77,2164.96,4749172.0,dividend,中证红利,2334.6794999999997,2427.8272,2724.3261666666663,3271.8885833333334,3887.69075
2008-09-02,2162.96,2172.64,2190.66,2140.49,3627366.0,dividend,中证红利,2314.2035,2399.242,2705.094,3253.2464166666664,3876.8952000000004
2008-09-03,2165.13,2142.43,2175.86,2123.78,4745436.0,dividend,中证红利,2291.787,2370.304,2686.5198333333333,3235.65775,3865.9492000000005
2008-09-04,2136.85,2152.82,2173.51,2127.23,4102837.0,dividend,中证红利,2269.8095,2345.0764,2669.0788333333335,3218.4916666666663,3854.0328000000004
2008-09-05,2099.9,2088.46,2127.47,2082.81,4676863.0,dividend,中证红利,2251.4350000000004,2317.4996,2652.278333333333,3202.9824999999996,3842.29555
2008-09-08,2090.49,2018.23,2100.68,2013.85,4405386.0,dividend,中证红利,2236.0045,2290.7268000000004,2635.1048333333333,3188.802333333333,3830.4510499999997
2008-09-09,2027.51,2042.64,2056.31,2011.1,3837964.0,dividend,中证红利,2220.1145,2269.146,2620.394833333333,3173.6178333333332,3818.3133
2008-09-10,2030.73,2051.7,2086.08,2013.93,4724506.0,dividend,中证红利,2203.8940000000002,2247.5836,2603.025333333333,3157.3221666666664,3805.59475
2008-09-11,2051.41,2011.46,2064.94,2008.25,4235506.0,dividend,中证红利,2185.6685,2224.3472,2588.9685,3139.873333333334,3792.9966
2008-09-12,2009.81,2024.09,2043.87,2009.81,4090545.0,dividend,中证红利,2168.4455,2207.0728,2574.311333333333,3123.948,3781.39725
2008-09-16,2019.58,1997.32,2020.58,1979.91,5962563.0,dividend,中证红利,2156.9039999999995,2193.8920000000003,2560.4954999999995,3107.0495833333334,3769.2477000000003
2008-09-17,1992.17,1959.53,2016.52,1954.07,5550682.0,dividend,中证红利,2141.757,2177.8556,2545.479833333333,3089.755166666667,3757.1511000000005
2008-09-18,1924.78,1914.64,1953.86,1833.46,8668601.0,dividend,中证红利,2116.5535000000004,2159.3968,2527.3933333333334,3073.682916666666,3745.11435
2008-09-19,2069.61,2079.88,2079.88,2051.15,7565353.0,dividend,中证红利,2104.601,2147.5532,2511.8786666666665,3058.0113333333334,3734.2259499999996
2008-09-22,2207.62,2163.63,2252.23,2095.72,22369170.0,dividend,中证红利,2099.0899999999997,2139.3564,2500.854833333333,3044.3001666666664,3723.1526999999996
2008-09-23,2098.44,2072.69,2125.72,2061.74,11978864.0,dividend,中证红利,2090.0075,2133.138,2488.8031666666666,3032.1620833333336,3712.1903500000003
2008-09-24,2038.2,2094.09,2094.32,2018.08,7457226.0,dividend,中证红利,2086.3559999999998,2126.4028,2478.4404999999997,3020.939916666667,3701.30765
2008-09-25,2097.75,2175.2,2196.08,2093.23,15437232.0,dividend,中证红利,2087.246,2116.6623999999997,2469.0938333333334,3009.1495,3690.487
2008-09-26,2188.11,2203.04,2218.44,2161.41,11267813.0,dividend,中证红利,2088.7455,2112.0268,2458.866,2995.89625,3678.9222499999996
2008-10-06,2161.4,2080.21,2161.4,2079.89,9587319.0,dividend,中证红利,2081.092,2104.2812,2447.3295,2981.16675,3666.7317000000003
2008-10-07,2010.32,2053.11,2085.88,1985.77,8164964.0,dividend,中证红利,2074.8905000000004,2096.232,2432.869,2967.422,3653.8866000000003
2008-10-08,2006.16,2005.1,2032.26,1989.16,6716075.0,dividend,中证红利,2066.5135,2089.7512,2416.9804999999997,2952.5607499999996,3640.1625
2008-10-09,2039.52,1969.52,2044.9,1969.32,6794324.0,dividend,中证红利,2057.868,2082.236,2398.824,2937.2075,3626.1668
2008-10-10,1900.85,1875.45,1903.73,1865.19,7761575.0,dividend,中证红利,2043.9995000000004,2070.332,2380.099,2923.0266666666666,3611.68875
2008-10-13,1852.21,1911.66,1912.23,1800.03,8116756.0,dividend,中证红利,2035.1594999999998,2057.4672,2362.4433333333336,2908.6366666666663,3598.4254000000005
2008-10-14,1965.57,1867.38,1973.33,1867.38,9949212.0,dividend,中证红利,2027.6170000000002,2045.0767999999998,2343.4408333333336,2894.6603333333333,3584.4744
2008-10-15,1848.99,1839.04,1852.91,1818.11,6830051.0,dividend,中证红利,2017.4370000000004,2031.7328,2325.614666666667,2881.604,3570.7216
2008-10-16,1774.72,1750.46,1790.93,1750.33,7925179.0,dividend,中证红利,2002.375,2016.0539999999999,2308.351666666667,2869.0294166666663,3556.49075
2008-10-17,1760.07,1774.74,1781.71,1744.08,5849191.0,dividend,中证红利,1990.539,2000.9307999999999,2292.2566666666667,2856.688166666667,3541.7154000000005
2008-10-20,1772.65,1828.09,1831.36,1753.21,6893154.0,dividend,中证红利,1980.739,1990.516,2275.702666666666,2844.6164166666667,3526.8278499999997
2008-10-21,1835.04,1817.94,1861.16,1817.71,8756965.0,dividend,中证红利,1971.77,1982.5044,2257.3605,2831.1453333333334,3511.4877
2008-10-22,1796.72,1775.59,1821.07,1775.49,6656964.0,dividend,中证红利,1962.5730000000003,1971.8224,2238.2635000000005,2814.6811666666667,3495.54425
2008-10-23,1740.36,1783.39,1784.18,1731.79,6103157.0,dividend,中证红利,1956.0105000000003,1961.09,2219.887166666667,2797.8445,3479.34515
2008-10-24,1777.56,1748.09,1790.68,1739.13,5966341.0,dividend,中证红利,1939.4209999999998,1950.5552000000002,2199.8063333333334,2781.1781666666666,3462.70725
2008-10-27,1713.96,1629.95,1713.96,1628.69,7633584.0,dividend,中证红利,1912.7370000000003,1934.7895999999998,2178.4823333333334,2762.993333333333,3445.14125
2008-10-28,1601.09,1665.35,1671.97,1594.12,7608616.0,dividend,中证红利,1892.3700000000001,1921.5107999999998,2157.254,2743.820666666667,3427.954
2008-10-29,1686.27,1621.55,1689.66,1621.39,6556932.0,dividend,中证红利,1868.743,1907.9916,2136.1586666666667,2723.340166666667,3410.2460499999997
2008-10-30,1630.52,1651.19,1668.84,1610.11,7934144.0,dividend,中证红利,1842.5425,1897.4536,2115.9138333333335,2703.4016666666666,3391.9248000000002
2008-10-31,1642.44,1615.56,1649.08,1609.03,6343714.0,dividend,中证红利,1813.1684999999998,1878.8808000000001,2096.448,2684.723833333333,3373.3649
2008-11-03,1606.79,1596.1,1620.27,1592.34,4988712.0,dividend,中证红利,1788.9630000000002,1856.1796,2076.7516666666666,2664.8506666666663,3354.2723499999997
2008-11-04,1589.71,1568.82,1591.91,1555.37,5151911.0,dividend,中证红利,1764.7485000000001,1836.0248000000001,2058.1061666666665,2644.675583333333,3335.3193499999998
2008-11-05,1579.27,1618.69,1633.15,1579.27,8387698.0,dividend,中证红利,1745.4279999999999,1817.0088,2042.0483333333334,2624.623416666667,3315.9413
2008-11-06,1583.72,1603.55,1615.28,1572.68,7765625.0,dividend,中证红利,1727.1295000000002,1794.1428,2025.5948333333333,2604.398333333333,3296.04245
2008-11-07,1578.97,1617.39,1625.5,1571.55,6487917.0,dividend,中证红利,1714.2265,1770.7168,2009.3451666666667,2583.4441666666667,3276.3759000000005
2008-11-10,1640.94,1722.4,1722.4,1640.94,14735932.0,dividend,中证红利,1704.7634999999998,1756.4044000000001,1997.1193333333333,2563.4068333333335,3256.9678500000005
2008-11-11,1723.92,1717.48,1755.52,1707.07,18708344.0,dividend,中证红利,1697.2685000000001,1742.9792000000002,1986.9633333333331,2543.657083333333,3237.48275
2008-11-12,1696.19,1730.1,1731.12,1690.65,10897145.0,dividend,中证红利,1691.8215,1731.9792000000002,1976.4576666666667,2524.1279999999997,3219.01335
2008-11-13,1713.4,1810.39,1822.56,1702.21,20286656.0,dividend,中证红利,1694.818,1725.614,1967.029,2507.1319999999996,3201.75935
2008-11-14,1827.44,1872.43,1872.43,1797.29,22780108.0,dividend,中证红利,1699.7025,1725.4932000000001,1958.6366666666668,2489.7696666666666,3184.5942
2008-11-17,1862.55,1922.54,1922.64,1844.72,22119564.0,dividend,中证红利,1704.425,1725.9284,1951.2031666666667,2473.2757500000002,3169.01565
2008-11-18,1905.34,1776.58,1919.7,1772.31,22904660.0,dividend,中证红利,1702.357,1722.2964000000002,1943.6770000000001,2456.048333333333,3154.5851999999995
2008-11-19,1759.79,1875.0,1878.75,1759.79,19642878.0,dividend,中证红利,1707.3275,1723.7348000000002,1937.2191666666668,2440.7721666666666,3139.3605
2008-11-20,1838.64,1851.81,1899.69,1821.91,19972120.0,dividend,中证红利,1710.7485000000001,1727.7888,1927.7708333333333,2425.2130000000006,3123.6641499999996
2008-11-21,1802.73,1839.85,1877.23,1763.14,19644940.0,dividend,中证红利,1715.3365000000001,1730.3932,1919.786166666667,2408.8203333333336,3107.8813
2008-11-24,1840.83,1775.12,1851.1,1772.35,12180654.0,dividend,中证红利,1722.595,1728.2744,1911.474,2392.70875,3093.5663
2008-11-25,1800.5,1766.74,1814.38,1737.18,10012642.0,dividend,中证红利,1727.6645,1726.2263999999998,1903.3473333333336,2376.3149166666667,3079.05905
2008-11-26,1764.31,1791.66,1813.0,1750.41,13301519.0,dividend,中证红利,1736.17,1726.8692,1897.0896666666665,2359.946666666667,3064.7005
2008-11-27,1908.26,1821.41,1912.86,1819.69,22222734.0,dividend,中证红利,1744.6809999999998,1728.39,1891.4898333333333,2343.8142500000004,3050.862
2008-11-28,1804.55,1798.44,1828.86,1786.15,12623493.0,dividend,中证红利,1753.825,1730.404,1885.2463333333333,2328.1757500000003,3037.3082999999997
2008-12-01,1792.59,1827.94,1828.03,1764.33,11787778.0,dividend,中证红利,1765.4170000000001,1738.3236000000002,1878.4906666666668,2313.2940000000003,3022.00375
2008-12-02,1793.42,1837.74,1851.57,1783.8,14169915.0,dividend,中证红利,1778.863,1745.2192000000002,1872.8339999999998,2298.5800833333333,3006.79135
2008-12-03,1851.34,1919.0,1919.0,1851.34,21365508.0,dividend,中证红利,1793.8785,1757.1172,1868.6066666666666,2286.8503333333333,2992.3808000000004
2008-12-04,1941.88,1943.79,2010.66,1932.44,33390880.0,dividend,中证红利,1810.8905000000002,1768.8211999999999,1865.296,2275.907916666666,2977.6724
2008-12-05,1933.14,1969.9,1970.21,1919.67,19700980.0,dividend,中证红利,1828.5160000000003,1782.9947999999997,1862.2473333333332,2265.6630833333334,2963.2947999999997
2008-12-08,1992.61,2039.21,2039.21,1980.91,28679800.0,dividend,中证红利,1844.3565000000003,1800.7192000000002,1861.4265,2256.852416666667,2948.7944
2008-12-09,2048.55,2004.64,2061.53,2002.9,24455076.0,dividend,中证红利,1858.7145,1818.152,1861.2,2248.1524166666663,2933.4563499999995
2008-12-10,1988.98,2028.44,2028.66,1958.59,21712790.0,dividend,中证红利,1873.6315,1834.542,1860.9633333333334,2240.6790833333334,2918.5757
2008-12-11,2021.99,1981.51,2039.55,1979.61,18755004.0,dividend,中证红利,1882.1875,1849.6604,1859.7935,2231.409416666667,2903.2185999999997
2008-12-12,1967.12,1902.68,1976.91,1879.31,16694755.0,dividend,中证红利,1883.7,1861.0720000000001,1857.9805000000001,2223.4745,2888.2610999999997
2008-12-15,1931.87,1924.41,1943.45,1889.54,12161953.0,dividend,中证红利,1883.7935000000002,1869.1524000000002,1856.3191666666667,2215.31525,2874.23925
2008-12-16,1909.93,1947.67,1947.84,1872.43,11323689.0,dividend,中证红利,1892.348,1878.36,1855.4916666666666,2207.9935833333334,2860.6324
2008-12-17,1955.24,1961.41,1987.88,1947.98,15536680.0,dividend,中证红利,1896.6684999999998,1887.6124,1855.5230000000001,2200.5014166666665,2846.5577500000004
2008-12-18,1959.15,1988.22,1989.79,1937.71,13185708.0,dividend,中证红利,1903.489,1894.7256,1856.7493333333332,2192.0713333333333,2832.5001
2008-12-19,1986.97,2001.14,2021.1,1981.96,15836796.0,dividend,中证红利,1911.5535,1899.874,1855.4370000000001,2183.657833333333,2818.4066000000003
2008-12-22,1998.95,1973.24,2005.63,1950.65,13532188.0,dividend,中证红利,1921.4595000000002,1901.902,1852.2638333333334,2176.559333333333,2803.55015
2008-12-23,1977.47,1876.42,1977.47,1876.05,14974532.0,dividend,中证红利,1926.9435,1905.8956,1848.9926666666665,2168.897916666667,2788.7743
2008-12-24,1848.75,1838.65,1865.3,1823.27,10663692.0,dividend,中证红利,1929.2930000000001,1904.4416,1844.7353333333333,2161.587916666667,2774.20495
2008-12-25,1843.0,1823.21,1853.34,1801.33,8538010.0,dividend,中证红利,1929.3830000000003,1903.2976,1838.8688333333334,2153.9813333333336,2759.4175999999993
2008-12-26,1810.41,1804.81,1819.02,1789.03,7365990.0,dividend,中证红利,1929.7015,1901.896,1832.2316666666666,2145.5488333333333,2744.86935
2008-12-29,1782.99,1783.93,1791.76,1748.1,7177554.0,dividend,中证红利,1927.5009999999997,1902.2484,1827.293666666667,2137.311583333333,2731.17765
2008-12-30,1778.42,1746.51,1783.35,1741.44,7278373.0,dividend,中证红利,1922.9395,1901.4392,1822.1836666666668,2127.5263333333332,2717.2772999999997
2008-12-31,1743.82,1711.02,1751.79,1708.58,9679981.0,dividend,中证红利,1912.5404999999998,1898.2135999999998,1817.2823333333333,2117.1314166666666,2703.7838999999994
2009-01-05,1729.75,1776.05,1776.25,1725.77,13505179.0,dividend,中证红利,1904.1535,1896.3992,1814.0578333333333,2106.440916666667,2691.3988
2009-01-06,1772.48,1833.28,1839.13,1762.63,19304586.0,dividend,中证红利,1897.3224999999998,1897.7928,1813.3549999999998,2096.7270000000003,2679.50145
2009-01-07,1827.32,1821.68,1844.51,1815.6,16224508.0,dividend,中证红利,1886.446,1897.5423999999998,1811.8553333333334,2087.1493333333333,2668.8620499999997
2009-01-08,1789.18,1784.42,1803.07,1770.6,13903659.0,dividend,中证红利,1875.435,1895.4096,1810.4726666666668,2076.9567500000003,2659.1848999999997
2009-01-09,1786.2,1822.58,1827.18,1786.2,12200425.0,dividend,中证红利,1865.1420000000003,1891.5528,1810.1983333333333,2067.9065,2648.9739
2009-01-12,1817.83,1838.33,1862.95,1812.21,14407859.0,dividend,中证红利,1857.9830000000002,1887.3344,1811.6628333333333,2060.00725,2638.1296500000003
2009-01-13,1817.27,1797.3,1840.77,1796.0,13611646.0,dividend,中证红利,1852.714,1880.4304000000002,1812.0388333333333,2052.14775,2626.58955
2009-01-14,1795.69,1867.08,1867.08,1795.69,14746257.0,dividend,中证红利,1849.8474999999999,1873.5451999999998,1812.6886666666667,2044.1956666666665,2616.2493
2009-01-15,1850.47,1861.71,1885.23,1842.27,17141204.0,dividend,中证红利,1845.5494999999999,1867.828,1813.4181666666666,2035.3893333333333,2605.4322
2009-01-16,1870.06,1885.97,1910.98,1870.06,19588689.0,dividend,中证红利,1841.7775000000001,1862.1292,1815.2578333333333,2026.7606666666668,2594.68775
2009-01-19,1902.74,1895.27,1923.52,1876.59,17150389.0,dividend,中证红利,1837.1299999999999,1858.6796,1817.1225000000002,2018.5048333333334,2584.94755
2009-01-20,1891.98,1908.31,1908.31,1876.44,14500042.0,dividend,中证红利,1832.4885000000002,1858.9048,1819.7928333333334,2009.7995833333334,2574.68675
2009-01-21,1879.72,1896.28,1916.3,1873.98,14590436.0,dividend,中证红利,1828.6405,1857.7795999999998,1824.2316666666666,2001.357,2565.1232999999997
2009-01-22,1905.19,1924.44,1924.93,1892.18,15073356.0,dividend,中证红利,1831.0415,1856.8504,1828.5498333333335,1992.9019166666667,2557.0991999999997
2009-01-23,1920.66,1918.79,1939.91,1908.49,15831921.0,dividend,中证红利,1835.0485,1855.1456,1833.5038333333332,1984.83125,2549.4894
2009-02-02,1940.57,1957.42,1959.98,1923.94,14319283.0,dividend,中证红利,1841.759,1853.9136,1838.6076666666665,1977.2607500000001,2541.32625
2009-02-03,1957.8,2012.17,2012.54,1950.48,21599188.0,dividend,中证红利,1852.127,1854.3548,1845.2178333333334,1970.8329166666667,2532.41995
2009-02-04,2021.76,2061.96,2062.2,2021.76,25406798.0,dividend,中证红利,1866.0285,1857.9035999999999,1852.9821666666664,1964.8669166666666,2523.491
2009-02-05,2062.31,2055.04,2108.59,2038.28,30831100.0,dividend,中证红利,1881.455,1865.0484,1861.0858333333333,1959.5960000000002,2515.2538
2009-02-06,2062.66,2143.17,2149.46,2062.66,26681514.0,dividend,中证红利,1903.0625,1877.2291999999998,1869.8271666666667,1955.93775,2507.0274000000004
2009-02-09,2179.31,2227.32,2231.9,2167.44,34026794.0,dividend,中证红利,1925.6259999999997,1893.3935999999999,1880.2233333333331,1952.9090833333332,2499.1044500000003
2009-02-10,2222.08,2279.73,2279.73,2186.72,31560720.0,dividend,中证红利,1947.9485,1912.3904,1891.2623333333331,1950.30375,2492.61735
2009-02-11,2238.91,2269.87,2314.31,2222.59,38489476.0,dividend,中证红利,1970.3580000000002,1931.828,1900.3868333333335,1948.7530833333333,2485.7744000000002
2009-02-12,2270.34,2250.85,2283.8,2171.89,33249906.0,dividend,中证红利,1993.6795000000002,1952.0016,1909.2763333333335,1948.1198333333334,2479.30595
2009-02-13,2251.13,2328.57,2332.34,2230.58,35090577.0,dividend,中证红利,2018.979,1976.7036,1919.2508333333333,1947.8542499999999,2473.9197999999997
2009-02-16,2354.11,2404.27,2404.27,2320.86,44283449.0,dividend,中证红利,2047.2759999999998,2001.8324,1929.1488333333334,1948.0889166666668,2469.6441
2009-02-17,2403.77,2320.76,2408.52,2320.37,41581547.0,dividend,中证红利,2073.449,2021.3316,1936.6209999999999,1947.6288333333332,2464.96945
2009-02-18,2260.67,2206.94,2304.27,2203.75,29798322.0,dividend,中证红利,2090.442,2036.7420000000002,1941.361,1946.282083333333,2459.62065
2009-02-19,2230.59,2255.84,2272.18,2211.06,25786917.0,dividend,中证红利,2110.1485000000002,2055.5988,1949.3486666666665,1946.5128333333334,2453.7275
2009-02-20,2265.66,2330.67,2330.8,2236.47,23801926.0,dividend,中证红利,2132.3835,2075.9224,1956.9431666666667,1947.0811666666666,2446.6244
2009-02-23,2321.37,2386.71,2396.57,2290.44,28354888.0,dividend,中证红利,2156.9555,2097.8576000000003,1965.8581666666666,1946.8145,2439.5389999999998
2009-02-24,2355.14,2291.96,2395.09,2290.61,35344021.0,dividend,中证红利,2176.138,2117.6440000000002,1973.3933333333332,1946.58975,2432.25855
2009-02-25,2320.82,2277.21,2337.13,2217.39,27049609.0,dividend,中证红利,2195.1845000000003,2134.0492,1981.7615,1946.6177500000001,2424.5839499999997
2009-02-26,2277.93,2137.43,2311.47,2107.58,24542408.0,dividend,中证红利,2205.834,2145.078,1987.9396666666664,1945.6435,2415.44075
2009-02-27,2109.68,2038.24,2123.25,2013.96,22570088.0,dividend,中证红利,2211.8064999999997,2151.1688,1992.0493333333334,1944.5695,2405.2359
2009-03-02,2014.73,2068.41,2078.19,2006.05,14373824.0,dividend,中证红利,2217.3559999999998,2158.0944,1996.1660000000002,1943.8279166666666,2395.3588999999997
2009-03-03,2019.03,2069.97,2091.13,2004.89,18140798.0,dividend,中证红利,2220.246,2164.5607999999997,2000.6915000000001,1942.9689166666665,2386.42425
2009-03-04,2076.63,2205.13,2210.85,2076.63,25577252.0,dividend,中证红利,2227.4045,2176.9148,2006.9779999999998,1942.7343333333333,2377.5455
2009-03-05,2237.96,2220.92,2252.91,2174.68,29974474.0,dividend,中证红利,2235.6985,2188.774,2013.3643333333334,1943.0991666666669,2368.70095
2009-03-06,2178.88,2196.22,2213.67,2164.07,19875381.0,dividend,中证红利,2238.351,2199.8712,2017.9846666666667,1943.2956666666666,2359.5573
2009-03-09,2210.15,2107.41,2230.05,2105.87,19232124.0,dividend,中证红利,2232.3555,2205.8707999999997,2020.7116666666666,1943.0038333333334,2349.94155
2009-03-10,2079.8,2147.55,2147.55,2074.16,13118307.0,dividend,中证红利,2225.7465,2211.286,2023.6725000000001,1942.9599166666667,2340.01985
2009-03-11,2193.51,2135.67,2204.44,2125.0,19125181.0,dividend,中证红利,2219.0364999999997,2214.2344,2025.2801666666667,1943.3533333333335,2330.0638
2009-03-12,2123.54,2133.84,2141.53,2074.84,13294148.0,dividend,中证红利,2213.186,2217.3864000000003,2027.4334999999999,1944.3167500000002,2320.29575
2009-03-13,2147.09,2111.7,2158.48,2109.29,11483921.0,dividend,中证红利,2202.3424999999997,2216.1276000000003,2028.8211666666664,1944.89225,2310.4863
2009-03-16,2107.1,2140.61,2144.15,2092.81,12260896.0,dividend,中证红利,2189.1595,2212.6592,2031.4728333333333,1945.6331666666667,2301.9398
2009-03-17,2148.33,2222.98,2227.63,2142.1,22578296.0,dividend,中证红利,2184.2705,2210.3891999999996,2036.8111666666666,1947.3958333333333,2293.27515
2009-03-18,2235.37,2255.13,2296.36,2232.69,28164918.0,dividend,中证红利,2186.68,2209.7996000000003,2042.3231666666666,1949.3211666666668,2285.04175
2009-03-19,2259.89,2309.85,2311.17,2250.72,25859088.0,dividend,中证红利,2189.3805,2212.1596,2048.3595,1951.9255833333334,2277.37165
2009-03-20,2320.59,2337.32,2353.74,2293.45,28465485.0,dividend,中证红利,2189.713,2212.5096,2054.624666666667,1955.0738333333334,2270.5175499999996
2009-03-23,2350.24,2392.71,2410.85,2340.23,30388315.0,dividend,中证红利,2190.013,2212.0472,2061.3661666666667,1959.05775,2263.88655
2009-03-24,2420.53,2410.78,2425.58,2385.95,28698367.0,dividend,中证红利,2195.9539999999997,2215.6479999999997,2068.1935,1961.8152499999999,2256.9056
2009-03-25,2393.78,2339.57,2414.88,2339.42,24927751.0,dividend,中证红利,2199.072,2220.9532,2074.299,1963.281416666667,2250.0609
2009-03-26,2342.76,2408.63,2408.89,2304.69,24009356.0,dividend,中证红利,2212.632,2227.0648,2083.1691666666666,1966.0809166666668,2243.43405
2009-03-27,2430.26,2437.81,2469.65,2411.5,38352549.0,dividend,中证红利,2232.6105,2231.3504000000003,2093.155166666667,1968.9452500000002,2236.8438499999997
2009-03-30,2433.26,2409.32,2433.74,2395.79,24103931.0,dividend,中证红利,2249.656,2232.2548,2102.9236666666666,1970.8962500000002,2230.1039499999997
2009-03-31,2360.84,2407.3,2408.2,2338.87,21423961.0,dividend,中证红利,2266.5225,2236.8684,2112.965166666667,1972.5984166666667,2223.7651499999997
2009-04-01,2422.03,2466.31,2476.58,2422.02,30531600.0,dividend,中证红利,2279.5815,2244.4323999999997,2124.3381666666664,1975.8159166666667,2218.02795
2009-04-02,2473.5,2489.71,2513.58,2459.49,33808191.0,dividend,中证红利,2293.0209999999997,2258.5236,2136.724833333333,1979.4542499999998,2212.4594500000003
2009-04-03,2508.65,2464.08,2515.01,2449.72,29638518.0,dividend,中证红利,2306.4139999999998,2275.5572,2149.2758333333336,1983.2790833333336,2208.147
2009-04-07,2466.98,2480.84,2491.68,2452.0,22909666.0,dividend,中证红利,2325.0855,2292.0544000000004,2161.0223333333333,1987.5400833333333,2204.2668
2009-04-08,2469.19,2395.23,2470.37,2395.23,26279364.0,dividend,中证红利,2337.4695,2305.0648,2170.3881666666666,1991.8715833333335,2200.24655
2009-04-09,2391.23,2430.24,2430.4,2374.35,20401753.0,dividend,中证红利,2352.198,2314.0692,2180.5308333333332,1996.1930833333333,2196.9153
2009-04-10,2446.47,2500.34,2501.78,2430.5,27231846.0,dividend,中证红利,2370.523,2325.246,2192.462833333333,2001.46775,2194.1737999999996
2009-04-13,2523.02,2575.46,2581.23,2518.26,38527176.0,dividend,中证红利,2393.7110000000002,2340.4156,2205.0108333333333,2007.6045833333333,2192.4249
2009-04-14,2571.15,2598.09,2607.58,2553.69,29425405.0,dividend,中证红利,2416.585,2360.0428,2217.6735,2014.6681666666666,2189.946
2009-04-15,2583.73,2626.86,2636.42,2567.19,35665750.0,dividend,中证红利,2436.779,2379.2152,2231.4995,2021.7691666666667,2188.80595
2009-04-16,2634.85,2641.09,2664.73,2598.99,38531840.0,dividend,中证红利,2456.077,2399.4320000000002,2244.3996666666662,2028.5441666666668,2187.4937999999997
2009-04-17,2630.8,2587.04,2630.81,2555.47,29739900.0,dividend,中证红利,2469.9365000000003,2417.56,2256.4885,2034.9533333333336,2186.29765
2009-04-20,2579.18,2641.19,2642.03,2576.0,23377213.0,dividend,中证红利,2485.13,2438.7396000000003,2269.0755,2042.1666666666667,2185.20125
2009-04-21,2608.57,2614.96,2634.86,2564.37,28285875.0,dividend,中证红利,2496.2425000000003,2457.7136,2281.0703333333336,2049.0964166666668,2183.2769
2009-04-22,2623.64,2506.66,2645.16,2495.9,30372380.0,dividend,中证红利,2501.0365,2469.0607999999997,2291.0428333333334,2055.4178333333334,2180.7564
2009-04-23,2482.04,2533.95,2546.74,2473.23,19934546.0,dividend,中证红利,2510.7555,2480.2136,2301.670666666667,2062.9511666666667,2179.30085
2009-04-24,2540.77,2501.48,2544.15,2499.23,18295298.0,dividend,中证红利,2515.398,2487.8788,2311.2880000000005,2069.9189166666665,2177.8293
2009-04-27,2495.1,2420.1,2501.18,2408.45,17627474.0,dividend,中证红利,2514.5125,2491.19,2319.6431666666667,2076.5735,2176.35055
2009-04-28,2402.62,2433.68,2445.69,2399.81,12770891.0,dividend,中证红利,2515.7305,2492.8288000000002,2327.5808333333334,2083.09425,2174.8389500000003
2009-04-29,2431.38,2493.77,2500.61,2424.96,17594866.0,dividend,中证红利,2520.054,2496.1484,2335.6075,2090.4126666666666,2173.2242499999998
2009-04-30,2512.74,2513.34,2528.83,2495.24,19168440.0,dividend,中证红利,2522.4055,2503.0991999999997,2343.1304999999998,2098.0563333333334,2171.92895
2009-05-04,2531.5,2624.54,2624.72,2531.5,25604000.0,dividend,中证红利,2529.147,2511.7356,2352.622166666667,2106.854,2170.4479499999998
2009-05-05,2645.47,2636.42,2653.3,2616.16,25281702.0,dividend,中证红利,2537.764,2519.68,2360.843,2115.3350833333334,2168.8379999999997
2009-05-06,2633.52,2681.29,2684.78,2622.66,25133708.0,dividend,中证红利,2547.7864999999997,2530.5588000000002,2368.4091666666664,2124.3162500000003,2166.9499
2009-05-07,2705.7,2668.45,2720.97,2632.86,31749690.0,dividend,中证红利,2561.4474999999998,2541.0047999999997,2374.8878333333337,2133.0750833333336,2165.2974000000004
2009-05-08,2645.09,2657.41,2671.91,2612.75,24593933.0,dividend,中证红利,2572.806,2548.6488,2381.3468333333335,2140.866833333333,2163.7294500000003
2009-05-11,2668.06,2578.07,2680.95,2576.49,28831250.0,dividend,中证红利,2576.6925,2552.1832,2386.8005,2148.0384166666668,2161.58215
2009-05-12,2554.1,2656.31,2656.31,2549.8,22867113.0,dividend,中证红利,2580.7349999999997,2559.8723999999997,2392.262833333333,2155.7568333333334,2160.32065
2009-05-13,2659.26,2682.98,2694.1,2653.16,27266358.0,dividend,中证红利,2584.9795000000004,2567.958,2396.9080000000004,2163.0284166666665,2159.80435
2009-05-14,2653.94,2680.6,2688.57,2642.38,21411660.0,dividend,中证红利,2587.6665000000003,2579.3728,2402.9053333333336,2169.7631666666666,2159.50515
2009-05-15,2684.74,2680.08,2693.73,2654.25,16175367.0,dividend,中证红利,2589.616,2589.3664000000003,2410.7909999999997,2176.076,2158.7989
2009-05-18,2667.0,2715.47,2719.91,2628.87,17263789.0,dividend,中证红利,2596.0375,2597.9716,2418.4515,2183.9000833333334,2157.7839000000004
2009-05-19,2733.81,2745.82,2752.37,2720.45,26374325.0,dividend,中证红利,2601.269,2604.786,2425.3706666666667,2191.156916666667,2156.90595
2009-05-20,2751.06,2732.1,2767.8,2730.75,22580378.0,dividend,中证红利,2607.1259999999997,2610.1463999999996,2431.1271666666667,2198.4926666666665,2156.1366
2009-05-21,2717.46,2675.0,2732.91,2661.9,21965180.0,dividend,中证红利,2615.543,2612.072,2437.5111666666667,2205.4522500000003,2154.7469
2009-05-22,2657.8,2659.98,2683.72,2635.88,16366432.0,dividend,中证红利,2621.8445,2612.8276,2443.8906666666667,2212.8260833333334,2153.4998499999997
2009-05-25,2594.99,2669.27,2678.64,2574.46,18965560.0,dividend,中证红利,2630.234,2616.1168,2452.7546666666667,2220.347166666667,2152.15095
2009-05-26,2668.57,2637.59,2682.71,2633.52,17301982.0,dividend,中证红利,2641.1085,2615.9727999999996,2462.7438333333334,2227.396583333333,2150.9025500000002
2009-05-27,2649.34,2656.95,2665.3,2618.71,15172954.0,dividend,中证红利,2652.272,2617.6524,2472.552833333333,2234.3594166666667,2149.8579
2009-06-01,2687.51,2738.32,2746.4,2687.51,23846056.0,dividend,中证红利,2664.4995,2626.9188,2483.692,2242.19175,2149.63195
2009-06-02,2759.41,2764.97,2785.89,2751.22,24971622.0,dividend,中证红利,2677.081,2636.1596000000004,2493.0226666666663,2250.000333333333,2149.5674000000004
2009-06-03,2763.96,2809.5,2809.5,2758.78,26126923.0,dividend,中证红利,2686.329,2648.4804,2502.8323333333333,2258.0983333333334,2150.17715
2009-06-04,2792.93,2827.82,2830.02,2771.02,34716978.0,dividend,中证红利,2695.8990000000003,2664.7891999999997,2513.359,2265.6718333333333,2151.40545
2009-06-05,2839.05,2812.59,2863.84,2809.92,29693347.0,dividend,中证红利,2702.464,2679.9456,2525.112,2272.9118333333336,2152.5146
2009-06-08,2806.61,2786.86,2814.34,2760.17,20614802.0,dividend,中证红利,2708.3845,2691.6692,2535.767166666667,2279.7198333333336,2153.48705
2009-06-09,2784.11,2779.93,2791.53,2716.36,22143647.0,dividend,中证红利,2714.5105,2702.3328,2546.5048333333334,2285.8925,2155.10695
2009-06-10,2793.0,2823.9,2825.22,2783.3,25440095.0,dividend,中证红利,2726.802,2710.3071999999997,2558.0058333333336,2292.719666666667,2157.59225
2009-06-11,2819.54,2789.35,2828.14,2779.02,21190248.0,dividend,中证红利,2733.454,2716.4244,2569.3,2299.0605833333334,2159.7368
2009-06-12,2784.47,2730.47,2797.3,2710.27,19555361.0,dividend,中证红利,2735.8285,2718.3916,2579.1310000000003,2305.301916666667,2161.5085999999997
2009-06-15,2717.14,2735.21,2735.43,2686.11,15417823.0,dividend,中证红利,2738.559,2721.062,2587.668166666667,2312.239666666667,2163.3048
2009-06-16,2708.95,2737.19,2748.5,2701.12,14578568.0,dividend,中证红利,2741.4145,2724.2532,2595.7025,2319.012833333333,2165.148
2009-06-17,2734.25,2774.59,2776.17,2715.93,17035969.0,dividend,中证红利,2744.3705,2732.114,2603.4481666666666,2325.9038333333333,2167.8802
2009-06-18,2779.52,2799.83,2805.7,2779.52,18646658.0,dividend,中证红利,2747.071,2737.8547999999996,2611.156666666667,2332.8906666666667,2170.567
2009-06-19,2810.88,2807.65,2818.59,2774.22,23467426.0,dividend,中证红利,2750.8485,2742.8416,2618.072333333333,2339.71925,2172.5117
2009-06-22,2823.11,2805.28,2837.31,2796.25,25177182.0,dividend,中证红利,2757.3625,2747.8288000000002,2624.6473333333333,2346.420416666667,2174.94345
2009-06-23,2766.15,2821.13,2848.88,2756.0,29116782.0,dividend,中证红利,2765.42,2753.4708,2632.6733333333336,2353.486166666667,2177.67985
2009-06-24,2825.22,2901.45,2901.45,2824.7,30437169.0,dividend,中证红利,2777.029,2760.91,2640.887,2362.028083333333,2180.9154
2009-06-25,2908.8,2889.41,2912.21,2872.1,21182930.0,dividend,中证红利,2789.62,2766.6536000000006,2648.413666666667,2370.784416666667,2184.52685
2009-06-26,2893.2,2883.28,2902.26,2873.23,17643345.0,dividend,中证红利,2800.9365,2772.7008,2656.313,2379.6183333333333,2188.15625
2009-06-29,2882.92,2920.32,2920.32,2864.09,20287052.0,dividend,中证红利,2810.0364999999997,2782.5135999999998,2664.8633333333337,2388.91425,2191.8926
2009-06-30,2926.96,2887.43,2929.11,2878.95,20218741.0,dividend,中证红利,2816.1594999999998,2791.6116,2671.8819999999996,2398.110083333333,2195.1633500000003
2009-07-01,2871.76,2928.78,2928.78,2866.21,20844761.0,dividend,中证红利,2822.1235,2801.992,2679.199833333333,2407.962333333334,2198.92155
2009-07-02,2940.86,2955.37,2956.27,2924.19,23109539.0,dividend,中证红利,2828.5009999999997,2814.7032,2687.388,2418.331916666667,2202.8352
2009-07-03,2933.81,2981.11,2990.22,2928.67,24435449.0,dividend,中证红利,2836.927,2827.6696,2695.7258333333334,2428.3740833333336,2207.0286
2009-07-06,2990.14,3059.13,3065.37,2986.39,36971152.0,dividend,中证红利,2850.5405,2840.502,2706.7908333333335,2438.5895,2211.5601500000002
2009-07-07,3056.5,3051.88,3095.97,3035.08,35937386.0,dividend,中证红利,2864.138,2851.9783999999995,2717.1515,2448.8411666666666,2216.3772499999995
2009-07-08,3031.01,3081.03,3090.27,3006.58,24347934.0,dividend,中证红利,2876.9945,2862.8396000000002,2726.829666666667,2459.6462500000002,2221.69125
2009-07-09,3082.32,3140.06,3140.06,3077.69,27079066.0,dividend,中证红利,2894.5299999999997,2875.3292000000006,2736.239666666667,2470.62525,2227.17835
2009-07-10,3142.2,3139.72,3162.11,3126.0,25761902.0,dividend,中证红利,2914.9925,2888.4144,2745.2668333333336,2481.4701666666665,2232.61845
2009-07-13,3128.56,3109.83,3150.65,3106.2,21986616.0,dividend,中证红利,2933.7235,2901.3331999999996,2753.3163333333337,2492.4079166666666,2238.1103
2009-07-14,3118.82,3192.25,3192.25,3118.82,27535768.0,dividend,中证红利,2956.4764999999998,2917.8259999999996,2762.5023333333334,2503.451,2243.9510999999998
2009-07-15,3207.67,3283.58,3292.68,3207.67,38539184.0,dividend,中证红利,2981.9260000000004,2936.2132,2774.1113333333333,2515.2999166666664,2250.3824
2009-07-16,3303.68,3278.04,3329.45,3267.85,32079765.0,dividend,中证红利,3005.8365000000003,2955.7608,2784.7255,2526.9005,2256.97495
2009-07-17,3274.11,3330.01,3335.53,3273.15,25745064.0,dividend,中证红利,3031.9545,2979.7424,2796.6430000000005,2538.856666666667,2264.0517999999997
2009-07-20,3350.95,3424.19,3427.46,3350.95,30971680.0,dividend,中证红利,3062.9,3007.3016,2811.935166666667,2551.4890000000005,2270.77335
2009-07-21,3434.52,3346.05,3434.98,3336.59,29003055.0,dividend,中证红利,3089.146,3031.6560000000004,2825.4701666666665,2563.570416666667,2276.68545
2009-07-22,3334.32,3417.05,3442.26,3333.98,26357536.0,dividend,中证红利,3114.926,3057.3544,2840.7296666666666,2576.0088333333333,2283.40725
2009-07-23,3426.96,3442.41,3442.47,3399.85,24695481.0,dividend,中证红利,3142.576,3083.0575999999996,2857.7681666666667,2588.7056666666667,2290.14885
2009-07-24,3460.28,3463.41,3475.43,3384.2,28305817.0,dividend,中证红利,3171.5825,3109.288,2874.930333333333,2601.255583333333,2296.5899
2009-07-27,3478.18,3562.64,3562.64,3477.55,31710470.0,dividend,中证红利,3203.6985,3139.5824,2892.744833333333,2614.1761666666666,2303.3879
2009-07-28,3572.82,3617.76,3618.14,3552.75,37430724.0,dividend,中证红利,3240.215,3171.4476,2911.151833333334,2627.141166666667,2311.07565
2009-07-29,3606.31,3419.17,3627.08,3301.07,40794297.0,dividend,中证红利,3264.7344999999996,3192.1564000000003,2924.3956666666663,2638.5089166666667,2317.90595
2009-07-30,3430.74,3484.7,3496.98,3360.96,27950293.0,dividend,中证红利,3291.201,3215.968,2938.533666666667,2649.6883333333335,2325.30395
2009-07-31,3527.55,3618.04,3618.04,3495.79,31191512.0,dividend,中证红利,3323.0474999999997,3245.3583999999996,2954.1461666666664,2661.277666666667,2333.54655
2009-08-03,3641.77,3758.84,3759.75,3639.98,36599131.0,dividend,中证红利,3358.0330000000004,3278.8992000000003,2972.3193333333334,2673.603583333334,2342.9635
2009-08-04,3776.93,3817.93,3829.61,3724.29,37812567.0,dividend,中证红利,3396.3355,3316.1191999999996,2991.661333333333,2686.5040833333337,2352.49485
2009-08-05,3810.02,3771.13,3810.02,3691.59,33142267.0,dividend,中证红利,3430.8405,3349.8132,3011.545666666667,2699.1730833333336,2362.0135999999998
2009-08-06,3728.43,3642.41,3728.43,3605.64,26609413.0,dividend,中证红利,3455.958,3377.2947999999997,3027.980666666667,2710.12175,2371.0304499999997
2009-08-07,3630.08,3489.27,3674.16,3470.5,26123781.0,dividend,中证红利,3473.4355000000005,3397.6212,3041.4188333333336,2719.163416666667,2379.7245
2009-08-10,3529.04,3523.36,3564.96,3437.88,20912072.0,dividend,中证红利,3494.112,3416.1904,3055.464833333333,2729.1850833333333,2388.4676
2009-08-11,3536.75,3527.79,3544.17,3465.66,17026002.0,dividend,中证红利,3510.889,3435.2268000000004,3069.5933333333332,2740.1921666666667,2396.9661
2009-08-12,3511.58,3338.38,3511.58,3330.39,22271470.0,dividend,中证红利,3513.629,3445.5208,3079.9751666666666,2749.213333333333,2404.5683000000004
2009-08-13,3345.79,3376.01,3383.04,3289.12,20333833.0,dividend,中证红利,3518.5275,3454.9588,3090.4783333333335,2757.9245,2412.5704
2009-08-14,3381.59,3274.83,3395.25,3273.84,22418231.0,dividend,中证红利,3515.7684999999997,3460.3632000000002,3099.523833333333,2765.3255,2420.0276
2009-08-17,3197.29,3039.82,3223.88,3035.37,23036657.0,dividend,中证红利,3496.55,3457.5627999999997,3105.6041666666665,2771.557666666667,2426.48625
2009-08-18,3004.63,3110.45,3124.64,3000.16,22418245.0,dividend,中证红利,3484.7700000000004,3454.2908,3113.112,2778.501333333333,2433.88875
2009-08-19,3108.34,2930.22,3108.34,2896.46,21731313.0,dividend,中证红利,3460.4285000000004,3440.1564000000003,3117.4611666666665,2785.107916666667,2440.2131
2009-08-20,2930.63,3048.18,3053.18,2930.63,19913105.0,dividend,中证红利,3440.7169999999996,3430.962,3124.3043333333335,2793.5240833333332,2447.3462500000005
2009-08-21,3037.65,3128.59,3135.42,3011.56,23851418.0,dividend,中证红利,3423.976,3422.9052,3132.1650000000004,2802.3589166666666,2454.73325
2009-08-24,3148.03,3175.45,3191.98,3108.99,20869320.0,dividend,中证红利,3404.6165,3412.9556,3139.4505,2811.57125,2462.5327
2009-08-25,3147.57,3080.72,3147.57,2976.8,22700624.0,dividend,中证红利,3377.7644999999998,3402.3424,3144.713,2818.8678333333332,2469.9557999999997
2009-08-26,3050.21,3149.57,3182.92,3033.22,18415306.0,dividend,中证红利,3364.2845,3391.6431999999995,3150.3808333333336,2826.6065833333337,2477.8595499999997
2009-08-27,3122.49,3135.69,3192.68,3093.18,18712792.0,dividend,中证红利,3346.834,3379.3744,3155.512,2834.4355,2485.4445499999997
2009-08-28,3132.16,3019.75,3152.55,3004.37,18558102.0,dividend,中证红利,3316.9195,3361.6279999999997,3158.9646666666667,2842.0383333333334,2492.52555
2009-08-31,2975.96,2777.81,2975.96,2773.29,19886637.0,dividend,中证红利,3267.868,3330.2347999999997,3158.813833333333,2847.2905000000005,2498.3276499999997
2009-09-01,2739.62,2750.69,2813.99,2707.99,16065236.0,dividend,中证红利,3214.5060000000003,3295.5519999999997,3158.3265,2852.4156666666668,2503.4691000000003
2009-09-02,2730.9,2777.47,2800.64,2716.42,12985252.0,dividend,中证红利,3164.8230000000003,3269.8839999999996,3157.552666666667,2857.77925,2508.76905
2009-09-03,2784.76,2956.07,2963.15,2781.69,22090614.0,dividend,中证红利,3130.5060000000003,3248.7388,3160.3313333333335,2864.815666666667,2514.8989
2009-09-04,2955.17,2985.74,2999.7,2939.33,21952786.0,dividend,中证红利,3105.3295000000003,3223.4467999999997,3164.585833333333,2871.858416666667,2520.77565
2009-09-07,3000.19,2993.94,3045.18,2967.34,20889771.0,dividend,中证红利,3078.8585,3192.8507999999997,3168.898,2878.2830833333333,2526.3832
2009-09-08,2966.54,3071.92,3071.92,2924.93,21332760.0,dividend,中证红利,3056.065,3163.0103999999997,3174.476833333333,2885.0896666666663,2532.1301000000003
2009-09-09,3093.49,3133.0,3136.64,3056.3,26259535.0,dividend,中证红利,3045.796,3137.4851999999996,3180.450333333333,2891.9492499999997,2538.9122
2009-09-10,3112.92,3093.76,3147.41,3081.42,18133460.0,dividend,中证红利,3031.6835,3115.5392000000006,3185.349166666667,2898.2529166666664,2545.006
2009-09-11,3074.25,3130.25,3154.29,3072.49,18968929.0,dividend,中证红利,3024.4545,3101.1784000000002,3190.725833333333,2904.399083333333,2551.3982
2009-09-14,3136.08,3190.23,3198.68,3127.27,20727649.0,dividend,中证红利,3031.975,3087.8532,3197.141666666667,2910.8945000000003,2558.1501000000003
2009-09-15,3197.24,3218.46,3247.19,3166.75,23521715.0,dividend,中证红利,3037.3755,3075.48,3203.763833333333,2918.2185833333333,2565.3668000000002
2009-09-16,3208.98,3173.87,3210.52,3120.88,20980710.0,dividend,中证红利,3049.558,3068.8996,3208.304166666667,2924.5955833333333,2572.40245
2009-09-17,3185.58,3232.69,3239.67,3185.58,21150472.0,dividend,中证红利,3058.7835,3063.1668,3214.0255,2931.219583333333,2579.6076000000003
2009-09-18,3231.06,3115.92,3239.2,3088.98,23055203.0,dividend,中证红利,3058.15,3056.8104,3217.9028333333335,2937.107916666667,2586.08015
2009-09-21,3071.94,3125.98,3126.5,3004.9,16908842.0,dividend,中证红利,3055.6765,3060.2568,3221.3304999999996,2943.096916666667,2592.71785
2009-09-22,3117.66,3038.58,3146.52,3038.58,17906499.0,dividend,中证红利,3053.5695,3057.382,3223.849666666667,2947.8658333333337,2598.7710500000003
2009-09-23,3033.54,2949.85,3064.17,2928.64,14847221.0,dividend,中证红利,3043.5834999999997,3058.1672000000003,3224.200833333334,2951.700333333333,2604.3316
2009-09-24,2925.42,2930.88,2969.46,2850.25,13696461.0,dividend,中证红利,3033.343,3053.4751999999994,3223.7926666666667,2955.5903333333335,2609.3909999999996
2009-09-25,2912.65,2894.14,2929.89,2877.09,10169893.0,dividend,中证红利,3027.0625,3044.0971999999997,3222.3431666666665,2959.0345,2614.14275
2009-09-28,2901.41,2807.81,2929.04,2796.85,10599875.0,dividend,中证红利,3028.5625,3029.3916000000004,3218.1544999999996,2962.472666666667,2618.3323
2009-09-29,2811.36,2788.8,2825.33,2735.97,11197875.0,dividend,中证红利,3030.468,3017.7147999999997,3213.7698333333333,2965.460666666667,2622.0802500000004
2009-09-30,2810.64,2826.99,2860.78,2810.64,8859375.0,dividend,中证红利,3032.944,3004.8115999999995,3209.5358333333334,2968.18275,2626.192
2009-10-09,2903.49,2987.21,2987.35,2895.51,13406690.0,dividend,中证红利,3034.5009999999997,2998.8723999999997,3206.9883333333332,2971.614,2630.98585
2009-10-12,2996.32,2973.69,2996.32,2953.66,13529253.0,dividend,中证红利,3033.8985000000002,2997.03,3204.2211666666667,2974.744,2635.94675
2009-10-13,2972.25,3027.45,3028.25,2965.84,13372444.0,dividend,中证红利,3035.5739999999996,3007.0156000000006,3202.848166666667,2978.0822500000004,2641.5706000000005
2009-10-14,3035.22,3054.79,3103.18,3029.92,19063125.0,dividend,中证红利,3034.7174999999997,3019.1796000000004,3200.5571666666665,2981.52975,2647.2225
2009-10-15,3083.98,3078.35,3114.06,3058.9,16203023.0,dividend,中证红利,3031.9849999999997,3031.2148,3197.1366666666668,2985.6240000000003,2652.8758999999995
2009-10-16,3091.81,3084.12,3106.4,3033.08,13627076.0,dividend,中证红利,3031.503,3036.3368,3193.904666666667,2989.3150833333334,2658.4894499999996
2009-10-19,3083.09,3178.54,3181.62,3068.87,19473075.0,dividend,中证红利,3033.9175,3044.0488,3191.380166666667,2994.0115833333334,2664.44105
2009-10-20,3199.67,3210.06,3212.03,3177.93,20651535.0,dividend,中证红利,3034.909,3052.6936,3187.811333333333,2999.87325,2670.48565
2009-10-21,3205.33,3195.68,3230.56,3185.94,20444547.0,dividend,中证红利,3033.77,3057.6440000000002,3185.3051666666665,3005.387666666667,2676.5978499999997
2009-10-22,3195.66,3173.63,3210.92,3168.3,15053104.0,dividend,中证红利,3033.758,3059.2692000000006,3181.2481666666663,3010.9889166666667,2683.0839
2009-10-23,3179.96,3238.48,3263.77,3179.96,21071291.0,dividend,中证红利,3034.0475,3065.058,3177.8493333333336,3017.8087499999997,2690.0830499999997
2009-10-26,3245.66,3256.79,3259.91,3220.67,17249592.0,dividend,中证红利,3041.091,3070.1195999999995,3174.4056666666665,3024.6679999999997,2697.25095
2009-10-27,3224.75,3151.27,3233.08,3151.16,18487605.0,dividend,中证红利,3042.3555,3068.5612,3167.5495,3030.1471666666666,2703.98325
2009-10-28,3135.88,3182.43,3182.79,3106.58,15918171.0,dividend,中证红利,3049.548,3067.12,3160.294,3035.7229166666666,2710.9757499999996
2009-10-29,3118.18,3102.95,3145.07,3093.95,16134555.0,dividend,中证红利,3057.203,3064.2832,3155.023666666667,3039.7096666666666,2717.7579500000006
2009-10-30,3157.62,3131.57,3180.82,3128.57,15088020.0,dividend,中证红利,3067.2375,3060.2383999999997,3149.138166666666,3043.8359166666664,2724.8607
2009-11-02,3061.63,3227.95,3227.95,3048.28,19523492.0,dividend,中证红利,3083.928,3064.7195999999994,3142.6366666666668,3048.391416666667,2732.1202000000003
2009-11-03,3239.64,3282.5,3288.41,3234.76,23046635.0,dividend,中证红利,3107.6625,3070.9804,3134.6976666666665,3053.5085000000004,2739.3663
2009-11-04,3295.29,3307.98,3331.87,3272.84,23151376.0,dividend,中证红利,3133.6214999999997,3081.7564,3126.1985,3058.9299166666665,2746.7978000000003
2009-11-05,3312.72,3336.09,3340.08,3285.56,21076566.0,dividend,中证红利,3159.0765,3097.2059999999997,3118.947833333333,3065.2467500000002,2754.55615
2009-11-06,3357.39,3362.9,3387.45,3353.48,26180495.0,dividend,中证红利,3177.861,3114.4868,3114.2893333333336,3071.135,2762.25775
2009-11-09,3364.99,3397.14,3397.14,3355.29,21910219.0,dividend,中证红利,3199.0335,3134.6068,3112.753833333333,3077.086333333333,2770.0517999999997
2009-11-10,3423.26,3393.02,3435.7,3391.64,20899829.0,dividend,中证红利,3217.312,3158.0152,3110.5815000000002,3083.023166666667,2778.0304000000006
2009-11-11,3389.0,3381.18,3405.44,3350.7,16751041.0,dividend,中证红利,3233.6315,3181.7104000000004,3108.138,3088.8656666666666,2785.6008999999995
2009-11-12,3391.95,3397.56,3423.7,3383.26,22015186.0,dividend,中证红利,3249.5919999999996,3204.5332,3109.124333333333,3094.54975,2793.28015
2009-11-13,3386.4,3407.42,3407.96,3332.29,20193212.0,dividend,中证红利,3265.757,3221.3415999999997,3109.6478333333334,3100.0630833333335,2800.8874
2009-11-16,3432.38,3524.51,3524.51,3432.38,29450335.0,dividend,中证红利,3283.0555,3243.3744,3113.8091666666664,3106.6665,2809.0335999999998
2009-11-17,3551.39,3525.33,3555.8,3509.7,25593222.0,dividend,中证红利,3298.8190000000004,3263.2895999999996,3121.901,3113.7525833333334,2817.1187000000004
2009-11-18,3531.12,3533.48,3555.98,3505.56,22770594.0,dividend,中证红利,3315.709,3282.4372,3128.9515,3121.03175,2825.3047
2009-11-19,3541.66,3561.46,3561.58,3507.71,24890381.0,dividend,中证红利,3335.1004999999996,3301.7616,3139.472166666667,3128.4666666666667,2833.4898
2009-11-20,3550.41,3547.11,3571.08,3521.88,25043198.0,dividend,中证红利,3350.532,3320.2812,3147.787666666666,3136.0460000000003,2841.6314
2009-11-23,3553.1,3608.12,3608.76,3548.14,26106649.0,dividend,中证红利,3368.0985,3337.4644,3155.779833333333,3143.9724166666665,2849.8849
2009-11-24,3627.11,3495.15,3675.63,3477.6,45395355.0,dividend,中证红利,3385.2925000000005,3348.8680000000004,3161.108166666667,3150.2793333333334,2857.2998
2009-11-25,3481.45,3629.85,3630.41,3466.85,35395167.0,dividend,中证红利,3407.6635,3366.2347999999997,3170.260333333333,3157.4866666666667,2865.1392499999997
2009-11-26,3643.84,3492.8,3670.66,3477.38,37753443.0,dividend,中证红利,3427.1560000000004,3379.0015999999996,3175.9808333333335,3163.1808333333333,2872.32805
2009-11-27,3434.96,3371.14,3483.65,3358.49,24892242.0,dividend,中证红利,3439.1345,3384.308,3179.9049999999997,3167.7085,2878.4679000000006
2009-11-30,3408.53,3520.22,3520.23,3408.53,22286923.0,dividend,中证红利,3453.7479999999996,3394.8452,3188.2461666666663,3173.6054166666663,2884.9323999999997
2009-12-01,3522.48,3606.65,3606.65,3504.06,28176159.0,dividend,中证红利,3469.9555,3413.0604,3202.0601666666666,3180.437,2891.567
2009-12-02,3623.94,3633.56,3649.13,3601.07,25959533.0,dividend,中证红利,3486.2345,3431.1056,3216.7746666666667,3187.550583333333,2898.3854499999998
2009-12-03,3631.58,3666.5,3667.05,3606.25,26358931.0,dividend,中证红利,3502.755,3453.6476000000002,3231.5918333333334,3194.5722499999997,2905.4637
2009-12-04,3657.22,3652.57,3706.73,3558.27,30241570.0,dividend,中证红利,3517.2385000000004,3474.4876,3243.2001666666665,3201.76575,2912.0837
2009-12-07,3662.53,3684.18,3684.18,3646.24,20856230.0,dividend,中证红利,3531.5905,3492.7368000000006,3254.8408333333336,3209.713333333333,2918.48325
2009-12-08,3685.79,3649.2,3685.79,3601.35,21669969.0,dividend,中证红利,3544.3994999999995,3507.4048000000003,3265.761833333333,3217.329916666667,2925.1254500000005
2009-12-09,3602.25,3591.62,3634.99,3579.84,18404658.0,dividend,中证红利,3554.9215000000004,3518.7504,3274.4235,3224.450166666667,2932.04885
2009-12-10,3612.07,3604.62,3636.25,3568.64,14667707.0,dividend,中证红利,3565.2745000000004,3529.4916,3282.2838333333334,3231.367083333333,2938.79275
2009-12-11,3624.6,3608.58,3645.83,3600.32,16149965.0,dividend,中证红利,3575.3325000000004,3539.3188,3290.8641666666667,3238.1066666666666,2945.1823
2009-12-14,3614.2,3625.09,3627.07,3521.98,18488824.0,dividend,中证红利,3580.3615,3548.4368000000004,3299.1115,3244.9186666666665,2951.3741999999997
2009-12-15,3617.88,3625.37,3658.31,3602.7,15783356.0,dividend,中证红利,3585.3634999999995,3557.7308000000003,3306.3638333333333,3251.7527499999997,2958.04125
2009-12-16,3614.35,3591.38,3647.44,3581.05,13238817.0,dividend,中证红利,3588.2585,3566.1388,3312.579166666667,3258.1714999999995,2964.6121
2009-12-17,3601.72,3482.58,3613.12,3478.31,15288217.0,dividend,中证红利,3584.3145000000004,3569.5395999999996,3317.724333333333,3263.01425,2971.3378500000003
2009-12-18,3452.32,3384.58,3460.83,3380.33,13656967.0,dividend,中证红利,3576.1880000000006,3568.6259999999997,3320.2558333333336,3267.1406666666667,2978.06955
2009-12-21,3381.87,3395.59,3402.21,3355.13,10835062.0,dividend,中证红利,3565.5615,3563.4692000000005,3324.917,3271.4099166666665,2984.70545
2009-12-22,3403.75,3284.61,3408.5,3284.61,11480822.0,dividend,中证红利,3555.0345,3553.8403999999996,3327.5608333333334,3274.4456666666665,2990.7786499999997
2009-12-23,3281.11,3318.34,3321.53,3273.07,10034154.0,dividend,中证红利,3539.459,3545.2348,3332.2235,3278.0365833333335,2996.3447
2009-12-24,3331.88,3452.86,3460.37,3325.21,15212945.0,dividend,中证红利,3537.4619999999995,3540.8908,3340.6069999999995,3282.4039166666666,3002.5044
2009-12-25,3449.92,3444.69,3463.86,3428.42,11887510.0,dividend,中证红利,3541.1394999999998,3536.7940000000003,3349.1705,3286.481583333333,3008.74675
2009-12-28,3452.51,3504.75,3511.13,3452.35,12598465.0,dividend,中证红利,3540.3660000000004,3532.6592000000005,3359.347333333333,3290.84525,3015.7334499999997
2009-12-29,3513.96,3518.88,3519.1,3468.08,13058152.0,dividend,中证红利,3535.9775,3533.6083999999996,3371.1985,3294.6765,3022.5901
2009-12-30,3520.26,3555.85,3559.3,3516.1,18213623.0,dividend,中证红利,3532.0919999999996,3530.6484,3383.9826666666672,3298.8762500000003,3029.6910000000003
2009-12-31,3557.79,3566.12,3566.22,3522.08,14413090.0,dividend,中证红利,3527.0730000000003,3533.5812,3396.3015,3302.9186666666665,3036.8524000000007
2010-01-04,3584.43,3532.21,3589.03,3532.21,16446143.0,dividend,中证红利,3521.0549999999994,3540.0240000000003,3405.384833333333,3306.186583333333,3043.95495
2010-01-05,3540.73,3569.85,3578.47,3512.61,20601793.0,dividend,中证红利,3515.3385000000003,3542.0092,3415.320833333333,3309.771,3051.10115
2010-01-06,3564.9,3559.64,3612.67,3554.88,20125860.0,dividend,中证红利,3510.8605000000002,3540.1288,3424.1906666666664,3313.5194166666665,3057.78445
2010-01-07,3557.28,3480.28,3579.07,3466.22,20922570.0,dividend,中证红利,3505.2934999999998,3533.9975999999997,3431.2821666666664,3315.9196666666667,3063.9102000000003
2010-01-08,3467.0,3478.92,3481.42,3428.9,15150816.0,dividend,中证红利,3499.0085,3526.4944,3437.9583333333335,3317.5475,3069.75555
2010-01-11,3591.88,3476.13,3591.88,3462.89,23230580.0,dividend,中证红利,3492.386,3519.4368,3444.4918333333335,3319.19825,3075.4495999999995
2010-01-12,3470.77,3541.39,3541.68,3440.87,24413858.0,dividend,中证红利,3488.201,3513.7251999999994,3450.539333333333,3320.95975,3081.1929999999998
2010-01-13,3456.02,3427.69,3497.58,3421.94,31834607.0,dividend,中证红利,3478.3170000000005,3504.8648,3454.1665,3320.9889166666667,3086.2775500000002
2010-01-14,3440.65,3478.36,3480.75,3422.06,21509979.0,dividend,中证红利,3472.666,3500.3344,3458.8778333333335,3322.0915,3091.9715
2010-01-15,3480.95,3483.32,3505.53,3454.53,18999787.0,dividend,中证红利,3472.703,3495.4824000000003,3464.0393333333336,3322.64375,3097.34495
2010-01-18,3473.96,3515.62,3517.72,3464.97,21062082.0,dividend,中证红利,3479.2549999999997,3491.764,3468.6583333333333,3323.2538333333337,3102.7339999999995
2010-01-19,3520.13,3520.88,3549.7,3516.02,21017709.0,dividend,中证红利,3485.5195,3487.5956000000006,3473.0598333333337,3323.73275,3108.2918
2010-01-20,3528.65,3407.73,3534.4,3403.22,24693154.0,dividend,中证红利,3491.6755,3478.89,3477.3341666666665,3322.441833333333,3113.2939499999998
2010-01-21,3413.62,3412.38,3433.91,3374.94,19007989.0,dividend,中证红利,3496.3775,3471.73,3481.1666666666665,3320.730333333333,3118.0243
2010-01-22,3370.86,3370.2,3391.83,3290.61,25601787.0,dividend,中证红利,3492.2445,3467.2348,3485.6208333333334,3320.3222499999997,3122.42675
2010-01-25,3342.95,3321.61,3377.48,3320.39,15564815.0,dividend,中证红利,3486.0905,3464.7160000000003,3488.7881666666667,3318.9631666666664,3126.7144
2010-01-26,3318.32,3238.8,3333.36,3214.18,15730957.0,dividend,中证红利,3472.793,3458.4444,3488.969,3315.8028333333336,3130.5042000000003
2010-01-27,3237.43,3196.6,3248.56,3175.59,14379741.0,dividend,中证红利,3456.679,3454.9240000000004,3487.537333333333,3311.1175,3134.5110500000005
2010-01-28,3194.27,3197.59,3216.1,3173.8,12606951.0,dividend,中证红利,3438.7660000000005,3450.0939999999996,3485.6974999999998,3305.9479999999994,3138.3478000000005
2010-01-29,3186.08,3197.7,3238.93,3171.08,12767969.0,dividend,中证红利,3420.3450000000003,3439.8876,3483.391,3301.169416666666,3141.8345999999997
2010-02-01,3189.6,3139.1,3190.72,3110.93,14216867.0,dividend,中证红利,3400.6895000000004,3427.6639999999998,3479.661,3296.9751666666666,3144.6528000000003
2010-02-02,3153.81,3132.73,3191.65,3130.45,11841054.0,dividend,中证红利,3378.8334999999997,3412.7831999999994,3475.2541666666666,3294.004,3147.3260000000005
2010-02-03,3149.06,3222.64,3223.81,3088.02,17819015.0,dividend,中证红利,3361.9835,3400.9336,3472.4145,3291.498,3150.3049000000005
2010-02-04,3201.63,3205.03,3231.75,3186.79,14046046.0,dividend,中证红利,3348.221,3386.9008000000003,3469.478666666667,3288.8083333333334,3153.1245999999996
2010-02-05,3138.97,3135.65,3160.27,3114.25,14767486.0,dividend,中证红利,3331.0575,3369.6820000000002,3465.1135,3287.118916666667,3155.86765
2010-02-08,3132.36,3139.11,3154.07,3122.46,8036811.0,dividend,中证红利,3314.2065000000002,3353.958,3460.641666666667,3285.14475,3158.3572499999996
2010-02-09,3137.58,3162.01,3173.16,3133.72,11045169.0,dividend,中证红利,3295.2375,3337.6444,3454.6,3284.204583333333,3161.0925
2010-02-10,3185.47,3195.42,3196.06,3173.55,8788902.0,dividend,中证红利,3283.624,3323.0756,3449.1014999999998,3285.50125,3164.5363
2010-02-11,3197.38,3205.46,3220.5,3188.53,9670647.0,dividend,中证红利,3269.9790000000003,3312.0828,3443.6345,3286.293,3167.89385
2010-02-12,3216.83,3242.19,3242.76,3215.48,8802585.0,dividend,中证红利,3257.9225,3302.6135999999997,3438.313333333333,3288.89275,3171.5974
2010-02-22,3239.43,3225.16,3257.0,3224.46,9981982.0,dividend,中证红利,3243.3995,3292.5748000000003,3432.9475,3290.367583333333,3175.6226999999994
2010-02-23,3221.27,3207.47,3221.27,3162.22,11630018.0,dividend,中证红利,3227.7290000000003,3279.2180000000003,3426.27,3291.0249166666667,3179.4916500000004
2010-02-24,3185.72,3256.45,3257.62,3170.71,15771667.0,dividend,中证红利,3220.165,3272.3684000000003,3422.2916666666665,3291.699916666667,3183.30505
2010-02-25,3263.69,3289.6,3292.06,3256.65,18753694.0,dividend,中证红利,3214.0260000000003,3264.8179999999998,3416.6208333333334,3293.4405833333335,3187.18635
2010-02-26,3283.94,3270.35,3295.29,3266.43,14026743.0,dividend,中证红利,3209.0335000000005,3256.2992,3412.913333333333,3294.447083333333,3190.4154
2010-03-01,3277.35,3311.51,3316.51,3276.23,15783882.0,dividend,中证红利,3208.5285000000003,3248.1348,3411.9195000000004,3295.91225,3193.7908499999994
2010-03-02,3314.3,3291.09,3325.86,3278.31,13355829.0,dividend,中证红利,3211.143,3238.9431999999997,3408.1006666666667,3298.1734166666665,3196.8398500000003
2010-03-03,3291.71,3316.44,3318.13,3280.63,17121292.0,dividend,中证红利,3217.135,3235.2915999999996,3403.2638333333334,3302.662,3200.0798
2010-03-04,3319.07,3234.44,3324.0,3224.71,18096849.0,dividend,中证红利,3218.9775,3228.1739999999995,3396.6118333333334,3306.69325,3202.9649500000005
2010-03-05,3235.24,3240.11,3256.21,3220.2,12080958.0,dividend,中证红利,3221.098,3222.9703999999997,3389.505333333333,3310.5485833333337,3206.27515
2010-03-08,3251.7,3272.29,3280.26,3241.37,13002014.0,dividend,中证红利,3227.7575,3220.9976,3383.1673333333333,3313.1837499999997,3209.35505
2010-03-09,3270.89,3290.52,3310.63,3242.66,14634474.0,dividend,中证红利,3235.647,3223.0663999999997,3376.6063333333327,3315.7235833333334,3212.3927499999995
2010-03-10,3287.33,3264.74,3308.98,3251.05,13104981.0,dividend,中证红利,3237.752,3225.792,3370.1986666666667,3317.98025,3215.3134499999996
2010-03-11,3266.84,3260.34,3283.51,3234.97,12716638.0,dividend,中证红利,3240.5175,3228.302,3364.6773333333335,3319.550416666667,3218.2147500000005
2010-03-12,3261.84,3216.46,3268.83,3213.0,11074942.0,dividend,中证红利,3244.558,3229.0524,3358.208,3320.2459166666667,3220.7197
2010-03-15,3214.58,3167.84,3216.9,3154.17,10271742.0,dividend,中证红利,3245.9945,3230.202,3350.862333333333,3320.8632500000003,3222.8298
2010-03-16,3166.99,3170.75,3179.79,3143.0,8971048.0,dividend,中证红利,3246.4314999999997,3231.7228000000005,3343.29,3321.2007500000004,3225.02305
2010-03-17,3182.27,3235.27,3235.88,3178.02,12925463.0,dividend,中证红利,3248.424,3232.2280000000005,3336.7883333333334,3321.5760833333334,3227.8244
2010-03-18,3239.32,3227.63,3246.9,3216.97,11396499.0,dividend,中证红利,3249.5325000000003,3233.1319999999996,3330.725833333333,3321.6524999999997,3230.66265
2010-03-19,3230.12,3252.42,3254.95,3209.51,11866642.0,dividend,中证红利,3250.044,3237.8028000000004,3326.8898333333336,3322.3070833333336,3233.5784000000003
2010-03-22,3253.42,3259.21,3268.67,3243.93,12643513.0,dividend,中证红利,3251.7465,3242.6068,3324.800333333333,3322.528083333333,3236.6865000000003
2010-03-23,3262.08,3239.65,3269.43,3236.88,15402288.0,dividend,中证红利,3253.3555,3245.7124,3322.2013333333334,3323.5591666666664,3239.6
2010-03-24,3245.19,3239.42,3261.54,3232.23,15807197.0,dividend,中证红利,3252.504,3247.4724000000006,3321.448166666667,3324.5045,3242.1054999999997
2010-03-25,3232.81,3206.94,3232.97,3196.36,14743522.0,dividend,中证红利,3248.371,3247.5316,3319.5915,3325.9075,3244.3153500000003
2010-03-26,3204.95,3242.89,3251.21,3194.58,15476252.0,dividend,中证红利,3246.998,3247.5595999999996,3316.092,3328.3495,3246.4823000000006
2010-03-29,3258.87,3312.59,3320.88,3254.28,23678574.0,dividend,中证红利,3247.0519999999997,3251.0568,3313.8903333333337,3331.530416666667,3248.90615
2010-03-30,3316.26,3314.98,3323.42,3300.57,15094952.0,dividend,中证红利,3248.2465,3255.3572000000004,3310.7275,3335.0374166666666,3251.4181
2010-03-31,3315.29,3291.28,3316.78,3284.44,15010702.0,dividend,中证红利,3246.9885,3256.7504,3306.9341666666664,3339.066333333333,3253.9402
2010-04-01,3296.77,3337.0,3338.5,3296.77,16697741.0,dividend,中证红利,3252.1165,3258.6464,3303.2866666666664,3343.6346666666664,3256.72555
2010-04-02,3347.68,3359.07,3364.54,3343.79,18208037.0,dividend,中证红利,3258.0645,3262.1952,3299.835833333333,3348.0686666666666,3259.4013999999997
2010-04-06,3378.4,3369.91,3399.44,3354.33,17023566.0,dividend,中证红利,3262.9455000000003,3264.5312,3297.1308333333336,3351.2578333333336,3262.3042
2010-04-07,3369.49,3356.13,3374.88,3338.14,14691835.0,dividend,中证红利,3266.2259999999997,3267.1328000000003,3293.5688333333333,3354.4448333333335,3265.4325
2010-04-08,3350.45,3318.02,3350.45,3310.49,15777726.0,dividend,中证红利,3268.8900000000003,3267.1960000000004,3289.5418333333337,3356.8662499999996,3268.34655
2010-04-09,3318.29,3344.6,3345.5,3309.61,14347249.0,dividend,中证红利,3273.103,3271.6023999999998,3287.2805000000003,3359.2813333333334,3271.3835999999997
2010-04-12,3353.64,3317.91,3358.87,3303.71,18923737.0,dividend,中证红利,3278.1755000000003,3274.7144,3284.597,3361.277666666667,3274.1002000000003
2010-04-13,3315.18,3354.01,3363.0,3288.52,20936747.0,dividend,中证红利,3287.4840000000004,3277.9832,3282.561666666667,3363.52675,3276.8711
2010-04-14,3357.87,3364.33,3368.35,3345.07,15957662.0,dividend,中证红利,3297.1629999999996,3280.9356,3279.610666666667,3365.075,3279.6545
2010-04-15,3370.73,3353.28,3379.81,3327.91,16115842.0,dividend,中证红利,3303.0635,3284.4772,3278.3705,3366.2684999999997,3282.3945000000003
2010-04-16,3350.46,3317.02,3350.46,3308.36,12548450.0,dividend,中证红利,3307.5330000000004,3286.7444,3275.6814999999997,3367.279666666667,3284.87395
2010-04-19,3274.83,3143.72,3274.83,3141.25,23581542.0,dividend,中证红利,3302.0980000000004,3283.8347999999996,3270.0215,3367.0304166666665,3286.0853
2010-04-20,3143.59,3147.31,3164.54,3105.94,16544790.0,dividend,中证红利,3296.5029999999997,3283.0135999999998,3263.883,3366.2706666666663,3287.3747999999996
2010-04-21,3153.53,3205.63,3206.59,3131.93,17852725.0,dividend,中证红利,3294.8019999999997,3284.4088,3258.628833333333,3365.8443333333335,3288.9865499999996
2010-04-22,3191.91,3163.85,3191.91,3142.96,20410629.0,dividend,中证红利,3291.0235000000002,3281.552,3254.5641666666666,3365.9491666666668,3290.2042000000006
2010-04-23,3159.46,3147.01,3191.79,3136.65,16769462.0,dividend,中证红利,3288.0269999999996,3278.3272,3250.1413333333335,3365.6540000000005,3291.5021
2010-04-26,3154.92,3126.16,3165.52,3121.47,13422975.0,dividend,中证红利,3282.1904999999997,3273.2768,3246.074,3365.8474166666665,3292.4889999999996
2010-04-27,3116.24,3060.53,3116.59,3019.25,16390338.0,dividend,中证红利,3269.5875000000005,3265.3296,3241.722666666667,3365.255416666667,3293.0148
2010-04-28,3032.42,3054.76,3074.63,3017.89,11670270.0,dividend,中证红利,3256.5765,3257.9339999999997,3238.655333333333,3363.812166666666,3293.38305
2010-04-29,3070.54,3020.63,3086.82,3020.59,12211406.0,dividend,中证红利,3243.0440000000003,3249.1823999999997,3235.7225000000003,3361.6299166666663,3293.19055
2010-04-30,3022.19,3027.91,3029.94,2976.76,15270550.0,dividend,中证红利,3227.5895,3242.0212000000006,3232.8945000000003,3359.2960000000003,3293.0707
2010-05-04,2975.02,2993.49,3020.79,2963.71,10537771.0,dividend,中证红利,3209.3105,3232.0452,3229.491,3356.441,3292.633
2010-05-05,2963.74,3016.19,3016.28,2924.85,14060418.0,dividend,中证红利,3191.6245,3220.1892,3227.4424999999997,3353.55175,3292.01365
2010-05-06,2996.7,2884.16,2996.7,2880.43,14516013.0,dividend,中证红利,3168.0260000000003,3202.9564,3223.299666666667,3349.2769166666667,3290.73585
2010-05-07,2820.22,2814.4,2860.73,2792.26,14887740.0,dividend,中证红利,3142.845,3183.8812,3216.4956666666667,3344.4550833333333,3289.2587
2010-05-10,2816.79,2829.74,2840.84,2771.39,11848578.0,dividend,中证红利,3117.102,3163.5908,3210.2408333333337,3339.85975,3287.4461499999998
2010-05-11,2883.16,2786.48,2890.14,2775.38,14464735.0,dividend,中证红利,3090.5305,3140.6872,3204.421333333333,3334.7674166666666,3284.96065
2010-05-12,2765.0,2807.71,2809.09,2740.53,13594600.0,dividend,中证红利,3063.2155,3118.1992000000005,3198.898,3329.7698333333333,3282.6089999999995
2010-05-13,2804.12,2872.37,2873.83,2799.22,14224251.0,dividend,中证红利,3038.6175,3098.8488,3194.070666666667,3324.3353333333334,3280.3207999999995
2010-05-14,2855.09,2857.08,2874.36,2839.32,10724163.0,dividend,中证红利,3013.8075,3080.4112,3188.4316666666664,3318.766583333333,3277.48525
2010-05-17,2818.31,2709.95,2818.72,2705.45,12888436.0,dividend,中证红利,2983.454,3055.0252,3180.173166666667,3311.9038333333333,3274.30475
2010-05-18,2707.59,2758.28,2768.25,2682.05,11850287.0,dividend,中证红利,2964.182,3032.64,3172.108,3305.2106666666664,3271.0109
2010-05-19,2741.04,2749.25,2791.23,2710.42,11013801.0,dividend,中证红利,2944.2789999999995,3008.4495999999995,3164.1761666666666,3298.561833333333,3267.5451000000003
2010-05-20,2732.54,2723.61,2784.4,2718.49,10452179.0,dividend,中证红利,2920.178,2982.8208,3156.1118333333334,3291.1909166666665,3263.8460999999998
2010-05-21,2653.31,2760.48,2761.45,2643.94,12538774.0,dividend,中证红利,2900.0095,2959.1087999999995,3147.8456666666666,3285.0686666666666,3259.8352999999997
2010-05-24,2773.47,2854.71,2863.03,2773.47,16681210.0,dividend,中证红利,2885.3945,2940.6164000000003,3140.5975000000003,3278.6091666666666,3256.0200499999996
2010-05-25,2836.62,2795.5,2843.9,2783.11,14029969.0,dividend,中证红利,2868.8615,2926.6876,3132.6833333333334,3272.798333333333,3252.9017
2010-05-26,2796.98,2792.14,2820.08,2779.75,10006857.0,dividend,中证红利,2855.442,2912.4808000000003,3124.0271666666667,3267.9733333333334,3249.4388999999996
2010-05-27,2785.63,2836.7,2841.64,2751.08,12063006.0,dividend,中证红利,2844.5389999999998,2897.7236,3116.4539999999997,3262.2773333333334,3245.5322
2010-05-28,2864.09,2839.18,2872.56,2821.72,13324375.0,dividend,中证红利,2835.4664999999995,2884.7368,3108.499666666667,3255.88175,3240.9338999999995
2010-05-31,2826.64,2768.06,2850.06,2765.91,13020900.0,dividend,中证红利,2822.474,2869.5788000000002,3100.726666666667,3248.66925,3235.68455
2010-06-01,2750.98,2729.07,2769.18,2697.08,13863315.0,dividend,中证红利,2809.253,2853.6951999999997,3092.2093333333332,3240.8573333333334,3230.4742499999998
2010-06-02,2717.36,2738.66,2740.01,2685.61,12762113.0,dividend,中证红利,2795.3765,2840.8203999999996,3083.3154999999997,3233.2414166666663,3225.9555
2010-06-03,2750.68,2719.06,2768.28,2717.49,11029663.0,dividend,中证红利,2787.1214999999997,2827.3923999999997,3073.791166666667,3225.19875,3222.1044499999994
2010-06-04,2706.72,2716.93,2719.93,2688.77,8357293.0,dividend,中证红利,2782.248,2815.2444,3064.661,3217.4298333333336,3218.0723
2010-06-07,2668.79,2665.25,2685.31,2644.52,10334114.0,dividend,中证红利,2774.0235,2800.738,3054.7428333333332,3209.7100833333334,3213.7596000000003
2010-06-08,2660.46,2669.74,2683.22,2644.54,8784915.0,dividend,中证红利,2768.1865000000003,2787.788,3045.6308333333336,3201.9194166666666,3210.4164
2010-06-09,2678.26,2741.27,2746.03,2659.84,15248049.0,dividend,中证红利,2764.8645,2776.7912,3038.521333333333,3194.691833333333,3207.2427000000002
2010-06-10,2722.6,2721.8,2740.06,2714.19,11052761.0,dividend,中证红利,2757.3360000000002,2770.2968,3031.0388333333335,3187.164416666667,3204.47755
2010-06-11,2733.28,2732.15,2744.51,2725.49,10455148.0,dividend,中证红利,2751.0895,2767.0068,3022.6535,3179.7209166666667,3202.9392
2010-06-17,2749.91,2712.54,2756.1,2712.43,8727099.0,dividend,中证红利,2751.219,2762.3188,3014.068666666667,3172.3972500000004,3200.9496500000005
2010-06-18,2711.13,2664.33,2719.01,2656.06,10858813.0,dividend,中证红利,2746.5215,2757.4328000000005,3004.2671666666665,3165.5785,3199.6201999999994
2010-06-21,2664.92,2727.32,2728.26,2646.58,12162587.0,dividend,中证红利,2745.425,2754.2171999999996,2995.4023333333334,3160.101333333333,3198.0159000000003
2010-06-22,2719.64,2735.72,2747.36,2714.12,9631978.0,dividend,中证红利,2746.0305,2748.7512,2987.0035,3154.602416666667,3196.0515499999997
2010-06-23,2721.78,2710.58,2735.98,2685.14,9705470.0,dividend,中证红利,2743.5355,2742.8912,2978.1895,3149.8188333333333,3193.7272
2010-06-24,2703.54,2706.85,2730.62,2691.07,7691433.0,dividend,中证红利,2736.1425,2742.7672,2969.8546666666666,3144.7230833333333,3191.8578500000003
2010-06-25,2695.23,2678.08,2703.27,2661.07,7915717.0,dividend,中证红利,2730.2715,2739.5591999999997,2960.4411666666665,3138.266583333333,3189.5004
2010-06-28,2674.53,2659.31,2690.55,2650.57,7024006.0,dividend,中证红利,2723.63,2735.9616000000005,2949.5531666666666,3131.72175,3187.1185000000005
2010-06-29,2660.32,2544.54,2668.27,2543.45,11926214.0,dividend,中证红利,2709.022,2728.7988,2936.7125,3123.7200000000003,3184.7424499999997
2010-06-30,2524.74,2508.12,2529.78,2496.4,9903215.0,dividend,中证红利,2692.469,2718.7044,2923.659833333333,3115.297,3183.394
2010-07-01,2503.39,2471.83,2523.03,2470.1,7837867.0,dividend,中证红利,2677.6575,2703.3891999999996,2909.2403333333336,3106.2635,3181.9997000000003
2010-07-02,2471.41,2477.46,2483.75,2415.72,10347867.0,dividend,中证红利,2665.0769999999998,2690.6676,2894.5468333333333,3097.191333333333,3180.49965
2010-07-05,2450.96,2456.86,2472.52,2418.52,8560183.0,dividend,中证红利,2650.987,2677.2564,2879.3293333333336,3088.230083333334,3178.0036
2010-07-06,2447.39,2508.86,2510.27,2444.68,11439608.0,dividend,中证红利,2640.477,2664.1428,2865.2081666666663,3079.3885,3175.6191999999996
2010-07-07,2505.96,2524.37,2524.8,2490.58,8747863.0,dividend,中证红利,2630.849,2651.5503999999996,2851.980666666667,3070.7612500000005,3173.27135
2010-07-08,2531.22,2511.81,2539.12,2499.33,7847061.0,dividend,中证红利,2623.177,2641.3003999999996,2838.100833333333,3062.690666666667,3170.4708
2010-07-09,2513.29,2589.27,2600.58,2490.83,14491706.0,dividend,中证红利,2619.1535,2635.7083999999995,2825.956833333333,3055.276916666667,3167.7521500000003
2010-07-12,2587.34,2624.1,2639.39,2577.39,14454156.0,dividend,中证红利,2613.295,2631.1259999999997,2813.791666666666,3048.1766666666667,3165.40385
2010-07-13,2602.83,2581.4,2602.83,2566.37,10797314.0,dividend,中证红利,2606.275,2625.6196,2800.7428333333332,3040.17675,3162.6596000000004
2010-07-14,2587.27,2601.82,2625.3,2587.27,10865952.0,dividend,中证红利,2599.7585,2621.0152000000003,2788.2185,3033.2944999999995,3159.71755
2010-07-15,2599.87,2549.28,2623.03,2548.25,8780828.0,dividend,中证红利,2591.5955000000004,2616.3764,2775.422833333333,3025.552166666667,3156.3716500000005
2010-07-16,2540.31,2565.28,2569.34,2523.66,7769873.0,dividend,中证红利,2586.643,2612.198,2765.782166666667,3017.901833333334,3153.3287000000005
2010-07-19,2543.5,2629.5,2641.25,2535.98,12874167.0,dividend,中证红利,2581.752,2607.7272,2757.1520000000005,3010.5175000000004,3150.31275
2010-07-20,2630.78,2687.56,2691.8,2630.35,16590083.0,dividend,中证红利,2579.344,2606.3576,2748.5175000000004,3003.573166666667,3148.1709499999997
2010-07-21,2689.04,2691.44,2714.31,2677.13,16862091.0,dividend,中证红利,2578.3869999999997,2604.7291999999998,2740.6440000000002,2997.6040833333336,3145.99825
2010-07-22,2682.41,2722.03,2722.94,2679.66,14089880.0,dividend,中证红利,2579.1459999999997,2605.1088,2733.561,2991.851166666667,3144.4155
2010-07-23,2726.37,2729.96,2745.62,2705.71,16233966.0,dividend,中证红利,2581.74,2607.734,2726.9576666666667,2986.5158333333334,3143.3160500000004
2010-07-26,2733.91,2748.93,2749.39,2710.15,13028308.0,dividend,中证红利,2586.221,2608.5984,2721.764333333333,2981.7435,3142.4063
2010-07-27,2739.45,2735.36,2749.84,2717.19,12354532.0,dividend,中证红利,2595.7619999999997,2608.584,2716.4410000000003,2977.5481666666665,3141.6124
2010-07-28,2735.87,2796.91,2800.24,2722.24,18667946.0,dividend,中证红利,2610.2015,2612.0372,2712.7123333333334,2974.2174166666664,3141.5579
2010-07-29,2797.24,2814.0,2826.76,2788.34,19426605.0,dividend,中证红利,2627.3100000000004,2616.3232000000003,2709.1471666666666,2971.0208333333335,3141.6839
2010-07-30,2805.86,2797.42,2809.8,2774.4,12609790.0,dividend,中证红利,2643.308,2621.0968,2705.8793333333333,2967.685166666667,3141.5360500000006
2010-08-02,2795.98,2850.13,2850.91,2794.35,16236284.0,dividend,中证红利,2662.9715,2628.7296,2703.1116666666667,2965.2770833333334,3140.85065
2010-08-03,2857.49,2804.78,2863.21,2803.93,18033257.0,dividend,中证红利,2677.7675000000004,2639.1391999999996,2701.788666666667,2962.5441666666666,3140.0061
2010-08-04,2796.73,2819.54,2820.18,2762.71,15745060.0,dividend,中证红利,2692.5260000000003,2651.5959999999995,2701.8743333333337,2959.185,3138.9665499999996
2010-08-05,2820.06,2792.48,2822.42,2775.73,14304699.0,dividend,中证红利,2706.5595000000003,2664.422,2701.253333333333,2955.7470833333336,3137.655
2010-08-06,2790.23,2844.06,2845.05,2769.34,16787520.0,dividend,中证红利,2719.299,2679.0860000000002,2702.213,2953.3171666666667,3136.4835500000004
2010-08-09,2842.24,2862.36,2866.99,2836.96,16632681.0,dividend,中证红利,2731.212,2695.3060000000005,2703.123833333333,2951.0109166666666,3135.3747500000004
2010-08-10,2863.78,2784.16,2876.31,2782.63,19297516.0,dividend,中证红利,2741.35,2706.3179999999998,2701.6536666666666,2947.862166666667,3133.4028500000004
2010-08-11,2775.11,2795.64,2807.69,2770.97,12345439.0,dividend,中证红利,2751.041,2717.1688,2700.6296666666667,2944.5306666666665,3131.3307499999996
2010-08-12,2767.83,2762.23,2800.05,2756.93,13432380.0,dividend,中证红利,2761.6884999999997,2727.1856,2701.5009999999997,2940.8370833333333,3129.1635000000006
2010-08-13,2764.92,2794.51,2795.1,2744.95,12473120.0,dividend,中证红利,2773.15,2735.3952000000004,2702.1048333333333,2937.106416666667,3127.2679000000003
2010-08-16,2791.7,2855.92,2860.21,2784.5,18239207.0,dividend,中证红利,2784.471,2744.6680000000006,2703.8826666666664,2934.0294166666667,3125.3551
2010-08-17,2857.91,2863.67,2869.82,2842.5,16838888.0,dividend,中证红利,2793.2765000000004,2755.9588,2706.217,2931.1644166666665,3123.3895
2010-08-18,2869.46,2859.73,2886.2,2848.02,16789769.0,dividend,中证红利,2801.691,2766.2752,2707.8711666666663,2927.8584166666665,3121.9318
2010-08-19,2861.79,2877.19,2892.83,2853.1,18255861.0,dividend,中证红利,2809.449,2779.3916000000004,2708.2458333333334,2924.4216666666666,3120.4056
2010-08-20,2872.11,2829.28,2879.64,2821.98,18499420.0,dividend,中证红利,2814.415,2789.9516,2708.8088333333335,2920.7460833333334,3119.03725
2010-08-23,2827.45,2827.73,2847.08,2819.63,13706979.0,dividend,中证红利,2818.3550000000005,2797.8807999999995,2709.402,2916.7145833333334,3117.51805
2010-08-24,2824.47,2845.74,2869.18,2802.19,15763745.0,dividend,中证红利,2823.8740000000003,2804.208,2709.552666666667,2913.003333333333,3115.6069999999995
2010-08-25,2828.61,2776.74,2833.85,2775.41,16247950.0,dividend,中证红利,2822.8655,2807.62,2708.512,2908.5058333333336,3113.0782
2010-08-26,2791.72,2789.49,2807.56,2774.67,11395282.0,dividend,中证红利,2821.64,2810.3183999999997,2708.8691666666664,2904.797916666667,3110.4857500000003
2010-08-27,2786.97,2799.1,2802.16,2773.3,10494037.0,dividend,中证红利,2821.724,2813.0840000000003,2710.036333333334,2901.1228333333333,3107.8008
2010-08-30,2814.78,2848.48,2854.7,2814.78,15708949.0,dividend,中证红利,2821.6415,2817.066,2711.866666666667,2897.5910833333332,3105.2287
2010-08-31,2838.94,2840.62,2848.9,2827.94,15675956.0,dividend,中证红利,2823.4335,2821.2763999999997,2713.8926666666666,2893.8419166666663,3102.4460999999997
2010-09-01,2845.33,2831.92,2873.48,2809.05,18495746.0,dividend,中证红利,2824.0525000000002,2822.6768000000006,2715.8091666666664,2890.2350833333335,3099.6406
2010-09-02,2858.9,2862.42,2871.83,2847.93,16105898.0,dividend,中证红利,2827.5495,2824.6136000000006,2719.095333333333,2886.919083333333,3097.0468
2010-09-03,2869.28,2856.76,2872.2,2831.04,16153315.0,dividend,中证红利,2828.1845000000003,2826.9871999999996,2722.2123333333334,2883.9215833333337,3094.3428
2010-09-06,2873.43,2903.18,2907.91,2870.88,22816179.0,dividend,中证红利,2830.2255,2829.1092000000003,2724.910833333334,2881.7160833333332,3091.8216
2010-09-07,2908.05,2917.27,2925.44,2892.06,19242215.0,dividend,中证红利,2836.881,2833.6088,2728.1686666666665,2879.60375,3088.7854
2010-09-08,2906.6,2919.39,2920.78,2889.95,15042250.0,dividend,中证红利,2843.0685,2837.6027999999997,2731.289333333333,2876.9714166666663,3085.7556999999997
2010-09-09,2923.3,2875.05,2923.3,2869.75,18972665.0,dividend,中证红利,2848.7095,2840.9056,2733.9978333333333,2874.0332500000004,3082.46355
2010-09-10,2879.16,2883.88,2888.16,2838.74,15781330.0,dividend,中证红利,2853.178,2842.4984000000004,2737.657,2870.9620833333333,3079.07565
2010-09-13,2882.06,2901.06,2910.32,2870.82,16275133.0,dividend,中证红利,2855.4350000000004,2844.0464,2740.552666666667,2867.9775000000004,3075.8454
2010-09-14,2906.22,2893.78,2916.87,2882.62,15139627.0,dividend,中证红利,2856.9404999999997,2848.4312,2743.187,2865.09525,3072.2736999999997
2010-09-15,2892.61,2845.57,2892.84,2839.68,14384305.0,dividend,中证红利,2856.2325,2850.4284000000002,2745.4368333333337,2861.813166666667,3069.0258000000003
2010-09-16,2843.73,2788.77,2851.27,2767.18,17485166.0,dividend,中证红利,2851.8115,2851.49,2746.802166666667,2858.3284166666667,3064.8204000000005
2010-09-17,2795.94,2785.07,2804.11,2775.27,11483664.0,dividend,中证红利,2849.601,2851.1124,2748.585333333334,2854.5132500000004,3061.28175
2010-09-20,2788.67,2764.84,2796.57,2751.65,10480857.0,dividend,中证红利,2846.4565,2847.4692,2750.3441666666668,2849.948666666666,3058.2502499999996
2010-09-21,2774.45,2771.34,2779.6,2753.05,7555686.0,dividend,中证红利,2842.7365,2843.776,2754.124166666667,2845.4183333333335,3054.50585
2010-09-27,2782.99,2814.17,2816.06,2780.73,10359792.0,dividend,中证红利,2844.608,2841.9536,2759.225,2841.4424166666668,3050.5434499999997
2010-09-28,2808.92,2791.57,2813.49,2788.31,11852031.0,dividend,中证红利,2844.7120000000004,2838.5288,2764.5539999999996,2836.897166666667,3046.3335
2010-09-29,2790.52,2793.86,2822.65,2786.27,12454981.0,dividend,中证红利,2844.45,2837.112,2769.8273333333336,2832.1870833333332,3041.9703000000004
2010-09-30,2781.09,2842.85,2843.19,2777.76,11805348.0,dividend,中证红利,2844.1685,2837.7168000000006,2776.2605,2827.7949166666667,3037.9217
2010-10-08,2871.2,2942.42,2950.83,2869.86,21861102.0,dividend,中证红利,2849.2585,2841.5840000000003,2783.4865,2824.347333333333,3034.2129000000004
2010-10-11,2977.28,3028.52,3043.1,2976.45,34810233.0,dividend,中证红利,2859.0885000000003,2851.6551999999997,2791.889,2821.9348333333332,3031.1094999999996
2010-10-12,3018.01,3067.47,3074.68,3001.59,31106860.0,dividend,中证红利,2869.3410000000003,2862.7744000000002,2801.15,2819.6254166666668,3028.48875
2010-10-13,3072.03,3095.41,3099.83,3053.15,31636412.0,dividend,中证红利,2881.2735000000002,2874.6268,2809.5856666666664,2817.77125,3025.9426999999996
2010-10-14,3110.48,3107.14,3141.76,3086.27,37226740.0,dividend,中证红利,2891.4715,2884.9732,2817.636333333334,2815.714,3023.4355
2010-10-15,3092.1,3199.78,3199.83,3086.4,42041964.0,dividend,中证红利,2905.597,2899.3396000000002,2827.942666666667,2814.3427500000003,3021.30895
2010-10-18,3210.21,3164.6,3243.7,3154.47,45304924.0,dividend,中证红利,2917.8575,2912.6468,2837.322333333334,2812.7704166666667,3019.0051000000003
2010-10-19,3165.51,3226.32,3226.32,3148.44,30328646.0,dividend,中证红利,2935.421,2927.2027999999996,2848.6063333333336,2812.014583333333,3017.1798000000003
2010-10-20,3154.73,3240.87,3277.61,3151.02,37489799.0,dividend,中证红利,2953.2704999999996,2942.5672000000004,2859.8661666666667,2812.8241666666668,3015.97125
2010-10-21,3252.79,3234.97,3269.36,3205.31,29418889.0,dividend,中证红利,2969.966,2955.8387999999995,2869.957333333333,2813.5546666666664,3015.2232
2010-10-22,3230.94,3240.66,3261.1,3216.75,24923645.0,dividend,中证红利,2987.31,2968.7744000000002,2879.1756666666665,2813.8465833333335,3014.4485500000005
2010-10-25,3246.57,3332.55,3333.58,3229.47,30540196.0,dividend,中证红利,3011.659,2985.3008,2889.860833333333,2815.2524166666667,3014.68825
2010-10-26,3344.39,3322.14,3353.98,3295.38,29704609.0,dividend,中证红利,3038.3275000000003,3003.1844,2899.8626666666664,2816.7118333333333,3014.70725
2010-10-27,3309.83,3279.79,3338.4,3272.64,29243405.0,dividend,中证红利,3063.0634999999997,3019.0208,2909.0265,2817.992083333333,3013.8419
2010-10-28,3269.76,3268.08,3292.92,3246.04,24793258.0,dividend,中证红利,3088.2255,3033.7016,2917.6789999999996,2819.7216666666664,3012.95885
2010-10-29,3269.56,3250.08,3274.96,3226.64,24832477.0,dividend,中证红利,3112.1625,3047.9536,2926.2576666666664,2821.3493333333336,3011.6855000000005
2010-11-01,3259.25,3356.23,3356.23,3258.6,30059831.0,dividend,中证红利,3139.2655,3068.38,2935.579666666667,2824.146,3010.8722500000003
2010-11-02,3369.28,3347.1,3409.9,3341.86,35499067.0,dividend,中证红利,3167.042,3090.7132,2944.4646666666667,2826.8059166666662,3009.8284999999996
2010-11-03,3346.15,3291.64,3351.27,3288.96,29209110.0,dividend,中证红利,3191.9309999999996,3110.9759999999997,2952.701666666667,2829.2905,3008.4561
2010-11-04,3298.57,3353.12,3353.46,3290.5,30274280.0,dividend,中证红利,3217.4445,3134.5071999999996,2961.0848333333333,2832.09825,3007.56065
2010-11-05,3396.69,3398.02,3411.97,3373.1,34908380.0,dividend,中证红利,3240.2245,3159.5744,2970.9721666666665,2836.380416666667,3006.7015
2010-11-08,3408.92,3431.22,3431.86,3389.82,31611838.0,dividend,中证红利,3260.3594999999996,3184.2564,2981.166833333333,2841.520583333333,3006.0594
2010-11-09,3428.14,3419.14,3429.52,3389.49,27560026.0,dividend,中证红利,3277.943,3209.3592,2991.611166666667,2846.43225,3005.7536999999998
2010-11-10,3407.15,3401.23,3411.42,3375.44,26998901.0,dividend,中证红利,3293.2339999999995,3233.6539999999995,3000.8973333333333,2851.5551666666665,3005.3652500000003
2010-11-11,3390.7,3416.33,3462.7,3390.08,34017509.0,dividend,中证红利,3308.6935,3256.5932000000003,3010.130166666667,2856.627,3005.06625
2010-11-12,3393.46,3220.11,3411.65,3213.54,37861990.0,dividend,中证红利,3309.71,3267.7007999999996,3017.3959999999997,2859.5248333333334,3003.4598499999997
2010-11-15,3222.88,3247.15,3248.58,3159.38,31436086.0,dividend,中证红利,3313.8375,3276.4460000000004,3024.921166666667,2862.7754166666664,3002.5571499999996
2010-11-16,3241.68,3110.6,3241.68,3099.37,25809924.0,dividend,中证红利,3308.0515,3278.1711999999998,3030.7273333333333,2866.1141666666663,3000.7183499999996
2010-11-17,3065.88,3034.47,3100.64,3022.63,18227818.0,dividend,中证红利,3297.7315000000003,3275.7336,3034.7266666666665,2868.41575,2998.4741000000004
2010-11-18,3063.85,3074.66,3083.96,3030.27,14404951.0,dividend,中证红利,3289.7159999999994,3274.4344,3038.3723333333332,2871.1275,2996.2693
2010-11-19,3092.37,3108.65,3109.64,3016.11,18325137.0,dividend,中证红利,3283.1155,3270.7891999999997,3042.455333333333,2874.336166666667,2994.20815
2010-11-22,3081.7,3099.43,3125.73,3069.14,19475811.0,dividend,中证红利,3271.4595,3268.1823999999997,3046.4503333333337,2877.16075,2992.6666500000006
2010-11-23,3084.21,3050.58,3084.21,2999.52,19914472.0,dividend,中证红利,3257.8815,3261.1528000000003,3049.340166666667,2878.793,2990.85765
2010-11-24,3009.09,3085.96,3086.65,3008.54,22835133.0,dividend,中证红利,3248.1899999999996,3254.9563999999996,3053.6181666666666,2881.2135,2989.4364499999997
2010-11-25,3102.49,3119.44,3120.25,3079.06,20445108.0,dividend,中证红利,3240.758,3250.3352,3058.48,2883.941,2988.4256
2010-11-26,3116.12,3106.03,3133.95,3081.7,17330444.0,dividend,中证红利,3233.5555,3244.95,3062.8181666666665,2886.1854166666667,2987.7617499999997
2010-11-29,3099.72,3093.39,3111.73,3068.94,14759687.0,dividend,中证红利,3220.4134999999997,3235.3835999999997,3068.0956666666666,2888.3038333333334,2987.2457
2010-11-30,3091.11,3040.73,3107.9,2969.9,20699669.0,dividend,中证红利,3205.0950000000003,3224.1272,3072.283,2890.5760833333334,2986.4614
2010-12-01,3033.09,3049.24,3060.75,3014.39,11842529.0,dividend,中证红利,3192.975,3214.9051999999997,3076.4519999999998,2893.2441666666664,2985.7191000000003
2010-12-02,3098.53,3074.93,3106.61,3072.0,15572277.0,dividend,中证红利,3179.0654999999997,3207.1792000000005,3080.226166666667,2896.0464166666666,2985.3982499999997
2010-12-03,3082.08,3075.64,3088.36,3051.2,11150440.0,dividend,中证红利,3162.9465,3200.2016000000003,3084.143166666667,2899.0179166666667,2985.1128
2010-12-06,3086.96,3081.4,3095.7,3056.67,12094188.0,dividend,中证红利,3145.4555,3189.2083999999995,3088.3011666666666,2902.0551666666665,2984.4066
2010-12-07,3071.14,3116.32,3127.01,3031.84,12497066.0,dividend,中证红利,3130.3145,3179.9772000000003,3092.532833333333,2905.814083333333,2983.9630500000003
2010-12-08,3116.27,3091.85,3130.38,3087.84,11360680.0,dividend,中证红利,3114.8455,3171.9856,3096.451,2909.3316666666665,2983.7440500000002
2010-12-09,3079.7,3047.54,3099.25,3046.83,13100835.0,dividend,中证红利,3096.406,3159.7624000000005,3098.8570000000004,2911.8839166666667,2983.2862
2010-12-10,3032.29,3081.72,3095.25,3024.58,11570898.0,dividend,中证红利,3089.4865,3147.1103999999996,3101.5978333333333,2914.88325,2982.88475
2010-12-13,3096.58,3182.28,3182.84,3095.19,18837506.0,dividend,中证红利,3086.243,3137.1528000000003,3105.9793333333337,2918.6343333333334,2982.8190499999996
2010-12-14,3195.18,3185.7,3199.0,3168.71,17336504.0,dividend,中证红利,3089.9979999999996,3127.8152,3111.1568333333335,2922.577333333333,2982.7202500000003
2010-12-15,3187.77,3174.13,3209.23,3167.46,17452086.0,dividend,中证红利,3096.981,3118.7312,3115.994333333333,2926.8256666666666,2982.37995
2010-12-16,3172.14,3163.44,3189.83,3155.75,12011839.0,dividend,中证红利,3101.42,3108.6156,3120.367333333333,2930.46,2982.07135
2010-12-17,3161.39,3162.04,3170.69,3144.39,9967546.0,dividend,中证红利,3104.0894999999996,3106.2928,3124.838333333333,2934.0126666666665,2981.8442
2010-12-20,3175.21,3121.12,3186.77,3064.02,15822781.0,dividend,中证红利,3105.174,3101.2515999999996,3129.430833333333,2937.4338333333335,2981.16755
2010-12-21,3127.32,3182.32,3186.05,3119.16,16236512.0,dividend,中证红利,3111.761,3104.1204000000002,3135.99,2941.396083333333,2980.6311499999997
2010-12-22,3188.81,3159.34,3203.99,3146.96,15435263.0,dividend,中证红利,3115.4300000000003,3109.1152,3142.227833333333,2945.406583333334,2980.0761
2010-12-23,3157.51,3136.34,3185.3,3132.12,13888245.0,dividend,中证红利,3116.275,3111.5824,3148.4194999999995,2949.381833333333,2979.2002500000003
2010-12-24,3122.19,3110.88,3132.36,3086.44,11577789.0,dividend,中证红利,3116.5175000000004,3111.6716,3154.0785,2954.101333333333,2978.2992
2010-12-27,3116.78,3061.57,3169.9,3053.18,15759465.0,dividend,中证红利,3114.9265000000005,3110.1571999999996,3158.2018333333335,2958.7134166666665,2977.02485
2010-12-28,3046.27,3005.53,3055.95,2995.83,12820163.0,dividend,中证红利,3113.1665000000003,3108.3551999999995,3161.7678333333333,2963.1609166666667,2975.8803
2010-12-29,3008.79,3018.1,3019.71,2979.14,9849763.0,dividend,中证红利,3111.6095,3105.6408,3165.505166666667,2967.66625,2974.7702499999996
2010-12-30,3016.81,3028.51,3045.7,2990.41,13137946.0,dividend,中证红利,3109.2885,3102.0036,3168.5995,2972.43,2973.55135
2010-12-31,3032.54,3092.6,3093.55,3032.54,13446334.0,dividend,中证红利,3110.1365,3101.4664000000002,3171.1025,2977.2944999999995,2972.56175
2011-01-04,3123.98,3146.59,3153.14,3109.08,18400751.0,dividend,中证红利,3113.3959999999997,3103.5944,3173.0703333333336,2982.4796666666666,2971.9710000000005
2011-01-05,3124.94,3142.04,3148.86,3115.2,14988622.0,dividend,中证红利,3114.682,3107.6468000000004,3174.313166666667,2987.731583333333,2971.3794999999996
2011-01-06,3141.33,3121.49,3159.98,3118.75,11507033.0,dividend,中证红利,3116.1639999999998,3110.5368,3174.7478333333333,2992.1667499999994,2970.9046499999995
2011-01-07,3118.21,3123.61,3164.31,3101.46,18410122.0,dividend,中证红利,3119.9674999999997,3112.4839999999995,3175.0223333333333,2996.3293333333336,2970.6835000000005
2011-01-10,3116.73,3071.84,3135.7,3067.89,13578483.0,dividend,中证红利,3119.4735,3112.3319999999994,3172.89,3000.416333333333,2970.18895
2011-01-11,3063.16,3096.3,3096.3,3052.65,11872399.0,dividend,中证红利,3115.1745,3112.928,3171.751666666666,3004.537,2969.4941
2011-01-12,3105.81,3106.44,3123.07,3071.84,11688943.0,dividend,中证红利,3111.2115000000003,3112.5327999999995,3169.7536666666665,3009.18,2968.88815
2011-01-13,3119.1,3113.75,3126.38,3092.9,11987327.0,dividend,中证红利,3108.1925,3113.4088,3167.6349999999998,3013.750583333333,2968.1947999999998
2011-01-14,3105.22,3065.76,3105.22,3059.39,10892492.0,dividend,中证红利,3103.3085,3114.1376,3164.8148333333334,3017.386083333333,2967.22755
2011-01-17,3045.21,2969.29,3058.54,2961.78,14514683.0,dividend,中证红利,3093.6710000000003,3109.6404,3160.2920000000004,3019.733833333333,2965.87575
2011-01-18,2959.71,2970.49,2974.29,2947.18,8839026.0,dividend,中证红利,3086.1395,3101.1688,3154.2576666666664,3022.05925,2964.5311000000006
2011-01-19,2972.81,3032.85,3034.29,2966.08,11724699.0,dividend,中证红利,3078.666,3095.0548,3149.436166666667,3024.6494166666666,2963.66065
2011-01-20,3025.05,2939.79,3025.05,2939.16,11391185.0,dividend,中证红利,3067.6884999999997,3085.6812000000004,3143.7695000000003,3026.398,2962.1451500000003
2011-01-21,2933.16,2972.08,3011.62,2932.61,12853792.0,dividend,中证红利,3059.4755,3078.0268,3138.836166666667,3028.257583333333,2960.4426000000003
2011-01-24,2973.91,2931.85,2980.2,2928.68,11638233.0,dividend,中证红利,3050.5240000000003,3068.8192,3133.5323333333336,3029.895,2958.52695
2011-01-25,2929.36,2921.17,2940.93,2903.18,10742836.0,dividend,中证红利,3043.504,3060.8212,3126.281333333333,3030.9305000000004,2956.6764000000003
2011-01-26,2923.53,2948.59,2955.86,2922.99,8377407.0,dividend,中证红利,3040.657,3051.4719999999998,3119.6394999999998,3032.0520833333335,2954.73435
2011-01-27,2931.17,3005.36,3010.06,2918.22,14205198.0,dividend,中证红利,3040.02,3045.3127999999997,3114.8681666666666,3033.7849166666665,2952.9658
2011-01-28,3000.14,3010.69,3019.26,2987.99,9825250.0,dividend,中证红利,3039.129,3040.2868,3109.161,3035.1229166666667,2951.1697000000004
2011-01-31,3010.79,3043.73,3044.46,3005.02,11217897.0,dividend,中证红利,3036.6855,3037.6008,3103.256166666667,3037.1141666666667,2949.6077
2011-02-01,3051.34,3050.24,3056.9,3036.78,8927498.0,dividend,中证红利,3031.868,3037.1476000000002,3096.9065,3039.0366666666664,2948.2688
2011-02-09,3028.44,3010.94,3057.61,3003.0,10403713.0,dividend,中证红利,3025.313,3037.364,3090.1031666666668,3040.8571666666667,2946.6005
2011-02-10,3006.53,3070.76,3071.39,3000.18,12694632.0,dividend,中证红利,3022.7765000000004,3039.4703999999997,3084.595333333333,3042.7463333333335,2945.3647499999997
2011-02-11,3067.81,3081.11,3089.39,3060.31,14392750.0,dividend,中证红利,3020.6515000000004,3041.5744,3079.008333333333,3044.56925,2944.0002499999996
2011-02-14,3086.14,3189.71,3197.25,3086.14,28177880.0,dividend,中证红利,3026.545,3045.4588,3078.5016666666666,3047.9488333333334,2943.1271500000003
2011-02-15,3193.41,3180.45,3222.67,3178.99,25226314.0,dividend,中证红利,3030.7524999999996,3046.8132,3077.39,3051.1555833333337,2942.263
2011-02-16,3177.64,3218.93,3219.82,3169.1,20110753.0,dividend,中证红利,3036.377,3049.8888,3079.1955000000003,3054.9614166666665,2941.77255
2011-02-17,3223.2,3219.12,3235.95,3191.18,19612477.0,dividend,中证红利,3041.6455,3053.7940000000003,3082.273,3058.4998333333333,2942.14955
2011-02-18,3213.31,3181.39,3213.31,3174.92,15953324.0,dividend,中证红利,3047.427,3056.1052,3084.0518333333334,3061.2120833333333,2942.3199500000005
2011-02-21,3164.72,3229.14,3230.41,3162.8,18830687.0,dividend,中证红利,3060.4195,3062.3972000000003,3086.06,3064.2576666666664,2942.4375
2011-02-22,3244.23,3148.13,3247.64,3145.54,23496532.0,dividend,中证红利,3069.3015,3064.4704,3086.8716666666664,3066.661,2942.3588999999997
2011-02-23,3138.02,3155.92,3164.98,3132.4,15399682.0,dividend,中证红利,3075.4550000000004,3066.4496000000004,3088.6273333333334,3068.9837500000003,2942.40345
2011-02-24,3152.68,3177.44,3183.98,3144.0,16062425.0,dividend,中证红利,3087.3375,3068.9972000000002,3090.1520000000005,3071.8850833333336,2942.6598500000005
2011-02-25,3178.51,3189.08,3202.3,3149.23,15314995.0,dividend,中证红利,3098.1875,3073.93,3091.3126666666667,3074.896333333333,2943.3026
2011-02-28,3194.42,3226.03,3230.01,3166.44,17060304.0,dividend,中证红利,3112.8965,3084.1996000000004,3093.3126666666667,3078.065416666667,2944.15895
2011-03-01,3225.28,3234.71,3252.61,3216.99,18589339.0,dividend,中证红利,3128.5735,3094.7683999999995,3095.6679999999997,3081.881833333333,2945.22935
2011-03-02,3216.16,3218.1,3234.05,3184.97,15457276.0,dividend,中证红利,3142.049,3102.1784000000002,3098.624166666667,3085.4535833333334,2946.1802999999995
2011-03-03,3224.99,3195.85,3239.03,3194.47,20947710.0,dividend,中证红利,3151.5735,3112.4207999999994,3101.067666666667,3088.759833333333,2947.1920999999998
2011-03-04,3197.63,3244.78,3248.33,3188.57,18964788.0,dividend,中证红利,3163.278,3123.3288000000002,3103.8985000000002,3092.0623333333338,2948.33505
2011-03-07,3260.18,3332.31,3333.59,3260.18,29490692.0,dividend,中证红利,3177.707,3139.3472,3108.1763333333333,3096.1597500000003,2950.5758
2011-03-08,3341.51,3339.79,3346.41,3314.12,22260776.0,dividend,中证红利,3192.1845000000003,3156.092,3112.4828333333335,3100.392,2953.2027499999995
2011-03-09,3343.54,3331.7,3351.72,3318.48,18925550.0,dividend,中证红利,3208.2225,3171.4164,3116.0724999999998,3104.302666666667,2955.71255
2011-03-10,3325.49,3273.94,3325.49,3270.6,21225601.0,dividend,中证红利,3218.3815,3182.1596000000004,3119.1073333333334,3107.7791666666667,2958.14985
2011-03-11,3256.25,3245.99,3290.1,3239.3,16617680.0,dividend,中证红利,3226.6254999999996,3191.5716,3122.4148333333337,3110.6359166666666,2960.34125
2011-03-14,3247.78,3267.28,3268.93,3230.21,17413190.0,dividend,中证红利,3230.504,3200.5135999999998,3125.5075,3113.552666666667,2962.3158000000003
2011-03-15,3254.08,3208.24,3254.08,3153.81,23117354.0,dividend,中证红利,3231.8935,3206.8336,3125.9401666666668,3115.9597500000004,2964.0715999999998
2011-03-16,3210.12,3256.08,3260.68,3210.12,19750082.0,dividend,中证红利,3233.751,3216.6391999999996,3127.1131666666665,3119.1349999999998,2966.8022499999997
2011-03-17,3226.27,3216.4,3272.09,3202.32,20727997.0,dividend,中证红利,3233.615,3222.4648,3127.8176666666673,3121.906,2969.0928499999995
2011-03-18,3251.57,3228.81,3261.44,3222.54,14349546.0,dividend,中证红利,3235.986,3228.3728,3128.907166666667,3124.6372499999998,2971.49065
2011-03-21,3237.17,3214.36,3247.29,3199.08,13481592.0,dividend,中证红利,3235.2470000000003,3229.3588,3129.7791666666667,3127.3087499999997,2973.9444
2011-03-22,3225.85,3226.93,3234.78,3184.09,12310867.0,dividend,中证红利,3239.1870000000004,3231.218,3131.5426666666667,3130.4867499999996,2976.27665
2011-03-23,3228.12,3264.17,3266.21,3221.67,14851933.0,dividend,中证红利,3244.5995000000003,3233.0275999999994,3132.9068333333335,3134.4484166666666,2978.32395
2011-03-24,3268.75,3254.46,3271.41,3252.47,13646556.0,dividend,中证红利,3248.4505,3234.4411999999998,3134.4921666666664,3138.3599999999997,2980.61875
2011-03-25,3259.37,3290.88,3301.67,3254.99,19383990.0,dividend,中证红利,3253.5405,3238.8208,3137.0678333333335,3142.7436666666667,2983.11245
2011-03-28,3304.12,3289.86,3323.46,3285.73,21473548.0,dividend,中证红利,3256.732,3241.2496,3140.0508333333337,3147.0646666666667,2985.37825
2011-03-29,3289.33,3262.83,3315.91,3260.93,22792856.0,dividend,中证红利,3258.138,3245.8375999999994,3143.4051666666664,3150.8035,2987.4965
2011-03-30,3264.25,3253.77,3273.57,3233.59,17631780.0,dividend,中证红利,3259.9215,3249.7515999999996,3147.5425,3154.6551666666664,2989.92505
2011-03-31,3254.63,3234.11,3267.97,3216.95,13291677.0,dividend,中证红利,3261.8345,3252.0183999999995,3151.1426666666666,3158.3239166666667,2992.4502500000003
2011-04-01,3241.31,3284.05,3284.61,3230.51,13735726.0,dividend,中证红利,3263.798,3255.8172000000004,3155.4016666666666,3162.0005833333335,2995.1771999999996
2011-04-06,3277.98,3318.97,3326.54,3276.22,23454720.0,dividend,中证红利,3263.1310000000003,3259.5348,3159.1745,3165.1385,2998.1767500000005
2011-04-07,3322.43,3323.15,3333.23,3305.78,17956771.0,dividend,中证红利,3262.299,3263.0724,3162.1171666666664,3167.59375,3001.20785
2011-04-08,3318.93,3354.88,3355.87,3312.36,18174957.0,dividend,中证红利,3263.458,3268.5436,3165.6645,3169.9888333333333,3004.656
2011-04-11,3365.77,3349.29,3397.58,3346.49,24154981.0,dividend,中证红利,3267.2255,3274.6812,3169.461166666667,3172.1045000000004,3008.05375
2011-04-12,3336.49,3354.87,3380.53,3334.11,28467055.0,dividend,中证红利,3272.6695,3279.0848000000005,3173.3154999999997,3174.168916666667,3011.12175
2011-04-13,3337.06,3384.35,3384.35,3324.82,20338190.0,dividend,中证红利,3278.523,3281.1663999999996,3178.524,3175.707,3014.4344999999994
2011-04-14,3390.62,3373.72,3395.64,3366.66,20787805.0,dividend,中证红利,3286.797,3282.5236,3183.1476666666667,3177.449666666667,3017.6423500000005
2011-04-15,3364.29,3374.3,3394.96,3336.59,19639093.0,dividend,中证红利,3292.708,3284.2276,3187.612,3178.6828333333333,3020.95115
2011-04-18,3361.57,3381.89,3397.23,3357.81,20199776.0,dividend,中证红利,3300.9825000000005,3288.5456,3192.081,3179.858,3024.53895
2011-04-19,3351.55,3302.78,3351.55,3298.0,20287106.0,dividend,中证红利,3304.6809999999996,3290.8171999999995,3196.0313333333334,3180.4230833333336,3027.41625
2011-04-20,3310.46,3302.15,3320.95,3291.25,14940247.0,dividend,中证红利,3309.0705000000003,3292.212,3201.5789999999997,3180.9355,3030.2484000000004
2011-04-21,3319.98,3334.37,3344.45,3310.47,18070505.0,dividend,中证红利,3314.4425,3297.2572000000005,3207.6436666666664,3180.9506666666666,3033.3673500000004
2011-04-22,3334.27,3312.34,3340.31,3302.54,15533489.0,dividend,中证红利,3316.851,3299.5076,3212.301833333333,3180.8689999999997,3036.3948
2011-04-25,3300.12,3246.79,3301.11,3244.93,16589424.0,dividend,中证红利,3316.4675,3300.7232,3217.4184999999998,3180.594,3039.23835
2011-04-26,3241.38,3221.61,3255.19,3207.74,14067181.0,dividend,中证红利,3313.004,3300.4352000000003,3221.5773333333336,3180.20675,3042.04985
2011-04-27,3234.51,3212.63,3249.6,3192.93,14952995.0,dividend,中证红利,3309.1425000000004,3300.366,3226.2569999999996,3179.8946666666666,3045.3903000000005
2011-04-28,3228.77,3171.23,3246.61,3167.67,15986388.0,dividend,中证红利,3304.5625,3298.1380000000004,3230.424666666667,3178.353,3048.7058500000003
2011-04-29,3175.81,3211.36,3214.11,3163.95,13873682.0,dividend,中证红利,3302.442,3296.0256,3234.804166666667,3177.2218333333335,3052.4035
2011-05-03,3213.97,3238.87,3239.77,3193.91,16814090.0,dividend,中证红利,3302.6800000000003,3295.402,3238.6960000000004,3176.7820833333335,3056.21055
2011-05-04,3220.32,3150.83,3220.7,3138.66,21876158.0,dividend,中证红利,3296.0190000000002,3289.8,3241.0316666666668,3175.0963333333334,3059.6803999999997
2011-05-05,3138.37,3149.98,3161.58,3125.53,14540738.0,dividend,中证红利,3287.5695,3284.2048,3242.8025,3173.0293333333334,3062.8860000000004
2011-05-06,3110.56,3139.58,3162.51,3097.2,14124615.0,dividend,中证红利,3278.3909999999996,3279.2748000000006,3244.2915,3170.599,3065.96205
2011-05-09,3143.88,3149.76,3166.77,3137.29,11707479.0,dividend,中证红利,3268.1349999999998,3275.1144,3246.6051666666667,3168.3541666666665,3069.1518
2011-05-10,3158.57,3175.5,3176.38,3145.91,11131445.0,dividend,中证红利,3259.4455,3272.77,3248.3508333333334,3166.4730833333333,3072.08295
2011-05-11,3178.57,3162.88,3183.71,3146.54,11129998.0,dividend,中证红利,3249.8460000000005,3267.9232,3249.713666666667,3164.361,3074.77685
2011-05-12,3138.46,3119.91,3156.25,3118.32,13335000.0,dividend,中证红利,3236.624,3259.9608000000003,3248.5503333333336,3163.5260000000003,3077.4694
2011-05-13,3126.03,3147.31,3148.19,3100.68,12389979.0,dividend,中证红利,3225.3035000000004,3252.9272,3247.998,3162.6940000000004,3080.19685
2011-05-16,3138.78,3117.0,3156.18,3114.12,10588765.0,dividend,中证红利,3212.4385,3243.4120000000003,3246.2991666666667,3162.7473333333337,3083.03545
2011-05-17,3113.24,3133.57,3156.27,3089.63,12162684.0,dividend,中证红利,3200.0225,3234.7832,3244.8733333333334,3163.5731666666666,3085.8768999999993
2011-05-18,3126.32,3155.83,3166.91,3123.62,9454225.0,dividend,中证红利,3192.675,3226.8215999999998,3244.447333333333,3164.2495833333332,3088.50855
2011-05-19,3165.53,3136.97,3168.83,3134.13,9864332.0,dividend,中证红利,3184.416,3216.9264000000003,3242.9111666666668,3164.4855833333336,3090.7556
2011-05-20,3134.95,3131.78,3143.15,3123.5,7293112.0,dividend,中证红利,3174.2864999999997,3207.2488,3242.6386666666667,3164.755166666667,3092.9573
2011-05-23,3125.79,3024.92,3125.79,3022.64,14584084.0,dividend,中证红利,3159.9155,3193.2736,3240.455333333333,3164.541333333333,3094.4717499999997
2011-05-24,3018.9,3020.2,3025.7,3000.31,10000638.0,dividend,中证红利,3148.5860000000002,3178.8059999999996,3237.8346666666666,3163.9933333333333,3095.9229499999997
2011-05-25,3017.54,2990.19,3028.83,2987.57,8944991.0,dividend,中证红利,3137.0150000000003,3166.3024,3234.5198333333333,3162.91625,3097.12925
2011-05-26,3010.07,2986.45,3021.24,2984.93,8648913.0,dividend,中证红利,3125.706,3153.6744,3230.526833333334,3161.91975,3098.3847000000005
2011-05-27,2989.82,2975.5,3008.57,2974.01,10001774.0,dividend,中证红利,3115.9195,3139.3196000000003,3226.206666666667,3160.9373333333333,3099.27765
2011-05-30,2973.51,2972.08,3000.75,2961.66,10112226.0,dividend,中证红利,3103.9555,3125.7092,3222.1063333333336,3160.3652500000003,3100.06805
2011-05-31,2975.69,3016.73,3018.83,2967.35,9058881.0,dividend,中证红利,3092.8484999999996,3116.5068,3219.121,3160.0943333333335,3101.1645999999996
2011-06-01,3008.9,3019.6,3022.58,3000.32,9759540.0,dividend,中证红利,3086.2870000000003,3108.4263999999994,3215.368,3159.63325,3102.0119499999996
2011-06-02,2986.17,2983.69,3000.96,2945.7,11306802.0,dividend,中证红利,3077.9725,3099.2688,3209.5576666666666,3158.8669999999997,3102.9065
2011-06-03,2977.45,3004.33,3013.4,2976.06,8406655.0,dividend,中证红利,3071.21,3092.5928,3203.9666666666667,3158.22475,3103.83045
2011-06-07,2991.83,3013.26,3016.71,2988.87,8361665.0,dividend,中证红利,3064.385,3084.6688,3198.6593333333335,3157.3659166666666,3104.93435
2011-06-08,3007.9,3012.63,3019.49,2976.11,8995659.0,dividend,中证红利,3056.2415,3075.6191999999996,3194.304166666667,3156.70575,3105.7771999999995
2011-06-09,3003.57,2962.1,3009.29,2962.1,8957679.0,dividend,中证红利,3046.2025,3068.07,3189.5726666666665,3155.99375,3106.2758999999996
2011-06-10,2958.32,2976.09,2978.58,2937.97,9277356.0,dividend,中证红利,3039.0115,3061.1144,3184.7194999999997,3155.1135,3107.23555
2011-06-13,2953.17,2957.1,2963.08,2927.84,7302180.0,dividend,中证红利,3029.5009999999997,3053.8152,3180.5338333333334,3153.237,3108.0428500000003
2011-06-14,2953.07,2991.68,2999.33,2947.05,11255422.0,dividend,中证红利,3023.2349999999997,3047.492,3176.1271666666667,3151.6201666666666,3109.1900999999993
2011-06-15,2982.21,2972.59,3001.93,2972.35,9881807.0,dividend,中证红利,3015.1859999999997,3039.3756,3172.0636666666664,3149.940666666667,3110.0805
2011-06-16,2942.6,2917.3,2946.9,2915.32,9139638.0,dividend,中证红利,3003.2595,3029.5524,3166.871833333333,3147.8894999999998,3110.3874
2011-06-17,2921.82,2897.14,2932.47,2895.78,8108180.0,dividend,中证红利,2991.268,3020.6416,3161.5848333333333,3145.6820000000002,3110.55475
2011-06-20,2890.8,2879.4,2902.28,2870.99,7801422.0,dividend,中证红利,2978.6490000000003,3009.9251999999997,3155.7926666666667,3143.6676666666667,3110.6531
2011-06-21,2887.3,2917.44,2918.64,2879.22,8759843.0,dividend,中证红利,2973.275,3001.9428,3150.013833333333,3141.4603333333334,3110.85435
2011-06-22,2920.54,2910.71,2924.35,2899.04,8301836.0,dividend,中证红利,2967.8005000000003,2993.0284,3144.284666666667,3139.3884166666667,3111.2615
2011-06-23,2899.36,2957.6,2965.78,2889.71,11501486.0,dividend,中证红利,2966.171,2985.0991999999997,3138.73,3137.8989166666665,3111.91085
2011-06-24,2942.36,3023.33,3042.61,2939.4,20349450.0,dividend,中证红利,2968.0150000000003,2980.5535999999997,3134.2878333333333,3137.1693333333333,3112.7988
2011-06-27,3018.58,3029.92,3043.37,3013.59,15228429.0,dividend,中证红利,2970.736,2976.4791999999998,3130.406,3136.905583333333,3114.0647
2011-06-28,3032.61,3028.39,3033.85,3001.38,10876549.0,dividend,中证红利,2973.5515,2976.6180000000004,3126.6496666666667,3137.096083333333,3115.2592
2011-06-29,3021.92,2988.48,3027.57,2986.93,12062457.0,dividend,中证红利,2972.139,2975.3491999999997,3122.5558333333333,3136.84925,3116.2061
2011-06-30,2991.34,3027.75,3045.17,2991.34,13514201.0,dividend,中证红利,2972.5465,2976.8516000000004,3118.284166666667,3136.842916666667,3117.10245
2011-07-01,3034.08,3040.57,3055.7,3016.61,13225577.0,dividend,中证红利,2975.3905000000004,2979.0163999999995,3113.6441666666665,3136.4093333333335,3118.1022
2011-07-04,3059.02,3105.16,3111.71,3059.02,19574871.0,dividend,中证红利,2980.432,2984.2027999999996,3110.011,3136.064083333333,3119.4683999999997
2011-07-05,3102.39,3106.9,3108.08,3083.51,14619213.0,dividend,中证红利,2985.114,2989.5956,3105.8779999999997,3135.77125,3120.6908000000003
2011-07-06,3104.21,3100.14,3104.21,3072.41,14463385.0,dividend,中证红利,2989.4895,2992.9319999999993,3101.7255,3135.5933333333332,3121.9077
2011-07-07,3105.85,3088.25,3123.73,3086.0,14643365.0,dividend,中证红利,2995.797,2995.6780000000003,3097.2818333333335,3135.2986666666666,3122.8330499999997
2011-07-08,3089.18,3091.48,3105.3,3076.47,11266877.0,dividend,中证红利,3001.5665,2999.9896000000003,3092.400666666667,3135.462333333334,3123.7041
2011-07-11,3083.69,3090.61,3100.34,3067.39,11148156.0,dividend,中证红利,3008.2419999999997,3003.4408000000003,3087.6821666666665,3135.414916666667,3124.5602000000003
2011-07-12,3064.05,3031.07,3064.16,3028.29,12550167.0,dividend,中证红利,3010.2115000000003,3004.1532,3081.961666666667,3134.7868333333336,3125.3403000000003
2011-07-13,3033.79,3077.22,3080.63,3033.79,11847387.0,dividend,中证红利,3015.443,3006.7368,3076.8838333333333,3134.4824166666667,3126.3070000000002
2011-07-14,3082.79,3087.31,3096.94,3066.74,13226846.0,dividend,中证红利,3023.9435000000003,3011.7451999999994,3073.2926666666667,3134.662,3127.2382499999994
2011-07-15,3078.81,3095.4,3095.67,3063.88,13387732.0,dividend,中证红利,3033.8565000000003,3016.5176,3069.8468333333335,3135.7129166666664,3128.24635
2011-07-18,3093.24,3082.14,3096.59,3072.75,12289866.0,dividend,中证红利,3043.9935,3021.5191999999997,3065.6430000000005,3136.6433333333334,3129.4292
2011-07-19,3067.57,3055.53,3074.1,3049.79,11451318.0,dividend,中证红利,3050.898,3024.0732000000003,3061.3628333333336,3136.8323333333333,3130.763
2011-07-20,3074.47,3053.63,3080.55,3034.07,10095444.0,dividend,中证红利,3058.044,3027.3148000000006,3058.1435,3137.781,3132.1058000000003
2011-07-21,3057.15,3028.75,3063.57,3027.89,10647785.0,dividend,中证红利,3061.6014999999998,3031.7728,3054.929166666667,3138.25325,3133.4253500000004
2011-07-22,3035.96,3038.89,3053.89,3032.72,9391505.0,dividend,中证红利,3062.3795,3037.4428000000003,3052.0335,3139.14525,3134.7631
2011-07-25,3024.59,2946.38,3024.71,2936.75,14502657.0,dividend,中证红利,3058.2025000000003,3040.1220000000003,3048.286,3139.3553333333334,3135.4241500000003
2011-07-26,2943.69,2950.71,2954.84,2933.02,8342211.0,dividend,中证红利,3054.3185000000003,3041.4528000000005,3043.9418333333333,3139.373,3136.21985
2011-07-27,2935.34,2973.33,2976.97,2925.91,10493288.0,dividend,中证红利,3053.5609999999997,3043.9576,3039.516166666667,3139.106083333333,3137.1171999999997
2011-07-28,2948.63,2960.75,2965.04,2932.83,10170484.0,dividend,中证红利,3050.211,3044.0836000000004,3036.348166666667,3138.6899166666667,3137.7066999999997
2011-07-29,2959.99,2951.43,2974.02,2931.25,9939897.0,dividend,中证红利,3045.754,3041.2076,3033.0389999999998,3137.9207499999998,3137.75175
2011-08-01,2949.61,2959.94,2974.32,2941.08,7532195.0,dividend,中证红利,3038.493,3038.4084000000003,3030.045,3137.16825,3137.4088500000003
2011-08-02,2943.39,2934.92,2943.39,2900.38,9308206.0,dividend,中证红利,3029.894,3034.6696,3026.464333333333,3136.53475,3136.7461
2011-08-03,2907.82,2929.5,2947.03,2904.59,8819529.0,dividend,中证红利,3021.362,3032.3104,3022.364333333333,3135.357583333333,3135.9165500000004
2011-08-04,2935.13,2933.08,2954.3,2925.09,6803143.0,dividend,中证红利,3013.6035,3028.5236,3018.5343333333335,3134.1240000000003,3135.04625
2011-08-05,2859.56,2865.94,2886.5,2845.88,11403677.0,dividend,中证红利,3002.3265,3021.5384000000004,3014.3015,3131.4259166666666,3133.37705
2011-08-08,2836.06,2746.91,2854.04,2717.46,15308891.0,dividend,中证红利,2985.1414999999997,3007.2084000000004,3007.628166666667,3127.8130833333335,3131.2886000000003
2011-08-09,2675.71,2744.39,2755.95,2647.4,14884607.0,dividend,中证红利,2970.8075,2992.7080000000005,3001.4179999999997,3123.858583333333,3128.87895
2011-08-10,2792.62,2768.43,2803.96,2764.76,12774906.0,dividend,中证红利,2955.368,2979.4395999999997,2995.3323333333333,3120.102833333333,3126.51675
2011-08-11,2725.28,2807.85,2809.01,2722.01,11916545.0,dividend,中证红利,2941.3949999999995,2968.2236,2989.5326666666665,3116.99,3124.3811499999997
2011-08-12,2824.14,2818.15,2836.76,2812.74,10940144.0,dividend,中证红利,2927.5325000000003,2957.2904,2984.2189999999996,3113.5650833333334,3122.2686
2011-08-15,2825.53,2854.62,2855.29,2812.65,10099731.0,dividend,中证红利,2916.1565,2947.8507999999997,2979.5996666666665,3111.1191666666664,3119.8789500000003
2011-08-16,2858.69,2836.87,2865.77,2830.31,9413799.0,dividend,中证红利,2905.2235,2940.0828,2976.4655000000002,3108.460416666667,3117.4526
2011-08-17,2831.88,2830.64,2850.25,2824.38,7527726.0,dividend,中证红利,2894.074,2930.2196000000004,2973.3061666666667,3105.5704166666665,3115.20685
2011-08-18,2830.89,2783.32,2832.48,2780.27,7952585.0,dividend,中证红利,2881.8025000000002,2918.06,2969.858333333333,3102.189083333333,3112.78305
2011-08-19,2735.13,2749.61,2756.6,2725.71,9006237.0,dividend,中证红利,2867.3385000000003,2904.2283999999995,2965.9109999999996,3098.2189166666662,3110.2806999999993
2011-08-22,2750.32,2724.36,2770.88,2716.08,6256623.0,dividend,中证红利,2856.2375,2889.9172,2961.7253333333333,3093.9660000000003,3107.12135
2011-08-23,2735.6,2766.48,2766.87,2726.33,6053024.0,dividend,中证红利,2847.026,2878.3552,2958.298666666667,3090.2025,3104.21825
2011-08-24,2780.12,2758.43,2788.29,2751.98,7261354.0,dividend,中证红利,2836.281,2866.5471999999995,2953.9936666666667,3086.557333333333,3101.5521999999996
2011-08-25,2767.94,2848.05,2849.31,2761.32,14263991.0,dividend,中证红利,2830.646,2859.3192,2951.1345,3083.25125,3099.02685
2011-08-26,2834.24,2841.15,2846.81,2823.7,8616625.0,dividend,中证红利,2825.132,2851.4095999999995,2948.7588333333333,3079.15825,3096.2425
2011-08-29,2819.91,2800.21,2819.91,2794.64,9238639.0,dividend,中证红利,2817.1455,2845.5628,2945.3568333333333,3074.66175,3093.08745
2011-08-30,2821.33,2793.63,2850.02,2791.03,9205529.0,dividend,中证红利,2810.081,2839.2796,2941.6963333333333,3070.177833333333,3089.9599
2011-08-31,2794.31,2800.04,2806.39,2772.55,7208850.0,dividend,中证红利,2803.608,2832.348,2938.1531666666665,3066.228666666667,3086.95395
2011-09-01,2804.06,2786.22,2820.91,2778.88,6727987.0,dividend,中证红利,2796.2650000000003,2825.3668,2935.2218333333335,3062.39725,3083.8034000000002
2011-09-02,2782.7,2755.32,2789.6,2746.57,6116643.0,dividend,中证红利,2790.734,2817.5224,2931.5423333333333,3058.1309166666665,3081.4794500000003
2011-09-05,2731.83,2693.57,2731.83,2692.04,7487549.0,dividend,中证红利,2788.067,2806.8676,2927.150166666667,3053.8419999999996,3078.7115500000004
2011-09-06,2678.16,2675.2,2693.71,2661.57,6161161.0,dividend,中证红利,2784.6075,2796.4788,2921.8755,3049.0013333333336,3076.5345500000003
2011-09-07,2688.9,2731.77,2732.51,2685.49,7404431.0,dividend,中证红利,2782.7745000000004,2788.5696000000003,2917.861833333334,3044.96275,3075.02105
2011-09-08,2742.02,2716.22,2745.07,2715.68,6618664.0,dividend,中证红利,2778.193,2779.8952000000004,2914.5105,3040.6911666666665,3073.22885
2011-09-09,2730.92,2715.19,2758.12,2704.09,6712364.0,dividend,中证红利,2773.045,2773.8652,2911.4780000000005,3036.5314166666667,3071.26155
2011-09-13,2681.1,2691.59,2696.77,2666.66,6051455.0,dividend,中证红利,2764.8935,2771.6524,2908.3478333333337,3032.07025,3069.22235
2011-09-14,2700.3,2709.3,2710.36,2655.69,6675619.0,dividend,中证红利,2758.515,2770.2488,2904.8788333333337,3027.4463333333333,3067.5159500000004
2011-09-15,2708.54,2699.38,2725.99,2698.99,6132658.0,dividend,中证红利,2751.952,2767.4868,2901.3566666666666,3022.820666666667,3065.5830500000006
2011-09-16,2715.15,2704.85,2726.87,2699.1,5559249.0,dividend,中证红利,2748.0285,2763.3668,2897.144166666667,3017.9370833333332,3063.5101
2011-09-19,2690.72,2656.14,2690.72,2656.09,5593885.0,dividend,中证红利,2743.355,2756.8864000000003,2891.0243333333333,3012.6560833333333,3061.26065
2011-09-20,2652.29,2672.12,2682.55,2649.12,4923096.0,dividend,中证红利,2740.743,2749.5864,2885.061,3007.7335000000003,3059.1543
2011-09-21,2674.72,2749.63,2756.73,2659.44,11487245.0,dividend,中证红利,2739.9005,2746.0968,2880.415,3003.5323333333336,3057.6988
2011-09-22,2725.17,2674.25,2733.9,2673.69,8980245.0,dividend,中证红利,2735.6915,2739.8412,2875.177833333333,2998.8668333333335,3055.82385
2011-09-23,2635.52,2665.01,2671.57,2627.2,8931372.0,dividend,中证红利,2726.5395,2735.1088,2869.1321666666668,2993.708166666667,3053.7742500000004
2011-09-26,2643.28,2623.66,2673.93,2615.54,7361491.0,dividend,中证红利,2715.665,2730.0708,2862.183666666667,2987.9139166666664,3051.51435
2011-09-27,2643.68,2649.11,2662.84,2625.85,7454768.0,dividend,中证红利,2708.1099999999997,2727.0608,2854.5828333333334,2982.2969166666667,3049.3529
2011-09-28,2666.23,2620.32,2670.08,2612.26,7196485.0,dividend,中证红利,2699.4445,2721.2144,2846.473166666667,2976.175583333333,3046.8729
2011-09-29,2605.13,2600.16,2625.68,2592.61,7688927.0,dividend,中证红利,2689.4505,2714.8835999999997,2838.1401666666666,2969.9328333333333,3044.41445
2011-09-30,2606.97,2595.0,2616.72,2585.4,6813119.0,dividend,中证红利,2679.8895,2704.7616,2829.9193333333333,2963.6005833333334,3042.1517500000004
2011-10-10,2601.5,2583.16,2607.77,2578.27,5788227.0,dividend,中证红利,2671.2815,2694.442,2821.447333333333,2956.924,3039.6589499999995
2011-10-11,2648.25,2564.08,2661.0,2538.25,11326886.0,dividend,中证红利,2664.807,2684.9968,2812.6718333333333,2950.177,3036.5679500000006
2011-10-12,2547.93,2641.66,2644.67,2527.94,14016358.0,dividend,中证红利,2663.13,2678.9179999999997,2806.1816666666664,2944.0716666666663,3033.8477499999995
2011-10-13,2629.8,2654.48,2660.24,2622.57,12088490.0,dividend,中证红利,2659.2655,2673.0956,2799.136,2938.009916666667,3031.2495
2011-10-14,2648.07,2651.25,2658.38,2627.41,7528834.0,dividend,中证红利,2656.0170000000003,2667.6967999999997,2791.8683333333333,2932.5805000000005,3028.6885500000003
2011-10-17,2655.44,2656.82,2676.59,2644.66,7105961.0,dividend,中证红利,2653.0985,2663.7568,2784.5586666666663,2927.2027499999995,3026.16245
2011-10-18,2638.7,2586.79,2642.73,2584.69,8685316.0,dividend,中证红利,2647.8585,2659.4856,2776.302833333333,2920.9729166666666,3023.4908
2011-10-19,2595.26,2580.77,2612.12,2578.3,6417633.0,dividend,中证红利,2641.432,2655.7084000000004,2768.3901666666666,2914.8765000000003,3020.4830500000007
2011-10-20,2567.0,2517.92,2572.44,2501.29,8347776.0,dividend,中证红利,2632.3589999999995,2647.1544,2759.4616666666666,2908.802583333333,3017.2759499999997
2011-10-21,2520.63,2499.06,2530.56,2498.03,6055773.0,dividend,中证红利,2622.0695,2638.468,2750.6334999999995,2902.7813333333334,3014.08955
2011-10-24,2506.23,2561.24,2563.9,2490.49,8776622.0,dividend,中证红利,2617.3244999999997,2632.31,2742.672666666667,2897.3530833333334,3011.34135
2011-10-25,2557.52,2610.32,2618.55,2548.75,11180673.0,dividend,中证红利,2614.2345,2629.0591999999997,2737.0716666666663,2892.6788333333334,3009.0851000000002
2011-10-26,2597.34,2627.94,2654.64,2595.42,13010546.0,dividend,中证红利,2608.15,2625.8048,2731.6921666666667,2887.8170000000005,3007.1971500000004
2011-10-27,2632.17,2635.59,2654.1,2626.96,10481347.0,dividend,中证红利,2606.2169999999996,2623.2532,2726.0631666666663,2882.789666666666,3005.2846000000004
2011-10-28,2667.35,2683.71,2697.13,2664.83,14427957.0,dividend,中证红利,2607.1519999999996,2622.4076,2721.445833333333,2878.897,3003.5606
2011-10-31,2679.32,2673.53,2688.93,2661.46,10756985.0,dividend,中证红利,2609.6455,2623.1032,2716.8141666666666,2874.9265833333334,3001.46525
2011-11-01,2653.63,2678.4,2700.04,2650.05,11301114.0,dividend,中证红利,2611.1099999999997,2623.3544,2712.121833333333,2871.083416666667,2999.1243
2011-11-02,2642.0,2713.34,2714.17,2635.19,12582771.0,dividend,中证红利,2615.761,2621.9028,2708.4288333333334,2867.4465833333334,2996.9808000000003
2011-11-03,2720.91,2719.56,2752.18,2718.67,17276686.0,dividend,中证红利,2621.7309999999998,2623.7152,2704.9298333333336,2863.6470833333337,2994.9711500000003
2011-11-04,2743.91,2735.91,2751.47,2722.03,11759587.0,dividend,中证红利,2628.7765,2626.5512,2701.6436666666664,2860.089,2993.0326499999996
2011-11-07,2724.36,2723.13,2749.48,2717.49,9559675.0,dividend,中证红利,2635.775,2630.53,2699.2635,2856.7825,2991.2891
2011-11-08,2729.28,2721.66,2746.37,2718.02,10333407.0,dividend,中证红利,2643.654,2633.4320000000002,2698.8426666666664,2853.235416666667,2989.4159000000004
2011-11-09,2734.87,2742.7,2747.8,2704.29,8546932.0,dividend,中证红利,2648.706,2638.3271999999997,2698.8145,2850.1162499999996,2987.5971999999997
2011-11-10,2714.43,2694.97,2724.76,2694.01,11122018.0,dividend,中证红利,2650.7305,2642.1195999999995,2697.590166666667,2846.4612500000003,2985.5033000000003
2011-11-11,2702.72,2692.01,2710.9,2685.22,7716058.0,dividend,中证红利,2652.7685,2646.0,2695.6595,2842.5960833333334,2983.63455
2011-11-14,2714.01,2752.09,2753.12,2713.01,10259280.0,dividend,中证红利,2657.532,2652.7572000000005,2694.5585,2839.3887499999996,2982.54855
2011-11-15,2748.21,2751.12,2761.29,2742.09,8920671.0,dividend,中证红利,2665.7485,2660.2388,2692.8335,2836.2165833333333,2981.4516999999996
2011-11-16,2752.82,2680.04,2753.27,2670.45,11903773.0,dividend,中证红利,2670.7120000000004,2661.7740000000003,2690.2196666666664,2833.3425833333336,2979.6876500000003
2011-11-17,2682.77,2676.33,2699.66,2674.74,7572290.0,dividend,中证红利,2678.6325,2662.6479999999997,2687.6478333333334,2830.477,2978.3703499999997
2011-11-18,2659.72,2619.95,2661.51,2613.63,8930090.0,dividend,中证红利,2684.677,2661.3959999999997,2684.925,2827.391666666667,2976.6096999999995
2011-11-21,2621.29,2619.69,2626.01,2599.42,5892184.0,dividend,中证红利,2687.5995,2659.9108,2682.759666666667,2824.3353333333334,2975.0489000000002
2011-11-22,2604.45,2611.86,2617.96,2587.81,6709386.0,dividend,中证红利,2687.6765,2660.9136,2680.8846666666664,2821.305,2973.5023499999998
2011-11-23,2616.71,2587.49,2619.69,2583.03,7072377.0,dividend,中证红利,2685.654,2661.1823999999997,2677.9015,2818.1000833333333,2971.69685
2011-11-24,2570.71,2588.3,2603.52,2560.74,6920848.0,dividend,中证红利,2683.2895,2663.9976,2675.066,2814.5298333333335,2969.61155
2011-11-25,2583.61,2568.6,2597.44,2561.97,5634229.0,dividend,中证红利,2677.534,2666.7792,2670.4085,2810.7715000000003,2967.4011
2011-11-28,2576.74,2575.37,2592.0,2563.96,5859966.0,dividend,中证红利,2672.6259999999997,2667.3444,2665.9788333333336,2807.3688333333334,2965.0593
2011-11-29,2594.52,2609.28,2611.24,2583.55,6409519.0,dividend,中证红利,2669.17,2667.3028000000004,2662.7966666666666,2804.07675,2962.8545
2011-11-30,2602.12,2526.56,2604.5,2512.22,9782249.0,dividend,中证红利,2659.8309999999997,2663.2476,2658.3455000000004,2800.020916666667,2960.4326
2011-12-01,2592.87,2578.67,2623.74,2573.59,13636382.0,dividend,中证红利,2652.7865,2660.9708,2654.6560000000004,2796.4045833333334,2957.97215
2011-12-02,2568.76,2543.99,2570.85,2533.11,7375870.0,dividend,中证红利,2643.1904999999997,2655.382,2650.6188333333334,2792.9203333333335,2955.2865500000003
2011-12-05,2547.6,2512.21,2547.75,2507.3,7344543.0,dividend,中证红利,2632.6445,2648.9292,2646.567,2789.0546666666664,2951.8990499999995
2011-12-06,2507.72,2509.03,2516.42,2491.53,5566435.0,dividend,中证红利,2622.013,2642.1544,2643.491333333333,2785.32075,2948.5419500000003
2011-12-07,2509.35,2513.5,2523.33,2499.39,4728388.0,dividend,中证红利,2610.553,2634.1608,2640.796333333333,2781.3359166666664,2945.0148
2011-12-08,2513.61,2510.78,2532.82,2482.22,5712134.0,dividend,中证红利,2601.3435,2625.8096,2637.1131666666665,2777.4875,2941.4731
2011-12-09,2497.05,2498.06,2511.99,2490.62,4770337.0,dividend,中证红利,2591.6459999999997,2616.2956,2633.477166666666,2773.9938333333334,2938.0564499999996
2011-12-12,2496.06,2480.0,2499.78,2478.61,5130096.0,dividend,中证红利,2578.0415000000003,2606.5704,2629.5573333333327,2770.5176666666666,2934.31075
2011-12-13,2472.38,2441.8,2477.92,2439.92,8033338.0,dividend,中证红利,2562.5755,2595.3759999999997,2625.3941666666665,2766.871,2930.7791
2011-12-14,2436.84,2420.21,2455.81,2416.52,5924371.0,dividend,中证红利,2549.584,2582.4764,2620.576,2762.727416666667,2927.10055
2011-12-15,2407.53,2361.29,2409.58,2359.93,9121302.0,dividend,中证红利,2533.832,2569.1292,2614.9411666666665,2758.1489166666665,2923.0198
2011-12-16,2358.66,2401.1,2401.76,2344.16,8639825.0,dividend,中证红利,2522.8895,2557.4928,2609.8786666666665,2753.511416666667,2919.0798999999997
2011-12-19,2380.52,2390.88,2397.6,2330.45,8679408.0,dividend,中证红利,2511.449,2543.0444,2605.457666666667,2748.2410000000004,2914.90415
2011-12-20,2381.79,2377.08,2409.48,2373.27,7147476.0,dividend,中证红利,2499.71,2528.0828,2600.5403333333334,2742.800666666667,2910.616
2011-12-21,2397.38,2349.59,2403.84,2347.9,7005782.0,dividend,中证红利,2487.8149999999996,2514.8648,2593.873,2737.1440000000002,2906.27345
2011-12-22,2337.46,2352.02,2367.5,2308.33,8296627.0,dividend,中证红利,2476.001,2501.8924,2588.5025,2731.8401666666664,2902.0543
2011-12-23,2349.07,2372.52,2389.62,2342.76,7543344.0,dividend,中证红利,2466.197,2491.9952,2583.6276666666668,2726.3799166666663,2897.6929999999998
2011-12-26,2360.04,2357.67,2385.05,2349.36,6314647.0,dividend,中证红利,2455.312,2481.5144,2579.1944999999996,2720.689083333333,2892.8197999999998
2011-12-27,2353.57,2327.02,2368.76,2327.02,6233000.0,dividend,中证红利,2441.199,2470.1208,2573.8263333333334,2714.204583333333,2887.75595
2011-12-28,2319.49,2332.74,2333.39,2292.48,7113678.0,dividend,中证红利,2431.508,2459.9308,2569.0333333333333,2707.75325,2882.76115
2011-12-29,2321.11,2336.48,2345.44,2318.46,7058449.0,dividend,中证红利,2419.3985000000002,2449.858,2564.6386666666667,2701.389416666667,2878.07385
2011-12-30,2342.35,2363.78,2365.63,2342.35,8631007.0,dividend,中证红利,2410.388,2441.6652000000004,2560.7850000000003,2695.3521666666666,2873.6628
2012-01-04,2380.35,2321.96,2385.24,2321.96,8857529.0,dividend,中证红利,2400.8755,2431.5288,2556.4316666666664,2688.9395,2868.9362
2012-01-05,2314.53,2306.65,2345.1,2303.08,11023243.0,dividend,中证红利,2390.7565000000004,2419.4236,2552.141166666667,2682.4064999999996,2864.42825
2012-01-06,2305.09,2325.18,2325.65,2294.83,9249091.0,dividend,中证红利,2381.3405000000002,2411.3684,2546.8664999999996,2676.524083333333,2859.77375
2012-01-09,2325.85,2402.6,2403.11,2310.33,15662548.0,dividend,中证红利,2375.9314999999997,2404.3256,2542.6684999999998,2670.90225,2855.7047500000003
2012-01-10,2400.58,2471.19,2475.95,2396.15,19857724.0,dividend,中证红利,2374.588,2401.4136000000003,2539.6675,2665.7679166666667,2851.9166499999997
2012-01-11,2469.84,2458.86,2477.83,2447.87,13614773.0,dividend,中证红利,2373.531,2399.2796000000003,2536.368166666667,2660.4634166666665,2848.13915
2012-01-12,2453.58,2460.44,2483.33,2450.27,10524344.0,dividend,中证红利,2374.463,2397.3360000000002,2534.2623333333336,2655.282583333333,2844.3067000000005
2012-01-13,2463.73,2424.64,2470.75,2406.94,10410146.0,dividend,中证红利,2374.6845,2393.7816000000003,2531.6601666666666,2650.025166666667,2840.1090500000005
2012-01-16,2412.79,2393.77,2432.44,2393.61,7846678.0,dividend,中证红利,2376.3085,2389.1012,2529.591,2644.5263333333332,2835.8056
2012-01-17,2396.15,2498.61,2498.82,2375.86,16003429.0,dividend,中证红利,2381.184,2389.1232,2529.5835,2640.1085000000003,2831.8442500000006
2012-01-18,2496.4,2461.43,2513.17,2453.53,14738839.0,dividend,中证红利,2384.7115000000003,2388.3804,2527.9199999999996,2635.296333333333,2827.7020999999995
2012-01-19,2465.27,2506.63,2518.93,2459.68,13655210.0,dividend,中证红利,2391.189,2390.9736000000003,2526.1918333333333,2631.63175,2823.9211
2012-01-20,2514.66,2537.12,2541.18,2503.36,12513530.0,dividend,中证红利,2400.5655,2395.65,2524.6781666666666,2628.185166666667,2820.33785
2012-01-30,2539.73,2485.84,2540.16,2485.55,10512521.0,dividend,中证红利,2407.2565,2400.632,2522.182333333333,2624.12275,2816.5964999999997
2012-01-31,2487.81,2490.31,2498.75,2474.01,7023502.0,dividend,中证红利,2413.1459999999997,2404.2003999999997,2518.959,2620.2024166666665,2812.6278
2012-02-01,2486.9,2458.77,2505.45,2454.65,8093330.0,dividend,中证红利,2418.201,2406.916,2515.3796666666667,2616.096916666667,2808.3268
2012-02-02,2467.17,2514.98,2514.98,2459.9,10433960.0,dividend,中证红利,2427.5989999999997,2412.432,2512.656,2612.3889166666663,2804.2859500000004
2012-02-03,2506.88,2532.52,2542.76,2500.67,13069412.0,dividend,中证红利,2437.588,2419.7492,2509.6423333333337,2609.0355833333333,2800.1741500000003
2012-02-06,2537.73,2530.73,2548.51,2516.72,11692808.0,dividend,中证红利,2447.3005,2426.8976,2506.4951666666666,2605.7125,2796.08135
2012-02-07,2514.96,2484.62,2517.77,2469.55,9628611.0,dividend,中证红利,2453.3424999999997,2431.3816,2502.307,2601.9753333333338,2791.7301
2012-02-08,2483.17,2549.03,2556.1,2479.28,12994733.0,dividend,中证红利,2464.696,2439.036,2499.4053333333336,2599.3344166666666,2787.5535000000004
2012-02-09,2546.46,2549.2,2563.45,2532.88,14813198.0,dividend,中证红利,2476.8235,2447.9232,2496.531,2597.686833333333,2783.4309
2012-02-10,2540.46,2546.27,2571.67,2532.88,13932249.0,dividend,中证红利,2487.8779999999997,2456.4644,2493.2571666666668,2596.035833333334,2779.29075
2012-02-13,2521.28,2543.17,2562.4,2512.29,12287100.0,dividend,中证红利,2494.9065,2464.732,2490.7271666666666,2594.158666666667,2775.09715
2012-02-14,2540.08,2535.42,2543.15,2522.17,10277090.0,dividend,中证红利,2498.118,2471.5976,2488.1173333333336,2591.8884166666667,2771.2603499999996
2012-02-15,2528.6,2558.8,2571.15,2521.11,14586738.0,dividend,中证红利,2503.115,2481.0712,2484.8958333333335,2589.7271666666666,2767.5436
2012-02-16,2554.58,2547.81,2565.7,2532.63,13924550.0,dividend,中证红利,2507.4835,2490.7176,2481.5073333333335,2587.170416666667,2763.6107999999995
2012-02-17,2562.58,2548.54,2568.31,2536.81,9631757.0,dividend,中证红利,2513.6785,2499.652,2479.315666666667,2584.7676666666666,2759.7918
2012-02-20,2581.08,2547.05,2582.71,2546.03,12454934.0,dividend,中证红利,2521.3424999999997,2505.43,2477.161,2582.4044166666667,2756.2931
2012-02-21,2551.61,2565.02,2565.75,2529.75,11004815.0,dividend,中证红利,2524.6629999999996,2509.1832,2476.2455,2580.5852500000005,2753.01015
2012-02-22,2565.11,2597.12,2597.94,2557.0,19511672.0,dividend,中证红利,2531.4474999999998,2514.7136,2475.8693333333335,2579.3145000000004,2749.9326
2012-02-23,2594.61,2601.8,2609.36,2587.18,16805682.0,dividend,中证红利,2536.206,2520.3680000000004,2475.701666666667,2578.293166666667,2747.08545
2012-02-24,2602.92,2642.96,2643.3,2598.29,22562668.0,dividend,中证红利,2541.498,2529.1008,2476.6261666666664,2577.263833333333,2744.24345
2012-02-27,2653.75,2649.99,2683.89,2649.61,27188033.0,dividend,中证红利,2549.7055,2539.3496,2477.6543333333334,2576.360166666667,2741.29905
2012-02-28,2645.1,2654.78,2664.04,2636.62,19552147.0,dividend,中证红利,2557.929,2545.5964,2479.0906666666665,2574.7495833333332,2738.8188
2012-02-29,2648.84,2625.79,2654.27,2623.94,14116676.0,dividend,中证红利,2566.2799999999997,2552.1708,2479.931,2572.954916666667,2736.1978499999996
2012-03-01,2618.5,2628.86,2640.96,2617.46,9847326.0,dividend,中证红利,2571.974,2557.06,2480.2573333333335,2571.527,2733.64425
2012-03-02,2633.56,2671.6,2671.6,2633.56,16677404.0,dividend,中证红利,2578.928,2562.4392,2482.674666666667,2570.5100833333336,2731.2534499999997
2012-03-05,2677.15,2657.2,2686.01,2654.86,17351981.0,dividend,中证红利,2585.2515000000003,2569.2936,2483.9835,2569.31975,2728.66195
2012-03-06,2649.16,2616.56,2651.7,2608.99,16605327.0,dividend,中证红利,2591.8485,2574.3436,2485.1929999999998,2567.905916666667,2725.9303499999996
2012-03-07,2594.56,2599.23,2626.35,2592.97,13841410.0,dividend,中证红利,2594.3585,2579.962,2486.6433333333334,2566.6051666666667,2723.3269499999997
2012-03-08,2608.18,2626.79,2637.0,2607.26,13271954.0,dividend,中证红利,2598.238,2584.4344,2488.606,2566.048666666667,2720.72435
2012-03-09,2634.96,2649.61,2650.08,2622.26,14057431.0,dividend,中证红利,2603.4049999999997,2589.118,2490.8745,2565.835416666667,2718.3874
2012-03-12,2647.55,2635.6,2650.24,2617.58,15324726.0,dividend,中证红利,2608.0265,2593.3128,2492.9548333333337,2565.0339999999997,2715.89755
2012-03-13,2632.92,2660.88,2661.47,2630.18,13472544.0,dividend,中证红利,2614.2995,2600.3632000000002,2495.6685,2564.572833333333,2713.4228
2012-03-14,2673.95,2584.82,2682.23,2576.56,25904507.0,dividend,中证红利,2615.6005,2601.7948,2497.4155000000005,2563.4864166666666,2710.6620500000004
2012-03-15,2583.62,2569.3,2600.74,2563.76,16116558.0,dividend,中证红利,2616.675,2602.5988,2499.5405,2562.467333333333,2707.8496499999997
2012-03-16,2574.72,2603.49,2604.77,2565.78,13701838.0,dividend,中证红利,2619.4225,2604.8876,2502.5951666666665,2561.585583333333,2705.7425
2012-03-19,2596.35,2607.31,2608.93,2577.93,12111068.0,dividend,中证红利,2622.4355,2607.4532,2506.6955000000003,2560.8183333333336,2703.67805
2012-03-20,2603.32,2567.05,2603.83,2564.93,12443018.0,dividend,中证红利,2622.5370000000003,2608.7184,2509.461333333333,2559.67,2701.5623500000006
2012-03-21,2580.08,2569.76,2589.94,2551.92,12399328.0,dividend,中证红利,2621.169,2609.1567999999997,2512.442666666667,2558.950166666667,2699.4789
2012-03-22,2570.35,2569.4,2582.97,2555.22,9942632.0,dividend,中证红利,2619.549,2610.0204,2515.648,2558.0941666666668,2697.4483999999998
2012-03-23,2561.91,2543.33,2567.2,2535.47,10653584.0,dividend,中证红利,2614.5675,2609.812,2518.877,2556.375,2695.30465
2012-03-26,2543.75,2545.5,2552.62,2534.05,7626090.0,dividend,中证红利,2609.343,2609.75,2522.101666666667,2555.3020833333335,2692.9485000000004
2012-03-27,2555.49,2539.48,2559.36,2535.79,8147443.0,dividend,中证红利,2603.5780000000004,2608.7284000000004,2524.8843333333334,2554.256,2690.5479000000005
2012-03-28,2534.4,2472.66,2536.14,2469.51,12130430.0,dividend,中证红利,2595.9215,2603.75,2526.8008333333337,2552.997666666667,2687.9927500000003
2012-03-29,2463.89,2445.05,2475.2,2434.57,10628492.0,dividend,中证红利,2586.731,2597.48,2528.7679999999996,2551.2971666666667,2685.19635
2012-03-30,2450.61,2463.93,2467.55,2448.21,8793003.0,dividend,中证红利,2576.3475000000003,2590.3188,2530.9545,2549.993916666667,2682.4497
2012-04-05,2460.27,2510.98,2516.41,2446.84,13724236.0,dividend,中证红利,2569.0364999999997,2584.7584,2533.862833333333,2549.2507499999997,2679.9414500000003
2012-04-06,2507.34,2517.63,2521.88,2500.4,10799499.0,dividend,中证红利,2564.09,2579.2724000000003,2536.427,2548.6059999999998,2677.7191000000003
2012-04-09,2509.53,2493.41,2514.99,2491.37,7997286.0,dividend,中证红利,2558.799,2573.9772,2539.2845,2547.8580833333335,2675.3057
2012-04-10,2486.78,2515.17,2515.17,2460.99,9450665.0,dividend,中证红利,2553.218,2569.4296,2542.759833333333,2547.4505,2673.0960499999997
2012-04-11,2491.38,2512.14,2531.05,2486.06,9820757.0,dividend,中证红利,2546.3445,2563.0512,2545.8758333333335,2546.371166666667,2670.69835
2012-04-12,2515.01,2564.36,2564.36,2513.0,15131470.0,dividend,中证红利,2542.7825000000003,2559.3376,2548.5718333333334,2545.6201666666666,2668.6571999999996
2012-04-13,2568.19,2574.55,2589.42,2561.88,14659564.0,dividend,中证红利,2538.466,2557.6572,2550.2945000000004,2544.9809999999998,2666.94345
2012-04-16,2559.28,2568.83,2581.33,2555.4,10443800.0,dividend,中证红利,2537.6665000000003,2556.4412,2552.127333333333,2544.2477500000005,2665.3019
2012-04-17,2566.51,2536.75,2575.39,2535.46,10502659.0,dividend,中证红利,2536.0389999999998,2552.8396000000002,2553.3991666666666,2543.83075,2663.5886499999997
2012-04-18,2545.52,2592.21,2593.42,2537.94,15202419.0,dividend,中证红利,2535.475,2550.5436,2556.192,2543.926083333333,2661.9625
2012-04-19,2589.36,2586.16,2594.94,2576.69,13084901.0,dividend,中证红利,2534.4175,2548.5660000000003,2559.3985000000002,2544.49475,2660.3397499999996
2012-04-20,2583.77,2618.96,2620.69,2581.07,16783631.0,dividend,中证红利,2537.013,2546.8891999999996,2561.4043333333334,2545.493916666667,2658.6465500000004
2012-04-23,2615.75,2596.47,2621.76,2592.86,13823371.0,dividend,中证红利,2538.3485,2547.3552,2563.655,2545.7875,2656.51225
2012-04-24,2584.83,2600.88,2635.31,2557.81,18969918.0,dividend,中证红利,2539.9225,2548.6184000000003,2565.225833333333,2545.708833333333,2654.3670500000003
2012-04-25,2594.17,2617.0,2622.46,2588.54,17405420.0,dividend,中证红利,2543.606,2549.1588,2566.5571666666665,2545.6176666666665,2652.3101
2012-04-26,2623.36,2615.11,2629.19,2602.01,16088063.0,dividend,中证红利,2547.0865000000003,2549.4708,2568.711666666667,2545.447,2650.4432500000003
2012-04-27,2613.95,2604.71,2621.5,2601.96,11750746.0,dividend,中证红利,2550.348,2550.9772,2570.6183333333333,2544.788666666667,2648.32805
2012-05-02,2640.68,2658.56,2673.55,2626.94,20564321.0,dividend,中证红利,2559.643,2554.5292,2573.9481666666666,2544.6639166666664,2646.4180000000006
2012-05-03,2655.15,2664.44,2667.46,2646.92,15140199.0,dividend,中证红利,2570.6125,2558.3308,2576.4391666666666,2544.5475833333335,2644.2144
2012-05-04,2661.44,2678.97,2679.59,2645.53,15339346.0,dividend,中证红利,2581.3644999999997,2563.7564,2578.8799999999997,2544.261166666666,2642.0747499999998
2012-05-07,2661.21,2677.45,2677.64,2656.7,17686940.0,dividend,中证红利,2589.688,2569.0344,2581.3253333333337,2543.91025,2639.9613
2012-05-08,2676.31,2664.14,2677.16,2646.41,15386061.0,dividend,中证红利,2597.0135,2574.0208,2584.3173333333334,2543.312166666667,2637.8407500000003
2012-05-09,2643.4,2614.86,2643.4,2611.79,14267749.0,dividend,中证红利,2603.0860000000002,2579.7088,2585.4145,2542.4099166666665,2635.4576500000003
2012-05-10,2617.53,2615.85,2625.65,2605.73,10589731.0,dividend,中证红利,2608.12,2586.5407999999998,2586.5253333333335,2541.5281666666665,2633.08385
2012-05-11,2609.12,2596.56,2626.31,2595.52,10346253.0,dividend,中证红利,2612.341,2591.8459999999995,2587.3635,2540.310333333334,2630.9113
2012-05-14,2614.71,2578.03,2615.84,2576.11,12508231.0,dividend,中证红利,2613.0245000000004,2594.5280000000002,2587.9445,2539.335833333333,2628.4153499999998
2012-05-15,2561.95,2572.07,2573.38,2551.14,10913467.0,dividend,中证红利,2612.9005,2596.7056,2588.555333333333,2538.336333333333,2625.83915
2012-05-16,2565.15,2534.97,2570.25,2533.78,11108043.0,dividend,中证红利,2611.2074999999995,2598.368,2588.1581666666666,2536.527,2623.0370000000003
2012-05-17,2537.7,2579.29,2584.3,2535.13,11184301.0,dividend,中证红利,2613.3345,2600.9328,2588.6828333333333,2535.0950833333336,2620.52275
2012-05-18,2561.29,2541.66,2564.73,2534.07,11788355.0,dividend,中证红利,2610.807,2602.1136,2588.5681666666665,2533.941916666666,2617.9534
2012-05-21,2539.41,2547.6,2561.62,2526.14,9912786.0,dividend,中证红利,2608.879,2601.4432,2588.5773333333336,2532.869166666667,2615.42325
2012-05-22,2557.8,2582.71,2583.5,2557.21,11372433.0,dividend,中证红利,2607.0665,2601.7696,2588.8721666666665,2532.5588333333335,2613.19305
2012-05-23,2576.54,2575.87,2589.73,2557.96,11644929.0,dividend,中证红利,2606.0365,2602.0512,2588.5179999999996,2532.1936666666666,2610.87795
2012-05-24,2572.7,2554.49,2584.62,2548.52,10569923.0,dividend,中证红利,2603.7169999999996,2602.7608,2587.7295000000004,2531.715583333333,2608.9185
2012-05-25,2552.95,2536.9,2559.35,2529.12,9215294.0,dividend,中证红利,2599.712,2600.5484,2585.9618333333337,2531.294,2606.84945
2012-05-28,2525.07,2567.32,2567.48,2509.45,13800007.0,dividend,中证红利,2597.3224999999998,2599.7948,2584.584,2531.1191666666664,2604.8194
2012-05-29,2565.13,2599.09,2606.32,2562.97,17486918.0,dividend,中证红利,2597.0415,2599.0,2583.6558333333332,2531.37325,2603.0110999999997
2012-05-30,2595.37,2592.05,2600.86,2585.24,12802885.0,dividend,中证红利,2593.716,2598.8232000000003,2583.0935,2531.51225,2601.2142
2012-05-31,2572.99,2580.99,2594.05,2567.2,11189026.0,dividend,中证红利,2589.5434999999998,2598.0276,2582.2956666666664,2531.2765,2599.31945
2012-06-01,2581.08,2581.4,2598.86,2571.53,10356017.0,dividend,中证红利,2584.665,2596.6036,2580.7923333333333,2531.7335000000003,2597.55185
2012-06-04,2548.28,2509.97,2553.71,2509.75,13513716.0,dividend,中证红利,2576.291,2592.3979999999997,2578.3385,2531.161,2595.4541999999997
2012-06-05,2516.89,2513.04,2526.76,2503.3,9699607.0,dividend,中证红利,2568.736,2588.7312,2576.613166666667,2530.903083333333,2593.354
2012-06-06,2516.21,2506.67,2524.87,2497.42,8472497.0,dividend,中证红利,2563.3265,2582.6556,2575.0705000000003,2530.8569166666666,2591.5576499999997
2012-06-07,2520.0,2484.36,2523.28,2479.54,8536806.0,dividend,中证红利,2556.752,2575.4524,2572.6966666666663,2530.6513333333337,2590.2448999999997
2012-06-08,2498.12,2466.24,2498.69,2462.52,11109823.0,dividend,中证红利,2550.236,2566.9431999999997,2569.6405000000004,2530.2575,2588.85415
2012-06-11,2464.75,2489.8,2496.04,2458.98,9121894.0,dividend,中证红利,2545.8244999999997,2559.4372,2567.2105,2530.0826666666667,2587.4610000000002
2012-06-12,2477.07,2465.27,2480.14,2455.01,9433313.0,dividend,中证红利,2540.4844999999996,2551.4824,2563.950333333333,2529.8094166666665,2585.7481
2012-06-13,2470.85,2498.49,2499.31,2459.44,12257676.0,dividend,中证红利,2538.6605000000004,2546.8276,2562.5115,2529.9635,2584.1498
2012-06-14,2485.62,2474.98,2498.59,2473.54,10927094.0,dividend,中证红利,2533.445,2541.1928,2560.9395,2530.24,2582.2516
2012-06-15,2481.39,2492.96,2500.34,2464.46,10508818.0,dividend,中证红利,2531.0099999999998,2537.0488,2559.0973333333336,2530.84625,2580.5320500000003
2012-06-18,2502.24,2503.99,2515.69,2498.18,8564788.0,dividend,中证红利,2528.8295,2534.0872,2557.375333333333,2532.0354166666666,2578.8988
2012-06-19,2501.01,2485.79,2501.74,2483.87,7968701.0,dividend,中证红利,2523.9835,2530.636,2556.021,2532.7411666666667,2577.41115
2012-06-20,2491.0,2483.43,2497.45,2481.0,6757881.0,dividend,中证红利,2519.3615,2528.5744,2554.5821666666666,2533.512416666667,2576.08025
2012-06-21,2477.68,2437.79,2477.68,2431.89,9980564.0,dividend,中证红利,2513.5265,2522.9144,2552.3886666666667,2534.0183333333334,2574.6474000000003
2012-06-25,2427.05,2393.65,2427.05,2392.04,9998873.0,dividend,中证红利,2506.364,2516.994,2549.8940000000002,2534.3855,2572.78325
2012-06-26,2384.04,2393.15,2400.5,2376.45,7773948.0,dividend,中证红利,2497.6555,2510.8160000000003,2547.3548333333333,2534.72825,2570.95685
2012-06-27,2391.16,2383.36,2403.32,2380.07,6833366.0,dividend,中证红利,2486.869,2502.842,2544.752833333333,2534.818583333333,2568.6334
2012-06-28,2388.28,2361.88,2392.62,2360.93,7517273.0,dividend,中证红利,2475.3605,2494.2824,2542.9064999999996,2534.853666666667,2566.23705
2012-06-29,2355.58,2394.1,2396.07,2353.98,9496744.0,dividend,中证红利,2466.016,2487.8668,2542.057333333333,2535.4126666666666,2564.2065
2012-07-02,2405.45,2388.62,2405.45,2379.91,9365071.0,dividend,中证红利,2456.377,2481.9356,2540.802166666667,2535.8783333333336,2562.18145
2012-07-03,2389.12,2389.58,2406.22,2380.17,9169938.0,dividend,中证红利,2450.3575,2474.826,2538.7788333333333,2536.320833333333,2560.12915
2012-07-04,2395.87,2391.79,2402.41,2385.45,7082736.0,dividend,中证红利,2444.2949999999996,2466.534,2536.6814999999997,2536.55425,2558.1569999999997
2012-07-05,2380.73,2356.07,2380.8,2348.16,8352664.0,dividend,中证红利,2436.7650000000003,2457.0948000000003,2534.3925,2536.8385,2556.16075
2012-07-06,2355.19,2380.7,2386.44,2336.58,12640793.0,dividend,中证红利,2431.582,2449.0832,2532.1513333333337,2537.455583333334,2554.5964
2012-07-09,2364.39,2316.02,2369.31,2313.31,11977652.0,dividend,中证红利,2424.071,2438.468,2528.8826666666664,2537.37925,2552.8005000000003
2012-07-10,2312.51,2310.77,2327.41,2305.74,9061445.0,dividend,中证红利,2415.1195,2430.5,2524.6561666666666,2536.614,2550.6955
2012-07-11,2307.27,2330.64,2330.93,2306.66,9368079.0,dividend,中证红利,2408.388,2423.2039999999997,2520.591,2535.44275,2548.7675999999997
2012-07-12,2325.37,2353.33,2363.18,2308.87,14835662.0,dividend,中证红利,2401.13,2417.0704,2516.999333333333,2534.563333333333,2546.9583
2012-07-13,2345.3,2352.19,2368.02,2341.72,9211902.0,dividend,中证红利,2394.9905,2411.7835999999998,2513.923333333333,2533.6612499999997,2545.2613
2012-07-16,2356.11,2317.42,2356.11,2316.79,9744131.0,dividend,中证红利,2386.2135000000003,2405.8308,2509.3435000000004,2532.76775,2543.3019
2012-07-17,2312.4,2339.05,2348.23,2312.36,8468488.0,dividend,中证红利,2377.9665,2399.8008,2505.225,2532.3117500000003,2541.50025
2012-07-18,2336.42,2348.46,2349.11,2313.81,9146811.0,dividend,中证红利,2371.1,2395.1284,2500.7166666666667,2531.0605,2539.7183
2012-07-19,2341.02,2354.59,2373.23,2334.86,12012000.0,dividend,中证红利,2364.6580000000004,2389.3724,2496.6853333333333,2530.1701666666663,2538.2105500000002
2012-07-20,2348.21,2328.55,2350.03,2323.73,8824796.0,dividend,中证红利,2359.196,2383.5152,2492.1465000000003,2528.6861666666664,2536.4927000000002
2012-07-23,2312.59,2291.45,2312.59,2282.49,8633843.0,dividend,中证红利,2354.0860000000002,2375.4548,2486.720666666667,2526.6389166666663,2534.2018000000003
2012-07-24,2279.61,2297.45,2311.33,2278.6,7882758.0,dividend,中证红利,2349.301,2367.1932,2481.4263333333333,2525.0690000000004,2532.3178
2012-07-25,2290.72,2282.38,2304.1,2280.27,5842402.0,dividend,中证红利,2344.252,2359.0568000000003,2476.054166666667,2523.3362500000003,2530.40465
2012-07-26,2281.53,2273.68,2296.53,2271.59,6463516.0,dividend,中证红利,2339.8419999999996,2350.6668,2469.6394999999998,2521.7938333333336,2528.6547499999997
2012-07-27,2281.42,2280.95,2298.14,2274.33,7698888.0,dividend,中证红利,2334.1845000000003,2344.3932,2463.248,2519.8435833333338,2526.8139499999997
2012-07-30,2283.3,2270.86,2294.64,2268.74,7433875.0,dividend,中证红利,2328.2965,2339.4816,2456.4461666666666,2517.6630833333334,2525.0666499999998
2012-07-31,2272.97,2271.36,2285.68,2266.71,7263396.0,dividend,中证红利,2322.3855,2334.61,2449.678,2515.5016666666666,2523.42265
2012-08-01,2270.73,2293.2,2300.1,2270.24,7839694.0,dividend,中证红利,2317.4559999999997,2331.0036,2443.495666666667,2513.9064999999996,2521.9136500000004
2012-08-02,2285.67,2273.24,2292.07,2264.56,7660589.0,dividend,中证红利,2313.3144999999995,2327.458,2437.802,2511.6082499999998,2520.36405
2012-08-03,2278.16,2290.91,2291.08,2272.46,6889760.0,dividend,中证红利,2308.825,2323.3304000000003,2432.3863333333334,2509.4558333333334,2518.9982
2012-08-06,2288.93,2314.64,2318.13,2287.27,9723663.0,dividend,中证红利,2308.7560000000003,2320.3712,2427.6876666666662,2507.5255833333335,2517.3631
2012-08-07,2311.71,2313.22,2315.53,2304.95,8821667.0,dividend,中证红利,2308.8785,2317.3168,2423.2741666666666,2505.6093333333333,2515.6567999999997
2012-08-08,2316.63,2317.83,2326.9,2311.57,8310439.0,dividend,中证红利,2308.238,2314.3584,2419.0368333333336,2503.7960833333336,2513.9897
2012-08-09,2317.9,2330.75,2331.71,2304.3,7910802.0,dividend,中证红利,2307.1089999999995,2313.3456,2415.633166666667,2501.895666666667,2512.35935
2012-08-10,2333.27,2324.64,2338.17,2321.71,8212605.0,dividend,中证红利,2305.7315000000003,2311.1032,2411.389,2500.0359166666667,2511.0486
2012-08-13,2320.8,2279.05,2320.97,2277.79,10936076.0,dividend,中证红利,2303.8129999999996,2309.6244,2407.012166666667,2497.7901666666667,2509.54
2012-08-14,2279.91,2283.71,2285.22,2259.41,9165104.0,dividend,中证红利,2301.046,2308.542,2402.614,2495.5956666666666,2508.36895
2012-08-15,2279.15,2254.08,2279.15,2252.64,6737939.0,dividend,中证红利,2296.327,2305.4796,2397.136833333333,2493.0045,2507.14405
2012-08-16,2250.97,2248.07,2259.25,2245.74,5401735.0,dividend,中证红利,2291.0009999999997,2301.2691999999997,2391.6735,2490.09575,2505.5782
2012-08-17,2247.38,2249.5,2254.11,2235.8,5492161.0,dividend,中证红利,2287.0485,2297.1616,2386.590333333333,2487.1599166666665,2503.7741
2012-08-20,2232.68,2239.03,2244.17,2221.35,5716308.0,dividend,中证红利,2284.4275,2294.026,2381.625833333333,2483.7938333333336,2501.8295500000004
2012-08-21,2238.6,2247.25,2256.13,2232.43,7506971.0,dividend,中证红利,2281.9175,2290.354,2376.2913333333336,2480.4376666666662,2499.88785
2012-08-22,2248.35,2238.3,2251.88,2229.7,7251283.0,dividend,中证红利,2279.7135,2285.9476,2370.278166666666,2476.9669999999996,2497.6607999999997
2012-08-23,2239.12,2242.05,2252.02,2229.46,7003412.0,dividend,中证红利,2278.132,2281.446,2364.4448333333335,2473.7691666666665,2495.5034
2012-08-24,2234.48,2218.83,2237.08,2217.66,6704815.0,dividend,中证红利,2275.026,2277.0572,2358.4088333333334,2470.3522499999995,2493.20555
2012-08-27,2213.75,2172.27,2213.96,2171.73,8604220.0,dividend,中证红利,2270.0965,2272.29,2351.5899999999997,2466.1911666666665,2490.5002000000004
2012-08-28,2173.17,2190.39,2202.66,2171.0,9876486.0,dividend,中证红利,2266.048,2268.0076,2346.2636666666667,2462.3010833333333,2487.85435
2012-08-29,2181.82,2169.64,2192.82,2169.0,7661116.0,dividend,中证红利,2259.87,2263.498,2340.5403333333334,2458.57675,2485.0229999999997
2012-08-30,2158.33,2175.38,2181.72,2154.06,9452668.0,dividend,中证红利,2254.977,2259.5660000000003,2335.0188333333335,2455.044666666667,2482.2842499999997
2012-08-31,2169.93,2168.27,2180.32,2167.64,6111882.0,dividend,中证红利,2248.8450000000003,2255.0588000000002,2329.750666666667,2451.2236666666663,2479.5173
2012-09-03,2164.45,2180.97,2190.75,2161.1,9449916.0,dividend,中证红利,2242.1614999999997,2251.4632,2324.9961666666663,2447.3183333333336,2476.70865
2012-09-04,2182.06,2156.7,2185.15,2151.92,8204152.0,dividend,中证红利,2234.3355,2246.8768,2319.4444999999996,2443.3275,2474.0173
2012-09-05,2151.93,2145.61,2157.03,2135.02,7795904.0,dividend,中证红利,2225.7245000000003,2240.9732,2314.1168333333335,2439.0335833333334,2471.2853
2012-09-06,2148.94,2159.03,2160.95,2142.02,7164769.0,dividend,中证红利,2217.1385,2236.4048000000003,2308.4591666666665,2435.485333333333,2468.32
2012-09-07,2173.19,2253.37,2273.4,2173.19,23381959.0,dividend,中证红利,2213.575,2234.9032,2304.7656666666667,2432.8525833333333,2465.83125
2012-09-10,2254.13,2260.05,2267.1,2245.81,15761175.0,dividend,中证红利,2212.625,2232.7196,2300.8838333333333,2429.9905833333337,2463.7313
2012-09-11,2250.46,2248.61,2250.46,2230.17,11208211.0,dividend,中证红利,2210.87,2230.1351999999997,2296.6275,2427.0014166666665,2461.5926999999997
2012-09-12,2259.54,2254.18,2268.64,2234.51,11552825.0,dividend,中证红利,2210.875,2227.5892000000003,2292.7673333333328,2424.3941666666665,2459.76385
2012-09-13,2252.82,2238.32,2259.87,2238.32,10092775.0,dividend,中证红利,2210.3875,2223.892,2288.6821666666665,2421.6321666666668,2457.857
2012-09-14,2256.98,2257.25,2270.71,2242.68,13360947.0,dividend,中证红利,2210.775,2221.1964,2285.6731666666665,2419.030916666667,2456.0839499999997
2012-09-17,2252.9,2207.48,2254.48,2206.11,10293423.0,dividend,中证红利,2209.1975,2218.3336,2282.5703333333336,2416.2321666666667,2454.1839
2012-09-18,2200.27,2185.8,2202.22,2180.78,7666029.0,dividend,中证红利,2206.125,2214.4172,2279.1145,2413.2346666666663,2452.1714
2012-09-19,2186.14,2191.78,2196.64,2180.13,7794179.0,dividend,中证红利,2203.799,2211.9252,2275.9215,2410.3371666666667,2450.2873
2012-09-20,2184.67,2147.6,2184.67,2146.66,9988904.0,dividend,中证红利,2199.0765,2207.9064000000003,2272.3501666666666,2407.628333333333,2448.14845
2012-09-21,2143.57,2153.71,2169.31,2142.19,8385745.0,dividend,中证红利,2195.8205000000003,2204.0748000000003,2268.3436666666666,2405.2005,2445.8706
2012-09-24,2139.89,2164.3,2175.35,2129.15,9070693.0,dividend,中证红利,2195.422,2201.0856,2264.6050000000005,2402.7035833333334,2444.0593000000003
2012-09-25,2159.97,2163.77,2175.87,2155.77,7835457.0,dividend,中证红利,2194.091,2197.7464,2260.8415,2399.810166666667,2441.9847999999997
2012-09-26,2162.61,2143.02,2169.64,2139.88,7186301.0,dividend,中证红利,2192.7599999999998,2193.9352,2256.6953333333336,2396.6884166666664,2439.97995
2012-09-27,2144.36,2209.71,2227.72,2144.23,14097215.0,dividend,中证红利,2194.4764999999998,2192.6416,2254.2560000000003,2394.3242499999997,2438.46745
2012-09-28,2193.41,2242.93,2246.58,2191.22,14529138.0,dividend,中证红利,2198.2095,2193.6056,2251.9598333333333,2392.0555833333333,2437.13695
2012-10-08,2240.6,2224.8,2254.81,2212.38,8963856.0,dividend,中证红利,2200.4010000000003,2195.7068,2250.4395,2389.661083333333,2435.69345
2012-10-09,2237.16,2268.59,2279.23,2237.16,13655779.0,dividend,中证红利,2205.9955,2198.8348,2249.7365,2387.1963333333333,2434.4825
2012-10-10,2264.28,2269.55,2271.9,2252.97,10415148.0,dividend,中证红利,2212.1925,2202.8312,2248.7183333333332,2384.654666666667,2433.33995
2012-10-11,2263.48,2247.98,2267.25,2246.87,10047801.0,dividend,中证红利,2216.6400000000003,2205.7352,2246.9625,2381.9809166666664,2432.17985
2012-10-12,2256.22,2254.35,2277.48,2237.49,9487817.0,dividend,中证红利,2216.689,2209.1784,2245.331833333333,2379.6275833333334,2431.2425999999996
2012-10-15,2255.25,2249.71,2258.22,2234.25,6981440.0,dividend,中证红利,2216.172,2211.9280000000003,2244.2033333333334,2376.7734166666673,2430.3901
2012-10-16,2248.39,2248.54,2265.45,2240.75,7574347.0,dividend,中证红利,2216.1685,2215.6016,2242.6948333333335,2373.9599166666667,2429.82635
2012-10-17,2256.11,2255.42,2267.59,2236.9,8461752.0,dividend,中证红利,2216.2305,2219.994,2241.1441666666665,2370.9304166666666,2429.0979500000003
2012-10-18,2261.24,2285.28,2291.55,2259.68,12454230.0,dividend,中证红利,2218.5785,2225.044,2239.989,2368.3371666666667,2428.56995
2012-10-19,2285.0,2276.18,2289.63,2274.7,8429379.0,dividend,中证红利,2219.525,2225.9564,2239.1161666666667,2365.6313333333333,2428.06545
2012-10-22,2267.23,2287.46,2293.95,2263.35,7778024.0,dividend,中证红利,2223.524,2227.0528,2239.0496666666663,2362.8851666666665,2427.7548
2012-10-23,2287.18,2260.24,2292.2,2257.42,9083333.0,dividend,中证红利,2227.246,2227.518,2238.4295,2359.927916666667,2427.2959
2012-10-24,2252.32,2258.6,2269.34,2251.26,8796705.0,dividend,中证红利,2230.587,2227.6948,2238.0331666666666,2357.0436666666665,2426.7263
2012-10-25,2257.0,2241.5,2272.63,2240.37,10188701.0,dividend,中证红利,2235.282,2227.822,2237.496833333333,2353.5681666666665,2426.14545
2012-10-26,2242.7,2209.9,2245.68,2200.44,9606208.0,dividend,中证红利,2238.0915,2225.9280000000003,2236.3126666666667,2349.7803333333336,2425.5598499999996
2012-10-29,2205.03,2197.64,2210.82,2189.42,7688318.0,dividend,中证红利,2239.7585,2225.5344,2235.0923333333335,2345.76925,2424.88435
2012-10-30,2198.28,2201.97,2217.32,2191.64,7817916.0,dividend,中证红利,2241.6685,2226.1812000000004,2233.9358333333334,2341.806916666667,2424.2118
2012-10-31,2202.08,2213.34,2214.65,2193.97,8262841.0,dividend,中证红利,2245.1845000000003,2227.0436,2232.604833333333,2338.05025,2423.4596
2012-11-01,2214.41,2253.33,2260.29,2214.29,12729616.0,dividend,中证红利,2247.3655,2231.2728,2232.273,2335.0375,2423.11645
2012-11-02,2254.35,2266.62,2269.42,2245.37,10848893.0,dividend,中证红利,2248.55,2235.7891999999997,2231.8681666666666,2332.1272499999995,2422.9163
2012-11-05,2264.01,2265.33,2279.64,2257.6,9822756.0,dividend,中证红利,2250.5765,2239.8304,2231.046333333333,2329.3669999999997,2422.61705
2012-11-06,2266.58,2257.55,2268.96,2226.91,9727453.0,dividend,中证红利,2250.0245,2243.5816,2230.1185,2326.6963333333333,2421.8918000000003
2012-11-07,2254.31,2252.92,2264.6,2240.27,8027101.0,dividend,中证红利,2249.193,2247.9776,2229.0366666666664,2324.0367499999998,2420.80045
2012-11-08,2236.56,2211.83,2237.99,2211.63,8745148.0,dividend,中证红利,2247.3855,2248.0624,2227.0546666666664,2321.3439166666667,2419.5653
2012-11-09,2208.06,2206.79,2216.67,2200.68,7760333.0,dividend,中证红利,2245.0075,2246.6168000000002,2225.0905,2318.2397499999997,2418.2970499999997
2012-11-12,2210.03,2219.91,2220.61,2202.77,8213686.0,dividend,中证红利,2243.5175,2246.4211999999998,2224.104833333333,2315.5585,2417.2734
2012-11-13,2219.76,2184.23,2219.77,2178.2,8873069.0,dividend,中证红利,2240.302,2243.0468,2222.4468333333334,2312.5304166666665,2416.2257
2012-11-14,2184.16,2195.24,2196.56,2178.53,6616055.0,dividend,中证红利,2237.293,2240.0744,2221.4661666666666,2309.3015,2414.70885
2012-11-15,2183.73,2166.31,2192.18,2165.83,6918125.0,dividend,中证红利,2231.3445,2236.8075999999996,2220.1034999999997,2305.8885,2413.23325
2012-11-16,2163.02,2152.7,2167.07,2141.05,7841937.0,dividend,中证红利,2225.1705,2232.7416,2218.490166666667,2302.54025,2411.4636
2012-11-19,2151.98,2156.48,2157.31,2135.39,7304377.0,dividend,中证红利,2218.6215,2229.0124,2217.1143333333334,2299.3700833333337,2409.5604000000003
2012-11-20,2160.75,2144.27,2163.73,2142.11,6372532.0,dividend,中证红利,2212.823,2224.8416,2215.398,2295.8446666666664,2407.85255
2012-11-21,2145.28,2171.96,2172.45,2134.68,7725399.0,dividend,中证红利,2208.491,2221.5032,2214.2923333333333,2292.28525,2406.2608
2012-11-22,2161.27,2156.54,2164.24,2150.95,6281773.0,dividend,中证红利,2204.243,2216.3536000000004,2212.8671666666664,2288.656,2404.7496499999997
2012-11-23,2165.33,2172.45,2179.93,2159.29,7683453.0,dividend,中证红利,2202.3705,2212.2044,2212.0941666666668,2285.2515,2403.0370000000003
2012-11-26,2165.46,2158.84,2170.46,2155.92,6041772.0,dividend,中证红利,2200.4305,2207.0596,2211.8703333333333,2281.7301666666667,2401.1686
2012-11-27,2152.66,2135.12,2156.92,2134.53,9037388.0,dividend,中证红利,2197.0879999999997,2202.0548,2210.9491666666668,2278.606416666667,2399.19055
2012-11-28,2129.78,2121.6,2132.43,2117.41,7647534.0,dividend,中证红利,2192.5009999999997,2196.5748,2210.1485000000002,2275.344416666667,2397.37545
2012-11-29,2122.29,2101.96,2131.95,2100.35,7985978.0,dividend,中证红利,2184.9325,2190.9932,2208.924833333333,2271.9718333333335,2395.1400999999996
2012-11-30,2101.13,2122.62,2124.47,2094.89,8964330.0,dividend,中证红利,2177.7325,2187.502,2208.1639999999998,2268.9573333333333,2393.0072
2012-12-03,2120.41,2095.63,2130.78,2094.38,8921855.0,dividend,中证红利,2169.2475,2183.4215999999997,2206.741666666667,2265.868916666667,2390.754
2012-12-04,2094.52,2116.31,2121.41,2089.1,8789139.0,dividend,中证红利,2162.1855,2179.9952,2206.0685,2262.7565000000004,2388.6197
2012-12-05,2115.72,2188.24,2198.43,2113.71,20832317.0,dividend,中证红利,2158.9515,2178.9912,2206.779,2260.4479166666665,2386.8837999999996
2012-12-06,2185.6,2188.37,2197.46,2176.35,13063335.0,dividend,中证红利,2157.7785,2176.3928,2207.2679999999996,2257.8635833333333,2385.03165
2012-12-07,2190.13,2233.74,2238.97,2185.68,19425845.0,dividend,中证红利,2159.1259999999997,2175.0776,2206.9408333333336,2255.85325,2383.4613
2012-12-10,2243.49,2254.46,2259.98,2238.74,18593142.0,dividend,中证红利,2160.8535,2174.6428,2206.847666666667,2253.86575,2381.9909
2012-12-11,2246.81,2245.71,2259.84,2237.34,12407781.0,dividend,中证红利,2163.9275,2174.1692,2206.7993333333334,2251.7134166666665,2380.4842000000003
2012-12-12,2246.31,2252.04,2263.08,2236.44,10686904.0,dividend,中证红利,2166.7675,2174.134,2206.7636666666667,2249.7655,2378.9193
2012-12-13,2244.96,2227.79,2250.61,2226.84,9832368.0,dividend,中证红利,2169.8415,2174.7724,2206.588166666667,2247.6351666666665,2377.07265
2012-12-14,2232.4,2341.72,2344.72,2232.4,26858069.0,dividend,中证红利,2179.2925,2180.1695999999997,2207.996,2246.8345833333337,2375.77225
2012-12-17,2347.03,2356.29,2371.48,2343.28,21473277.0,dividend,中证红利,2189.2830000000004,2185.6248,2210.476166666667,2246.5232499999997,2374.3388999999997
2012-12-18,2350.95,2359.99,2391.15,2340.65,19583122.0,dividend,中证红利,2200.069,2192.6551999999997,2213.3793333333333,2246.2469166666665,2372.8889
2012-12-19,2358.01,2364.72,2381.31,2353.34,14856884.0,dividend,中证红利,2209.707,2199.4344,2216.2616666666668,2246.091583333334,2371.4386
2012-12-20,2354.92,2375.14,2384.71,2341.48,14638119.0,dividend,中证红利,2220.6369999999997,2207.7876,2220.0539999999996,2246.202083333333,2370.18535
2012-12-21,2378.0,2356.82,2400.54,2353.06,17151346.0,dividend,中证红利,2229.8555,2215.9524,2223.4391666666666,2245.8914166666664,2368.82515
2012-12-24,2357.27,2371.53,2390.86,2356.14,12838294.0,dividend,中证红利,2240.49,2224.5544,2226.8929999999996,2245.7490000000003,2367.3248
2012-12-25,2365.25,2444.26,2452.96,2358.97,24070906.0,dividend,中证红利,2255.947,2236.554,2231.5678333333335,2246.2046666666665,2366.2601
2012-12-26,2439.93,2448.07,2450.35,2435.67,17620827.0,dividend,中证红利,2272.2705,2247.5984,2236.652,2246.6736666666666,2365.4176500000003
2012-12-27,2454.91,2434.65,2469.91,2433.0,18043110.0,dividend,中证红利,2288.9049999999997,2258.7228,2240.401,2247.3285,2364.59475
2012-12-28,2440.31,2480.31,2481.81,2438.28,17907083.0,dividend,中证红利,2306.7895,2271.0372,2244.3573333333334,2248.158583333333,2363.8623500000003
2012-12-31,2484.25,2530.56,2530.93,2484.25,22010427.0,dividend,中证红利,2328.536,2285.906,2249.4533333333334,2249.9464166666667,2363.2671
2013-01-04,2562.03,2533.88,2570.6,2509.51,36321105.0,dividend,中证红利,2349.4145,2301.8564,2253.8748333333338,2251.8056666666666,2362.7585
2013-01-07,2528.33,2557.83,2570.52,2522.0,26434191.0,dividend,中证红利,2367.894,2319.3056,2258.6794999999997,2253.6989166666667,2362.24325
2013-01-08,2558.14,2539.62,2565.3,2520.78,25667137.0,dividend,中证红利,2385.4565,2336.812,2263.5401666666667,2255.2513333333336,2362.01725
2013-01-09,2529.15,2536.05,2544.77,2514.14,24588248.0,dividend,中证红利,2400.572,2353.3492,2268.235166666667,2256.7835,2361.851
2013-01-10,2535.78,2539.1,2562.29,2523.79,24566526.0,dividend,中证红利,2414.804,2371.088,2273.058333333333,2258.630833333333,2361.52905
2013-01-11,2540.87,2488.88,2546.63,2477.5,25424412.0,dividend,中证红利,2426.9625,2385.9908,2277.064,2259.879416666666,2360.9369
2013-01-14,2480.22,2589.42,2596.9,2480.22,34260034.0,dividend,中证红利,2443.8315,2402.038,2282.6306666666665,2261.8874166666665,2361.04875
2013-01-15,2588.22,2595.64,2605.6,2581.77,30740092.0,dividend,中证红利,2462.2239999999997,2418.3288000000002,2287.803333333333,2263.8961666666664,2361.17815
2013-01-16,2591.47,2563.55,2595.0,2531.51,27902327.0,dividend,中证红利,2473.3154999999997,2431.5212,2292.5928333333336,2265.8545000000004,2361.1488999999997
2013-01-17,2557.37,2545.13,2565.06,2528.42,23272703.0,dividend,中证红利,2482.7574999999997,2443.1479999999997,2296.8873333333336,2267.9685000000004,2361.1579
2013-01-18,2561.6,2585.71,2601.3,2547.38,26838572.0,dividend,中证红利,2494.0435,2456.748,2302.311833333333,2270.3706666666667,2361.3589500000003
2013-01-21,2592.66,2610.98,2611.92,2571.24,30960977.0,dividend,中证红利,2506.3565,2471.1056,2308.1848333333337,2273.109,2361.71645
2013-01-22,2606.73,2604.44,2630.66,2582.66,40881099.0,dividend,中证红利,2517.8215,2486.1716,2314.233833333333,2275.865333333333,2362.3753500000003
2013-01-23,2594.02,2617.53,2618.31,2580.7,29131131.0,dividend,中证红利,2530.857,2497.2039999999997,2321.027666666667,2278.6701666666663,2363.2377500000002
2013-01-24,2617.48,2602.12,2685.23,2581.21,44701869.0,dividend,中证红利,2542.3865,2507.0372,2327.7690000000002,2281.4306666666666,2363.9287000000004
2013-01-25,2602.79,2590.99,2609.86,2586.77,21105186.0,dividend,中证红利,2549.723,2516.2772,2334.2526666666668,2284.09425,2364.32875
2013-01-28,2599.69,2691.19,2691.91,2599.69,38174469.0,dividend,中证红利,2561.879,2529.3360000000002,2342.2168333333334,2287.4108333333334,2365.19655
2013-01-29,2693.77,2725.57,2742.14,2678.92,40314787.0,dividend,中证红利,2576.425,2543.3532,2350.0875,2291.18025,2366.35735
2013-01-30,2728.62,2737.06,2738.35,2705.54,40717514.0,dividend,中证红利,2589.2625,2558.5628,2357.9281666666666,2294.8981666666664,2367.4668
2013-01-31,2739.28,2747.54,2751.14,2719.13,37649028.0,dividend,中证红利,2600.1115,2573.6032,2365.9649999999997,2298.5056666666665,2368.6438
2013-02-01,2737.24,2827.14,2830.3,2729.99,40731038.0,dividend,中证红利,2614.7745,2588.9184,2375.4581666666663,2302.788333333333,2369.9577000000004
2013-02-04,2834.99,2838.89,2870.58,2818.51,50833981.0,dividend,中证红利,2628.8275000000003,2604.5512,2385.2243333333336,2307.1304999999998,2371.2794
2013-02-05,2812.71,2846.05,2855.04,2807.46,42074746.0,dividend,中证红利,2644.1490000000003,2621.0072,2395.7946666666667,2311.4246666666663,2372.6655
2013-02-06,2844.58,2849.3,2862.28,2831.19,31589460.0,dividend,中证红利,2659.8115,2635.7668,2406.503166666667,2315.7968333333333,2374.22825
2013-02-07,2844.61,2802.76,2848.05,2757.61,38987691.0,dividend,中证红利,2672.9945,2646.6548,2416.2173333333335,2320.161083333333,2375.281
2013-02-08,2795.34,2792.69,2816.06,2771.98,31102303.0,dividend,中证红利,2688.1850000000004,2657.0071999999996,2426.358333333333,2324.4025833333335,2376.31365
2013-02-18,2809.37,2770.0,2814.81,2767.15,29599883.0,dividend,中证红利,2697.2140000000004,2665.494,2435.9376666666667,2328.7019166666664,2377.06885
2013-02-19,2767.61,2736.57,2778.03,2725.94,29657883.0,dividend,中证红利,2704.2605,2673.3720000000003,2445.4420000000005,2332.7727499999996,2377.76935
2013-02-20,2738.43,2736.21,2741.02,2695.85,29316513.0,dividend,中证红利,2712.8935,2681.3783999999996,2455.1671666666666,2336.828666666667,2378.446
2013-02-21,2709.35,2628.51,2709.35,2601.37,42494669.0,dividend,中证红利,2717.0625000000005,2684.9548,2463.0343333333335,2340.0743333333335,2378.50355
2013-02-22,2626.07,2600.31,2633.98,2593.45,24284493.0,dividend,中证红利,2717.7925,2689.4120000000003,2470.635,2343.0165,2378.42955
2013-02-25,2614.17,2620.09,2641.51,2605.83,21978462.0,dividend,中证红利,2718.248,2690.6388,2478.1038333333336,2346.1980833333337,2378.5064500000003
2013-02-26,2599.41,2588.94,2659.47,2586.56,35535597.0,dividend,中证红利,2717.473,2690.3708,2485.3105,2349.0888333333332,2378.15835
2013-02-27,2597.24,2624.58,2646.67,2595.66,26097346.0,dividend,中证红利,2717.8255,2692.812,2492.8459999999995,2352.4700833333336,2377.95905
2013-02-28,2644.15,2712.25,2713.67,2620.04,34959682.0,dividend,中证红利,2723.332,2699.4968,2502.0694999999996,2356.969916666667,2378.12545
2013-03-01,2711.2,2704.47,2720.54,2655.84,29081310.0,dividend,中证红利,2729.0060000000003,2704.2472,2511.5586666666663,2361.2539166666666,2378.26055
2013-03-04,2657.27,2575.15,2659.76,2555.65,44038888.0,dividend,中证红利,2723.204,2702.8140000000003,2519.117833333333,2364.6331666666665,2377.8156
2013-03-05,2578.84,2685.24,2687.97,2578.59,37258230.0,dividend,中证红利,2721.1875,2706.046,2528.8391666666666,2368.8819999999996,2378.1675
2013-03-06,2698.28,2712.17,2725.54,2674.4,35703593.0,dividend,中证红利,2719.943,2709.8316000000004,2538.665,2373.4145,2378.6491
2013-03-07,2699.8,2673.23,2722.53,2645.61,34077671.0,dividend,中证红利,2716.2275,2712.676,2548.2916666666665,2377.516666666667,2379.03245
2013-03-08,2675.98,2667.83,2688.84,2655.17,21674106.0,dividend,中证红利,2708.2619999999997,2715.7496,2557.4836666666665,2381.776083333333,2379.4814499999998
2013-03-11,2662.69,2638.26,2663.87,2618.72,19742923.0,dividend,中证红利,2698.2305,2713.6324,2564.984,2385.8815,2379.8124000000003
2013-03-12,2635.19,2592.09,2663.19,2568.48,28324368.0,dividend,中证红利,2685.5325000000003,2708.2932,2571.712666666667,2389.4903333333336,2380.098
2013-03-13,2589.0,2567.68,2598.81,2556.08,21014172.0,dividend,中证红利,2671.4515,2701.518,2577.278333333333,2392.1095833333334,2380.03995
2013-03-14,2560.67,2577.33,2592.84,2553.2,18677384.0,dividend,中证红利,2660.18,2694.7096,2582.6595,2394.753583333333,2380.2183
2013-03-15,2577.46,2589.29,2658.81,2550.38,30860116.0,dividend,中证红利,2650.0099999999998,2685.1956,2588.3858333333337,2397.592583333333,2380.42675
2013-03-18,2577.61,2555.56,2600.13,2552.44,22680624.0,dividend,中证红利,2639.2879999999996,2673.8624,2593.4445,2400.104083333333,2380.291
2013-03-19,2559.59,2586.03,2591.08,2547.09,20552219.0,dividend,中证红利,2631.761,2663.4615999999996,2599.4151666666667,2403.0016666666666,2380.3418
2013-03-20,2588.73,2680.1,2680.55,2587.44,34981688.0,dividend,中证红利,2628.9555,2656.6936,2605.054833333333,2406.5254166666664,2380.96985
2013-03-21,2680.63,2679.44,2692.21,2662.4,25309380.0,dividend,中证红利,2631.5019999999995,2651.7608,2610.440666666667,2410.458416666667,2381.6825499999995
2013-03-22,2677.13,2680.53,2691.26,2666.0,20178837.0,dividend,中证红利,2635.513,2647.2744000000002,2615.783,2414.5811666666664,2382.2486000000004
2013-03-25,2693.08,2672.02,2709.96,2668.15,20732361.0,dividend,中证红利,2638.1095,2643.3552,2620.904666666667,2418.5831666666663,2382.6132500000003
2013-03-26,2661.24,2620.31,2661.9,2602.38,23095897.0,dividend,中证红利,2639.678,2638.7048,2624.9908333333337,2422.5224166666667,2382.75455
2013-03-27,2622.37,2629.94,2661.78,2610.49,20232762.0,dividend,中证红利,2639.946,2634.454,2629.5428333333334,2426.491,2382.9993000000004
2013-03-28,2560.29,2519.02,2560.29,2507.33,39421601.0,dividend,中证红利,2630.2845,2630.0744,2632.0009999999997,2429.447,2382.6874
2013-03-29,2520.43,2522.28,2528.91,2499.63,21249106.0,dividend,中证红利,2621.175,2626.9532,2633.3013333333333,2432.434583333333,2382.74895
2013-04-01,2510.09,2515.21,2530.27,2506.86,15576141.0,dividend,中证红利,2618.1780000000003,2622.758,2634.4203333333335,2435.5361666666668,2382.7598
2013-04-02,2519.15,2509.64,2543.11,2495.14,18698835.0,dividend,中证红利,2609.398,2619.5860000000002,2635.6701666666663,2438.0355833333333,2382.77465
2013-04-03,2517.32,2515.17,2536.59,2505.52,15988488.0,dividend,中证红利,2599.548,2615.2096,2636.251166666667,2440.30425,2382.9287000000004
2013-04-08,2469.39,2497.34,2499.31,2458.79,17627724.0,dividend,中证红利,2590.7535,2606.6132000000002,2635.6975,2442.575416666667,2383.0842
2013-04-09,2505.11,2512.94,2531.49,2504.87,15798904.0,dividend,中证红利,2583.009,2598.9519999999998,2635.3485,2444.6116666666667,2383.1999
2013-04-10,2511.97,2503.3,2516.51,2485.4,14693225.0,dividend,中证红利,2576.261,2596.078,2634.4396666666667,2446.5595833333336,2383.39005
2013-04-11,2521.71,2500.0,2528.15,2497.07,13716220.0,dividend,中证红利,2571.6565,2588.6684,2633.7793333333334,2448.6597500000003,2383.3976
2013-04-12,2499.17,2483.29,2512.46,2481.13,13270106.0,dividend,中证红利,2567.437,2579.5132,2632.9,2450.567583333333,2383.43915
2013-04-15,2475.25,2461.53,2485.54,2453.62,15844393.0,dividend,中证红利,2561.647,2571.0452,2631.607166666667,2452.33275,2383.2819999999997
2013-04-16,2447.14,2466.09,2468.55,2422.84,19502220.0,dividend,中证红利,2555.487,2562.9756,2631.2273333333337,2454.1456666666663,2383.0925
2013-04-17,2461.04,2446.4,2463.45,2428.32,15533873.0,dividend,中证红利,2550.029,2555.3012,2628.8436666666666,2455.737166666667,2382.8955499999997
2013-04-18,2424.42,2458.15,2461.37,2417.15,15842623.0,dividend,中证红利,2543.6349999999998,2549.9436,2626.552166666667,2457.17775,2382.76915
2013-04-19,2463.08,2546.2,2557.54,2460.43,27944173.0,dividend,中证红利,2536.94,2549.0844,2626.263,2459.4279166666665,2383.3112
2013-04-22,2533.73,2551.28,2552.38,2532.93,19356148.0,dividend,中证红利,2530.532,2548.0424000000003,2626.3655,2461.626416666667,2384.09935
2013-04-23,2557.16,2474.72,2557.16,2472.27,20660618.0,dividend,中证红利,2520.2415,2543.4596,2624.5156666666667,2463.4137499999997,2384.5072
2013-04-24,2478.97,2520.55,2538.51,2467.23,19620128.0,dividend,中证红利,2512.668,2542.0592,2623.0084999999995,2465.5966666666664,2385.19315
2013-04-25,2509.88,2496.1,2530.43,2479.46,17532980.0,dividend,中证红利,2506.4575,2538.462,2621.2028333333337,2467.7183333333332,2385.86425
2013-04-26,2505.54,2474.5,2515.54,2468.23,14723805.0,dividend,中证红利,2498.6855,2530.238,2618.819,2469.923333333333,2386.26625
2013-05-02,2460.89,2481.07,2482.46,2447.02,15583784.0,dividend,中证红利,2496.7879999999996,2522.3032,2616.8015,2472.2852500000004,2386.7285
2013-05-03,2489.56,2523.52,2555.2,2489.15,21661727.0,dividend,中证红利,2496.85,2516.0228,2615.677,2474.964833333333,2387.3982
2013-05-06,2531.6,2549.82,2561.09,2527.66,18570384.0,dividend,中证红利,2498.5805,2511.1348000000003,2613.320833333333,2477.7688333333335,2388.1883500000004
2013-05-07,2543.66,2547.79,2554.16,2527.4,16735330.0,dividend,中证红利,2500.4880000000003,2508.2340000000004,2610.3578333333335,2480.222666666667,2389.1469500000003
2013-05-08,2558.01,2553.75,2578.7,2541.87,18725925.0,dividend,中证红利,2502.4170000000004,2505.1864,2607.302666666667,2482.615416666667,2390.0122
2013-05-09,2554.9,2539.82,2556.36,2519.44,18527835.0,dividend,中证红利,2504.541,2506.0184,2603.8406666666665,2484.902833333333,2391.1312
2013-05-10,2534.27,2554.39,2560.79,2530.13,17045751.0,dividend,中证红利,2506.6135000000004,2507.3028,2599.2948333333334,2487.3765,2392.3493000000003
2013-05-13,2555.81,2547.48,2560.19,2534.25,17215756.0,dividend,中证红利,2508.8224999999998,2508.5935999999997,2594.438,2489.8311666666673,2393.4335
2013-05-14,2542.25,2522.44,2543.59,2508.91,17233288.0,dividend,中证红利,2509.9445,2509.1056,2589.0445000000004,2492.419583333334,2394.27905
2013-05-15,2523.26,2536.5,2536.62,2520.66,13319633.0,dividend,中证红利,2512.605,2509.9588,2583.8311666666673,2495.167166666667,2395.2006
2013-05-16,2530.71,2574.46,2576.09,2511.95,22484434.0,dividend,中证红利,2518.2515,2513.0436,2580.026166666667,2498.12175,2396.4858000000004
2013-05-17,2571.5,2606.19,2613.96,2563.51,27285501.0,dividend,中证红利,2525.2565,2516.7736,2576.9178333333334,2501.6380833333333,2397.8215
2013-05-20,2611.15,2629.8,2649.22,2601.43,28693381.0,dividend,中证红利,2534.4265000000005,2521.8336,2574.5811666666664,2505.2594166666668,2399.2282
2013-05-21,2624.59,2623.32,2633.46,2603.94,22479598.0,dividend,中证红利,2542.6850000000004,2526.7664,2572.6936666666666,2509.0678333333335,2400.57185
2013-05-22,2623.04,2625.85,2634.96,2612.31,23822321.0,dividend,中证红利,2546.6675,2532.4688,2570.8543333333337,2513.0107500000004,2402.05835
2013-05-23,2611.0,2579.44,2622.79,2577.15,23027514.0,dividend,中证红利,2548.0755,2537.1852000000003,2570.0365,2516.5354166666666,2403.4982999999997
2013-05-24,2588.36,2589.42,2605.42,2569.47,18092261.0,dividend,中证红利,2553.8105,2542.1184,2569.855,2520.2450000000003,2404.95815
2013-05-27,2586.91,2591.84,2605.36,2584.59,17571155.0,dividend,中证红利,2557.375,2547.936,2569.3841666666663,2523.7439999999997,2406.50545
2013-05-28,2592.74,2639.61,2640.69,2581.2,25058977.0,dividend,中证红利,2564.5505000000003,2555.1944,2570.228666666667,2527.7695833333337,2408.3351000000002
2013-05-29,2644.16,2632.81,2655.22,2630.53,24542517.0,dividend,中证红利,2572.4660000000003,2558.6588,2570.3658333333337,2531.605916666667,2410.0944
2013-05-30,2626.93,2632.26,2643.48,2621.11,20808972.0,dividend,中证红利,2580.0255,2561.8979999999997,2569.032666666667,2535.5510833333333,2411.9014
2013-05-31,2636.28,2613.04,2645.83,2609.68,19597551.0,dividend,中证红利,2584.5015,2567.4308,2567.5088333333333,2539.53375,2413.6097999999997
2013-06-03,2607.86,2603.85,2625.59,2596.3,19232064.0,dividend,中证红利,2587.203,2570.7628,2567.987166666667,2543.5525,2415.16305
2013-06-04,2600.58,2573.51,2600.58,2566.2,19094078.0,dividend,中证红利,2588.489,2573.8592000000003,2566.125,2547.4820833333333,2416.6644
2013-06-05,2571.13,2557.73,2574.44,2544.72,15737746.0,dividend,中证红利,2588.688,2577.1884000000005,2563.551,2551.1079999999997,2417.9985
2013-06-06,2549.86,2522.91,2552.08,2520.09,17013819.0,dividend,中证红利,2587.8424999999997,2578.862,2561.0456666666664,2554.6686666666665,2419.0398499999997
2013-06-07,2524.18,2489.33,2534.91,2482.16,19119768.0,dividend,中证红利,2584.5895,2577.4944,2558.070666666667,2557.7771666666667,2419.9204
2013-06-13,2448.16,2405.33,2448.16,2372.24,25152639.0,dividend,中证红利,2577.482,2571.7148,2554.1884999999997,2559.58625,2420.3579
2013-06-14,2407.48,2413.09,2415.38,2397.36,19092665.0,dividend,中证红利,2572.0145,2566.3268,2551.2051666666666,2561.458916666667,2420.7696
2013-06-17,2419.3,2399.7,2425.29,2393.93,16846082.0,dividend,中证红利,2565.1745,2560.1648,2548.4055000000003,2562.8419166666667,2421.1449
2013-06-18,2406.53,2406.49,2417.06,2387.58,15170532.0,dividend,中证红利,2556.7760000000003,2554.8316,2545.5581666666667,2564.108833333333,2421.7821
2013-06-19,2396.19,2378.69,2396.19,2349.7,17106191.0,dividend,中证红利,2545.4010000000003,2547.8035999999997,2542.0481666666665,2565.217,2422.2569999999996
2013-06-20,2365.36,2300.6,2365.36,2297.86,18850241.0,dividend,中证红利,2528.941,2537.9284000000002,2537.7988333333333,2565.6216666666664,2422.4896000000003
2013-06-21,2263.58,2294.82,2308.29,2244.48,21337725.0,dividend,中证红利,2512.516,2528.8236,2532.9453333333336,2566.18025,2422.72335
2013-06-24,2285.83,2147.48,2285.83,2143.59,30138327.0,dividend,中证红利,2488.5975,2513.2628,2524.0683333333336,2564.561583333333,2422.2132500000002
2013-06-25,2121.97,2143.5,2148.57,2004.13,36356823.0,dividend,中证红利,2466.8005,2496.0244000000002,2515.136,2562.788333333333,2421.7356
2013-06-26,2146.74,2126.25,2146.74,2093.6,26852450.0,dividend,中证红利,2443.642,2476.8268,2505.898,2560.8405,2421.1306
2013-06-27,2129.69,2130.0,2157.14,2114.51,26127563.0,dividend,中证红利,2420.55,2456.8347999999996,2496.864333333333,2558.8844999999997,2420.5891
2013-06-28,2117.08,2182.98,2194.8,2106.55,26692975.0,dividend,中证红利,2397.7185,2439.2212,2489.5755,2557.283166666667,2420.29375
2013-07-01,2170.54,2187.5,2189.12,2146.95,19783400.0,dividend,中证红利,2375.453,2421.6872,2482.2015,2555.872166666667,2420.1371
2013-07-02,2187.25,2188.53,2192.11,2158.82,20766419.0,dividend,中证红利,2353.2665,2406.0508,2476.6933333333336,2554.3471666666665,2420.2183999999997
2013-07-03,2172.3,2166.89,2172.3,2133.35,21410912.0,dividend,中证红利,2330.959,2389.1495999999997,2470.770166666667,2552.03575,2420.1009000000004
2013-07-04,2152.36,2178.01,2200.49,2138.81,20691746.0,dividend,中证红利,2309.6670000000004,2372.5964000000004,2465.150166666667,2549.7852500000004,2420.14275
2013-07-05,2179.61,2182.86,2197.37,2173.73,15895755.0,dividend,中证红利,2290.1345,2354.3264,2459.7038333333335,2547.687,2420.18015
2013-07-08,2152.6,2127.63,2160.2,2123.71,16750074.0,dividend,中证红利,2268.6295,2334.1191999999996,2453.244833333333,2544.748,2419.97695
2013-07-09,2125.65,2137.56,2143.84,2119.94,13833196.0,dividend,中证红利,2249.362,2314.3312,2447.2485,2541.473,2419.7599
2013-07-10,2137.62,2186.99,2188.32,2131.54,18396536.0,dividend,中证红利,2234.245,2297.2892,2441.816,2538.58225,2419.9113500000003
2013-07-11,2201.49,2309.52,2330.71,2201.34,42019329.0,dividend,中证红利,2229.4545,2285.516,2438.586333333333,2536.513,2420.7309
2013-07-12,2298.69,2250.82,2309.13,2245.8,28829971.0,dividend,中证红利,2221.341,2272.6084,2434.4333333333334,2534.1063333333336,2421.1898499999998
2013-07-15,2265.45,2276.72,2311.19,2246.62,22686638.0,dividend,中证红利,2215.192,2261.368,2430.9905,2531.9452499999998,2421.3066
2013-07-16,2267.11,2282.26,2282.53,2247.71,19088846.0,dividend,中证红利,2208.9805,2251.742,2428.0026666666668,2529.804916666667,2421.4176500000003
2013-07-17,2275.74,2249.85,2293.31,2249.61,19352435.0,dividend,中证红利,2202.5384999999997,2242.1628,2424.3986666666665,2527.8130000000006,2421.42385
2013-07-18,2240.5,2206.85,2250.45,2203.21,18906869.0,dividend,中证红利,2197.8509999999997,2234.2236,2420.4061666666666,2524.6249166666666,2421.1872
2013-07-19,2209.67,2158.99,2216.62,2157.93,21493697.0,dividend,中证红利,2191.0595,2224.0596,2415.4201666666672,2520.986166666667,2420.79055
2013-07-22,2133.71,2163.49,2165.07,2122.02,17781622.0,dividend,中证红利,2191.86,2214.6112,2409.0416666666665,2517.652333333333,2420.32175
2013-07-23,2170.47,2215.47,2235.47,2161.68,22629360.0,dividend,中证红利,2195.4584999999997,2206.9703999999997,2403.4448333333335,2514.9051666666664,2420.3617
2013-07-24,2200.07,2196.64,2212.39,2164.76,20719721.0,dividend,中证红利,2198.978,2199.6884,2398.8101666666666,2511.6629166666667,2420.4159
2013-07-25,2206.72,2189.7,2220.3,2182.95,19276862.0,dividend,中证红利,2201.963,2195.2524,2393.2960000000003,2508.1522499999996,2420.4055000000003
2013-07-26,2181.19,2179.26,2192.32,2169.77,14149165.0,dividend,中证红利,2201.777,2190.63,2388.0153333333337,2504.6090833333337,2420.5638
2013-07-29,2159.91,2130.96,2159.91,2122.68,16399356.0,dividend,中证红利,2198.95,2189.9692,2382.2896666666666,2500.5543333333335,2420.45005
2013-07-30,2141.16,2154.58,2185.48,2129.14,16362138.0,dividend,中证红利,2197.2525,2190.4124,2376.848166666666,2496.824833333333,2420.40145
2013-07-31,2171.72,2153.9,2195.53,2147.87,13285359.0,dividend,中证红利,2196.603,2191.5184,2370.687833333334,2493.182416666667,2420.3521
2013-08-01,2167.65,2198.35,2200.49,2160.5,18272257.0,dividend,中证红利,2197.62,2194.2524000000003,2364.83,2489.0754166666666,2420.62875
2013-08-02,2214.67,2193.63,2224.48,2189.21,18037705.0,dividend,中证红利,2198.1585,2194.6784,2358.927333333333,2484.6425833333333,2420.54835
2013-08-05,2194.54,2215.02,2215.26,2185.41,15709443.0,dividend,中证红利,2202.528,2195.7792,2353.2818333333335,2480.29225,2420.4088
2013-08-06,2204.99,2219.65,2229.3,2189.12,20033311.0,dividend,中证红利,2206.6325,2197.024,2347.945666666667,2475.893166666667,2420.38305
2013-08-07,2214.55,2205.55,2238.9,2200.99,20352755.0,dividend,中证红利,2207.5605,2198.5704,2342.1316666666667,2470.7132500000002,2420.06785
2013-08-08,2199.08,2195.76,2217.54,2187.52,14745928.0,dividend,中证红利,2201.8725000000004,2199.2804,2336.2696666666666,2465.3538333333336,2419.6989
2013-08-09,2207.33,2200.1,2216.01,2173.78,16932120.0,dividend,中证红利,2199.3365000000003,2199.97,2330.8973333333333,2459.9709166666667,2419.4595
2013-08-12,2210.22,2277.05,2277.58,2208.76,31213367.0,dividend,中证红利,2199.353,2205.9467999999997,2326.5731666666666,2455.202166666667,2419.5730000000003
2013-08-13,2277.85,2291.72,2292.95,2270.36,24344026.0,dividend,中证红利,2199.826,2212.1132000000002,2321.860833333333,2450.9435000000003,2419.78305
2013-08-14,2296.4,2281.63,2322.18,2275.84,22699099.0,dividend,中证红利,2201.415,2215.8988,2316.4515,2446.684666666667,2419.9485
2013-08-15,2280.47,2261.88,2302.9,2260.2,19939496.0,dividend,中证红利,2204.1665000000003,2213.9932,2310.3195,2442.4503333333337,2419.9808
2013-08-16,2253.76,2258.74,2403.83,2234.43,42004064.0,dividend,中证红利,2209.154,2214.31,2304.2431666666666,2438.468416666667,2419.8481
2013-08-19,2237.76,2282.08,2293.89,2234.47,22967681.0,dividend,中证红利,2215.0834999999997,2214.5244000000002,2298.5136666666663,2434.6839999999997,2419.8776000000003
2013-08-20,2276.6,2271.93,2313.33,2264.84,23908201.0,dividend,中证红利,2217.9065,2214.1112,2293.3885,2431.7125,2419.79995
2013-08-21,2280.48,2264.84,2282.11,2247.91,17596835.0,dividend,中证红利,2221.3165,2214.7108,2287.9788333333336,2428.9169166666666,2419.82295
2013-08-22,2257.25,2258.25,2289.23,2249.54,16928160.0,dividend,中证红利,2224.7439999999997,2216.7668,2282.4190000000003,2425.9015833333333,2419.8212000000003
2013-08-23,2269.52,2235.38,2277.18,2203.08,21713113.0,dividend,中证红利,2227.55,2219.8224,2275.6818333333335,2422.95525,2419.7906000000003
2013-08-26,2242.33,2283.49,2286.68,2233.41,23239652.0,dividend,中证红利,2235.1765,2224.6223999999997,2269.8598333333334,2420.112833333333,2420.15855
2013-08-27,2279.31,2287.42,2295.48,2268.65,21578349.0,dividend,中证红利,2241.8185,2227.5004,2264.1125,2416.5725833333336,2420.60745
2013-08-28,2272.14,2276.86,2292.8,2255.55,24079713.0,dividend,中证红利,2247.9665,2230.7092,2258.5095,2413.009166666667,2420.9819
2013-08-29,2289.89,2270.21,2295.82,2261.36,18478991.0,dividend,中证红利,2251.5595,2233.9296,2252.9488333333334,2410.468,2421.26625
2013-08-30,2268.2,2271.28,2287.78,2257.15,27643543.0,dividend,中证红利,2255.442,2237.6103999999996,2247.9116666666664,2407.0183333333334,2421.3559999999998
2013-09-02,2279.34,2278.92,2291.18,2259.3,26561768.0,dividend,中证红利,2258.637,2243.5288,2243.2648333333336,2403.4079166666666,2421.4175
2013-09-03,2286.9,2312.03,2314.0,2280.84,27089574.0,dividend,中证红利,2263.2560000000003,2249.8268,2239.7501666666667,2400.397916666667,2421.651
2013-09-04,2309.68,2313.87,2324.64,2307.05,25832161.0,dividend,中证红利,2268.672,2256.2256,2236.8258333333333,2397.4482500000004,2421.9325999999996
2013-09-05,2318.28,2309.52,2319.1,2303.26,20489918.0,dividend,中证红利,2274.3599999999997,2260.6724,2235.229,2394.7087500000002,2422.2156
2013-09-06,2304.7,2334.44,2342.74,2304.63,26090733.0,dividend,中证红利,2281.077,2266.3048,2233.918166666667,2392.5616666666665,2422.82865
2013-09-09,2360.59,2452.79,2459.87,2360.59,61915780.0,dividend,中证红利,2289.8640000000005,2275.8156000000004,2234.803,2391.60425,2424.05865
2013-09-10,2459.75,2486.61,2487.01,2442.47,62087092.0,dividend,中证红利,2299.6085,2286.494,2236.138333333334,2390.84825,2425.39215
2013-09-11,2492.68,2488.3,2516.56,2480.76,55806841.0,dividend,中证红利,2309.942,2297.804,2237.965166666667,2390.0066666666667,2426.9125
2013-09-12,2484.09,2529.42,2560.3,2469.41,56803575.0,dividend,中证红利,2323.319,2311.1504,2241.7788333333333,2389.7888333333335,2428.5834
2013-09-13,2515.59,2491.18,2529.26,2478.49,37226676.0,dividend,中证红利,2334.941,2322.7936,2245.0515,2388.998416666667,2430.20775
2013-09-16,2506.06,2479.95,2508.68,2456.28,35991159.0,dividend,中证红利,2344.8345,2330.9096000000004,2250.5926666666664,2387.3304999999996,2431.844
2013-09-17,2489.76,2425.65,2497.46,2423.86,34288857.0,dividend,中证红利,2352.5205,2336.2668,2255.2951666666672,2385.215583333333,2433.18985
2013-09-18,2427.16,2428.38,2443.59,2403.51,24452354.0,dividend,中证红利,2360.6975,2342.1367999999998,2260.3306666666667,2383.1143333333334,2434.6103999999996
2013-09-23,2436.73,2452.33,2454.15,2425.39,25513135.0,dividend,中证红利,2370.4015000000004,2349.7548,2265.7028333333337,2381.2835833333334,2436.01225
2013-09-24,2451.63,2406.8,2451.63,2388.36,31357957.0,dividend,中证红利,2378.9725,2355.6772,2269.4331666666667,2379.5043333333333,2437.2635499999997
2013-09-25,2405.39,2390.45,2429.13,2385.33,25431786.0,dividend,中证红利,2384.3205000000003,2360.012,2272.815666666667,2377.5085833333337,2438.35355
2013-09-26,2385.95,2347.96,2385.95,2344.03,27360271.0,dividend,中证红利,2387.3475000000003,2363.0532000000003,2275.4728333333333,2376.083083333333,2439.2991500000003
2013-09-27,2344.64,2360.04,2362.87,2340.31,18441464.0,dividend,中证红利,2391.5065000000004,2366.8612000000003,2278.692,2374.7310833333336,2440.42375
2013-09-30,2371.38,2368.54,2377.94,2356.78,16012267.0,dividend,中证红利,2396.4230000000002,2371.2728,2281.8675000000003,2373.5088333333333,2441.65845
2013-10-08,2360.65,2386.91,2393.43,2341.93,21365921.0,dividend,中证红利,2402.2045000000003,2377.334,2285.268333333333,2372.4860833333328,2443.0832
2013-10-09,2379.76,2398.35,2405.51,2371.33,21647333.0,dividend,中证红利,2408.176,2381.9284,2289.780333333333,2371.5125833333336,2444.46185
2013-10-10,2401.01,2357.41,2401.28,2354.08,22647354.0,dividend,中证红利,2410.445,2384.728,2293.4444999999996,2370.3464999999997,2445.77075
2013-10-11,2373.9,2405.47,2409.03,2370.53,27958008.0,dividend,中证红利,2415.025,2389.8723999999997,2297.085833333333,2369.4509166666667,2447.21655
2013-10-14,2407.67,2401.93,2410.86,2394.18,30081311.0,dividend,中证红利,2419.6454999999996,2395.1412,2298.6259999999997,2368.6061666666665,2448.285
2013-10-15,2404.61,2389.82,2406.23,2376.43,27277436.0,dividend,中证红利,2422.4145,2399.8828000000003,2300.942666666667,2367.688,2449.29225
2013-10-16,2383.75,2353.48,2383.75,2342.6,24749406.0,dividend,中证红利,2417.4489999999996,2402.8651999999997,2302.222,2366.60625,2449.89095
2013-10-17,2366.43,2349.47,2373.4,2345.09,22487069.0,dividend,中证红利,2410.5919999999996,2404.3628,2303.342166666667,2365.672416666667,2450.366
2013-10-18,2351.15,2357.62,2373.0,2346.5,19839107.0,dividend,中证红利,2404.058,2406.1128,2305.1383333333333,2364.7685,2450.92555
2013-10-21,2362.55,2393.2,2396.65,2349.61,25938114.0,dividend,中证红利,2397.2470000000003,2409.46,2308.2441666666664,2364.3251666666665,2451.63135
2013-10-22,2390.75,2371.29,2390.75,2365.78,24384139.0,dividend,中证红利,2391.2525,2410.9339999999997,2311.7825,2363.6013333333335,2452.34885
2013-10-23,2377.74,2358.86,2410.44,2355.32,28101892.0,dividend,中证红利,2385.198,2407.1767999999997,2315.038666666667,2362.0401666666667,2452.43455
2013-10-24,2352.98,2336.71,2361.14,2332.61,19959120.0,dividend,中证红利,2380.7509999999997,2401.1808,2317.059333333333,2360.2520833333333,2452.33665
2013-10-25,2336.34,2322.35,2358.45,2309.04,24270705.0,dividend,中证红利,2375.4494999999997,2394.5428,2319.1545,2358.9823333333334,2452.14845
2013-10-28,2329.43,2320.84,2330.11,2306.41,18432445.0,dividend,中证红利,2368.875,2386.1996000000004,2321.340166666667,2357.3180833333336,2451.92905
2013-10-29,2324.2,2346.5,2380.1,2306.59,36916497.0,dividend,中证红利,2365.8599999999997,2380.4123999999997,2324.1275,2356.0714166666667,2451.7858499999998
2013-10-30,2346.1,2375.87,2377.25,2332.76,31171222.0,dividend,中证红利,2365.131,2376.2491999999997,2328.2093333333332,2355.2495,2451.8811
2013-10-31,2367.68,2343.25,2367.68,2339.53,23465420.0,dividend,中证红利,2364.8954999999996,2372.9532,2331.3538333333336,2354.101,2451.7397
2013-11-01,2349.85,2362.66,2370.83,2338.27,18946669.0,dividend,中证红利,2365.0265,2370.3244,2334.8331666666663,2352.7605,2451.3317
2013-11-04,2376.48,2354.87,2383.02,2350.97,16031541.0,dividend,中证红利,2364.343,2366.426,2337.4418333333333,2351.1359166666666,2450.8657000000003
2013-11-05,2341.5,2349.8,2352.68,2313.35,20359104.0,dividend,中证红利,2362.4875,2364.146,2340.0446666666667,2349.4859999999994,2450.44145
2013-11-06,2335.34,2321.5,2345.74,2320.38,21542558.0,dividend,中证红利,2358.645,2361.388,2341.819333333333,2347.5505833333327,2449.6474
2013-11-07,2321.64,2321.38,2329.12,2307.45,16298797.0,dividend,中证红利,2356.8435,2360.3248,2343.514833333333,2345.73025,2448.6014999999998
2013-11-08,2312.0,2293.03,2323.02,2289.61,16291223.0,dividend,中证红利,2351.2214999999997,2357.6443999999997,2344.9728333333333,2343.55225,2447.39725
2013-11-11,2293.08,2298.48,2304.49,2281.52,14424777.0,dividend,中证红利,2346.049,2354.8419999999996,2346.6848333333332,2341.4772499999995,2446.1005
2013-11-12,2303.34,2321.29,2323.01,2301.36,15866885.0,dividend,中证红利,2342.6225000000004,2352.2172,2348.7046666666665,2339.801,2445.00885
2013-11-13,2302.96,2259.54,2303.7,2257.92,19294595.0,dividend,中证红利,2337.9255000000003,2346.6648,2348.4128333333333,2337.493,2443.6263
2013-11-14,2260.84,2257.9,2266.02,2241.43,15936215.0,dividend,中证红利,2333.347,2342.6844,2347.849166666667,2334.8550000000005,2442.2203
2013-11-15,2260.95,2297.48,2324.38,2260.15,25953344.0,dividend,中证红利,2330.34,2338.3648,2348.1133333333332,2332.282416666667,2441.2633
2013-11-18,2312.59,2387.37,2389.52,2302.74,39587179.0,dividend,中证红利,2330.0485,2337.7824,2350.2048333333328,2330.262166666667,2440.25305
2013-11-19,2386.98,2368.06,2386.98,2361.61,28134902.0,dividend,中证红利,2329.8869999999997,2336.9120000000003,2352.026833333334,2328.135,2439.11515
2013-11-20,2384.01,2376.08,2390.93,2358.23,21999125.0,dividend,中证红利,2330.748,2337.8160000000003,2353.5935000000004,2326.0535833333333,2438.1778
2013-11-21,2363.71,2367.19,2370.62,2333.72,27390413.0,dividend,中证红利,2332.272,2338.5247999999997,2355.1811666666667,2324.284833333333,2437.2880999999998
2013-11-22,2373.19,2359.4,2376.76,2349.92,23570487.0,dividend,中证红利,2334.1245,2338.596,2356.7571666666668,2322.368,2436.15655
2013-11-25,2346.22,2343.85,2373.53,2339.7,19980975.0,dividend,中证红利,2335.275,2336.6220000000003,2358.1838333333335,2320.301416666667,2434.8209
2013-11-26,2343.83,2340.9,2354.86,2337.37,17087680.0,dividend,中证红利,2334.995,2335.4064,2359.9424999999997,2317.812166666666,2433.5032
2013-11-27,2340.13,2363.18,2375.5,2337.42,23081738.0,dividend,中证红利,2334.3605,2335.5791999999997,2361.2706666666663,2315.5652499999997,2432.2314499999998
2013-11-28,2368.01,2381.88,2403.53,2364.0,27445234.0,dividend,中证红利,2336.2920000000004,2337.386,2362.845,2313.4787499999998,2431.13025
2013-11-29,2389.31,2379.23,2393.25,2374.07,18412089.0,dividend,中证红利,2337.1205,2339.6612,2364.5511666666666,2311.5303333333336,2430.07145
2013-12-02,2379.57,2403.25,2424.06,2363.98,47501188.0,dividend,中证红利,2339.5395,2342.9576,2366.7685,2309.858666666667,2428.63175
2013-12-03,2394.99,2409.97,2415.2,2387.67,27282572.0,dividend,中证红利,2342.548,2345.4964,2369.0800000000004,2308.4958333333334,2427.05375
2013-12-04,2406.24,2431.09,2445.2,2400.6,34807877.0,dividend,中证红利,2348.0275,2347.7052000000003,2371.6161666666667,2307.4405,2425.5238999999997
2013-12-05,2431.02,2423.7,2436.71,2415.84,23202611.0,dividend,中证红利,2353.1435,2350.9232,2373.4773333333333,2306.6137499999995,2423.9047
2013-12-06,2419.66,2409.67,2423.82,2398.9,21330796.0,dividend,中证红利,2358.9755,2352.8035999999997,2375.074,2305.9499166666665,2421.81735
2013-12-09,2414.38,2403.98,2422.67,2401.8,18745385.0,dividend,中证红利,2364.2505,2354.768,2376.648333333333,2305.938666666667,2419.6428
2013-12-10,2409.66,2408.32,2419.34,2400.22,19467380.0,dividend,中证红利,2368.602,2357.1088,2377.8796666666667,2305.8989166666665,2417.4541499999996
2013-12-11,2397.72,2364.87,2398.09,2355.81,23529699.0,dividend,中证红利,2373.8684999999996,2358.8435999999997,2376.4143333333336,2305.6086666666665,2415.032
2013-12-12,2358.97,2356.75,2370.81,2354.02,16466466.0,dividend,中证红利,2378.8109999999997,2360.2584,2374.25,2305.1941666666667,2412.80195
2013-12-13,2338.51,2345.69,2357.42,2334.33,17583410.0,dividend,中证红利,2381.2215,2362.3648000000003,2371.8731666666667,2304.9191666666666,2410.56695
2013-12-16,2347.47,2324.41,2350.62,2316.81,18799603.0,dividend,中证红利,2378.0735,2363.402,2368.456333333333,2305.117583333333,2408.339
2013-12-17,2323.79,2311.25,2329.77,2308.54,14503357.0,dividend,中证红利,2375.233,2363.0004,2365.4574999999995,2305.2545,2406.2124
2013-12-18,2311.01,2309.8,2320.0,2302.69,12517094.0,dividend,中证红利,2371.919,2365.0108,2362.621666666667,2306.607166666667,2404.08035
2013-12-19,2316.51,2290.56,2324.31,2288.41,15353035.0,dividend,中证红利,2368.0875,2366.3171999999995,2360.3701666666666,2307.832666666667,2402.3906
2013-12-20,2291.26,2249.01,2294.11,2246.51,22144189.0,dividend,中证红利,2362.568,2364.3784,2357.380666666667,2308.8556666666673,2400.6341
2013-12-23,2254.14,2250.55,2261.47,2228.5,13756383.0,dividend,中证红利,2357.903,2358.9056,2354.0176666666666,2309.86025,2398.7864
2013-12-24,2256.95,2259.25,2279.11,2241.05,14826641.0,dividend,中证红利,2353.8205000000003,2354.5532000000003,2351.5585,2310.4958333333334,2397.13795
2013-12-25,2261.15,2273.16,2273.49,2254.05,12512794.0,dividend,中证红利,2349.3195,2350.4364,2349.603666666667,2311.2096666666666,2395.38085
2013-12-26,2268.4,2227.46,2268.69,2226.15,15816425.0,dividend,中证红利,2341.5985,2344.8472,2347.595333333333,2311.5340833333335,2392.9569
2013-12-27,2228.18,2263.49,2270.89,2224.19,16853766.0,dividend,中证红利,2335.8115000000003,2341.0108,2345.9861666666666,2312.3390833333333,2390.752
2013-12-30,2273.56,2254.5,2277.85,2252.24,15987951.0,dividend,中证红利,2328.3740000000003,2337.4368,2344.0854999999997,2312.9764999999998,2389.14875
2013-12-31,2245.01,2273.68,2275.69,2241.53,19946073.0,dividend,中证红利,2321.5595000000003,2334.748,2342.1983333333333,2313.733333333333,2387.09095
2014-01-02,2267.85,2270.2,2270.7,2258.46,13871908.0,dividend,中证红利,2313.5150000000003,2331.0288,2340.0625,2314.9214166666666,2384.8811
2014-01-03,2260.7,2241.65,2264.04,2237.19,17122407.0,dividend,中证红利,2304.4125,2325.4195999999997,2338.1331666666665,2315.788833333333,2382.7232
2014-01-06,2240.67,2189.62,2240.67,2187.46,20995565.0,dividend,中证红利,2293.41,2317.8352,2334.535666666667,2315.81075,2380.33215
2014-01-07,2177.76,2190.44,2200.03,2172.59,14061158.0,dividend,中证红利,2282.7329999999997,2309.3228,2331.0108333333337,2314.818416666667,2378.09305
2014-01-08,2191.88,2183.66,2204.98,2177.01,15604179.0,dividend,中证红利,2271.5,2300.2704,2327.574833333333,2314.25875,2376.0509
2014-01-09,2178.39,2159.87,2193.04,2157.25,15274914.0,dividend,中证红利,2261.25,2289.4215999999997,2324.348,2313.2850000000003,2374.0118500000003
2014-01-10,2153.34,2139.32,2157.07,2131.77,14378020.0,dividend,中证红利,2250.3785,2278.0463999999997,2320.8455,2312.0938333333334,2371.8217999999997
2014-01-13,2139.94,2135.31,2156.01,2124.74,12303168.0,dividend,中证红利,2239.8595,2267.072,2317.1403333333333,2311.1393333333335,2369.5519
2014-01-14,2135.43,2163.46,2163.6,2126.99,12707847.0,dividend,中证红利,2231.812,2257.4512,2313.3113333333336,2310.77775,2367.5914
2014-01-15,2161.52,2159.0,2166.89,2148.21,11935299.0,dividend,中证红利,2224.1994999999997,2247.4784,2309.773166666667,2310.7778333333335,2365.45625
2014-01-16,2159.37,2166.07,2177.49,2151.78,13757887.0,dividend,中证红利,2217.013,2239.5264,2306.5599999999995,2310.7993333333334,2362.8861
2014-01-17,2159.14,2144.96,2159.61,2139.37,14730722.0,dividend,中证红利,2209.7329999999997,2231.0548,2303.3641666666667,2310.21175,2360.2137000000002
2014-01-20,2141.09,2134.88,2148.25,2127.35,10804244.0,dividend,中证红利,2204.0265,2222.6223999999997,2300.239666666667,2309.6970833333335,2357.48545
2014-01-21,2136.63,2155.97,2159.53,2136.63,11180130.0,dividend,中证红利,2199.2974999999997,2215.8848,2297.4918333333335,2309.416,2354.9051999999997
2014-01-22,2159.01,2205.19,2205.22,2158.11,18597797.0,dividend,中证红利,2196.5945,2211.6423999999997,2295.1366666666663,2309.632083333333,2352.8296
2014-01-23,2204.01,2197.73,2206.83,2193.72,14999478.0,dividend,中证红利,2192.823,2207.1596,2292.1676666666667,2310.1884999999997,2350.66855
2014-01-24,2196.19,2215.62,2227.27,2192.94,15786604.0,dividend,中证红利,2192.231,2204.162,2290.0405,2310.697166666667,2349.15155
2014-01-27,2207.38,2196.81,2209.26,2193.68,15992724.0,dividend,中证红利,2188.897,2202.074,2287.2763333333332,2311.0547500000002,2347.5242
2014-01-28,2199.34,2205.04,2215.55,2192.27,13724493.0,dividend,中证红利,2186.424,2200.2536,2284.7791666666667,2311.1105000000002,2345.97335
2014-01-29,2210.15,2226.97,2230.7,2208.43,14817767.0,dividend,中证红利,2184.0885,2198.9624,2282.7320000000004,2311.388333333334,2344.56
2014-01-30,2221.76,2208.28,2223.28,2206.81,10530349.0,dividend,中证红利,2180.9925,2196.3672,2280.8450000000003,2311.3321666666666,2343.02555
2014-02-07,2199.11,2231.44,2231.62,2190.87,12141336.0,dividend,中证红利,2180.482,2196.5264,2279.346,2311.4304166666666,2341.69605
2014-02-10,2237.88,2293.5,2294.36,2237.88,21149771.0,dividend,中证红利,2185.6760000000004,2197.7268,2279.3538333333336,2312.163333333333,2340.5988500000003
2014-02-11,2296.89,2309.5,2317.26,2285.54,31857458.0,dividend,中证红利,2191.629,2199.9267999999997,2279.5375,2313.1111666666666,2339.6298500000003
2014-02-12,2311.0,2322.9,2325.1,2305.75,25198888.0,dividend,中证红利,2198.591,2201.8956,2279.5643333333333,2314.1345,2338.74435
2014-02-13,2321.03,2306.39,2333.23,2305.19,33529385.0,dividend,中证红利,2205.9170000000004,2203.3432000000003,2280.345166666667,2314.3790000000004,2337.85985
2014-02-14,2305.83,2331.39,2332.78,2302.26,21093097.0,dividend,中证红利,2215.5205,2206.9328,2281.5699999999997,2314.709583333333,2337.20915
2014-02-17,2343.9,2363.46,2363.5,2333.72,25070219.0,dividend,中证红利,2226.928,2213.8864,2282.6696666666667,2315.3914999999997,2336.696
2014-02-18,2364.81,2359.61,2366.33,2352.24,25382902.0,dividend,中证红利,2236.7355,2220.6532,2282.2070000000003,2316.2059166666663,2336.2620500000003
2014-02-19,2362.07,2375.03,2389.8,2352.71,31986528.0,dividend,中证红利,2247.537,2228.308,2282.3231666666666,2317.175,2335.84645
2014-02-20,2382.7,2367.49,2399.26,2362.52,32529266.0,dividend,中证红利,2257.6079999999997,2236.6128,2282.18,2317.88675,2334.9528999999998
2014-02-21,2363.84,2338.2,2363.84,2321.57,23148044.0,dividend,中证红利,2267.27,2244.568,2281.6968333333334,2318.439,2333.8875
2014-02-24,2325.63,2308.62,2325.63,2283.12,25363156.0,dividend,中证红利,2275.957,2251.5004,2280.8505,2318.8038333333334,2333.057
2014-02-25,2309.68,2244.06,2323.6,2233.74,25780875.0,dividend,中证红利,2280.3615,2254.7244,2279.1873333333333,2318.6855833333334,2331.6745499999997
2014-02-26,2235.05,2255.98,2256.23,2211.1,20973262.0,dividend,中证红利,2282.901,2258.6036,2277.772,2318.85725,2330.47395
2014-02-27,2256.98,2259.42,2292.77,2252.29,29978757.0,dividend,中证红利,2285.9855000000002,2262.3376000000003,2276.0426666666667,2318.6566666666668,2329.39855
2014-02-28,2253.18,2276.91,2278.46,2231.05,22982803.0,dividend,中证红利,2289.05,2267.6156,2274.293166666667,2318.5690833333333,2328.37775
2014-03-03,2275.31,2306.77,2306.9,2268.77,26147891.0,dividend,中证红利,2294.548,2274.4912,2273.0855,2318.8183333333336,2327.294
2014-03-04,2294.21,2293.36,2299.68,2273.63,22008918.0,dividend,中证红利,2298.964,2279.9868,2271.254,2319.0112500000005,2326.0117
2014-03-05,2294.14,2277.64,2298.71,2273.0,19155736.0,dividend,中证红利,2301.4975,2282.8848,2269.0485,2319.0642500000004,2324.66095
2014-03-06,2272.14,2276.16,2282.2,2245.2,21951749.0,dividend,中证红利,2304.8915,2286.022,2266.466333333333,2319.04125,2323.2729999999997
2014-03-07,2275.93,2266.78,2290.71,2256.9,20691533.0,dividend,中证红利,2306.6585,2288.0684,2263.8510000000006,2318.664166666667,2321.9078
2014-03-10,2248.93,2183.05,2248.93,2180.56,23066275.0,dividend,中证红利,2301.136,2287.518,2260.074,2317.574,2320.0510999999997
2014-03-11,2176.76,2186.9,2193.85,2168.67,17958353.0,dividend,中证红利,2295.0060000000003,2286.7924000000003,2256.4559999999997,2316.5521666666664,2318.2482
2014-03-12,2187.68,2199.33,2208.16,2168.56,22245664.0,dividend,中证红利,2288.8275,2285.6868,2252.9728333333337,2315.42625,2316.63265
2014-03-13,2204.77,2236.44,2240.92,2204.64,27460388.0,dividend,中证红利,2285.33,2286.8132,2250.8323333333333,2313.6233333333334,2315.13235
2014-03-14,2231.01,2227.85,2241.01,2209.84,21481747.0,dividend,中证红利,2280.153,2286.6695999999997,2248.6839999999997,2311.4669999999996,2313.3993
2014-03-17,2229.34,2260.83,2262.39,2223.4,18112110.0,dividend,中证红利,2275.0215,2285.3628,2247.2696666666666,2309.5714166666667,2311.6725
2014-03-18,2263.95,2272.47,2286.15,2259.92,20174364.0,dividend,中证红利,2270.6645,2283.8816,2246.4040000000005,2307.4301666666665,2309.88585
2014-03-19,2265.21,2262.61,2265.21,2238.27,17665677.0,dividend,中证红利,2265.0435,2281.47,2245.5933333333332,2305.5254166666664,2308.0823
2014-03-20,2258.37,2216.31,2273.05,2215.04,22654099.0,dividend,中证红利,2257.4845,2277.8668,2244.0351666666666,2303.3284166666667,2306.0346
2014-03-21,2207.15,2269.93,2274.3,2199.8,40784027.0,dividend,中证红利,2254.071,2275.4084,2243.691333333333,2302.03075,2304.4870499999997
2014-03-24,2273.79,2289.06,2297.71,2266.61,36646805.0,dividend,中证红利,2253.093,2272.4323999999997,2244.358833333333,2300.86975,2302.98525
2014-03-25,2287.94,2293.29,2311.96,2283.13,26363011.0,dividend,中证红利,2255.5544999999997,2269.7796,2245.0711666666666,2299.544416666666,2301.4925
2014-03-26,2301.35,2297.36,2310.28,2288.86,21887495.0,dividend,中证红利,2257.6235,2266.6728,2245.7063333333335,2298.632416666667,2299.78125
2014-03-27,2290.89,2267.34,2300.2,2267.34,26756812.0,dividend,中证红利,2258.0195000000003,2262.6668000000004,2245.6093333333333,2297.6065,2297.9539
2014-03-28,2266.68,2245.66,2278.93,2240.08,25857834.0,dividend,中证红利,2256.457,2258.9652,2245.9126666666666,2296.7540000000004,2296.0209
2014-03-31,2247.48,2244.32,2259.36,2231.13,19804736.0,dividend,中证红利,2253.3345,2256.3932,2245.593166666667,2295.7896666666666,2294.1773000000003
2014-04-01,2240.95,2276.69,2277.06,2239.98,16727954.0,dividend,中证红利,2252.501,2257.6983999999998,2245.963,2295.02425,2292.5415
2014-04-02,2280.96,2295.76,2299.24,2278.09,23038718.0,dividend,中证红利,2253.407,2259.2896,2246.3309999999997,2294.264666666667,2291.1527499999997
2014-04-03,2298.33,2267.89,2300.2,2260.75,25111513.0,dividend,中证红利,2252.9935,2259.6284,2246.2925000000005,2293.1775,2289.70355
2014-04-04,2260.66,2282.76,2282.79,2255.46,14483421.0,dividend,中证红利,2253.7925,2259.8624,2246.9776666666667,2292.555416666667,2288.5028
2014-04-08,2275.38,2317.36,2320.57,2271.19,37324546.0,dividend,中证红利,2260.508,2260.286,2249.1066666666666,2291.8211666666666,2287.64295
2014-04-09,2321.92,2327.57,2331.61,2315.43,21998239.0,dividend,中证红利,2267.5415,2261.6544,2251.3921666666665,2291.2015,2287.25415
2014-04-10,2328.21,2356.33,2367.29,2317.65,40969378.0,dividend,中证红利,2275.3915,2264.802,2254.27,2290.922416666667,2286.97035
2014-04-11,2347.63,2355.59,2363.54,2341.75,32946746.0,dividend,中证红利,2281.349,2267.9792,2257.5319999999997,2290.94,2286.7498
2014-04-14,2352.87,2363.55,2364.79,2345.48,21717310.0,dividend,中证红利,2288.134,2271.85,2261.269166666667,2291.057333333333,2286.5351
2014-04-15,2356.02,2321.47,2356.02,2317.03,22148708.0,dividend,中证红利,2291.166,2277.3867999999998,2264.3718333333336,2290.756083333333,2286.2490000000003
2014-04-16,2315.62,2321.45,2329.02,2309.47,16900572.0,dividend,中证红利,2293.615,2282.7688,2267.0049999999997,2290.158166666667,2286.3532499999997
2014-04-17,2324.78,2315.49,2327.52,2309.05,15796867.0,dividend,中证红利,2296.259,2287.4152000000004,2269.6131666666665,2289.6931666666665,2286.4565999999995
2014-04-18,2308.45,2315.23,2315.56,2298.2,16601092.0,dividend,中证红利,2301.205,2290.5668,2272.099166666667,2289.329583333333,2287.29535
2014-04-21,2298.52,2274.79,2318.8,2274.43,17403909.0,dividend,中证红利,2301.448,2292.4444,2274.263,2288.8135833333336,2287.9518
2014-04-22,2272.06,2272.02,2284.52,2242.73,18353525.0,dividend,中证红利,2300.5960000000005,2292.8920000000003,2276.5486666666666,2288.3941666666665,2288.6806500000002
2014-04-23,2265.23,2259.77,2274.75,2252.51,17130195.0,dividend,中证红利,2298.92,2292.384,2278.278666666666,2287.88525,2289.3295000000003
2014-04-24,2257.78,2253.87,2272.23,2251.06,13945300.0,dividend,中证红利,2296.7455,2292.0344,2279.0900000000006,2287.1133333333332,2289.68395
2014-04-25,2253.59,2220.52,2259.4,2219.77,19813139.0,dividend,中证红利,2294.4044999999996,2292.2028,2279.4698333333336,2285.81875,2289.84905
2014-04-28,2214.95,2179.49,2216.99,2176.51,21235091.0,dividend,中证红利,2291.096,2288.5852,2278.8676666666665,2284.454083333333,2289.80385
2014-04-29,2177.18,2204.48,2205.01,2175.25,16370578.0,dividend,中证红利,2289.1040000000003,2285.202,2278.9955,2283.1359166666666,2289.9918
2014-04-30,2205.53,2215.1,2221.65,2200.35,14567746.0,dividend,中证红利,2286.0245,2282.0744,2279.1631666666667,2281.971166666667,2290.17725
2014-05-05,2212.14,2219.36,2220.24,2194.36,16251158.0,dividend,中证红利,2282.2045,2278.9544,2279.036333333333,2280.884166666667,2290.3597499999996
2014-05-06,2215.63,2223.85,2232.8,2213.39,15494252.0,dividend,中证红利,2280.0024999999996,2277.2147999999997,2279.295833333333,2280.070416666667,2290.84085
2014-05-07,2219.13,2196.71,2219.13,2195.66,16398623.0,dividend,中证红利,2275.7,2275.2568,2278.7169999999996,2279.0315,2291.1366
2014-05-08,2191.53,2195.76,2226.21,2188.87,16685372.0,dividend,中证红利,2269.62,2273.3144,2277.088,2278.2209166666667,2291.18045
2014-05-09,2196.29,2185.54,2200.09,2173.37,15341303.0,dividend,中证红利,2262.5185,2269.6684,2275.022,2277.27975,2290.56055
2014-05-12,2201.44,2243.14,2243.65,2194.58,25613663.0,dividend,中证红利,2256.859,2267.5636,2273.692666666667,2276.6285,2290.52215
2014-05-13,2248.47,2239.21,2251.65,2229.61,21560024.0,dividend,中证红利,2251.04,2266.4164,2272.573,2276.4590833333336,2290.3346
2014-05-14,2236.47,2235.18,2243.15,2229.1,15539881.0,dividend,中证红利,2244.6215,2264.5132,2270.9695,2276.26975,2290.0991999999997
2014-05-15,2229.79,2201.86,2231.7,2200.0,15179574.0,dividend,中证红利,2238.641,2259.8932,2268.276166666667,2275.4729166666666,2289.85925
2014-05-16,2196.89,2196.81,2200.48,2176.93,15082673.0,dividend,中证红利,2232.409,2254.6628,2265.562833333333,2273.884916666667,2289.80905
2014-05-19,2191.13,2174.46,2191.13,2161.5,15841154.0,dividend,中证红利,2225.3574999999996,2247.388,2262.2200000000003,2272.2715833333336,2289.8864
2014-05-20,2181.83,2174.07,2193.95,2169.5,13456431.0,dividend,中证红利,2218.2995,2240.1272,2258.9963333333335,2270.5881666666664,2289.9393
2014-05-21,2165.52,2193.59,2194.06,2151.59,13383357.0,dividend,中证红利,2214.2395,2233.3288000000002,2256.5861666666665,2269.1414999999997,2289.8298999999997
2014-05-22,2191.7,2185.12,2211.56,2184.41,14926504.0,dividend,中证红利,2209.8945,2227.8748,2254.5278333333335,2267.6891666666666,2289.7723
2014-05-23,2178.74,2198.75,2198.85,2176.55,11407311.0,dividend,中证红利,2206.8435,2222.9668,2253.7726666666667,2266.48,2289.81755
2014-05-26,2209.32,2218.11,2222.42,2208.72,13307783.0,dividend,中证红利,2205.0555,2219.0716,2253.1414999999997,2265.45675,2290.0117999999998
2014-05-27,2216.45,2210.85,2223.31,2209.57,13483344.0,dividend,中证红利,2204.572,2214.8964,2252.3320000000003,2264.1873333333338,2290.41125
2014-05-28,2208.9,2225.1,2228.43,2203.24,15190744.0,dividend,中证红利,2206.8525,2212.9088,2251.4685000000004,2262.8808333333336,2290.7638500000003
2014-05-29,2225.09,2205.06,2229.39,2203.53,14965783.0,dividend,中证红利,2206.8815,2210.2304,2249.773333333333,2261.4294166666664,2291.01965
2014-05-30,2203.45,2204.89,2214.81,2192.14,14578253.0,dividend,中证红利,2206.371,2208.0352,2248.2988333333333,2259.7764166666666,2291.05235
2014-06-03,2204.28,2198.36,2213.76,2197.65,14255766.0,dividend,中证红利,2205.321,2205.8147999999997,2246.9775,2258.013,2291.076
2014-06-04,2196.2,2175.24,2197.32,2165.11,14194202.0,dividend,中证红利,2202.8905,2204.0036,2245.2955,2255.8809166666665,2290.8770999999997
2014-06-05,2172.19,2194.35,2194.97,2168.09,11874890.0,dividend,中证红利,2202.7725,2204.598,2244.088333333333,2253.969666666667,2290.7506
2014-06-06,2193.89,2181.37,2193.89,2172.69,11924958.0,dividend,中证红利,2202.053,2203.6736,2244.0603333333333,2252.0671666666667,2290.6297
2014-06-09,2174.57,2174.48,2190.94,2170.76,11526439.0,dividend,中证红利,2201.5,2202.0488,2243.8533333333335,2250.154666666667,2290.5233000000003
2014-06-10,2177.2,2201.63,2201.7,2171.87,16126965.0,dividend,中证红利,2199.4245,2201.3396,2243.891666666667,2248.43225,2290.53095
2014-06-11,2199.16,2209.18,2210.27,2196.77,13240428.0,dividend,中证红利,2197.923,2200.7528,2243.4373333333333,2247.134833333333,2290.1916
2014-06-12,2205.82,2198.45,2205.91,2192.34,13450090.0,dividend,中证红利,2196.0865000000003,2200.8224,2242.947333333333,2245.815666666667,2289.72525
2014-06-13,2194.45,2226.23,2227.98,2193.88,21567951.0,dividend,中证红利,2197.305,2202.0412,2242.3706666666667,2244.8201666666664,2289.44825
2014-06-16,2229.58,2248.84,2249.95,2229.58,24567072.0,dividend,中证红利,2199.9065,2204.5732000000003,2241.976833333333,2244.190416666667,2289.38305
2014-06-17,2245.58,2230.04,2245.58,2227.62,16692962.0,dividend,中证红利,2202.6855000000005,2204.0492,2241.434,2243.5136666666667,2289.2395500000002
2014-06-18,2224.86,2208.66,2225.54,2206.08,16776708.0,dividend,中证红利,2204.415,2202.8272,2241.3065,2242.670833333333,2288.87245
2014-06-19,2208.85,2163.07,2212.7,2156.47,16575867.0,dividend,中证红利,2202.889,2199.9428,2239.5255000000006,2241.608416666667,2288.32815
2014-06-20,2160.33,2180.25,2180.8,2160.33,13488179.0,dividend,中证红利,2202.6454999999996,2199.0784,2237.712,2241.0354166666666,2287.9051999999997
2014-06-23,2179.32,2179.51,2190.89,2176.3,12421221.0,dividend,中证红利,2201.6835,2198.3864000000003,2235.815666666667,2240.4434166666665,2287.5115
2014-06-24,2175.92,2189.65,2190.7,2173.8,11375125.0,dividend,中证红利,2200.2605,2198.994,2234.0204999999996,2239.8634166666666,2287.2828499999996
2014-06-25,2186.08,2182.07,2186.27,2171.36,11522868.0,dividend,中证红利,2198.8215,2199.314,2232.599333333333,2239.1043333333337,2286.77575
2014-06-26,2183.64,2202.67,2202.88,2183.23,13485643.0,dividend,中证红利,2197.7,2199.6772,2231.8828333333336,2238.8977499999996,2286.3520000000003
2014-06-27,2197.18,2212.92,2219.04,2191.27,15183479.0,dividend,中证红利,2198.093,2200.7891999999997,2231.3594999999996,2238.476333333333,2286.0323000000003
2014-06-30,2219.86,2232.08,2232.87,2214.62,16892477.0,dividend,中证红利,2199.4525000000003,2202.1223999999997,2230.6160000000004,2238.2895,2285.8416500000003
2014-07-01,2233.19,2238.46,2240.54,2225.18,15874127.0,dividend,中证红利,2201.4575,2202.9364,2229.661,2237.996,2285.67755
2014-07-02,2237.19,2258.17,2258.77,2231.28,17622539.0,dividend,中证红利,2205.6040000000003,2204.8291999999997,2229.4990000000003,2237.89575,2285.5738
2014-07-03,2256.12,2275.2,2281.27,2252.78,19473922.0,dividend,中证红利,2209.6465,2206.8332,2229.373,2238.1753333333336,2285.38965
2014-07-04,2275.9,2267.22,2279.17,2263.31,16868626.0,dividend,中证红利,2213.939,2209.3196000000003,2228.537333333333,2238.8219999999997,2285.1564000000003
2014-07-07,2264.93,2266.72,2274.54,2255.21,15331159.0,dividend,中证红利,2218.551,2211.7928,2227.5231666666664,2239.4576666666667,2284.9424
2014-07-08,2265.88,2277.43,2278.54,2249.9,16399643.0,dividend,中证红利,2222.341,2214.9556,2226.2081666666663,2240.2390833333334,2284.65735
2014-07-09,2271.66,2243.19,2272.02,2241.99,18953193.0,dividend,中证红利,2224.0415000000003,2217.6736,2224.3348333333333,2240.9334166666667,2283.60935
2014-07-10,2241.78,2238.56,2251.35,2234.92,16411937.0,dividend,中证红利,2226.0469999999996,2219.442,2222.251666666666,2241.7604166666665,2282.3691
2014-07-11,2232.09,2247.16,2256.74,2230.55,16585596.0,dividend,中证红利,2227.0935,2222.0736,2221.0131666666666,2242.6924999999997,2281.1634
2014-07-14,2247.91,2284.32,2284.6,2247.86,20769668.0,dividend,中证红利,2228.8675,2226.4672,2220.394333333333,2243.6996666666664,2279.9379
2014-07-15,2283.55,2288.45,2288.45,2271.82,22057736.0,dividend,中证红利,2231.7879999999996,2229.94,2219.9436666666666,2244.7784166666665,2278.92425
2014-07-16,2286.79,2278.06,2296.15,2271.99,26664932.0,dividend,中证红利,2235.2580000000003,2232.6952,2219.3241666666668,2245.711666666667,2277.9148
2014-07-17,2273.06,2264.92,2273.06,2251.2,20700764.0,dividend,中证红利,2240.3505,2235.354,2219.1596666666665,2246.711333333333,2277.1111499999997
2014-07-18,2255.06,2272.45,2283.98,2252.6,21334272.0,dividend,中证红利,2244.9605,2237.2028,2219.1668333333337,2247.85775,2276.3315000000002
2014-07-21,2271.39,2265.66,2274.63,2260.21,17559943.0,dividend,中证红利,2249.268,2237.8756,2219.265,2248.7718333333332,2275.39815
2014-07-22,2264.84,2305.31,2305.98,2263.94,25902048.0,dividend,中证红利,2255.051,2240.8864000000003,2220.1223333333332,2249.606166666667,2274.8907
2014-07-23,2306.47,2304.73,2319.66,2294.63,28874546.0,dividend,中证红利,2261.1839999999997,2244.7291999999998,2221.525833333333,2250.4978333333333,2274.4620999999997
2014-07-24,2310.45,2331.59,2334.92,2305.75,44112180.0,dividend,中证红利,2267.63,2251.47,2224.060833333334,2251.4642499999995,2274.38025
2014-07-25,2335.4,2358.1,2358.1,2332.71,32984489.0,dividend,中证红利,2274.889,2258.584,2226.6211666666663,2252.8083333333334,2274.37055
2014-07-28,2369.38,2409.37,2410.28,2368.67,60540854.0,dividend,中证红利,2283.7535,2267.7784,2229.8589999999995,2254.5110833333333,2274.5746999999997
2014-07-29,2416.11,2433.99,2443.38,2407.0,44555837.0,dividend,中证红利,2293.5299999999997,2277.5519999999997,2233.436166666667,2256.23625,2274.8101
2014-07-30,2423.58,2423.9,2435.47,2412.29,40769683.0,dividend,中证红利,2301.8165,2287.2252,2236.7703333333334,2258.0330833333337,2274.9378500000003
2014-07-31,2419.49,2450.5,2450.5,2418.19,30855960.0,dividend,中证红利,2310.5815,2297.1384,2241.0001666666667,2259.8585833333336,2275.4033
2014-08-01,2440.7,2432.27,2467.79,2426.98,43127888.0,dividend,中证红利,2318.834,2305.9123999999997,2244.942,2261.015,2275.5373
2014-08-04,2435.48,2471.8,2472.02,2433.43,40890574.0,dividend,中证红利,2329.088,2315.5012,2249.713,2262.3675000000003,2275.88665
2014-08-05,2472.25,2471.4,2475.32,2454.92,34214211.0,dividend,中证红利,2338.7865,2324.8188,2253.5173333333337,2263.605,2276.29455
2014-08-06,2462.14,2478.58,2485.48,2447.07,33634039.0,dividend,中证红利,2350.5559999999996,2333.6352,2257.506833333333,2265.0399166666666,2276.9200499999997
2014-08-07,2477.42,2447.29,2484.58,2445.4,32345587.0,dividend,中证红利,2360.9925,2340.5188,2261.042,2266.00575,2277.40915
2014-08-08,2444.41,2452.53,2459.42,2438.09,25915325.0,dividend,中证红利,2371.261,2347.9312000000004,2265.2198333333336,2266.748,2277.8837
2014-08-11,2455.19,2495.59,2495.59,2455.19,27995774.0,dividend,中证红利,2381.8244999999997,2357.0860000000002,2270.1995,2267.8811666666666,2278.39565
2014-08-12,2494.06,2498.14,2498.58,2484.49,25343591.0,dividend,中证红利,2392.309,2365.9144,2275.5941666666668,2268.907083333333,2279.0299
2014-08-13,2499.32,2503.21,2511.71,2474.93,30767562.0,dividend,中证红利,2403.5665,2376.3152,2281.0798333333337,2270.0380833333334,2279.7516499999997
2014-08-14,2501.06,2483.61,2514.64,2479.87,28454770.0,dividend,中证红利,2414.5009999999997,2386.1172,2285.9135000000006,2271.2498333333333,2280.48615
2014-08-15,2480.64,2501.63,2504.63,2471.97,25780320.0,dividend,中证红利,2425.96,2396.2960000000003,2291.1886666666664,2272.8582499999998,2281.38255
2014-08-18,2502.97,2520.74,2520.74,2502.97,26498814.0,dividend,中证红利,2438.714,2405.7528,2296.5551666666665,2275.1639166666664,2282.38205
2014-08-19,2523.69,2520.11,2523.88,2501.53,29835627.0,dividend,中证红利,2449.454,2415.0192,2301.5885,2277.365,2283.2501
2014-08-20,2512.55,2505.37,2517.7,2499.54,25775049.0,dividend,中证红利,2459.486,2424.1115999999997,2306.4971666666665,2279.414583333333,2283.8976000000002
2014-08-21,2505.35,2484.31,2507.19,2461.38,26035140.0,dividend,中证红利,2467.1220000000003,2432.8872,2310.817333333333,2281.142916666666,2284.6029
2014-08-22,2481.62,2494.78,2497.11,2473.97,23933511.0,dividend,中证红利,2473.956,2441.7804,2315.6459999999997,2282.7096666666666,2285.2634999999996
2014-08-25,2494.17,2477.73,2494.66,2471.52,25586023.0,dividend,中证红利,2477.374,2450.2632,2320.1933333333336,2284.246083333333,2285.8778
2014-08-26,2472.83,2453.83,2486.58,2443.54,24629663.0,dividend,中证红利,2478.366,2456.2039999999997,2324.4511666666667,2285.714333333333,2286.39795
2014-08-27,2451.58,2455.42,2459.63,2445.27,15803200.0,dividend,中证红利,2479.942,2462.2315999999996,2329.1208333333334,2287.2081666666663,2287.06755
2014-08-28,2455.61,2431.74,2457.41,2424.7,19888517.0,dividend,中证红利,2479.004,2466.2376,2333.077333333333,2288.582833333333,2287.61935
2014-08-29,2434.0,2462.89,2463.57,2432.43,16425566.0,dividend,中证红利,2480.5350000000003,2470.4292,2337.769333333333,2290.9148333333333,2288.4686500000003
2014-09-01,2464.21,2489.37,2489.56,2463.42,21173851.0,dividend,中证红利,2481.4134999999997,2473.6292,2343.0175,2293.4354166666667,2289.4231
2014-09-02,2493.0,2522.32,2522.99,2488.12,32899944.0,dividend,中证红利,2483.9595,2477.1623999999997,2348.362333333333,2296.127,2290.42825
2014-09-03,2526.78,2541.32,2544.96,2526.62,36217457.0,dividend,中证红利,2487.0965000000006,2481.8592,2353.898,2298.6676666666667,2291.8371500000003
2014-09-04,2540.64,2557.47,2558.14,2534.17,32437201.0,dividend,中证红利,2492.6055,2486.138,2359.881666666667,2301.4145000000003,2293.335
2014-09-05,2563.02,2576.95,2578.58,2557.47,38487380.0,dividend,中证红利,2498.8265,2491.9252,2365.727,2304.0488333333333,2294.73235
2014-09-09,2581.67,2584.56,2588.72,2568.26,29828334.0,dividend,中证红利,2503.275,2496.4356,2371.322333333333,2306.649583333333,2295.7183
2014-09-10,2577.54,2576.88,2580.2,2561.86,28473703.0,dividend,中证红利,2507.212,2500.6548,2377.103,2309.2684999999997,2296.7624
2014-09-11,2575.21,2568.82,2605.14,2557.83,35906659.0,dividend,中证红利,2510.4925,2504.2643999999996,2383.105666666667,2312.206083333333,2297.7261000000003
2014-09-12,2564.07,2585.52,2585.52,2555.04,26928560.0,dividend,中证红利,2515.588,2509.7936,2390.1465,2314.8360000000002,2298.81775
2014-09-15,2585.06,2598.57,2598.87,2576.41,32538828.0,dividend,中证红利,2520.435,2515.6351999999997,2397.1184999999996,2317.41525,2300.0135999999998
2014-09-16,2597.37,2542.44,2605.59,2541.02,52582382.0,dividend,中证红利,2521.52,2517.5092,2403.1673333333333,2319.4915000000005,2301.00655
2014-09-17,2541.67,2550.39,2550.94,2518.69,33642242.0,dividend,中证红利,2523.034,2519.5992,2409.1796666666664,2321.600083333333,2302.054
2014-09-18,2548.32,2563.51,2565.74,2538.97,36207413.0,dividend,中证红利,2525.941,2522.0112,2415.537,2324.0681666666665,2303.0556500000002
2014-09-19,2563.08,2583.85,2583.99,2556.41,30566971.0,dividend,中证红利,2530.918,2526.0208000000002,2421.89,2326.8864166666667,2304.0654999999997
2014-09-22,2577.49,2544.38,2577.51,2537.7,32146443.0,dividend,中证红利,2533.398,2527.7308,2427.4143333333336,2329.386916666667,2304.89125
2014-09-23,2543.97,2565.65,2565.92,2543.75,24758593.0,dividend,中证红利,2537.7940000000003,2529.5272,2432.973833333333,2331.7949166666667,2305.70325
2014-09-24,2559.65,2603.93,2604.45,2555.53,40988474.0,dividend,中证红利,2545.299,2532.88,2439.065,2334.363,2306.67305
2014-09-25,2611.23,2602.48,2626.09,2593.47,40067880.0,dividend,中证红利,2552.652,2536.7644,2444.8035,2337.1512500000003,2307.53
2014-09-26,2596.76,2605.59,2608.38,2587.93,26019477.0,dividend,中证红利,2561.3445,2541.6156,2450.31,2339.8415,2308.43945
2014-09-29,2611.6,2626.36,2627.1,2609.86,33170435.0,dividend,中证红利,2569.518,2546.8788,2456.2956666666664,2342.4165,2309.5229
2014-09-30,2629.76,2629.08,2633.49,2619.86,29248885.0,dividend,中证红利,2576.5035000000003,2552.9328000000005,2462.335,2344.9290833333334,2310.6484
2014-10-08,2635.47,2648.56,2648.56,2621.99,34424022.0,dividend,中证红利,2582.8155,2560.722,2468.5205,2347.364333333333,2311.8496
2014-10-09,2649.47,2660.51,2660.85,2631.71,36979738.0,dividend,中证红利,2588.7750000000005,2568.9256000000005,2475.4758333333334,2349.9053333333336,2313.3278
2014-10-10,2653.56,2644.9,2658.98,2632.09,35319145.0,dividend,中证红利,2593.1465,2577.4519999999998,2482.2481666666667,2352.2499166666666,2314.76855
2014-10-13,2632.46,2631.66,2632.71,2600.47,32800879.0,dividend,中证红利,2595.882,2584.2028,2488.6565,2354.8348333333333,2316.1983999999998
2014-10-14,2626.15,2623.58,2648.92,2610.15,32325204.0,dividend,中证红利,2597.833,2589.5712000000003,2494.3108333333334,2357.3525833333333,2317.69425
2014-10-15,2622.24,2641.37,2641.96,2610.1,38583200.0,dividend,中证红利,2601.0575,2594.3332,2500.192833333333,2360.06825,2319.34485
2014-10-16,2628.29,2616.31,2659.27,2616.12,53250438.0,dividend,中证红利,2603.4320000000002,2597.3328,2505.830333333333,2362.5772500000003,2320.8774
2014-10-17,2610.79,2597.97,2619.89,2560.38,40956451.0,dividend,中证红利,2604.0544999999997,2598.9528,2511.3811666666666,2365.2704166666663,2322.41445
2014-10-20,2602.4,2620.93,2621.28,2599.82,29089052.0,dividend,中证红利,2605.1724999999997,2600.712,2517.1891666666666,2368.1780000000003,2324.27405
2014-10-21,2621.27,2598.18,2626.88,2595.46,28961906.0,dividend,中证红利,2607.9595,2601.2568,2522.7311666666665,2370.9980833333334,2326.0122
2014-10-22,2597.79,2576.21,2607.5,2574.85,26948740.0,dividend,中证红利,2609.2504999999996,2601.23,2527.2461666666663,2373.68425,2327.597
2014-10-23,2572.12,2546.07,2580.7,2540.12,33348924.0,dividend,中证红利,2608.3785,2600.32,2531.2685,2376.3971666666666,2328.96155
2014-10-24,2546.89,2547.77,2562.05,2542.43,24178078.0,dividend,中证红利,2606.5744999999997,2598.81,2534.8715,2379.4661666666666,2330.5631
2014-10-27,2541.79,2541.56,2546.32,2524.74,24824219.0,dividend,中证红利,2606.4335,2596.5296,2537.929166666667,2382.275166666667,2331.95345
2014-10-28,2546.79,2599.27,2599.48,2546.79,32387736.0,dividend,中证红利,2608.1145,2598.8028,2541.094166666667,2385.4765833333336,2333.6773000000003
2014-10-29,2604.58,2645.35,2652.23,2597.46,51153454.0,dividend,中证红利,2610.1855,2602.6012,2544.616833333333,2389.0265,2335.53565
2014-10-30,2641.68,2668.81,2675.49,2636.5,61010299.0,dividend,中证红利,2613.502,2606.8132,2548.6986666666667,2392.7345,2337.5287000000003
2014-10-31,2669.26,2691.59,2696.3,2658.79,95566340.0,dividend,中证红利,2617.802,2611.1228,2552.7168333333334,2396.8585000000003,2339.7784
2014-11-03,2699.23,2714.2,2722.4,2693.12,65876767.0,dividend,中证红利,2622.194,2617.9156,2557.4156666666668,2401.178833333333,2342.4013
2014-11-04,2714.38,2712.74,2720.13,2697.88,61672487.0,dividend,中证红利,2626.377,2623.7992,2561.4313333333334,2405.572166666667,2345.0128
2014-11-05,2717.03,2705.87,2724.42,2704.37,58344062.0,dividend,中证红利,2629.2425,2627.8768,2565.3391666666666,2409.42825,2347.62385
2014-11-06,2707.11,2720.47,2721.3,2683.09,48375764.0,dividend,中证红利,2632.2405,2632.5964000000004,2569.370666666667,2413.43875,2350.42685
2014-11-07,2721.47,2707.88,2750.06,2693.56,74209086.0,dividend,中证红利,2635.3895,2636.688,2573.7138333333337,2417.3779166666664,2353.26965
2014-11-10,2722.73,2768.25,2768.25,2715.06,83255843.0,dividend,中证红利,2642.219,2642.3635999999997,2578.9758333333334,2422.0978333333333,2356.4343500000004
2014-11-11,2773.2,2725.34,2788.62,2699.34,127819521.0,dividend,中证红利,2647.307,2646.2139999999995,2582.8050000000003,2426.50225,2359.24375
2014-11-12,2711.77,2768.28,2768.7,2706.13,67848586.0,dividend,中证红利,2653.6525,2651.0027999999998,2587.307333333333,2431.4507499999995,2362.2901500000003
2014-11-13,2768.78,2753.06,2777.29,2732.12,74902928.0,dividend,中证红利,2660.49,2654.7048,2591.4715,2436.275666666667,2365.2251
2014-11-14,2743.67,2741.09,2745.24,2719.47,50145130.0,dividend,中证红利,2667.646,2658.5524,2595.762833333333,2440.838166666667,2368.2057499999996
2014-11-17,2769.06,2748.56,2771.82,2739.16,54775264.0,dividend,中证红利,2674.0275,2663.2283999999995,2599.8783333333336,2445.5335,2371.2741499999997
2014-11-18,2749.81,2736.91,2753.25,2725.55,53919451.0,dividend,中证红利,2680.964,2667.7616,2603.4811666666665,2450.0181666666667,2374.1788500000002
2014-11-19,2732.1,2725.61,2739.31,2719.02,39353665.0,dividend,中证红利,2688.434,2671.1312,2606.9061666666666,2454.2473333333332,2376.78095
2014-11-20,2717.94,2726.81,2730.1,2709.08,35313815.0,dividend,中证红利,2697.4710000000005,2675.5512,2610.5968333333335,2458.5469999999996,2379.42635
2014-11-21,2725.74,2763.07,2764.26,2721.3,50382303.0,dividend,中证红利,2708.236,2682.1552,2615.2428333333332,2463.030083333333,2382.1636000000003
2014-11-24,2787.22,2810.73,2825.98,2770.96,89514970.0,dividend,中证红利,2721.6945,2689.7472000000002,2620.508666666667,2468.0773333333336,2385.2332
2014-11-25,2812.61,2860.05,2860.18,2809.56,72835764.0,dividend,中证红利,2734.7335,2700.222,2626.8806666666665,2473.537,2388.50825
2014-11-26,2866.48,2879.97,2880.12,2848.23,88416459.0,dividend,中证红利,2746.4645,2712.3723999999997,2633.9829999999997,2479.2170833333334,2391.77325
2014-11-27,2889.84,2889.64,2894.66,2860.61,95910835.0,dividend,中证红利,2757.5060000000003,2726.1152,2641.2200000000003,2485.170416666667,2395.18005
2014-11-28,2886.34,2923.64,2923.83,2871.99,152648404.0,dividend,中证红利,2769.1085,2741.15,2649.4183333333335,2491.2478333333333,2398.6410499999997
2014-12-01,2932.0,2935.2,2957.34,2918.54,141748488.0,dividend,中证红利,2780.1585,2756.8956,2657.2901666666667,2497.52975,2401.84955
2014-12-02,2924.32,2999.53,3014.76,2919.62,149993629.0,dividend,中证红利,2794.498,2772.906,2665.7928333333334,2504.4051666666664,2405.2997
2014-12-03,3005.47,3032.12,3061.94,2981.39,179726640.0,dividend,中证红利,2810.8105,2788.3768000000005,2674.2895,2511.3259166666667,2408.8458
2014-12-04,3040.75,3133.92,3134.98,3029.25,173998625.0,dividend,中证红利,2831.4829999999997,2806.9812,2684.166166666667,2519.0320833333335,2412.98345
2014-12-05,3154.3,3109.27,3177.95,3011.95,231382743.0,dividend,中证红利,2851.5525000000002,2823.6883999999995,2693.362833333333,2526.62225,2416.87285
2014-12-08,3085.17,3188.33,3200.38,3057.39,209169336.0,dividend,中证红利,2872.5564999999997,2842.6535999999996,2703.5525,2534.6397500000003,2420.9972
2014-12-09,3173.7,3069.59,3290.13,3048.13,248742105.0,dividend,中证红利,2889.769,2856.9275999999995,2711.6363333333334,2541.479333333333,2424.5471
2014-12-10,3075.4,3199.79,3203.62,3044.48,165985324.0,dividend,中证红利,2911.3445,2876.6844,2722.0181666666667,2549.5605833333334,2428.6709
2014-12-11,3188.21,3225.46,3260.85,3174.29,132209037.0,dividend,中证红利,2934.9645,2896.8839999999996,2732.9621666666662,2558.0339166666663,2432.96075
2014-12-12,3233.1,3241.77,3251.03,3214.16,106986609.0,dividend,中证红利,2959.9984999999997,2918.2395999999994,2743.8996666666667,2567.023083333333,2437.4786000000004
2014-12-15,3241.01,3268.46,3276.5,3204.83,116475731.0,dividend,中证红利,2985.9934999999996,2938.248,2755.0645,2576.0915,2442.2778
2014-12-16,3271.12,3318.86,3319.11,3257.25,148427829.0,dividend,中证红利,3015.091,2961.9888,2768.0048333333334,2585.5860833333336,2447.6518
2014-12-17,3329.52,3346.58,3360.52,3286.4,226455087.0,dividend,中证红利,3046.1395,2985.1208,2781.2746666666667,2595.2271666666666,2453.1047999999996
2014-12-18,3353.2,3348.44,3372.01,3321.48,157838730.0,dividend,中证红利,3077.221,3008.9359999999997,2794.3568333333333,2604.9469166666668,2458.5499
2014-12-19,3349.23,3423.91,3425.68,3314.63,187174398.0,dividend,中证红利,3110.263,3036.2488,2808.3578333333335,2615.1239166666664,2464.2849
2014-12-22,3452.9,3439.21,3496.67,3388.83,288129727.0,dividend,中证红利,3141.6870000000004,3063.8748000000005,2823.2716666666665,2625.3430000000003,2469.9471
2014-12-23,3401.58,3330.99,3438.73,3323.32,191542678.0,dividend,中证红利,3165.234,3087.638,2836.027333333333,2634.5005833333335,2475.13525
2014-12-24,3332.25,3275.2,3345.55,3235.7,153275679.0,dividend,中证红利,3184.9955,3109.6216000000004,2847.215166666667,2643.140083333333,2480.12305
2014-12-25,3294.64,3373.73,3374.24,3272.53,156846325.0,dividend,中证红利,3209.2,3135.4984000000004,2860.0693333333334,2652.4364166666664,2485.6109
2014-12-26,3379.13,3433.28,3439.35,3361.98,185923884.0,dividend,中证红利,3234.682,3162.3068,2873.8641666666667,2662.0870833333333,2491.4434
2014-12-29,3460.29,3419.23,3473.96,3382.13,211857670.0,dividend,中证红利,3258.8835,3186.6468,2887.078666666667,2671.687166666667,2497.6243
2014-12-30,3413.06,3383.05,3432.69,3356.8,165835494.0,dividend,中证红利,3278.0595000000003,3207.5668,2899.6448333333333,2680.9899166666664,2503.60505
2014-12-31,3387.77,3448.8,3455.24,3374.17,181606969.0,dividend,中证红利,3298.8934999999997,3230.32,2912.9821666666667,2690.751333333333,2509.8523999999998
2015-01-05,3470.71,3582.31,3592.21,3470.71,210390867.0,dividend,中证红利,3321.3130000000006,3258.0268,2928.3455,2701.910666666666,2516.5817500000003
2015-01-06,3559.17,3605.6,3633.98,3534.31,203922939.0,dividend,中证红利,3346.1295,3285.3052000000002,2944.3571666666667,2713.302666666667,2523.4705
2015-01-07,3580.71,3596.05,3604.41,3545.79,142606710.0,dividend,中证红利,3366.5155,3311.7392,2960.430333333333,2724.543416666667,2530.1465999999996
2015-01-08,3593.23,3517.6,3600.52,3512.89,136486365.0,dividend,中证红利,3388.916,3332.462,2975.3306666666667,2734.82075,2536.37225
2015-01-09,3501.57,3499.42,3605.67,3492.47,173327121.0,dividend,中证红利,3403.8975,3351.1539999999995,2989.6315000000004,2744.912166666667,2542.5563
2015-01-12,3468.42,3423.42,3473.63,3391.9,123323647.0,dividend,中证红利,3413.7955,3362.7339999999995,3003.0833333333335,2754.456833333333,2548.59185
2015-01-13,3413.55,3451.44,3453.91,3412.09,79466628.0,dividend,中证红利,3424.279,3376.4208000000003,3017.3078333333333,2764.3445,2554.4994
2015-01-14,3455.95,3442.53,3484.11,3419.93,95631426.0,dividend,中证红利,3432.9824999999996,3386.5888,3031.0011666666664,2774.0951666666665,2560.26675
2015-01-15,3441.94,3532.47,3532.66,3436.39,117329332.0,dividend,中证红利,3443.6630000000005,3405.1040000000003,3046.5726666666665,2784.6519166666667,2566.46265
2015-01-16,3538.52,3559.57,3572.02,3523.93,139605512.0,dividend,中证红利,3454.3125,3419.4952000000003,3062.962,2795.104083333333,2572.7736999999997
2015-01-19,3391.79,3294.75,3459.59,3266.68,160760773.0,dividend,中证红利,3451.6279999999997,3422.2668000000003,3075.44,2803.35425,2577.91075
2015-01-20,3302.48,3372.58,3387.05,3301.06,137757134.0,dividend,中证红利,3449.0615,3427.4992,3089.1868333333337,2812.0291666666667,2583.54535
2015-01-21,3387.58,3493.49,3500.47,3375.36,161293326.0,dividend,中证红利,3451.7755000000006,3436.5004,3105.0523333333335,2821.49075,2589.7912
2015-01-22,3494.1,3517.13,3524.47,3463.0,109732829.0,dividend,中证红利,3461.0824999999995,3444.4312,3120.35,2830.7220833333336,2595.9934
2015-01-23,3526.59,3502.09,3550.43,3485.37,121803598.0,dividend,中证红利,3472.4270000000006,3450.6515999999997,3134.6290000000004,2839.6229166666667,2602.02505
2015-01-26,3499.78,3555.09,3555.58,3493.18,94036824.0,dividend,中证红利,3481.4950000000003,3458.9176,3149.400333333333,2849.0495,2608.46105
2015-01-27,3556.92,3550.81,3567.98,3482.42,117591069.0,dividend,中证红利,3487.3715,3463.9936,3163.7206666666666,2858.21875,2614.8013
2015-01-28,3528.86,3519.71,3558.01,3506.47,88799386.0,dividend,中证红利,3492.3955,3467.2136,3177.1458333333335,2867.28075,2620.8130499999997
2015-01-29,3479.59,3497.69,3515.71,3470.09,97628179.0,dividend,中证红利,3498.1274999999996,3473.8816,3190.228333333333,2875.8298333333328,2626.66365
2015-01-30,3502.25,3452.85,3516.64,3452.75,83350699.0,dividend,中证红利,3498.3300000000004,3480.9875999999995,3202.678,2884.0085833333337,2632.14625
2015-02-02,3393.79,3373.15,3417.14,3365.72,85947456.0,dividend,中证红利,3487.8720000000003,3480.9644,3213.5559999999996,2891.463333333333,2637.2340499999996
2015-02-03,3394.11,3430.6,3431.32,3373.51,85777521.0,dividend,中证红利,3479.1220000000003,3480.8572,3225.601333333333,2899.6575833333336,2642.5693
2015-02-04,3438.38,3406.78,3456.95,3403.69,79870886.0,dividend,中证红利,3469.6585,3480.3592000000003,3236.2434999999996,2907.6096666666663,2647.99585
2015-02-05,3469.67,3358.18,3470.81,3358.18,118066500.0,dividend,中证红利,3461.687500000001,3479.3644,3246.790833333333,2914.797916666667,2653.1795
2015-02-06,3343.79,3280.88,3350.1,3260.84,83721301.0,dividend,中证红利,3450.7604999999994,3472.6476000000002,3255.3341666666665,2921.32075,2658.0064500000003
2015-02-09,3271.13,3281.78,3302.91,3252.01,77741917.0,dividend,中证红利,3443.6784999999995,3460.6264,3264.1461666666664,2927.8088333333335,2662.8392000000003
2015-02-10,3282.67,3342.44,3343.21,3280.07,72063420.0,dividend,中证红利,3438.2285,3450.1,3274.1686666666665,2934.9657500000003,2668.17745
2015-02-11,3346.26,3358.0,3364.84,3345.56,49459276.0,dividend,中证红利,3434.0020000000004,3440.5780000000004,3284.326,2942.1021666666666,2673.6073499999998
2015-02-12,3359.25,3365.3,3371.82,3334.95,57003549.0,dividend,中证红利,3425.6434999999997,3434.486,3294.799166666666,2949.1401666666666,2679.135
2015-02-13,3380.0,3408.9,3437.79,3380.0,82851513.0,dividend,中证红利,3418.1099999999997,3430.8652,3306.1873333333338,2956.5467500000004,2684.91015
2015-02-16,3410.18,3435.29,3435.52,3401.81,55409474.0,dividend,中证红利,3425.137,3431.34,3317.9953333333333,2964.2960833333336,2690.9839999999995
2015-02-17,3441.98,3459.16,3464.64,3441.98,56129379.0,dividend,中证红利,3429.4660000000003,3431.6488,3329.5968333333335,2972.4198333333334,2697.38235
2015-02-25,3466.39,3449.99,3476.26,3436.78,66381768.0,dividend,中证红利,3427.291,3431.9472000000005,3340.251166666667,2980.3799166666668,2703.6099
2015-02-26,3447.74,3518.72,3520.32,3438.9,97241959.0,dividend,中证红利,3427.3705,3431.3972000000003,3351.2290000000003,2989.0548333333336,2710.1279999999997
2015-02-27,3517.16,3522.47,3533.64,3509.75,83086925.0,dividend,中证红利,3428.3895,3429.9131999999995,3361.9373333333333,2997.9601666666663,2716.64355
2015-03-02,3550.11,3567.61,3568.12,3528.04,91520332.0,dividend,中证红利,3429.0155,3440.8275999999996,3373.2368333333334,3007.228416666667,2723.3623500000003
2015-03-03,3555.63,3514.88,3555.63,3512.52,103764579.0,dividend,中证红利,3427.219,3446.5195999999996,3383.0908333333336,3016.254583333334,2729.9532
2015-03-04,3514.57,3544.69,3545.37,3511.87,77573123.0,dividend,中证红利,3428.468,3448.5676000000003,3393.2490000000003,3025.2695833333337,2736.6978499999996
2015-03-05,3539.81,3520.05,3540.5,3494.54,90483323.0,dividend,中证红利,3429.5860000000002,3448.6844,3401.9243333333334,3033.8585833333336,2743.3704000000002
2015-03-06,3518.64,3513.85,3542.78,3504.78,66657761.0,dividend,中证红利,3432.636,3449.1548,3409.9531666666667,3042.1213333333335,2749.72395
2015-03-09,3501.36,3581.55,3581.66,3478.41,117966544.0,dividend,中证红利,3443.0559999999996,3450.2132,3417.4136666666664,3050.7899166666666,2756.4356499999994
2015-03-10,3567.98,3582.02,3602.9,3561.57,85540230.0,dividend,中证红利,3450.6269999999995,3451.4616000000005,3425.2928333333334,3059.3278333333333,2763.1698499999998
2015-03-11,3581.79,3593.49,3611.93,3578.31,80543294.0,dividend,中证红利,3459.9625,3454.4128,3432.0455,3067.799,2770.1279999999997
2015-03-12,3617.44,3640.54,3650.33,3606.33,142233214.0,dividend,中证红利,3474.080499999999,3460.1268,3441.5613333333336,3076.598833333334,2777.34665
2015-03-13,3647.03,3669.45,3678.41,3644.42,118686683.0,dividend,中证红利,3493.5090000000005,3468.7908,3449.389,3085.7035833333334,2784.8215999999998
2015-03-16,3687.36,3746.28,3746.74,3678.95,112057212.0,dividend,中证红利,3516.7340000000004,3483.716,3458.0693333333334,3095.51575,2792.68265
2015-03-17,3768.26,3804.43,3810.87,3757.21,149448816.0,dividend,中证红利,3539.8334999999997,3498.6692000000003,3467.447,3105.673333333333,2800.73685
2015-03-18,3828.31,3904.78,3904.8,3825.78,163378926.0,dividend,中证红利,3567.1724999999997,3518.5892,3478.0523333333335,3116.5584166666667,2809.3351500000003
2015-03-19,3924.26,3926.79,3937.77,3890.87,152074787.0,dividend,中证红利,3595.2470000000003,3541.3336,3488.1845,3128.0946666666664,2817.9753499999997
2015-03-20,3928.87,3958.92,3963.74,3914.01,163239755.0,dividend,中证红利,3622.7480000000005,3568.4551999999994,3498.3901666666666,3139.8324166666666,2826.6794
2015-03-23,3979.76,4040.16,4040.16,3979.76,164500529.0,dividend,中证红利,3652.9915,3598.7904,3509.9188333333336,3152.1378333333337,2835.8259500000004
2015-03-24,4044.64,4060.45,4069.41,3947.03,186715441.0,dividend,中证红利,3683.0559999999996,3627.5107999999996,3520.527833333333,3164.442833333333,2845.0027
2015-03-25,4052.09,4050.85,4075.55,4016.45,153406232.0,dividend,中证红利,3713.0989999999997,3655.2248,3530.7218333333335,3176.99675,2854.2316499999997
2015-03-26,4031.07,4057.97,4097.91,3997.33,138182963.0,dividend,中证红利,3740.0615,3682.9316000000003,3542.838166666667,3189.43275,2863.4970499999995
2015-03-27,4062.27,4095.96,4105.08,4042.47,120775946.0,dividend,中证红利,3768.736,3710.4139999999998,3556.5175,3201.8663333333334,2872.9850500000002
2015-03-30,4116.3,4198.23,4208.21,4116.3,190669747.0,dividend,中证红利,3800.267,3740.9316000000003,3570.2591666666663,3215.16425,2883.1
2015-03-31,4230.59,4167.37,4243.59,4157.93,186504272.0,dividend,中证红利,3832.8914999999993,3769.26,3582.4939999999997,3228.1790833333334,2892.9651
2015-04-01,4167.12,4250.0,4255.23,4167.12,128328609.0,dividend,中证红利,3868.1569999999992,3801.2603999999997,3596.340166666667,3241.7094166666666,2903.30825
2015-04-02,4276.31,4326.28,4327.74,4251.71,132401084.0,dividend,中证红利,3908.4685,3833.5627999999997,3612.0606666666663,3255.85275,2914.0672500000005
2015-04-03,4319.73,4419.57,4421.5,4301.32,123605240.0,dividend,中证红利,3953.7545,3869.4468000000006,3628.240166666667,3270.611166666667,2925.15695
2015-04-07,4470.88,4556.68,4556.68,4467.69,183037823.0,dividend,中证红利,4002.511,3909.0096000000003,3644.4796666666666,3286.4125833333333,2936.8944500000002
2015-04-08,4578.84,4589.57,4617.32,4490.12,199853834.0,dividend,中证红利,4052.8885,3951.9972,3660.8791666666666,3302.6181666666666,2948.85005
2015-04-09,4591.97,4553.79,4612.2,4432.63,191075618.0,dividend,中证红利,4100.903499999999,3992.3612,3676.8415000000005,3318.6359166666666,2960.4878500000004
2015-04-10,4548.9,4676.6,4689.97,4529.25,151260128.0,dividend,中证红利,4152.7065,4038.6232,3696.158166666667,3335.744416666667,2972.6266499999997
2015-04-13,4717.29,4779.3,4791.38,4704.79,210816070.0,dividend,中证红利,4208.199,4089.2412,3717.4895,3353.5605,2985.3729500000004
2015-04-14,4775.8,4805.15,4852.13,4734.36,190889945.0,dividend,中证红利,4261.1425,4138.1852,3740.5183333333334,3371.8008333333332,2998.3554
2015-04-15,4799.69,4687.28,4803.18,4676.92,232893727.0,dividend,中证红利,4305.285,4182.3956,3761.1156666666666,3389.2117500000004,3010.9764499999997
2015-04-16,4632.48,4793.88,4794.94,4583.77,192560213.0,dividend,中证红利,4349.74,4230.4112,3783.6381666666666,3407.3196666666668,3024.0445999999997
2015-04-17,4835.41,4842.85,4879.34,4811.11,251826799.0,dividend,中证红利,4395.543,4278.5036,3805.4778333333334,3426.0252499999997,3037.3613
2015-04-20,4833.82,4738.44,4889.02,4710.58,299763197.0,dividend,中证红利,4434.518999999999,4321.2632,3825.125666666667,3444.0438333333336,3050.10525
2015-04-21,4715.84,4832.08,4832.77,4709.02,190497154.0,dividend,中证红利,4474.115,4364.6952,3850.7478333333333,3463.0939166666667,3063.3552999999997
2015-04-22,4845.73,4971.09,4973.45,4845.73,213834054.0,dividend,中证红利,4519.647,4411.3616,3877.3896666666665,3483.2882499999996,3077.1974
2015-04-23,4992.86,4990.34,5018.72,4935.25,190003406.0,dividend,中证红利,4566.6215,4454.784,3902.3371666666662,3503.69475,3091.0845
2015-04-24,4917.1,4935.64,4972.94,4852.64,187092314.0,dividend,中证红利,4610.505,4495.138,3925.979,3523.1645,3104.6023000000005
2015-04-27,4963.27,5014.77,5019.13,4947.87,215616867.0,dividend,中证红利,4656.4455,4537.372,3951.190333333333,3542.9096666666665,3118.4838499999996
2015-04-28,5020.99,4910.57,5027.36,4869.37,312863679.0,dividend,中证红利,4692.0625,4572.1884,3973.7816666666668,3561.591,3131.7458500000002
2015-04-29,4885.9,4948.89,4964.4,4858.08,172372790.0,dividend,中证红利,4731.1385,4607.726000000001,3997.083,3580.401833333333,3145.1142999999997
2015-04-30,4960.25,4955.86,5002.13,4948.04,175921053.0,dividend,中证红利,4766.431500000001,4643.9264,4021.0188333333335,3599.0823333333333,3158.5575
2015-05-04,4957.75,5038.73,5042.42,4923.36,151899591.0,dividend,中证红利,4802.054,4683.1568,4046.7028333333337,3618.465583333333,3172.41755
2015-05-05,5043.26,4824.97,5043.26,4808.74,209671259.0,dividend,中证红利,4822.324,4712.3172,4069.5715,3636.12475,3185.15525
2015-05-06,4829.93,4723.29,4890.34,4682.59,158889237.0,dividend,中证红利,4830.6545,4733.3196,4092.0738333333334,3652.8149166666667,3197.55575
2015-05-07,4695.3,4591.62,4716.85,4582.19,118934022.0,dividend,中证红利,4830.757,4750.2896,4111.424166666667,3668.5127500000003,3209.32105
2015-05-08,4634.55,4712.64,4713.34,4597.45,115475994.0,dividend,中证红利,4838.699500000001,4768.7952000000005,4133.1885,3684.716,3221.64845
2015-05-11,4754.19,4885.75,4885.99,4715.55,145693091.0,dividend,中证红利,4849.157,4791.174,4158.648,3702.7194166666663,3234.6556
2015-05-12,4892.4,4963.81,4964.0,4871.29,145532261.0,dividend,中证红利,4858.3825,4812.9436,4186.696833333333,3721.0155,3248.0324
2015-05-13,4966.71,4945.74,4981.06,4903.02,137688066.0,dividend,中证红利,4865.412,4828.505999999999,4214.4295,3739.2878333333333,3261.3707999999997
2015-05-14,4949.68,4958.94,4978.47,4906.92,120411720.0,dividend,中证红利,4878.995000000001,4843.2807999999995,4241.371166666667,3757.769916666666,3274.8409
2015-05-15,4955.41,4880.27,4955.41,4842.74,112909931.0,dividend,中证红利,4883.3145,4856.34,4266.742333333334,3775.5341666666664,3287.88
2015-05-18,4849.94,4881.53,4917.08,4828.43,96849072.0,dividend,中证红利,4885.2485,4864.5372,4292.012833333333,3793.4060000000004,3300.95935
2015-05-19,4897.71,5030.69,5031.49,4897.03,120455452.0,dividend,中证红利,4899.861,4874.5928,4319.042666666666,3812.6150000000002,3314.58625
2015-05-20,5054.68,5099.42,5176.54,5054.37,134352102.0,dividend,中证红利,4913.228,4886.3636,4346.778166666667,3832.38675,3328.5597000000002
2015-05-21,5111.2,5260.28,5260.88,5098.12,111943410.0,dividend,中证红利,4927.6875,4909.2836,4376.796833333333,3853.1968333333334,3343.20315
2015-05-22,5329.63,5385.92,5390.55,5289.47,167248526.0,dividend,中证红利,4947.4665,4932.9652,4409.062333333333,3874.65675,3358.3422499999997
2015-05-25,5380.86,5556.78,5557.3,5373.88,180182405.0,dividend,中证红利,4978.5235,4961.5224,4443.03,3897.1295,3374.0793
2015-05-26,5603.59,5680.53,5682.21,5514.46,174974477.0,dividend,中证红利,5011.8115,4999.206,4478.997666666666,3920.4675,3390.312
2015-05-27,5677.69,5696.36,5711.57,5582.44,165691200.0,dividend,中证红利,5051.101000000001,5033.7771999999995,4514.476833333334,3943.8568333333333,3406.6743
2015-05-28,5684.37,5355.66,5749.71,5349.73,212202434.0,dividend,中证红利,5071.4395,5049.16,4545.1565,3964.1236666666664,3421.2000999999996
2015-05-29,5335.98,5369.28,5455.89,5141.13,155786567.0,dividend,中证红利,5092.110500000001,5064.3176,4575.566333333334,3984.4076666666665,3435.88515
2015-06-01,5413.56,5674.2,5674.92,5408.53,162134390.0,dividend,中证红利,5123.884,5093.86,4611.468833333332,4006.6965833333334,3451.8971500000002
2015-06-02,5727.41,5846.39,5847.71,5686.5,161750275.0,dividend,中证红利,5174.955,5127.1248,4650.3445,4030.148833333333,3468.7720999999997
2015-06-03,5882.08,5863.53,5891.79,5734.83,160545128.0,dividend,中证红利,5231.967,5165.2432,4688.3775000000005,4052.895583333333,3485.69685
2015-06-04,5878.13,5906.89,5914.87,5557.27,223921675.0,dividend,中证红利,5297.7305,5203.5632,4727.1253333333325,4076.2090833333336,3502.99485
2015-06-05,6001.52,6018.42,6056.77,5874.62,223802837.0,dividend,中证红利,5363.0195,5246.065599999999,4767.5408333333335,4099.793166666666,3520.8242999999998
2015-06-08,6068.75,6124.15,6138.02,5972.18,303976364.0,dividend,中证红利,5424.9394999999995,5289.4824,4808.934333333334,4125.247833333334,3538.9671000000003
2015-06-09,6132.83,6085.04,6132.83,5990.76,276517483.0,dividend,中证红利,5481.001,5339.885200000001,4849.194166666667,4149.291583333334,3556.9015999999997
2015-06-10,6011.95,6089.13,6157.18,5948.79,181643927.0,dividend,中证红利,5538.1705,5394.5188,4888.241666666667,4173.1555,3574.8312
2015-06-11,6081.02,6113.09,6113.71,6032.27,159325967.0,dividend,中证红利,5595.878,5455.3776,4926.7193333333325,4197.083166666666,3592.9786
2015-06-12,6142.36,6226.62,6232.1,6142.36,186969994.0,dividend,中证红利,5663.1955,5515.9368,4965.416666666667,4221.7345000000005,3611.6035500000003
2015-06-15,6240.65,6149.73,6267.35,6130.76,187728453.0,dividend,中证红利,5726.6055,5566.496,5002.465666666667,4245.325083333333,3629.7485
2015-06-16,6090.76,5880.95,6093.09,5841.35,165715949.0,dividend,中证红利,5769.1185000000005,5603.1816,5034.4995,4266.444833333333,3646.5527
2015-06-17,5892.43,6030.06,6039.79,5724.9,183013420.0,dividend,中证红利,5815.650500000001,5646.554399999999,5067.6645,4288.791666666667,3664.1761500000007
2015-06-18,6011.38,5884.32,6077.89,5877.88,165520580.0,dividend,中证红利,5846.852499999999,5683.5696,5098.062333333333,4309.295083333333,3681.1762
2015-06-19,5724.2,5478.31,5791.21,5477.86,142368753.0,dividend,中证红利,5851.472,5707.4912,5121.853333333333,4326.287583333334,3696.09385
2015-06-23,5444.16,5524.29,5525.22,5147.18,144588392.0,dividend,中证红利,5849.8475,5733.2016,5146.292,4344.565083333333,3711.32665
2015-06-24,5573.87,5674.47,5677.78,5510.08,170130276.0,dividend,中证红利,5849.5445,5758.9528,5172.6005,4364.558999999999,3727.42985
2015-06-25,5698.91,5482.02,5705.78,5430.41,183500886.0,dividend,中证红利,5838.8275,5774.2568,5193.997,4382.128083333333,3742.56285
2015-06-26,5323.24,5056.83,5360.72,5010.85,189874048.0,dividend,中证红利,5823.886,5766.118799999999,5208.821333333334,4395.657666666666,3755.6883000000003
2015-06-29,5188.37,4864.34,5198.2,4681.37,216701513.0,dividend,中证红利,5798.639,5745.2556,5219.060333333333,4407.70025,3767.69555
2015-06-30,4803.44,5118.2,5127.22,4586.26,222542409.0,dividend,中证红利,5770.839,5727.7124,5232.259,4422.159833333333,3780.8396999999995
2015-07-01,5054.84,4829.26,5180.45,4828.46,173658655.0,dividend,中证红利,5719.9825,5693.6616,5239.087166666666,4433.663666666666,3792.3744
2015-07-02,4826.55,4579.49,4844.43,4503.55,211951900.0,dividend,中证红利,5655.7805,5648.9868,5239.467333333333,4441.973499999999,3802.5652499999997
2015-07-03,4416.63,4274.74,4584.51,4231.19,182724656.0,dividend,中证红利,5574.173,5605.75,5234.220166666666,4447.549666666667,3811.1515999999997
2015-07-06,4599.99,4330.59,4599.99,4137.81,332765650.0,dividend,中证红利,5489.7815,5564.2024,5230.500166666667,4453.670833333334,3819.9198000000006
2015-07-07,4188.57,4179.85,4264.48,4069.85,332685358.0,dividend,中证红利,5392.5665,5504.4284,5222.2210000000005,4459.189583333334,3827.89625
2015-07-08,3882.92,3971.31,4050.15,3848.88,365925440.0,dividend,中证红利,5286.88,5429.425200000001,5208.7545,4463.122,3834.8684
2015-07-09,3891.88,4232.98,4257.2,3869.16,275730810.0,dividend,中证红利,5194.0725,5364.203200000001,5199.218333333333,4469.868333333333,3843.1892000000003
2015-07-10,4307.22,4482.91,4534.31,4268.7,282085706.0,dividend,中证红利,5112.563499999999,5307.244000000001,5195.812166666667,4478.463916666667,3852.67615
2015-07-13,4583.57,4679.81,4722.21,4512.18,237101178.0,dividend,中证红利,5035.223,5253.6996,5193.910999999999,4488.774583333334,3863.0823499999997
2015-07-14,4677.54,4631.63,4809.43,4564.94,203515322.0,dividend,中证红利,4959.318,5193.9988,5190.390666666667,4497.934250000001,3873.5283
2015-07-15,4567.47,4408.95,4585.37,4355.38,182276475.0,dividend,中证红利,4885.718,5126.9552,5184.899166666667,4505.0124166666665,3882.8210999999997
2015-07-16,4364.77,4441.68,4532.87,4246.46,136898773.0,dividend,中证红利,4806.299,5061.0572,5178.3925,4514.570166666667,3892.21195
2015-07-17,4457.13,4623.91,4666.71,4442.32,125523549.0,dividend,中证红利,4743.2785,5001.49,5172.6061666666665,4524.997916666666,3902.41225
2015-07-20,4621.49,4646.22,4714.67,4568.92,126558555.0,dividend,中证红利,4701.674000000001,4938.273999999999,5166.870833333333,4534.604,3912.9214500000003
2015-07-21,4587.03,4692.0,4727.6,4553.24,114159920.0,dividend,中证红利,4660.0595,4879.9648,5162.810166666667,4544.394583333333,3923.5532000000003
2015-07-22,4670.3,4710.57,4721.29,4594.97,110162590.0,dividend,中证红利,4611.8645,4833.149600000001,5157.740166666667,4554.465249999999,3934.0864
2015-07-23,4703.36,4817.91,4836.18,4686.18,114948414.0,dividend,中证红利,4578.659,4784.6636,5156.195833333333,4564.98875,3945.1635499999998
2015-07-24,4817.84,4725.45,4878.26,4695.14,129277537.0,dividend,中证红利,4562.09,4738.3088,5152.471833333333,4574.777416666667,3955.7628499999996
2015-07-27,4617.25,4331.51,4706.87,4330.53,136113862.0,dividend,中证红利,4535.4485,4692.4367999999995,5142.066000000001,4581.542416666666,3964.2886
2015-07-28,4173.34,4281.75,4372.79,4086.9,136537776.0,dividend,中证红利,4493.626,4642.7352,5129.449666666667,4588.07625,3972.55195
2015-07-29,4314.29,4466.39,4469.52,4243.18,90499321.0,dividend,中证红利,4475.4825,4594.412,5123.473333333332,4596.522416666668,3981.6411
2015-07-30,4452.02,4346.52,4524.04,4332.04,85600993.0,dividend,中证红利,4463.834,4548.992,5117.193833333334,4604.633833333334,3990.0711499999998
2015-07-31,4287.25,4346.63,4397.79,4282.12,74397619.0,dividend,中证红利,4467.4285,4520.584,5113.1106666666665,4612.2674166666675,3998.5798
2015-08-03,4292.86,4374.04,4375.3,4250.23,91342823.0,dividend,中证红利,4469.601,4500.972,5107.467333333333,4620.327916666666,4007.2917
2015-08-04,4368.25,4534.82,4535.29,4329.17,72720158.0,dividend,中证红利,4487.3495,4477.6368,5101.6185,4630.13325,4016.8478999999998
2015-08-05,4518.62,4485.83,4580.67,4456.23,64785231.0,dividend,中证红利,4513.0755,4463.8996,5093.652166666667,4640.174499999999,4026.0701999999997
2015-08-06,4410.91,4456.46,4520.84,4391.23,46200005.0,dividend,中证红利,4524.2495,4458.9784,5085.4975,4649.9635,4035.27095
2015-08-07,4485.83,4556.83,4556.83,4474.42,55286450.0,dividend,中证红利,4527.9455,4470.262,5078.795666666667,4660.083416666666,4045.06525
2015-08-10,4588.67,4767.98,4790.24,4575.26,109378497.0,dividend,中证红利,4532.354,4487.7576,5076.924166666667,4671.83325,4055.8005
2015-08-11,4760.03,4781.97,4846.78,4738.17,101297465.0,dividend,中证红利,4539.871000000001,4511.8423999999995,5075.264833333334,4683.638833333333,4066.7194499999996
2015-08-12,4717.49,4710.59,4785.98,4707.05,76325609.0,dividend,中证红利,4554.9529999999995,4541.4136,5069.929833333334,4694.48625,4077.39135
2015-08-13,4688.13,4826.28,4826.38,4672.19,76891096.0,dividend,中证红利,4574.183,4565.1456,5065.3775,4706.077833333333,4088.7924
2015-08-14,4842.19,4811.52,4892.81,4797.74,79669816.0,dividend,中证红利,4583.5635,4578.29,5057.898166666667,4717.3475,4100.11115
2015-08-17,4799.76,4882.9,4882.92,4761.73,78110984.0,dividend,中证红利,4595.3975,4586.4136,5049.5145,4729.288416666666,4111.817849999999
2015-08-18,4887.79,4527.85,4894.29,4514.42,105884708.0,dividend,中证红利,4587.1900000000005,4582.2624,5032.365666666667,4737.697833333334,4121.460749999999
2015-08-19,4400.31,4601.64,4627.56,4288.07,90281274.0,dividend,中证红利,4581.7435000000005,4589.97,5014.384166666668,4746.690916666667,4131.2422
2015-08-20,4547.36,4438.65,4595.48,4438.65,65524178.0,dividend,中证红利,4562.7805,4589.8488,4993.422333333333,4753.949583333334,4140.0914
2015-08-21,4369.18,4199.15,4416.92,4185.25,74222682.0,dividend,中证红利,4536.4655,4572.8584,4974.147166666667,4759.651833333334,4147.629199999999
2015-08-24,4029.02,3836.11,4039.64,3827.49,106873986.0,dividend,中证红利,4511.6955,4540.454000000001,4948.5943333333325,4762.080333333333,4153.23875
2015-08-25,3558.59,3520.75,3699.67,3504.32,111390159.0,dividend,中证红利,4473.6455,4493.604,4912.7035000000005,4762.086166666667,4157.2788
2015-08-26,3538.65,3476.71,3667.7,3385.11,114884961.0,dividend,中证红利,4424.1615,4444.249599999999,4873.208833333334,4761.776666666667,4161.133
2015-08-27,3529.13,3649.97,3650.75,3453.59,103344188.0,dividend,中证红利,4389.334000000001,4397.531999999999,4836.3161666666665,4762.346833333333,4165.7805
2015-08-28,3711.63,3851.77,3862.37,3674.94,104398359.0,dividend,中证红利,4364.591,4362.5848,4802.064166666667,4764.59475,4171.49995
2015-08-31,3809.79,3784.07,3809.79,3695.19,105258741.0,dividend,中证红利,4335.0925,4340.6872,4764.825,4766.182916666668,4176.57905
2015-09-01,3713.01,3680.82,3713.01,3571.68,150060246.0,dividend,中证红利,4292.3925,4316.65,4724.102833333334,4766.5185833333335,4181.356449999999
2015-09-02,3506.4,3685.15,3721.27,3492.92,159827035.0,dividend,中证红利,4252.3585,4285.4004,4684.104666666666,4766.649416666667,4185.9408
2015-09-07,3684.65,3608.92,3787.28,3585.87,83526582.0,dividend,中证红利,4209.9815,4255.8964000000005,4642.767833333333,4765.504749999999,4190.2201000000005
2015-09-08,3581.9,3731.15,3737.5,3524.63,60138839.0,dividend,中证红利,4168.6975,4231.2771999999995,4603.068833333334,4764.894083333333,4195.1704
2015-09-09,3743.95,3818.83,3849.61,3722.51,76632532.0,dividend,中证红利,4121.24,4209.0688,4562.939,4764.177833333334,4200.52175
2015-09-10,3760.7,3758.22,3821.32,3743.71,51886933.0,dividend,中证红利,4070.0524999999993,4178.0048,4523.080499999999,4762.7730833333335,4205.6283
2015-09-11,3753.59,3767.51,3796.28,3714.68,38038826.0,dividend,中证红利,4022.8985000000002,4149.272,4487.8565,4761.178,4210.8378
2015-09-14,3795.92,3603.19,3807.07,3539.81,75463967.0,dividend,中证红利,3961.744,4115.1412,4447.408666666667,4757.5365833333335,4215.2197
2015-09-15,3511.63,3432.07,3564.99,3417.44,56053977.0,dividend,中证红利,3892.7715,4070.1508000000003,4406.537833333334,4752.3000833333335,4218.5647
2015-09-16,3436.19,3641.68,3673.66,3421.35,56320647.0,dividend,中证红利,3830.7105,4025.0988,4375.927333333334,4748.890333333333,4222.71945
2015-09-17,3623.23,3556.74,3709.68,3556.51,58126522.0,dividend,中证红利,3782.1549999999997,3976.0896000000002,4343.1348333333335,4744.7134166666665,4226.2029
2015-09-18,3583.96,3588.56,3612.54,3546.89,38154496.0,dividend,中证红利,3731.5009999999993,3931.2084000000004,4308.369666666667,4740.485083333334,4229.74585
2015-09-21,3554.02,3668.09,3668.93,3537.48,38900075.0,dividend,中证红利,3692.9730000000004,3884.8808000000004,4278.1375,4736.067249999999,4233.6381
2015-09-22,3678.05,3695.39,3727.77,3659.98,42443027.0,dividend,中证红利,3667.7850000000008,3840.2356,4255.446833333333,4732.134083333333,4237.4968499999995
2015-09-23,3637.2,3625.72,3681.25,3599.2,38395784.0,dividend,中证红利,3657.2655,3789.9484,4234.803166666667,4726.93175,4240.949449999999
2015-09-24,3639.87,3663.57,3671.09,3619.98,31005553.0,dividend,中证红利,3664.4065,3755.3772000000004,4210.559333333334,4721.409166666667,4244.26965
2015-09-25,3651.97,3595.04,3676.34,3564.73,37953836.0,dividend,中证红利,3670.3229999999994,3715.1132000000002,4189.989,4714.538083333333,4247.084250000001
2015-09-28,3597.59,3638.05,3638.38,3548.63,23674405.0,dividend,中证红利,3669.727,3683.0892,4174.298333333333,4706.882833333334,4249.6049
2015-09-29,3587.3,3576.0,3615.1,3558.32,28597338.0,dividend,中证红利,3655.9384999999993,3658.1632,4162.652666666667,4698.436416666666,4251.93855
2015-09-30,3605.45,3591.53,3621.6,3577.91,26048870.0,dividend,中证红利,3646.3115,3648.38,4150.335,4690.417583333333,4253.95455
2015-10-08,3705.79,3708.49,3735.76,3677.19,41253432.0,dividend,中证红利,3647.6949999999997,3655.8895999999995,4142.479,4682.35,4257.14905
2015-10-09,3707.02,3742.89,3754.05,3694.47,36946223.0,dividend,中证红利,3650.582,3666.5368000000003,4138.6720000000005,4673.713250000001,4259.86455
2015-10-12,3758.56,3882.21,3908.73,3756.08,67851854.0,dividend,中证红利,3664.2465,3675.8264,4132.825833333333,4666.022083333333,4263.1483
2015-10-13,3848.91,3896.91,3903.67,3834.25,43335886.0,dividend,中证红利,3672.5344999999993,3677.632,4123.059166666667,4659.435666666667,4266.424
2015-10-14,3870.72,3830.14,3898.03,3828.28,42808691.0,dividend,中证红利,3673.1,3679.4748,4108.898,4651.404500000001,4269.2324
2015-10-15,3816.32,3939.18,3939.26,3815.94,46451154.0,dividend,中证红利,3682.148,3689.8091999999997,4097.357166666667,4643.873916666666,4272.334
2015-10-16,3972.75,4008.53,4009.18,3932.58,62015666.0,dividend,中证红利,3694.1989999999996,3702.7443999999996,4090.6835,4637.791333333333,4275.64375
2015-10-19,4031.26,4042.38,4079.93,3997.63,62141872.0,dividend,中证红利,3716.1585,3720.0827999999997,4084.0285,4631.2105,4279.11345
2015-10-20,4035.98,4086.98,4086.98,4001.47,54378486.0,dividend,中证红利,3748.904,3734.316,4075.0796666666665,4623.8429166666665,4282.4288
2015-10-21,4084.99,3891.04,4105.86,3851.46,99351379.0,dividend,中证红利,3761.3719999999994,3737.2044,4062.4933333333333,4614.682083333334,4284.68795
2015-10-22,3868.2,3969.13,3978.43,3851.6,56054901.0,dividend,中证红利,3781.9915,3745.6408,4050.4455000000003,4606.627833333334,4287.87865
2015-10-23,3985.96,4047.31,4064.49,3969.3,53669954.0,dividend,中证红利,3804.929,3756.8328,4039.391166666667,4598.565666666666,4291.7392
2015-10-26,4099.7,4074.16,4110.48,4040.17,57410255.0,dividend,中证红利,3825.2324999999996,3775.6715999999997,4026.9953333333333,4591.595583333333,4295.24135
2015-10-27,4066.23,4088.06,4103.69,3949.78,46539574.0,dividend,中证红利,3844.8659999999995,3801.9112,4016.3721666666665,4584.422,4298.51525
2015-10-28,4070.82,4020.22,4116.74,4006.12,46266310.0,dividend,中证红利,3864.5910000000003,3817.0528000000004,4011.184,4576.625,4301.5202
2015-10-29,4035.13,4035.47,4068.03,3997.51,35609534.0,dividend,中证红利,3883.186,3836.2019999999993,4007.0793333333336,4568.2645,4304.7823
2015-10-30,4026.1,4016.33,4061.48,3977.96,38856203.0,dividend,中证红利,3904.2505000000006,3853.3127999999997,3999.578333333333,4561.525833333333,4307.61995
2015-11-02,3945.85,3942.02,4026.64,3934.21,36777792.0,dividend,中证红利,3919.4490000000005,3864.27,3992.836666666667,4555.0152499999995,4309.4185
2015-11-03,3942.63,3923.94,3964.46,3902.34,30939349.0,dividend,中证红利,3936.846,3873.4120000000003,3985.7918333333337,4549.45125,4311.010200000001
2015-11-04,3938.25,4101.78,4102.12,3938.25,64303691.0,dividend,中证红利,3962.3585,3892.4544,3981.2541666666666,4544.360749999999,4313.53885
2015-11-05,4105.25,4165.04,4222.85,4094.77,136452197.0,dividend,中证红利,3985.186,3912.5131999999994,3975.091166666666,4538.354833333333,4316.7760499999995
2015-11-06,4154.02,4244.15,4250.16,4153.13,95236848.0,dividend,中证红利,4010.249,3938.4776,3971.063166666667,4532.357666666667,4320.499699999999
2015-11-09,4241.26,4303.97,4333.88,4240.2,128186653.0,dividend,中证红利,4031.3369999999995,3965.1144,3968.521666666667,4527.0095833333335,4324.90245
2015-11-10,4275.35,4309.28,4336.86,4263.6,88430798.0,dividend,中证红利,4051.9555,3994.4456,3964.3958333333335,4521.5957499999995,4329.19165
2015-11-11,4313.77,4331.56,4334.72,4281.37,66592508.0,dividend,中证红利,4077.0265,4024.0468,3957.122166666667,4517.023166666666,4333.6368
2015-11-12,4331.99,4297.4,4336.18,4258.13,58259655.0,dividend,中证红利,4094.9375,4047.6031999999996,3949.0460000000003,4512.1554166666665,4337.46145
2015-11-13,4261.57,4256.18,4305.78,4218.57,61373038.0,dividend,中证红利,4107.32,4068.1348,3941.4725000000003,4505.701166666667,4340.9445000000005
2015-11-16,4186.8,4311.12,4311.31,4180.51,51794453.0,dividend,中证红利,4120.757,4085.2912,3932.8865,4499.1320000000005,4346.02635
2015-11-17,4348.54,4308.75,4399.82,4299.18,73361338.0,dividend,中证红利,4131.8455,4101.7648,3924.5069999999996,4491.202583333334,4350.7072
2015-11-18,4305.59,4259.6,4321.89,4251.26,63054364.0,dividend,中证红利,4150.2735,4118.9432,3914.1186666666667,4481.816583333333,4354.5377499999995
2015-11-19,4267.92,4332.19,4332.97,4249.77,46287013.0,dividend,中证红利,4168.4265,4134.6636,3910.8576666666663,4471.611666666666,4358.61305
2015-11-20,4338.92,4360.78,4374.81,4328.43,51306243.0,dividend,中证红利,4184.1,4148.7536,3906.8433333333332,4460.61375,4362.9065
2015-11-23,4371.68,4356.68,4414.06,4341.13,53085938.0,dividend,中证红利,4198.226000000001,4161.3256,3905.4771666666666,4449.449750000001,4366.91445
2015-11-24,4353.41,4371.35,4371.56,4293.96,42773064.0,dividend,中证红利,4212.3904999999995,4172.700400000001,3908.3471666666665,4441.247166666667,4371.01715
2015-11-25,4364.65,4432.57,4433.5,4359.46,46214317.0,dividend,中证红利,4233.008,4194.3616,3918.2881666666667,4433.44125,4375.581450000001
2015-11-26,4454.7,4409.7,4463.44,4402.24,48087234.0,dividend,中证红利,4251.7195,4211.984399999999,3933.104,4422.90375,4380.141500000001
2015-11-27,4383.65,4183.04,4404.94,4144.49,62282637.0,dividend,中证红利,4260.054999999999,4217.4136,3944.876166666667,4409.0425,4383.79245
2015-11-30,4182.14,4232.35,4236.01,4040.73,56544072.0,dividend,中证红利,4274.5715,4223.7412,3954.5825,4395.449333333334,4388.08845
2015-12-01,4229.63,4237.51,4280.33,4194.87,46650509.0,dividend,中证红利,4290.25,4229.7192,3961.0115,4381.537833333334,4392.123
2015-12-02,4214.74,4312.53,4312.78,4169.45,84444612.0,dividend,中证红利,4300.7875,4241.4116,3969.8191666666667,4367.3220833333335,4396.651750000001
2015-12-03,4308.38,4369.73,4377.53,4299.71,85921248.0,dividend,中证红利,4311.022,4254.782,3981.301,4352.701916666667,4401.7095
2015-12-04,4345.32,4305.06,4353.7,4279.01,55030079.0,dividend,中证红利,4314.0675,4266.3312,3991.6328333333327,4337.86875,4406.8304
2015-12-07,4308.28,4323.67,4333.51,4285.91,37876508.0,dividend,中证红利,4315.0525,4281.5972,4003.5453333333335,4323.156583333333,4412.03985
2015-12-08,4300.56,4232.06,4300.56,4226.54,42181506.0,dividend,中证红利,4311.1915,4293.9220000000005,4011.8938333333335,4307.481333333333,4416.48795
2015-12-09,4213.58,4253.75,4264.49,4210.09,33295066.0,dividend,中证红利,4307.301,4300.0008,4019.1425,4291.040749999999,4420.9667
2015-12-10,4261.02,4245.7,4294.61,4235.53,36499973.0,dividend,中证红利,4304.715999999999,4303.2272,4027.2671666666665,4275.173833333333,4425.3687
2015-12-11,4232.82,4205.23,4238.54,4179.72,34349886.0,dividend,中证红利,4302.168500000001,4301.6704,4034.5625,4261.2095,4429.35035
2015-12-14,4172.5,4299.71,4302.09,4166.73,40922901.0,dividend,中证红利,4301.598,4301.5,4046.171166666667,4246.789916666667,4433.67245
2015-12-15,4296.42,4295.22,4322.5,4273.08,35597229.0,dividend,中证红利,4300.9214999999995,4300.9376,4060.5570000000002,4233.547416666666,4437.85275
2015-12-16,4304.76,4287.3,4317.22,4278.66,31034696.0,dividend,中证红利,4302.306500000001,4299.1672,4071.3173333333334,4223.622333333334,4442.0393
2015-12-17,4306.95,4380.81,4381.12,4306.48,49104669.0,dividend,中证红利,4304.7375,4302.5036,4085.051833333333,4214.093333333333,4446.34975
2015-12-18,4374.74,4377.74,4426.58,4364.57,56386347.0,dividend,中证红利,4305.5855,4307.366,4098.204833333333,4203.28725,4450.6260999999995
2015-12-21,4366.51,4497.0,4507.9,4362.68,74480470.0,dividend,中证红利,4312.6015,4314.8012,4112.0199999999995,4195.07875,4455.27305
2015-12-22,4509.87,4520.01,4529.12,4479.15,51005143.0,dividend,中证红利,4320.0345,4323.2516000000005,4125.763666666667,4190.60525,4460.2987
2015-12-23,4520.92,4513.84,4564.91,4503.63,61919036.0,dividend,中证红利,4324.098,4333.4212,4140.565666666666,4187.684416666667,4465.14445
2015-12-24,4502.92,4457.31,4504.75,4409.72,43734550.0,dividend,中证红利,4326.4785,4338.4259999999995,4153.794666666667,4182.177,4469.830749999999
2015-12-25,4462.53,4478.34,4483.23,4445.34,29485290.0,dividend,中证红利,4341.2435000000005,4343.1284,4168.516333333333,4179.252666666666,4474.6532
2015-12-28,4489.28,4367.53,4495.11,4367.53,46328518.0,dividend,中证红利,4348.0025000000005,4343.5624,4180.674333333333,4177.486333333333,4478.5831
2015-12-29,4364.55,4410.33,4410.82,4349.13,30444265.0,dividend,中证红利,4356.6435,4345.1215999999995,4194.579833333333,4178.61625,4482.72465
2015-12-30,4413.78,4417.87,4418.55,4374.72,29480951.0,dividend,中证红利,4361.9105,4344.5336,4208.352166666667,4179.343583333333,4486.84655
2015-12-31,4416.64,4375.17,4429.3,4374.58,31617818.0,dividend,中证红利,4362.1825,4343.152400000001,4219.463500000001,4180.9712500000005,4490.519700000001
2016-01-04,4368.3,4065.48,4370.96,4065.07,33831107.0,dividend,中证红利,4350.2035,4338.45,4224.84,4181.756,4492.49985
2016-01-05,3966.6,4079.85,4126.0,3952.49,45759160.0,dividend,中证红利,4338.0125,4332.35,4228.134,4180.479916666666,4494.1677
2016-01-06,4084.16,4181.09,4181.14,4083.04,38887769.0,dividend,中证红利,4335.464,4330.0932,4232.870333333333,4177.96475,4496.0509999999995
2016-01-07,4119.5,3889.61,4119.63,3881.98,10973584.0,dividend,中证红利,4317.257,4313.1764,4233.8615,4171.37975,4495.975149999999
2016-01-08,3992.29,3984.16,4039.94,3833.26,49404056.0,dividend,中证红利,4304.18,4297.7536,4234.611166666667,4165.984166666666,4496.262
2016-01-11,3918.73,3758.8,3944.0,3758.8,46279238.0,dividend,中证红利,4281.8585,4275.9032,4230.449,4160.56625,4495.2614
2016-01-12,3769.8,3757.79,3797.03,3717.7,32076219.0,dividend,中证红利,4254.7625,4253.268,4225.705833333333,4154.867166666667,4493.84955
2016-01-13,3779.86,3686.24,3816.9,3686.24,29181639.0,dividend,中证红利,4224.3135,4231.4352,4219.026833333333,4147.05325,4491.9785
2016-01-14,3607.31,3763.71,3770.77,3598.03,36306842.0,dividend,中证红利,4198.134,4211.8336,4216.904666666666,4139.699,4490.5428
2016-01-15,3739.73,3627.11,3757.88,3607.8,32970121.0,dividend,中证红利,4160.449,4187.09,4211.204333333333,4130.8249166666665,4488.3885
2016-01-18,3569.08,3637.35,3677.43,3565.16,26821993.0,dividend,中证红利,4123.4295,4164.3748,4204.371666666667,4121.881416666666,4486.09545
2016-01-19,3637.36,3752.64,3757.13,3628.7,33240714.0,dividend,中证红利,4086.2115,4142.491999999999,4199.013,4113.004166666667,4483.8675
2016-01-20,3735.9,3707.21,3755.0,3669.73,36771254.0,dividend,中证红利,4045.5715000000005,4118.9716,4192.6655,4104.5188333333335,4481.566699999999
2016-01-21,3656.15,3600.07,3731.34,3600.07,30937795.0,dividend,中证红利,3999.8830000000003,4091.4824000000003,4185.663,4098.4235,4478.317050000001
2016-01-22,3636.79,3640.39,3659.59,3570.11,24294405.0,dividend,中证红利,3959.0370000000003,4061.8656,4179.078333333334,4093.0788333333335,4474.8876
2016-01-25,3659.95,3665.44,3687.79,3638.03,21197411.0,dividend,中证红利,3918.392,4033.3736,4173.230166666666,4086.4042499999996,4471.11695
2016-01-26,3636.09,3437.77,3639.31,3434.63,34746114.0,dividend,中证红利,3871.904,3991.0044,4164.826,4078.8313333333335,4465.5224
2016-01-27,3455.52,3419.93,3467.39,3309.88,36840714.0,dividend,中证红利,3822.3839999999996,3947.0012,4156.425833333333,4071.108833333333,4459.6741999999995
2016-01-28,3390.43,3330.71,3427.14,3321.21,27261070.0,dividend,中证红利,3768.0260000000003,3899.676,4143.574666666666,4062.4144166666665,4453.5588
2016-01-29,3328.26,3430.87,3453.29,3328.26,32327557.0,dividend,中证红利,3720.811,3858.6184000000003,4131.338500000001,4053.2148333333334,4447.33015
2016-02-01,3423.94,3388.88,3438.96,3349.89,24538400.0,dividend,中证红利,3686.9810000000007,3815.04,4117.084,4044.0735833333333,4440.37805
2016-02-02,3390.33,3461.02,3467.93,3390.33,23785160.0,dividend,中证红利,3656.0395,3778.7796000000003,4103.034833333333,4035.7782500000003,4433.6574
2016-02-03,3426.37,3447.94,3457.5,3400.49,20913016.0,dividend,中证红利,3619.382,3740.284,4088.679166666667,4026.5375,4427.4607
2016-02-04,3456.09,3487.77,3504.19,3456.09,23193529.0,dividend,中证红利,3599.29,3703.08,4074.616,4015.869083333333,4420.93015
2016-02-05,3490.92,3476.32,3501.21,3471.84,18997296.0,dividend,中证红利,3573.898,3667.1259999999997,4060.9313333333334,4004.9886666666666,4414.0975
2016-02-15,3381.99,3453.89,3468.98,3377.75,18784178.0,dividend,中证红利,3558.6525,3642.6623999999997,4047.5598333333332,3994.516166666667,4407.67475
2016-02-16,3467.47,3556.87,3561.78,3467.23,27599956.0,dividend,中证红利,3548.6065000000003,3621.7431999999994,4034.989,3983.93775,4401.2987
2016-02-17,3550.23,3592.92,3594.53,3544.06,30500138.0,dividend,中证红利,3543.9404999999997,3598.2164000000002,4023.0585,3973.78275,4394.4078500000005
2016-02-18,3610.05,3593.35,3626.55,3585.14,30472552.0,dividend,中证红利,3535.4225000000006,3586.366,4011.9543333333336,3963.0365,4387.4229
2016-02-19,3585.61,3594.2,3610.47,3574.13,21414957.0,dividend,中证红利,3533.7770000000005,3570.7676,3999.6544999999996,3955.256083333333,4380.7157
2016-02-22,3631.81,3675.17,3680.91,3625.32,35359667.0,dividend,中证红利,3535.668,3567.4224,3988.2276666666667,3947.5355,4374.0177
2016-02-23,3678.92,3649.7,3681.71,3614.1,26481187.0,dividend,中证红利,3530.5209999999997,3563.0988,3976.444666666667,3940.9609166666664,4367.71335
2016-02-24,3629.84,3675.67,3675.67,3608.83,29288385.0,dividend,中证红利,3528.9439999999995,3562.6760000000004,3964.85,3936.5985833333334,4361.34725
2016-02-25,3668.3,3447.18,3668.3,3427.56,43832314.0,dividend,中证红利,3521.2995,3550.0148,3948.426833333333,3933.3575,4353.80385
2016-02-26,3478.17,3483.46,3501.42,3423.45,28613829.0,dividend,中证红利,3513.453,3544.2688,3932.9895000000006,3933.0467500000004,4346.0275
2016-02-29,3475.51,3395.02,3478.52,3338.03,37892151.0,dividend,中证红利,3499.932,3534.5756,3919.8558333333335,3932.366,4338.877750000001
2016-03-01,3400.83,3462.3,3473.83,3379.7,28762455.0,dividend,中证红利,3501.1585,3522.962,3907.0216666666665,3930.8020833333335,4332.5728
2016-03-02,3466.08,3618.93,3621.21,3465.4,48023773.0,dividend,中证红利,3511.1085,3519.4308,3896.712,3928.8617500000005,4327.70935
2016-03-03,3615.01,3622.67,3652.67,3608.49,45480611.0,dividend,中证红利,3525.7064999999993,3520.3347999999996,3885.214333333333,3927.5167500000002,4322.2595
2016-03-04,3609.16,3629.48,3647.0,3566.78,75967031.0,dividend,中证红利,3535.637,3519.8983999999996,3872.8768333333337,3927.0889166666666,4315.97815
2016-03-07,3649.64,3667.6,3684.61,3634.05,35536910.0,dividend,中证红利,3549.5729999999994,3519.9848,3862.2525000000005,3926.9426666666673,4309.4971000000005
2016-03-08,3669.61,3664.49,3670.84,3558.99,36675957.0,dividend,中证红利,3559.7465,3529.0535999999997,3851.266166666667,3927.40575,4303.0908500000005
2016-03-09,3596.67,3610.14,3614.87,3561.3,35159698.0,dividend,中证红利,3567.8565000000003,3536.6619999999994,3840.900833333333,3926.3973333333333,4296.34685
2016-03-10,3598.36,3559.59,3623.11,3558.06,21465515.0,dividend,中证红利,3571.4474999999998,3545.8172000000004,3829.3315000000002,3924.237,4289.74345
2016-03-11,3532.42,3558.54,3565.75,3515.83,22551157.0,dividend,中证红利,3575.5585,3550.9239999999995,3817.878833333333,3922.5729999999994,4283.1285
2016-03-14,3583.67,3621.37,3664.11,3583.53,31242511.0,dividend,中证红利,3583.9325,3560.2236,3808.1478333333334,3921.3551666666667,4276.0819
2016-03-15,3614.98,3626.73,3628.64,3574.7,30708272.0,dividend,中证红利,3587.4255,3566.8520000000003,3796.9314999999997,3921.551333333334,4268.718449999999
2016-03-16,3620.65,3636.61,3649.17,3620.62,51135734.0,dividend,中证红利,3589.6099999999997,3574.3988,3785.9546666666665,3923.2558333333336,4260.6001
2016-03-17,3641.54,3681.23,3699.09,3621.8,34918775.0,dividend,中证红利,3594.0039999999995,3582.1372,3775.8534999999997,3923.585416666667,4252.07665
2016-03-18,3689.24,3738.71,3754.41,3684.04,53997770.0,dividend,中证红利,3601.2295,3592.6328000000003,3765.151833333333,3925.101833333333,4242.9863000000005
2016-03-21,3760.82,3797.98,3808.7,3753.66,59198954.0,dividend,中证红利,3607.37,3606.3964,3755.4891666666667,3926.8469999999998,4233.57355
2016-03-22,3778.08,3782.14,3802.93,3761.48,35938776.0,dividend,中证红利,3613.9919999999997,3615.4072,3743.5748333333336,3927.797416666667,4224.00245
2016-03-23,3773.5,3780.23,3794.89,3754.84,26084665.0,dividend,中证红利,3619.2200000000003,3622.8996,3731.2451666666666,3928.504416666666,4216.125300000001
2016-03-24,3759.69,3727.64,3772.11,3727.64,28700135.0,dividend,中证红利,3633.243,3628.2712,3718.1418333333336,3929.35375,4207.917100000001
2016-03-25,3724.99,3755.71,3762.53,3724.68,19606445.0,dividend,中证红利,3646.8555,3634.7316000000005,3706.4485,3930.1215833333335,4198.32465
2016-03-28,3766.4,3742.04,3797.98,3731.88,26768067.0,dividend,中证红利,3664.2065000000002,3637.4064000000003,3694.1768333333334,3931.346583333333,4187.802900000001
2016-03-29,3740.51,3702.02,3746.25,3683.82,24627708.0,dividend,中证红利,3676.1924999999997,3639.4991999999997,3683.085,3931.8796666666667,4176.99535
2016-03-30,3729.01,3789.71,3789.71,3729.01,35686378.0,dividend,中证红利,3684.7315000000003,3644.0607999999997,3672.741333333333,3933.660583333333,4166.40945
2016-03-31,3801.88,3793.31,3809.17,3777.55,32104163.0,dividend,中证红利,3693.2635,3657.9060000000004,3662.3320000000003,3935.342083333334,4155.2839
2016-04-01,3784.52,3796.8,3796.8,3732.84,34128587.0,dividend,中证红利,3701.6295,3670.4395999999997,3652.6924999999997,3936.0780000000004,4143.64715
2016-04-05,3788.47,3857.54,3861.63,3786.38,39180671.0,dividend,中证红利,3711.1265,3688.9404000000004,3649.2268333333336,3937.0334166666667,4132.50965
2016-04-06,3848.64,3856.49,3866.87,3828.64,31831015.0,dividend,中证红利,3720.7264999999998,3704.708,3645.5041666666666,3936.8190833333333,4121.34645
2016-04-07,3865.01,3800.11,3870.16,3798.22,29997450.0,dividend,中证红利,3730.225,3711.9551999999994,3639.1544999999996,3936.0124166666665,4109.781550000001
2016-04-08,3778.44,3774.3,3787.9,3747.35,24740553.0,dividend,中证红利,3740.9605,3718.0204,3637.2326666666663,3935.5470833333334,4097.51995
2016-04-11,3797.2,3831.98,3845.65,3797.2,30909645.0,dividend,中证红利,3754.6324999999997,3726.1204000000002,3634.6963333333338,3934.65375,4085.9312
2016-04-12,3829.02,3816.39,3831.91,3793.45,22096254.0,dividend,中证红利,3764.3835,3732.072,3635.6561666666666,3933.052583333333,4075.6084
2016-04-13,3836.25,3868.99,3904.14,3836.25,45629780.0,dividend,中证红利,3776.4965,3740.252,3637.5094999999997,3931.6076666666663,4064.80305
2016-04-14,3884.7,3882.55,3894.06,3854.28,23375036.0,dividend,中证红利,3788.7934999999998,3751.1484,3640.7813333333334,3929.9040833333333,4054.7942
2016-04-15,3885.31,3872.15,3887.46,3860.22,24416856.0,dividend,中证红利,3798.3395000000005,3763.6507999999994,3642.588666666667,3929.746666666667,4046.7634
2016-04-18,3856.29,3831.48,3856.29,3813.64,25231484.0,dividend,中证红利,3802.978,3774.5684,3645.994833333333,3928.5995833333336,4038.29935
2016-04-19,3846.7,3840.95,3855.72,3818.47,18682647.0,dividend,中证红利,3805.1265,3783.3516000000004,3649.3881666666666,3926.8799166666668,4029.1317500000005
2016-04-20,3850.46,3754.13,3855.78,3677.85,42894578.0,dividend,中证红利,3803.726,3788.4476,3649.413,3924.213,4020.4923000000003
2016-04-21,3735.88,3736.36,3778.51,3727.07,25119761.0,dividend,中证红利,3801.5325,3792.4376,3649.898833333333,3921.2821666666664,4013.8899499999998
2016-04-22,3716.21,3755.87,3756.05,3711.69,18257486.0,dividend,中证红利,3802.9439999999995,3795.4232,3652.4955,3919.0792500000002,4008.3476
2016-04-25,3742.83,3758.97,3761.08,3717.57,17246265.0,dividend,中证红利,3803.107,3796.2336,3654.4718333333335,3916.7750833333334,4001.5514500000004
2016-04-26,3756.09,3778.83,3780.08,3743.55,15002689.0,dividend,中证红利,3804.9464999999996,3795.4676,3656.3616666666667,3914.795916666667,3996.2993
2016-04-27,3780.69,3764.98,3791.37,3759.44,15656752.0,dividend,中证红利,3808.0945,3794.7812,3661.8151666666668,3913.3205833333336,3992.2267500000003
2016-04-28,3765.16,3757.62,3772.43,3720.12,19154383.0,dividend,中证红利,3806.4900000000002,3793.8768,3667.4433333333336,3911.9345833333336,3989.6411500000004
2016-04-29,3744.93,3751.26,3770.45,3739.93,17144238.0,dividend,中证红利,3804.3875,3794.8216,3674.4525000000003,3909.0135833333334,3986.7445000000002
2016-05-03,3753.64,3817.76,3818.44,3740.86,26974855.0,dividend,中证红利,3805.4354999999996,3797.3035999999997,3680.9006666666664,3906.119583333333,3984.93405
2016-05-04,3806.42,3805.69,3821.94,3794.37,19799510.0,dividend,中证红利,3802.843,3799.8496,3687.8475000000003,3902.46575,3984.10595
2016-05-05,3800.79,3807.25,3811.45,3781.91,16783657.0,dividend,中证红利,3800.381,3804.0588000000002,3693.618,3898.3264166666663,3981.9773
2016-05-06,3805.02,3702.3,3810.06,3702.11,25386844.0,dividend,中证红利,3795.4905,3800.5624000000007,3697.8573333333334,3893.26825,3978.0742500000006
2016-05-09,3690.32,3613.31,3690.32,3601.5,24624841.0,dividend,中证红利,3787.441,3793.3624,3699.949666666667,3887.282833333333,3972.7417499999997
2016-05-10,3605.16,3624.84,3637.61,3604.0,18086326.0,dividend,中证红利,3777.084,3786.4840000000004,3702.425,3881.6781666666666,3967.7077999999997
2016-05-11,3638.3,3645.76,3664.2,3614.45,19560043.0,dividend,中证红利,3768.5525000000002,3778.0127999999995,3705.6228333333333,3876.5913333333333,3963.89185
2016-05-12,3616.42,3650.12,3653.83,3576.9,20411882.0,dividend,中证红利,3757.6089999999995,3769.7580000000003,3707.1770000000006,3871.083,3959.93405
2016-05-13,3641.71,3642.23,3668.35,3626.03,17472415.0,dividend,中证红利,3745.593,3763.4428000000003,3707.998833333333,3865.5286666666666,3955.02565
2016-05-16,3629.26,3665.3,3665.3,3615.72,14768621.0,dividend,中证红利,3735.2504999999996,3759.0828,3709.198,3860.5761666666667,3950.1210499999997
2016-05-17,3669.51,3648.9,3670.43,3636.1,15300089.0,dividend,中证红利,3726.1215,3751.7595999999994,3710.1096666666667,3854.882083333333,3944.90555
2016-05-18,3631.24,3599.62,3631.5,3564.32,22391017.0,dividend,中证红利,3714.0550000000003,3743.0888,3708.8505,3848.5390833333336,3939.3508
2016-05-19,3590.33,3596.54,3624.5,3590.33,13441813.0,dividend,中证红利,3706.1755,3732.1908000000003,3707.9645,3842.2045833333336,3933.24395
2016-05-20,3579.32,3610.31,3610.74,3570.62,13237987.0,dividend,中证红利,3699.8730000000005,3721.3012,3706.8751666666667,3835.8625833333335,3927.66825
2016-05-23,3609.07,3628.12,3632.36,3608.69,14359722.0,dividend,中证红利,3693.4855000000002,3711.54,3709.8908333333334,3829.1588333333334,3924.1513
2016-05-24,3624.73,3598.55,3624.73,3584.62,13835272.0,dividend,中证红利,3685.4645000000005,3702.2227999999996,3711.8089999999997,3822.3992500000004,3920.7353000000003
2016-05-25,3612.2,3600.11,3623.63,3589.44,12067578.0,dividend,中证红利,3676.5285000000003,3692.5892,3715.2271666666666,3817.5415,3916.4039000000002
2016-05-26,3599.47,3607.81,3611.29,3561.46,13529919.0,dividend,中证红利,3668.6700000000005,3686.7364,3717.6523333333334,3812.337,3912.71035
2016-05-27,3603.36,3617.15,3629.33,3595.01,11898154.0,dividend,中证红利,3661.6465,3681.968,3717.6226666666666,3807.1673333333333,3909.06295
2016-05-30,3611.35,3617.97,3632.02,3590.86,15626386.0,dividend,中证红利,3654.982,3676.452,3717.5443333333333,3801.379333333333,3905.2825999999995
2016-05-31,3621.19,3720.26,3720.9,3621.19,33677805.0,dividend,中证红利,3650.107000000001,3674.9035999999996,3719.057333333333,3795.9670833333334,3901.2097999999996
2016-06-01,3721.4,3718.37,3732.12,3711.39,23194014.0,dividend,中证红利,3645.7410000000004,3672.4851999999996,3719.9035,3791.078,3897.3725
2016-06-02,3716.45,3726.49,3729.99,3706.89,16720978.0,dividend,中证红利,3641.703,3670.9456,3720.936833333333,3786.1014999999998,3893.7226499999997
2016-06-03,3727.41,3744.39,3749.95,3713.93,20219853.0,dividend,中证红利,3643.8075,3670.4164,3723.174333333334,3782.0375833333333,3889.66045
2016-06-06,3746.0,3744.23,3752.96,3729.27,17020794.0,dividend,中证红利,3650.3535,3670.1351999999997,3726.251666666666,3777.791583333333,3884.5416999999998
2016-06-07,3742.09,3736.48,3744.57,3725.84,15090544.0,dividend,中证红利,3655.9355000000005,3666.884,3729.2173333333335,3773.5480833333336,3879.3142500000004
2016-06-08,3726.94,3711.11,3726.94,3689.79,17225249.0,dividend,中证红利,3659.203,3663.1008,3730.7130000000006,3769.430416666667,3874.31685
2016-06-13,3680.47,3606.91,3688.46,3606.42,20766799.0,dividend,中证红利,3657.0425000000005,3655.0872,3730.3826666666664,3763.657083333333,3868.22
2016-06-14,3598.15,3616.09,3620.67,3597.75,15176031.0,dividend,中证红利,3655.7355000000002,3651.6388,3730.0406666666668,3757.9976666666666,3862.2428500000005
2016-06-15,3586.94,3667.38,3674.62,3583.75,19788170.0,dividend,中证红利,3655.8395000000005,3653.8016,3729.8098333333332,3752.8316666666665,3856.16525
2016-06-16,3655.73,3647.14,3667.62,3638.56,18963944.0,dividend,中证红利,3655.7515,3654.6936,3728.283666666667,3746.7177500000003,3851.7617000000005
2016-06-17,3653.19,3675.94,3688.0,3653.07,24601015.0,dividend,中证红利,3659.5675,3655.9008000000003,3726.249666666667,3740.869416666667,3847.1332
2016-06-20,3676.47,3676.93,3682.01,3648.95,16780681.0,dividend,中证红利,3663.5870000000004,3656.9732,3724.4961666666663,3734.0355,3843.3246000000004
2016-06-21,3686.74,3666.45,3708.17,3657.64,21773462.0,dividend,中证红利,3666.3939999999993,3657.942,3722.5998333333337,3726.9225,3840.6611
2016-06-22,3660.79,3697.82,3697.82,3658.1,18781082.0,dividend,中证红利,3669.879,3659.2427999999995,3722.102833333333,3720.1223333333332,3839.9696499999995
2016-06-23,3687.31,3673.01,3691.36,3661.18,17780681.0,dividend,中证红利,3673.602,3660.2072000000003,3720.7245,3713.5865,3840.7309499999997
2016-06-24,3662.79,3622.3,3679.32,3573.9,25553720.0,dividend,中证红利,3674.7115,3661.1143999999995,3718.728833333333,3706.4528333333333,3841.4589
2016-06-27,3606.81,3671.12,3671.12,3606.26,18517332.0,dividend,中证红利,3677.8769999999995,3664.0976,3718.2138333333337,3700.649416666667,3841.5646500000003
2016-06-28,3656.42,3691.74,3692.26,3649.01,20953484.0,dividend,中证红利,3681.6065000000003,3667.3547999999996,3716.581,3694.6611666666668,3840.7645
2016-06-29,3697.8,3703.2,3705.35,3688.78,26901342.0,dividend,中证红利,3685.868,3670.3580000000006,3715.079166666667,3688.705583333334,3840.36015
2016-06-30,3702.49,3703.5,3710.69,3693.87,20900309.0,dividend,中证红利,3685.0299999999997,3674.5560000000005,3713.524166666667,3683.108333333333,3840.4735500000006
2016-07-01,3706.88,3706.91,3724.62,3700.65,17049961.0,dividend,中证红利,3684.457,3678.828,3711.0136666666663,3680.12025,3840.5823499999997
2016-07-04,3689.02,3761.78,3765.36,3686.88,27781024.0,dividend,中证红利,3686.2215000000006,3684.9868,3709.4351666666666,3677.4696666666664,3841.34665
2016-07-05,3758.58,3767.15,3771.67,3751.7,28688417.0,dividend,中证红利,3687.3595,3690.9868,3708.8858333333337,3674.0201666666667,3841.5266500000002
2016-07-06,3756.06,3779.89,3780.77,3742.17,34523141.0,dividend,中证红利,3689.1424999999995,3697.4636,3708.979,3673.1058333333335,3841.3319500000002
2016-07-07,3763.87,3761.17,3769.93,3739.26,27659113.0,dividend,中证红利,3690.3770000000004,3699.1,3707.7988333333337,3671.2475833333333,3841.3467
2016-07-08,3742.48,3732.62,3742.72,3722.2,21206783.0,dividend,中证红利,3691.4525000000003,3699.67,3706.402666666667,3671.0294166666663,3841.1722499999996
2016-07-11,3740.23,3743.67,3778.08,3735.39,26170262.0,dividend,中证红利,3698.2905,3700.3572,3704.314,3670.9117499999998,3841.87465
2016-07-12,3742.39,3829.65,3829.65,3742.25,38664720.0,dividend,中证红利,3708.9685,3703.7676,3703.432333333333,3672.1068333333333,3843.86255
2016-07-13,3825.94,3841.24,3851.2,3825.4,40129125.0,dividend,中证红利,3717.6614999999997,3707.6479999999997,3702.9171666666666,3672.7529166666664,3844.8603500000004
2016-07-14,3835.72,3824.85,3837.5,3808.3,22788600.0,dividend,中证红利,3726.547,3711.1827999999996,3702.8066666666664,3674.4007500000002,3846.2009
2016-07-15,3827.82,3831.73,3840.87,3818.35,22736258.0,dividend,中证红利,3734.3365,3716.0075999999995,3702.653,3676.0205833333334,3847.41675
2016-07-18,3826.29,3837.38,3853.05,3810.97,31712814.0,dividend,中证红利,3742.3590000000004,3725.2264,3704.0405,3676.7267500000003,3848.2632
2016-07-19,3831.99,3816.88,3833.41,3790.9,24883361.0,dividend,中证红利,3749.8805,3733.258,3705.3825,3677.6406666666667,3848.87065
2016-07-20,3814.6,3805.19,3822.36,3799.39,18152086.0,dividend,中证红利,3755.249,3738.7704000000003,3706.2045,3679.35,3849.7680000000005
2016-07-21,3805.13,3826.64,3847.35,3805.04,21204197.0,dividend,中证红利,3762.9305,3745.9504,3707.3323333333333,3680.9020833333334,3850.5833500000003
2016-07-22,3822.58,3784.73,3825.78,3780.35,21236248.0,dividend,中证红利,3771.0519999999997,3750.302,3707.4306666666666,3681.896166666667,3851.5317999999997
2016-07-25,3780.64,3799.63,3813.89,3780.64,18589101.0,dividend,中证红利,3777.4775,3755.21,3708.0081666666665,3684.911666666667,3852.3397000000004
2016-07-26,3794.86,3850.93,3850.93,3793.75,21608956.0,dividend,中证红利,3785.4370000000004,3762.5892,3709.563333333333,3688.5033333333336,3853.71435
2016-07-27,3850.39,3795.18,3868.81,3733.4,40114891.0,dividend,中证红利,3790.036,3766.4836,3710.295333333333,3692.3739166666664,3854.7326000000003
2016-07-28,3781.56,3844.06,3848.43,3774.05,32280684.0,dividend,中证红利,3797.064,3773.3256,3710.733666666667,3695.8171666666667,3855.41045
2016-07-29,3835.72,3840.53,3866.41,3831.66,26661981.0,dividend,中证红利,3803.745,3782.0548000000003,3711.3143333333337,3699.580916666667,3855.89865
2016-08-01,3832.06,3806.07,3833.07,3777.94,25668144.0,dividend,中证红利,3805.9595,3787.4527999999996,3711.2946666666667,3702.456333333333,3855.51795
2016-08-02,3797.45,3820.77,3820.77,3786.35,18066721.0,dividend,中证红利,3808.6405,3792.614,3713.2691666666665,3705.5632499999997,3855.1372499999998
2016-08-03,3808.54,3830.02,3834.75,3798.32,20807163.0,dividend,中证红利,3811.147,3797.6868,3716.881,3708.4153333333334,3855.13665
2016-08-04,3827.57,3837.96,3838.07,3800.76,22750864.0,dividend,中证红利,3814.9865,3803.0651999999995,3720.4329999999995,3711.4289999999996,3854.63055
2016-08-05,3838.94,3840.74,3863.85,3829.14,24804855.0,dividend,中证红利,3820.3924999999995,3808.4184000000005,3723.682666666667,3714.65275,3853.7916000000005
2016-08-08,3835.54,3880.96,3880.99,3823.77,23830715.0,dividend,中证红利,3827.257,3813.1856,3727.5299999999997,3717.3534999999997,3852.9845
2016-08-09,3879.31,3905.85,3909.17,3876.31,28274977.0,dividend,中证红利,3831.0670000000005,3818.7336,3731.923666666667,3719.9612500000003,3852.07885
2016-08-10,3905.36,3888.14,3920.39,3887.16,23440735.0,dividend,中证红利,3833.4120000000003,3823.0636,3735.6376666666665,3722.417833333333,3852.06435
2016-08-11,3883.19,3872.53,3916.01,3872.0,30218525.0,dividend,中证红利,3835.796,3827.518,3739.364833333333,3724.73725,3851.58135
2016-08-12,3871.41,3946.2,3946.36,3870.0,42281094.0,dividend,中证红利,3841.5195,3836.0612,3745.141166666667,3726.9958333333334,3851.0758
2016-08-15,3958.06,4043.63,4059.28,3957.74,65208345.0,dividend,中证红利,3851.832,3848.0596,3752.5926666666664,3730.2785833333332,3850.92315
2016-08-16,4057.88,4026.59,4071.11,4017.94,70963607.0,dividend,中证红利,3862.3175,3855.9372,3759.5306666666665,3733.2029166666666,3850.6157999999996
2016-08-17,4022.59,4026.45,4040.19,4005.03,36881640.0,dividend,中证红利,3873.3805,3863.3456000000006,3766.1694999999995,3738.0301666666664,3850.6469500000003
2016-08-18,4020.18,4017.65,4049.43,4002.09,39652645.0,dividend,中证红利,3882.9309999999996,3871.0576,3773.1545,3742.48175,3850.55785
2016-08-19,4012.86,4022.52,4029.87,3994.73,30782210.0,dividend,中证红利,3894.8205000000003,3878.6892000000003,3780.1946666666668,3747.7109166666664,3850.5888
2016-08-22,4018.7,3997.93,4025.74,3995.07,29344158.0,dividend,中证红利,3904.7355000000002,3885.1112,3786.6966666666663,3752.1745,3850.86835
2016-08-23,3990.12,4000.9,4018.98,3979.92,27654277.0,dividend,中证红利,3912.2339999999995,3892.4719999999998,3793.0924999999997,3755.357583333333,3851.25315
2016-08-24,4001.38,3989.04,4006.31,3981.33,20543937.0,dividend,中证红利,3921.9269999999997,3899.8259999999996,3799.277,3758.410666666666,3850.6894499999994
2016-08-25,3974.46,3969.47,3974.74,3930.15,27892793.0,dividend,中证红利,3928.1974999999998,3905.5391999999997,3803.4305,3761.243916666667,3849.7116000000005
2016-08-26,3970.04,3962.14,3985.89,3954.34,19613219.0,dividend,中证红利,3934.278,3912.6356,3807.4933333333333,3763.6984166666666,3848.30155
2016-08-29,3957.48,3961.38,3968.77,3944.41,21917178.0,dividend,中证红利,3942.0434999999998,3919.1056,3811.408166666667,3766.1725,3846.5886000000005
2016-08-30,3962.01,3969.12,3979.8,3957.78,21249131.0,dividend,中证红利,3949.4610000000002,3923.8332,3815.1536666666666,3769.164,3844.8878000000004
2016-08-31,3965.54,3986.49,3992.26,3961.42,23544389.0,dividend,中证红利,3957.2845,3931.4855999999995,3819.1913333333337,3772.7215,3843.16245
2016-09-01,3985.76,3951.59,3986.83,3950.81,22720345.0,dividend,中证红利,3962.9659999999994,3935.7868,3822.7765,3775.9969166666665,3841.4334000000003
2016-09-02,3954.32,3960.57,3969.87,3938.77,22905472.0,dividend,中证红利,3968.9575000000004,3940.5883999999996,3826.9341666666664,3778.8235833333333,3839.9553499999997
2016-09-05,3969.5,3976.52,3988.73,3965.56,20063302.0,dividend,中证红利,3973.7355,3947.4064000000003,3833.0943333333335,3781.7385,3838.28235
2016-09-06,3983.11,4009.48,4015.06,3962.76,31170987.0,dividend,中证红利,3978.917,3954.9548,3839.650833333333,3784.84575,3836.7859999999996
2016-09-07,4008.93,4012.75,4033.41,4005.74,30495797.0,dividend,中证红利,3985.1475,3962.2639999999997,3845.407,3787.608416666667,3835.55175
2016-09-08,4009.63,4018.29,4019.34,4002.06,20905790.0,dividend,中证红利,3992.4354999999996,3969.4772000000003,3851.5928333333336,3789.93825,3833.9822499999996
2016-09-09,4016.35,3984.96,4022.9,3984.78,20084651.0,dividend,中证红利,3994.3735,3975.2459999999996,3856.7431666666666,3791.496416666667,3832.10315
2016-09-12,3936.1,3912.03,3940.96,3883.58,36631103.0,dividend,中证红利,3987.7934999999998,3976.4888,3860.6615,3792.5788333333335,3829.8799
2016-09-13,3916.85,3918.39,3924.15,3897.1,19090390.0,dividend,中证红利,3982.3835,3976.9903999999997,3864.8605,3793.7301666666667,3827.6151
2016-09-14,3900.42,3880.15,3909.14,3873.29,20264649.0,dividend,中证红利,3975.0685,3976.6708000000003,3867.8993333333337,3795.0010833333336,3824.853
2016-09-19,3884.69,3919.3,3919.79,3884.69,17324399.0,dividend,中证红利,3970.1510000000003,3978.5416000000005,3872.0041666666666,3796.364333333333,3822.401
2016-09-20,3919.35,3923.16,3924.62,3912.29,14706347.0,dividend,中证红利,3965.183,3977.62,3877.0185,3797.873666666667,3821.1016
2016-09-21,3919.75,3926.53,3932.98,3916.78,16802245.0,dividend,中证红利,3961.613,3972.9359999999997,3881.275333333333,3799.744583333333,3819.5725
2016-09-22,3941.66,3962.79,3972.83,3940.25,23665640.0,dividend,中证红利,3959.7074999999995,3970.384,3885.7928333333334,3801.186916666667,3818.1989000000003
2016-09-23,3966.54,3944.34,3968.51,3942.45,17199562.0,dividend,中证红利,3957.4725000000008,3967.0995999999996,3889.811833333333,3802.4455,3816.3579499999996
2016-09-26,3934.28,3883.81,3934.36,3882.37,21084461.0,dividend,中证红利,3953.1895000000004,3961.7459999999996,3892.817,3803.170583333333,3813.9283499999997
2016-09-27,3878.9,3907.89,3907.89,3874.08,18116936.0,dividend,中证红利,3950.4770000000003,3957.1607999999997,3896.1666666666665,3803.590166666667,3811.9425
2016-09-28,3914.11,3901.61,3914.11,3892.59,14908261.0,dividend,中证红利,3947.4885000000004,3953.308,3898.497166666667,3803.9661666666666,3809.8322
2016-09-29,3903.95,3914.99,3926.78,3903.81,15687602.0,dividend,中证红利,3944.782,3949.8716,3900.9611666666665,3804.9235,3808.24685
2016-09-30,3909.81,3925.2,3932.14,3907.77,13320319.0,dividend,中证红利,3941.7175,3947.3179999999998,3903.3830000000003,3806.1809999999996,3806.6041000000005
2016-10-10,3940.99,3977.03,3977.03,3928.26,23911594.0,dividend,中证红利,3942.9895000000006,3947.6204,3906.980666666667,3807.3897500000003,3805.26075
2016-10-11,3977.02,3987.3,3988.07,3971.97,22123811.0,dividend,中证红利,3944.326,3948.6268,3911.2253333333333,3808.814,3804.1711
2016-10-12,3977.71,3978.85,3981.18,3963.59,16713135.0,dividend,中证红利,3944.4424999999997,3949.3256,3915.145,3809.7295,3802.5668
2016-10-13,3978.26,3989.81,3993.69,3972.49,20468966.0,dividend,中证红利,3943.459,3950.1532,3917.8143333333333,3810.6233333333334,3801.03975
2016-10-14,3984.53,3990.18,3990.71,3968.64,21572681.0,dividend,中证红利,3942.3305,3950.3007999999995,3920.2966666666666,3811.606916666666,3799.55415
2016-10-17,3992.22,3961.75,3997.04,3952.52,22623243.0,dividend,中证红利,3939.5035000000003,3950.7072,3922.578333333333,3812.6924999999997,3797.4588499999995
2016-10-18,3960.43,4014.97,4015.46,3960.08,26393228.0,dividend,中证红利,3941.004,3952.8832,3925.6323333333335,3814.1426666666666,3795.645
2016-10-19,4017.04,4007.94,4029.41,3998.3,23557371.0,dividend,中证红利,3945.7994999999996,3954.14,3928.475,3816.2577499999998,3793.1996999999997
2016-10-20,4007.98,4012.68,4015.76,3999.33,20314121.0,dividend,中证红利,3950.514,3954.268,3931.7383333333332,3818.5604166666667,3790.66305
2016-10-21,4012.2,4031.25,4038.08,3999.59,29383587.0,dividend,中证红利,3958.0690000000004,3955.008,3935.506,3820.85525,3788.2501
2016-10-24,4034.31,4070.31,4083.51,4031.82,40174132.0,dividend,中证红利,3965.6195,3957.0888,3939.5671666666667,3823.4497499999998,3786.3151000000003
2016-10-25,4071.84,4086.01,4086.28,4068.49,29508577.0,dividend,中证红利,3973.7619999999997,3961.1308000000004,3944.5885,3826.0095833333335,3784.3534499999996
2016-10-26,4080.9,4058.09,4080.9,4051.72,24807359.0,dividend,中证红利,3980.34,3966.9732,3948.8961666666664,3828.4521666666665,3782.80625
2016-10-27,4053.17,4052.55,4056.96,4036.31,21429812.0,dividend,中证红利,3984.8280000000004,3972.3396000000002,3952.2565000000004,3830.9099166666665,3781.01735
2016-10-28,4048.5,4028.79,4067.09,4027.21,24083507.0,dividend,中证红利,3989.0505,3978.2852000000003,3956.15,3833.2226666666666,3779.07195
2016-10-31,4023.45,4031.49,4035.43,4007.77,19581586.0,dividend,中证红利,3996.4345000000003,3982.7727999999997,3959.273833333333,3835.0037500000003,3777.35355
2016-11-01,4033.72,4058.22,4058.22,4027.17,22012264.0,dividend,中证红利,4003.951,3988.1752,3962.902,3837.108166666667,3777.3172499999996
2016-11-02,4048.85,4020.4,4049.2,4018.3,20846748.0,dividend,中证红利,4009.8905,3991.93,3966.474166666667,3838.8844166666668,3777.02
2016-11-03,4012.2,4048.25,4059.92,4010.82,28481235.0,dividend,中证红利,4016.5535000000004,3995.3484,3970.2655,3841.7673333333328,3776.3558000000003
2016-11-04,4048.06,4034.31,4063.15,4028.37,30354404.0,dividend,中证红利,4022.0089999999996,3998.9472000000005,3973.6703333333335,3845.2756666666664,3777.0793
2016-11-07,4033.93,4042.0,4054.26,4024.78,25311633.0,dividend,中证红利,4025.2574999999997,4005.2748000000006,3977.0710000000004,3848.752,3777.3684999999996
2016-11-08,4051.6,4062.19,4074.98,4047.8,31239961.0,dividend,中证红利,4029.0019999999995,4011.4467999999997,3980.761833333333,3852.22225,3778.8854499999998
2016-11-09,4061.91,4040.18,4067.04,3999.11,39347064.0,dividend,中证红利,4032.0685,4016.9896000000003,3983.4155,3855.47275,3780.2974
2016-11-10,4060.75,4092.1,4095.52,4060.75,33551508.0,dividend,中证红利,4037.183,4024.074,3986.5196666666666,3859.221666666667,3782.3267000000005
2016-11-11,4088.71,4111.7,4114.72,4083.29,40900219.0,dividend,中证红利,4043.2589999999996,4031.534,3990.245666666667,3862.9416666666666,3784.0666499999998
2016-11-14,4104.01,4113.85,4132.34,4098.33,45293212.0,dividend,中证红利,4050.864,4037.0068,3994.2676666666666,3866.8162500000003,3786.50035
2016-11-15,4114.14,4116.47,4117.48,4100.34,29943532.0,dividend,中证红利,4055.939,4042.1736,3997.1054999999997,3871.1233333333334,3788.8959499999996
2016-11-16,4115.69,4113.78,4117.69,4104.17,24880243.0,dividend,中证红利,4061.2309999999998,4047.5707999999995,3998.2746666666662,3875.4336666666663,3790.70165
2016-11-17,4107.88,4132.84,4133.06,4099.15,28520224.0,dividend,中证红利,4067.239,4053.292,4000.0455,3879.7880833333334,3792.8298000000004
2016-11-18,4138.89,4121.28,4147.8,4116.61,30406893.0,dividend,中证红利,4071.7405,4058.5360000000005,4001.6260000000007,3883.8977499999996,3795.43585
2016-11-21,4117.09,4153.44,4178.7,4116.07,57082359.0,dividend,中证红利,4075.897,4066.2036,4003.8891666666664,3888.5218333333332,3798.0011
2016-11-22,4151.34,4178.86,4179.32,4151.34,62339689.0,dividend,中证红利,4080.5395,4072.7592,4006.494833333333,3893.3447499999997,3800.5682
2016-11-23,4184.26,4193.84,4210.63,4182.11,58760030.0,dividend,中证红利,4087.3269999999998,4080.1952,4009.76,3898.2283333333335,3804.3485499999997
2016-11-24,4188.67,4217.78,4239.21,4186.11,42089244.0,dividend,中证红利,4095.5884999999994,4088.3992000000003,4013.374666666667,3903.233583333333,3808.3378000000002
2016-11-25,4216.97,4254.82,4255.36,4190.09,50549948.0,dividend,中证红利,4106.89,4097.342000000001,4017.8043333333335,3908.5406666666668,3812.9583499999994
2016-11-28,4266.21,4279.07,4298.57,4266.21,77426131.0,dividend,中证红利,4119.268999999999,4105.6924,4022.964333333334,3913.197416666667,3817.19935
2016-11-29,4271.27,4297.09,4333.69,4262.64,72597846.0,dividend,中证红利,4131.2125,4114.1356,4028.5468333333333,3918.020083333334,3821.7403999999997
2016-11-30,4288.63,4250.25,4292.24,4235.76,49127297.0,dividend,中证红利,4142.705,4121.822,4033.3613333333333,3922.38475,3825.68655
2016-12-01,4261.12,4292.49,4301.1,4261.12,57770383.0,dividend,中证红利,4154.9169999999995,4131.4196,4038.750833333333,3926.9522500000003,3829.9093
2016-12-02,4290.0,4247.61,4299.03,4233.42,67615599.0,dividend,中证红利,4165.582,4140.1723999999995,4043.102833333333,3931.1470833333337,3833.7084999999997
2016-12-05,4189.71,4181.43,4212.31,4169.9,60586736.0,dividend,中证红利,4172.5535,4146.17,4046.9335,3934.855,3837.2340500000005
2016-12-06,4178.98,4175.43,4192.9,4171.82,38202276.0,dividend,中证红利,4178.2155,4150.8584,4050.5144999999998,3938.724333333333,3840.84175
2016-12-07,4173.9,4196.03,4196.03,4157.29,30817525.0,dividend,中证红利,4186.008,4157.8836,4054.1730000000002,3943.633666666667,3844.03755
2016-12-08,4201.55,4193.68,4207.92,4188.42,34789046.0,dividend,中证红利,4191.087,4163.7008000000005,4057.243,3948.4469166666668,3847.04135
2016-12-09,4189.04,4230.1,4243.31,4186.71,64029258.0,dividend,中证红利,4197.007,4171.5324,4060.8655,3953.13625,3850.2251
2016-12-12,4229.67,4126.78,4236.62,4114.0,71182066.0,dividend,中证红利,4197.653499999999,4174.9236,4062.6736666666666,3957.13325,3852.8880000000004
2016-12-13,4113.25,4120.14,4133.73,4077.09,40849812.0,dividend,中证红利,4197.8369999999995,4177.2416,4064.9266666666667,3960.8349166666667,3855.1128500000004
2016-12-14,4115.48,4089.39,4128.5,4087.37,46038392.0,dividend,中证红利,4196.617499999999,4179.21,4067.8826666666664,3964.272083333333,3857.3112999999994
2016-12-15,4074.29,4044.91,4085.81,4026.27,44417532.0,dividend,中证红利,4192.221,4177.3224,4069.9913333333334,3967.4259166666666,3859.1575
2016-12-16,4041.46,4055.28,4065.17,4033.7,33626039.0,dividend,中证红利,4188.921,4175.0656,4072.9101666666666,3970.40475,3862.198
2016-12-19,4052.41,4051.58,4066.16,4037.88,28155590.0,dividend,中证红利,4183.8279999999995,4172.5748,4075.1148333333335,3973.5595000000003,3865.0386
2016-12-20,4046.48,4025.67,4047.3,4002.08,31986874.0,dividend,中证红利,4176.1685,4168.942800000001,4076.8233333333333,3976.920916666667,3868.19185
2016-12-21,4029.19,4065.09,4066.65,4029.19,36856713.0,dividend,中证红利,4169.731,4166.9952,4079.1326666666664,3980.2039999999997,3871.2058
2016-12-22,4062.89,4072.16,4076.03,4055.33,30867819.0,dividend,中证红利,4162.45,4164.568,4080.9554999999996,3983.3741666666665,3873.47195
2016-12-23,4068.41,4028.85,4068.51,4017.53,30530190.0,dividend,中证红利,4151.1515,4160.8708,4082.364,3986.0879166666664,3875.50285
2016-12-26,4015.88,4040.77,4041.16,3977.38,29917191.0,dividend,中证红利,4139.236500000001,4156.3640000000005,4084.98,3988.8985,3877.5593
2016-12-27,4037.21,4043.08,4057.85,4035.2,25058317.0,dividend,中证红利,4126.536,4150.9328000000005,4087.233166666667,3991.6999166666665,3879.4366999999997
2016-12-28,4042.35,4026.91,4047.21,4017.86,23004779.0,dividend,中证红利,4115.369000000001,4144.2556,4089.3215,3993.909333333334,3881.2488
2016-12-29,4022.37,4021.23,4037.49,4011.99,24530757.0,dividend,中证红利,4101.806,4136.393599999999,4091.092166666667,3996.0266666666666,3883.3042499999997
2016-12-30,4025.65,4040.73,4045.36,4021.89,26055657.0,dividend,中证红利,4091.4620000000004,4127.83,4093.0176666666666,3998.200333333333,3885.70995
2017-01-03,4045.25,4081.8,4081.87,4044.88,28065536.0,dividend,中证红利,4086.480499999999,4119.9392,4094.763833333333,4000.87225,3888.32625
2017-01-04,4080.01,4115.53,4117.04,4077.52,30272305.0,dividend,中证红利,4083.4855000000002,4112.6768,4096.901,4004.063166666667,3890.79705
2017-01-05,4116.21,4120.05,4121.93,4107.93,29025657.0,dividend,中证红利,4079.6865,4107.4688,4099.254333333333,4007.199666666667,3893.26365
2017-01-06,4117.58,4102.33,4122.75,4097.46,31051623.0,dividend,中证红利,4075.1189999999997,4099.8624,4101.129666666667,4009.472,3895.59225
2017-01-09,4101.79,4125.82,4126.23,4100.45,27230174.0,dividend,中证红利,4069.905,4094.9908,4103.390333333334,4011.8435000000004,3897.8152
2017-01-10,4123.4,4114.38,4129.32,4110.22,23817953.0,dividend,中证红利,4069.285,4092.3088000000002,4105.934166666667,4014.25625,3899.69355
2017-01-11,4110.24,4082.06,4118.51,4080.76,26839294.0,dividend,中证红利,4067.3810000000003,4088.574,4107.052333333334,4016.3423333333335,3901.1139500000004
2017-01-12,4079.76,4057.21,4090.34,4054.53,21844217.0,dividend,中证红利,4065.772,4083.0212,4107.8735,4018.1742499999996,3902.4892999999997
2017-01-13,4055.25,4059.99,4073.97,4043.34,29724366.0,dividend,中证红利,4066.5260000000003,4077.6736,4108.662,4020.2001666666665,3903.8881
2017-01-16,4053.86,4063.01,4066.16,3999.45,61914834.0,dividend,中证红利,4066.9125,4070.99,4109.191333333333,4022.3486666666663,3905.56495
2017-01-17,4045.52,4071.58,4071.79,4035.61,22413247.0,dividend,中证红利,4067.9125,4068.782,4109.2125,4024.389833333333,3907.1443
2017-01-18,4068.85,4096.88,4105.42,4066.57,26046854.0,dividend,中证红利,4071.4730000000004,4067.8516,4109.393666666667,4026.9910833333333,3908.9184999999998
2017-01-19,4088.98,4087.67,4106.84,4080.81,23603251.0,dividend,中证红利,4072.6020000000003,4067.7827999999995,4109.886666666667,4029.3914166666664,3910.8467499999997
2017-01-20,4084.25,4123.69,4126.15,4083.94,20537105.0,dividend,中证红利,4075.1785000000004,4070.9339999999997,4111.0723333333335,4031.6644166666665,3912.5166499999996
2017-01-23,4127.17,4128.52,4146.7,4119.5,23779854.0,dividend,中证红利,4080.1619999999994,4073.8635999999997,4112.7345,4034.44225,3914.1926999999996
2017-01-24,4125.11,4144.2,4150.8,4123.54,24181493.0,dividend,中证红利,4085.3335000000006,4077.5683999999997,4114.613,4036.943416666667,3915.9297
2017-01-25,4139.85,4150.07,4153.4,4131.92,19279878.0,dividend,中证红利,4090.683,4082.5444,4116.1438333333335,4039.522916666667,3917.39235
2017-01-26,4152.06,4157.87,4170.01,4151.88,21233061.0,dividend,中证红利,4097.231,4086.2556,4118.435,4042.4545833333336,3918.89925
2017-02-03,4158.86,4131.77,4160.26,4127.01,15131858.0,dividend,中证红利,4102.758,4088.64,4119.827,4045.04625,3920.55755
2017-02-06,4135.87,4144.05,4153.75,4126.73,23085677.0,dividend,中证红利,4107.924,4093.2480000000005,4121.656,4047.6631666666663,3922.4063
2017-02-07,4140.97,4146.86,4149.59,4128.04,20931933.0,dividend,中证红利,4111.177,4097.491599999999,4123.403666666667,4050.2373333333335,3923.9807
2017-02-08,4141.15,4161.75,4161.95,4123.27,22088897.0,dividend,中证红利,4113.487999999999,4102.238399999999,4125.063,4052.9124166666666,3925.7075
2017-02-09,4161.04,4179.77,4191.36,4158.64,32543860.0,dividend,中证红利,4116.474,4108.3528,4127.3895,4055.4024999999997,3927.2613999999994
2017-02-10,4181.64,4206.29,4213.99,4180.21,41025111.0,dividend,中证红利,4121.6720000000005,4115.7552000000005,4129.292666666666,4057.9061666666666,3928.8801000000003
2017-02-13,4209.97,4237.66,4240.7,4209.14,38461486.0,dividend,中证红利,4127.264,4123.6323999999995,4131.392,4060.8188333333333,3930.7076500000003
2017-02-14,4238.74,4228.75,4241.96,4217.01,27101465.0,dividend,中证红利,4132.9825,4129.5104,4133.307,4063.787333333333,3932.6940000000004
2017-02-15,4229.14,4225.67,4256.86,4217.57,49907870.0,dividend,中证红利,4140.163,4133.916,4135.1269999999995,4066.1162499999996,3934.6176
2017-02-16,4224.74,4248.34,4248.34,4219.63,33899829.0,dividend,中证红利,4149.7195,4139.0476,4137.369666666667,4067.8221666666664,3937.0886499999997
2017-02-17,4250.95,4218.56,4258.68,4215.5,31125246.0,dividend,中证红利,4157.647999999999,4143.6968,4138.798333333333,4069.4219166666667,3939.4996499999997
2017-02-20,4219.16,4293.09,4295.37,4219.16,50811169.0,dividend,中证红利,4169.152,4150.3876,4141.661833333334,4071.643916666667,3942.18575
2017-02-21,4295.96,4300.01,4312.41,4289.51,36433153.0,dividend,中证红利,4180.5735,4157.812800000001,4144.104666666667,4073.9969166666665,3944.8909500000004
2017-02-22,4298.57,4324.54,4324.95,4296.16,31666045.0,dividend,中证红利,4191.9565,4167.512,4146.532666666667,4076.51375,3947.6195000000002
2017-02-23,4322.01,4302.67,4329.73,4284.94,29017490.0,dividend,中证红利,4202.7065,4177.3304,4148.346500000001,4079.05325,3950.30795
2017-02-24,4296.99,4296.51,4297.78,4272.68,25258524.0,dividend,中证红利,4211.3475,4186.7912,4149.658666666667,4081.516666666667,3953.0024
2017-02-27,4295.57,4256.86,4295.57,4252.11,31748386.0,dividend,中证红利,4217.7645,4194.5452,4149.692666666667,4083.7485,3955.5303999999996
2017-02-28,4256.9,4275.43,4278.61,4256.85,21340412.0,dividend,中证红利,4224.325999999999,4202.6992,4149.632,4086.2981666666665,3957.81875
2017-03-01,4275.65,4278.95,4295.12,4271.02,29162925.0,dividend,中证红利,4230.77,4209.982,4149.3296666666665,4088.9382499999997,3960.18505
2017-03-02,4281.76,4257.55,4288.75,4255.94,25733053.0,dividend,中证红利,4235.754,4216.7772,4149.451333333333,4091.406333333333,3962.43655
2017-03-03,4247.94,4259.2,4259.62,4235.03,23153374.0,dividend,中证红利,4242.1255,4222.1976,4148.8965,4093.823666666666,3965.2210499999997
2017-03-06,4257.46,4280.97,4283.95,4257.34,29365601.0,dividend,中证红利,4248.971500000001,4228.2956,4149.4525,4096.277666666667,3968.55935
2017-03-07,4277.27,4285.91,4286.19,4268.75,24472780.0,dividend,中证红利,4255.924,4233.964,4151.193833333334,4099.063666666667,3971.8647
2017-03-08,4282.93,4274.55,4282.93,4264.26,27756699.0,dividend,中证红利,4261.564,4238.9432,4152.845833333334,4101.680166666667,3975.0086499999998
2017-03-09,4267.53,4240.96,4267.65,4228.86,29804463.0,dividend,中证红利,4264.6235,4242.2668,4153.594666666667,4103.883833333333,3977.9628500000003
2017-03-10,4236.56,4244.69,4253.69,4235.99,21959037.0,dividend,中证红利,4266.5435,4246.7836,4154.444833333333,4105.843916666667,3980.97515
2017-03-13,4240.34,4285.47,4285.47,4223.69,28484670.0,dividend,中证红利,4268.933999999999,4252.4404,4155.367666666667,4108.116583333333,3984.0759999999996
2017-03-14,4283.33,4283.67,4295.11,4276.02,24314124.0,dividend,中证红利,4271.68,4257.9128,4157.9825,4110.328083333333,3987.2498499999997
2017-03-15,4278.99,4298.08,4301.4,4276.65,25982211.0,dividend,中证红利,4275.300499999999,4263.366,4160.948166666666,4112.937416666667,3990.7421499999996
2017-03-16,4304.08,4314.32,4325.59,4304.08,32599230.0,dividend,中证红利,4278.5995,4268.748,4164.697,4116.289833333333,3994.33105
2017-03-17,4316.63,4268.78,4319.62,4262.24,32582425.0,dividend,中证红利,4281.110500000001,4271.2476,4168.428166666667,4119.20975,3997.6234000000004
2017-03-20,4279.34,4289.3,4290.86,4262.03,28811379.0,dividend,中证红利,4280.921,4273.3132000000005,4172.3285,4122.619333333333,4000.9293
2017-03-21,4290.77,4331.33,4331.39,4286.9,32905477.0,dividend,中证红利,4282.487,4277.4164,4176.991,4126.0529166666665,4004.5932000000003
2017-03-22,4308.79,4307.38,4325.75,4290.33,35774805.0,dividend,中证红利,4281.629,4280.6848,4181.686166666667,4129.25475,4008.12955
2017-03-23,4309.88,4316.12,4328.79,4280.66,30577355.0,dividend,中证红利,4282.3015,4283.396,4185.87,4132.501333333334,4011.6711000000005
2017-03-24,4315.57,4354.31,4364.06,4313.76,42430928.0,dividend,中证红利,4285.1915,4288.826,4190.5725,4135.764,4015.3569
2017-03-27,4357.99,4341.29,4382.49,4336.99,41081050.0,dividend,中证红利,4289.413,4290.754,4195.779833333333,4139.071916666667,4018.9735000000005
2017-03-28,4340.98,4326.36,4341.95,4313.65,26180838.0,dividend,中证红利,4291.9595,4291.808,4200.539666666667,4142.7598333333335,4022.0040000000004
2017-03-29,4328.56,4319.62,4342.74,4302.05,32401864.0,dividend,中证红利,4293.993,4291.6112,4205.148666666666,4146.190916666666,4025.0102500000003
2017-03-30,4315.85,4290.82,4321.9,4264.06,40004604.0,dividend,中证红利,4295.6565,4291.1372,4209.547166666666,4149.434333333334,4027.8319
2017-03-31,4287.76,4323.96,4325.22,4284.42,35829726.0,dividend,中证红利,4298.8945,4292.2352,4214.592666666666,4152.842416666667,4030.7297500000004
2017-04-05,4352.99,4382.42,4382.42,4343.24,50591021.0,dividend,中证红利,4303.967,4297.2576,4220.2875,4156.6525833333335,4033.9207
2017-04-06,4387.23,4400.05,4400.64,4374.05,51780452.0,dividend,中证红利,4309.674000000001,4302.2424,4225.591666666666,4160.17775,4037.23855
2017-04-07,4394.89,4407.75,4416.28,4381.67,44131933.0,dividend,中证红利,4316.334000000001,4307.3944,4230.462,4163.6815,4040.7217499999997
2017-04-10,4412.73,4405.85,4417.04,4399.31,38860307.0,dividend,中证红利,4324.5785,4313.3264,4235.225333333333,4167.239833333334,4044.7164500000003
2017-04-11,4410.51,4421.57,4430.27,4352.53,47222280.0,dividend,中证红利,4333.422500000001,4319.8212,4240.546,4170.837833333334,4048.7438500000003
2017-04-12,4419.54,4423.27,4446.4,4399.7,52804474.0,dividend,中证红利,4340.3125,4325.5132,4245.5035,4174.446916666667,4052.5232999999994
2017-04-13,4410.43,4450.62,4454.05,4407.34,47335219.0,dividend,中证红利,4348.66,4332.1016,4251.1075,4178.520833333333,4056.5406999999996
2017-04-14,4450.52,4397.73,4454.59,4389.86,37231505.0,dividend,中证红利,4353.6425,4337.0288,4256.368666666666,4181.7105,4060.1496500000003
2017-04-17,4379.33,4375.88,4382.38,4345.13,35254382.0,dividend,中证红利,4356.7205,4342.4256,4261.679833333334,4184.776666666667,4063.6444
2017-04-18,4367.91,4365.36,4401.39,4365.36,39680450.0,dividend,中证红利,4361.5495,4347.2524,4266.769333333334,4187.715666666667,4067.13895
2017-04-19,4349.94,4347.31,4355.76,4306.79,42176660.0,dividend,中证红利,4364.45,4349.726,4271.507666666666,4190.3495,4070.3864000000003
2017-04-20,4344.81,4366.19,4376.49,4340.44,40051846.0,dividend,中证红利,4366.193,4353.0268,4276.417833333333,4192.815166666666,4073.8523000000005
2017-04-21,4361.49,4369.35,4379.91,4351.31,39306744.0,dividend,中证红利,4369.2915,4355.8776,4280.959,4195.176333333333,4077.58755
2017-04-24,4356.83,4315.19,4356.83,4285.99,40934182.0,dividend,中证红利,4369.245,4355.9124,4284.751,4197.318833333334,4080.8079
2017-04-25,4313.36,4335.38,4348.59,4305.41,32852893.0,dividend,中证红利,4368.2985,4358.5764,4288.279166666666,4199.675749999999,4084.0261
2017-04-26,4331.91,4339.48,4361.28,4327.55,38938913.0,dividend,中证红利,4368.2080000000005,4360.5836,4291.795166666667,4202.264833333334,4087.2075
2017-04-27,4325.19,4329.63,4336.62,4272.93,47114012.0,dividend,中证红利,4368.3715,4360.5156,4294.885666666666,4204.749333333333,4090.3381499999996
2017-04-28,4311.9,4302.84,4313.17,4279.94,35230319.0,dividend,中证红利,4367.532499999999,4360.334,4297.431833333333,4206.787833333333,4093.3178000000003
2017-05-02,4284.96,4281.13,4292.89,4270.59,31151226.0,dividend,中证红利,4367.048000000001,4358.9344,4299.486166666667,4208.9605833333335,4095.91455
2017-05-03,4270.17,4254.32,4282.95,4241.17,30178502.0,dividend,中证红利,4363.566,4354.9348,4301.528666666667,4210.677833333333,4098.350399999999
2017-05-04,4245.63,4251.87,4276.32,4229.4,34232696.0,dividend,中证红利,4357.0385,4351.358,4303.325666666667,4212.490833333333,4100.7103
2017-05-05,4233.91,4229.1,4238.13,4210.33,38703941.0,dividend,中证红利,4348.491,4347.4676,4304.696333333333,4214.05,4103.04995
2017-05-08,4213.71,4194.24,4219.13,4176.27,41687330.0,dividend,中证红利,4337.8155,4342.4524,4305.237833333334,4215.150416666666,4105.35805
2017-05-09,4178.26,4192.62,4201.16,4162.46,27660672.0,dividend,中证红利,4327.154,4338.524399999999,4305.452,4216.42075,4107.602800000001
2017-05-10,4189.67,4147.82,4203.49,4145.41,30143482.0,dividend,中证红利,4313.4664999999995,4331.4788,4304.4775,4216.885083333333,4109.19365
2017-05-11,4126.48,4170.48,4170.81,4103.09,38555442.0,dividend,中证红利,4300.827,4323.0012,4303.3578333333335,4217.374916666667,4110.83985
2017-05-12,4162.4,4202.12,4206.57,4158.84,39023399.0,dividend,中证红利,4288.402,4315.084,4302.914,4218.1105,4112.7262
2017-05-15,4203.76,4228.94,4232.95,4203.76,33005335.0,dividend,中证红利,4279.9625,4307.9316,4302.9685,4219.047750000001,4114.7122500000005
2017-05-16,4218.27,4278.08,4278.25,4198.83,36722932.0,dividend,中证红利,4275.0725,4302.8207999999995,4303.464166666667,4220.416916666666,4116.91575
2017-05-17,4273.76,4265.53,4290.78,4261.71,35244516.0,dividend,中证红利,4270.081,4296.5792,4304.246999999999,4221.522666666667,4119.159000000001
2017-05-18,4235.26,4245.37,4257.56,4227.48,28900771.0,dividend,中证红利,4264.9839999999995,4289.4632,4303.451666666667,4222.55675,4121.3598999999995
2017-05-19,4238.84,4261.37,4265.01,4238.75,26032069.0,dividend,中证红利,4259.7429999999995,4281.8932,4302.807666666667,4223.456166666667,4123.53355
2017-05-22,4255.04,4248.44,4269.52,4224.77,34583086.0,dividend,中证红利,4253.6975,4275.921600000001,4301.539333333333,4224.036,4125.8521
2017-05-23,4240.43,4259.54,4275.91,4237.08,45378620.0,dividend,中证红利,4250.915,4271.268,4300.8205,4224.5835,4128.15165
2017-05-24,4242.67,4266.98,4266.98,4210.64,31872165.0,dividend,中证红利,4247.495,4267.3328,4300.328333333333,4224.9935000000005,4130.2319
2017-05-25,4254.49,4325.16,4336.51,4251.09,60572281.0,dividend,中证红利,4246.779,4266.4468,4301.466666666666,4225.5796666666665,4132.8818
2017-05-26,4315.68,4331.28,4342.86,4315.68,41166947.0,dividend,中证红利,4246.8615,4265.0504,4302.3975,4226.01475,4135.3179
2017-05-31,4350.2,4338.31,4359.69,4311.69,39767032.0,dividend,中证红利,4248.635,4263.8088,4303.386833333333,4226.35825,4137.8068
2017-06-01,4325.18,4330.89,4338.54,4317.65,37271164.0,dividend,中证红利,4251.123,4264.4367999999995,4304.609166666666,4227.03025,4140.4309
2017-06-02,4324.04,4338.47,4343.59,4311.01,32627819.0,dividend,中证红利,4255.3305,4264.560399999999,4305.930333333333,4227.413416666666,4143.0194
2017-06-05,4333.04,4316.5,4337.34,4310.42,37087546.0,dividend,中证红利,4258.562,4263.6412,4306.5225,4227.9875,4145.4518
2017-06-06,4308.95,4338.88,4339.0,4301.92,24459509.0,dividend,中证红利,4264.051,4264.0112,4307.405333333333,4229.299583333333,4147.9564
2017-06-07,4336.49,4397.44,4397.55,4333.0,39258614.0,dividend,中证红利,4274.210999999999,4267.7952000000005,4309.4535,4231.149666666667,4150.7399
2017-06-08,4395.27,4437.77,4438.49,4392.41,32718361.0,dividend,中证红利,4286.4685,4274.0608,4312.733666666667,4233.1641666666665,4153.52395
2017-06-09,4433.58,4450.95,4462.04,4432.06,42241481.0,dividend,中证红利,4301.624999999999,4281.9259999999995,4316.171333333334,4235.308083333333,4156.24945
2017-06-12,4442.58,4462.27,4494.53,4435.82,36815719.0,dividend,中证红利,4316.2145,4290.342000000001,4319.118,4237.242833333334,4159.1201
2017-06-13,4458.94,4477.02,4477.89,4446.56,25900091.0,dividend,中证红利,4329.9595,4300.2588,4322.3405,4240.1615,4162.1425500000005
2017-06-14,4458.48,4413.18,4459.41,4403.61,29769012.0,dividend,中证红利,4339.1714999999995,4309.0164,4324.258833333333,4242.6035,4164.47745
2017-06-15,4402.82,4391.99,4415.62,4373.83,27119058.0,dividend,中证红利,4344.867,4316.9912,4325.553333333333,4245.125166666667,4166.21925
2017-06-16,4377.19,4362.86,4390.86,4356.57,23983938.0,dividend,中证红利,4349.7335,4325.592799999999,4327.1213333333335,4247.77475,4167.9006
2017-06-19,4361.85,4393.38,4398.08,4358.96,26835487.0,dividend,中证红利,4357.134,4334.5088,4328.856000000001,4250.59225,4169.73525
2017-06-20,4399.45,4387.9,4406.58,4378.96,26448520.0,dividend,中证红利,4363.4605,4341.94,4329.798833333333,4253.394916666667,4171.586499999999
2017-06-21,4404.65,4439.06,4439.06,4379.97,28489575.0,dividend,中证红利,4372.9915,4350.344800000001,4331.9935,4256.839833333333,4173.6692
2017-06-22,4439.19,4438.04,4489.14,4435.66,54477514.0,dividend,中证红利,4381.9165,4356.7432,4334.0255,4259.94775,4175.86975
2017-06-23,4427.19,4475.03,4475.03,4405.75,37908496.0,dividend,中证红利,4392.319,4365.1232,4336.0375,4263.305,4178.2404
2017-06-26,4476.92,4525.73,4534.41,4475.92,52109412.0,dividend,中证红利,4402.3475,4376.3376,4339.1115,4267.4456666666665,4180.92385
2017-06-27,4522.38,4534.92,4536.12,4500.57,36376357.0,dividend,中证红利,4412.5295,4387.2796,4342.5875,4271.563583333334,4183.7510999999995
2017-06-28,4523.8,4510.0,4542.39,4506.54,38652218.0,dividend,中证红利,4421.114,4397.742,4345.7605,4275.454583333333,4186.4904
2017-06-29,4509.63,4525.37,4526.14,4501.97,27985662.0,dividend,中证红利,4430.838,4408.3752,4349.669666666667,4279.608416666666,4189.31035
2017-06-30,4505.16,4527.24,4528.14,4495.81,26985204.0,dividend,中证红利,4440.2765,4418.7856,4353.057666666667,4283.8251666666665,4192.10095
2017-07-03,4529.38,4518.92,4532.96,4494.63,27852731.0,dividend,中证红利,4450.3975,4426.536,4355.332666666666,4287.810083333334,4194.7631
2017-07-04,4514.15,4483.8,4514.25,4469.03,32559074.0,dividend,中证红利,4457.6435,4432.6368,4356.7285,4291.160083333333,4197.42415
2017-07-05,4469.27,4514.1,4515.13,4461.52,28414618.0,dividend,中证红利,4463.476500000001,4439.6684000000005,4358.501,4294.4815,4200.1918
2017-07-06,4511.68,4515.58,4524.32,4482.87,30468120.0,dividend,中证红利,4467.367,4447.0560000000005,4360.329833333333,4297.7775833333335,4202.8871
2017-07-07,4504.77,4517.37,4517.47,4490.74,29429127.0,dividend,中证红利,4470.688,4454.212,4361.9265,4301.23625,4205.42655
2017-07-10,4500.98,4506.22,4518.72,4492.0,33020546.0,dividend,中证红利,4472.8855,4461.8008,4363.309,4304.40625,4207.8939
2017-07-11,4497.61,4526.76,4554.32,4497.17,42521202.0,dividend,中证红利,4475.3724999999995,4469.316000000001,4364.578,4307.84275,4210.43625
2017-07-12,4526.93,4505.91,4540.88,4483.1,46473997.0,dividend,中证红利,4480.009,4473.6548,4366.380999999999,4311.374833333333,4213.041
2017-07-13,4502.01,4517.2,4523.72,4497.27,46963943.0,dividend,中证红利,4486.2695,4476.831999999999,4368.736333333333,4315.208083333334,4216.06685
2017-07-14,4511.69,4544.46,4544.46,4503.47,38371221.0,dividend,中证红利,4495.3495,4480.5724,4371.721333333334,4319.245333333333,4219.1972
2017-07-17,4542.73,4489.01,4558.76,4445.58,70042317.0,dividend,中证红利,4500.130999999999,4481.642,4374.083,4322.7953333333335,4222.2415
2017-07-18,4472.82,4489.53,4489.53,4442.42,45978938.0,dividend,中证红利,4505.2125,4482.1424,4376.138666666667,4326.27825,4225.0926500000005
2017-07-19,4480.71,4549.81,4551.65,4478.02,56243367.0,dividend,中证红利,4510.75,4487.6076,4379.146333333334,4330.0526666666665,4228.2259
2017-07-20,4547.75,4588.11,4589.21,4544.19,43214046.0,dividend,中证红利,4518.2535,4495.4524,4383.695000000001,4334.223,4231.5338
2017-07-21,4577.51,4585.49,4600.73,4569.38,39146691.0,dividend,中证红利,4523.7765,4504.3576,4387.8635,4338.071333333333,4234.6473
2017-07-24,4579.65,4615.17,4628.96,4578.4,46958495.0,dividend,中证红利,4528.2485,4513.2292,4392.458333333333,4342.126749999999,4238.00145
2017-07-25,4611.88,4592.29,4619.01,4578.58,44226107.0,dividend,中证红利,4531.117,4521.4048,4396.836,4345.860833333333,4241.54385
2017-07-26,4589.27,4568.78,4610.87,4538.66,44149567.0,dividend,中证红利,4534.056,4526.5936,4401.268333333334,4349.350083333333,4244.848300000001
2017-07-27,4561.02,4564.19,4570.78,4530.64,38212313.0,dividend,中证红利,4535.997,4531.6396,4405.986000000001,4352.736083333333,4248.1612
2017-07-28,4554.08,4581.28,4584.48,4545.45,27875098.0,dividend,中证红利,4538.699,4535.8896,4411.435333333333,4356.482,4251.49265
2017-07-31,4577.47,4599.89,4607.78,4570.25,36381445.0,dividend,中证红利,4542.7474999999995,4538.856000000001,4417.2356666666665,4360.2806666666675,4254.8661
2017-08-01,4604.26,4627.98,4633.75,4602.52,40405819.0,dividend,中证红利,4549.9565,4542.578399999999,4423.883666666667,4364.29,4258.120849999999
2017-08-02,4625.31,4606.67,4642.01,4604.64,46854737.0,dividend,中证红利,4554.585,4546.445199999999,4430.757500000001,4367.997666666666,4261.2177
2017-08-03,4601.4,4569.54,4613.74,4557.32,40561430.0,dividend,中证红利,4557.283,4548.212,4437.0395,4371.24575,4264.17115
2017-08-04,4566.96,4548.57,4579.34,4547.43,37548487.0,dividend,中证红利,4558.843,4549.0652,4443.718666666667,4374.098083333333,4266.96495
2017-08-07,4540.57,4577.64,4578.69,4519.73,34607797.0,dividend,中证红利,4562.414,4551.414,4450.504666666667,4376.93125,4269.90225
2017-08-08,4579.71,4572.2,4584.64,4560.88,31704748.0,dividend,中证红利,4564.686,4554.95,4456.672666666666,4379.793333333333,4272.9545
2017-08-09,4570.17,4584.55,4593.41,4554.85,33520434.0,dividend,中证红利,4568.618,4557.768,4462.5995,4382.784,4275.8024
2017-08-10,4579.62,4572.05,4600.43,4533.3,34810358.0,dividend,中证红利,4571.3605,4560.0268,4467.499,4385.481583333333,4278.62295
2017-08-11,4539.34,4492.21,4549.73,4486.21,46177140.0,dividend,中证红利,4568.748,4559.0204,4471.277,4387.762000000001,4281.0206
2017-08-14,4489.65,4528.8,4534.01,4489.65,35188812.0,dividend,中证红利,4570.7375,4559.9236,4476.0008333333335,4389.726250000001,4283.50835
2017-08-15,4531.45,4556.9,4570.52,4531.45,38134146.0,dividend,中证红利,4574.106,4561.129199999999,4480.926333333334,4391.866999999999,4285.9413
2017-08-16,4550.66,4541.25,4551.35,4529.27,27318185.0,dividend,中证红利,4573.678,4562.5428,4485.806500000001,4393.672916666666,4288.2175
2017-08-17,4541.53,4563.46,4563.68,4539.13,28269929.0,dividend,中证红利,4572.4455,4564.3931999999995,4490.871833333334,4395.846166666667,4290.74435
2017-08-18,4542.33,4574.27,4580.52,4535.66,27895330.0,dividend,中证红利,4571.8845,4565.5856,4495.993333333334,4398.160833333333,4293.3529499999995
2017-08-21,4579.31,4592.58,4593.32,4570.71,27268442.0,dividend,中证红利,4570.754999999999,4569.7284,4500.450333333333,4400.9585,4296.1719
2017-08-22,4593.97,4593.61,4596.01,4577.53,27423671.0,dividend,中证红利,4570.821,4573.8916,4504.8225,4403.610000000001,4298.9825
2017-08-23,4587.92,4591.57,4603.48,4576.47,30675325.0,dividend,中证红利,4571.9605,4575.562,4509.043500000001,4406.215166666666,4301.6492499999995
2017-08-24,4589.45,4588.27,4605.76,4576.15,28271769.0,dividend,中证红利,4573.164500000001,4575.5684,4513.333166666666,4408.971166666666,4304.4886
2017-08-25,4584.98,4646.54,4646.96,4584.56,49180084.0,dividend,中证红利,4576.4275,4578.0104,4518.467666666666,4412.199,4307.48005
2017-08-28,4655.95,4679.79,4702.21,4655.95,56294649.0,dividend,中证红利,4580.422500000001,4580.5952,4524.5225,4415.522500000001,4310.70745
2017-08-29,4675.27,4676.54,4687.36,4665.59,34900340.0,dividend,中证红利,4582.8505,4583.9652,4530.150166666665,4418.777749999999,4313.88015
2017-08-30,4679.81,4681.08,4694.22,4673.53,40307845.0,dividend,中证红利,4586.571,4588.4572,4534.8775,4422.1655,4316.9746
2017-08-31,4681.88,4653.35,4683.59,4628.78,42856937.0,dividend,中证红利,4590.7615,4592.0235999999995,4538.4705,4425.602083333333,4320.04045
2017-09-01,4662.32,4663.48,4680.53,4650.39,47656766.0,dividend,中证红利,4596.507,4595.3116,4542.0126666666665,4429.092000000001,4322.89735
2017-09-04,4665.59,4669.58,4671.22,4647.94,48029242.0,dividend,中证红利,4601.104,4598.0992,4545.467833333333,4432.292916666666,4325.68675
2017-09-05,4667.79,4672.39,4683.24,4663.21,37854950.0,dividend,中证红利,4606.1135,4599.8756,4548.724,4435.53225,4328.47945
2017-09-06,4662.6,4664.5,4670.0,4643.87,32646041.0,dividend,中证红利,4610.111,4602.1888,4552.912666666666,4438.585749999999,4331.2196
2017-09-07,4665.71,4654.16,4676.19,4652.39,33077199.0,dividend,中证红利,4614.2165,4605.5736,4557.282166666667,4441.41775,4333.9215
2017-09-08,4653.08,4649.43,4666.55,4636.87,29015096.0,dividend,中证红利,4622.0775,4609.608,4562.058333333333,4444.589833333333,4336.504449999999
2017-09-11,4653.66,4657.85,4678.17,4644.5,34733222.0,dividend,中证红利,4628.530000000001,4612.8164,4566.466166666666,4447.661083333334,4339.1873000000005
2017-09-12,4661.66,4677.32,4688.29,4658.03,37206662.0,dividend,中证红利,4634.551,4617.0212,4571.289833333332,4450.544333333333,4341.8067
2017-09-13,4676.23,4686.92,4692.09,4669.63,27630845.0,dividend,中证红利,4641.8345,4621.116,4575.420833333334,4453.707166666666,4344.347
2017-09-14,4689.76,4675.25,4699.73,4660.06,35049957.0,dividend,中证红利,4647.424,4625.244000000001,4579.374333333334,4456.6999166666665,4346.7540500000005
2017-09-15,4668.64,4666.91,4674.02,4649.05,38708142.0,dividend,中证红利,4652.056,4632.232,4582.5723333333335,4459.304916666667,4348.999699999999
2017-09-18,4665.01,4676.92,4693.26,4665.01,32477806.0,dividend,中证红利,4656.273,4638.156800000001,4585.092166666666,4462.101833333333,4351.1102
2017-09-19,4679.79,4663.19,4690.77,4650.48,33619650.0,dividend,中证红利,4659.752,4642.408399999999,4587.23,4464.9087500000005,4353.0307999999995
2017-09-20,4661.18,4685.91,4695.32,4659.56,29343733.0,dividend,中证红利,4664.469,4648.1948,4590.161833333334,4467.961166666666,4354.9749
2017-09-21,4684.97,4683.82,4706.52,4679.61,29401871.0,dividend,中证红利,4669.246499999999,4653.0092,4592.802666666667,4471.236166666667,4357.14275
2017-09-22,4675.47,4690.05,4694.68,4666.8,29903038.0,dividend,中证红利,4671.4220000000005,4657.6404,4595.516166666667,4474.286916666666,4359.13055
2017-09-25,4680.27,4668.8,4684.54,4658.06,34910572.0,dividend,中证红利,4670.8724999999995,4660.6892,4598.014166666666,4476.6734166666665,4361.2365
2017-09-26,4660.34,4666.41,4671.1,4651.12,21833519.0,dividend,中证红利,4670.366,4663.6012,4601.057666666666,4478.893083333333,4363.6614
2017-09-27,4664.17,4673.3,4682.14,4663.42,22524718.0,dividend,中证红利,4669.977,4666.870400000001,4603.711,4481.106,4366.15075
2017-09-28,4672.28,4663.26,4672.28,4657.4,25416001.0,dividend,中证红利,4670.472500000001,4669.87,4606.172333333333,4483.251083333334,4368.4869
2017-09-29,4665.18,4672.25,4694.18,4664.79,22992034.0,dividend,中证红利,4670.911,4670.8984,4608.7536666666665,4485.340083333333,4370.87975
2017-10-09,4743.74,4719.97,4754.29,4710.39,45912173.0,dividend,中证红利,4673.4305,4672.5056,4612.316166666667,4487.812583333333,4373.3291
2017-10-10,4723.06,4726.09,4740.85,4682.2,33695090.0,dividend,中证红利,4676.1155,4674.4876,4615.638333333333,4490.108166666667,4376.32565
2017-10-11,4719.71,4739.61,4752.55,4717.6,30872021.0,dividend,中证红利,4679.871,4676.8288,4619.533333333334,4492.957166666666,4379.423
2017-10-12,4739.23,4740.3,4747.02,4724.82,25567785.0,dividend,中证红利,4684.178000000001,4680.3068,4623.251666666667,4495.994000000001,4382.67755
2017-10-13,4742.52,4741.52,4751.92,4736.39,25146821.0,dividend,中证红利,4688.782499999999,4683.428400000001,4626.536000000001,4499.1286666666665,4386.1606
2017-10-16,4741.27,4708.88,4749.83,4706.35,30511014.0,dividend,中证红利,4691.334,4685.000400000001,4630.200500000001,4502.14175,4389.4286
2017-10-17,4706.18,4708.79,4717.29,4692.32,21299764.0,dividend,中证红利,4692.907499999999,4686.4564,4633.854833333333,4504.99675,4392.71465
2017-10-18,4710.68,4740.83,4742.16,4708.43,32935123.0,dividend,中证红利,4695.603,4689.5096,4637.0385,4508.092416666666,4396.2904499999995
2017-10-19,4736.94,4740.43,4745.2,4726.42,32015695.0,dividend,中证红利,4698.862,4692.9604,4639.577166666667,4511.636083333333,4399.66715
2017-10-20,4731.62,4742.31,4744.92,4718.45,20360393.0,dividend,中证红利,4702.632,4696.6756000000005,4642.190833333333,4515.027166666667,4403.0179
2017-10-23,4745.48,4746.5,4753.21,4731.56,24822947.0,dividend,中证红利,4706.111,4700.221600000001,4644.379666666667,4518.419,4406.60615
2017-10-24,4738.3,4775.13,4775.73,4732.83,29159570.0,dividend,中证红利,4711.7080000000005,4704.134,4647.427,4522.1314999999995,4410.27795
2017-10-25,4771.82,4787.01,4789.4,4767.24,24151732.0,dividend,中证红利,4716.763,4708.1376,4651.064166666667,4526.166249999999,4413.9976
2017-10-26,4787.17,4791.85,4818.23,4782.31,43836805.0,dividend,中证红利,4722.164500000001,4712.8016,4654.8585,4530.4222500000005,4417.8223
2017-10-27,4788.98,4806.63,4808.25,4783.51,40819136.0,dividend,中证红利,4727.9935,4718.3904,4658.614333333333,4535.024833333334,4421.7492999999995
2017-10-30,4806.03,4786.04,4815.7,4732.9,44432665.0,dividend,中证红利,4733.8555,4722.7552,4661.716833333334,4539.476250000001,4425.47585
2017-10-31,4771.51,4767.55,4773.14,4742.08,33440571.0,dividend,中证红利,4738.9125,4726.9296,4664.043,4543.963333333333,4428.9046
2017-11-01,4766.13,4744.36,4785.2,4738.06,45350170.0,dividend,中证红利,4742.4655,4729.2676,4666.337833333334,4548.547666666666,4432.04875
2017-11-02,4741.52,4744.38,4745.78,4714.44,35546077.0,dividend,中证红利,4746.5215,4731.69,4669.251833333334,4553.145666666666,4435.1704
2017-11-03,4737.93,4724.28,4740.16,4691.13,39305554.0,dividend,中证红利,4749.123,4733.059200000001,4672.180333333334,4557.949500000001,4438.28015
2017-11-06,4720.57,4757.08,4758.61,4705.12,33230933.0,dividend,中证红利,4750.978499999999,4736.5904,4675.171,4562.837833333334,4441.43645
2017-11-07,4757.21,4786.6,4804.91,4753.49,44623137.0,dividend,中证红利,4754.004,4741.398,4678.744333333333,4567.7085,4444.79755
2017-11-08,4786.16,4788.85,4829.45,4777.58,41663954.0,dividend,中证红利,4756.465999999999,4746.02,4682.149333333334,4572.374416666667,4448.331499999999
2017-11-09,4785.76,4814.41,4815.04,4780.65,31627821.0,dividend,中证红利,4760.1714999999995,4752.066000000001,4686.188666666667,4576.843833333333,4452.1175
2017-11-10,4810.28,4841.38,4849.25,4806.2,43197698.0,dividend,中证红利,4765.164500000001,4758.8312,4692.0081666666665,4581.642583333333,4456.02445
2017-11-13,4849.64,4867.81,4882.53,4849.64,54083240.0,dividend,中证红利,4773.111,4764.7448,4697.658333333334,4586.829583333334,4460.048449999999
2017-11-14,4866.56,4836.05,4867.98,4816.07,40353366.0,dividend,中证红利,4779.474,4769.1432,4702.310833333333,4591.618583333333,4463.870800000001
2017-11-15,4824.21,4814.78,4836.58,4793.96,34671577.0,dividend,中证红利,4783.1715,4772.15,4706.8696666666665,4596.338083333333,4467.460300000001
2017-11-16,4809.44,4827.47,4832.26,4802.81,33809074.0,dividend,中证红利,4787.5235,4775.6368,4711.269833333334,4601.070833333333,4471.1593
2017-11-17,4820.97,4835.37,4836.47,4797.87,66676178.0,dividend,中证红利,4792.1765,4779.3908,4715.621499999999,4605.8074166666665,4474.7177
2017-11-20,4809.66,4857.33,4858.26,4766.68,45511055.0,dividend,中证红利,4797.718,4785.3288,4720.034,4610.242166666667,4478.36175
2017-11-21,4847.73,4921.27,4922.28,4842.52,61271318.0,dividend,中证红利,4805.025,4793.8279999999995,4725.495,4615.15875,4482.2471
2017-11-22,4933.27,4928.32,4957.72,4890.86,69501242.0,dividend,中证红利,4812.0905,4801.3276000000005,4731.1075,4620.075500000001,4486.13835
2017-11-23,4919.48,4798.55,4919.48,4782.15,63215473.0,dividend,中证红利,4812.425499999999,4803.652400000001,4734.612166666668,4623.9726666666675,4489.34175
2017-11-24,4781.44,4798.52,4805.63,4736.83,43116913.0,dividend,中证红利,4812.02,4805.900799999999,4737.145166666666,4627.806416666667,4492.6755
2017-11-27,4780.8,4756.49,4780.95,4736.18,47180388.0,dividend,中证红利,4810.5425000000005,4806.3004,4738.423500000001,4631.473,4495.737700000001
2017-11-28,4737.9,4760.79,4763.19,4714.56,30643311.0,dividend,中证红利,4810.2045,4805.7268,4739.827666666667,4634.988916666667,4498.80735
2017-11-29,4764.49,4755.96,4776.92,4710.7,39147101.0,dividend,中证红利,4810.7845,4804.4848,4741.0756666666675,4637.976583333333,4501.778399999999
2017-11-30,4744.2,4725.78,4760.07,4703.95,34166641.0,dividend,中证红利,4809.8545,4801.842000000001,4742.282833333333,4640.376666666666,4504.50845
2017-12-01,4721.07,4718.13,4738.38,4698.45,31690446.0,dividend,中证红利,4809.5470000000005,4798.302,4743.193666666667,4642.603166666667,4507.06765
2017-12-04,4710.96,4724.02,4742.93,4700.03,28142749.0,dividend,中证红利,4807.894,4795.8212,4744.101,4644.784416666666,4509.49945
2017-12-05,4713.43,4735.6,4744.29,4711.21,58425461.0,dividend,中证红利,4805.344,4794.5432,4745.154500000001,4646.939249999999,4512.0337
2017-12-06,4721.53,4708.7,4724.91,4655.88,33274690.0,dividend,中证红利,4801.3365,4793.1168,4745.891166666667,4649.401916666668,4514.44885
2017-12-07,4697.14,4660.84,4709.54,4645.7,28066216.0,dividend,中证红利,4793.658,4789.7752,4746.0025000000005,4651.642333333333,4516.51135
2017-12-08,4650.29,4675.84,4689.91,4637.61,26385475.0,dividend,中证红利,4785.380999999999,4787.8376,4746.442666666667,4654.250499999999,4518.797750000001
2017-12-11,4678.91,4725.18,4725.18,4673.8,29296977.0,dividend,中证红利,4778.2495,4786.5616,4747.564833333334,4657.0154999999995,4520.958199999999
2017-12-12,4723.96,4677.61,4723.96,4677.28,24984501.0,dividend,中证红利,4770.3275,4782.202,4747.569666666666,4659.42975,4522.8462
2017-12-13,4674.38,4713.32,4713.81,4667.94,23812195.0,dividend,中证红利,4765.2545,4779.1808,4748.009666666666,4661.715249999999,4524.7901
2017-12-14,4714.38,4702.4,4720.36,4688.82,24110150.0,dividend,中证红利,4759.001,4774.7004,4748.462166666666,4663.91825,4526.78875
2017-12-15,4697.14,4664.86,4697.14,4657.54,26742240.0,dividend,中证红利,4750.4755000000005,4767.6396,4748.428,4665.500166666667,4528.6305
2017-12-18,4664.91,4664.14,4682.88,4645.9,22659090.0,dividend,中证红利,4740.816000000001,4759.4928,4748.215,4666.653583333334,4530.6669
2017-12-19,4662.89,4703.62,4705.06,4662.32,24529684.0,dividend,中证红利,4729.9335,4754.1956,4748.888833333333,4668.059416666667,4532.80785
2017-12-20,4701.88,4690.55,4711.33,4679.6,27852238.0,dividend,中证红利,4718.045,4749.2264000000005,4748.966166666666,4669.564,4534.865849999999
2017-12-21,4683.8,4716.31,4729.87,4663.63,27537400.0,dividend,中证红利,4713.933,4744.78,4749.507666666666,4671.155166666666,4537.1596500000005
2017-12-22,4713.9,4716.9,4730.16,4711.62,21178391.0,dividend,中证红利,4709.852,4740.0412,4749.955166666667,4672.7356666666665,4539.44815
2017-12-25,4718.27,4710.8,4754.3,4693.7,30490422.0,dividend,中证红利,4707.567499999999,4734.18,4750.655166666666,4674.334666666667,4541.597299999999
2017-12-26,4709.01,4730.76,4731.37,4689.7,28401479.0,dividend,中证红利,4706.066000000001,4726.5596000000005,4751.727666666668,4676.3926666666675,4543.82155
2017-12-27,4723.61,4696.68,4736.64,4690.88,31769731.0,dividend,中证红利,4703.102000000001,4717.294,4752.117333333333,4677.9141666666665,4545.9322
2017-12-28,4695.51,4718.56,4731.52,4684.63,32736869.0,dividend,中证红利,4702.741,4714.0944,4753.039000000001,4679.605666666667,4548.320199999999
2017-12-29,4726.14,4750.79,4752.65,4725.55,28406045.0,dividend,中证红利,4704.374000000001,4712.1852,4754.348,4681.550833333333,4550.8507
2018-01-02,4764.31,4836.08,4836.08,4764.31,58068425.0,dividend,中证红利,4709.977000000001,4715.3688,4756.283166666666,4684.299666666668,4553.60375
2018-01-03,4831.82,4859.7,4885.72,4827.55,45356215.0,dividend,中证红利,4716.182,4719.3252,4758.51,4687.074166666667,4556.4839
2018-01-04,4866.01,4877.63,4888.52,4855.63,44041659.0,dividend,中证红利,4724.6285,4724.192,4760.810333333333,4690.171833333333,4559.38165
2018-01-05,4878.54,4912.43,4934.67,4867.19,49695358.0,dividend,中证红利,4737.2080000000005,4731.657999999999,4763.679166666667,4693.465416666668,4562.3722
2018-01-08,4918.99,4952.72,4973.16,4911.36,55218174.0,dividend,中证红利,4751.052000000001,4741.0416,4767.199166666666,4696.867583333334,4565.7919
2018-01-09,4945.27,4949.16,4959.3,4938.78,40939436.0,dividend,中证红利,4762.251,4750.0472,4771.203833333333,4700.702166666667,4569.0912
2018-01-10,4950.57,4964.0,4967.38,4929.4,57797144.0,dividend,中证红利,4776.5705,4759.1832,4775.457333333334,4704.656083333334,4572.25455
2018-01-11,4957.98,4950.75,4966.27,4922.62,40450002.0,dividend,中证红利,4788.442000000001,4768.8652,4778.956,4707.99725,4575.471399999999
2018-01-12,4948.91,4974.83,4984.49,4948.91,39698006.0,dividend,中证红利,4802.063499999999,4781.4248,4782.862666666667,4711.219916666667,4578.76495
2018-01-15,4976.59,4956.67,5005.79,4947.79,64756126.0,dividend,中证红利,4816.654,4792.657999999999,4786.435333333333,4714.313083333333,4581.77675
2018-01-16,4948.28,5027.23,5028.38,4947.32,65748399.0,dividend,中证红利,4834.8085,4804.74,4791.114166666666,4717.746916666667,4585.20645
2018-01-17,5033.73,5020.78,5062.44,4998.46,86828038.0,dividend,中证红利,4850.6665,4818.4668,4795.208333333333,4721.317666666667,4588.67855
2018-01-18,5024.31,5061.05,5061.92,5020.33,83761516.0,dividend,中证红利,4869.1915,4832.376,4799.775666666666,4725.419916666667,4592.3857
2018-01-19,5066.49,5058.98,5101.3,5043.11,89382216.0,dividend,中证红利,4886.325,4846.6392,4804.227833333333,4729.543166666666,4596.226500000001
2018-01-22,5052.4,5108.9,5110.68,5051.25,77838291.0,dividend,中证红利,4905.925,4864.4008,4809.265666666667,4733.9400000000005,4600.1512
2018-01-23,5110.28,5169.57,5170.05,5110.28,97217451.0,dividend,中证红利,4928.8635,4884.6179999999995,4815.657833333334,4738.687333333333,4604.08695
2018-01-24,5174.93,5177.35,5188.81,5136.39,93984344.0,dividend,中证红利,4951.193,4903.5672,4822.487833333334,4743.265416666667,4607.9734499999995
2018-01-25,5169.07,5156.28,5176.87,5117.83,71609016.0,dividend,中证红利,4974.173,4922.1964,4829.353166666667,4747.845499999999,4611.7161
2018-01-26,5143.04,5190.29,5211.12,5139.45,83269569.0,dividend,中证红利,4997.7595,4941.1556,4836.785,4753.018416666667,4615.6383000000005
2018-01-29,5198.3,5139.46,5223.38,5115.92,74254449.0,dividend,中证红利,5017.192999999999,4958.058,4843.704666666667,4757.9425,4619.22775
2018-01-30,5121.17,5077.64,5142.78,5072.72,55028494.0,dividend,中证红利,5029.271000000001,4972.7316,4849.047333333333,4762.109166666666,4622.4996
2018-01-31,5055.36,5071.81,5092.19,5034.07,57884884.0,dividend,中证红利,5039.8765,4986.3736,4853.800833333333,4766.272583333334,4625.60555
2018-02-01,5071.6,5020.18,5086.3,4987.77,72568865.0,dividend,中证红利,5047.004,4999.3136,4857.656333333333,4769.902833333333,4628.717799999999
2018-02-02,4987.12,5061.52,5062.71,4936.7,53028893.0,dividend,中证红利,5054.4585,5013.031999999999,4861.774833333333,4773.98175,4632.146
2018-02-05,5004.08,5098.94,5098.94,4997.14,73314770.0,dividend,中证红利,5061.7695,5026.958,4866.0675,4779.037833333334,4635.813899999999
2018-02-06,5001.21,4952.92,5033.25,4939.3,98487884.0,dividend,中证红利,5061.9574999999995,5031.6316,4867.486,4782.572166666666,4638.84195
2018-02-07,5013.72,4852.49,5038.16,4847.25,97529516.0,dividend,中证红利,5056.382,5031.3432,4867.76,4785.035416666667,4641.27345
2018-02-08,4821.3,4807.16,4872.26,4757.13,74282632.0,dividend,中证红利,5049.202499999999,5028.5244,4867.633,4787.251333333334,4643.4625
2018-02-09,4685.38,4620.23,4705.6,4524.74,91540306.0,dividend,中证红利,5031.472500000001,5016.8364,4864.179,4787.724416666666,4644.987700000001
2018-02-12,4623.63,4672.71,4692.19,4607.91,47979132.0,dividend,中证红利,5017.2744999999995,5005.636,4861.468,4788.54475,4646.67435
2018-02-13,4701.59,4724.1,4771.51,4701.59,48117128.0,dividend,中证红利,5002.118,4996.6336,4859.2474999999995,4789.6407500000005,4648.59745
2018-02-14,4729.25,4736.56,4746.33,4696.2,26476126.0,dividend,中证红利,4987.907,4987.536,4856.168999999999,4790.831999999999,4650.6321
2018-02-22,4792.31,4839.25,4839.73,4784.58,40366441.0,dividend,中证红利,4976.817,4983.076,4854.684499999999,4792.896,4653.31415
2018-02-23,4844.37,4853.35,4872.34,4816.79,37156841.0,dividend,中证红利,4966.5355,4978.2168,4855.597833333333,4795.1050000000005,4656.175249999999
2018-02-26,4875.47,4899.07,4907.28,4825.17,47022763.0,dividend,中证红利,4956.044,4975.9128,4857.273666666667,4797.209416666667,4659.399
2018-02-27,4898.92,4822.36,4898.98,4813.81,46620460.0,dividend,中证红利,4938.6835,4967.718000000001,4858.371499999999,4798.3975,4662.25145
2018-02-28,4780.29,4789.78,4815.89,4744.42,35304665.0,dividend,中证红利,4919.305,4958.478,4858.854666666667,4799.341166666667,4665.05485
2018-03-01,4759.14,4796.38,4817.88,4749.82,32037056.0,dividend,中证红利,4901.31,4947.8912,4859.528333333333,4800.302,4668.06555
2018-03-02,4763.27,4783.91,4799.73,4749.11,30603008.0,dividend,中证红利,4880.991,4936.8884,4860.497166666667,4801.39,4671.022
2018-03-05,4786.83,4777.4,4808.79,4756.34,29404854.0,dividend,中证红利,4862.888000000001,4923.6284,4861.485,4802.339333333333,4674.1699
2018-03-06,4791.84,4841.26,4841.9,4760.05,47530996.0,dividend,中证红利,4851.0689999999995,4910.496,4863.438999999999,4803.77,4677.5238
2018-03-07,4840.11,4822.2,4869.58,4815.87,41650171.0,dividend,中证红利,4838.5885,4896.29,4864.882333333333,4805.018416666668,4680.6242
2018-03-08,4820.26,4867.4,4868.15,4820.26,33142769.0,dividend,中证红利,4830.949500000001,4884.7348,4867.527333333333,4806.70925,4683.8165
2018-03-09,4877.13,4884.41,4884.78,4858.86,32207667.0,dividend,中证红利,4822.094,4872.4996,4871.2535,4808.628,4686.84815
2018-03-12,4898.1,4894.36,4904.67,4874.69,46095321.0,dividend,中证红利,4811.865,4862.6956,4874.8955,4810.669083333332,4689.9923
2018-03-13,4889.77,4864.38,4900.57,4860.51,40546668.0,dividend,中证红利,4807.438,4854.1652,4877.2155,4812.390166666666,4693.08735
2018-03-14,4847.63,4845.2,4859.11,4829.99,28643842.0,dividend,中证红利,4807.0734999999995,4845.1008,4880.008666666667,4813.789166666667,4696.0064999999995
2018-03-15,4830.04,4851.28,4862.57,4828.1,25324341.0,dividend,中证红利,4809.2795,4838.3448,4882.308000000001,4815.158833333333,4699.0207
2018-03-16,4851.66,4813.08,4863.82,4812.18,27516804.0,dividend,中证红利,4818.922,4828.407200000001,4884.152666666666,4816.3074166666665,4701.7884
2018-03-19,4807.82,4791.61,4807.82,4776.21,24718863.0,dividend,中证红利,4824.867,4816.1140000000005,4886.265166666667,4817.346583333333,4704.411550000001
2018-03-20,4765.41,4790.34,4795.36,4753.07,25921951.0,dividend,中证红利,4828.178999999999,4809.6108,4888.3685,4818.29175,4706.73745
2018-03-21,4797.75,4781.54,4824.59,4766.58,31463666.0,dividend,中证红利,4830.428,4806.7728,4889.667166666666,4819.278,4708.98875
2018-03-22,4780.79,4743.82,4790.62,4722.63,30403851.0,dividend,中证红利,4825.656499999999,4804.2392,4890.554999999999,4819.760583333334,4711.0163
2018-03-23,4623.49,4607.29,4648.2,4531.64,61114598.0,dividend,中证红利,4813.353499999999,4803.7216,4888.738,4819.122833333333,4712.3983
2018-03-26,4556.01,4568.44,4568.81,4516.13,43151285.0,dividend,中证红利,4796.822,4799.5508,4886.263666666667,4818.109416666667,4713.54815
2018-03-27,4603.56,4586.77,4617.46,4558.68,40311275.0,dividend,中证红利,4785.0425,4794.0576,4884.1965,4817.425833333333,4714.8995
2018-03-28,4541.23,4521.3,4579.88,4514.94,37234812.0,dividend,中证红利,4771.6185,4785.4472000000005,4880.7055,4816.216583333333,4715.8116
2018-03-29,4532.51,4599.43,4617.52,4492.3,45200429.0,dividend,中证红利,4761.771,4775.8544,4879.084666666667,4815.601,4716.82155
2018-03-30,4602.26,4601.87,4618.92,4584.56,31151143.0,dividend,中证红利,4752.669,4765.7952000000005,4877.139833333334,4815.089416666668,4717.6420499999995
2018-04-02,4601.05,4578.51,4634.06,4575.28,35069811.0,dividend,中证红利,4742.724499999999,4752.9728,4874.268500000001,4814.30825,4718.27985
2018-04-03,4529.29,4533.22,4551.0,4514.99,29167466.0,dividend,中证红利,4727.3225,4741.4072,4869.220833333334,4812.7519999999995,4718.634599999999
2018-04-04,4543.38,4529.76,4572.51,4528.1,27777377.0,dividend,中证红利,4712.700500000001,4731.006399999999,4863.721833333333,4811.115916666667,4718.8983
2018-04-09,4520.72,4520.92,4538.92,4490.01,26173233.0,dividend,中证红利,4695.3765,4719.988,4857.776666666667,4809.2935,4719.437
2018-04-10,4529.8,4597.2,4597.21,4522.82,37180042.0,dividend,中证红利,4681.016,4712.5196000000005,4852.522833333333,4808.101,4720.46305
2018-04-11,4606.29,4622.61,4644.41,4600.25,41469920.0,dividend,中证红利,4667.4285,4706.328,4847.021,4807.110083333334,4721.7618
2018-04-12,4620.66,4580.81,4620.66,4577.32,26718856.0,dividend,中证红利,4653.25,4695.91,4840.881833333333,4806.042833333334,4722.69895
2018-04-13,4598.52,4559.85,4609.88,4554.76,23128728.0,dividend,中证红利,4638.9825,4685.416,4834.146,4804.801666666666,4723.5587
2018-04-16,4554.17,4483.79,4557.76,4468.81,40491517.0,dividend,中证红利,4620.608,4670.0716,4826.363333333333,4802.659666666667,4723.7823499999995
2018-04-17,4488.44,4432.05,4499.08,4428.56,26787850.0,dividend,中证红利,4601.556500000001,4651.9772,4817.316999999999,4800.089833333333,4723.7524
2018-04-18,4468.29,4450.5,4478.59,4395.81,33015285.0,dividend,中证红利,4584.501,4634.2228000000005,4808.880833333333,4797.658083333333,4723.62975
2018-04-19,4450.93,4492.2,4494.16,4442.76,26977657.0,dividend,中证红利,4569.593999999999,4619.3356,4799.9636666666665,4795.538916666666,4723.462100000001
2018-04-20,4483.18,4429.92,4484.51,4419.53,28536808.0,dividend,中证红利,4552.013,4602.7244,4790.115999999999,4792.662166666667,4722.9371
2018-04-23,4425.8,4431.92,4456.53,4404.19,23065252.0,dividend,中证红利,4536.418000000001,4585.95,4779.6305,4789.703083333333,4722.5467
2018-04-24,4436.3,4521.88,4541.06,4436.3,39510833.0,dividend,中证红利,4532.1475,4574.302,4770.678833333334,4787.453333333333,4722.52925
2018-04-25,4504.64,4508.58,4519.21,4496.18,22574752.0,dividend,中证红利,4529.1545,4562.9808,4760.6735,4784.9695833333335,4722.43595
2018-04-26,4499.66,4440.74,4504.83,4427.7,28762480.0,dividend,中证红利,4521.853000000001,4548.9968,4748.526333333332,4782.092083333334,4722.04505
2018-04-27,4442.31,4440.9,4450.41,4390.25,30313907.0,dividend,中证红利,4517.8330000000005,4535.3712000000005,4736.252166666667,4779.37,4721.83055
2018-05-02,4442.25,4461.71,4467.43,4436.54,31249144.0,dividend,中证红利,4510.947,4524.0868,4724.676,4777.014583333334,4721.5686000000005
2018-05-03,4456.07,4494.9,4500.97,4438.14,28045930.0,dividend,中证红利,4505.5985,4519.5912,4713.086166666666,4774.935583333334,4721.465200000001
2018-05-04,4486.32,4482.6,4502.75,4479.92,22243850.0,dividend,中证红利,4500.803000000001,4516.1576000000005,4702.1385,4772.921583333333,4721.29135
2018-05-07,4491.84,4549.22,4549.75,4486.62,28465245.0,dividend,中证红利,4501.603000000001,4514.6556,4693.3315,4771.189416666666,4721.50635
2018-05-08,4546.01,4586.68,4598.78,4543.12,33363650.0,dividend,中证红利,4504.449,4517.2708,4685.246,4769.523416666667,4721.80595
2018-05-09,4585.55,4581.58,4588.16,4565.57,20853335.0,dividend,中证红利,4507.482,4516.5568,4677.936,4767.796166666667,4722.1843
2018-05-10,4590.43,4608.94,4610.55,4582.31,21661112.0,dividend,中证红利,4508.069,4516.839599999999,4670.393,4766.083916666667,4722.643
2018-05-11,4615.89,4588.78,4620.04,4586.63,24551421.0,dividend,中证红利,4506.3775000000005,4517.2504,4661.890333333333,4763.978916666666,4722.8646
2018-05-14,4595.03,4608.96,4620.11,4594.25,28137451.0,dividend,中证红利,4507.785,4520.28,4656.157666666667,4761.821833333333,4723.46435
2018-05-15,4617.27,4628.16,4628.46,4592.44,24238523.0,dividend,中证红利,4511.2005,4524.216,4652.418833333333,4760.089416666667,4724.1575
2018-05-16,4615.6,4601.88,4628.86,4598.36,23685469.0,dividend,中证红利,4517.1050000000005,4527.4544,4648.9974999999995,4758.31525,4724.41785
2018-05-17,4602.28,4585.08,4608.89,4580.12,19626434.0,dividend,中证红利,4524.7565,4526.969599999999,4648.411666666667,4756.2953333333335,4724.4027
2018-05-18,4581.9,4628.82,4628.82,4564.13,24858103.0,dividend,中证红利,4533.6725,4527.218000000001,4647.680166666667,4754.574083333334,4724.61935
2018-05-21,4648.84,4650.22,4663.2,4641.41,28762214.0,dividend,中证红利,4541.5735,4529.9944,4646.448833333334,4752.848166666666,4724.7946
2018-05-22,4651.93,4637.42,4651.93,4612.71,25358797.0,dividend,中证红利,4551.9485,4533.0972,4644.7965,4750.48275,4725.0202500000005
2018-05-23,4624.61,4591.51,4626.54,4591.51,30364438.0,dividend,中证红利,4559.928,4537.406,4640.6675000000005,4747.676,4725.1339
2018-05-24,4590.22,4561.82,4598.3,4558.48,24609460.0,dividend,中证红利,4561.925,4542.5968,4635.808666666667,4745.70325,4725.12205
2018-05-25,4557.33,4551.38,4567.1,4533.25,23695497.0,dividend,中证红利,4564.0650000000005,4546.632,4630.0138333333325,4743.64375,4724.97255
2018-05-28,4545.44,4564.44,4576.77,4527.06,21780646.0,dividend,中证红利,4570.25,4549.5216,4625.715166666666,4742.043333333334,4724.795300000001
2018-05-29,4556.09,4551.26,4574.92,4544.37,29617066.0,dividend,中证红利,4575.768,4554.3752,4621.739833333332,4740.2972500000005,4724.411700000001
2018-05-30,4501.42,4466.28,4513.6,4458.65,26757475.0,dividend,中证红利,4575.996499999999,4555.7496,4616.238166666667,4737.883250000001,4723.70975
2018-05-31,4487.02,4559.62,4563.52,4487.02,32088030.0,dividend,中证红利,4579.2325,4557.2591999999995,4612.5,4736.498583333334,4723.66015
2018-06-01,4542.07,4527.09,4558.5,4506.14,24375364.0,dividend,中证红利,4581.457,4557.999599999999,4608.328166666667,4734.906583333333,4723.55275
2018-06-04,4535.27,4559.68,4560.18,4531.62,28842946.0,dividend,中证红利,4581.98,4562.7572,4603.635166666668,4733.537083333333,4723.46295
2018-06-05,4554.09,4579.53,4579.54,4537.61,24331197.0,dividend,中证红利,4581.6224999999995,4568.3024,4599.590666666667,4732.2365,4723.4996
2018-06-06,4572.58,4578.86,4581.66,4561.61,21134461.0,dividend,中证红利,4581.4865,4572.9884,4594.781666666666,4731.1545,4723.47115
2018-06-07,4578.82,4549.36,4584.05,4545.31,25208737.0,dividend,中证红利,4578.5075,4575.1668,4589.1975,4730.2255,4723.3577000000005
2018-06-08,4532.46,4486.99,4532.46,4466.2,26727587.0,dividend,中证红利,4573.418,4575.3423999999995,4582.408,4728.65175,4723.3315999999995
2018-06-11,4476.23,4480.98,4499.86,4461.78,22050357.0,dividend,中证红利,4567.019,4572.6128,4576.018,4726.61675,4723.0925
2018-06-12,4482.74,4535.47,4540.4,4470.26,24349310.0,dividend,中证红利,4562.3845,4570.564399999999,4570.855833333333,4725.43225,4722.98535
2018-06-13,4526.44,4501.39,4533.95,4496.26,22824079.0,dividend,中证红利,4557.36,4567.3568,4565.024333333333,4723.666166666667,4722.78605
2018-06-14,4484.83,4481.24,4514.25,4466.86,23422126.0,dividend,中证红利,4552.168,4562.2488,4559.493666666666,4721.823166666667,4722.37495
2018-06-15,4474.83,4460.99,4485.55,4438.56,29081064.0,dividend,中证红利,4543.7765,4557.1372,4553.983333333334,4720.12425,4721.808550000001
2018-06-19,4407.52,4291.98,4410.22,4240.31,58756387.0,dividend,中证红利,4525.8645,4544.458,4545.677333333334,4717.022916666667,4720.30555
2018-06-20,4272.66,4315.14,4328.82,4258.86,24738944.0,dividend,中证红利,4509.7505,4531.937199999999,4537.904,4713.785583333333,4718.9132
2018-06-21,4312.17,4276.18,4357.4,4273.29,26931158.0,dividend,中证红利,4493.9839999999995,4518.9092,4530.110000000001,4710.3324999999995,4717.33625
2018-06-22,4251.19,4291.5,4293.63,4229.76,21448044.0,dividend,中证红利,4480.468,4507.166,4524.846833333333,4706.792416666667,4715.8524
2018-06-25,4313.44,4252.13,4323.04,4250.42,23629054.0,dividend,中证红利,4465.5055,4492.0984,4519.575,4702.919333333333,4713.880349999999
2018-06-26,4213.88,4202.36,4221.21,4148.14,28702889.0,dividend,中证红利,4447.4015,4474.183999999999,4513.168166666667,4698.682333333333,4711.4932
2018-06-27,4199.07,4151.27,4215.98,4129.09,29653985.0,dividend,中证红利,4427.402,4454.738,4507.001,4693.853249999999,4708.86685
2018-06-28,4126.73,4096.88,4157.55,4091.88,24589864.0,dividend,中证红利,4408.932,4434.9528,4498.625166666667,4688.854916666666,4705.94585
2018-06-29,4105.61,4187.02,4188.13,4097.49,21932653.0,dividend,中证红利,4390.302000000001,4419.9608,4491.710999999999,4684.425416666666,4703.6142
2018-07-02,4180.77,4076.23,4186.64,4052.59,29915801.0,dividend,中证红利,4367.759,4400.9548,4483.339666666667,4678.804083333333,4700.67795
2018-07-03,4074.79,4082.47,4092.32,3987.59,32034364.0,dividend,中证红利,4343.8985,4381.6759999999995,4475.827166666667,4672.524,4697.7424
2018-07-04,4067.44,4042.29,4088.3,4036.59,22599546.0,dividend,中证红利,4317.0365,4361.3171999999995,4467.702666666666,4665.71225,4694.5919
2018-07-05,4044.38,4003.21,4075.51,3992.65,27200533.0,dividend,中证红利,4288.254,4342.7944,4459.074166666667,4658.425416666667,4691.285449999999
2018-07-06,4000.31,4014.88,4044.94,3939.64,26182990.0,dividend,中证红利,4261.530000000001,4321.0048,4449.368833333333,4650.945833333333,4688.08905
2018-07-09,4022.55,4108.55,4109.28,4020.22,26821565.0,dividend,中证红利,4242.608,4304.2632,4440.801166666667,4643.911083333333,4685.38465
2018-07-10,4116.14,4121.38,4127.4,4088.43,22061299.0,dividend,中证红利,4224.628,4286.7312,4433.144,4637.012916666666,4682.7023
2018-07-11,4056.34,4052.95,4072.37,4020.0,20500262.0,dividend,中证红利,4200.5019999999995,4265.668,4424.6956666666665,4629.420833333334,4679.5804499999995
2018-07-12,4047.5,4128.18,4143.9,4047.5,27691328.0,dividend,中证红利,4181.8415,4247.640799999999,4418.7688333333335,4622.566083333333,4676.78675
2018-07-13,4127.45,4133.14,4139.43,4107.99,19762850.0,dividend,中证红利,4164.4365,4230.991999999999,4413.786999999999,4615.552,4674.0761999999995
2018-07-16,4126.64,4107.22,4140.98,4089.92,20605523.0,dividend,中证红利,4146.7480000000005,4215.8012,4408.065666666666,4608.473249999999,4671.27775
2018-07-17,4092.45,4079.33,4093.23,4049.08,16902744.0,dividend,中证红利,4136.115500000001,4199.7352,4401.1845,4600.574083333334,4668.2898
2018-07-18,4084.15,4087.36,4125.64,4084.12,21228577.0,dividend,中证红利,4124.726500000001,4181.8108,4395.475166666667,4592.795583333334,4665.41065
2018-07-19,4093.92,4081.91,4112.06,4071.2,20382167.0,dividend,中证红利,4115.013,4165.0316,4389.641666666666,4584.636083333333,4662.39065
2018-07-20,4081.13,4154.69,4164.81,4055.01,37823175.0,dividend,中证红利,4108.1725,4151.9696,4383.521833333333,4577.100333333334,4659.745
2018-07-23,4139.11,4195.71,4196.13,4127.37,39038756.0,dividend,中证红利,4105.3515,4141.3584,4378.307333333333,4569.4904166666665,4657.2733
2018-07-24,4202.82,4250.76,4260.71,4202.81,45319579.0,dividend,中证红利,4107.7715,4139.7096,4375.1410000000005,4561.833666666667,4655.1831
2018-07-25,4254.76,4244.13,4255.7,4228.78,24977110.0,dividend,中证红利,4112.414500000001,4136.8692,4371.8615,4554.056833333333,4653.0716999999995
2018-07-26,4247.14,4216.18,4261.46,4206.79,24598169.0,dividend,中证红利,4118.3795,4134.4692,4367.769333333334,4546.2226666666675,4650.7861
2018-07-27,4208.85,4201.06,4225.23,4195.88,18151359.0,dividend,中证红利,4119.0815,4130.8516,4362.872,4537.979083333334,4648.4751
2018-07-30,4197.71,4204.87,4238.0,4183.15,24343666.0,dividend,中证红利,4125.5135,4128.9612,4358.243166666666,4530.190833333333,4646.1382
2018-07-31,4202.78,4207.78,4219.74,4179.59,22272131.0,dividend,中证红利,4131.779,4129.178,4352.5525,4522.942,4643.57725
2018-08-01,4214.7,4129.26,4229.83,4129.26,28437551.0,dividend,中证红利,4136.1275000000005,4128.2976,4344.928833333333,4515.087416666666,4640.5931
2018-08-02,4119.9,4046.94,4119.9,3989.09,31489169.0,dividend,中证红利,4138.314,4126.3,4336.018166666667,4506.977083333333,4637.12975
2018-08-03,4042.58,3995.22,4057.34,3995.06,22301476.0,dividend,中证红利,4137.331,4118.628000000001,4325.7895,4498.09125,4633.40435
2018-08-06,3994.23,3943.29,4011.74,3928.55,25033580.0,dividend,中证红利,4129.068000000001,4113.310399999999,4315.031333333333,4488.460833333333,4629.4132
2018-08-07,3953.63,4043.76,4043.76,3935.26,27772156.0,dividend,中证红利,4125.187,4111.762,4305.611333333333,4480.8845,4626.0876
2018-08-08,4035.22,3988.71,4036.78,3984.99,22583667.0,dividend,中证红利,4121.975,4109.6188,4294.953833333334,4473.686333333334,4622.4872
2018-08-09,3972.88,4059.25,4073.08,3966.17,25100533.0,dividend,中证红利,4118.528499999999,4111.8604000000005,4285.91,4467.453750000001,4619.0793
2018-08-10,4057.87,4049.15,4076.18,4025.19,22463026.0,dividend,中证红利,4114.329,4113.2312,4276.977833333333,4462.69475,4615.622899999999
2018-08-13,4012.62,4025.9,4033.29,3971.67,23976780.0,dividend,中证红利,4110.263,4109.925200000001,4266.929166666667,4457.304666666666,4612.04085
2018-08-14,4021.76,4023.04,4035.97,4005.87,18512148.0,dividend,中证红利,4107.4485,4105.991599999999,4256.476166666666,4451.4625,4608.42355
2018-08-15,4022.22,3942.07,4023.06,3939.14,20367939.0,dividend,中证红利,4100.183999999999,4101.5564,4244.887,4444.8417500000005,4604.25825
2018-08-16,3909.5,3919.1,3960.74,3881.74,21976154.0,dividend,中证红利,4092.0435000000007,4093.1932,4233.680166666667,4437.173833333333,4599.9187
2018-08-17,3943.1,3875.75,3951.45,3868.93,18979241.0,dividend,中证红利,4078.0965000000006,4082.8976000000002,4222.245666666667,4429.027166666666,4595.3382
2018-08-20,3881.37,3912.0,3912.0,3855.09,21231176.0,dividend,中证红利,4063.911,4075.0888,4211.589333333333,4420.801583333333,4590.86505
2018-08-21,3914.49,3961.26,3968.65,3906.41,21114589.0,dividend,中证红利,4049.436,4070.3660000000004,4201.5363333333335,4413.62575,4586.74115
2018-08-22,3958.44,3935.27,3958.44,3927.58,13729849.0,dividend,中证红利,4033.993,4064.2824,4191.269833333333,4406.504833333333,4582.57975
2018-08-23,3933.76,3945.73,3961.71,3908.57,17123807.0,dividend,中证红利,4020.4705000000004,4058.8352,4182.594,4399.416083333333,4578.5866
2018-08-24,3937.1,3956.01,3977.26,3919.85,22159496.0,dividend,中证红利,4008.218,4050.888,4172.533833333333,4392.5169166666665,4574.6447499999995
2018-08-27,3966.03,4039.03,4039.03,3966.03,28348580.0,dividend,中证红利,3999.9260000000004,4044.6208,4164.3995,4386.363833333334,4571.2185
2018-08-28,4040.07,4034.72,4047.17,4024.25,20750540.0,dividend,中证红利,3991.273,4035.9791999999998,4155.650166666667,4379.642666666667,4567.6067
2018-08-29,4026.95,4010.28,4035.55,3999.81,17930783.0,dividend,中证红利,3985.3240000000005,4026.6252000000004,4146.162666666667,4372.876666666667,4563.7251
2018-08-30,4009.65,3990.23,4031.56,3988.13,17886685.0,dividend,中证红利,3982.4885000000004,4017.5872,4136.352166666667,4365.566916666667,4559.732
2018-08-31,3980.84,3970.52,3995.26,3947.43,27643977.0,dividend,中证红利,3981.2535000000003,4008.3656,4126.704833333333,4357.951166666667,4555.51255
2018-09-03,3959.29,3960.53,3966.11,3926.35,20252491.0,dividend,中证红利,3982.1155,3998.592,4117.9305,4350.16925,4551.1083
2018-09-04,3964.85,3999.42,4008.54,3951.1,20548936.0,dividend,中证红利,3979.8985000000002,3990.2576,4109.9045,4342.961249999999,4546.76635
2018-09-05,3984.95,3934.87,3990.58,3933.51,20102342.0,dividend,中证红利,3977.2065000000002,3982.482,4099.8945,4335.375166666667,4542.26045
2018-09-06,3924.29,3897.03,3946.09,3892.6,18173464.0,dividend,中证红利,3969.0955000000004,3976.4856,4089.821833333334,4327.423083333333,4537.6717
2018-09-07,3906.64,3910.13,3948.99,3886.6,17414557.0,dividend,中证红利,3962.1445,3973.0819999999994,4080.303333333333,4319.898499999999,4533.085
2018-09-10,3907.16,3874.42,3916.44,3872.42,17269878.0,dividend,中证红利,3954.5705000000003,3970.3272,4070.5271666666667,4312.25525,4528.28025
2018-09-11,3873.72,3865.67,3887.03,3850.03,19094849.0,dividend,中证红利,3946.7019999999998,3963.2036000000003,4063.422,4304.549666666667,4523.3219500000005
2018-09-12,3859.45,3858.47,3882.48,3839.3,16075924.0,dividend,中证红利,3942.522,3957.994,4055.810833333334,4296.857416666667,4518.00795
2018-09-13,3886.87,3893.64,3902.0,3856.32,20292450.0,dividend,中证红利,3941.249,3951.3696,4049.435166666667,4289.772583333333,4512.83455
2018-09-14,3899.3,3902.84,3914.23,3881.87,15872932.0,dividend,中证红利,3942.6034999999997,3945.5172000000002,4042.9574999999995,4283.902166666667,4508.356000000001
2018-09-17,3892.22,3866.85,3892.22,3861.13,14227761.0,dividend,中证红利,3940.346,3939.1552,4036.5361666666668,4278.055583333333,4503.69765
2018-09-18,3852.67,3925.44,3925.97,3852.67,21430348.0,dividend,中证红利,3938.5550000000003,3935.2512,4031.920833333333,4272.5445,4499.5424
2018-09-19,3920.25,3980.15,4000.29,3913.26,29890301.0,dividend,中证红利,3940.799,3936.7744000000002,4029.0688333333333,4268.0349166666665,4495.6392
2018-09-20,3979.18,3977.71,3998.1,3970.76,21839945.0,dividend,中证红利,3942.398,3939.1188,4027.0826666666667,4262.853916666666,4491.74795
2018-09-21,3986.63,4082.45,4082.45,3977.72,41149530.0,dividend,中证红利,3948.72,3947.3868000000007,4025.3398333333334,4258.525416666666,4488.5313
2018-09-25,4047.13,4049.12,4061.4,4035.8,24710203.0,dividend,中证红利,3949.2244999999994,3952.8716000000004,4024.888,4254.113833333333,4485.18625
2018-09-26,4055.62,4076.53,4116.7,4055.62,35034733.0,dividend,中证红利,3951.3149999999996,3957.4824,4024.7889999999998,4250.308083333333,4481.9488
2018-09-27,4077.49,4065.03,4086.81,4059.36,23047201.0,dividend,中证红利,3954.0524999999993,3962.6728000000003,4025.1679999999997,4246.435333333333,4478.59595
2018-09-28,4071.51,4108.73,4112.47,4068.67,29257517.0,dividend,中证红利,3959.9775,3969.1928,4026.9266666666667,4243.000416666667,4475.596100000001
2018-10-08,4030.77,3963.25,4041.82,3954.67,33960887.0,dividend,中证红利,3959.614,3969.4824,4026.0661666666665,4237.717500000001,4472.10815
2018-10-09,3963.04,3954.86,3983.53,3946.23,22156201.0,dividend,中证红利,3959.3305,3966.1156,4023.5046666666667,4232.152916666667,4468.50325
2018-10-10,3959.62,3960.96,3989.09,3935.36,20420958.0,dividend,中证红利,3957.4075,3963.1652000000004,4020.831,4226.9875,4464.682150000001
2018-10-11,3865.53,3770.54,3880.99,3745.31,35957846.0,dividend,中证红利,3949.1910000000003,3953.5756,4016.1241666666665,4220.4099166666665,4460.1467999999995
2018-10-12,3767.39,3812.27,3825.73,3723.12,28362337.0,dividend,中证红利,3944.953,3946.4572000000003,4010.859,4214.813916666667,4455.64155
2018-10-15,3815.78,3737.97,3818.61,3730.4,20174677.0,dividend,中证红利,3936.345,3937.1552,4004.272833333334,4209.029916666666,4450.8194
2018-10-16,3736.39,3700.23,3768.33,3689.08,20774497.0,dividend,中证红利,3927.6355000000003,3926.7432,3997.489666666667,4202.777666666666,4445.99625
2018-10-17,3739.5,3728.17,3752.83,3673.63,24078196.0,dividend,中证红利,3920.7605000000003,3915.8932,3991.637,4196.41075,4441.3164
2018-10-18,3709.4,3651.09,3709.4,3651.09,22746406.0,dividend,中证红利,3910.3915,3904.5419999999995,3984.3658333333337,4189.920499999999,4436.05375
2018-10-19,3629.8,3752.42,3753.58,3613.09,31922530.0,dividend,中证红利,3903.3305,3898.7576,3978.8743333333337,4184.258,4431.3631000000005
2018-10-22,3778.55,3904.41,3932.93,3778.55,43559141.0,dividend,中证红利,3903.4090000000006,3898.5288,3974.703,4179.112416666667,4427.3036
2018-10-23,3900.82,3812.22,3904.5,3795.29,32373911.0,dividend,中证红利,3900.6775000000002,3896.0407999999998,3968.3115000000003,4173.309416666666,4422.780199999999
2018-10-24,3793.14,3811.73,3869.84,3785.86,34222602.0,dividend,中证红利,3894.9919999999997,3893.8832,3960.9943333333335,4168.067666666667,4418.28485
2018-10-25,3734.15,3821.6,3825.49,3717.18,29943748.0,dividend,中证红利,3887.0645000000004,3892.4084,3953.952166666667,4162.906833333333,4413.73905
2018-10-26,3835.94,3823.64,3860.28,3798.67,29047376.0,dividend,中证红利,3879.361,3889.6083999999996,3947.409833333333,4157.589583333333,4409.37385
2018-10-29,3812.16,3729.13,3813.44,3712.79,31736844.0,dividend,中证红利,3861.6949999999997,3882.66,3939.5443333333333,4151.208166666666,4404.4267
2018-10-30,3732.24,3765.16,3791.02,3703.18,32686347.0,dividend,中证红利,3847.4970000000003,3878.5924,3932.2158333333336,4145.2294999999995,4399.49855
2018-10-31,3772.41,3808.41,3823.71,3763.98,31022279.0,dividend,中证红利,3834.0910000000003,3873.9112,3925.559666666667,4139.056083333334,4394.3602
2018-11-01,3827.74,3815.73,3857.21,3809.01,35479593.0,dividend,中证红利,3821.626,3867.3344,3920.334166666667,4132.6314999999995,4389.14035
2018-11-02,3875.97,3916.03,3916.03,3843.07,46981884.0,dividend,中证红利,3811.9909999999995,3864.8672,3918.1523333333334,4127.08525,4384.33235
2018-11-05,3899.51,3903.15,3914.16,3866.25,30810239.0,dividend,中证红利,3808.986,3857.6952,3916.6178333333332,4121.203666666666,4379.28595
2018-11-06,3898.01,3894.79,3898.24,3865.26,23064819.0,dividend,中证红利,3805.9824999999996,3851.522,3915.8095000000003,4115.420416666667,4373.9963
2018-11-07,3897.78,3876.55,3918.93,3873.3,22909906.0,dividend,中证红利,3801.762,3843.5227999999997,3913.0226666666667,4109.317,4368.63325
2018-11-08,3901.16,3871.18,3907.61,3865.59,19956073.0,dividend,中证红利,3806.7939999999994,3835.7688,3911.063833333333,4103.008833333333,4363.169150000001
2018-11-09,3855.77,3830.23,3855.77,3826.4,31454203.0,dividend,中证红利,3807.6920000000005,3824.6288,3907.246833333333,4096.578416666666,4357.5665500000005
2018-11-12,3824.27,3891.64,3892.29,3822.84,26673475.0,dividend,中证红利,3815.3755000000006,3821.7644,3904.6216666666664,4090.79975,4352.1506
2018-11-13,3849.76,3925.07,3941.74,3846.45,29628195.0,dividend,中证红利,3826.6174999999994,3820.5728000000004,3902.9411666666665,4084.935166666667,4346.9926000000005
2018-11-14,3917.03,3893.83,3933.33,3889.09,28794988.0,dividend,中证红利,3834.9004999999997,3817.8876,3900.7876666666666,4078.6319166666667,4341.3256
2018-11-15,3888.92,3929.08,3929.15,3888.89,22848435.0,dividend,中证红利,3848.8,3824.2291999999998,3900.5711666666666,4072.729083333333,4335.8671
2018-11-16,3931.88,3957.74,3977.27,3925.32,31461755.0,dividend,中证红利,3859.0660000000003,3830.048,3901.215166666667,4067.4476666666665,4330.35055
2018-11-19,3964.48,3999.46,3999.46,3957.48,31293595.0,dividend,中证红利,3863.8185,3840.5076,3903.2770000000005,4062.7613333333334,4325.05295
2018-11-20,3974.42,3911.21,3985.98,3908.68,28758193.0,dividend,中证红利,3868.768,3848.9467999999997,3903.2638333333334,4057.4265833333334,4319.0645
2018-11-21,3878.41,3924.04,3930.77,3873.87,22444200.0,dividend,中证红利,3874.3835,3856.7816000000003,3902.6435,4052.0899166666663,4312.83685
2018-11-22,3932.21,3911.12,3935.7,3896.61,16846826.0,dividend,中证红利,3878.8594999999996,3867.1828000000005,3902.2410000000004,4046.755416666667,4306.5057
2018-11-23,3906.09,3822.98,3909.31,3815.88,21681718.0,dividend,中证红利,3878.8265,3870.0051999999996,3900.1951666666664,4041.3945833333332,4299.839199999999
2018-11-26,3825.91,3822.08,3849.18,3809.29,17546752.0,dividend,中证红利,3883.4740000000006,3866.712,3897.963,4035.248416666667,4292.99815
2018-11-27,3832.45,3813.21,3840.11,3804.69,15402817.0,dividend,中证红利,3885.8765,3866.7516000000005,3894.199333333333,4029.2994166666667,4286.3669
2018-11-28,3815.06,3855.17,3855.66,3794.4,17332810.0,dividend,中证红利,3888.2144999999996,3868.4892,3891.206833333333,4023.4285,4280.254550000001
2018-11-29,3871.37,3813.63,3878.66,3813.63,19413568.0,dividend,中证红利,3888.1095,3868.1704000000004,3887.9293333333335,4017.0460000000003,4273.96365
2018-11-30,3814.48,3846.95,3847.58,3802.86,19492787.0,dividend,中证红利,3884.6555,3869.1028,3885.5413333333336,4010.94675,4268.0975
2018-12-03,3923.29,3945.49,3958.09,3906.96,36529697.0,dividend,中证红利,3886.7725,3877.7571999999996,3885.1241666666665,4005.9145,4262.51735
2018-12-04,3940.05,3957.12,3959.84,3931.04,24195081.0,dividend,中证红利,3889.889,3885.4356,3885.0673333333334,4001.4989166666664,4256.80825
2018-12-05,3910.86,3943.37,3960.52,3905.24,20434000.0,dividend,中证红利,3893.2299999999996,3890.8340000000003,3884.133166666667,3997.0188333333335,4251.7605
2018-12-06,3916.13,3879.01,3921.03,3875.86,22298735.0,dividend,中证红利,3893.6215,3893.3651999999997,3883.2021666666665,3991.548333333333,4246.8931
2018-12-07,3883.64,3901.04,3901.04,3883.64,14414828.0,dividend,中证红利,3897.1619999999994,3892.7656,3883.269,3986.545416666667,4242.3625
2018-12-10,3882.4,3864.74,3894.17,3855.53,17766658.0,dividend,中证红利,3895.817,3891.2291999999998,3882.5125,3981.407916666666,4238.58505
2018-12-11,3874.32,3881.0,3884.07,3866.13,14313540.0,dividend,中证红利,3893.6135000000004,3890.6775999999995,3882.6221666666665,3976.5746666666664,4234.6265
2018-12-12,3901.26,3907.65,3916.58,3895.33,15349602.0,dividend,中证红利,3894.3044999999997,3891.9216,3883.3218333333334,3973.3719166666665,4230.54425
2018-12-13,3916.26,3956.96,3973.46,3906.59,26691287.0,dividend,中证红利,3895.6985,3895.3527999999997,3884.963333333333,3970.3870833333335,4226.64625
2018-12-14,3948.73,3898.88,3953.48,3898.88,23880125.0,dividend,中证红利,3892.7555,3898.0988,3885.050666666667,3967.242916666667,4221.9444
2018-12-17,3890.64,3924.75,3927.15,3880.35,20457826.0,dividend,中证红利,3889.0200000000004,3899.4232,3885.4158333333335,3964.186666666667,4217.3014
2018-12-18,3901.71,3896.49,3926.07,3871.87,20252140.0,dividend,中证红利,3888.2839999999997,3898.28,3885.909833333333,3961.223,4212.2885
2018-12-19,3901.37,3870.46,3912.11,3870.46,19038782.0,dividend,中证红利,3885.6050000000005,3897.3451999999997,3884.9934999999996,3958.4571666666666,4207.5289999999995
2018-12-20,3873.74,3867.28,3890.31,3843.18,25719128.0,dividend,中证红利,3883.4130000000005,3894.8732,3883.112333333333,3956.090583333333,4202.916499999999
2018-12-21,3856.82,3839.93,3864.0,3824.4,23773454.0,dividend,中证红利,3884.2604999999994,3890.1608,3880.8160000000003,3953.949333333333,4198.13425
2018-12-24,3831.72,3867.24,3872.89,3824.23,17619902.0,dividend,中证红利,3886.5184999999997,3884.8719999999994,3877.2291666666665,3951.2845,4193.5509
2018-12-25,3841.22,3843.11,3854.33,3781.31,22299661.0,dividend,中证红利,3888.0135,3882.1479999999997,3873.7956666666664,3949.341833333333,4188.87945
2018-12-26,3839.93,3841.53,3860.07,3826.66,16309387.0,dividend,中证红利,3887.3315000000002,3878.8475999999996,3869.879,3947.3340000000003,4183.8808
2018-12-27,3882.63,3823.92,3890.35,3823.41,25314445.0,dividend,中证红利,3887.846,3875.3596000000002,3865.8605000000002,3945.5142499999997,4178.8894
2018-12-28,3821.58,3836.87,3845.8,3813.41,23375314.0,dividend,中证红利,3887.3419999999996,3875.9152000000004,3861.3295,3944.1280833333335,4173.73675
2019-01-02,3839.11,3779.25,3840.64,3772.09,20740487.0,dividend,中证红利,3879.0299999999997,3874.202,3858.262833333333,3942.1645,4168.21095
2019-01-03,3774.35,3756.76,3808.21,3751.4,17897718.0,dividend,中证红利,3869.012,3871.9439999999995,3854.961166666667,3939.232916666667,4162.52295
2019-01-04,3736.34,3830.93,3831.03,3727.63,23524663.0,dividend,中证红利,3863.3900000000003,3870.9744,3852.794,3936.8125,4157.3557
2019-01-07,3853.0,3883.36,3885.6,3841.33,23971862.0,dividend,中证红利,3863.6074999999996,3873.7636,3854.674333333334,3935.3992500000004,4152.5465
2019-01-08,3878.86,3890.53,3896.14,3867.07,18264737.0,dividend,中证红利,3863.082,3875.5068,3855.978666666667,3933.4188333333336,4147.74275
2019-01-09,3908.14,3923.41,3963.35,3908.13,27875852.0,dividend,中证红利,3866.0155,3874.6236000000004,3859.0693333333334,3931.6710833333336,4143.2944
2019-01-10,3915.43,3907.76,3935.47,3901.75,19585611.0,dividend,中证红利,3867.3534999999997,3872.6492,3862.5281666666665,3930.0089166666667,4138.87515
2019-01-11,3915.92,3923.14,3923.42,3890.78,16627645.0,dividend,中证红利,3868.1279999999997,3871.84,3865.777666666667,3928.7073333333333,4134.53915
2019-01-14,3923.11,3917.07,3932.3,3910.58,16587139.0,dividend,中证红利,3866.1335,3873.3624,3870.210666666667,3927.28825,4130.2168
2019-01-15,3914.96,3954.31,3957.12,3903.55,20014248.0,dividend,中证红利,3868.9049999999997,3875.4932,3873.5755,3926.2249166666666,4126.26925
2019-01-16,3953.39,3959.03,3967.41,3949.9,17460374.0,dividend,中证红利,3870.6189999999997,3879.2648000000004,3874.4858333333336,3924.594416666667,4123.02795
2019-01-17,3965.19,3950.54,3977.7,3947.67,20735133.0,dividend,中证红利,3873.3215000000005,3882.0464,3876.791166666667,3922.551333333334,4119.938450000001
2019-01-18,3955.12,3994.56,3996.24,3948.64,28532009.0,dividend,中证红利,3879.5265,3885.5227999999997,3879.838333333333,3920.4163333333336,4116.9774
2019-01-21,3998.14,4000.72,4016.62,3991.6,23834213.0,dividend,中证红利,3886.1985,3887.2732,3882.823666666666,3918.3879166666666,4114.3745
2019-01-22,4002.97,3962.71,4003.16,3953.63,17946786.0,dividend,中证红利,3892.3375,3889.8264,3885.1415,3916.275666666667,4111.1909000000005
2019-01-23,3958.76,3979.63,3988.24,3957.83,15810448.0,dividend,中证红利,3897.957,3892.0216000000005,3889.3165,3914.430416666667,4108.0797
2019-01-24,3989.51,3994.16,4004.52,3968.74,17866361.0,dividend,中证红利,3905.5095,3895.9284,3893.1331666666665,3912.6745,4105.15795
2019-01-25,4001.48,4013.57,4032.68,4001.48,25914112.0,dividend,中证红利,3914.1115,3901.6528000000003,3896.5525,3911.0560833333334,4102.559700000001
2019-01-28,4031.16,4014.53,4061.0,4003.64,23324510.0,dividend,中证红利,3923.642,3907.5428,3899.865833333333,3910.1,4099.983550000001
2019-01-29,4010.55,4025.02,4032.28,3962.0,23088183.0,dividend,中证红利,3933.0495,3914.9464000000003,3901.682333333333,3909.9173333333333,4097.5040500000005
2019-01-30,4010.87,4000.74,4034.09,3995.65,20354506.0,dividend,中证红利,3944.1240000000007,3920.2864,3903.3088333333335,3909.9633333333336,4094.5217500000003
2019-01-31,4011.1,4012.07,4042.6,3992.15,26476273.6,dividend,中证红利,3956.8894999999998,3927.0448000000006,3905.2635,3910.5365,4091.4690499999997
2019-02-01,4026.77,4065.24,4065.24,4018.62,21715787.01,dividend,中证红利,3968.6050000000005,3935.9932,3908.4083333333333,3910.7155000000002,4088.8912
2019-02-11,4060.72,4127.0,4128.45,4060.65,24925052.86,dividend,中证红利,3980.7870000000003,3948.1163999999994,3912.672,3911.867916666667,4086.72695
2019-02-12,4124.67,4163.67,4172.31,4121.22,25986743.97,dividend,中证红利,3994.4440000000004,3961.1883999999995,3918.2293333333337,3912.738083333333,4085.12635
2019-02-13,4166.5,4216.61,4225.73,4156.18,33011647.8,dividend,中证红利,4009.1040000000003,3978.6827999999996,3923.6455,3914.1335833333333,4084.04915
2019-02-14,4208.08,4216.83,4233.94,4198.13,25209698.2,dividend,中证红利,4024.5575000000003,3997.0856,3928.5081666666665,3915.724666666667,4082.8807999999995
2019-02-15,4205.72,4159.94,4207.88,4156.21,28922100.02,dividend,中证红利,4036.3975000000005,4010.2459999999996,3932.943333333333,3916.8655,4081.2195
2019-02-18,4185.62,4260.31,4260.65,4185.62,34836501.67,dividend,中证红利,4053.5595000000003,4025.3239999999996,3938.4638333333332,3919.5175,4080.3714499999996
2019-02-19,4276.81,4255.22,4293.71,4232.23,37116088.94,dividend,中证红利,4068.6050000000005,4039.9116,3943.4218333333333,3922.3185,4079.4879499999997
2019-02-20,4256.32,4258.25,4261.48,4224.04,26644232.78,dividend,中证红利,4083.5660000000003,4053.3052,3947.7349999999997,3925.506,4078.1697999999997
2019-02-21,4257.96,4230.38,4290.62,4219.5,31657735.82,dividend,中证红利,4097.557999999999,4066.21,3953.0544999999997,3928.1591666666664,4076.7787999999996
2019-02-22,4228.88,4287.41,4287.54,4210.66,36733803.0,dividend,中证红利,4112.2005,4080.7808,3959.1106666666665,3930.8770833333333,4076.0121499999996
2019-02-25,4313.78,4470.26,4473.77,4309.86,85798215.38,dividend,中证红利,4135.6775,4102.9084,3968.4296666666664,3935.335333333334,4076.15895
2019-02-26,4464.09,4453.78,4525.25,4429.7,74735777.98,dividend,中证红利,4160.231000000001,4122.8872,3978.943,3939.5690833333333,4076.1193
2019-02-27,4455.88,4444.22,4505.36,4400.67,62588204.54,dividend,中证红利,4183.4605,4142.2948,3989.312,3943.6375,4075.8659
2019-02-28,4444.11,4440.87,4469.97,4421.97,41925208.59,dividend,中证红利,4205.796,4161.907999999999,3999.773,3946.986166666667,4075.6572499999997
2019-03-01,4459.71,4502.03,4502.18,4417.11,50413480.98,dividend,中证红利,4230.219,4182.2068,4010.5539999999996,3950.8804166666664,4075.4213
2019-03-04,4524.59,4555.8,4633.26,4518.91,86009681.96,dividend,中证红利,4257.2825,4204.41,4022.9234999999994,3955.4264166666667,4075.2668999999996
2019-03-05,4549.79,4608.02,4608.02,4535.25,55262836.17,dividend,中证红利,4286.4325,4230.2224,4035.608,3960.574666666667,4075.3990999999996
2019-03-06,4612.75,4664.23,4664.84,4578.68,61973347.27,dividend,中证红利,4319.607,4257.6064,4047.587,3966.355583333333,4075.67555
2019-03-07,4656.77,4658.76,4678.47,4608.06,67307339.96,dividend,中证红利,4351.9415,4284.1904,4059.281,3972.174166666666,4076.0254499999996
2019-03-08,4584.95,4469.65,4611.69,4465.05,65788892.17,dividend,中证红利,4372.161999999999,4302.4336,4068.052333333333,3976.0927500000003,4075.3289
2019-03-11,4471.04,4562.26,4562.82,4457.93,48152755.45,dividend,中证红利,4393.925,4324.342799999999,4079.4398333333334,3981.3210000000004,4074.9994
2019-03-12,4584.9,4598.85,4648.12,4553.89,57277872.5,dividend,中证红利,4415.683999999999,4347.295999999999,4091.07,3987.1694999999995,4074.98425
2019-03-13,4595.64,4557.1,4620.21,4539.51,50586242.06,dividend,中证红利,4432.7085,4369.5504,4102.609333333334,3992.5609166666673,4074.8443500000008
2019-03-14,4545.52,4493.98,4582.12,4468.18,40191979.86,dividend,中证红利,4446.566,4388.8268,4112.825666666667,3997.723916666667,4074.17015
2019-03-15,4508.27,4574.03,4597.47,4507.92,43046966.46,dividend,中证红利,4467.2705,4409.178400000001,4123.932,4003.6269166666666,4073.7891999999997
2019-03-18,4589.66,4703.47,4703.5,4565.69,58936679.19,dividend,中证红利,4489.4285,4432.2372000000005,4136.373833333333,4010.668583333333,4074.11945
2019-03-19,4704.17,4679.07,4720.91,4656.5,43266921.38,dividend,中证红利,4510.621,4452.8532000000005,4149.3769999999995,4017.2138333333337,4074.55725
2019-03-20,4662.76,4685.05,4692.89,4617.96,42202311.84,dividend,中证红利,4531.961,4471.5908,4162.048666666667,4023.73225,4075.1734
2019-03-21,4689.71,4705.45,4732.66,4688.77,44146942.04,dividend,中证红利,4555.7145,4491.1356,4175.531333333333,4030.7205833333337,4075.94375
2019-03-22,4698.43,4734.4,4736.42,4653.72,37808284.65,dividend,中证红利,4578.064,4514.1140000000005,4189.930333333334,4037.4619166666666,4076.79355
2019-03-25,4663.67,4662.45,4727.3,4651.25,50038096.6,dividend,中证红利,4587.673499999999,4530.1996,4203.183166666667,4043.1477499999996,4077.3494999999994
2019-03-26,4682.05,4592.35,4695.67,4576.7,40152303.14,dividend,中证红利,4594.602,4543.6848,4215.7235,4048.2697500000004,4077.9798500000006
2019-03-27,4613.72,4659.77,4659.91,4578.46,37532597.25,dividend,中证红利,4605.3795,4559.7456,4228.932333333333,4053.08075,4078.4806
2019-03-28,4654.31,4612.98,4674.76,4607.34,36531493.49,dividend,中证红利,4613.985,4575.0496,4241.7635,4057.779583333334,4078.91005
2019-03-29,4608.21,4742.96,4749.03,4602.18,56878231.87,dividend,中证红利,4626.0315,4593.2716,4256.787333333334,4063.3331666666663,4079.82645
2019-04-01,4765.9,4881.11,4883.56,4765.9,73564645.22,dividend,中证红利,4642.2970000000005,4609.7056,4274.407166666667,4070.1338333333333,4081.33435
2019-04-02,4905.13,4885.61,4914.03,4870.08,58059467.46,dividend,中证红利,4656.1765,4626.9788,4291.886166666667,4076.6078333333335,4082.8681
2019-04-03,4858.11,4954.02,4960.24,4846.37,60112282.76,dividend,中证红利,4670.665999999999,4647.370800000001,4311.465666666667,4084.8642499999996,4084.8914
2019-04-04,4977.49,5021.84,5026.57,4966.27,70323665.34,dividend,中证红利,4688.82,4670.6096,4332.550333333334,4093.75575,4087.56565
2019-04-08,5055.86,5072.0,5092.49,4986.03,77714963.93,dividend,中证红利,4718.9375,4693.4084,4353.234833333333,4103.014416666667,4090.52075
2019-04-09,5067.41,5066.94,5095.19,5029.65,53042319.01,dividend,中证红利,4744.1714999999995,4713.854,4372.961166666666,4113.81775,4093.1781
2019-04-10,5040.52,5080.54,5106.84,5013.35,50282314.64,dividend,中证红利,4768.255999999999,4732.7548,4392.794666666667,4124.386666666666,4096.07385
2019-04-11,5080.84,5018.39,5105.74,5007.26,47252946.42,dividend,中证红利,4791.3205,4746.9212,4411.044333333333,4135.056833333333,4098.759599999999
2019-04-12,5015.53,4993.35,5041.06,4973.03,37749931.75,dividend,中证红利,4816.289,4760.3048,4429.1375,4145.832833333333,4101.421399999999
2019-04-15,5036.08,4940.22,5055.22,4939.68,61330090.15,dividend,中证红利,4834.5985,4779.1276,4446.088833333333,4155.93325,4104.6626
2019-04-16,4911.1,5011.66,5011.66,4857.99,69484764.44,dividend,中证红利,4850.008,4797.1036,4464.331999999999,4167.271333333333,4108.1452
2019-04-17,4999.91,5032.02,5052.15,4978.92,52885170.91,dividend,中证红利,4867.6555,4814.4304,4482.293833333333,4177.934666666666,4111.9244
2019-04-18,5030.41,4968.62,5030.41,4966.03,35424701.83,dividend,中证红利,4881.834,4830.8912,4499.120333333334,4186.803083333333,4115.31
2019-04-19,4966.78,4993.68,4993.73,4921.75,32930188.78,dividend,中证红利,4896.2455,4850.879199999999,4516.505999999999,4196.648583333334,4119.01775
2019-04-22,4993.16,4891.72,4998.78,4882.84,49435700.14,dividend,中证红利,4904.111500000001,4863.5868,4531.458666666666,4205.6485,4122.464550000001
2019-04-23,4884.25,4854.26,4902.52,4840.28,39182943.47,dividend,中证红利,4913.702,4869.618399999999,4545.684333333334,4214.254,4125.9795
2019-04-24,4863.5,4897.19,4897.67,4821.58,35502965.3,dividend,中证红利,4928.944,4878.3432,4561.259,4223.20025,4129.981049999999
2019-04-25,4868.99,4769.56,4884.03,4766.07,39092714.83,dividend,中证红利,4934.4335,4881.7236,4574.424499999999,4231.8705,4132.89375
2019-04-26,4758.3,4705.72,4772.75,4697.39,39254624.94,dividend,中证红利,4939.0705,4881.7344,4586.283833333334,4239.7085,4136.0412
2019-04-29,4712.64,4672.43,4749.96,4667.11,39805959.06,dividend,中证红利,4935.544,4879.2556,4597.264833333334,4246.908666666666,4138.991
2019-04-30,4663.09,4735.74,4737.84,4662.99,34893456.07,dividend,中证红利,4928.2755,4882.1872,4609.285,4254.575416666667,4142.45825
2019-05-06,4614.69,4475.77,4614.69,4430.36,61505608.78,dividend,中证红利,4907.7835,4877.523999999999,4616.797500000001,4259.239916666666,4144.8210500000005
2019-05-07,4494.46,4534.71,4544.75,4474.83,38723053.62,dividend,中证红利,4886.818,4872.5216,4625.697,4264.502916666667,4147.4202000000005
2019-05-08,4443.6,4471.7,4531.8,4429.82,32491241.9,dividend,中证红利,4859.311,4866.8704,4633.3575,4269.3105,4149.235949999999
2019-05-09,4437.04,4400.12,4465.24,4389.5,30057973.86,dividend,中证红利,4825.717,4853.1568,4638.938833333334,4273.673583333333,4150.62965
2019-05-10,4436.42,4521.11,4521.11,4365.26,36782817.28,dividend,中证红利,4798.4255,4838.7568,4645.507333333333,4279.089666666667,4152.970450000001
2019-05-13,4469.44,4480.79,4495.96,4450.95,26618443.47,dividend,中证红利,4768.438,4822.564,4650.792666666666,4284.511,4154.733499999999
2019-05-14,4438.04,4455.79,4488.57,4429.62,28181453.92,dividend,中证红利,4740.308,4802.6348,4654.7789999999995,4289.21225,4156.34675
2019-05-15,4482.12,4535.73,4547.25,4482.12,30700964.52,dividend,中证红利,4717.427000000001,4783.1903999999995,4660.093999999999,4294.301083333334,4158.4893
2019-05-16,4535.15,4556.43,4558.31,4527.41,28758922.53,dividend,中证红利,4698.2375,4762.5676,4666.702166666667,4299.82275,4160.8748000000005
2019-05-17,4557.16,4441.82,4557.89,4426.23,29536654.52,dividend,中证红利,4669.7455,4737.5628,4669.727333333332,4304.095583333334,4162.6471
2019-05-20,4430.02,4406.03,4438.73,4361.7,31501993.21,dividend,中证红利,4638.446,4710.5824,4672.240833333333,4307.8313333333335,4164.2677
2019-05-21,4405.82,4490.17,4499.21,4403.53,26205080.4,dividend,中证红利,4614.5235,4689.453600000001,4676.1061666666665,4311.9205833333335,4165.9451
2019-05-22,4479.74,4460.1,4491.01,4446.44,23757074.3,dividend,中证红利,4587.8445,4668.1236,4679.934833333334,4316.4946666666665,4167.26705
2019-05-23,4443.02,4403.78,4443.17,4384.31,27879480.36,dividend,中证红利,4563.4475,4646.666,4681.874333333332,4320.492499999999,4168.03215
2019-05-24,4390.24,4399.02,4425.43,4373.21,24137733.35,dividend,中证红利,4540.6855000000005,4622.1604,4680.687000000001,4324.558333333333,4168.8066
2019-05-27,4394.72,4449.31,4460.96,4357.77,29509474.28,dividend,中证红利,4518.2915,4598.852,4680.6125,4329.77775,4169.972250000001
2019-05-28,4448.4,4489.73,4507.54,4439.33,35170789.39,dividend,中证红利,4504.3,4579.6964,4681.371,4335.3414999999995,4171.4156
2019-05-29,4464.32,4477.01,4498.7,4455.84,23508880.62,dividend,中证红利,4492.8645,4559.0296,4681.973333333333,4340.873166666666,4172.7763
2019-05-30,4460.94,4468.9,4468.94,4421.62,25241841.93,dividend,中证红利,4482.688,4542.1168,4681.421166666667,4345.9875833333335,4174.0819
2019-05-31,4466.21,4469.51,4488.7,4448.63,24608796.56,dividend,中证红利,4469.3765,4526.7268,4679.983000000001,4351.4532500000005,4175.78315
2019-06-03,4472.9,4425.71,4490.97,4414.84,27459941.14,dividend,中证红利,4466.8735,4507.8676000000005,4676.9445,4356.27625,4177.677
2019-06-04,4415.92,4377.47,4418.6,4357.53,22914310.7,dividend,中证红利,4459.0115000000005,4492.184,4672.165166666668,4359.876083333334,4179.58825
2019-06-05,4398.76,4358.39,4408.32,4355.64,25418993.59,dividend,中证红利,4453.346,4478.2908,4667.159,4363.22,4181.66375
2019-06-06,4351.73,4303.8,4351.73,4297.51,21114640.57,dividend,中证红利,4448.530000000001,4463.5456,4664.394833333334,4366.223583333333,4182.96395
2019-06-10,4316.06,4341.99,4364.16,4310.28,25190709.37,dividend,中证红利,4439.574,4447.7956,4660.723666666668,4370.08175,4184.730350000001
2019-06-11,4353.69,4460.8,4461.09,4351.67,36095479.26,dividend,中证红利,4438.574500000001,4447.1968,4658.422833333333,4374.746416666667,4186.7381
2019-06-12,4445.29,4417.0,4447.11,4409.37,24004416.69,dividend,中证红利,4436.635,4442.488399999999,4656.087833333334,4379.348583333334,4188.57735
2019-06-13,4404.52,4402.2,4409.64,4363.93,21445651.63,dividend,中证红利,4429.9585,4439.7084,4654.558166666667,4383.691916666667,4190.45885
2019-06-14,4404.17,4357.24,4411.49,4343.18,23127290.58,dividend,中证红利,4419.999000000001,4437.9932,4650.945000000001,4387.4385,4192.12985
2019-06-17,4351.77,4355.13,4374.76,4333.22,19370295.44,dividend,中证红利,4415.6645,4431.354,4645.1393333333335,4390.756583333334,4194.1951500000005
2019-06-18,4355.13,4350.51,4369.4,4331.47,21189126.94,dividend,中证红利,4412.8885,4426.1428,4639.663333333334,4394.520166666666,4196.3522
2019-06-19,4416.98,4373.75,4432.03,4371.98,34289026.75,dividend,中证红利,4407.0675,4422.8612,4634.475,4398.261833333333,4198.8422
2019-06-20,4374.46,4446.14,4464.28,4363.92,45269012.84,dividend,中证红利,4406.3695,4419.2776,4630.153166666667,4402.84225,4201.512900000001
2019-06-21,4441.42,4449.95,4469.03,4434.02,36782715.66,dividend,中证红利,4408.678,4415.0184,4625.412333333333,4407.671333333334,4203.95635
2019-06-24,4449.73,4465.89,4468.02,4443.11,25207459.3,dividend,中证红利,4412.0215,4415.9812,4622.136333333333,4412.659750000001,4206.60945
2019-06-25,4459.21,4413.81,4460.18,4377.66,32247062.38,dividend,中证红利,4410.246499999999,4416.2924,4619.160666666667,4417.442083333332,4208.94985
2019-06-26,4401.35,4416.46,4432.11,4390.03,21929991.33,dividend,中证红利,4406.5830000000005,4413.344,4615.105500000001,4422.018916666666,4211.252100000001
2019-06-27,4422.71,4438.92,4458.6,4421.33,28483421.5,dividend,中证红利,4404.6785,4412.496800000001,4612.204500000001,4426.9839999999995,4213.25155
2019-06-28,4425.82,4406.91,4425.82,4388.58,22936409.79,dividend,中证红利,4401.579,4412.622,4606.603666666666,4431.695500000001,4215.1125
2019-07-01,4465.37,4486.77,4488.85,4449.97,36994466.08,dividend,中证红利,4402.442,4416.1320000000005,4600.031333333333,4437.21925,4217.49495
2019-07-02,4485.15,4511.87,4512.13,4472.29,31473365.25,dividend,中证红利,4406.75,4418.6344,4593.802333333334,4442.84425,4220.10315
2019-07-03,4501.78,4501.22,4513.35,4484.39,30640325.09,dividend,中证红利,4412.9375,4419.094,4586.255666666667,4448.8606666666665,4222.756649999999
2019-07-04,4506.99,4491.01,4529.86,4473.74,29096904.34,dividend,中证红利,4419.568499999999,4419.654,4577.4085000000005,4454.979416666667,4225.409049999999
2019-07-05,4488.54,4508.12,4515.07,4470.54,22372653.03,dividend,中证红利,4429.7845,4421.2228000000005,4568.0105,4460.622666666666,4227.95255
2019-07-08,4492.09,4391.99,4492.66,4368.55,31624584.46,dividend,中证红利,4432.2845,4418.122,4556.761333333333,4464.86125,4230.23815
2019-07-09,4389.19,4404.03,4412.52,4384.19,21580075.23,dividend,中证红利,4429.446,4417.254800000001,4545.486166666667,4469.140416666666,4232.77315
2019-07-10,4416.62,4367.02,4420.07,4353.68,19292871.57,dividend,中证红利,4426.947,4416.8368,4534.63,4472.837166666667,4235.0576
2019-07-11,4384.34,4360.97,4406.47,4348.93,18900947.69,dividend,中证红利,4424.8855,4416.94,4524.090333333333,4476.613916666667,4237.49035
2019-07-12,4356.92,4374.95,4383.86,4341.92,19607181.38,dividend,中证红利,4425.771,4419.786,4514.669166666666,4480.379,4240.03675
2019-07-15,4369.32,4400.41,4412.21,4309.94,25312390.63,dividend,中证红利,4428.035000000001,4422.1228,4504.4816666666675,4484.4068333333325,4242.74645
2019-07-16,4397.39,4399.2,4405.41,4387.19,18063364.63,dividend,中证红利,4430.4695,4419.6588,4493.934666666666,4488.11425,4245.27425
2019-07-17,4391.75,4394.82,4407.73,4378.62,18074034.77,dividend,中证红利,4431.522999999999,4418.7716,4484.371333333333,4491.745833333333,4247.73415
2019-07-18,4376.46,4330.78,4376.46,4330.65,18184504.79,dividend,中证红利,4425.755,4415.9148,4473.323,4494.914500000001,4250.0538
2019-07-19,4338.36,4356.66,4379.02,4338.36,22927414.28,dividend,中证红利,4421.0905,4415.8916,4464.405333333333,4497.932,4252.209900000001
2019-07-22,4357.67,4303.89,4357.67,4288.67,23309375.79,dividend,中证红利,4412.9905,4413.842000000001,4455.2325,4500.458416666666,4253.8286
2019-07-23,4307.06,4324.95,4325.16,4296.0,20689553.26,dividend,中证红利,4408.547500000001,4412.8196,4445.695166666667,4503.477083333333,4255.5648
2019-07-24,4333.88,4348.96,4370.06,4332.99,23694574.71,dividend,中证红利,4405.1725,4411.828,4438.685166666667,4506.554833333334,4256.89735
2019-07-25,4351.38,4361.8,4362.65,4336.46,22232630.96,dividend,中证红利,4401.3165,4408.4544,4432.953166666667,4509.6185,4258.46075
2019-07-26,4355.56,4372.99,4378.97,4348.77,21540448.58,dividend,中证红利,4399.6205,4405.376,4427.9625,4512.613666666667,4259.94305
2019-07-29,4375.98,4368.12,4377.37,4354.78,22245691.1,dividend,中证红利,4393.688,4401.4652,4421.8355,4515.56025,4261.458500000001
2019-07-30,4374.3,4393.86,4408.94,4374.29,22675798.05,dividend,中证红利,4387.7875,4400.6672,4420.470333333334,4518.633916666668,4262.88415
2019-07-31,4384.67,4350.95,4384.97,4348.6,22704670.2,dividend,中证红利,4380.273999999999,4398.0468,4417.407666666666,4521.552333333334,4264.822649999999
2019-08-01,4339.59,4320.21,4349.73,4306.51,22407389.5,dividend,中证红利,4371.7339999999995,4393.298400000001,4414.882833333334,4524.120166666666,4266.6494
2019-08-02,4250.71,4253.14,4256.99,4227.16,28259992.4,dividend,中证红利,4358.985000000001,4387.1476,4412.433166666667,4525.686,4268.1103
2019-08-05,4240.38,4184.16,4244.51,4184.16,26870067.78,dividend,中证红利,4348.5935,4375.0432,4406.817333333333,4526.162333333333,4270.1784
2019-08-06,4122.43,4109.81,4122.43,4047.94,33284215.49,dividend,中证红利,4333.8825,4358.9608,4400.634333333333,4525.713500000001,4271.6660999999995
2019-08-07,4126.96,4099.14,4133.4,4098.55,23580129.93,dividend,中证红利,4320.4885,4342.8776,4394.690166666667,4524.734583333333,4273.47195
2019-08-08,4113.65,4129.2,4134.35,4113.59,21447981.11,dividend,中证红利,4308.9,4328.405199999999,4387.914666666667,4524.004333333333,4275.6168
2019-08-09,4139.96,4091.69,4147.4,4085.62,21172038.08,dividend,中证红利,4294.737,4311.748,4380.169,4523.435583333334,4277.4344
2019-08-12,4094.75,4151.97,4151.97,4092.15,20119127.5,dividend,中证红利,4282.315,4302.147199999999,4375.338166666666,4522.53275,4279.9388
2019-08-13,4123.54,4117.79,4129.77,4107.34,18122061.45,dividend,中证红利,4268.2445,4290.6975999999995,4370.534166666666,4521.3875,4281.765649999999
2019-08-14,4159.24,4138.5,4169.93,4134.5,21089358.38,dividend,中证红利,4255.4285,4281.5568,4364.673,4520.389583333334,4282.9361
2019-08-15,4074.9,4146.78,4150.54,4064.0,21031128.31,dividend,中证红利,4246.2285,4272.9892,4359.451,4519.692916666667,4284.6089
2019-08-16,4145.22,4151.95,4172.37,4137.17,19822699.8,dividend,中证红利,4235.993,4264.0692,4355.253833333333,4518.564083333333,4286.31
2019-08-19,4184.1,4232.76,4232.76,4171.39,36734931.38,dividend,中证红利,4232.436500000001,4257.3632,4352.4828333333335,4516.584916666666,4288.3658000000005
2019-08-20,4232.88,4230.38,4240.54,4215.47,24780237.4,dividend,中证红利,4227.708,4250.6104000000005,4348.834,4514.723249999999,4290.3995
2019-08-21,4222.97,4222.68,4236.41,4216.46,19698256.14,dividend,中证红利,4221.394,4243.7248,4344.3831666666665,4512.877083333334,4292.867249999999
2019-08-22,4228.65,4220.4,4230.45,4197.84,19133600.69,dividend,中证红利,4214.324,4239.3096000000005,4340.106333333333,4511.039833333333,4295.1434500000005
2019-08-23,4218.88,4229.05,4234.49,4211.21,22265169.39,dividend,中证红利,4207.1269999999995,4234.205199999999,4336.108833333334,4508.764999999999,4297.24665
2019-08-26,4161.6,4181.74,4192.4,4154.57,25682287.95,dividend,中证红利,4197.808,4229.3192,4331.312666666667,4505.647833333333,4299.0767000000005
2019-08-27,4197.31,4236.44,4261.03,4197.31,33174527.85,dividend,中证红利,4189.937,4225.7788,4328.158166666667,4502.551333333334,4300.67875
2019-08-28,4241.42,4240.37,4263.06,4224.62,24115596.91,dividend,中证红利,4184.408,4221.4352,4325.873166666667,4499.019166666667,4302.36485
2019-08-29,4246.09,4219.56,4247.14,4204.39,23889889.59,dividend,中证红利,4179.3755,4215.7456,4323.559333333334,4495.359166666666,4303.9887
2019-08-30,4239.98,4196.77,4249.56,4184.39,26098715.9,dividend,中证红利,4176.557,4208.6968,4321.7755,4493.085166666667,4305.5898
2019-09-02,4199.88,4257.87,4265.38,4195.27,29020064.96,dividend,中证红利,4180.2425,4204.2868,4320.3735,4490.548583333333,4307.523249999999
2019-09-03,4261.38,4265.15,4265.15,4239.51,23953764.75,dividend,中证红利,4188.0095,4199.1384,4317.112666666667,4487.76775,4309.69785
2019-09-04,4262.75,4319.4,4319.4,4257.75,34754385.97,dividend,中证红利,4199.0225,4197.8764,4315.486,4485.786916666667,4311.83665
2019-09-05,4337.3,4343.92,4391.74,4337.3,43791503.11,dividend,中证红利,4209.7585,4198.824799999999,4314.514666666666,4484.536416666667,4313.9309
2019-09-06,4358.33,4373.76,4373.76,4351.7,26993768.25,dividend,中证红利,4223.861999999999,4203.649600000001,4314.79,4482.867499999999,4316.33055
2019-09-09,4412.51,4401.27,4416.93,4375.18,31548385.43,dividend,中证红利,4236.326999999999,4212.334,4315.558999999999,4480.349166666667,4318.6915
2019-09-10,4400.61,4381.25,4400.61,4364.43,25542185.3,dividend,中证红利,4249.5,4223.1916,4316.071333333333,4477.867333333333,4320.80905
2019-09-11,4389.91,4365.52,4389.91,4358.58,27229135.67,dividend,中证红利,4260.851000000001,4233.8468,4315.934166666667,4475.204583333334,4322.63935
2019-09-12,4378.29,4393.29,4399.38,4365.41,25685120.63,dividend,中证红利,4273.1765,4244.410400000001,4315.053333333333,4472.60325,4325.04975
2019-09-16,4409.72,4393.73,4409.97,4379.55,26395082.58,dividend,中证红利,4285.2654999999995,4256.492,4314.116333333333,4469.7643333333335,4327.3982
2019-09-17,4385.83,4320.94,4386.26,4310.39,25237416.08,dividend,中证红利,4289.674499999999,4263.2508,4311.7005,4466.918416666666,4329.447300000001
2019-09-18,4329.29,4346.59,4356.07,4326.57,19742718.87,dividend,中证红利,4295.485,4272.4028,4310.580166666667,4464.870416666668,4332.065350000001
2019-09-19,4355.69,4355.53,4355.69,4326.62,17686969.16,dividend,中证红利,4302.1275,4281.084,4309.564666666667,4462.335083333333,4334.7326
2019-09-20,4362.03,4367.62,4373.05,4352.95,24865379.28,dividend,中证红利,4309.4885,4289.9176,4308.376333333333,4460.290416666667,4337.50465
2019-09-23,4351.53,4310.0,4351.53,4283.58,22220908.9,dividend,中证红利,4313.536,4296.2396,4306.761166666666,4456.682416666666,4339.7788
2019-09-24,4309.2,4312.85,4337.9,4292.7,18045751.26,dividend,中证红利,4320.0914999999995,4299.4432,4303.8625,4451.946916666667,4342.2749
2019-09-25,4299.3,4255.69,4299.3,4255.68,18631557.2,dividend,中证红利,4321.054,4300.4556,4299.592833333333,4446.697583333333,4344.3186
2019-09-26,4264.52,4227.69,4272.18,4225.51,28278234.99,dividend,中证红利,4320.42,4300.656,4295.034000000001,4440.644833333334,4345.729600000001
2019-09-27,4233.03,4217.0,4233.81,4212.14,22500772.1,dividend,中证红利,4320.2919999999995,4300.52,4290.467166666666,4433.937833333333,4347.029
2019-09-30,4213.07,4193.89,4231.34,4193.31,18323326.54,dividend,中证红利,4320.147999999999,4299.113600000001,4285.2300000000005,4426.620250000001,4348.2816
2019-10-08,4202.13,4225.82,4240.97,4199.05,25466408.36,dividend,中证红利,4318.5455,4300.8768,4282.460499999999,4419.610916666667,4350.01565
2019-10-09,4214.54,4262.86,4262.86,4205.71,27984516.08,dividend,中证红利,4318.4310000000005,4301.9336,4280.107666666667,4412.796916666667,4351.82475
2019-10-10,4264.06,4287.32,4287.32,4257.55,21965493.53,dividend,中证红利,4316.826999999999,4303.8116,4278.779333333334,4406.704666666667,4353.93765
2019-10-11,4299.55,4312.58,4324.0,4280.85,28052509.04,dividend,中证红利,4315.26,4307.5324,4277.972833333333,4401.031583333333,4356.09555
2019-10-14,4335.96,4360.78,4382.15,4335.96,40388955.15,dividend,中证红利,4314.611,4314.0928,4277.736666666667,4396.202916666666,4358.3612
2019-10-15,4356.72,4330.19,4356.72,4319.8,25676461.78,dividend,中证红利,4311.057,4316.9856,4276.566333333333,4390.524,4360.22735
2019-10-16,4336.14,4312.49,4360.69,4308.04,26530171.36,dividend,中证红利,4307.619,4318.879199999999,4275.121166666667,4384.527916666667,4362.2954
2019-10-17,4315.81,4298.54,4318.45,4289.51,18624492.09,dividend,中证红利,4304.2699999999995,4318.0448,4273.5165,4378.943916666667,4364.16435
2019-10-18,4306.84,4241.19,4312.13,4230.68,24357843.94,dividend,中证红利,4296.665,4313.9356,4272.0233333333335,4372.6731666666665,4365.88785
2019-10-21,4236.7,4257.18,4262.02,4220.28,24061540.68,dividend,中证红利,4289.8375,4309.2724,4270.365333333333,4367.385333333334,4367.82145
2019-10-22,4269.28,4276.56,4276.97,4249.38,20775798.49,dividend,中证红利,4287.6185,4304.284000000001,4269.909833333333,4362.571166666667,4369.8678500000005
2019-10-23,4276.7,4258.83,4289.05,4246.77,21503508.01,dividend,中证红利,4283.2305,4299.3872,4268.807833333333,4357.2515,4371.96235
2019-10-24,4256.74,4265.68,4275.67,4244.67,22796974.45,dividend,中证红利,4278.737999999999,4295.393599999999,4267.419833333333,4353.0525,4373.95455
2019-10-25,4271.52,4289.4,4290.09,4244.65,21835159.03,dividend,中证红利,4274.826999999999,4291.238,4266.213166666666,4349.583166666666,4376.186
2019-10-28,4279.05,4311.23,4311.69,4279.05,24281458.98,dividend,中证红利,4274.888499999999,4287.938,4265.1838333333335,4346.573166666667,4378.5345
2019-10-29,4312.51,4282.06,4312.65,4281.79,21326664.56,dividend,中证红利,4273.349,4286.382799999999,4263.7495,4342.7925000000005,4380.8252
2019-10-30,4264.89,4246.29,4265.99,4234.24,22566668.11,dividend,中证红利,4272.879,4282.3708,4261.29,4340.880166666667,4382.8723
2019-10-31,4250.33,4220.22,4253.47,4213.3,25699518.9,dividend,中证红利,4272.5055,4276.9583999999995,4259.111166666667,4338.259416666666,4385.07715
2019-11-01,4217.9,4273.98,4273.98,4204.67,29943304.0,dividend,中证红利,4275.3544999999995,4273.2128,4258.340666666667,4336.61175,4387.6632500000005
2019-11-04,4279.56,4283.27,4291.86,4273.28,28648943.92,dividend,中证红利,4279.8235,4272.143599999999,4258.842833333333,4335.638,4389.92495
2019-11-05,4286.18,4301.95,4323.37,4269.72,34880775.59,dividend,中证红利,4283.629999999999,4271.7076,4260.806,4333.8116666666665,4392.0179
2019-11-06,4303.98,4270.67,4304.14,4256.65,27836016.63,dividend,中证红利,4284.0205,4272.3068,4263.487,4332.060666666667,4393.9186
2019-11-07,4272.67,4283.19,4300.51,4268.66,21911381.94,dividend,中证红利,4283.814,4274.5268,4266.5545,4330.622333333334,4395.7175
2019-11-08,4304.52,4274.7,4313.29,4274.48,26739429.77,dividend,中证红利,4281.92,4276.8348,4268.9794999999995,4328.4470833333335,4397.5522
2019-11-11,4252.39,4197.01,4252.39,4191.58,27616848.0,dividend,中证红利,4273.7315,4276.959599999999,4270.734833333333,4325.451916666667,4398.92155
2019-11-12,4200.0,4208.52,4211.53,4178.07,19106664.44,dividend,中证红利,4267.647999999999,4276.2676,4271.677333333333,4323.50775,4400.3788
2019-11-13,4210.96,4188.02,4211.09,4174.22,19848324.85,dividend,中证红利,4261.4245,4273.274,4272.847833333334,4321.691000000001,4401.547350000001
2019-11-14,4194.19,4189.98,4200.32,4178.27,20098638.21,dividend,中证红利,4255.996499999999,4269.3804,4273.705833333333,4319.189416666666,4402.7021
2019-11-15,4194.3,4146.26,4194.3,4146.26,20660543.97,dividend,中证红利,4251.25,4262.7276,4273.697166666667,4316.574083333334,4403.6807
2019-11-18,4142.02,4188.18,4190.11,4137.88,22392625.97,dividend,中证红利,4247.8,4255.823600000001,4274.301,4314.777416666667,4404.6488
2019-11-19,4187.37,4232.61,4232.83,4184.22,22114625.29,dividend,中证红利,4245.6025,4251.9204,4274.2985,4313.390666666667,4405.80825
2019-11-20,4229.57,4198.8,4231.86,4195.24,21118332.74,dividend,中证红利,4242.601000000001,4247.3728,4273.772166666667,4311.303083333333,4406.9887
2019-11-21,4189.11,4195.59,4203.3,4173.45,19294035.74,dividend,中证红利,4239.0965,4243.254800000001,4273.3206666666665,4308.851916666667,4408.068499999999
2019-11-22,4202.23,4180.09,4228.18,4164.98,23509067.03,dividend,中证红利,4233.630999999999,4240.8108,4272.648833333334,4306.377583333333,4408.99815
2019-11-25,4182.59,4235.13,4235.13,4182.59,30493908.71,dividend,中证红利,4229.826,4239.9288,4272.750166666667,4304.4295,4410.10595
2019-11-26,4240.25,4226.17,4240.28,4206.14,29451903.76,dividend,中证红利,4227.031499999999,4237.9132,4273.490666666667,4302.401666666667,4411.16415
2019-11-27,4218.56,4204.76,4226.27,4197.83,18574307.45,dividend,中证红利,4224.955,4235.7504,4272.962666666666,4300.560416666666,4412.062849999999
2019-11-28,4203.3,4191.53,4212.17,4183.12,16153003.96,dividend,中证红利,4223.5205000000005,4232.7844000000005,4272.148666666666,4299.010916666667,4413.0168
2019-11-29,4193.26,4183.42,4201.37,4165.41,18534576.01,dividend,中证红利,4218.9925,4228.5452,4271.546333333334,4297.552833333333,4413.87355
2019-12-02,4188.69,4197.95,4212.85,4188.69,19964862.47,dividend,中证红利,4214.7265,4224.014,4271.566000000001,4296.67075,4414.5371000000005
2019-12-03,4189.16,4214.65,4214.65,4178.29,18398311.96,dividend,中证红利,4210.3615,4221.3176,4270.845666666667,4295.609583333334,4414.975350000001
2019-12-04,4203.18,4193.25,4209.83,4181.77,17629538.27,dividend,中证红利,4206.4905,4219.196,4269.647333333333,4293.38,4415.123250000001
2019-12-05,4202.84,4212.48,4214.43,4196.0,18841904.44,dividend,中证红利,4202.955,4218.8864,4267.865333333333,4291.675666666667,4415.1026
2019-12-06,4218.61,4219.05,4220.98,4200.17,17733562.06,dividend,中证红利,4200.172500000001,4216.6892,4265.784166666667,4290.149416666666,4415.1137
2019-12-09,4224.82,4237.1,4237.47,4215.4,24977653.96,dividend,中证红利,4202.177,4214.8424,4263.5065,4289.14825,4415.4995
2019-12-10,4229.56,4234.71,4235.56,4220.45,19267116.78,dividend,中证红利,4203.486500000001,4212.1528,4260.730500000001,4288.14475,4415.3715
2019-12-11,4240.8,4261.17,4262.5,4238.68,25116231.59,dividend,中证红利,4207.144,4211.7728,4258.729166666667,4287.40025,4415.40125
2019-12-12,4264.37,4266.67,4273.72,4256.13,22666554.13,dividend,中证红利,4210.9785,4211.111999999999,4257.081666666667,4286.5079166666665,4415.4433500000005
2019-12-13,4290.3,4306.34,4309.11,4283.8,36054104.67,dividend,中证红利,4218.9825,4212.3776,4255.6325,4285.3429166666665,4415.82315
2019-12-16,4316.66,4338.63,4338.63,4303.88,29430521.07,dividend,中证红利,4226.505,4218.0424,4254.714166666667,4284.41525,4416.07925
2019-12-17,4343.27,4372.29,4396.28,4324.92,38834841.72,dividend,中证红利,4233.489,4224.5932,4255.570000000001,4283.63525,4415.5894
2019-12-18,4372.18,4363.92,4386.63,4355.79,28252807.47,dividend,中证红利,4241.745,4231.629199999999,4255.858833333334,4283.2195,4415.1401000000005
2019-12-19,4360.7,4369.59,4372.76,4355.29,23657113.09,dividend,中证红利,4250.445000000001,4238.8135999999995,4256.093166666667,4282.828916666666,4414.76695
2019-12-20,4374.43,4349.86,4377.96,4344.93,22839697.34,dividend,中证红利,4258.9335,4246.9576,4255.797166666667,4282.08675,4414.3119
2019-12-23,4342.18,4295.55,4353.85,4292.34,24783662.0,dividend,中证红利,4261.9545,4251.2524,4255.556333333333,4281.15875,4413.279500000001
2019-12-24,4297.87,4319.65,4319.73,4287.81,16452746.01,dividend,中证红利,4266.628500000001,4254.7339999999995,4255.669666666667,4279.766083333333,4412.09875
2019-12-25,4317.56,4313.73,4323.93,4298.2,15817066.05,dividend,中证红利,4272.076999999999,4259.3312,4256.637,4278.114916666667,4410.6273
2019-12-26,4317.86,4362.73,4362.73,4316.91,20597985.21,dividend,中证红利,4280.637,4266.0168,4258.8876666666665,4276.9608333333335,4409.1198
2019-12-27,4361.38,4354.55,4390.3,4351.99,26953637.59,dividend,中证红利,4289.193499999999,4272.9952,4261.180166666667,4275.823666666666,4407.59875
2019-12-30,4352.28,4412.57,4412.6,4344.14,32795796.51,dividend,中证红利,4299.9245,4280.092799999999,4264.824833333333,4275.027416666667,4407.31335
2019-12-31,4408.34,4440.59,4442.07,4396.54,26919475.58,dividend,中证红利,4311.221500000001,4288.669599999999,4268.404333333334,4275.4324166666665,4406.705
2020-01-02,4473.17,4503.09,4517.24,4473.17,43471413.29,dividend,中证红利,4326.7135,4300.602800000001,4272.408166666666,4276.2579166666665,4406.2262
2020-01-03,4509.48,4501.64,4511.38,4481.2,30034987.43,dividend,中证红利,4341.1714999999995,4313.0072,4275.980166666666,4277.37975,4405.948899999999
2020-01-06,4483.59,4485.78,4528.48,4464.78,39991605.98,dividend,中证红利,4354.508,4325.1016,4278.8668333333335,4278.419833333333,4405.9079
2020-01-07,4491.89,4522.22,4522.3,4489.67,30500655.61,dividend,中证红利,4368.764,4338.0724,4281.5575,4279.647083333333,4405.6488500000005
2020-01-08,4506.29,4469.48,4512.54,4457.3,30812432.45,dividend,中证红利,4380.5025,4348.2656,4283.879,4280.222666666667,4404.478899999999
2020-01-09,4505.29,4525.87,4525.89,4496.52,28151907.82,dividend,中证红利,4393.7375,4361.5704,4287.435333333333,4281.278249999999,4403.7128999999995
2020-01-10,4534.62,4508.8,4537.63,4488.6,23161616.56,dividend,中证红利,4405.844,4373.4232,4290.939666666667,4282.228083333333,4402.83165
2020-01-13,4508.11,4540.44,4540.44,4489.72,26283585.92,dividend,中证红利,4417.549,4386.2788,4295.927166666666,4283.97525,4402.006600000001
2020-01-14,4544.03,4545.16,4568.38,4542.87,25083460.36,dividend,中证红利,4427.8755,4398.6012,4300.726833333333,4285.546083333333,4401.060399999999
2020-01-15,4545.84,4521.73,4545.84,4504.83,21819965.58,dividend,中证红利,4435.3475,4410.082,4304.813,4287.361416666667,4400.3568
2020-01-16,4537.18,4498.1,4538.15,4493.63,24374188.31,dividend,中证红利,4442.056500000001,4419.559200000001,4308.800833333333,4288.8043333333335,4399.88555
2020-01-17,4519.28,4500.0,4523.5,4491.37,21009945.19,dividend,中证红利,4448.576999999999,4428.8924,4312.706166666667,4290.063,4399.086700000001
2020-01-20,4501.15,4505.39,4506.53,4477.64,22960759.51,dividend,中证红利,4456.353499999999,4436.8544,4316.3060000000005,4291.2595833333335,4398.54875
2020-01-21,4493.96,4422.56,4493.96,4421.05,27782965.9,dividend,中证红利,4462.704,4440.2116000000005,4318.1615,4291.672666666667,4396.94675
2020-01-22,4406.45,4438.05,4448.17,4355.18,26175569.3,dividend,中证红利,4468.624,4442.842000000001,4320.761333333333,4292.255416666667,4394.73145
2020-01-23,4409.17,4318.04,4416.06,4290.87,35446213.42,dividend,中证红利,4468.8395,4441.0068,4321.957166666667,4291.623583333333,4391.893599999999
2020-02-03,3901.66,3933.39,3957.22,3901.66,54626824.73,dividend,中证红利,4447.3725,4423.5588,4317.176666666667,4288.143916666667,4386.7904499999995
2020-02-04,3841.43,4015.71,4016.7,3841.43,46316636.81,dividend,中证红利,4430.4305,4410.192800000001,4312.872166666667,4285.6064166666665,4381.759800000001
2020-02-05,4023.78,4062.18,4107.38,4008.0,34600283.98,dividend,中证红利,4412.911,4400.858,4309.187333333333,4284.015083333334,4376.7107
2020-02-06,4065.59,4113.11,4120.57,4032.77,33999698.74,dividend,中证红利,4396.536999999999,4392.5964,4306.04,4283.423,4371.94155
2020-02-07,4099.29,4127.12,4127.14,4068.92,28676119.34,dividend,中证红利,4377.7385,4385.132,4303.6475,4283.56725,4367.17445
2020-02-10,4109.84,4189.89,4190.44,4094.55,30541577.32,dividend,中证红利,4362.151,4378.2184,4302.0925,4284.3235,4363.0319500000005
2020-02-11,4192.4,4204.23,4225.86,4176.92,31186162.92,dividend,中证红利,4348.0735,4372.2056,4300.918000000001,4284.94875,4359.0863500000005
2020-02-12,4194.08,4231.0,4231.6,4185.91,23555868.6,dividend,中证红利,4333.5125,4364.942800000001,4301.4845000000005,4286.109666666666,4355.54025
2020-02-13,4231.07,4205.11,4250.33,4203.18,27744899.55,dividend,中证红利,4320.294,4355.5236,4301.4276666666665,4286.5525,4351.5075
2020-02-14,4197.11,4236.91,4236.91,4196.57,25447890.1,dividend,中证红利,4305.846,4344.876399999999,4302.242499999999,4287.545166666667,4347.5319500000005
2020-02-17,4238.19,4324.8,4324.82,4238.19,33895624.41,dividend,中证红利,4296.646,4337.8027999999995,4304.4895,4289.097666666667,4344.31285
2020-02-18,4324.39,4333.75,4342.29,4293.81,29994360.99,dividend,中证红利,4286.311500000001,4331.7216,4307.614333333333,4290.65575,4341.0132
2020-02-19,4326.81,4316.45,4349.6,4312.85,28050075.14,dividend,中证红利,4274.876,4323.4908,4309.752166666667,4292.026583333333,4338.13685
2020-02-20,4325.38,4377.59,4381.25,4308.8,35305910.48,dividend,中证红利,4267.669,4319.8152,4312.1685,4293.233499999999,4335.7535
2020-02-21,4379.51,4394.18,4413.51,4374.01,32979031.52,dividend,中证红利,4262.473,4314.5476,4315.4248333333335,4294.598499999999,4333.238450000001
2020-02-24,4379.54,4363.6,4384.95,4330.29,36264190.83,dividend,中证红利,4255.653,4308.7396,4318.225,4295.772833333333,4331.20865
2020-02-25,4292.07,4320.08,4324.57,4223.83,38892702.4,dividend,中证红利,4246.3875,4299.925200000001,4320.558166666667,4296.6035,4329.28045
2020-02-26,4271.69,4318.04,4374.22,4264.54,48007039.37,dividend,中证红利,4241.1615,4290.8404,4321.94,4297.345083333334,4327.5085
2020-02-27,4330.11,4323.53,4348.72,4307.54,34554279.43,dividend,中证红利,4235.4355000000005,4282.9124,4323.562666666667,4298.526666666667,4325.44745
2020-02-28,4233.49,4189.41,4270.55,4174.14,46672155.89,dividend,中证红利,4229.004,4270.5648,4323.306833333333,4298.13475,4324.01565
2020-03-02,4215.0,4354.65,4364.44,4215.0,47736999.45,dividend,中证红利,4250.067,4264.7508,4326.0255,4299.087083333333,4323.11535
2020-03-03,4405.55,4353.84,4419.76,4327.32,44994728.81,dividend,中证红利,4266.9735,4258.6888,4328.865833333333,4300.2060833333335,4322.52605
2020-03-04,4331.83,4409.94,4410.62,4324.78,37835237.54,dividend,中证红利,4284.3615,4258.183999999999,4332.398999999999,4301.9825,4322.575150000001
2020-03-05,4436.92,4464.61,4470.04,4420.06,48390592.27,dividend,中证红利,4301.9365,4259.2464,4336.565,4303.705333333333,4322.292649999999
2020-03-06,4419.02,4411.64,4425.71,4396.14,34047323.95,dividend,中证红利,4316.1625,4262.9904,4340.204833333333,4304.926083333334,4321.9469
2020-03-09,4354.65,4274.94,4354.65,4274.36,47514612.51,dividend,中证红利,4320.415,4276.6524,4341.245833333333,4304.555583333333,4321.04265
2020-03-10,4234.7,4351.12,4351.36,4223.06,40013686.95,dividend,中证红利,4327.7595,4290.068799999999,4343.446999999999,4304.615583333333,4320.1196
2020-03-11,4360.67,4313.09,4375.41,4313.09,31840203.98,dividend,中证红利,4331.864,4300.1052,4344.7135,4304.11,4318.9029
2020-03-12,4261.93,4235.85,4279.55,4212.21,33453873.26,dividend,中证红利,4333.401,4305.0148,4344.7325,4302.7315,4317.87305
2020-03-13,4059.9,4169.4,4197.18,4047.04,42391003.73,dividend,中证红利,4330.0255,4306.706,4343.203,4300.966083333334,4316.6899
2020-03-16,4191.98,4040.05,4192.0,4030.12,40228457.37,dividend,中证红利,4315.788,4300.7124,4339.426,4298.253833333333,4314.4393
2020-03-17,4042.75,4025.37,4091.67,3940.95,35919709.15,dividend,中证红利,4300.369,4293.558,4334.743166666666,4295.187833333333,4312.26565
2020-03-18,4052.58,3967.1,4082.88,3966.93,34276256.06,dividend,中证红利,4282.9015,4283.0019999999995,4328.551,4291.632583333333,4310.08225
2020-03-19,3961.3,3927.06,3984.68,3860.72,42255899.1,dividend,中证红利,4260.375,4271.88,4321.1305,4288.3502499999995,4307.72245
2020-03-20,3965.19,3981.64,3989.97,3922.69,31794964.23,dividend,中证红利,4239.748,4261.6692,4314.759166666667,4285.309,4305.384099999999
2020-03-23,3892.07,3866.57,3922.93,3860.45,27794739.08,dividend,中证红利,4214.896500000001,4243.34,4306.3755,4281.234333333333,4302.2683
2020-03-24,3925.42,3962.09,3964.74,3888.19,29680368.01,dividend,中证红利,4196.997,4228.4736,4299.912666666666,4277.854916666666,4299.6937
2020-03-25,4030.02,4044.26,4052.29,3996.66,32151268.65,dividend,中证红利,4183.307999999999,4217.586,4295.7245,4275.640416666666,4297.5705
2020-03-26,4019.74,4004.61,4031.08,4000.58,24010205.17,dividend,中证红利,4167.361999999999,4202.6668,4290.4738333333335,4273.07175,4295.246
2020-03-27,4041.6,4033.94,4072.63,4025.25,28385734.58,dividend,中证红利,4159.5885,4188.2572,4285.810666666667,4271.2238333333335,4293.28715
2020-03-30,3991.47,3982.03,3999.95,3953.86,27950490.88,dividend,中证红利,4140.9574999999995,4172.9944,4279.465666666667,4269.176666666667,4291.30995
2020-03-31,4010.16,3975.14,4014.24,3964.28,26147514.66,dividend,中证红利,4122.0225,4159.1968,4273.1421666666665,4267.161166666667,4289.3937
2020-04-01,3970.81,3950.95,4005.08,3947.48,22420024.45,dividend,中证红利,4099.072999999999,4144.5132,4265.4485,4265.136666666667,4287.62945
2020-04-02,3931.65,4005.22,4005.22,3923.01,21989549.44,dividend,中证红利,4076.1034999999997,4131.7808,4258.192333333333,4263.298333333333,4285.9456
2020-04-03,3997.67,3984.08,4011.39,3969.31,19597691.4,dividend,中证红利,4054.7254999999996,4123.5676,4249.542166666667,4260.975166666667,4283.562
2020-04-07,4033.82,4057.71,4062.91,4027.27,28759689.19,dividend,中证红利,4043.864,4111.69,4242.1433333333325,4259.06175,4281.76555
2020-04-08,4040.37,4054.29,4061.85,4021.12,21295167.51,dividend,中证红利,4029.0225,4099.7080000000005,4234.9518333333335,4256.909333333333,4280.026
2020-04-09,4064.99,4065.45,4073.44,4056.64,17583473.98,dividend,中证红利,4016.6405,4085.9284000000002,4227.339,4254.44825,4278.567050000001
2020-04-10,4070.14,4023.08,4079.38,4012.49,20949908.43,dividend,中证红利,4006.0019999999995,4068.2672000000002,4219.899,4251.889,4276.9068
2020-04-13,4010.4,4012.59,4025.58,3989.06,18033990.86,dividend,中证红利,3998.1614999999997,4052.3052000000002,4211.344333333333,4249.389833333334,4275.2172
2020-04-14,4026.12,4063.71,4063.91,4026.12,21285063.27,dividend,中证红利,3999.3445,4043.8559999999998,4203.926166666666,4247.432916666667,4273.6669999999995
2020-04-15,4066.89,4041.39,4068.22,4035.67,18650957.37,dividend,中证红利,4000.1455,4031.4668000000006,4195.608666666666,4245.767916666667,4271.643249999999
2020-04-16,4020.07,4029.0,4035.72,4010.03,17631596.29,dividend,中证红利,4003.2405,4020.1031999999996,4187.005999999999,4243.866416666667,4269.5385
2020-04-17,4044.66,4040.92,4062.22,4037.04,25646066.23,dividend,中证红利,4008.9335,4012.3060000000005,4178.9925,4241.90275,4267.4136499999995
2020-04-20,4051.44,4064.31,4064.77,4033.89,23298285.46,dividend,中证红利,4013.067,4008.1023999999998,4171.7626666666665,4240.28175,4265.666150000001
2020-04-21,4047.61,4039.7,4049.52,4009.68,22275611.67,dividend,中证红利,4021.723499999999,4008.0884,4164.090999999999,4238.398583333333,4263.7823499999995
2020-04-22,4019.5,4056.44,4056.65,4008.13,18762277.45,dividend,中证红利,4026.441,4009.3312,4156.608499999999,4236.45725,4261.86995
2020-04-23,4065.6,4043.86,4068.29,4041.35,22416556.99,dividend,中证红利,4026.421,4012.4016,4150.296833333333,4234.229166666667,4260.054700000001
2020-04-24,4049.4,4019.42,4052.99,4010.2,18371036.83,dividend,中证红利,4027.1614999999997,4016.0960000000005,4143.319666666666,4232.0405,4257.71795
2020-04-27,4025.49,4042.99,4064.34,4025.39,23137991.4,dividend,中证红利,4027.614,4018.55,4138.7355,4230.346333333333,4255.37355
2020-04-28,4047.0,4018.51,4047.0,3937.54,25043007.27,dividend,中证红利,4029.4379999999996,4024.6276000000003,4140.154166666666,4228.665416666667,4252.96
2020-04-29,4008.53,4053.95,4053.95,4007.59,26282669.63,dividend,中证红利,4033.3785000000003,4028.302,4140.7915,4226.831833333334,4250.7747
2020-04-30,4050.2,4090.12,4093.38,4049.55,28048501.05,dividend,中证红利,4040.3370000000004,4030.1363999999994,4141.257166666666,4225.222250000001,4248.684700000001
2020-05-06,4052.76,4094.2,4096.82,4044.72,32610135.85,dividend,中证红利,4044.786,4033.72,4140.942,4223.491,4247.19575
2020-05-07,4088.73,4100.48,4104.7,4075.28,25168209.55,dividend,中证红利,4050.6059999999998,4036.3815999999997,4140.4980000000005,4222.07275,4245.678
2020-05-08,4111.09,4132.81,4139.98,4106.51,26379446.87,dividend,中证红利,4054.361,4042.4127999999996,4139.546666666666,4220.819583333333,4244.50695
2020-05-11,4138.08,4134.94,4155.14,4121.39,25834969.61,dividend,中证红利,4058.3934999999997,4048.8048,4138.391833333333,4219.654916666667,4243.3768
2020-05-12,4138.77,4121.51,4139.15,4097.13,21731241.03,dividend,中证红利,4061.1965000000005,4055.6272,4136.567,4219.02575,4242.1096
2020-05-13,4106.36,4125.91,4127.79,4085.87,19376345.07,dividend,中证红利,4066.3380000000006,4060.4548,4135.247,4218.337333333333,4240.7371
2020-05-14,4112.91,4082.37,4112.91,4079.63,19799085.45,dividend,中证红利,4069.827,4064.3863999999994,4132.671333333334,4217.456916666666,4239.15295
2020-05-15,4096.94,4067.7,4103.64,4064.97,19002861.26,dividend,中证红利,4070.0265,4064.7859999999996,4128.386333333333,4216.437916666667,4237.51735
2020-05-18,4069.18,4064.58,4087.14,4048.34,21621496.96,dividend,中证红利,4071.186,4065.1975999999995,4123.900166666667,4215.75725,4236.18635
2020-05-19,4094.25,4089.54,4101.07,4076.07,20905814.09,dividend,中证红利,4074.2129999999997,4066.1612,4120.118333333334,4214.9352499999995,4234.85075
2020-05-20,4085.41,4057.07,4085.41,4050.52,18910859.43,dividend,中证红利,4075.0205,4067.5208,4114.776333333333,4213.4724166666665,4233.61665
2020-05-21,4069.74,4034.88,4072.99,4031.62,18380865.91,dividend,中证红利,4073.5490000000004,4068.4123999999997,4108.788,4212.1064166666665,4232.1663
2020-05-22,4029.57,3965.22,4029.8,3961.14,23159669.55,dividend,中证红利,4069.825,4064.4728000000005,4102.1483333333335,4210.1866666666665,4230.2476
2020-05-25,3972.91,3985.39,3991.74,3956.49,18136074.99,dividend,中证红利,4066.2725,4062.2327999999998,4096.570166666666,4208.564166666667,4228.3655499999995
2020-05-26,3992.09,4016.35,4018.54,3992.09,17572415.1,dividend,中证红利,4064.897,4061.7268000000004,4091.5420000000004,4206.741,4226.58235
2020-05-27,4019.11,4033.75,4041.55,4009.24,22199774.01,dividend,中证红利,4065.6135000000004,4061.44,4086.712333333334,4205.1375,4224.9105
2020-05-28,4022.07,4026.0,4043.18,3994.49,24054945.05,dividend,中证红利,4064.764,4059.9076,4083.988833333334,4203.647833333333,4223.0712
2020-05-29,4014.17,4002.18,4019.63,3999.28,22754546.06,dividend,中证红利,4063.9475000000007,4058.4067999999997,4078.1143333333334,4202.069916666666,4221.3273500000005
2020-06-01,4020.13,4082.19,4085.04,4019.73,27396515.09,dividend,中证红利,4065.3594999999996,4059.4368,4073.5868333333337,4201.226333333334,4220.13725
2020-06-02,4078.93,4091.53,4095.17,4068.95,27589722.58,dividend,中证红利,4065.4299999999994,4061.3435999999997,4068.28,4200.3395,4219.3292
2020-06-03,4103.92,4091.71,4116.3,4090.36,28905833.82,dividend,中证红利,4065.3055,4064.2352,4062.065,4199.315,4218.86695
2020-06-04,4112.49,4104.48,4113.19,4085.68,21562329.6,dividend,中证红利,4065.5055,4066.6947999999998,4056.945666666667,4198.57525,4218.8403
2020-06-05,4108.22,4088.89,4108.22,4064.78,20838979.76,dividend,中证红利,4063.3094999999994,4069.51,4053.8448333333336,4197.5453333333335,4218.789049999999
2020-06-08,4099.58,4092.07,4105.76,4088.02,25318402.7,dividend,中证红利,4061.166,4071.0348,4049.5273333333334,4196.487166666667,4218.6034
2020-06-09,4098.32,4107.68,4107.68,4089.39,23160267.65,dividend,中证红利,4060.4744999999994,4071.7372000000005,4046.103833333333,4195.408666666666,4218.683349999999
2020-06-10,4094.48,4080.98,4094.54,4071.32,22573469.24,dividend,中证红利,4058.228,4071.2083999999995,4043.5226666666667,4194.127583333333,4218.328399999999
2020-06-11,4076.06,4043.16,4087.64,4035.44,27555505.66,dividend,中证红利,4056.2674999999995,4068.9156,4041.4186666666665,4192.310833333334,4217.95525
2020-06-12,3987.03,4035.69,4041.48,3978.78,31316942.45,dividend,中证红利,4054.667,4065.0308,4041.346,4190.386,4217.4412
2020-06-15,4009.71,4001.99,4037.23,4000.38,28523902.77,dividend,中证红利,4051.5375,4059.7128,4040.9563333333335,4187.84975,4216.717250000001
2020-06-16,4025.55,4070.16,4070.16,4020.75,24963088.58,dividend,中证红利,4050.5685000000003,4057.6588,4042.674,4185.6125,4216.3083
2020-06-17,4069.85,4076.77,4080.54,4055.88,26442895.63,dividend,中证红利,4051.5534999999995,4055.6932,4045.1691666666666,4183.149833333333,4215.52835
2020-06-18,4068.31,4108.19,4110.56,4060.89,34667303.76,dividend,中证红利,4055.2189999999996,4056.7260000000006,4047.278333333333,4181.01875,4214.9174
2020-06-19,4104.23,4115.03,4121.47,4096.65,34855974.3,dividend,中证红利,4062.7095,4058.6192000000005,4051.4193333333333,4178.897416666667,4214.37915
2020-06-22,4110.9,4083.96,4115.38,4080.33,29562889.47,dividend,中证红利,4067.6380000000004,4059.3944,4053.4505,4176.681583333333,4213.6969500000005
2020-06-23,4085.17,4083.41,4086.03,4063.19,25142447.46,dividend,中证红利,4070.9910000000004,4059.1492,4054.103,4174.91375,4212.96875
2020-06-24,4078.14,4082.31,4089.14,4072.95,27179451.39,dividend,中证红利,4073.4190000000003,4060.1588,4055.3979999999997,4172.935916666666,4212.4716
2020-06-29,4071.23,4060.8,4074.06,4049.57,30945786.5,dividend,中证红利,4075.1589999999997,4061.1956,4055.845666666667,4170.828166666667,4211.593400000001
2020-06-30,4067.7,4089.54,4093.5,4067.61,25922448.35,dividend,中证红利,4079.5269999999996,4066.1683999999996,4057.6374999999994,4168.551583333333,4210.83925
2020-07-01,4096.47,4162.95,4163.22,4087.63,44557049.13,dividend,中证红利,4083.565,4073.2708000000002,4060.7676666666666,4166.954916666667,4210.5562
2020-07-02,4159.76,4256.98,4258.16,4156.62,61349742.29,dividend,中证红利,4091.8375,4082.8959999999997,4065.8681666666666,4165.658333333334,4210.85725
2020-07-03,4262.0,4298.95,4298.95,4262.0,63782771.48,dividend,中证红利,4102.199500000001,4093.5039999999995,4070.7636666666663,4164.478,4211.06265
2020-07-06,4341.77,4526.02,4529.32,4341.77,105539211.15,dividend,中证红利,4123.2765,4113.5048,4079.7960000000003,4164.669083333333,4212.367
2020-07-07,4567.57,4503.78,4604.02,4484.92,94563620.17,dividend,中证红利,4144.021,4133.5688,4087.2305,4164.686916666667,4213.2889000000005
2020-07-08,4494.24,4556.28,4572.8,4465.22,73959360.69,dividend,中证红利,4167.2315,4152.5324,4095.597,4165.274416666666,4214.3507
2020-07-09,4545.6,4592.61,4592.94,4506.2,73228414.99,dividend,中证红利,4191.478,4172.5756,4104.383,4165.861,4215.44495
2020-07-10,4550.66,4487.61,4567.24,4475.67,69119931.23,dividend,中证红利,4211.809499999999,4188.411599999999,4112.125166666667,4166.012083333333,4215.87665
2020-07-13,4494.5,4608.96,4614.47,4494.5,73808481.39,dividend,中证红利,4240.0995,4208.5908,4122.064666666667,4166.704500000001,4217.0152
2020-07-14,4613.82,4584.58,4636.62,4510.19,64771941.88,dividend,中证红利,4267.544,4228.4184,4130.745833333333,4167.335999999999,4218.1105
2020-07-15,4598.1,4498.99,4608.2,4473.41,58940516.37,dividend,中证红利,4292.393999999999,4244.6952,4138.3725,4166.990583333333,4218.639
2020-07-16,4496.54,4355.26,4528.84,4353.54,59347856.91,dividend,中证红利,4306.648999999999,4254.5984,4143.810166666666,4165.408083333333,4218.44665
2020-07-17,4362.57,4378.35,4423.53,4335.79,43004171.88,dividend,中证红利,4321.728,4266.4932,4149.433999999999,4164.21325,4218.7337
2020-07-20,4411.33,4568.27,4568.27,4411.33,56357471.52,dividend,中证红利,4344.732,4287.4976,4157.833333333333,4164.798,4219.8421
2020-07-21,4574.48,4558.65,4578.25,4535.71,40482489.81,dividend,中证红利,4366.9130000000005,4308.416,4166.4825,4165.28675,4220.8577
2020-07-22,4561.93,4553.99,4607.69,4540.84,44969272.22,dividend,中证红利,4390.4145,4330.496,4174.775,4165.69175,4221.7895499999995
2020-07-23,4515.97,4499.98,4543.7,4421.72,46532690.03,dividend,中证红利,4411.243,4347.6888,4182.3769999999995,4166.336916666666,4222.73945
2020-07-24,4479.76,4331.9,4496.33,4315.72,50579623.79,dividend,中证红利,4423.7225,4357.893999999999,4187.585,4165.452333333333,4222.834699999999
2020-07-27,4348.93,4320.27,4362.32,4284.48,32103382.07,dividend,中证红利,4436.696000000001,4366.3772,4192.206333333333,4165.470916666667,4223.1576000000005
2020-07-28,4342.59,4361.52,4379.96,4333.9,27929059.97,dividend,中证红利,4450.295,4376.2368,4197.9231666666665,4169.038666666666,4223.82675
2020-07-29,4354.97,4433.82,4434.87,4321.07,35239338.6,dividend,中证红利,4463.8385,4390.2312,4204.254333333333,4172.522916666666,4224.910849999999
2020-07-30,4440.41,4431.13,4460.17,4425.14,31657020.15,dividend,中证红利,4472.546,4404.14,4209.937833333333,4175.5975,4226.097049999999
2020-07-31,4428.0,4468.9,4502.18,4411.28,39619687.63,dividend,中证红利,4481.0435,4419.6035999999995,4216.182833333333,4178.562416666667,4227.31245
2020-08-03,4494.84,4555.77,4555.85,4492.81,43763717.73,dividend,中证红利,4482.531000000001,4439.4024,4223.771,4182.1345,4228.777
2020-08-04,4570.24,4568.55,4591.08,4532.65,56611550.73,dividend,中证红利,4485.7695,4458.562800000001,4231.033333333334,4185.29,4230.18315
2020-08-05,4557.62,4565.91,4578.72,4506.42,37764581.21,dividend,中证红利,4486.251,4474.6812,4238.216166666667,4188.304,4231.449799999999
2020-08-06,4570.24,4564.09,4580.19,4507.53,38027947.49,dividend,中证红利,4484.825,4486.9655999999995,4245.5925,4191.07975,4232.46635
2020-08-07,4555.84,4529.17,4555.84,4475.63,36557602.36,dividend,中证红利,4486.903,4496.1744,4252.3135,4193.78025,4233.46125
2020-08-10,4526.88,4587.98,4603.12,4521.51,41862694.64,dividend,中证红利,4485.854,4498.6528,4260.740333333333,4196.7058333333325,4234.8387
2020-08-11,4601.19,4541.77,4634.99,4537.87,47752019.94,dividend,中证红利,4483.7135,4500.1723999999995,4268.6415,4198.513916666667,4236.0548499999995
2020-08-12,4530.16,4513.0,4536.82,4440.52,44862785.9,dividend,中证红利,4484.414,4498.4412,4276.1151666666665,4200.007666666666,4237.4139
2020-08-13,4529.15,4529.99,4549.77,4518.79,30625613.6,dividend,中证红利,4493.1505,4495.9364000000005,4283.456,4201.787166666666,4238.77795
2020-08-14,4526.58,4563.88,4568.4,4499.99,33120830.48,dividend,中证红利,4502.427000000001,4498.9872,4291.902833333334,4203.339583333333,4240.21455
2020-08-17,4577.19,4658.84,4676.4,4565.36,65565720.7,dividend,中证红利,4506.9555,4500.982400000001,4302.302166666666,4205.545083333333,4242.2146
2020-08-18,4663.44,4666.23,4674.25,4639.08,40347242.71,dividend,中证红利,4512.334499999999,4504.2484,4313.9856666666665,4208.067,4244.21735
2020-08-19,4660.31,4621.76,4678.72,4616.4,38680107.57,dividend,中证红利,4515.723,4509.1592,4324.591833333333,4210.581,4245.879150000001
2020-08-20,4606.52,4586.65,4613.23,4570.54,36200278.29,dividend,中证红利,4520.056500000001,4518.4148000000005,4334.096833333333,4212.819416666667,4247.25625
2020-08-21,4597.03,4582.39,4609.09,4550.85,29397093.92,dividend,中证红利,4532.581,4526.5764,4343.240833333333,4214.976583333333,4248.7579
2020-08-24,4593.84,4608.75,4624.97,4584.67,30902548.42,dividend,中证红利,4547.005,4528.1956,4352.953333333333,4218.471083333333,4250.570199999999
2020-08-25,4618.88,4605.18,4640.77,4591.31,29552501.85,dividend,中证红利,4559.188,4530.0568,4363.003333333333,4220.5588333333335,4252.495
2020-08-26,4602.82,4528.43,4605.2,4514.77,30943429.89,dividend,中证红利,4563.9185,4529.0344000000005,4370.440666666666,4222.01375,4253.767250000001
2020-08-27,4534.92,4555.34,4556.58,4515.37,27883576.17,dividend,中证红利,4570.129,4531.2488,4378.170833333334,4223.225416666666,4255.1276
2020-08-28,4554.77,4635.48,4637.55,4539.51,36045964.67,dividend,中证红利,4578.4580000000005,4543.392,4387.233666666667,4224.649333333333,4256.79525
2020-08-31,4651.41,4610.92,4669.85,4609.32,46620659.32,dividend,中证红利,4581.2155,4555.018,4395.6743333333325,4226.31,4258.4965
2020-09-01,4605.65,4619.73,4619.73,4576.03,31278724.04,dividend,中证红利,4583.7745,4565.3464,4404.5216666666665,4229.18325,4260.1792
2020-09-02,4629.71,4615.78,4633.61,4577.37,34291004.22,dividend,中证红利,4586.268,4572.6248000000005,4413.250166666667,4231.38875,4261.8846
2020-09-03,4625.86,4608.7,4649.92,4596.14,32308048.53,dividend,中证红利,4588.4985,4579.7276,4421.6005000000005,4233.852166666667,4263.94305
2020-09-04,4552.93,4595.51,4600.85,4538.03,27841076.61,dividend,中证红利,4591.8155,4584.792,4430.176,4236.849333333334,4265.878
2020-09-07,4592.24,4542.95,4632.39,4534.69,32862567.02,dividend,中证红利,4589.564,4584.2792,4438.505833333333,4239.96225,4267.65265
2020-09-08,4548.49,4569.35,4575.76,4518.37,31379886.91,dividend,中证红利,4590.943,4584.3112,4447.400166666667,4244.373083333333,4269.549499999999
2020-09-09,4536.96,4500.09,4555.49,4484.02,34073656.26,dividend,中证红利,4590.2975,4581.6784,4455.7018333333335,4248.329083333333,4271.31865
2020-09-10,4532.2,4458.3,4538.37,4451.19,33551479.57,dividend,中证红利,4586.713000000001,4577.4468,4462.170833333334,4252.422416666666,4272.66925
2020-09-11,4442.36,4476.86,4481.34,4427.36,24380564.9,dividend,中证红利,4582.361999999999,4575.3544,4468.839000000001,4257.004083333333,4273.8904999999995
2020-09-14,4491.06,4496.22,4501.94,4467.36,22280788.58,dividend,中证红利,4574.231,4571.684,4475.306166666666,4261.29225,4275.3776
2020-09-15,4494.87,4516.89,4516.97,4480.08,21339796.99,dividend,中证红利,4566.764,4570.6888,4482.003833333333,4266.711583333334,4276.984100000001
2020-09-16,4514.21,4515.31,4533.87,4496.71,22186053.23,dividend,中证红利,4561.4415,4570.7812,4489.193,4271.32175,4278.6602
2020-09-17,4512.69,4532.7,4553.58,4495.76,23229111.0,dividend,中证红利,4558.744000000001,4570.8895999999995,4496.681166666666,4275.392083333333,4280.14805
2020-09-18,4534.65,4602.24,4603.79,4523.56,41702131.48,dividend,中证红利,4559.7365,4572.424,4505.346666666666,4280.372333333334,4282.0284
2020-09-21,4612.05,4574.17,4612.58,4564.09,28751819.77,dividend,中证红利,4558.007500000001,4569.0372,4513.902833333333,4284.87425,4283.87545
2020-09-22,4535.77,4508.26,4563.0,4498.75,24568110.99,dividend,中证红利,4553.1615,4562.7184,4520.8815,4289.2595,4285.4591
2020-09-23,4523.49,4514.73,4532.75,4503.63,19932277.51,dividend,中证红利,4552.4765,4558.4372,4526.7445,4293.756083333333,4287.11565
2020-09-24,4494.33,4429.38,4494.9,4426.37,25189658.01,dividend,中证红利,4546.1785,4552.1464,4529.617833333334,4297.7429999999995,4288.2728
2020-09-25,4437.64,4403.59,4448.25,4386.73,20943841.12,dividend,中证红利,4534.584,4544.9944,4531.361833333333,4301.06275,4289.2175
2020-09-28,4413.51,4399.77,4426.18,4395.7,22045367.93,dividend,中证红利,4524.0265,4536.6352,4529.257666666666,4304.526833333333,4290.250099999999
2020-09-29,4414.27,4417.63,4441.54,4403.67,19511650.98,dividend,中证红利,4513.9215,4529.1332,4527.821833333333,4307.5261666666665,4291.27585
2020-09-30,4428.58,4395.75,4437.21,4378.86,23259403.24,dividend,中证红利,4502.92,4523.826,4525.146333333333,4310.371666666667,4292.15935
2020-10-09,4451.65,4492.47,4502.18,4450.49,25059402.76,dividend,中证红利,4497.1085,4521.3112,4523.477333333333,4313.930166666667,4293.4362
2020-10-12,4514.73,4603.85,4604.48,4514.39,39063976.01,dividend,中证红利,4497.5255,4520.046,4525.414666666667,4318.769916666667,4295.2819
2020-10-13,4599.02,4612.96,4617.21,4584.49,28614652.63,dividend,中证红利,4501.026,4520.1276,4525.481333333333,4323.773,4297.04085
2020-10-14,4615.68,4612.21,4618.5,4596.77,27172256.8,dividend,中证红利,4503.169,4519.8268,4525.941833333333,4328.343833333333,4298.76855
2020-10-15,4606.31,4593.67,4609.69,4584.44,29451292.6,dividend,中证红利,4507.848,4518.9424,4527.519833333334,4332.946166666667,4300.2052
2020-10-16,4590.0,4605.44,4619.37,4587.91,40162209.69,dividend,中证红利,4515.205,4518.812,4531.6894999999995,4337.749833333333,4301.539250000001
2020-10-19,4625.35,4572.35,4651.62,4566.47,43766406.04,dividend,中证红利,4519.9795,4517.8856,4534.922833333333,4342.178416666667,4302.53955
2020-10-20,4561.45,4576.7,4576.84,4542.42,27879487.56,dividend,中证红利,4524.003500000001,4519.235600000001,4535.0633333333335,4346.448333333333,4303.60345
2020-10-21,4577.74,4561.58,4578.99,4536.19,28702440.05,dividend,中证红利,4526.238,4518.9248,4535.112166666668,4350.797333333333,4304.5634
2020-10-22,4547.26,4524.95,4547.49,4512.94,26365658.88,dividend,中证红利,4526.719999999999,4519.9192,4534.628166666666,4354.7015833333335,4305.4388500000005
2020-10-23,4526.94,4488.64,4549.48,4482.17,32377298.09,dividend,中证红利,4524.517,4521.1328,4534.439166666666,4358.408083333333,4306.4043
2020-10-26,4487.65,4495.54,4498.45,4448.48,32974328.16,dividend,中证红利,4519.182000000001,4521.88,4537.166500000001,4362.37575,4307.28375
2020-10-27,4479.36,4479.05,4482.99,4454.69,26249801.63,dividend,中证红利,4514.4259999999995,4521.1932,4539.812833333333,4366.0095833333335,4308.11035
2020-10-28,4479.6,4478.58,4484.63,4432.5,29472085.87,dividend,中证红利,4512.942,4519.660800000001,4541.763833333333,4369.8435,4308.6896
2020-10-29,4435.59,4502.06,4517.67,4428.84,30514889.59,dividend,中证红利,4512.3085,4519.1308,4542.9011666666665,4373.5777499999995,4309.42715
2020-10-30,4508.89,4433.77,4514.07,4429.25,36636686.51,dividend,中证红利,4512.528,4515.1736,4542.945166666666,4376.4415,4309.53315
2020-11-02,4433.92,4476.99,4479.57,4426.11,35256148.01,dividend,中证红利,4516.198,4510.1636,4543.08,4379.631416666667,4309.71515
2020-11-03,4500.14,4532.88,4534.85,4495.71,32601400.49,dividend,中证红利,4522.8535,4508.512,4542.6984999999995,4383.2347500000005,4309.864100000001
2020-11-04,4543.67,4558.12,4576.38,4522.81,29715750.64,dividend,中证红利,4529.878,4510.5064,4542.524666666666,4386.7789999999995,4310.1465
2020-11-05,4584.97,4636.84,4640.7,4582.56,37019948.29,dividend,中证红利,4541.9325,4515.3908,4543.706833333333,4390.9615,4310.9018
2020-11-06,4638.58,4644.21,4646.72,4613.77,36163670.17,dividend,中证红利,4549.5195,4523.984,4545.042166666667,4395.317333333333,4311.51175
2020-11-09,4670.77,4720.27,4725.34,4670.77,44923642.83,dividend,中证红利,4555.3405,4536.6512,4548.227166666667,4400.270333333334,4312.7657
2020-11-10,4734.66,4705.11,4736.64,4686.5,41309409.33,dividend,中证红利,4559.947999999999,4548.8648,4550.1793333333335,4405.459833333333,4313.6619
2020-11-11,4693.94,4726.29,4756.82,4692.99,44245557.74,dividend,中证红利,4565.652,4561.2112,4553.254666666667,4410.948083333333,4314.74935
2020-11-12,4728.32,4752.84,4752.84,4716.9,30039373.79,dividend,中证红利,4573.610500000001,4575.4947999999995,4557.2519999999995,4416.683583333333,4315.81135
2020-11-13,4742.08,4721.19,4742.86,4679.19,33585819.81,dividend,中证红利,4579.398,4584.643599999999,4560.438666666666,4421.947333333333,4316.6915
2020-11-16,4736.52,4819.83,4821.38,4736.52,35293497.24,dividend,中证红利,4591.772,4593.2828,4564.704500000001,4428.303666666666,4318.182
2020-11-17,4823.88,4852.27,4852.36,4811.3,40035453.13,dividend,中证红利,4605.550499999999,4602.8552,4567.928333333333,4435.11525,4319.95285
2020-11-18,4843.84,4870.9,4877.66,4831.93,45070813.14,dividend,中证红利,4621.0165,4613.2028,4571.3395,4442.662583333334,4321.80735
2020-11-19,4861.79,4850.43,4864.21,4824.03,34158049.04,dividend,中证红利,4637.2905,4623.4732,4575.150666666667,4449.87125,4323.53255
2020-11-20,4845.73,4875.34,4875.42,4823.27,31414620.91,dividend,中证红利,4656.6255,4634.2692,4579.962166666666,4457.029500000001,4325.79645
2020-11-23,4882.24,4943.56,4969.4,4879.08,49697243.87,dividend,中证红利,4679.0265,4649.1176000000005,4585.981666666666,4464.61125,4328.324
2020-11-24,4935.59,4924.32,4936.91,4905.62,35314045.81,dividend,中证红利,4701.29,4663.0224,4591.241166666666,4472.097250000001,4331.3554
2020-11-25,4940.97,4856.13,4947.13,4856.13,39288603.25,dividend,中证红利,4720.1675000000005,4674.8044,4595.423666666667,4479.2135,4335.9691
2020-11-26,4853.22,4837.0,4858.28,4801.9,33711919.46,dividend,中证红利,4736.914500000001,4687.2864,4600.5665,4485.503583333334,4340.07555
2020-11-27,4852.1,4871.06,4871.61,4814.8,55099232.09,dividend,中证红利,4758.779,4702.5832,4605.8285000000005,4491.999666666667,4344.11995
2020-11-30,4879.1,4817.82,4911.51,4817.82,83600116.25,dividend,中证红利,4775.8205,4715.4744,4608.867499999999,4498.050583333334,4347.6435
2020-12-01,4823.24,4883.22,4888.91,4807.33,51404996.44,dividend,中证红利,4793.3375,4731.6412,4613.405833333333,4504.540083333332,4351.424
2020-12-02,4889.71,4891.28,4905.53,4869.52,44669061.27,dividend,中证红利,4809.9955,4748.1492,4617.931666666667,4511.226666666667,4354.93095
2020-12-03,4889.28,4856.7,4889.28,4834.4,38323355.7,dividend,中证红利,4820.9885,4762.3348,4621.947,4517.598583333333,4358.1933
2020-12-04,4855.24,4849.95,4855.64,4811.57,35199329.18,dividend,中证红利,4831.2755,4778.982,4625.967833333332,4523.784166666667,4361.28805
2020-12-07,4858.92,4800.94,4869.01,4800.94,39283895.77,dividend,中证红利,4835.309,4791.94,4629.391666666666,4529.783833333333,4364.2672
2020-12-08,4807.49,4786.76,4818.29,4770.57,31734592.69,dividend,中证红利,4839.3915,4802.0952,4633.455166666667,4535.980500000001,4367.01645
2020-12-09,4796.22,4727.48,4801.93,4727.48,33288530.67,dividend,中证红利,4839.450999999999,4808.8696,4636.090666666667,4541.745416666667,4369.02985
2020-12-10,4727.9,4735.41,4753.49,4717.28,33482914.95,dividend,中证红利,4838.5795,4812.8124,4640.0126666666665,4547.85725,4371.03815
2020-12-11,4751.49,4706.94,4754.22,4626.83,42681522.7,dividend,中证红利,4837.867,4815.3216,4644.156666666667,4553.163749999999,4372.9906
2020-12-14,4693.69,4674.22,4698.35,4654.95,36900754.72,dividend,中证红利,4830.586499999999,4813.4796,4647.445999999999,4558.142500000001,4374.47375
2020-12-15,4674.87,4664.9,4674.87,4631.17,35417975.87,dividend,中证红利,4821.218,4811.8712,4650.257333333333,4562.781749999999,4375.82735
2020-12-16,4660.92,4645.77,4668.5,4631.87,30167192.95,dividend,中证红利,4809.961499999999,4808.6504,4652.405333333333,4567.204583333333,4377.2382
2020-12-17,4641.71,4692.57,4695.07,4603.88,34684934.3,dividend,中证红利,4802.0685,4806.2396,4655.359666666667,4572.276333333333,4379.100649999999
2020-12-18,4702.06,4713.29,4735.79,4698.88,34203882.79,dividend,中证红利,4793.965999999999,4805.9236,4658.3695,4577.525333333333,4381.0769
2020-12-21,4722.3,4728.49,4742.1,4684.05,35088867.81,dividend,中证红利,4783.2125,4802.27,4660.473666666667,4582.910166666667,4383.1017
2020-12-22,4709.21,4620.27,4709.21,4613.8,42441679.83,dividend,中证红利,4768.01,4792.99,4661.242,4587.572416666666,4385.255999999999
2020-12-23,4620.33,4622.76,4649.58,4608.64,33921023.48,dividend,中证红利,4756.3415,4783.0644,4663.150333333334,4592.015916666667,4386.59655
2020-12-24,4624.0,4580.11,4624.0,4567.72,26337365.89,dividend,中证红利,4743.497,4772.2516,4664.240000000001,4595.492249999999,4387.7279
2020-12-25,4570.49,4612.86,4632.08,4552.82,26391784.36,dividend,中证红利,4730.587,4761.7524,4667.298,4598.457916666666,4388.7425
2020-12-28,4617.36,4582.14,4619.96,4570.93,32915179.82,dividend,中证红利,4718.803,4747.2956,4670.273833333334,4600.8178333333335,4389.33015
2020-12-29,4583.38,4543.63,4592.69,4540.31,30103383.33,dividend,中证红利,4701.8234999999995,4732.068,4672.6715,4600.964583333333,4389.9901
2020-12-30,4542.76,4562.0,4580.64,4534.03,31106796.02,dividend,中证红利,4685.3595,4720.3028,4675.077666666667,4601.44975,4391.4254
2020-12-31,4562.33,4595.59,4599.76,4562.15,36898829.01,dividend,中证红利,4672.304,4710.6464000000005,4678.408333333334,4601.777333333333,4392.64775
2021-01-04,4595.07,4611.31,4620.88,4571.46,48318150.9,dividend,中证红利,4660.372,4700.256399999999,4680.388999999999,4601.933166666667,4394.13885
2021-01-05,4602.01,4621.52,4622.88,4561.45,49004975.73,dividend,中证红利,4651.401,4692.4044,4680.6835,4603.049083333333,4396.0672
2021-01-06,4631.65,4632.2,4646.67,4596.97,44283951.54,dividend,中证红利,4643.673000000001,4682.3636,4681.004166666667,4603.24275,4398.3812
2021-01-07,4639.79,4600.77,4641.68,4566.64,49005249.12,dividend,中证红利,4637.3375,4670.7432,4680.8135,4603.377666666666,4401.1848
2021-01-08,4598.97,4614.18,4632.0,4560.62,47258221.03,dividend,中证红利,4631.276,4661.0424,4681.155333333333,4604.337583333333,4404.12885
2021-01-11,4610.17,4562.99,4622.93,4553.57,55903974.28,dividend,中证红利,4624.0785000000005,4649.563999999999,4680.447833333334,4606.068666666667,4407.1083
2021-01-12,4551.14,4600.21,4600.79,4548.31,43947832.14,dividend,中证红利,4620.378,4641.5348,4680.912166666667,4607.9175,4410.474050000001
2021-01-13,4600.13,4593.39,4605.58,4567.2,54880240.09,dividend,中证红利,4616.8025,4633.8,4681.190333333333,4608.126833333333,4413.5328
2021-01-14,4575.95,4576.91,4600.7,4558.94,51894999.74,dividend,中证红利,4613.3595000000005,4627.7771999999995,4681.445833333333,4608.2789999999995,4417.0845
2021-01-15,4582.57,4603.72,4614.64,4571.72,62129176.75,dividend,中证红利,4608.9169999999995,4622.509599999999,4682.758666666666,4608.693416666666,4420.29265
2021-01-18,4602.6,4638.68,4644.21,4597.68,48109396.04,dividend,中证红利,4605.1865,4619.7792,4685.259333333333,4609.84925,4423.264749999999
2021-01-19,4633.34,4663.32,4693.33,4620.12,53314533.16,dividend,中证红利,4601.928,4619.3432,4688.055666666666,4612.611083333333,4426.558300000001
2021-01-20,4656.49,4656.54,4669.5,4633.86,42066062.92,dividend,中证红利,4603.7415,4619.0088,4691.013833333333,4615.413333333334,4429.671299999999
2021-01-21,4655.1,4676.95,4693.92,4643.44,41809792.75,dividend,中证红利,4606.451,4620.255999999999,4694.319999999999,4618.041916666667,4433.1459
2021-01-22,4669.12,4626.21,4669.12,4611.2,41564070.91,dividend,中证红利,4608.755999999999,4617.6016,4696.389166666666,4619.645166666666,4436.40125
2021-01-25,4611.34,4559.48,4611.34,4553.12,41257247.75,dividend,中证红利,4606.0869999999995,4611.4492,4698.484333333333,4620.71475,4439.443899999999
2021-01-26,4549.51,4530.27,4566.71,4520.25,33111772.37,dividend,中证红利,4603.4935,4603.5204,4699.372333333334,4621.226166666666,4442.069149999999
2021-01-27,4528.15,4533.91,4560.99,4525.76,37423697.15,dividend,中证红利,4603.007500000001,4600.066,4699.3895,4621.044,4444.8183
2021-01-28,4503.54,4469.68,4507.58,4461.47,35808522.11,dividend,中证红利,4598.3915,4593.942800000001,4697.915500000001,4620.220083333334,4446.8781500000005
2021-01-29,4483.41,4431.62,4490.79,4398.15,41262290.83,dividend,中证红利,4590.193,4588.0032,4694.495166666667,4619.101,4448.7648
2021-02-01,4425.19,4482.1,4484.57,4413.93,40105644.86,dividend,中证红利,4583.7325,4582.772800000001,4691.793333333333,4618.41775,4450.84805
2021-02-02,4485.96,4512.33,4513.85,4481.69,39315722.47,dividend,中证红利,4578.272999999999,4579.9804,4688.327666666667,4618.277416666666,4453.2943
2021-02-03,4510.37,4475.74,4511.66,4461.49,38024211.88,dividend,中证红利,4570.45,4577.2648,4684.504833333333,4617.342083333333,4455.61005
2021-02-04,4463.46,4431.3,4463.46,4391.59,39736651.0,dividend,中证红利,4561.976500000001,4572.0368,4679.588333333333,4616.4214999999995,4457.448
2021-02-05,4432.6,4447.25,4474.69,4429.54,58597546.72,dividend,中证红利,4553.63,4566.1032000000005,4674.495166666666,4615.873583333333,4459.4773000000005
2021-02-08,4454.17,4492.18,4501.09,4442.01,46083105.71,dividend,中证红利,4550.0895,4561.338000000001,4670.678333333333,4615.5585,4461.7932
2021-02-09,4493.91,4548.47,4551.76,4484.66,43431951.38,dividend,中证红利,4547.5025000000005,4558.416,4666.1556666666675,4615.430083333334,4464.3309500000005
2021-02-10,4559.39,4581.27,4588.41,4546.7,50688331.1,dividend,中证红利,4546.896500000001,4556.3788,4661.638999999999,4614.783666666667,4466.915749999999
2021-02-18,4648.85,4692.45,4698.36,4648.85,63373843.28,dividend,中证红利,4552.6735,4560.045999999999,4658.664833333333,4615.002166666667,4470.1795
2021-02-19,4685.92,4774.45,4776.32,4676.32,52263156.72,dividend,中证红利,4561.21,4566.456800000001,4657.398499999999,4616.274583333333,4473.76955
2021-02-22,4788.09,4826.08,4909.25,4788.09,75221880.02,dividend,中证红利,4570.58,4576.9804,4656.5775,4618.269833333334,4477.68065
2021-02-23,4815.18,4789.96,4828.94,4777.86,58124179.98,dividend,中证红利,4576.912,4584.5704,4654.0175,4619.999583333333,4481.533350000001
2021-02-24,4789.72,4737.76,4810.38,4709.73,51983894.04,dividend,中证红利,4580.973,4590.3452,4650.908166666666,4621.074666666666,4485.0072
2021-02-25,4777.53,4805.21,4833.66,4764.62,67539144.35,dividend,中证红利,4587.386,4599.477199999999,4650.0595,4622.741583333333,4488.9407
2021-02-26,4725.41,4705.63,4772.78,4698.26,60221439.86,dividend,中证红利,4591.357,4603.5536,4647.87,4624.21825,4492.1991
2021-03-01,4728.85,4801.2,4803.17,4728.85,46015619.13,dividend,中证红利,4603.443,4610.0544,4646.705666666667,4626.267083333334,4495.754499999999
2021-03-02,4826.55,4759.48,4830.36,4731.81,49545945.38,dividend,中证红利,4614.9035,4613.9008,4645.733333333334,4627.300416666667,4499.0809
2021-03-03,4759.37,4870.28,4872.04,4759.37,61742913.38,dividend,中证红利,4631.722,4622.4504,4645.517666666667,4629.46175,4502.9299
2021-03-04,4843.05,4832.92,4877.54,4816.35,60480794.5,dividend,中证红利,4649.884,4628.6892,4644.545,4631.238333333333,4506.43045
2021-03-05,4785.83,4802.39,4820.08,4758.6,55131829.17,dividend,中证红利,4668.4225,4635.7364,4643.639833333333,4632.793416666666,4509.7677
2021-03-08,4829.81,4760.41,4860.46,4758.05,55338912.33,dividend,中证红利,4682.338000000001,4643.7735999999995,4642.1475,4634.057666666667,4512.9622
2021-03-09,4754.93,4721.34,4798.35,4647.05,58233716.27,dividend,中证红利,4692.788500000001,4651.416399999999,4640.820833333333,4635.10625,4515.93935
2021-03-10,4742.49,4696.05,4753.7,4691.19,41716775.14,dividend,中证红利,4703.804,4657.902,4639.309,4636.382083333334,4519.00775
2021-03-11,4700.51,4803.3,4806.33,4697.07,47378535.96,dividend,中证红利,4722.404,4671.2468,4640.572666666666,4638.331666666666,4522.685750000001
2021-03-12,4813.33,4843.12,4852.66,4788.21,54377656.63,dividend,中证红利,4742.1975,4687.7068,4642.367833333334,4641.19025,4526.57845
2021-03-15,4833.67,4854.55,4884.25,4813.78,53968788.85,dividend,中证红利,4760.316000000001,4702.6048,4644.8279999999995,4644.492333333333,4530.4035
2021-03-16,4851.25,4886.43,4887.4,4816.67,43652677.91,dividend,中证红利,4777.214,4717.5688,4648.364833333334,4647.9054166666665,4534.5503
2021-03-17,4873.85,4863.28,4873.85,4826.9,37600687.05,dividend,中证红利,4791.3144999999995,4733.0704000000005,4651.671166666667,4650.96425,4538.6923
2021-03-18,4860.48,4880.97,4903.95,4859.31,35243144.06,dividend,中证红利,4800.7405,4751.0572,4655.591166666666,4653.998250000001,4543.271049999999
2021-03-19,4836.37,4832.37,4873.83,4807.82,47453184.19,dividend,中证红利,4803.6365000000005,4766.462,4657.921166666666,4656.640416666667,4547.50595
2021-03-22,4834.61,4898.57,4900.64,4834.61,40556516.16,dividend,中证红利,4807.261,4782.7176,4661.009166666667,4659.689333333333,4551.91705
2021-03-23,4896.68,4828.34,4899.14,4807.46,38138395.32,dividend,中证红利,4809.179999999999,4793.9124,4662.673333333334,4661.5734999999995,4555.89
2021-03-24,4805.4,4753.19,4820.91,4741.19,37710916.27,dividend,中证红利,4809.9515,4800.7892,4664.888666666667,4663.065333333334,4559.52595
2021-03-25,4745.11,4735.62,4769.22,4723.74,33175516.27,dividend,中证红利,4806.472,4802.516,4666.769666666666,4664.960000000001,4563.19315
2021-03-26,4746.86,4794.54,4797.83,4744.74,37733981.39,dividend,中证红利,4810.9175000000005,4803.3196,4670.3435,4667.291749999999,4566.7549
2021-03-29,4817.02,4848.2,4855.1,4795.05,48513108.75,dividend,中证红利,4813.2675,4804.2044,4674.265833333334,4670.781916666668,4570.5382500000005
2021-03-30,4833.42,4841.74,4842.12,4796.19,39316075.97,dividend,中证红利,4817.3805,4806.2756,4678.5925,4674.433166666667,4574.2884
2021-03-31,4836.78,4827.2,4836.78,4796.79,44517590.28,dividend,中证红利,4815.2265,4809.8532000000005,4683.318666666667,4677.995083333332,4577.902
2021-04-01,4823.34,4865.11,4871.18,4812.14,33352605.65,dividend,中证红利,4816.836,4812.2492,4688.3705,4681.724083333333,4581.7831
2021-04-02,4864.82,4836.83,4866.49,4826.86,33936500.45,dividend,中证红利,4818.558,4817.4972,4692.391166666667,4685.39975,4585.5069
2021-04-06,4844.97,4857.9,4867.47,4844.53,26783387.93,dividend,中证红利,4823.4325,4819.7652,4696.501000000001,4688.445000000001,4589.258
2021-04-07,4855.71,4899.55,4900.68,4837.2,37226116.81,dividend,中证红利,4832.343,4825.3679999999995,4701.1348333333335,4690.909166666666,4593.35085
2021-04-08,4894.72,4888.85,4916.73,4870.41,33213485.47,dividend,中证红利,4841.982999999999,4826.1108,4705.412333333333,4693.20825,4597.5793
2021-04-09,4885.81,4893.54,4903.33,4865.15,30486720.28,dividend,中证红利,4846.495,4828.5356,4710.291833333333,4695.5526666666665,4601.86855
2021-04-12,4892.38,4871.15,4913.12,4859.5,38716370.11,dividend,中证红利,4847.8965,4831.286,4714.574666666666,4697.865000000001,4606.21435
2021-04-13,4859.82,4828.81,4861.47,4821.66,31691243.98,dividend,中证红利,4846.6095,4834.022,4719.005,4699.726416666666,4610.0076
2021-04-14,4816.77,4864.07,4873.51,4814.15,29615425.97,dividend,中证红利,4845.4915,4839.7312,4723.402666666666,4702.157416666667,4613.944100000001
2021-04-15,4860.01,4869.29,4871.63,4839.71,28267248.55,dividend,中证红利,4845.7919999999995,4846.660800000001,4728.001,4704.595666666667,4617.749599999999
2021-04-16,4875.16,4928.35,4929.41,4865.73,28387155.12,dividend,中证红利,4848.161,4851.6628,4733.858333333334,4707.652083333333,4621.8162
2021-04-19,4918.5,4958.26,4963.29,4908.77,35874855.32,dividend,中证红利,4854.4555,4856.2684,4739.767333333334,4711.263000000001,4626.1876999999995
2021-04-20,4949.9,4955.39,4983.72,4939.64,32163193.29,dividend,中证红利,4857.2964999999995,4860.302,4745.045833333334,4715.1525833333335,4630.5476
2021-04-21,4938.9,4950.17,4962.73,4915.99,31132768.27,dividend,中证红利,4863.388000000001,4862.8516,4749.826666666667,4718.9411666666665,4634.8869
2021-04-22,4964.86,4971.05,4999.97,4958.67,33756086.54,dividend,中证红利,4874.281,4867.1624,4755.068499999999,4723.041166666667,4639.43815
2021-04-23,4960.95,4956.21,4965.7,4926.28,31481062.33,dividend,中证红利,4885.3105000000005,4870.172,4759.722833333333,4727.0214166666665,4643.7715
2021-04-26,4964.85,4921.29,4982.91,4919.31,34596147.55,dividend,中证红利,4891.647999999999,4873.7288,4764.640833333334,4730.515,4647.5632000000005
2021-04-27,4918.96,4922.71,4928.7,4878.09,27933589.65,dividend,中证红利,4895.3735,4874.694399999999,4770.694666666666,4734.5895,4650.89185
2021-04-28,4912.17,4952.55,4953.03,4892.43,30463675.92,dividend,中证红利,4900.914,4879.6628,4777.732666666667,4738.552500000001,4654.15985
2021-04-29,4956.93,4981.26,4985.79,4937.03,36954127.56,dividend,中证红利,4908.617,4888.7856,4785.188500000001,4742.289000000001,4656.43605
2021-04-30,4962.4,4956.5,4969.01,4932.35,46337099.96,dividend,中证红利,4913.1865,4897.620800000001,4793.302166666666,4745.608833333334,4658.69965
2021-05-06,4976.57,5029.41,5036.52,4976.57,40489073.74,dividend,中证红利,4922.8155,4907.0156,4803.265333333333,4748.88025,4661.065299999999
2021-05-07,5042.53,5037.87,5078.32,5005.48,45168425.39,dividend,中证红利,4931.814,4914.602400000001,4812.528166666667,4752.160749999999,4663.2916
2021-05-10,5054.18,5080.9,5082.35,5034.08,42881980.75,dividend,中证红利,4940.8815,4924.1688,4822.004333333333,4755.165999999999,4666.25805
2021-05-11,5042.12,5033.75,5042.12,4950.26,37032084.72,dividend,中证红利,4948.1265,4932.4308,4831.3045,4757.904666666666,4668.3820000000005
2021-05-12,5030.58,5080.38,5081.63,5029.85,34041939.86,dividend,中证红利,4957.4685,4941.0416000000005,4842.1225,4760.855416666667,4670.861000000001
2021-05-13,5045.16,5016.72,5071.54,5005.49,31491084.32,dividend,中证红利,4964.747,4948.2372000000005,4851.613666666667,4763.054416666666,4673.44965
2021-05-14,5034.68,5051.42,5068.16,5023.7,38532992.53,dividend,中证红利,4975.8775000000005,4955.978,4860.934333333334,4765.806333333333,4676.930450000001
2021-05-17,5048.9,5043.01,5069.13,5023.86,37486996.42,dividend,中证红利,4984.824500000001,4961.7164,4869.176666666666,4767.666166666667,4680.25375
2021-05-18,5040.24,5070.85,5070.94,5033.06,28405235.31,dividend,中证红利,4994.9025,4968.9964,4877.336333333335,4769.487666666667,4682.76665
2021-05-19,5056.01,5068.85,5077.06,5045.73,33623107.07,dividend,中证红利,5001.9275,4976.0088,4883.609666666667,4771.13725,4685.31765
2021-05-20,5015.77,4994.91,5017.95,4979.24,37026242.39,dividend,中证红利,5003.76,4980.9592,4887.284,4772.3412499999995,4687.52225
2021-05-21,5000.76,5009.73,5029.87,4982.1,30335886.73,dividend,中证红利,5006.477000000001,4988.196,4890.344833333334,4773.461166666666,4690.071
2021-05-24,5016.52,5042.46,5051.65,5010.73,32602670.04,dividend,中证红利,5011.0914999999995,4995.3316,4894.553166666667,4774.285333333334,4693.6238
2021-05-25,5051.72,5105.87,5109.87,5033.77,48136862.79,dividend,中证红利,5017.8325,5004.7948,4900.6883333333335,4775.798250000001,4697.5518
2021-05-26,5115.76,5136.14,5147.41,5102.19,44678985.62,dividend,中证红利,5026.829,5013.1064,4906.203833333333,4778.131666666666,4701.4249
2021-05-27,5121.51,5152.81,5157.64,5108.02,38939325.14,dividend,中证红利,5038.405000000001,5020.8884,4913.6568333333325,4780.763416666667,4705.019850000001
2021-05-28,5157.49,5160.21,5194.6,5144.82,40775932.49,dividend,中证红利,5050.280000000001,5029.0812,4919.640333333333,4783.173,4708.66525
2021-05-31,5180.38,5204.73,5205.54,5131.38,43019097.65,dividend,中证红利,5062.889,5039.2636,4927.061166666666,4786.397249999999,4712.3444
2021-06-01,5199.23,5236.08,5238.27,5152.23,42896807.49,dividend,中证红利,5075.63,5049.864799999999,4933.157833333334,4789.337750000001,4715.74595
2021-06-02,5240.31,5209.3,5240.31,5180.75,43739496.52,dividend,中证红利,5088.27,5059.9884,4939.430833333333,4791.987916666666,4718.9497
2021-06-03,5202.43,5205.28,5250.25,5193.88,42881558.48,dividend,中证红利,5097.0635,5071.348,4946.145666666667,4794.89275,4722.14655
2021-06-04,5171.55,5179.99,5205.7,5145.92,38335988.41,dividend,中证红利,5104.1695,5081.6392000000005,4953.138666666667,4797.6430833333325,4725.22605
2021-06-07,5178.26,5170.73,5189.01,5147.84,36992787.63,dividend,中证红利,5108.661,5090.3664,4960.628500000001,4800.724666666666,4728.43385
2021-06-08,5177.29,5142.36,5186.31,5131.89,37240608.2,dividend,中证红利,5114.0914999999995,5096.810399999999,4968.066999999999,4803.688,4731.20575
2021-06-09,5145.48,5157.38,5176.34,5134.24,38495185.96,dividend,中证红利,5117.9415,5104.8456,4973.968333333333,4807.2705000000005,4734.2838
2021-06-10,5154.89,5169.69,5198.62,5142.12,39110374.86,dividend,中证红利,5125.59,5110.4568,4979.411166666667,4810.8895,4737.56725
2021-06-11,5174.72,5147.63,5184.24,5145.05,45845629.11,dividend,中证红利,5130.400500000001,5114.8472,4984.295833333334,4814.5619166666675,4740.65545
2021-06-15,5167.94,5105.45,5172.1,5089.1,43621844.29,dividend,中证红利,5133.5225,5115.8292,4987.946166666667,4818.155499999999,4743.3633
2021-06-16,5100.5,5038.75,5107.7,5032.48,35911949.9,dividend,中证红利,5131.9175000000005,5116.0292,4990.870666666667,4821.270916666666,4745.26285
2021-06-17,5032.3,5029.82,5061.39,5014.84,35445138.13,dividend,中证红利,5129.965999999999,5114.0068,4993.351500000001,4824.471333333334,4747.0808
2021-06-18,5031.31,5009.93,5031.58,4983.06,37085096.87,dividend,中证红利,5130.717,5113.735199999999,4996.310833333334,4827.115999999999,4749.02165
2021-06-21,5006.28,5036.61,5041.42,4987.86,37919466.63,dividend,中证红利,5132.061,5113.1428,4998.6115,4829.810333333333,4751.271449999999
2021-06-22,5045.8,5096.2,5101.44,5040.72,38027928.32,dividend,中证红利,5134.7480000000005,5115.270399999999,5003.075833333333,4832.874583333334,4753.8405
2021-06-23,5116.73,5168.74,5180.18,5095.82,37712283.49,dividend,中证红利,5137.8915,5119.186,5010.001666666666,4837.445166666667,4756.640450000001
2021-06-24,5178.46,5163.13,5188.2,5133.82,34175550.24,dividend,中证红利,5139.241,5122.957200000001,5017.126833333333,4841.94825,4759.4302
2021-06-25,5163.24,5185.63,5199.63,5145.46,36531565.91,dividend,中证红利,5140.882,5130.585999999999,5023.645,4846.994250000001,4762.7162
2021-06-28,5154.75,5143.83,5167.03,5131.78,35719865.75,dividend,中证红利,5140.063,5135.95,5028.572166666667,4851.419,4765.65865
2021-06-29,5142.35,5136.99,5162.52,5113.56,37573698.03,dividend,中证红利,5136.6759999999995,5139.7312,5033.493,4856.04275,4768.1662
2021-06-30,5137.58,5153.4,5163.9,5124.91,36716916.47,dividend,中证红利,5132.5419999999995,5141.6323999999995,5038.929666666666,4861.1241666666665,4770.8786
2021-07-01,5151.28,5129.82,5185.74,5123.25,37786326.68,dividend,中证红利,5128.567999999999,5141.3796,5043.3414999999995,4865.856000000001,4773.42905
2021-07-02,5112.19,5095.13,5118.02,5087.44,37947457.81,dividend,中证红利,5123.0605,5139.0724,5047.6465,4870.0188333333335,4775.8258
2021-07-05,5105.86,5102.94,5121.33,5077.0,34491786.1,dividend,中证红利,5119.2080000000005,5136.781599999999,5051.730500000001,4874.11575,4778.2970000000005
2021-07-06,5102.5,5093.26,5111.27,5044.62,35550370.48,dividend,中证红利,5115.334499999999,5132.3228,5054.959,4878.046916666667,4780.78575
2021-07-07,5068.06,5097.02,5100.22,5049.46,30159771.98,dividend,中证红利,5113.0675,5126.7604,5058.4285,4881.920416666667,4783.5561
2021-07-08,5087.56,4999.4,5087.72,4995.76,38808249.4,dividend,中证红利,5105.1685,5118.3644,5060.1928333333335,4885.242333333334,4785.70635
2021-07-09,4984.72,5041.8,5043.19,4969.9,36471720.65,dividend,中证红利,5098.773999999999,5111.8252,5063.037,4888.805833333333,4788.4149
2021-07-12,5066.69,5077.15,5104.02,5058.08,44922976.63,dividend,中证红利,5095.25,5107.7116,5067.176,4893.0905,4791.509150000001
2021-07-13,5079.17,5110.62,5113.84,5059.4,40321222.55,dividend,中证红利,5095.5085,5105.307199999999,5071.285166666667,4897.343916666667,4794.67795
2021-07-14,5106.52,5076.15,5113.8,5075.32,42407641.23,dividend,中证红利,5097.3785,5102.6588,5074.7328333333335,4901.366916666667,4797.5776000000005
2021-07-15,5065.4,5102.58,5104.95,5030.02,38965873.63,dividend,中证红利,5101.0165,5100.4668,5077.636666666667,4905.7474999999995,4800.50605
2021-07-16,5089.88,5107.88,5135.29,5080.67,36292684.15,dividend,中证红利,5105.914,5097.9944,5080.130333333333,4909.948833333333,4803.4689
2021-07-19,5118.17,5096.59,5126.29,5083.28,36729316.63,dividend,中证红利,5108.913,5095.9528,5082.483666666667,4913.764749999999,4806.28835
2021-07-20,5059.14,5079.32,5081.11,5034.89,31269369.83,dividend,中证红利,5108.069,5094.9076000000005,5084.636166666666,4917.2314166666665,4808.67375
2021-07-21,5099.73,5078.76,5119.34,5065.75,35697655.44,dividend,中证红利,5103.57,5096.508,5086.431333333333,4920.749916666667,4811.1966999999995
2021-07-22,5092.98,5134.35,5138.1,5080.65,39591512.64,dividend,中证红利,5102.130999999999,5100.6892,5089.400333333334,4924.561583333333,4814.32715
2021-07-23,5126.7,5054.1,5135.74,5046.1,41197543.71,dividend,中证红利,5095.5545,5102.456,5091.613833333334,4928.127333333334,4817.024
2021-07-26,5059.0,4951.13,5060.84,4914.1,46155513.6,dividend,中证红利,5085.9195,5099.0368,5092.0875,4931.391083333333,4819.632750000001
2021-07-27,4949.23,4803.44,4982.89,4803.44,48837643.31,dividend,中证红利,5069.242,5087.3264,5089.602333333332,4933.6675000000005,4821.632
2021-07-28,4778.35,4750.03,4802.45,4696.04,45459647.65,dividend,中证红利,5049.0735,5070.5779999999995,5085.7485,4935.4685,4823.3833
2021-07-29,4796.36,4799.05,4813.73,4766.32,37725453.24,dividend,中证红利,5032.535000000001,5056.0148,5083.124333333332,4938.21325,4825.290400000001
2021-07-30,4817.9,4858.43,4862.15,4787.22,39717714.01,dividend,中证红利,5020.7,5042.9268,5080.274666666666,4941.7699999999995,4827.6038
2021-08-02,4835.43,4870.71,4878.57,4779.31,50211024.07,dividend,中证红利,5009.0885,5032.002,5077.488666666667,4945.008416666667,4829.495
2021-08-03,4847.73,4812.43,4870.14,4806.09,41206234.57,dividend,中证红利,4995.0470000000005,5019.0196000000005,5073.014166666666,4947.50925,4830.537899999999
2021-08-04,4823.78,4886.7,4889.81,4819.14,34880781.98,dividend,中证红利,4984.531,5008.3516,5070.5633333333335,4950.933916666667,4831.9066
2021-08-05,4880.88,4856.89,4914.44,4838.55,37883229.48,dividend,中证红利,4977.4055,4997.4344,5066.8385,4954.480500000001,4833.13
2021-08-06,4859.11,4882.56,4883.8,4831.71,31045044.72,dividend,中证红利,4969.443499999999,4988.9316,5064.6025,4958.1080833333335,4834.57445
2021-08-09,4875.65,4950.71,4953.27,4862.35,45141312.48,dividend,中证红利,4963.1215,4982.8424,5062.924,4961.929166666667,4836.3008
2021-08-10,4940.29,4959.39,4959.39,4928.05,38293257.2,dividend,中证红利,4955.5599999999995,4977.4876,5061.530333333333,4965.353499999999,4838.236
2021-08-11,4973.74,5036.93,5040.31,4973.74,53615321.69,dividend,中证红利,4953.599,4975.084,5060.964999999999,4969.150666666666,4840.53715
2021-08-12,5032.09,5101.58,5108.9,5016.48,39372698.86,dividend,中证红利,4953.549000000001,4979.1712,5061.5105,4972.560083333333,4843.23715
2021-08-13,5097.7,5108.1,5130.13,5088.75,35999885.01,dividend,中证红利,4953.5599999999995,4981.8232,5063.397,4975.340500000001,4846.1529
2021-08-16,5118.74,5108.37,5144.41,5091.98,40864999.67,dividend,中证红利,4954.148999999999,4983.072,5065.040999999999,4977.692916666667,4849.25155
2021-08-17,5101.59,5011.67,5128.33,5001.19,46742471.56,dividend,中证红利,4950.766500000001,4979.1140000000005,5064.5278333333345,4979.5405,4851.832200000001
2021-08-18,5018.22,5043.67,5051.21,5008.21,44717917.14,dividend,中证红利,4949.012000000001,4977.8148,5063.491166666668,4982.08975,4854.6553
2021-08-19,5021.0,5014.93,5033.68,4975.56,40478037.74,dividend,中证红利,4943.041,4974.3088,5061.4710000000005,4983.837416666666,4857.33705
2021-08-20,5012.17,5022.09,5032.9,4959.18,40655792.25,dividend,中证红利,4941.4405,4970.8772,5059.292333333334,4986.474583333334,4859.937199999999
2021-08-23,5047.88,5080.22,5088.48,5047.88,35143883.85,dividend,中证红利,4947.8949999999995,4970.2224,5057.9591666666665,4988.79975,4863.16945
2021-08-24,5099.32,5122.62,5141.55,5088.37,36548780.69,dividend,中证红利,4963.854,4971.9544,5056.590666666667,4991.825916666667,4866.3976
2021-08-25,5130.63,5184.79,5186.71,5110.4,34182395.69,dividend,中证红利,4985.592,4976.195600000001,5055.735833333334,4994.446833333333,4869.65715
2021-08-26,5191.98,5205.18,5237.38,5186.66,41090808.31,dividend,中证红利,5005.898500000001,4979.0288,5055.667166666667,4997.549,4872.89245
2021-08-27,5189.3,5240.64,5242.1,5177.72,40432363.56,dividend,中证红利,5025.009,4986.4904,5056.2564999999995,5001.201083333333,4875.9114500000005
2021-08-30,5241.39,5271.52,5277.19,5230.82,52050904.59,dividend,中证红利,5045.049499999999,4999.3060000000005,5057.782,5005.460333333333,4879.048000000001
2021-08-31,5261.26,5385.98,5385.98,5256.42,53771718.37,dividend,中证红利,5073.727000000001,5022.6076,5061.3695,5010.999,4882.37655
2021-09-01,5408.2,5361.02,5436.92,5303.2,72410025.19,dividend,中证红利,5097.443,5047.0472,5065.013833333333,5016.540416666667,4885.6561
2021-09-02,5350.55,5448.12,5452.69,5347.14,57042036.2,dividend,中证红利,5127.004500000001,5073.01,5069.8595000000005,5021.913916666667,4889.26525
2021-09-03,5428.33,5431.93,5497.35,5399.95,55612312.98,dividend,中证红利,5154.473,5095.950000000001,5074.230166666666,5026.820666666667,4892.6607
2021-09-06,5457.39,5482.7,5497.41,5415.26,54011697.28,dividend,中证红利,5181.0725,5120.4296,5079.814666666667,5032.05525,4896.46825
2021-09-07,5499.45,5592.55,5597.93,5483.77,58387400.23,dividend,中证红利,5212.7305,5151.6344,5087.933,5037.939583333334,4900.33185
2021-09-08,5583.22,5639.62,5666.66,5576.29,57764805.73,dividend,中证红利,5242.865,5181.7512,5097.947499999999,5044.409083333334,4904.268599999999
2021-09-09,5650.13,5746.51,5749.37,5620.77,66068272.02,dividend,中证红利,5275.1115,5217.335999999999,5109.892333333333,5051.621916666666,4908.64665
2021-09-10,5733.27,5668.78,5770.06,5667.5,72352194.27,dividend,中证红利,5303.1455000000005,5248.784799999999,5120.873166666667,5058.592,4912.7384
2021-09-13,5675.13,5772.51,5786.18,5670.77,59875734.96,dividend,中证红利,5336.3525,5281.6568,5133.1381666666675,5065.874833333333,4917.22425
2021-09-14,5764.64,5670.94,5775.27,5658.48,65574609.75,dividend,中证红利,5369.316,5310.1188,5142.717166666667,5072.896500000001,4920.86115
2021-09-15,5659.8,5687.31,5728.73,5645.73,49459782.41,dividend,中证红利,5401.498,5336.134,5151.360000000001,5080.680833333333,4924.6761
2021-09-16,5730.55,5601.54,5765.65,5601.54,56218694.93,dividend,中证红利,5430.8285000000005,5356.1323999999995,5158.666833333334,5087.896833333333,4928.40315
2021-09-17,5577.75,5496.14,5640.85,5400.9,48589422.46,dividend,中证红利,5454.531000000001,5371.654,5163.842000000001,5093.7435000000005,4931.69885
2021-09-22,5439.02,5574.29,5574.46,5434.91,53252269.09,dividend,中证红利,5479.2345000000005,5390.2908,5171.016333333333,5099.79425,4935.215
2021-09-23,5650.0,5581.68,5685.05,5564.61,53282526.29,dividend,中证红利,5502.1875,5413.0912,5178.427833333333,5105.960416666667,4939.0343
2021-09-24,5576.64,5404.99,5576.64,5401.79,49065085.7,dividend,中证红利,5513.1975,5427.544,5182.621,5110.775333333334,4941.64315
2021-09-27,5418.36,5251.93,5428.69,5212.17,50360486.28,dividend,中证红利,5515.535,5437.024,5184.656166666667,5113.998833333334,4943.4464
2021-09-28,5256.07,5335.04,5347.06,5244.51,50216291.05,dividend,中证红利,5520.254999999999,5449.5419999999995,5188.654666666667,5118.150583333333,4945.8381
2021-09-29,5301.31,5166.0,5326.68,5166.0,50703694.26,dividend,中证红利,5514.979,5452.973199999999,5189.705666666667,5120.718083333332,4947.41835
2021-09-30,5180.29,5245.35,5249.72,5174.28,40634123.58,dividend,中证红利,5507.9475,5457.8823999999995,5192.2405,5123.599749999999,4949.6404
2021-10-08,5316.72,5244.44,5326.69,5207.68,44777150.32,dividend,中证红利,5502.1185000000005,5460.2684,5194.697499999999,5126.563,4951.9288
2021-10-11,5250.39,5275.22,5301.42,5216.84,44518337.2,dividend,中证红利,5493.4735,5463.07,5199.294500000001,5129.743666666666,4954.6675
2021-10-12,5271.02,5187.63,5297.75,5124.78,45424607.12,dividend,中证红利,5481.2585,5460.9496,5201.725,5132.380999999999,4956.9286
2021-10-13,5192.47,5151.13,5193.03,5082.74,36241807.68,dividend,中证红利,5464.68,5456.134,5202.9580000000005,5135.067,4959.14955
2021-10-14,5138.25,5130.9,5162.54,5091.64,29031021.17,dividend,中证红利,5441.597500000001,5445.930800000001,5203.296,5137.290583333333,4961.43295
2021-10-15,5127.11,5143.64,5161.17,5088.16,36426215.46,dividend,中证红利,5416.7985,5437.235600000001,5204.420833333334,5139.5768333333335,4963.82665
2021-10-18,5144.29,5220.44,5221.89,5130.14,36936724.66,dividend,中证红利,5390.495,5428.1284,5206.385166666666,5142.010916666666,4966.7
2021-10-19,5209.85,5257.33,5268.11,5186.77,34358379.7,dividend,中证红利,5369.9225,5421.144399999999,5208.876000000001,5144.503166666666,4969.5238
2021-10-20,5178.17,5205.66,5222.97,5170.73,34549451.29,dividend,中证红利,5341.58,5410.062800000001,5210.693833333334,5146.588749999999,4971.98565
2021-10-21,5190.89,5243.45,5291.39,5188.78,40447501.97,dividend,中证红利,5320.2055,5396.0988,5213.4293333333335,5149.03275,4974.560450000001
2021-10-22,5234.53,5149.86,5267.11,5146.12,42026659.94,dividend,中证红利,5293.3330000000005,5376.5084,5214.614333333333,5150.522833333333,4977.2084
2021-10-25,5144.49,5155.31,5164.59,5102.9,36421539.89,dividend,中证红利,5271.0215,5352.8604000000005,5214.9636666666665,5152.182,4979.87115
2021-10-26,5163.87,5132.2,5174.41,5115.26,33038024.87,dividend,中证红利,5252.8245,5331.397199999999,5216.265333333333,5153.939583333334,4982.631600000001
2021-10-27,5110.08,5054.62,5110.08,5034.64,35968475.99,dividend,中证红利,5226.841,5302.6816,5217.990166666667,5155.038833333334,4984.8404
2021-10-28,5023.81,4940.01,5023.81,4925.17,38154639.1,dividend,中证红利,5194.7575,5273.444399999999,5220.266333333334,5154.934333333334,4986.62975
2021-10-29,4945.42,4964.67,4965.99,4915.61,37782051.42,dividend,中证红利,5172.7415,5244.5388,5223.843666666667,5154.796083333333,4988.73495
2021-11-01,4945.2,4990.25,5004.45,4930.59,41886616.64,dividend,中证红利,5159.657499999999,5220.0872,5227.030333333333,5155.077333333333,4990.8762
2021-11-02,4988.16,4888.58,4996.75,4835.27,48538771.68,dividend,中证红利,5137.3345,5195.7848,5227.532833333334,5153.90375,4992.34115
2021-11-03,4892.44,4952.71,4954.41,4886.01,30614168.05,dividend,中证红利,5126.67,5170.9216,5228.8994999999995,5153.194083333334,4994.04815
2021-11-04,4953.86,4954.04,4956.68,4922.37,29942435.33,dividend,中证红利,5112.1044999999995,5145.816000000001,5231.259666666667,5152.136916666667,4995.71075
2021-11-05,4946.63,4881.95,4954.08,4881.92,32733326.93,dividend,中证红利,5093.98,5124.8944,5231.1805,5150.871916666667,4996.9595
2021-11-08,4890.6,4912.02,4928.74,4872.43,29928484.62,dividend,中证红利,5075.82,5111.298000000001,5232.099333333333,5149.468916666667,4998.5157500000005
2021-11-09,4926.03,4937.52,4941.82,4906.48,26911052.44,dividend,中证红利,5063.3145,5095.397199999999,5233.015333333333,5148.808916666667,5000.13245
2021-11-10,4932.3,4932.43,4934.88,4849.23,36109125.99,dividend,中证红利,5052.3795,5086.0544,5232.710666666667,5147.817333333333,5001.979649999999
2021-11-11,4930.76,5005.17,5007.89,4925.45,47482656.84,dividend,中证红利,5046.093000000001,5076.4472000000005,5233.473666666667,5147.5019999999995,5004.00445
2021-11-12,4990.54,4970.96,4993.87,4951.41,35053228.84,dividend,中证红利,5037.459,5065.508000000001,5232.3741666666665,5146.669583333333,5005.8922999999995
2021-11-15,4963.6,4979.0,4982.28,4940.99,29481778.51,dividend,中证红利,5025.387000000001,5053.6592,5230.331166666667,5145.920833333334,5007.90275
2021-11-16,4982.04,4951.63,5001.93,4947.08,28565247.9,dividend,中证红利,5010.102000000001,5044.2192,5227.723333333333,5145.560166666666,5009.6422999999995
2021-11-17,4961.93,4992.96,4994.59,4958.22,25049592.48,dividend,中证红利,4999.467,5037.8924,5225.799833333334,5145.420416666667,5011.4137
2021-11-18,5002.22,4989.29,5018.26,4986.5,27091273.36,dividend,中证红利,4986.759,5032.228,5225.426833333333,5144.977333333332,5013.043549999999
2021-11-19,4985.67,5059.43,5063.45,4969.21,35745168.15,dividend,中证红利,4982.2375,5028.8596,5225.6894999999995,5144.590333333333,5015.058000000001
2021-11-22,5068.38,5067.43,5083.16,5050.17,34276301.17,dividend,中证红利,4977.843500000001,5022.7392,5226.5644999999995,5144.01775,5017.0104
2021-11-23,5072.58,5095.6,5119.79,5060.57,34286583.08,dividend,中证红利,4976.0135,5016.27,5227.789666666667,5143.541,5019.35735
2021-11-24,5108.2,5120.14,5127.07,5086.26,32960469.76,dividend,中证红利,4979.2895,5012.8492,5228.455,5143.207083333334,5022.16065
2021-11-25,5132.89,5097.97,5132.89,5082.16,27673891.86,dividend,中证红利,4987.1875,5007.03,5228.0441666666675,5142.317416666668,5024.999150000001
2021-11-26,5079.65,5061.1,5100.86,5058.11,27804275.23,dividend,中证红利,4992.009,5003.4796,5225.982666666666,5140.8592499999995,5027.6351
2021-11-29,5000.97,5029.29,5029.84,4983.8,32617546.81,dividend,中证红利,4993.961,4998.4388,5223.051166666667,5139.359166666667,5030.43315
2021-11-30,5040.89,5044.12,5071.46,5023.8,29427955.1,dividend,中证红利,5001.738,4994.9156,5219.775833333334,5138.016166666667,5033.49565
2021-12-01,5049.39,5103.48,5103.48,5036.34,32980902.38,dividend,中证红利,5009.2765,4996.87,5216.975166666667,5137.378583333334,5036.60255
2021-12-02,5097.7,5114.32,5124.85,5079.47,41100007.91,dividend,中证红利,5017.2905,5003.8423999999995,5212.4475,5136.9085000000005,5039.6125
2021-12-03,5118.21,5150.05,5159.26,5072.17,37982287.27,dividend,中证红利,5030.6955,5011.2576,5208.931333333333,5136.972583333333,5042.98405
2021-12-06,5147.7,5092.92,5176.04,5091.8,44994715.82,dividend,中证红利,5039.7405,5015.3644,5203.011333333333,5136.435416666666,5046.292149999999
2021-12-07,5137.99,5119.6,5151.27,5060.94,52715064.56,dividend,中证红利,5048.8445,5024.6052,5197.805833333334,5136.018,5049.6539
2021-12-08,5128.82,5124.21,5128.96,5087.55,41019190.21,dividend,中证红利,5058.433500000001,5031.465200000001,5191.831,5135.822833333334,5052.81405
2021-12-09,5121.86,5130.75,5144.32,5109.34,49718163.18,dividend,中证红利,5064.7125,5038.5336,5184.134333333333,5136.033666666667,5055.72545
2021-12-10,5115.93,5118.56,5128.34,5090.16,50753803.18,dividend,中证红利,5072.092500000001,5047.998,5175.45,5136.6987500000005,5058.4119
2021-12-13,5141.23,5117.09,5153.0,5112.77,51453328.92,dividend,中证红利,5078.997,5056.2008000000005,5164.959666666667,5137.426,5060.5351
2021-12-14,5101.79,5064.59,5102.19,5060.87,41381537.66,dividend,中证红利,5084.6449999999995,5061.283600000001,5154.889833333334,5137.8815,5061.9858
2021-12-15,5063.82,5087.39,5107.7,5052.45,36241245.41,dividend,中证红利,5089.3665,5067.482,5143.471166666666,5138.304666666667,5063.29235
2021-12-16,5104.83,5162.86,5163.47,5103.94,46158581.99,dividend,中证红利,5098.045,5073.7896,5135.003166666666,5138.860166666666,5065.15685
2021-12-17,5162.06,5129.74,5177.98,5127.76,39406459.67,dividend,中证红利,5101.5605000000005,5080.140799999999,5125.710333333333,5138.535166666667,5067.11675
2021-12-20,5123.61,5084.14,5152.44,5079.03,37993456.66,dividend,中证红利,5102.396,5084.3464,5117.0869999999995,5137.876916666666,5068.5114
2021-12-21,5078.06,5186.48,5190.45,5077.93,45543652.49,dividend,中证红利,5106.9400000000005,5093.740400000001,5111.926,5137.884,5070.91565
2021-12-22,5191.79,5166.85,5191.79,5150.29,35846134.73,dividend,中证红利,5109.275500000001,5100.696,5105.135333333334,5138.075833333333,5072.7439
2021-12-23,5162.44,5186.92,5197.02,5148.37,35927991.16,dividend,中证红利,5113.723,5108.6012,5098.556,5138.491916666667,5074.8811
2021-12-24,5189.22,5156.06,5189.66,5140.71,33299898.53,dividend,中证红利,5118.471,5112.4664,5094.407166666668,5138.5140833333335,5076.31
2021-12-27,5159.55,5186.57,5204.62,5159.55,33533873.64,dividend,中证红利,5126.335000000001,5117.232,5093.3178333333335,5138.986999999999,5078.0782500000005
2021-12-28,5187.89,5160.62,5188.32,5139.8,34823997.6,dividend,中证红利,5132.16,5119.8328,5090.410833333333,5139.53275,5079.8694
2021-12-29,5157.25,5145.03,5162.08,5139.04,28081524.86,dividend,中证红利,5134.2375,5120.8284,5090.061333333333,5139.8835,5081.7925
2021-12-30,5144.4,5158.35,5166.58,5143.23,28949059.01,dividend,中证红利,5136.439,5123.2436,5088.611333333333,5140.425916666666,5083.97755
2021-12-31,5160.57,5209.9,5217.71,5156.27,30115162.44,dividend,中证红利,5139.431500000001,5129.1956,5088.035666666667,5141.366583333333,5086.5468
2022-01-04,5235.93,5272.76,5284.06,5230.4,43692615.38,dividend,中证红利,5148.4235,5138.9344,5087.9946666666665,5143.644583333333,5088.8941
2022-01-05,5257.41,5258.01,5272.99,5223.61,53610032.61,dividend,中证红利,5155.344,5147.49,5089.167666666666,5145.446333333334,5090.96855
2022-01-06,5242.07,5281.62,5284.44,5237.66,44104249.99,dividend,中证红利,5163.2145,5154.6156,5091.3425,5147.150250000001,5093.1039
2022-01-07,5277.52,5296.28,5347.47,5277.52,58717789.44,dividend,中证红利,5171.491,5161.894,5094.0988333333335,5148.697416666667,5095.15315
2022-01-10,5293.79,5347.83,5348.77,5289.32,48843552.48,dividend,中证红利,5182.9545,5169.8052,5097.5019999999995,5150.961416666667,5097.5759
2022-01-11,5340.99,5371.9,5400.61,5338.62,50903626.94,dividend,中证红利,5195.695,5180.9644,5100.026333333333,5153.20575,5100.0305499999995
2022-01-12,5365.88,5347.72,5366.4,5306.78,42846877.65,dividend,中证红利,5209.8515,5190.089199999999,5101.532833333333,5155.2044166666665,5102.607300000001
2022-01-13,5346.23,5331.5,5386.64,5329.95,46053230.47,dividend,中证红利,5222.057,5198.3808,5103.630166666667,5157.162,5104.77195
2022-01-14,5309.79,5235.98,5310.23,5233.33,47664453.27,dividend,中证红利,5225.713000000001,5202.59,5103.505666666666,5158.4675,5106.81015
2022-01-17,5238.61,5251.16,5267.41,5234.06,32025511.01,dividend,中证红利,5231.784,5207.894,5105.194,5159.904166666666,5109.3
2022-01-18,5257.67,5303.18,5321.22,5237.53,47230843.58,dividend,中证红利,5242.736,5215.3376,5107.6585000000005,5161.311083333333,5112.1377999999995
2022-01-19,5305.48,5338.34,5363.21,5301.04,48790852.76,dividend,中证红利,5250.329,5226.2876,5111.094166666667,5163.67975,5114.8568
2022-01-20,5340.91,5318.14,5375.85,5300.39,56943312.61,dividend,中证红利,5257.8935,5235.5176,5115.486166666667,5166.738166666667,5117.206499999999
2022-01-21,5314.41,5276.73,5322.0,5262.99,43104389.31,dividend,中证红利,5262.384,5240.0724,5121.098166666667,5170.68225,5119.38145
2022-01-24,5258.08,5252.39,5286.11,5209.68,39027135.4,dividend,中证红利,5267.200500000001,5244.978400000001,5125.8935,5174.868583333334,5121.5073999999995
2022-01-25,5224.28,5070.73,5229.03,5070.32,40015107.74,dividend,中证红利,5261.4085,5244.441999999999,5127.234833333334,5177.132583333334,5122.5355
2022-01-26,5078.86,5102.66,5121.6,5053.52,31827258.06,dividend,中证红利,5258.510499999999,5241.089199999999,5130.802833333333,5179.167833333332,5123.8646499999995
2022-01-27,5104.79,5033.89,5114.19,5033.88,35511339.11,dividend,中证红利,5252.9535000000005,5235.7708,5132.155833333334,5180.527666666666,5124.7446
2022-01-28,5056.41,5009.74,5065.53,4973.58,41445158.85,dividend,中证红利,5245.522999999999,5228.6836,5133.0841666666665,5182.171916666667,5125.29555
2022-02-07,5050.98,5140.6,5147.71,5050.98,50140661.98,dividend,中证红利,5242.058,5228.0652,5137.3949999999995,5184.28775,5126.5543
2022-02-08,5154.02,5254.53,5254.53,5149.99,58985848.26,dividend,中证红利,5241.146500000001,5230.7836,5143.1035,5187.601416666666,5128.3592499999995
2022-02-09,5252.39,5278.93,5302.74,5237.56,50166463.57,dividend,中证红利,5242.192499999999,5235.5160000000005,5148.7936666666665,5190.904500000001,5130.39815
2022-02-10,5264.91,5336.19,5336.75,5239.94,45050654.33,dividend,中证红利,5244.921,5243.1624,5155.523,5194.116833333333,5132.93505
2022-02-11,5332.59,5325.3,5382.19,5321.11,55370993.61,dividend,中证红利,5246.372,5249.8404,5160.8585,5197.1660833333335,5135.2412
2022-02-14,5310.18,5242.91,5317.19,5227.59,47871017.64,dividend,中证红利,5241.126,5251.1608,5165.3910000000005,5198.882583333334,5137.1093
2022-02-15,5241.27,5221.09,5247.9,5187.36,37565948.78,dividend,中证红利,5233.5855,5249.094,5169.425833333333,5199.878500000001,5138.573
2022-02-16,5232.27,5268.18,5271.05,5228.17,31231829.86,dividend,中证红利,5229.6085,5249.500800000001,5174.701666666666,5201.2125,5140.1226
2022-02-17,5263.57,5244.61,5264.96,5229.81,31653354.44,dividend,中证红利,5225.264,5248.020399999999,5178.895833333333,5202.347833333333,5141.5687
2022-02-18,5228.9,5345.16,5345.9,5220.69,40788585.07,dividend,中证红利,5230.723,5249.9756,5184.827,5205.126916666666,5143.54365
2022-02-21,5347.63,5379.54,5386.77,5316.83,36181597.69,dividend,中证红利,5237.142000000001,5251.244000000001,5190.162166666666,5207.925833333333,5145.5860999999995
2022-02-22,5347.01,5334.18,5364.06,5297.49,35682256.72,dividend,中证红利,5238.692,5249.7352,5194.608000000001,5210.586250000001,5147.47595
2022-02-23,5332.9,5319.45,5345.29,5289.58,37466448.19,dividend,中证红利,5237.7474999999995,5248.604399999999,5198.338833333332,5213.064249999999,5149.46675
2022-02-24,5302.87,5216.49,5318.47,5171.35,51055923.7,dividend,中证红利,5232.665,5244.004,5199.944666666666,5214.199833333333,5150.93565
2022-02-25,5230.8,5215.19,5280.43,5187.4,45807237.68,dividend,中证红利,5229.588000000001,5243.1723999999995,5201.898333333333,5214.9712500000005,5152.24885
2022-02-28,5214.23,5219.15,5220.98,5155.9,37109086.33,dividend,中证红利,5227.9259999999995,5241.892,5204.5325,5215.257583333333,5153.4383
2022-03-01,5230.29,5263.58,5268.73,5206.75,35189584.76,dividend,中证红利,5237.568499999999,5240.308000000001,5208.437333333333,5215.744250000001,5154.9737
2022-03-02,5260.57,5298.65,5303.6,5253.29,34441578.03,dividend,中证红利,5247.3679999999995,5238.7204,5212.679499999999,5216.227666666668,5156.3198999999995
2022-03-03,5311.65,5355.01,5364.46,5311.4,49329869.27,dividend,中证红利,5263.424,5240.195199999999,5216.871666666667,5216.9234166666665,5157.9056
2022-03-04,5336.95,5329.22,5365.87,5282.3,42241721.28,dividend,中证红利,5279.398,5242.2948,5220.453333333334,5216.4504166666675,5159.147199999999
2022-03-07,5344.16,5271.52,5356.66,5253.3,48647603.72,dividend,中证红利,5285.9439999999995,5243.06,5222.477833333333,5215.704583333334,5160.33605
2022-03-08,5253.75,5090.09,5255.83,5088.21,49412143.67,dividend,中证红利,5277.722,5243.834400000001,5222.430666666667,5212.7210000000005,5160.3846
2022-03-09,5107.36,5024.81,5142.71,4866.54,59872460.71,dividend,中证红利,5265.0160000000005,5240.7204,5220.850833333333,5209.328333333333,5160.42505
2022-03-10,5078.1,5087.35,5132.59,5024.89,38193255.0,dividend,中证红利,5252.5740000000005,5242.8588,5220.2365,5206.0337500000005,5160.6047
2022-03-11,5048.54,5120.31,5126.25,4969.53,42953515.0,dividend,中证红利,5242.324500000001,5247.2816,5220.0625,5202.098416666666,5160.9912
2022-03-14,5078.25,5009.31,5150.35,5009.31,39853343.0,dividend,中证红利,5230.6445,5242.03,5218.241666666667,5196.845833333334,5160.6835
2022-03-15,4974.12,4699.87,4974.75,4699.87,66667306.0,dividend,中证红利,5204.5835,5219.8436,5211.2880000000005,5188.123833333334,5158.8386
2022-03-16,4759.56,4811.54,4829.12,4606.2,57372584.0,dividend,中证红利,5181.7515,5201.148,5207.0705,5180.980166666666,5157.9217499999995
2022-03-17,4876.72,4896.58,4958.55,4862.74,52324540.0,dividend,中证红利,5164.35,5183.5635999999995,5203.890333333334,5173.68075,5157.356
2022-03-18,4887.52,5025.5,5034.28,4875.52,51579025.0,dividend,中证红利,5148.367,5171.5716,5201.601,5168.302083333333,5157.2712
2022-03-21,5028.17,5046.46,5066.44,4994.53,40362920.0,dividend,中证红利,5131.713,5163.7136,5200.213,5162.961666666667,5156.97415
2022-03-22,5035.21,5131.93,5153.99,5027.26,49477590.0,dividend,中证红利,5121.6005000000005,5160.147199999999,5201.0095,5159.048250000001,5156.9531
2022-03-23,5123.46,5145.75,5162.22,5086.08,49922113.0,dividend,中证红利,5112.915500000001,5155.25,5200.330666666666,5156.128333333333,5156.917799999999
2022-03-24,5123.49,5128.44,5153.79,5108.47,37965077.0,dividend,中证红利,5108.513,5150.6032000000005,5199.6905,5152.412916666667,5156.75895
2022-03-25,5119.4,5124.29,5189.4,5111.83,39992918.0,dividend,中证红利,5103.968,5141.7684,5198.646666666667,5148.601333333334,5156.35675
2022-03-28,5105.06,5187.17,5206.45,5072.95,49465088.0,dividend,中证红利,5102.369000000001,5134.0736,5199.165166666667,5146.786166666667,5156.1122
2022-03-29,5178.68,5177.71,5197.4,5148.22,41046411.0,dividend,中证红利,5098.075500000001,5127.8148,5199.017500000001,5146.167666666666,5155.95425
2022-03-30,5175.72,5244.39,5244.58,5171.97,53602563.0,dividend,中证红利,5095.362500000001,5124.8124,5200.413666666666,5145.41225,5156.1498
2022-03-31,5242.16,5303.28,5348.48,5240.25,62778988.0,dividend,中证红利,5092.776,5128.284000000001,5203.051166666667,5146.55625,5156.76625
2022-04-01,5270.69,5357.43,5363.49,5262.08,59892091.0,dividend,中证红利,5094.1865,5133.9736,5206.369166666667,5147.49025,5157.699750000001
2022-04-06,5365.12,5447.77,5453.75,5339.59,77522836.0,dividend,中证红利,5102.999000000001,5143.118399999999,5210.333666666667,5149.184666666667,5159.2268
2022-04-07,5408.27,5342.52,5442.12,5342.34,61509451.0,dividend,中证红利,5115.6205,5146.276000000001,5211.496333333333,5149.745500000001,5160.1525
2022-04-08,5349.56,5399.54,5400.78,5285.15,58589878.0,dividend,中证红利,5134.357,5150.3116,5213.855166666666,5151.511416666666,5161.30175
2022-04-11,5371.4,5280.01,5376.72,5262.61,58456660.0,dividend,中证红利,5143.99,5147.3116,5213.828333333334,5152.585416666667,5161.96365
2022-04-12,5269.96,5264.82,5301.32,5203.93,54578256.0,dividend,中证红利,5151.2155,5144.7356,5213.304,5153.701416666667,5162.7605
2022-04-13,5245.97,5254.47,5323.93,5205.37,49205531.0,dividend,中证红利,5163.4735,5144.0536,5211.7480000000005,5154.625,5163.8391
2022-04-14,5274.72,5379.79,5399.21,5259.6,47592144.0,dividend,中证红利,5197.4695,5155.6416,5211.879499999999,5155.952916666667,5165.588949999999
2022-04-15,5368.98,5347.9,5439.66,5325.44,57487671.0,dividend,中证红利,5224.2875,5168.5652,5211.882500000001,5156.707666666666,5167.2788
2022-04-18,5297.79,5276.56,5341.27,5263.42,51820600.0,dividend,中证红利,5243.2865,5176.1336,5210.966833333334,5157.298500000001,5168.478550000001
2022-04-19,5278.19,5338.53,5346.56,5238.93,45365062.0,dividend,中证红利,5258.938,5184.8624,5212.676,5158.090833333334,5169.6902
2022-04-20,5321.47,5182.91,5331.94,5166.53,49186072.0,dividend,中证红利,5265.7605,5191.8064,5211.5385,5158.36625,5169.76105
2022-04-21,5176.65,5062.85,5207.72,5047.3,49464054.0,dividend,中证红利,5262.3065,5206.3256,5207.532999999999,5157.595750000001,5169.25965
2022-04-22,5039.01,5128.4,5154.26,5014.33,48214871.0,dividend,中证红利,5261.439,5219.0,5204.034,5157.564083333333,5168.9735
2022-04-25,5058.0,4859.16,5058.0,4858.67,61272034.0,dividend,中证红利,5247.975,5217.5032,5196.384333333333,5155.9352499999995,5167.55015
2022-04-26,4857.61,4766.71,4899.5,4753.84,53213739.0,dividend,中证红利,5230.096,5207.1516,5187.884,5154.491083333332,5165.69875
2022-04-27,4720.67,4820.59,4820.85,4675.22,59101939.0,dividend,中证红利,5211.767,5198.1168,5180.687333333334,5153.290416666668,5164.0347
2022-04-28,4806.53,4883.17,4905.8,4796.06,56543788.0,dividend,中证红利,5197.04,5188.1664,5177.561333333333,5152.3980833333335,5162.80145
2022-04-29,4910.52,5019.23,5020.63,4881.08,66446414.0,dividend,中证红利,5185.782,5183.1056,5176.170833333334,5153.4868333333325,5162.42195
2022-05-05,5022.95,5052.01,5067.23,4999.95,60283567.0,dividend,中证红利,5173.2185,5180.0484,5176.472833333333,5154.314333333333,5162.1673
2022-05-06,4952.87,4921.83,4995.35,4905.37,42740288.0,dividend,中证红利,5151.4385,5171.95,5175.007666666667,5154.045916666667,5161.310149999999
2022-05-09,4897.78,4934.04,4942.87,4879.19,34809203.0,dividend,中证红利,5125.7519999999995,5161.8248,5171.5650000000005,5154.48,5160.49525
2022-05-10,4856.32,4930.67,4931.0,4816.32,48600857.0,dividend,中证红利,5105.1595,5151.9432,5166.167333333333,5154.635416666667,5160.1516
2022-05-11,4923.47,4923.27,4978.75,4916.63,50511420.0,dividend,中证红利,5081.346,5139.0984,5160.239666666666,5154.516666666666,5159.558950000001
2022-05-12,4909.25,4911.54,4951.67,4869.06,36583040.0,dividend,中证红利,5062.922500000001,5123.4288,5153.162166666666,5154.342583333334,5158.7309
2022-05-13,4920.36,5028.31,5028.31,4920.36,43638991.0,dividend,中证红利,5051.097,5110.263999999999,5148.212333333333,5154.535416666667,5158.31935
2022-05-16,5081.03,5078.78,5093.73,5033.13,47109107.0,dividend,中证红利,5042.3125,5095.5044,5145.476833333333,5155.433916666667,5158.3325
2022-05-17,5065.82,5040.82,5071.2,4994.27,43515497.0,dividend,中证红利,5025.364,5083.4364000000005,5142.472333333334,5155.949083333334,5158.0237
2022-05-18,5027.81,5006.19,5041.66,4987.92,36885675.0,dividend,中证红利,5008.278499999999,5067.7024,5138.105833333334,5156.40375,5157.51525
2022-05-19,4935.53,5024.25,5024.28,4926.66,40534658.0,dividend,中证红利,4995.663,5057.472,5134.433166666667,5156.6645,5157.15355
2022-05-20,5021.58,5070.66,5072.33,5020.28,48836107.0,dividend,中证红利,4982.2695,5049.7056,5129.858166666667,5157.342583333333,5157.11025
2022-05-23,5081.78,5084.99,5092.41,5057.14,43254206.0,dividend,中证红利,4977.3735,5042.9264,5124.949,5157.555583333334,5157.1414
2022-05-24,5080.78,4951.53,5085.41,4951.53,46263531.0,dividend,中证红利,4971.807500000001,5025.795999999999,5118.5715,5156.58975,5156.2273
2022-05-25,4943.89,5031.29,5031.29,4932.82,35530383.0,dividend,中证红利,4966.951999999999,5013.131600000001,5113.7688333333335,5156.053833333333,5156.11325
2022-05-26,5027.36,5081.99,5091.45,4994.95,40170151.0,dividend,中证红利,4978.093500000001,5005.3488,5111.527166666667,5155.7359166666665,5156.7675500000005
2022-05-27,5081.28,5074.43,5093.38,5039.08,36977505.0,dividend,中证红利,4993.4794999999995,4994.7848,5109.181166666667,5155.53975,5158.1225
2022-05-30,5076.98,5072.06,5079.71,5033.95,39487320.0,dividend,中证红利,5006.053,4990.3508,5106.729666666667,5155.631083333333,5159.73265
2022-05-31,5062.8,5070.53,5077.54,5040.72,41495329.0,dividend,中证红利,5015.421,4990.657999999999,5103.512166666666,5155.974749999999,5161.09005
2022-06-01,5057.38,5093.22,5095.08,5044.17,36236707.0,dividend,中证红利,5019.120499999999,4989.2508,5100.088333333334,5156.383916666667,5162.264
2022-06-02,5074.29,5054.23,5074.29,5029.89,36225862.0,dividend,中证红利,5019.2315,4997.0536,5095.075333333333,5155.973499999999,5163.1816
2022-06-06,5053.77,5073.12,5074.79,5019.37,51978801.0,dividend,中证红利,5026.796,5009.31,5090.807,5155.630166666667,5164.48505
2022-06-07,5063.31,5087.42,5100.51,5044.58,43670107.0,dividend,中证红利,5034.465,5019.9832,5087.738666666667,5155.10825,5165.48865
2022-06-08,5090.89,5125.17,5127.22,5029.14,45600680.0,dividend,中证红利,5044.1900000000005,5029.6632,5088.323333333334,5155.3769999999995,5166.8300500000005
2022-06-09,5115.32,5100.76,5153.58,5072.51,48985628.0,dividend,中证红利,5053.0645,5032.9244,5089.589166666667,5155.22,5167.92105
2022-06-10,5054.27,5134.13,5142.9,5045.58,54240011.0,dividend,中证红利,5064.1939999999995,5036.2092,5090.368833333333,5155.302666666667,5168.83815
2022-06-13,5099.86,5071.64,5122.32,5032.19,48232605.0,dividend,中证红利,5066.3605,5042.2016,5089.557666666667,5154.810083333333,5169.3994
2022-06-14,5032.92,5143.29,5144.44,5013.11,46753530.0,dividend,中证红利,5069.586,5050.571599999999,5091.790666666667,5155.016166666666,5169.9312
2022-06-15,5134.32,5137.36,5214.95,5119.7,65390707.0,dividend,中证红利,5074.4130000000005,5058.839199999999,5099.082166666666,5155.185083333333,5170.1101
2022-06-16,5127.0,5058.37,5160.44,5045.06,46810175.0,dividend,中证红利,5077.022,5064.2432,5103.196,5155.13325,5169.86145
2022-06-17,5032.24,5056.85,5065.07,4999.93,38452571.0,dividend,中证红利,5078.652,5070.0556,5105.867166666666,5154.87875,5169.60385
2022-06-20,5036.91,5035.07,5051.1,5005.71,46828348.0,dividend,中证红利,5076.8724999999995,5070.326,5106.026666666667,5153.813833333334,5169.720850000001
2022-06-21,5028.34,5037.47,5064.18,4998.66,45522208.0,dividend,中证红利,5074.496499999999,5068.6736,5105.876833333334,5153.044916666667,5169.68985
2022-06-22,5044.36,4970.58,5044.36,4966.98,37094920.0,dividend,中证红利,5075.449,5065.864,5103.187666666667,5152.098583333333,5169.4681
2022-06-23,4973.68,5039.95,5039.95,4958.16,38844039.0,dividend,中证红利,5075.882,5067.2144,5101.424333333333,5150.8775000000005,5169.557400000001
2022-06-24,5038.68,5033.96,5052.56,5012.72,40856704.0,dividend,中证红利,5073.4805,5067.6028,5099.849666666667,5149.770083333334,5169.3261
2022-06-27,5042.12,5079.56,5090.04,5039.26,44806218.0,dividend,中证红利,5073.737,5067.9588,5099.104166666667,5148.875416666667,5169.1107999999995
2022-06-28,5081.57,5125.14,5125.78,5074.28,41242169.0,dividend,中证红利,5076.3910000000005,5069.5648,5098.070333333333,5148.61775,5168.81255
2022-06-29,5107.46,5091.24,5145.91,5090.33,51483782.0,dividend,中证红利,5077.4265000000005,5075.1532,5096.629166666667,5147.823333333334,5168.24285
2022-06-30,5089.92,5106.47,5123.91,5083.61,44771198.0,dividend,中证红利,5078.089,5078.1604,5094.3305,5147.372083333334,5167.572
2022-07-01,5109.65,5125.94,5136.35,5072.76,38501812.0,dividend,中证红利,5081.674499999999,5079.9184000000005,5091.374833333333,5147.213,5166.844099999999
2022-07-04,5127.98,5143.81,5143.81,5110.56,40246213.0,dividend,中证红利,5085.209,5082.6936,5087.8144999999995,5147.091833333334,5165.63325
2022-07-05,5150.86,5151.22,5173.82,5108.4,42257171.0,dividend,中证红利,5088.398999999999,5085.86,5082.872,5146.602833333333,5164.58425
2022-07-06,5125.65,5050.61,5125.65,5021.16,42874217.0,dividend,中证红利,5084.671,5085.0632000000005,5078.006833333334,5144.751583333333,5162.5967
2022-07-07,5049.27,5081.07,5094.93,5032.82,33450183.0,dividend,中证红利,5083.6865,5084.5772,5072.699,5143.277083333333,5160.8423999999995
2022-07-08,5092.54,5070.86,5099.21,5064.41,32577428.0,dividend,中证红利,5080.523,5085.2424,5069.213166666666,5141.52075,5158.7832
2022-07-11,5048.71,4997.9,5048.71,4979.36,40571811.0,dividend,中证红利,5076.836,5082.2336000000005,5064.764500000001,5139.03425,5155.80995
2022-07-12,4994.69,4997.94,5032.98,4982.5,41479163.0,dividend,中证红利,5069.568499999999,5078.654399999999,5060.489,5136.1185,5152.60155
2022-07-13,4989.78,5004.27,5020.11,4971.71,43956003.0,dividend,中证红利,5062.914,5073.8184,5054.230333333334,5133.054916666666,5148.890350000001
2022-07-14,4977.7,4937.89,4982.59,4926.01,49253121.0,dividend,中证红利,5056.89,5067.3036,5047.396833333333,5129.639666666667,5145.235900000001
2022-07-15,4908.42,4813.94,4920.48,4813.94,51266315.0,dividend,中证红利,5044.7445,5054.496,5039.6865,5125.326666666666,5140.44305
2022-07-18,4829.26,4932.11,4932.11,4829.26,38259724.0,dividend,中证红利,5039.596500000001,5048.9148,5032.912833333334,5122.794416666667,5136.7489000000005
2022-07-19,4940.27,4951.39,4958.59,4918.23,32716175.0,dividend,中证红利,5035.2925000000005,5041.2388,5029.054166666667,5120.296333333333,5133.0693
2022-07-20,4957.94,4968.22,4972.06,4945.83,28718935.0,dividend,中证红利,5035.1745,5034.4732,5027.477,5117.505000000001,5129.9027
2022-07-21,4961.58,4896.21,4961.58,4896.21,35700355.0,dividend,中证红利,5027.9875,5027.9868,5023.607166666667,5113.820583333333,5126.903050000001
2022-07-22,4893.84,4874.3,4906.08,4841.61,29835756.0,dividend,中证红利,5020.0045,5020.6848,5023.8595000000005,5110.121916666666,5123.4030999999995
2022-07-25,4881.66,4869.84,4901.43,4860.59,26448196.0,dividend,中证红利,5009.5185,5014.0756,5025.578333333334,5106.7311666666665,5119.8439
2022-07-26,4870.93,4938.79,4949.05,4857.56,31305887.0,dividend,中证红利,5000.201,5010.1284,5027.548333333333,5104.117833333333,5117.5129
2022-07-27,4934.19,4943.23,4954.64,4907.56,27644284.0,dividend,中证红利,4992.800499999999,5009.0344000000005,5028.5493333333325,5103.055333333334,5115.9694
2022-07-28,4954.96,4962.89,4968.72,4939.6,30744414.0,dividend,中证红利,4985.6215,5005.951999999999,5027.610333333333,5101.890583333333,5114.10865
2022-07-29,4968.02,4921.72,4976.12,4918.29,32881207.0,dividend,中证红利,4975.4105,5001.4624,5025.438833333334,5100.955833333334,5112.88725
2022-08-01,4918.25,4937.89,4946.6,4889.95,30166557.0,dividend,中证红利,4965.1145,4995.7956,5025.706499999999,5100.357083333334,5111.34995
2022-08-02,4897.2,4798.78,4897.2,4756.35,39326022.0,dividend,中证红利,4947.4925,4982.7412,5023.452166666667,5097.508583333332,5109.12165
2022-08-03,4800.09,4736.11,4853.56,4734.77,32530410.0,dividend,中证红利,4931.7675,4968.536,5020.2095,5093.188416666667,5106.4261
2022-08-04,4753.19,4762.28,4764.1,4705.06,27909113.0,dividend,中证红利,4915.8279999999995,4954.7684,5017.526333333333,5088.883,5104.29935
2022-08-05,4768.31,4797.14,4800.7,4733.8,24779906.0,dividend,中证红利,4902.142,4941.6164,5015.619666666667,5084.390916666667,5102.5294
2022-08-08,4794.27,4873.23,4876.87,4785.94,27418669.0,dividend,中证红利,4895.9085,4930.7932,5013.035000000001,5080.623666666666,5101.24105
2022-08-09,4874.41,4883.65,4890.44,4854.06,23908216.0,dividend,中证红利,4890.194,4920.0904,5009.782833333333,5077.629833333333,5099.9411
2022-08-10,4883.18,4862.62,4884.67,4846.44,21091412.0,dividend,中证红利,4883.1115,4912.5707999999995,5006.812833333333,5074.642583333333,5098.152
2022-08-11,4885.55,4923.72,4926.01,4876.67,27581853.0,dividend,中证红利,4882.403,4906.2768,5005.4383333333335,5071.772083333332,5096.48395
2022-08-12,4924.57,4957.35,4965.18,4922.46,28087577.0,dividend,中证红利,4889.5735,4901.7364,5004.323333333333,5069.37825,5095.2424
2022-08-15,4956.65,4969.85,4989.16,4943.61,27594592.0,dividend,中证红利,4891.460499999999,4900.6144,5002.643166666667,5066.250666666668,5093.8744
2022-08-16,4976.38,4996.1,5003.44,4969.07,28716059.0,dividend,中证红利,4893.696,4900.5408,5001.161666666667,5063.055333333334,5093.1056
2022-08-17,5001.94,5012.05,5019.62,4982.39,32146937.0,dividend,中证红利,4895.8875,4900.852,5002.170333333333,5060.370916666667,5092.3893
2022-08-18,5006.81,4969.34,5010.18,4958.84,24968148.0,dividend,中证红利,4899.544,4902.11,5001.137833333333,5057.453333333334,5091.575
2022-08-19,4972.31,5007.0,5032.42,4970.71,31197005.0,dividend,中证红利,4906.179,4909.8324,4999.888000000001,5055.707583333334,5091.3369
2022-08-22,5007.42,5050.92,5054.6,4997.51,30010755.0,dividend,中证红利,4915.233,4914.5848,4999.496166666666,5054.338666666666,5091.891449999999
2022-08-23,5043.01,5075.63,5087.51,5021.11,27714925.0,dividend,中证红利,4922.075,4919.5544,4999.555666666666,5053.142666666667,5092.44625
2022-08-24,5076.16,4984.46,5081.68,4979.43,31780430.0,dividend,中证红利,4924.1365,4920.204000000001,4998.121166666667,5050.816666666667,5092.4173
2022-08-25,5001.65,5073.62,5076.23,4997.73,32064976.0,dividend,中证红利,4929.673000000001,4927.3004,4997.7945,5048.941416666667,5093.3425
2022-08-26,5069.05,5051.22,5095.94,5037.62,27327130.0,dividend,中证红利,4936.147999999999,4934.3772,4997.744333333333,5046.409833333334,5093.83505
2022-08-29,5010.07,5090.85,5093.76,4985.35,31625443.0,dividend,中证红利,4943.796,4943.2176,4998.039833333333,5044.4234166666665,5094.5190999999995
2022-08-30,5088.6,5060.86,5103.46,5031.21,31234492.0,dividend,中证红利,4956.9,4948.1004,4997.597166666667,5042.667916666666,5095.4136499999995
2022-08-31,5056.75,5009.62,5062.5,4996.92,39747472.0,dividend,中证红利,4970.5755,4950.756,4995.671333333333,5041.997333333333,5095.90165
2022-09-01,5018.27,5043.03,5098.27,5000.5,32870992.0,dividend,中证红利,4984.612999999999,4953.9616000000005,4994.709166666667,5042.149166666667,5096.4292
2022-09-02,5039.5,5040.13,5058.76,5020.09,26722212.0,dividend,中证红利,4996.7625,4958.698,4993.142500000001,5041.755666666666,5096.9677
2022-09-05,5050.33,5115.83,5115.83,5037.23,30610997.0,dividend,中证红利,5008.8925,4965.815600000001,4993.879,5041.718333333333,5097.521
2022-09-06,5122.97,5201.74,5201.74,5113.54,36404162.0,dividend,中证红利,5024.7970000000005,4981.934,4994.853166666667,5043.321916666667,5098.6749
2022-09-07,5180.98,5187.12,5194.6,5156.33,28675259.0,dividend,中证红利,5041.022,4999.9744,4995.682499999999,5047.382333333333,5099.7155
2022-09-08,5180.07,5168.47,5188.62,5144.5,27530696.0,dividend,中证红利,5053.2595,5016.222,4997.5175,5050.356750000001,5100.7997000000005
2022-09-09,5168.83,5222.86,5230.58,5165.92,38667193.0,dividend,中证红利,5066.535,5033.2508,5000.284333333333,5053.07575,5101.9492
2022-09-13,5227.34,5187.63,5228.92,5174.15,34705736.0,dividend,中证红利,5077.424000000001,5045.8268,5002.827,5054.426833333333,5102.9409000000005
2022-09-14,5129.07,5144.59,5173.09,5123.76,28498904.0,dividend,中证红利,5084.8485,5056.2644,5004.6123333333335,5055.244583333333,5103.3667
2022-09-15,5173.77,5134.27,5206.62,5074.97,44736958.0,dividend,中证红利,5090.9595,5067.1304,5007.3405,5055.264083333333,5103.7009
2022-09-16,5115.92,4975.15,5134.99,4975.15,45260540.0,dividend,中证红利,5091.25,5069.1876,5006.2605,5053.842416666666,5103.098650000001
2022-09-19,4969.65,4975.77,4999.43,4931.62,34029857.0,dividend,中证红利,5089.6885,5069.9244,5005.290666666667,5052.570166666667,5102.3768
2022-09-20,5001.68,4980.39,5016.47,4968.15,30635856.0,dividend,中证红利,5086.162,5070.346,5003.637833333332,5051.371,5101.7889
2022-09-21,4970.83,5020.62,5036.09,4938.66,29711946.0,dividend,中证红利,5083.4115,5071.326800000001,5001.895833333333,5049.983083333334,5101.586499999999
2022-09-22,4995.63,5015.05,5027.78,4987.86,29318078.0,dividend,中证红利,5084.941000000001,5071.4468,5000.626,5048.627583333333,5101.5153
2022-09-23,5006.42,4962.21,5052.44,4950.49,33762938.0,dividend,中证红利,5079.370499999999,5071.1616,4998.221666666666,5046.276083333333,5101.10575
2022-09-26,4934.4,4872.49,4962.15,4865.73,35778941.0,dividend,中证红利,5070.434,5065.7812,4993.9974999999995,5042.686166666667,5099.9508
2022-09-27,4883.8,4930.36,4930.36,4826.73,29278271.0,dividend,中证红利,5062.4095,5060.958799999999,4990.4400000000005,5039.1272500000005,5099.031
2022-09-28,4925.86,4869.64,4927.71,4869.64,26985793.0,dividend,中证红利,5052.8485,5052.7192000000005,4985.746999999999,5034.3095,5097.628949999999
2022-09-29,4904.86,4846.59,4921.67,4823.3,29732476.0,dividend,中证红利,5044.697,5047.2044,4982.346666666666,5030.17675,5096.3973000000005
2022-09-30,4858.03,4869.99,4918.09,4844.33,29771075.0,dividend,中证红利,5036.045,5039.0592,4978.828666666666,5025.763833333333,5095.1492499999995
2022-10-10,4886.7,4856.02,4952.77,4847.25,39102682.0,dividend,中证红利,5026.8395,5031.2512,4975.2480000000005,5022.230583333334,5093.808300000001
2022-10-11,4857.27,4856.67,4864.79,4791.56,28624069.0,dividend,中证红利,5013.8815,5021.884,4972.894166666666,5018.829333333332,5092.4379
2022-10-12,4848.64,4924.67,4924.67,4788.61,29645093.0,dividend,中证红利,5000.028,5016.4364,4971.672999999999,5016.081,5091.46845
2022-10-13,4897.11,4878.3,4905.8,4831.0,31510142.0,dividend,中证红利,4984.587,5011.1836,4969.5735,5011.901916666667,5090.2744999999995
2022-10-14,4891.29,4934.51,4959.63,4891.29,35399464.0,dividend,中证红利,4972.889,5006.8428,4969.517166666667,5008.457,5089.6241
2022-10-17,4912.61,4935.9,4940.81,4859.26,30879158.0,dividend,中证红利,4958.540999999999,5002.6736,4971.5498333333335,5005.618166666666,5088.86665
2022-10-18,4942.32,4941.31,4967.67,4923.54,27659455.0,dividend,中证红利,4946.225,4995.692800000001,4971.703166666667,5002.308,5087.7589
2022-10-19,4929.04,4901.75,4956.49,4900.47,25001016.0,dividend,中证红利,4934.0830000000005,4983.6932,4970.8758333333335,4999.965,5086.61895
2022-10-20,4880.83,4855.5,4907.18,4844.54,28625266.0,dividend,中证红利,4920.1445,4970.428400000001,4968.997166666667,4998.2370833333325,5085.4757500000005
2022-10-21,4864.26,4878.47,4912.05,4860.49,30563830.0,dividend,中证红利,4915.3105000000005,4958.8284,4968.7015,4996.154333333334,5083.9357
2022-10-24,4876.21,4772.91,4901.11,4755.51,41669933.0,dividend,中证红利,4905.1675,4940.830400000001,4967.011666666667,4995.435583333334,5081.966
2022-10-25,4765.45,4753.56,4784.4,4709.38,31395529.0,dividend,中证红利,4893.825999999999,4923.4676,4965.073666666666,4995.326,5079.7991999999995
2022-10-26,4758.76,4741.76,4786.62,4725.6,40245854.0,dividend,中证红利,4879.883,4907.3544,4961.789833333333,4994.669083333332,5077.7277
2022-10-27,4740.1,4754.5,4787.81,4737.81,37276327.0,dividend,中证红利,4866.8555,4892.1636,4958.644333333334,4993.596833333333,5075.56735
2022-10-28,4737.42,4628.83,4738.21,4617.97,38948058.0,dividend,中证红利,4850.186500000001,4878.3108,4953.076666666667,4990.343500000001,5072.908399999999
2022-10-31,4595.02,4562.0,4614.56,4547.5,45917081.0,dividend,中证红利,4834.662,4861.76,4947.0813333333335,4986.260083333334,5069.9932499999995
2022-11-01,4573.36,4622.14,4622.23,4541.71,52564431.0,dividend,中证红利,4819.251,4847.43,4941.818833333334,4983.7626666666665,5067.312199999999
2022-11-02,4613.89,4679.53,4697.71,4604.32,41048913.0,dividend,中证红利,4809.7455,4833.7864,4939.8313333333335,4981.64175,5064.66035
2022-11-03,4647.04,4654.33,4670.55,4637.92,29186963.0,dividend,中证红利,4800.132500000001,4819.3576,4938.468333333334,4979.338916666667,5061.5682
2022-11-04,4656.71,4750.54,4768.46,4656.29,37690280.0,dividend,中证红利,4794.16,4810.8908,4938.272666666667,4977.8994999999995,5059.03085
2022-11-07,4742.26,4784.93,4803.5,4736.26,32184446.0,dividend,中证红利,4790.6055,4807.3884,4938.069166666666,4976.844416666666,5056.5473999999995
2022-11-08,4790.04,4790.02,4799.67,4770.6,27140025.0,dividend,中证红利,4787.272999999999,4801.7748,4936.682333333333,4974.858666666667,5054.016100000001
2022-11-09,4793.55,4795.23,4831.87,4793.55,30917681.0,dividend,中证红利,4780.801,4798.798400000001,4935.208666666667,4972.49575,5051.2531
2022-11-10,4773.6,4793.47,4811.08,4734.99,31894560.0,dividend,中证红利,4776.5595,4796.6736,4934.056166666667,4970.4345,5048.36095
2022-11-11,4866.08,4900.02,4938.97,4848.43,58490572.0,dividend,中证红利,4774.835,4797.8748000000005,4933.661166666667,4969.54975,5046.12245
2022-11-14,4948.49,4914.24,4985.44,4900.22,63448272.0,dividend,中证红利,4773.752,4800.2036,4932.942666666668,4968.633,5044.03615
2022-11-15,4907.48,4961.88,4962.65,4893.84,42857324.0,dividend,中证红利,4774.7805,4804.412,4932.809833333333,4967.726500000001,5042.66565
2022-11-16,4960.13,4943.74,4965.86,4934.69,34856912.0,dividend,中证红利,4776.879999999999,4805.174800000001,4931.9371666666675,4966.549416666666,5041.128549999999
2022-11-17,4933.25,4924.2,4936.57,4890.96,32877356.0,dividend,中证红利,4780.315,4807.0108,4930.473,4966.321666666668,5039.23365
2022-11-18,4920.31,4891.54,4935.25,4890.25,31826516.0,dividend,中证红利,4780.9685,4805.2919999999995,4929.176333333334,4965.1570833333335,5036.999650000001
2022-11-21,4866.43,4894.16,4894.86,4827.62,29448139.0,dividend,中证红利,4787.031000000001,4803.6224,4927.295666666667,4963.591833333334,5034.87975
2022-11-22,4899.67,4899.19,4937.48,4877.39,41477939.0,dividend,中证红利,4794.3125,4801.9376,4924.766833333333,4962.1314999999995,5032.99205
2022-11-23,4890.94,4910.77,4923.67,4880.28,42572784.0,dividend,中证红利,4802.763,4802.298400000001,4922.019166666667,4960.787416666667,5031.28395
2022-11-24,4931.69,4945.97,4952.3,4919.53,32640032.0,dividend,中证红利,4812.336499999999,4805.9172,4921.377666666666,4959.7494166666675,5030.66015
2022-11-25,4942.46,5007.61,5018.84,4935.2,57340017.0,dividend,中证红利,4831.2755,4811.0828,4920.2775,4959.036000000001,5030.1849
2022-11-28,4948.62,4986.38,4990.01,4919.81,44442951.0,dividend,中证红利,4852.4945,4819.6215999999995,4919.196833333333,4958.470583333334,5029.9473499999995
2022-11-29,5042.05,5129.63,5134.67,5037.05,70667181.0,dividend,中证红利,4877.869000000001,4834.6644,4919.843166666667,4958.941500000001,5030.5468
2022-11-30,5128.03,5120.05,5180.44,5099.62,66473835.0,dividend,中证红利,4899.8949999999995,4849.796,4920.829666666667,4959.2134166666665,5030.44405
2022-12-01,5149.94,5093.58,5165.75,5086.91,56100923.0,dividend,中证红利,4921.8575,4863.359200000001,4922.229,4958.9501666666665,5029.6393
2022-12-02,5083.94,5077.22,5086.96,5045.72,42231869.0,dividend,中证红利,4938.1915,4881.294800000001,4922.798833333333,4958.754,5028.63075
2022-12-05,5113.34,5151.15,5161.15,5113.34,57407025.0,dividend,中证红利,4956.5025,4904.8608,4924.649166666666,4958.895833333333,5027.70555
2022-12-06,5137.19,5125.57,5148.63,5103.9,44657844.0,dividend,中证红利,4973.280000000001,4924.9980000000005,4924.8115,4959.34525,5026.7069
2022-12-07,5120.2,5095.95,5123.92,5068.58,43815929.0,dividend,中证红利,4988.316,4941.6548,4923.048333333334,4958.95075,5025.9721
2022-12-08,5096.21,5106.72,5123.92,5078.31,39136603.0,dividend,中证红利,5003.978499999999,4959.750400000001,4921.708333333334,4958.695416666667,5025.40025
2022-12-09,5109.65,5151.55,5158.57,5092.83,54549106.0,dividend,中证红利,5016.555,4975.7908,4921.426333333334,4959.471916666666,5024.8171
2022-12-12,5156.26,5077.86,5165.5,5074.36,42825678.0,dividend,中证红利,5024.736,4987.508,4919.009666666667,4959.647,5023.98335
2022-12-13,5074.8,5101.6,5115.06,5074.29,30599359.0,dividend,中证红利,5031.722,4999.9712,4917.575833333333,4960.201416666667,5022.76555
2022-12-14,5099.29,5082.25,5103.76,5070.87,28527950.0,dividend,中证红利,5038.647500000001,5011.452,4916.536833333333,4960.574583333334,5021.2791
2022-12-15,5076.92,5030.61,5085.58,5025.68,27474607.0,dividend,中证红利,5043.967999999999,5020.9376,4914.809166666668,4961.074833333334,5019.76125
2022-12-16,5016.93,5083.34,5101.08,5016.66,34386328.0,dividend,中证红利,5053.558,5028.270399999999,4916.6123333333335,4961.436416666666,5018.5807
2022-12-19,5076.25,4978.93,5090.56,4959.72,31056454.0,dividend,中证红利,5057.7964999999995,5030.858,4916.664999999999,4960.977833333334,5017.3929
2022-12-20,4965.51,4928.73,4980.92,4913.39,26117655.0,dividend,中证红利,5059.273499999999,5029.532,4915.804000000001,4959.720916666667,5015.9606
2022-12-21,4934.6,4930.9,4969.42,4920.85,19013796.0,dividend,中证红利,5060.280000000001,5029.0184,4914.308666666666,4958.102249999999,5014.51935
2022-12-22,4962.35,4896.18,4974.52,4881.06,24039586.0,dividend,中证红利,5057.7905,5027.8976,4912.327499999999,4956.47675,5012.68235
2022-12-23,4882.97,4890.01,4923.2,4870.81,20497136.0,dividend,中证红利,5051.9105,5027.8364,4911.1241666666665,4954.672916666666,5010.63915
2022-12-26,4887.92,4877.97,4892.95,4870.59,23910426.0,dividend,中证红利,5046.49,5027.1888,4911.2155,4952.6065,5008.25395
2022-12-27,4895.13,4928.71,4935.32,4895.11,25973751.0,dividend,中证红利,5036.444,5028.3696,4911.187999999999,4950.814,5006.2514
2022-12-28,4919.05,4936.9,4948.35,4898.77,26254838.0,dividend,中证红利,5027.2865,5029.4148,4912.309,4949.028,5004.5783
2022-12-29,4926.17,4892.79,4926.21,4884.71,25610964.0,dividend,中证红利,5017.247,5027.2876,4913.079,4947.712833333334,5003.5918
2022-12-30,4909.34,4925.86,4934.61,4896.15,27845240.0,dividend,中证红利,5009.679,5024.017599999999,4914.010166666666,4946.419416666667,5003.09705
2023-01-03,4925.96,4957.78,4961.94,4914.43,33364964.0,dividend,中证红利,5000.010499999999,5022.8736,4915.706166666667,4945.477083333333,5002.4492
2023-01-04,4957.79,4996.91,5012.82,4945.99,39729525.0,dividend,中证红利,4993.5775,5017.5648,4918.0435,4945.468833333333,5001.8322
2023-01-05,5004.55,5010.51,5017.82,4992.16,31750755.0,dividend,中证红利,4989.3055,5013.1832,4919.474166666667,4945.573583333334,5001.8382
2023-01-06,5013.55,5000.11,5019.32,4988.97,29884266.0,dividend,中证红利,4983.975,5009.4444,4921.504333333333,4945.538916666667,5003.3394
2023-01-09,5012.42,4997.31,5016.66,4986.07,30636810.0,dividend,中证红利,4976.263,5006.248,4922.551,4946.034083333333,5004.26825
2023-01-10,4996.66,4969.0,4996.66,4966.15,28627368.0,dividend,中证红利,4970.82,4998.962,4923.102666666668,4947.32625,5004.63035
2023-01-11,4972.81,4995.85,5014.82,4968.05,29279050.0,dividend,中证红利,4965.532499999999,4993.7732,4924.011666666667,4947.857416666667,5004.4821
2023-01-12,4991.52,4976.54,4991.52,4958.38,25091792.0,dividend,中证红利,4960.246999999999,4988.9968,4925.2581666666665,4948.067,5004.1325
2023-01-13,4980.21,5019.25,5019.25,4977.08,26489981.0,dividend,中证红利,4959.679,4985.498,4927.9873333333335,4948.492249999999,5003.569100000001
2023-01-16,5029.82,5038.56,5062.02,5017.59,39985889.0,dividend,中证红利,4957.44,4980.9784,4930.655499999999,4949.6785,5003.03315
2023-01-17,5044.05,5030.96,5044.05,5016.8,25282362.0,dividend,中证红利,4960.0415,4979.102400000001,4934.9563333333335,4950.984,5002.54575
2023-01-18,5036.34,5036.72,5049.9,5030.03,24105096.0,dividend,中证红利,4965.441000000001,4976.5072,4939.675666666667,4952.374666666667,5002.1079
2023-01-19,5035.11,5057.06,5057.06,5015.12,23781433.0,dividend,中证红利,4971.749,4975.4996,4944.930666666667,4953.360250000001,5001.45735
2023-01-20,5063.07,5106.67,5106.67,5059.65,30469732.0,dividend,中证红利,4982.2735,4978.542,4950.800166666667,4954.72225,5001.102150000001
2023-01-30,5147.53,5088.46,5151.25,5085.48,40459309.0,dividend,中证红利,4992.196,4978.7468,4958.460666666666,4955.768666666668,5000.3225
2023-01-31,5078.65,5099.71,5105.5,5071.6,29629540.0,dividend,中证红利,5003.282999999999,4983.5779999999995,4967.4225,4957.251916666666,4999.30465
2023-02-01,5106.8,5115.41,5117.22,5076.95,33322693.0,dividend,中证红利,5012.618,4991.0452000000005,4975.643666666668,4958.73125,4998.09455
2023-02-02,5122.54,5123.74,5134.12,5094.16,32937134.0,dividend,中证红利,5021.96,4998.7588,4983.047166666667,4961.43925,4996.4744
2023-02-03,5113.71,5078.34,5113.71,5052.63,30631561.0,dividend,中证红利,5031.2375,5006.0452000000005,4990.114,4964.291166666667,4995.1535
2023-02-06,5059.22,5049.8,5067.42,5037.45,27581253.0,dividend,中证红利,5037.4345,5012.4367999999995,4995.1016666666665,4966.6871666666675,4993.4048
2023-02-07,5056.07,5076.74,5081.32,5053.33,24875614.0,dividend,中证红利,5043.3825,5020.3876,4999.965166666667,4969.017166666667,4992.3884499999995
2023-02-08,5082.37,5054.09,5085.14,5051.71,22749582.0,dividend,中证红利,5046.2415,5025.4028,5004.366333333333,4970.524333333334,4991.3348000000005
2023-02-09,5052.67,5091.42,5092.3,5048.18,22415491.0,dividend,中证红利,5050.287,5031.5836,5009.302833333333,4972.25575,4990.51955
2023-02-10,5089.74,5093.73,5104.9,5071.17,24535281.0,dividend,中证红利,5054.968,5039.6212,5014.3071666666665,4974.181666666667,4989.089250000001
2023-02-13,5093.24,5111.87,5115.29,5071.02,35800463.0,dividend,中证红利,5060.696,5047.0616,5017.838000000001,4975.749583333334,4987.909100000001
2023-02-14,5122.64,5138.18,5141.03,5116.61,27362808.0,dividend,中证红利,5069.155000000001,5054.2776,5021.570333333334,4977.2564999999995,4987.2172
2023-02-15,5139.47,5106.61,5139.47,5098.47,27342527.0,dividend,中证红利,5074.693,5058.6656,5023.9825,4978.396166666666,4986.0576
2023-02-16,5109.53,5062.8,5146.46,5037.79,35783706.0,dividend,中证红利,5079.006,5060.7572,5025.966833333333,4978.952,4985.45705
2023-02-17,5062.07,5069.23,5109.72,5062.07,29763445.0,dividend,中证红利,5081.505,5063.522,5028.384000000001,4979.428499999999,4985.48895
2023-02-20,5088.79,5182.75,5182.75,5088.32,44699469.0,dividend,中证红利,5088.7145,5070.9396,5033.2375,4981.206916666666,4985.7607
2023-02-21,5202.22,5241.19,5250.6,5193.7,39728321.0,dividend,中证红利,5099.226000000001,5081.8272,5039.021333333334,4983.1585000000005,4987.6708499999995
2023-02-22,5230.61,5244.3,5259.93,5217.91,27084828.0,dividend,中证红利,5109.6050000000005,5091.7652,5044.773166666667,4984.77,4990.0588
2023-02-23,5264.73,5251.4,5286.83,5231.75,30517242.0,dividend,中证红利,5119.322,5102.759599999999,5050.450333333332,4986.2347500000005,4992.21285
2023-02-24,5253.3,5230.06,5254.2,5201.02,27543737.0,dividend,中证红利,5125.4915,5111.192,5055.185166666667,4988.281416666667,4993.9473
2023-02-27,5222.52,5222.78,5256.67,5212.74,26076468.0,dividend,中证红利,5132.2074999999995,5118.5608,5058.771333333333,4989.524416666666,4994.96505
2023-02-28,5225.85,5245.94,5249.28,5201.23,29232759.0,dividend,中证红利,5139.519,5127.16,5063.097333333334,4991.147083333333,4995.934700000001
2023-03-01,5252.81,5281.48,5282.09,5245.87,35951484.0,dividend,中证红利,5147.8225,5136.9504,5065.628166666666,4992.7356666666665,4997.7329500000005
2023-03-02,5277.43,5304.99,5319.19,5269.91,39246106.0,dividend,中证红利,5156.885,5146.8676,5068.710499999999,4994.770083333334,4999.5877
2023-03-03,5308.53,5327.93,5333.23,5290.91,47009780.0,dividend,中证红利,5169.3645,5155.718,5072.616333333334,4997.422666666667,5001.574
2023-03-06,5336.49,5302.98,5342.94,5295.66,47347268.0,dividend,中证红利,5182.0235,5164.2988000000005,5076.379,4999.588916666667,5003.47255
2023-03-07,5306.65,5271.29,5360.24,5268.93,68843404.0,dividend,中证红利,5191.751,5171.162,5078.381333333334,5001.51525,5005.2713
2023-03-08,5257.38,5267.15,5268.66,5237.17,35628230.0,dividend,中证红利,5202.4039999999995,5177.2316,5080.741,5002.776249999999,5006.4655
2023-03-09,5275.68,5250.3,5289.16,5241.8,33700129.0,dividend,中证红利,5210.348,5182.294,5083.3135,5003.180916666666,5007.3231
2023-03-10,5230.83,5156.62,5230.83,5154.39,35558960.0,dividend,中证红利,5213.4925,5185.4252,5084.145166666666,5002.92675,5007.9021
2023-03-13,5150.49,5219.06,5219.06,5150.2,37008364.0,dividend,中证红利,5218.852000000001,5192.1956,5085.270333333333,5003.348333333332,5008.96645
2023-03-14,5209.09,5175.87,5229.84,5154.29,36167695.0,dividend,中证红利,5220.7365,5196.160800000001,5086.903833333333,5002.95675,5009.72455
2023-03-15,5196.33,5238.44,5248.67,5185.56,38693631.0,dividend,中证红利,5227.3279999999995,5203.534799999999,5089.1845,5003.380166666667,5010.563450000001
2023-03-16,5214.51,5189.85,5239.23,5185.41,51751016.0,dividend,中证红利,5233.6804999999995,5207.472,5090.977833333334,5003.757333333333,5011.087750000001
2023-03-17,5213.64,5220.77,5265.5,5208.59,49476172.0,dividend,中证红利,5241.2575,5212.5536,5094.147166666666,5004.478166666667,5012.433950000001
2023-03-20,5229.34,5196.13,5263.83,5192.65,52899702.0,dividend,中证红利,5241.9265,5215.924,5096.027,5006.319666666666,5013.25815
2023-03-21,5207.63,5195.35,5222.87,5182.76,38960140.0,dividend,中证红利,5239.6345,5218.2108,5099.634000000001,5008.1494999999995,5013.82495
2023-03-22,5205.07,5219.88,5244.7,5197.54,33595979.0,dividend,中证红利,5238.4135,5222.7416,5104.4865,5010.14525,5014.5522
2023-03-23,5215.36,5224.2,5224.95,5192.04,33451150.0,dividend,中证红利,5237.0535,5229.1976,5109.374833333333,5011.8417500000005,5015.3129
2023-03-24,5226.46,5181.61,5226.48,5178.2,36607382.0,dividend,中证红利,5234.630999999999,5233.692800000001,5114.1320000000005,5013.22975,5015.868299999999
2023-03-27,5178.28,5139.55,5178.28,5112.82,44526388.0,dividend,中证红利,5230.4695,5231.964800000001,5118.291,5014.707583333333,5016.09995
2023-03-28,5151.67,5141.4,5161.19,5124.96,33658311.0,dividend,中证红利,5225.2425,5227.9732,5122.6815,5016.9484999999995,5016.535800000001
2023-03-29,5155.21,5126.52,5158.82,5123.06,35792171.0,dividend,中证红利,5217.4945,5223.262,5125.9783333333335,5018.583166666666,5016.8028
2023-03-30,5130.26,5158.66,5161.25,5096.42,36860505.0,dividend,中证红利,5210.178,5219.5524000000005,5129.674333333333,5020.991666666667,5017.159
2023-03-31,5163.25,5175.89,5196.64,5157.27,34841760.0,dividend,中证红利,5202.576,5217.3856,5134.392666666667,5023.735833333334,5017.4126
2023-04-03,5181.85,5199.37,5209.74,5177.77,40249705.0,dividend,中证红利,5197.3955,5216.4492,5138.951166666667,5026.480666666667,5017.90565
2023-04-04,5199.27,5217.98,5227.62,5188.19,42169837.0,dividend,中证红利,5194.7300000000005,5215.3308,5143.287833333334,5029.497,5018.3249
2023-04-06,5212.95,5185.44,5212.95,5184.03,29462004.0,dividend,中证红利,5190.6445,5211.4892,5146.430000000001,5032.23675,5018.8939
2023-04-07,5191.93,5205.39,5217.29,5186.35,29142518.0,dividend,中证红利,5188.399,5207.5052000000005,5149.678,5034.576083333333,5019.2044
2023-04-10,5205.58,5206.9,5215.39,5190.85,34817841.0,dividend,中证红利,5190.913,5202.664,5153.1245,5037.314416666666,5019.5521
2023-04-11,5206.41,5240.32,5241.71,5191.38,37224924.0,dividend,中证红利,5191.976,5200.1576000000005,5157.174666666667,5039.862833333333,5020.46185
2023-04-12,5250.96,5292.26,5295.21,5246.97,43043454.0,dividend,中证红利,5197.7955,5200.9964,5162.562333333333,5042.8325,5021.6389
2023-04-13,5293.82,5293.25,5311.88,5279.21,39576689.0,dividend,中证红利,5200.536,5202.0404,5167.519,5045.765333333333,5022.9298
2023-04-14,5304.27,5287.03,5311.7,5265.58,35563916.0,dividend,中证红利,5205.3949999999995,5203.509599999999,5172.693833333334,5048.976,5024.1776
2023-04-17,5285.04,5359.76,5359.76,5278.08,53272220.0,dividend,中证红利,5212.3445,5211.635200000001,5178.369000000001,5053.178166666667,5026.123500000001
2023-04-18,5357.09,5379.56,5383.26,5342.93,52530205.0,dividend,中证红利,5221.516,5218.0552,5184.052333333334,5057.353916666666,5027.82155
2023-04-19,5379.92,5374.94,5397.51,5366.37,45423184.0,dividend,中证红利,5230.495499999999,5226.018,5189.785333333333,5062.370833333333,5029.52645
2023-04-20,5371.33,5383.53,5391.16,5331.42,44750915.0,dividend,中证红利,5238.678,5231.8216,5195.565500000001,5067.620583333334,5031.0463
2023-04-21,5383.46,5318.82,5417.92,5318.24,47290983.0,dividend,中证红利,5243.409000000001,5236.9803999999995,5199.928166666666,5072.429416666667,5032.014700000001
2023-04-24,5330.34,5314.87,5355.02,5297.5,49701069.0,dividend,中证红利,5250.072,5240.7444,5203.398166666667,5077.099166666667,5033.13285
2023-04-25,5326.96,5332.14,5357.38,5263.1,55478301.0,dividend,中证红利,5259.7015,5246.1848,5207.4595,5082.960083333333,5034.2612
2023-04-26,5309.98,5345.38,5372.38,5276.7,52403348.0,dividend,中证红利,5269.9005,5252.186,5211.554,5089.488249999999,5035.3584
2023-04-27,5343.66,5357.91,5378.2,5318.84,43903986.0,dividend,中证红利,5281.47,5257.7072,5215.595666666666,5095.6196666666665,5036.4289
2023-04-28,5339.95,5414.95,5417.27,5339.95,53419784.0,dividend,中证红利,5294.2845,5265.3372,5220.449166666666,5101.748166666667,5037.74755
2023-05-04,5387.85,5523.84,5528.45,5384.12,94342166.0,dividend,中证红利,5311.682,5279.0264,5227.8741666666665,5108.994083333333,5040.1137
2023-05-05,5538.58,5537.91,5579.49,5484.2,83950195.0,dividend,中证红利,5328.609,5294.9608,5236.009333333333,5115.5555,5042.3979
2023-05-08,5527.98,5653.01,5670.0,5527.93,117381448.0,dividend,中证红利,5350.3605,5315.425200000001,5245.613833333333,5122.7895,5045.30865
2023-05-09,5663.1,5607.72,5715.61,5600.86,115554075.0,dividend,中证红利,5371.474499999999,5334.673199999999,5254.841,5129.603666666666,5048.35775
2023-05-10,5588.45,5499.45,5600.01,5477.24,87975986.0,dividend,中证红利,5386.1775,5348.3048,5261.641500000001,5135.472166666667,5050.8652999999995
2023-05-11,5502.41,5495.85,5533.79,5473.45,54391967.0,dividend,中证红利,5400.625,5361.1032,5268.3435,5141.325333333333,5053.3232
2023-05-12,5487.11,5463.14,5534.72,5458.35,51148318.0,dividend,中证红利,5411.7660000000005,5371.654,5274.198,5146.018,5055.949449999999
2023-05-15,5457.99,5461.78,5461.78,5353.06,66491883.0,dividend,中证红利,5420.242,5381.406,5279.591333333333,5150.580833333334,5059.18865
2023-05-16,5459.55,5423.52,5479.26,5410.06,50400673.0,dividend,中证红利,5426.7555,5390.9292000000005,5284.873166666667,5154.427833333333,5061.6457
2023-05-17,5407.65,5396.71,5432.36,5379.49,38701435.0,dividend,中证红利,5432.2395,5398.581999999999,5290.438333333334,5158.202583333334,5063.8723
2023-05-18,5405.08,5426.51,5464.37,5401.25,49828010.0,dividend,中证红利,5435.577,5407.3664,5296.392999999999,5162.3885,5066.16375
2023-05-19,5414.37,5360.59,5414.5,5354.16,39671527.0,dividend,中证红利,5434.628500000001,5412.1772,5299.357,5166.2972500000005,5068.48565
2023-05-22,5346.92,5355.01,5384.59,5334.66,36927357.0,dividend,中证红利,5433.632,5414.687199999999,5301.254,5170.1376666666665,5070.8892000000005
2023-05-23,5356.11,5287.39,5364.8,5287.39,43132810.0,dividend,中证红利,5428.825,5414.4528,5301.972166666667,5173.372666666667,5072.976949999999
2023-05-24,5276.13,5211.99,5276.13,5206.4,53746409.0,dividend,中证红利,5423.4835,5411.4511999999995,5301.315333333334,5175.882833333334,5074.34295
2023-05-25,5197.79,5188.24,5216.55,5137.09,40155556.0,dividend,中证红利,5417.152,5404.5904,5300.618333333333,5177.90175,5075.568
2023-05-26,5186.29,5233.14,5243.91,5164.86,33418122.0,dividend,中证红利,5412.202,5398.7336,5300.791,5179.781166666667,5076.91925
2023-05-29,5220.59,5268.17,5295.17,5218.91,42981936.0,dividend,中证红利,5408.3415,5394.4628,5301.1615,5182.129416666666,5078.6515
2023-05-30,5254.12,5262.09,5273.7,5203.02,41094272.0,dividend,中证红利,5403.550499999999,5389.6052,5300.838333333334,5183.23325,5080.2725
2023-05-31,5239.56,5214.21,5252.23,5196.46,37481896.0,dividend,中证红利,5393.5135,5385.420800000001,5299.325333333333,5184.017916666667,5082.34965
2023-06-01,5205.58,5195.67,5241.77,5178.42,40340380.0,dividend,中证红利,5377.1050000000005,5380.6528,5297.120999999999,5184.868666666666,5084.64745
2023-06-02,5200.76,5225.23,5229.82,5197.91,37918698.0,dividend,中证红利,5361.471,5376.3764,5295.8251666666665,5186.102083333333,5086.9622
2023-06-05,5221.3,5252.58,5259.62,5206.01,36088633.0,dividend,中证红利,5341.449500000001,5372.664400000001,5295.513333333333,5186.947333333333,5089.2394
2023-06-06,5243.35,5209.35,5291.12,5198.94,39046495.0,dividend,中证红利,5321.531000000001,5366.722000000001,5294.55,5187.6455,5090.92
2023-06-07,5212.06,5247.88,5259.58,5211.48,31971810.0,dividend,中证红利,5308.9525,5360.0392,5294.509666666667,5188.9115833333335,5092.74115
2023-06-08,5240.7,5295.2,5302.16,5212.42,42511168.0,dividend,中证红利,5298.92,5350.893599999999,5296.819333333334,5190.48225,5094.90405
2023-06-09,5293.66,5284.15,5307.72,5269.85,38300176.0,dividend,中证红利,5289.9705,5340.743200000001,5297.904166666666,5191.58725,5096.7062
2023-06-12,5275.13,5252.32,5277.66,5245.17,42003799.0,dividend,中证红利,5279.4974999999995,5324.7155999999995,5299.178333333333,5193.0410833333335,5098.18105
2023-06-13,5247.18,5243.4,5268.68,5229.68,30529249.0,dividend,中证红利,5270.4915,5310.1428000000005,5299.261,5194.22275,5099.5488
2023-06-14,5245.74,5214.89,5267.61,5213.92,39464008.0,dividend,中证红利,5261.400500000001,5298.7604,5299.678333333332,5195.328083333333,5100.64275
2023-06-15,5213.65,5216.58,5219.61,5188.4,32166809.0,dividend,中证红利,5250.904,5287.589600000001,5299.6085,5196.877833333333,5101.665400000001
2023-06-16,5212.47,5197.77,5228.26,5196.75,36706485.0,dividend,中证红利,5242.763,5276.9748,5299.635833333334,5197.831416666667,5102.80755
2023-06-19,5196.98,5132.54,5197.54,5131.12,40551679.0,dividend,中证红利,5231.6395,5263.8052,5298.588999999999,5199.111499999999,5103.4352499999995
2023-06-20,5129.62,5090.26,5131.09,5089.9,31543016.0,dividend,中证红利,5221.783,5250.4748,5296.428666666666,5200.457583333333,5103.63195
2023-06-21,5073.79,5040.7,5095.5,5040.7,33355334.0,dividend,中证红利,5213.2185,5236.2344,5293.370333333334,5201.372583333334,5103.4573
2023-06-26,5017.93,4974.28,5017.93,4964.64,37873899.0,dividend,中证红利,5202.5205,5218.1452,5289.914833333332,5202.023416666667,5103.4064
2023-06-27,4981.53,5060.82,5072.69,4973.03,34479187.0,dividend,中证红利,5193.9045,5206.1544,5288.602666666667,5203.446833333333,5103.3423999999995
2023-06-28,5053.05,5084.63,5084.63,5032.54,29060643.0,dividend,中证红利,5184.7275,5195.339199999999,5287.6565,5205.169,5103.5094500000005
2023-06-29,5070.9,5067.45,5084.01,5049.36,27294090.0,dividend,中证红利,5174.9955,5186.5416,5286.6720000000005,5206.325166666666,5103.39245
2023-06-30,5056.14,5072.55,5091.42,5052.79,27618942.0,dividend,中证红利,5167.9125,5180.964,5285.2368333333325,5207.455583333333,5103.4509
2023-07-03,5082.11,5125.96,5131.46,5082.11,33955605.0,dividend,中证红利,5164.427,5178.4728000000005,5284.404666666667,5209.398666666666,5104.0326000000005
2023-07-04,5123.3,5100.77,5123.3,5081.75,30996928.0,dividend,中证红利,5158.204,5173.178,5282.761333333333,5210.85625,5104.3213
2023-07-05,5087.9,5086.77,5103.02,5071.23,23445269.0,dividend,中证红利,5149.913500000001,5165.9220000000005,5280.5745,5211.931166666666,5104.5545
2023-07-06,5067.57,5054.04,5085.93,5045.33,26943236.0,dividend,中证红利,5142.147999999999,5157.6,5278.3845,5212.40725,5104.24555
2023-07-07,5045.62,5072.59,5090.13,5041.19,24877609.0,dividend,中证红利,5133.3835,5151.9352,5276.171166666667,5212.9245833333325,5103.5998
2023-07-10,5092.15,5093.41,5103.31,5070.45,24051176.0,dividend,中证红利,5123.294,5147.844800000001,5274.279666666667,5213.702083333334,5103.13125
2023-07-11,5101.95,5103.35,5108.27,5072.11,25057702.0,dividend,中证红利,5114.254,5142.969599999999,5271.996833333334,5214.58575,5102.80565
2023-07-12,5095.93,5064.72,5102.7,5060.76,27508971.0,dividend,中证红利,5104.874000000001,5135.4552,5268.204499999999,5215.383416666667,5102.01495
2023-07-13,5065.77,5113.9,5120.01,5065.59,30803104.0,dividend,中证红利,5098.398999999999,5131.6372,5265.215333333333,5216.367166666667,5101.6463
2023-07-14,5108.81,5111.72,5133.23,5099.26,31353650.0,dividend,中证红利,5093.2405,5126.190799999999,5262.2935,5217.493666666666,5101.48195
2023-07-17,5077.22,5060.94,5077.27,5037.67,27558391.0,dividend,中证红利,5085.4585,5116.8204,5257.313166666666,5217.841083333334,5101.1152999999995
2023-07-18,5060.63,5056.12,5072.91,5034.0,27422043.0,dividend,中证红利,5078.376,5107.6992,5251.922500000001,5217.987416666667,5101.520149999999
2023-07-19,5047.85,5076.31,5077.13,5043.59,24525804.0,dividend,中证红利,5075.5644999999995,5100.6588,5246.945333333334,5218.365333333333,5102.02285
2023-07-20,5073.45,5048.75,5088.4,5043.75,27420203.0,dividend,中证红利,5073.489,5092.8728,5241.365666666667,5218.465583333334,5102.36465
2023-07-21,5041.67,5046.85,5061.04,5028.9,24199274.0,dividend,中证红利,5073.7965,5086.1512,5236.832833333334,5218.380499999999,5102.495800000001
2023-07-24,5045.37,5048.47,5068.07,5023.79,23127706.0,dividend,中证红利,5077.506,5079.4268,5232.392833333332,5217.8955000000005,5102.662899999999
2023-07-25,5087.94,5132.84,5133.92,5087.94,49478348.0,dividend,中证红利,5081.107,5076.8296,5229.071166666667,5218.265333333333,5103.51605
2023-07-26,5131.8,5142.0,5149.21,5120.84,32718049.0,dividend,中证红利,5083.9755,5077.2080000000005,5225.681500000001,5218.61775,5104.863600000001
2023-07-27,5139.28,5147.45,5194.33,5134.0,41876807.0,dividend,中证红利,5087.9755,5079.4956,5222.173833333333,5218.884749999999,5105.94905
2023-07-28,5139.69,5241.8,5246.43,5137.32,55192435.0,dividend,中证红利,5096.438,5087.5396,5219.2880000000005,5219.868583333333,5107.809850000001
2023-07-31,5263.46,5278.66,5315.85,5261.77,59147807.0,dividend,中证红利,5104.073,5099.7148,5215.201666666666,5221.537916666667,5109.9702
2023-08-01,5278.39,5283.46,5305.5,5264.58,42284558.0,dividend,中证红利,5113.2074999999995,5108.620400000001,5210.9608333333335,5223.485083333333,5112.03755
2023-08-02,5272.53,5235.29,5281.55,5221.79,44593891.0,dividend,中证红利,5120.6335,5114.6467999999995,5203.998833333333,5224.806333333333,5113.9339
2023-08-03,5227.84,5264.09,5267.57,5206.22,39632267.0,dividend,中证红利,5131.136,5122.5124000000005,5198.2716666666665,5226.556333333333,5115.9710000000005
2023-08-04,5288.72,5248.91,5310.67,5247.8,43461435.0,dividend,中证红利,5139.952,5129.5668,5194.096,5227.86875,5117.5922
2023-08-07,5234.97,5203.11,5234.97,5188.16,35737581.0,dividend,中证红利,5145.437,5132.6528,5189.217000000001,5228.78025,5119.21625
2023-08-08,5196.47,5195.85,5214.28,5171.95,27093294.0,dividend,中证红利,5150.062,5136.456,5184.762166666666,5229.480083333333,5120.5229500000005
2023-08-09,5189.31,5172.88,5191.63,5163.88,24953255.0,dividend,中证红利,5155.469999999999,5139.9004,5179.947166666667,5229.76925,5121.707850000001
2023-08-10,5164.14,5185.83,5196.05,5156.43,24807220.0,dividend,中证红利,5159.0665,5145.172,5175.9856666666665,5230.429416666667,5122.93045
2023-08-11,5189.11,5105.88,5194.37,5105.88,33071407.0,dividend,中证红利,5158.7745,5146.5036,5171.1385,5230.788416666666,5123.9511
2023-08-14,5071.02,5103.19,5111.82,5039.79,31596560.0,dividend,中证红利,5160.887,5146.8948,5165.749833333334,5231.071416666668,5125.189549999999
2023-08-15,5105.95,5137.04,5143.25,5094.32,30917865.0,dividend,中证红利,5164.933,5148.2424,5162.024,5230.6905,5126.4824
2023-08-16,5126.28,5134.51,5164.44,5100.13,27276079.0,dividend,中证红利,5167.843,5151.034000000001,5158.349,5229.8015,5128.2904
2023-08-17,5116.75,5134.98,5141.7,5090.23,30134637.0,dividend,中证红利,5172.154500000001,5151.8772,5155.808833333333,5228.8904999999995,5130.1975
2023-08-18,5131.98,5112.66,5182.29,5112.66,30910801.0,dividend,中证红利,5175.445,5151.9148,5154.153333333334,5227.734333333333,5132.052
2023-08-21,5108.55,5059.37,5129.43,5059.37,30862037.0,dividend,中证红利,5175.99,5151.852,5152.0055,5226.311916666667,5133.57635
2023-08-22,5073.98,5099.76,5107.39,5048.35,32794727.0,dividend,中证红利,5174.336,5153.5976,5149.782499999999,5225.28675,5135.9310000000005
2023-08-23,5098.14,5085.62,5137.11,5082.21,31730259.0,dividend,中证红利,5171.517,5153.97,5146.740000000001,5223.95075,5138.5491
2023-08-24,5092.6,5061.56,5110.5,5056.71,32592608.0,dividend,中证红利,5167.222500000001,5154.4824,5143.397833333333,5222.118083333334,5140.7462
2023-08-25,5056.65,5071.87,5108.96,5044.85,32367079.0,dividend,中证红利,5158.726000000001,5155.4832,5141.025500000001,5220.175416666667,5142.707899999999
2023-08-28,5286.16,5141.93,5288.9,5128.84,61933775.0,dividend,中证红利,5151.889499999999,5159.221600000001,5140.129833333334,5218.625416666666,5145.1459
2023-08-29,5134.66,5151.08,5164.13,5109.55,50653419.0,dividend,中证红利,5145.2705000000005,5159.9511999999995,5138.894,5217.359583333334,5147.1485999999995
2023-08-30,5149.81,5113.63,5164.82,5108.46,39759093.0,dividend,中证红利,5139.1875,5158.8164,5136.578166666667,5216.04575,5148.7921
2023-08-31,5113.12,5060.9,5136.65,5055.06,41475883.0,dividend,中证红利,5129.028,5155.3544,5134.104,5214.327,5150.1465
2023-09-01,5070.81,5114.92,5129.16,5070.81,42785418.0,dividend,中证红利,5122.3285,5150.2792,5131.888,5213.198833333333,5151.74495
2023-09-04,5138.11,5194.16,5206.78,5138.11,53811938.0,dividend,中证红利,5121.880999999999,5146.899200000001,5130.204,5213.511666666667,5153.7484
2023-09-05,5190.66,5153.77,5190.66,5144.53,36857436.0,dividend,中证红利,5119.777,5141.7116,5128.031,5212.967583333334,5155.01715
2023-09-06,5144.6,5152.7,5164.49,5125.42,30568512.0,dividend,中证红利,5118.768,5138.408,5126.370666666667,5212.7744999999995,5156.20945
2023-09-07,5146.84,5125.61,5167.64,5122.44,32715011.0,dividend,中证红利,5115.757,5132.8688,5124.407499999999,5211.83425,5157.0280999999995
2023-09-08,5113.54,5092.1,5115.34,5079.87,24242165.0,dividend,中证红利,5115.068,5126.5964,5122.361000000001,5211.019666666666,5157.7699
2023-09-11,5099.52,5129.38,5140.67,5099.52,34785920.0,dividend,中证红利,5116.3775000000005,5123.6472,5120.907666666667,5210.258083333333,5158.7958
2023-09-12,5129.78,5122.77,5137.53,5117.2,23597794.0,dividend,中证红利,5115.664,5120.724,5119.657666666667,5209.64675,5159.95195
2023-09-13,5131.31,5137.0,5164.16,5116.52,29600461.0,dividend,中证红利,5115.788500000001,5119.2888,5119.732000000001,5209.1605,5161.16615
2023-09-14,5137.1,5188.45,5189.6,5128.25,43307264.0,dividend,中证红利,5118.4619999999995,5119.3936,5121.3685,5208.898583333334,5162.61245
2023-09-15,5194.8,5176.43,5222.25,5162.48,41695887.0,dividend,中证红利,5121.650500000001,5122.2155999999995,5123.630666666666,5208.500499999999,5163.94075
2023-09-18,5172.61,5182.17,5187.9,5136.34,32437982.0,dividend,中证红利,5127.7905,5125.3748,5127.0955,5208.505166666667,5165.12175
2023-09-19,5180.37,5216.85,5222.54,5175.86,36575141.0,dividend,中证红利,5133.6449999999995,5128.5672,5129.696,5209.149333333334,5166.16795
2023-09-20,5212.86,5223.79,5237.83,5191.29,33270506.0,dividend,中证红利,5140.5535,5132.1384,5132.015333333333,5209.835916666667,5167.355
2023-09-21,5220.5,5189.76,5236.17,5188.31,31994556.0,dividend,中证红利,5146.9635,5134.3296,5134.053833333333,5210.362916666667,5167.65565
2023-09-22,5190.26,5211.97,5214.92,5166.72,36933139.0,dividend,中证红利,5153.9685,5138.302,5136.3775000000005,5210.8071666666665,5168.11525
2023-09-25,5206.69,5201.56,5232.11,5192.13,35525612.0,dividend,中证红利,5156.95,5143.9896,5137.6375,5211.021083333332,5168.6551500000005
2023-09-26,5199.52,5178.05,5206.53,5175.56,26873218.0,dividend,中证红利,5158.2985,5147.1212000000005,5138.9255,5210.843416666667,5169.1593
2023-09-27,5181.64,5160.21,5191.99,5160.21,30135564.0,dividend,中证红利,5160.6275000000005,5150.1048,5140.1495,5210.361999999999,5169.2046
2023-09-28,5175.69,5161.13,5184.74,5156.78,25562189.0,dividend,中证红利,5165.639,5154.0876,5141.934333333334,5210.159416666666,5169.3823999999995
2023-10-09,5141.95,5142.71,5153.9,5100.17,34953363.0,dividend,中证红利,5167.0285,5156.921200000001,5143.103,5209.637083333334,5169.6162
2023-10-10,5145.1,5091.63,5157.99,5088.08,32008112.0,dividend,中证红利,5161.902,5154.9092,5143.073333333333,5208.6765,5169.54075
2023-10-11,5098.61,5075.79,5105.13,5067.81,34797353.0,dividend,中证红利,5158.003,5151.8976,5142.6140000000005,5207.305416666667,5169.16195
2023-10-12,5099.75,5127.17,5131.67,5099.04,45656198.0,dividend,中证红利,5156.7265,5152.439200000001,5143.654833333334,5205.929666666667,5169.4085000000005
2023-10-13,5109.0,5120.71,5129.38,5098.26,38672658.0,dividend,中证红利,5156.4815,5154.8315999999995,5143.7683333333325,5204.4918333333335,5169.5040500000005
2023-10-16,5125.14,5130.52,5136.88,5102.88,33368050.0,dividend,中证红利,5158.4025,5155.4556,5144.081666666667,5203.187583333333,5169.745400000001
2023-10-17,5132.39,5140.49,5143.1,5117.17,30376131.0,dividend,中证红利,5158.9580000000005,5153.3088,5145.4075,5201.360333333333,5170.294800000001
2023-10-18,5132.85,5093.11,5135.91,5090.86,34298682.0,dividend,中证红利,5157.475,5150.8824,5146.024,5198.97325,5170.34365
2023-10-19,5077.15,5008.19,5077.15,5007.43,41786057.0,dividend,中证红利,5151.0345,5145.102,5144.888666666666,5195.917,5170.48995
2023-10-20,4994.78,4982.37,5015.73,4975.54,32299024.0,dividend,中证红利,5140.7305,5139.3724,5143.782333333334,5192.574,5170.75815
2023-10-23,4972.88,4915.65,4980.03,4894.86,31773723.0,dividend,中证红利,5127.6915,5132.3144,5141.595666666666,5189.21425,5170.6819
2023-10-24,4931.21,4953.04,4962.24,4915.38,37432129.0,dividend,中证红利,5116.235,5125.2608,5140.005166666668,5186.199,5170.9662
2023-10-25,5001.28,4997.21,5019.26,4983.68,41796254.0,dividend,中证红利,5105.253000000001,5120.238399999999,5137.7446666666665,5183.407916666666,5171.5022
2023-10-26,4980.04,5021.2,5027.97,4973.53,35002677.0,dividend,中证红利,5095.1235,5115.6064,5135.731333333333,5180.706416666667,5172.21835
2023-10-27,5016.32,5041.47,5061.93,5012.31,38566397.0,dividend,中证红利,5087.709000000001,5109.727199999999,5133.964999999999,5178.069416666666,5172.78215
2023-10-30,5033.56,4989.67,5043.37,4982.28,49806798.0,dividend,中证红利,5076.594,5102.2568,5129.762833333333,5174.525416666667,5173.045999999999
2023-10-31,4985.82,4998.89,5009.22,4973.53,39506920.0,dividend,中证红利,5066.4605,5094.9256000000005,5125.1,5170.150833333334,5173.576499999999
2023-11-01,5001.6,4992.94,5002.9,4971.17,31908247.0,dividend,中证红利,5057.205,5085.9692,5120.258,5165.609416666667,5173.9119
2023-11-02,4994.05,5001.2,5025.05,4994.05,30397849.0,dividend,中证红利,5049.2545,5077.065600000001,5116.3565,5160.177666666667,5174.129
2023-11-03,5004.97,4977.79,5019.81,4976.17,30631822.0,dividend,中证红利,5040.0875,5068.5868,5111.584833333333,5154.92825,5174.0334
2023-11-06,4991.3,4969.89,5001.89,4959.15,46920157.0,dividend,中证红利,5031.4465,5058.9036,5106.9345,5150.5152499999995,5173.8303000000005
2023-11-07,4968.93,4967.49,4980.43,4947.22,31737553.0,dividend,中证红利,5025.2395,5049.5408,5103.007500000001,5146.11225,5173.6672
2023-11-08,4962.59,4961.33,4980.32,4946.03,32089013.0,dividend,中证红利,5019.5165,5040.871999999999,5099.0988333333335,5141.9304999999995,5173.4873
2023-11-09,4961.67,4993.89,5005.57,4959.48,37463996.0,dividend,中证红利,5012.8525,5034.2192000000005,5096.115666666667,5138.031416666666,5173.61175
2023-11-10,4981.22,4975.8,4989.04,4953.1,34178642.0,dividend,中证红利,5005.607,5026.806,5092.6151666666665,5134.300416666667,5173.5115000000005
2023-11-13,4983.65,4984.7,4993.52,4944.57,31220698.0,dividend,中证红利,4998.316,5020.4856,5090.595499999999,5130.866999999999,5173.552299999999
2023-11-14,4980.59,4977.84,4990.85,4963.7,31085209.0,dividend,中证红利,4990.1835,5015.934,5088.506333333334,5127.128083333333,5173.345249999999
2023-11-15,5002.62,5002.09,5006.9,4988.66,29408846.0,dividend,中证红利,4985.632500000001,5012.986,5086.257166666666,5124.140583333333,5173.1629
2023-11-16,4994.29,4995.86,5009.52,4982.52,28741875.0,dividend,中证红利,4985.0160000000005,5007.7336,5083.946333333332,5121.147666666667,5172.9874
2023-11-17,4984.96,4982.95,4990.91,4959.83,25628646.0,dividend,中证红利,4985.045,5002.2232,5081.4125,5118.610666666666,5172.71855
2023-11-20,4987.71,4995.52,5004.51,4970.79,25698852.0,dividend,中证红利,4989.0385,4996.8232,5079.460166666667,5116.80675,5172.41085
2023-11-21,5003.08,5014.03,5049.56,5003.06,34864281.0,dividend,中证红利,4992.088000000001,4991.7648,5078.704499999999,5115.355,5171.94765
2023-11-22,5006.69,4998.8,5034.93,4998.8,25447938.0,dividend,中证红利,4992.1675,4987.9924,5077.021833333334,5113.402166666667,5171.49935
2023-11-23,5000.68,5037.95,5042.06,4990.67,28051750.0,dividend,中证红利,4993.005,4989.1828,5076.227333333332,5111.483666666667,5171.19055
2023-11-24,5036.7,5041.07,5057.19,5028.73,28464297.0,dividend,中证红利,4992.985,4991.5307999999995,5075.885833333333,5109.641833333333,5170.81885
2023-11-27,5041.59,5027.75,5041.59,5001.65,36177212.0,dividend,中证红利,4994.889,4996.0148,5075.1505,5108.088000000001,5170.3389
2023-11-28,5022.85,5027.38,5030.43,4992.74,27513911.0,dividend,中证红利,4996.3135,4998.988399999999,5073.241333333333,5106.685583333333,5170.0841
2023-11-29,5027.17,4992.13,5030.13,4986.51,33984609.0,dividend,中证红利,4996.272999999999,4998.7852,5070.592166666666,5104.743083333333,5169.79575
2023-11-30,4991.0,5008.61,5011.54,4985.81,32900521.0,dividend,中证红利,4996.6435,4998.2816,5068.841833333334,5102.710000000001,5169.4551
2023-12-01,5008.92,5023.62,5027.54,5000.53,35238246.0,dividend,中证红利,4998.935,4997.5676,5068.220499999999,5101.16225,5169.30275
2023-12-04,5025.09,5024.14,5038.69,5012.97,30250420.0,dividend,中证红利,5001.6475,4998.9464,5066.7075,5099.29775,5168.96635
2023-12-05,5018.38,4959.32,5018.38,4956.76,32554945.0,dividend,中证红利,5001.239,4997.3636,5062.7935,5096.49875,5168.2943
2023-12-06,4954.57,4957.19,4971.53,4918.39,38543161.0,dividend,中证红利,5001.032,4995.9336,5059.517166666667,5093.774083333334,5167.5208999999995
2023-12-07,4953.29,4964.69,4978.21,4931.26,36299883.0,dividend,中证红利,4999.572,4994.473199999999,5056.383666666667,5091.377166666667,5166.653450000001
2023-12-08,4957.74,4963.75,4986.25,4939.76,49886015.0,dividend,中证红利,4998.9695,4993.911599999999,5053.686000000001,5089.0467499999995,5165.93915
2023-12-11,4952.22,5039.7,5044.1,4900.35,51159199.0,dividend,中证红利,5001.7195,4996.704000000001,5052.812666666667,5087.586833333333,5165.82365
2023-12-12,5035.36,5078.07,5078.79,5009.86,40944719.0,dividend,中证红利,5006.731,5001.1272,5051.9575,5086.432583333333,5165.86785
2023-12-13,5066.85,5036.12,5074.55,5034.32,31780497.0,dividend,中证红利,5008.4325,5004.1188,5050.513333333333,5085.0855,5165.1347
2023-12-14,5045.72,5031.52,5059.34,5028.44,26003386.0,dividend,中证红利,5010.2155,5005.624,5048.755333333333,5084.243666666667,5164.0863500000005
2023-12-15,5039.41,5001.82,5049.53,4996.53,32017712.0,dividend,中证红利,5011.159,5006.6648000000005,5045.644833333334,5083.506666666667,5162.87395
2023-12-18,4988.55,4990.64,5027.04,4974.54,31116110.0,dividend,中证红利,5010.915,5006.9024,5042.548333333334,5083.0895,5161.5701500000005
2023-12-19,4995.11,4981.94,4995.11,4957.65,25185444.0,dividend,中证红利,5009.3105,5007.0664,5039.211166666666,5083.153333333333,5160.32955
2023-12-20,4985.07,4959.65,5010.17,4959.65,30676057.0,dividend,中证红利,5007.353,5005.3688,5034.9245,5082.3102499999995,5159.0139
2023-12-21,4948.13,4954.71,4956.79,4909.4,34804247.0,dividend,中证红利,5003.191,5003.7228,5030.439833333334,5081.227583333332,5157.55775
2023-12-22,4955.64,4943.32,4978.21,4932.39,34933227.0,dividend,中证红利,4998.3035,5002.1376,5026.3325,5080.193166666667,5155.86695
2023-12-25,4936.54,4951.06,4955.06,4911.64,23997207.0,dividend,中证红利,4994.469,5000.3592,5021.9839999999995,5079.1807499999995,5154.097299999999
2023-12-26,4956.42,4921.87,4981.5,4917.78,27276983.0,dividend,中证红利,4989.193499999999,4996.672799999999,5017.322499999999,5077.48,5152.067
2023-12-27,4924.19,4950.14,4953.64,4902.98,30005831.0,dividend,中证红利,4987.094,4994.7264,5013.524,5076.224749999999,5150.3027999999995
2023-12-28,4950.95,4943.8,4960.82,4924.75,46516505.0,dividend,中证红利,4983.8535,4990.9604,5009.917166666666,5075.033333333334,5148.66535
2023-12-29,4935.53,4969.67,4975.88,4933.98,33036897.0,dividend,中证红利,4981.156,4988.1044,5006.726166666665,5074.33025,5147.17795
2024-01-02,4970.26,5020.99,5042.22,4968.39,41503727.0,dividend,中证红利,4980.9985,4987.834,5004.6975,5073.900250000001,5146.0314
2024-01-03,5014.11,5074.18,5074.75,5012.41,40495456.0,dividend,中证红利,4986.7415,4989.706,5004.406666666667,5073.74,5145.6192
2024-01-04,5074.3,5096.16,5100.02,5056.46,41077774.0,dividend,中证红利,4993.6900000000005,4993.8672,5004.746166666666,5073.680083333334,5145.0047
2024-01-05,5092.56,5099.25,5166.35,5077.34,52005595.0,dividend,中证红利,5000.418,4997.4928,5004.280833333333,5073.967833333333,5144.6216
2024-01-08,5092.0,5046.02,5092.25,5044.18,41645526.0,dividend,中证红利,5004.5315,4998.3888,5003.036000000001,5073.402166666667,5143.6595
2024-01-09,5040.91,5074.4,5084.88,5014.88,36745599.0,dividend,中证红利,5006.2665,5000.3992,5002.100666666666,5073.091166666667,5143.0822499999995
2024-01-10,5064.13,5046.52,5077.61,5046.52,30884135.0,dividend,中证红利,5004.689,5003.8872,5000.5345,5072.971,5142.210999999999
2024-01-11,5041.29,5020.58,5049.28,5013.52,39232073.0,dividend,中证红利,5003.911999999999,5006.422799999999,4999.325666666667,5072.6748333333335,5141.33325
2024-01-12,5013.64,5032.42,5059.63,5012.37,30488206.0,dividend,中证红利,5003.957,5009.1320000000005,4999.7294999999995,5072.309083333333,5140.518599999999
2024-01-15,5018.19,5057.51,5064.09,5013.84,31802311.0,dividend,中证红利,5006.7415,5012.8823999999995,5000.981833333333,5072.382083333333,5139.70675
2024-01-16,5052.33,5075.15,5081.67,5027.25,38171962.0,dividend,中证红利,5010.967,5014.3004,5003.640166666667,5072.617916666667,5138.9615
2024-01-17,5066.04,5004.11,5085.83,5004.11,40482337.0,dividend,中证红利,5012.0755,5011.342000000001,5004.491333333333,5072.24825,5138.0740000000005
2024-01-18,4991.42,4971.3,4991.42,4842.98,64091606.0,dividend,中证红利,5012.658,5008.7492,5004.0595,5070.902083333333,5137.23275
2024-01-19,4958.94,4942.08,4978.69,4926.21,41375514.0,dividend,中证红利,5012.0265,5005.171600000001,5002.740833333333,5069.236083333333,5136.23615
2024-01-22,4931.33,4778.68,4931.33,4751.07,54452149.0,dividend,中证红利,5003.794500000001,4996.246,4998.361000000001,5066.1630000000005,5134.49695
2024-01-23,4770.17,4835.93,4855.11,4734.1,42284715.0,dividend,中证红利,4998.038,4990.0576,4995.798666666667,5062.78075,5132.8833
2024-01-24,4846.86,4943.46,4945.52,4817.69,49091179.0,dividend,中证红利,4999.1175,4988.5184,4994.874833333334,5059.987416666667,5131.72115
2024-01-25,4955.65,5085.89,5085.89,4950.77,59802788.0,dividend,中证红利,5005.905000000001,4993.568,4996.424,5058.341,5131.15375
2024-01-26,5084.07,5152.4,5168.47,5081.15,63435655.0,dividend,中证红利,5016.335,5001.475600000001,4998.944,5057.65025,5130.82585
2024-01-29,5168.29,5166.21,5213.48,5158.82,65585196.0,dividend,中证红利,5026.162,5010.3912,5002.084333333333,5056.834583333333,5130.7297
2024-01-30,5146.93,5098.27,5187.54,5094.82,49853195.0,dividend,中证红利,5030.026,5016.2796,5004.224,5055.57925,5130.1941
2024-01-31,5074.56,5079.34,5138.25,5053.81,52382726.0,dividend,中证红利,5030.284000000001,5022.5784,5006.088166666666,5054.547833333333,5129.5563
2024-02-01,5053.61,5028.79,5081.76,5009.15,48665871.0,dividend,中证红利,5026.9155,5025.724400000001,5007.2125,5053.155666666667,5128.4986499999995
2024-02-02,5029.89,5024.8,5108.76,4923.52,62335731.0,dividend,中证红利,5023.193,5028.9644,5007.727666666667,5051.921666666666,5127.16135
2024-02-05,5008.15,5020.68,5078.89,4907.32,78256557.0,dividend,中证红利,5021.9259999999995,5031.004800000001,5008.475666666667,5050.545416666667,5125.7985
2024-02-06,4985.04,5139.15,5167.78,4970.23,75025225.0,dividend,中证红利,5025.163500000001,5035.7312,5011.0498333333335,5050.822666666666,5125.0590999999995
2024-02-07,5135.06,5240.32,5240.32,5094.57,88554580.0,dividend,中证红利,5034.853499999999,5042.376800000001,5015.424499999999,5051.965416666667,5124.4619
2024-02-08,5228.11,5244.22,5295.36,5209.61,73389606.0,dividend,中证红利,5046.0355,5048.2992,5019.460000000001,5052.858583333334,5123.7852
2024-02-19,5267.6,5348.88,5349.72,5212.54,69691984.0,dividend,中证红利,5061.8585,5058.2844000000005,5025.343666666667,5054.645,5123.6548999999995
2024-02-20,5333.91,5410.19,5414.86,5313.0,49307510.0,dividend,中证红利,5079.4925,5072.8512,5032.464333333333,5056.938416666668,5123.7882
2024-02-21,5386.17,5411.45,5487.65,5371.13,62152497.0,dividend,中证红利,5096.307500000001,5086.3332,5039.3965,5059.428333333333,5124.2513500000005
2024-02-22,5398.78,5490.4,5490.4,5396.32,45875972.0,dividend,中证红利,5120.622,5104.088400000001,5047.336,5063.0202500000005,5125.129
2024-02-23,5489.99,5470.98,5513.88,5440.47,50936326.0,dividend,中证红利,5145.606,5122.1044,5055.205666666666,5066.11375,5125.8232
2024-02-26,5461.05,5374.68,5465.6,5354.39,54178321.0,dividend,中证红利,5167.236,5135.7948,5060.8178333333335,5068.522583333333,5125.9697
2024-02-27,5358.52,5402.89,5408.3,5345.35,42001293.0,dividend,中证红利,5198.4465,5149.61,5066.848166666667,5071.366999999999,5126.1946
2024-02-28,5394.92,5352.36,5430.77,5350.74,53757445.0,dividend,中证红利,5224.268,5160.698399999999,5072.258333333333,5073.704416666666,5125.881649999999
2024-02-29,5331.08,5414.02,5414.02,5329.02,44078503.0,dividend,中证红利,5247.796,5177.0948,5078.702333333334,5075.971833333333,5125.33255
2024-03-01,5405.85,5414.24,5433.16,5391.46,42609086.0,dividend,中证红利,5264.2135,5194.8124,5085.7375,5078.164833333332,5124.714199999999
2024-03-04,5404.95,5439.76,5441.91,5384.41,48342034.0,dividend,中证红利,5278.5815,5214.7196,5092.923333333334,5080.882583333333,5123.64795
2024-03-05,5427.8,5469.15,5479.85,5417.88,50455131.0,dividend,中证红利,5293.728499999999,5242.338400000001,5100.348833333334,5084.284666666667,5122.9551
2024-03-06,5464.34,5467.62,5504.22,5459.96,42905033.0,dividend,中证红利,5312.196,5267.606,5107.740166666667,5087.2238333333335,5122.795950000001
2024-03-07,5467.28,5493.8,5537.5,5467.25,41488854.0,dividend,中证红利,5332.919,5289.6196,5116.648166666667,5089.720833333334,5122.7857
2024-03-08,5490.31,5524.19,5526.68,5468.3,38042236.0,dividend,中证红利,5357.689,5307.1516,5126.098166666667,5092.807666666666,5123.09095
2024-03-11,5518.78,5482.49,5529.36,5435.71,46985761.0,dividend,中证红利,5380.5735,5320.3552,5134.728166666667,5095.555916666666,5123.1945000000005
2024-03-12,5468.7,5379.18,5469.36,5365.32,62537384.0,dividend,中证红利,5398.4985,5328.874,5141.652,5097.669,5122.9728000000005
2024-03-13,5365.54,5356.53,5375.23,5314.96,44509118.0,dividend,中证红利,5409.367499999999,5339.2044,5146.9325,5099.872583333334,5122.7719
2024-03-14,5345.58,5370.83,5386.98,5345.06,39493647.0,dividend,中证红利,5415.893,5350.8640000000005,5151.811833333332,5101.884666666667,5122.4935000000005
2024-03-15,5365.46,5370.6,5375.09,5324.41,42990761.0,dividend,中证红利,5422.212,5364.5364,5157.3865,5103.9499166666665,5122.543549999999
2024-03-18,5361.52,5357.79,5366.09,5324.76,40803821.0,dividend,中证红利,5422.657499999999,5377.856,5162.824333333334,5105.789833333333,5122.55745
2024-03-19,5352.43,5338.32,5378.46,5333.3,38993388.0,dividend,中证红利,5419.064,5390.5616,5168.432666666667,5107.038749999999,5122.8121
2024-03-20,5328.53,5359.21,5368.24,5309.22,36595197.0,dividend,中证红利,5416.451999999999,5399.3640000000005,5174.575500000001,5108.5619166666675,5123.548199999999
2024-03-21,5358.66,5365.83,5379.61,5337.47,34343084.0,dividend,中证红利,5410.2235,5404.384399999999,5180.973666666667,5110.092416666666,5124.4361499999995
2024-03-22,5359.74,5347.74,5377.46,5312.37,38437407.0,dividend,中证红利,5404.061500000001,5408.5252,5187.441833333332,5111.183166666667,5125.009150000001
2024-03-25,5328.46,5352.36,5418.12,5323.56,42683514.0,dividend,中证红利,5402.9455,5408.664400000001,5194.069333333334,5112.254583333332,5125.4301000000005
2024-03-26,5355.05,5348.76,5367.02,5306.44,40994237.0,dividend,中证红利,5400.239,5406.2072,5200.826666666666,5113.579583333333,5125.863450000001
2024-03-27,5345.57,5330.7,5381.5,5330.7,40478016.0,dividend,中证红利,5399.156,5402.977199999999,5207.1539999999995,5114.569,5126.4459
2024-03-28,5321.68,5325.65,5357.39,5288.56,49382024.0,dividend,中证红利,5394.7375,5396.3872,5213.883666666667,5115.603083333333,5127.0958
2024-03-29,5317.68,5380.73,5381.64,5314.95,44114502.0,dividend,中证红利,5393.062,5392.7771999999995,5221.060166666666,5117.292083333333,5127.873299999999
2024-04-01,5369.7,5396.83,5399.02,5360.93,46833091.0,dividend,中证红利,5390.9155,5393.663200000001,5228.6106666666665,5119.263916666667,5128.59455
2024-04-02,5391.08,5416.89,5434.52,5388.95,49385123.0,dividend,中证红利,5388.3025,5394.223199999999,5236.064333333334,5121.3952500000005,5129.63225
2024-04-03,5413.37,5470.48,5471.97,5411.4,43919262.0,dividend,中证红利,5388.4455,5398.948,5243.555833333333,5124.126666666666,5130.74525
2024-04-08,5455.34,5461.65,5516.77,5432.73,50688172.0,dividend,中证红利,5386.838,5400.8532,5250.013666666667,5127.210166666668,5131.5775
2024-04-09,5457.12,5441.75,5480.1,5419.42,42608121.0,dividend,中证红利,5382.715999999999,5401.9536,5255.7735,5130.2598333333335,5132.3655
2024-04-10,5436.46,5454.41,5486.45,5429.5,44554378.0,dividend,中证红利,5381.312,5402.5396,5261.6928333333335,5132.9868333333325,5133.37595
2024-04-11,5431.99,5502.44,5530.82,5422.69,41219992.0,dividend,中证红利,5387.475,5403.8712,5269.2998333333335,5136.167916666667,5134.67115
2024-04-12,5492.42,5483.85,5519.75,5469.29,40023283.0,dividend,中证红利,5393.841,5404.5204,5276.124,5139.1123333333335,5136.01595
2024-04-15,5486.15,5585.26,5591.44,5457.32,58516230.0,dividend,中证红利,5404.5625,5408.1788,5285.103,5142.81875,5137.85935
2024-04-16,5578.32,5566.74,5641.28,5536.78,62092531.0,dividend,中证红利,5414.3695,5409.8808,5294.205666666666,5146.765666666667,5139.7042
2024-04-17,5555.88,5669.06,5669.06,5536.0,59092737.0,dividend,中证红利,5429.933,5417.3436,5304.816333333333,5152.272916666667,5142.3868
2024-04-18,5663.77,5693.42,5742.68,5660.48,63276899.0,dividend,中证红利,5447.688,5429.913199999999,5315.414833333333,5158.198333333333,5145.4026
2024-04-19,5659.11,5710.27,5748.31,5655.55,50089295.0,dividend,中证红利,5465.241,5444.062800000001,5326.000166666666,5164.820166666667,5148.75045
2024-04-22,5708.57,5594.4,5741.44,5592.54,53287877.0,dividend,中证红利,5476.6695,5453.0055999999995,5335.838333333333,5170.164833333333,5151.85105
2024-04-23,5564.36,5501.33,5567.27,5490.9,49196872.0,dividend,中证红利,5484.349,5458.2348,5344.672166666667,5174.365833333333,5154.0536
2024-04-24,5500.42,5509.22,5509.68,5451.12,38784610.0,dividend,中证红利,5492.192,5464.2919999999995,5354.1245,5178.432666666666,5156.17655
2024-04-25,5501.3,5536.79,5539.19,5493.69,37438048.0,dividend,中证红利,5501.5935,5472.230799999999,5366.759666666667,5182.560333333333,5158.52325
2024-04-26,5523.12,5502.14,5554.14,5459.58,68592401.0,dividend,中证红利,5510.1655,5477.947999999999,5377.863166666666,5186.830916666667,5160.6712
2024-04-29,5470.38,5495.31,5503.77,5427.32,75759487.0,dividend,中证红利,5518.6485,5483.1272,5387.060666666666,5190.96775,5162.5179499999995
2024-04-30,5482.78,5499.66,5536.11,5469.79,64522771.0,dividend,中证红利,5524.594999999999,5489.203999999999,5393.956833333334,5195.190416666666,5164.5124
2024-05-06,5532.23,5554.32,5557.5,5494.59,72242175.0,dividend,中证红利,5532.4695,5497.2824,5400.6555,5199.79975,5166.850149999999
2024-05-07,5548.57,5556.5,5562.74,5528.61,55207335.0,dividend,中证红利,5539.45,5505.592,5407.160333333333,5204.622333333334,5169.36245
2024-05-08,5550.16,5563.15,5588.34,5544.96,47019318.0,dividend,中证红利,5544.0835,5514.89,5414.908333333334,5209.566166666667,5171.81525
2024-05-09,5562.46,5602.73,5613.91,5560.64,45940438.0,dividend,中证红利,5551.1375,5525.973199999999,5423.6315,5214.859833333334,5174.36185
2024-05-10,5602.78,5628.3,5632.77,5576.65,50174279.0,dividend,中证红利,5560.465,5535.876,5433.623333333334,5220.417916666667,5176.9866
2024-05-13,5610.63,5644.16,5653.77,5569.58,48478547.0,dividend,中证红利,5569.9525,5545.769199999999,5443.946,5225.836833333334,5179.8838
2024-05-14,5638.88,5627.96,5644.03,5597.38,44098166.0,dividend,中证红利,5576.2285,5554.2119999999995,5454.067333333333,5231.2715,5182.4541
2024-05-15,5616.8,5621.33,5658.91,5595.88,39848514.0,dividend,中证红利,5583.102499999999,5560.246,5462.103666666667,5236.576750000001,5185.002149999999
2024-05-16,5623.45,5633.55,5660.02,5617.43,55943982.0,dividend,中证红利,5585.517,5567.121999999999,5468.6575,5242.040999999999,5187.8652
2024-05-17,5633.35,5689.08,5691.02,5609.63,63058047.0,dividend,中证红利,5591.634,5577.0152,5476.071833333333,5247.765916666667,5191.03
2024-05-20,5690.53,5742.41,5759.63,5688.52,66920433.0,dividend,中证红利,5595.3015,5588.5352,5482.630666666667,5253.987166666667,5194.3605
2024-05-21,5728.54,5757.02,5770.85,5720.48,46354697.0,dividend,中证红利,5598.4815,5598.7184,5488.411166666668,5260.43775,5197.90185
2024-05-22,5756.77,5754.62,5806.63,5752.84,53402834.0,dividend,中证红利,5600.699,5609.5491999999995,5494.130666666667,5266.763583333333,5201.4407
2024-05-23,5732.51,5675.44,5733.81,5662.36,47708334.0,dividend,中证红利,5604.751,5613.1564,5497.214666666667,5272.275333333334,5204.57555
2024-05-24,5654.69,5650.87,5721.75,5647.62,41480839.0,dividend,中证红利,5612.228,5616.521599999999,5500.212833333334,5277.70925,5207.1657
2024-05-27,5658.28,5732.45,5735.26,5658.28,44544182.0,dividend,中证红利,5623.389499999999,5619.057199999999,5506.175666666667,5283.49675,5210.11795
2024-05-28,5731.14,5705.08,5747.36,5697.44,39187332.0,dividend,中证红利,5631.804,5619.5235999999995,5511.212166666666,5289.030166666667,5212.9061
2024-05-29,5694.27,5716.21,5755.99,5687.0,37767439.0,dividend,中证红利,5642.507500000001,5619.7612,5517.276333333333,5294.767333333334,5215.27815
2024-05-30,5701.21,5664.77,5743.79,5651.97,41841588.0,dividend,中证红利,5650.9805,5622.576,5521.4555,5300.078916666667,5217.2087
2024-05-31,5674.24,5669.49,5709.33,5669.49,37552694.0,dividend,中证红利,5659.472,5629.3024,5525.709666666667,5305.723583333334,5219.13885
2024-06-03,5663.65,5634.79,5674.44,5600.95,47728172.0,dividend,中证红利,5663.495499999999,5634.3252,5528.960166666667,5310.941749999999,5221.13635
2024-06-04,5622.58,5663.53,5671.96,5598.79,40702397.0,dividend,中证红利,5668.847,5639.3948,5532.199833333333,5316.274333333333,5223.13355
2024-06-05,5662.03,5591.39,5668.92,5589.75,37141870.0,dividend,中证红利,5670.259,5642.964800000001,5534.262666666666,5321.001416666667,5224.84595
2024-06-06,5582.96,5596.1,5636.87,5579.88,43186974.0,dividend,中证红利,5669.9275,5646.996399999999,5535.967666666666,5326.307916666667,5226.8109
2024-06-07,5600.14,5629.32,5633.33,5589.24,43350033.0,dividend,中证红利,5669.9785,5652.1828000000005,5537.719833333334,5331.909000000001,5228.978249999999
2024-06-11,5621.51,5535.75,5626.58,5517.05,47705269.0,dividend,中证红利,5664.558,5651.44,5538.6075,5336.667833333334,5230.7926
2024-06-12,5525.44,5597.65,5605.32,5511.44,43638725.0,dividend,中证红利,5663.0425000000005,5653.085999999999,5542.248666666666,5341.950333333333,5232.8517
2024-06-13,5584.51,5528.94,5591.27,5513.05,39129509.0,dividend,中证红利,5658.423000000001,5651.7176,5545.122166666666,5346.027333333333,5234.967000000001
2024-06-14,5504.89,5514.71,5527.73,5485.86,57192316.0,dividend,中证红利,5652.481,5648.1968,5547.520166666667,5349.665999999999,5237.024600000001
2024-06-17,5500.09,5442.69,5522.88,5436.08,46945791.0,dividend,中证红利,5640.1615,5640.7724,5548.721666666666,5353.054083333333,5238.55285
2024-06-18,5440.73,5460.87,5469.47,5412.46,34957838.0,dividend,中证红利,5626.0845,5633.4408,5550.439666666667,5356.632,5240.18465
2024-06-19,5452.96,5438.2,5469.59,5431.51,33938007.0,dividend,中证红利,5610.1435,5625.850399999999,5552.104333333334,5360.2685,5241.70075
2024-06-20,5430.88,5421.53,5450.66,5407.01,33695459.0,dividend,中证红利,5593.489,5617.8584,5553.142999999999,5363.8592499999995,5243.2451
2024-06-21,5408.85,5417.8,5442.96,5397.58,35188059.0,dividend,中证红利,5580.607,5609.228400000001,5554.009166666667,5367.491416666668,5245.037249999999
2024-06-24,5400.87,5347.62,5401.38,5322.85,39129798.0,dividend,中证红利,5565.4445,5595.57,5554.007166666666,5370.7245,5246.2765500000005
2024-06-25,5342.56,5360.9,5389.79,5340.14,38294062.0,dividend,中证红利,5546.867,5580.3096,5554.1494999999995,5374.109416666667,5247.652950000001
2024-06-26,5340.99,5368.96,5372.08,5313.3,33556708.0,dividend,中证红利,5530.061,5564.7872,5554.486166666667,5377.656416666667,5249.18995
2024-06-27,5354.17,5334.25,5371.8,5321.77,40649668.0,dividend,中证红利,5510.963,5547.9724,5554.5453333333335,5380.849666666667,5250.501850000001
2024-06-28,5319.22,5354.83,5382.53,5317.32,40908680.0,dividend,中证红利,5495.466,5535.148,5555.031666666666,5384.457666666667,5251.56635
2024-07-01,5353.73,5471.46,5475.2,5353.53,42458692.0,dividend,中证红利,5485.5644999999995,5527.971600000001,5556.543833333333,5388.802,5253.168250000001
2024-07-02,5472.69,5464.48,5487.84,5427.74,44058089.0,dividend,中证红利,5477.049000000001,5517.2528,5557.671333333333,5393.1410000000005,5254.9225
2024-07-03,5456.37,5419.51,5471.71,5411.16,37325720.0,dividend,中证红利,5464.848,5505.83,5557.714999999999,5396.889666666666,5256.715550000001
2024-07-04,5418.98,5384.29,5441.66,5376.55,35388206.0,dividend,中证红利,5454.4929999999995,5492.553199999999,5556.2785,5399.917166666666,5258.0624
2024-07-05,5382.52,5365.13,5394.28,5328.6,42145355.0,dividend,中证红利,5442.9445,5480.5676,5554.669833333333,5402.3417500000005,5258.9172499999995
2024-07-08,5347.29,5326.18,5365.56,5316.98,39481988.0,dividend,中证红利,5427.7875,5466.8352,5552.743666666666,5404.258583333333,5259.7793
2024-07-09,5318.05,5382.26,5390.02,5287.44,39555870.0,dividend,中证红利,5420.112999999999,5456.734,5551.541166666666,5406.617,5260.9271
2024-07-10,5351.59,5273.2,5355.92,5268.38,39927954.0,dividend,中证红利,5403.8904999999995,5441.1208,5547.720499999999,5408.510166666666,5261.66505
2024-07-11,5292.23,5283.23,5298.63,5253.76,41869127.0,dividend,中证红利,5391.605,5428.7944,5544.376833333334,5410.250416666666,5262.6206999999995
2024-07-12,5260.86,5254.14,5289.32,5244.61,43928015.0,dividend,中证红利,5378.5765,5415.116,5538.858166666667,5411.980583333334,5263.2445
2024-07-15,5246.79,5300.04,5311.07,5228.08,39668528.0,dividend,中证红利,5371.444,5401.9448,5534.413166666667,5414.309416666667,5264.13085
2024-07-16,5283.6,5263.49,5289.18,5242.52,39475144.0,dividend,中证红利,5361.575,5391.054399999999,5527.653666666667,5416.235000000001,5264.7633
2024-07-17,5251.2,5227.97,5261.41,5214.21,39978184.0,dividend,中证红利,5351.063499999999,5376.267199999999,5519.896166666666,5417.6555,5264.9609
2024-07-18,5211.35,5235.43,5239.71,5174.35,35918694.0,dividend,中证红利,5341.7585,5364.526800000001,5511.982166666667,5418.991166666668,5265.2559
2024-07-19,5222.65,5199.05,5222.65,5174.21,41414171.0,dividend,中证红利,5330.821,5351.9004,5505.393,5420.615666666667,5265.3403
2024-07-22,5190.68,5151.02,5190.68,5107.35,43309554.0,dividend,中证红利,5320.991,5340.2336,5499.554499999999,5422.113333333333,5265.01115
2024-07-23,5144.75,5087.1,5147.06,5087.1,44330018.0,dividend,中证红利,5307.301,5325.2828,5492.519166666667,5423.321833333333,5264.3277
2024-07-24,5078.61,5075.72,5100.35,5051.63,44215306.0,dividend,中证红利,5292.639,5310.7836,5484.834666666666,5425.797166666667,5263.7575
2024-07-25,5064.74,5063.54,5073.67,5023.73,47047156.0,dividend,中证红利,5279.1035,5296.464,5477.524666666667,5427.693916666667,5263.015349999999
2024-07-26,5057.37,5062.35,5080.82,5027.99,43542224.0,dividend,中证红利,5264.4794999999995,5282.246,5470.308666666667,5428.684666666666,5262.3193
2024-07-29,5059.3,5067.15,5071.94,5032.67,37915229.0,dividend,中证红利,5244.264,5271.0271999999995,5463.100166666667,5428.528499999999,5261.7648
2024-07-30,5057.39,5035.22,5057.39,5013.33,35735447.0,dividend,中证红利,5222.8009999999995,5258.0,5454.4484999999995,5427.552,5261.13985
2024-07-31,5037.0,5114.86,5119.08,5028.77,51639976.0,dividend,中证红利,5207.568499999999,5247.835999999999,5447.087833333333,5427.124083333333,5260.9085
2024-08-01,5116.56,5105.84,5133.82,5105.27,45026092.0,dividend,中证红利,5193.646000000001,5238.6996,5439.466,5427.187166666667,5260.72415
2024-08-02,5085.11,5092.8,5118.38,5067.43,33592636.0,dividend,中证红利,5180.0295,5228.218400000001,5430.967166666666,5427.2993333333325,5260.73
2024-08-05,5073.63,5034.11,5111.47,5026.32,44325978.0,dividend,中证红利,5165.4259999999995,5210.7244,5421.063999999999,5427.343666666667,5260.5216
2024-08-06,5053.72,5018.31,5075.07,4982.11,39506095.0,dividend,中证红利,5147.2285,5192.8776,5410.6331666666665,5427.289583333333,5259.9773
2024-08-07,5011.8,5031.85,5057.81,4998.74,32613501.0,dividend,中证红利,5135.161,5177.3712000000005,5400.698,5427.382666666666,5259.533
2024-08-08,5032.43,5055.42,5066.17,5019.33,28240091.0,dividend,中证红利,5123.7705000000005,5164.2164,5391.266166666666,5426.684916666667,5259.1575
2024-08-09,5059.33,5034.24,5073.74,5034.24,32763123.0,dividend,中证红利,5112.775500000001,5150.980799999999,5381.277666666666,5424.967583333333,5258.62625
2024-08-12,5036.65,5062.34,5078.66,5022.91,30291539.0,dividend,中证红利,5100.8904999999995,5140.4272,5370.831999999999,5423.451916666667,5258.4724
2024-08-13,5069.49,5070.04,5076.36,5035.07,31001682.0,dividend,中证红利,5091.218000000001,5127.9384,5359.6258333333335,5421.12825,5258.781650000001
2024-08-14,5062.12,5047.33,5071.26,5046.02,26866463.0,dividend,中证红利,5082.186,5118.9036,5347.797666666666,5418.104416666666,5259.10645
2024-08-15,5045.21,5092.54,5110.64,5035.96,34912467.0,dividend,中证红利,5075.0415,5111.276,5336.763,5415.446833333333,5259.9909
2024-08-16,5092.32,5092.86,5109.96,5080.46,35352164.0,dividend,中证红利,5069.732,5104.824799999999,5327.053333333332,5412.134,5260.69
2024-08-19,5090.88,5135.8,5141.35,5090.07,39315962.0,dividend,中证红利,5068.971,5098.2552000000005,5318.468833333333,5409.340833333334,5261.38295
2024-08-20,5141.08,5076.74,5141.82,5054.54,40895999.0,dividend,中证红利,5068.4529999999995,5090.7852,5307.540333333333,5406.858000000001,5261.66065
2024-08-21,5065.56,5036.84,5066.83,5009.61,35710854.0,dividend,中证红利,5066.509,5083.14,5296.403,5403.807583333333,5261.6375
2024-08-22,5035.06,5028.88,5054.42,5021.44,37282301.0,dividend,中证红利,5064.776,5074.878000000001,5284.947499999999,5401.111916666667,5261.833549999999
2024-08-23,5020.79,5034.11,5048.08,5005.55,33470241.0,dividend,中证红利,5063.364,5068.280400000001,5274.4365,5397.946,5262.00965
2024-08-26,5034.36,5028.44,5040.47,4994.67,32847004.0,dividend,中证红利,5061.4285,5063.3772,5263.752333333334,5394.731000000001,5262.18715
2024-08-27,5020.74,5027.49,5031.99,5009.55,36593117.0,dividend,中证红利,5061.042,5060.9928,5253.630666666667,5391.295416666667,5262.3186
2024-08-28,5013.05,5001.42,5031.33,4987.01,34802073.0,dividend,中证红利,5055.370000000001,5058.020799999999,5242.595499999999,5387.397666666667,5262.436750000001
2024-08-29,4997.09,4928.91,4997.86,4926.4,52297028.0,dividend,中证红利,5046.5235,5052.6356,5231.554166666667,5382.908416666667,5262.231849999999
2024-08-30,4929.69,4946.1,4998.95,4903.69,76435940.0,dividend,中证红利,5039.1885,5047.9856,5220.720833333334,5378.344249999999,5262.1249
2024-09-02,4932.5,4964.3,4992.69,4907.98,59477393.0,dividend,中证红利,5035.698,5043.8715999999995,5209.637166666666,5373.6785,5262.139749999999
2024-09-03,4960.15,4928.78,4975.57,4904.38,54145112.0,dividend,中证红利,5031.2215,5039.6140000000005,5199.521,5369.06425,5261.814200000001
2024-09-04,4906.36,4922.38,4944.25,4890.73,41132171.0,dividend,中证红利,5025.7480000000005,5031.9148,5188.2665,5365.257583333334,5261.5471
2024-09-05,4921.99,4922.91,4938.61,4902.32,37340862.0,dividend,中证红利,5019.1224999999995,5024.5976,5178.166,5361.644083333333,5261.238150000001
2024-09-06,4916.23,4875.41,4940.62,4872.73,31362960.0,dividend,中证红利,5011.181,5015.902,5167.5109999999995,5357.515583333333,5260.726
2024-09-09,4863.13,4793.09,4863.13,4778.41,41842830.0,dividend,中证红利,4997.7185,5006.2612,5156.684333333334,5352.7029999999995,5259.681
2024-09-10,4793.39,4797.09,4809.18,4747.9,39133645.0,dividend,中证红利,4984.071,4997.4124,5145.621333333333,5348.0305,5258.68715
2024-09-11,4779.31,4703.98,4779.31,4686.92,43243000.0,dividend,中证红利,4966.903499999999,4984.2976,5133.384333333333,5342.744333333334,5257.2923
2024-09-12,4701.72,4717.86,4739.6,4693.7,35975840.0,dividend,中证红利,4948.1695,4970.7952,5121.6565,5337.39975,5255.904
2024-09-13,4720.21,4696.57,4749.09,4696.57,32493507.0,dividend,中证红利,4928.355,4957.2884,5109.636,5331.822583333333,5254.3167
2024-09-18,4696.73,4750.47,4758.86,4685.38,32727233.0,dividend,中证红利,4909.0885,4944.8135999999995,5099.6835,5326.845333333334,5253.07505
2024-09-19,4759.45,4765.35,4788.28,4711.4,41843374.0,dividend,中证红利,4893.519,4932.626,5089.757666666667,5321.953583333334,5251.712049999999
2024-09-20,4757.66,4759.79,4772.63,4734.14,40511443.0,dividend,中证红利,4879.666499999999,4921.1244,5079.604833333333,5317.045499999999,5250.30565
2024-09-23,4756.91,4810.41,4824.01,4751.78,34306549.0,dividend,中证红利,4868.743,4909.8392,5070.8741666666665,5312.709749999999,5249.21895
2024-09-24,4840.81,5025.98,5025.98,4840.81,71656278.0,dividend,中证红利,4868.336499999999,4907.164000000001,5065.393333333334,5310.2125,5249.211950000001
2024-09-25,5093.42,5093.98,5200.06,5087.28,84366401.0,dividend,中证红利,4871.6135,4905.4912,5059.102,5307.822916666667,5249.7212
2024-09-26,5091.33,5279.07,5279.07,5079.74,86389828.0,dividend,中证红利,4884.192499999999,4913.5844,5056.011833333334,5306.841583333333,5251.0734999999995
2024-09-27,5355.48,5355.89,5395.07,5262.64,84282994.0,dividend,中证红利,4901.915999999999,4926.3464,5054.9515,5306.33325,5252.73485
2024-09-30,5511.04,5699.29,5750.11,5431.27,177455508.0,dividend,中证红利,4940.435,4953.1628,5060.201499999999,5308.24,5256.110600000001
2024-10-08,6209.67,5753.63,6209.67,5608.36,204727312.0,dividend,中证红利,4980.8115,4981.9436,5066.6765,5310.673166666666,5260.082149999999
2024-10-09,5655.65,5313.82,5655.65,5313.82,133676798.0,dividend,中证红利,4998.2875,4993.358799999999,5066.470499999999,5309.607083333333,5261.8653
2024-10-10,5329.07,5478.74,5593.9,5329.07,124862344.0,dividend,中证红利,5025.7855,5011.4088,5068.0785000000005,5309.809833333334,5264.435549999999
2024-10-11,5482.62,5382.62,5517.21,5337.9,81521628.0,dividend,中证红利,5048.7975,5026.6568,5069.902166666667,5308.811333333333,5266.5298999999995
2024-10-14,5432.03,5524.01,5564.0,5419.01,98622207.0,dividend,中证红利,5078.8525,5050.4608,5073.915166666667,5309.146,5268.9514500000005
2024-10-15,5498.36,5400.97,5522.46,5400.97,72116441.0,dividend,中证红利,5105.1305,5068.6556,5076.362333333334,5307.61025,5270.56595
2024-10-16,5375.3,5474.85,5515.77,5372.98,77481415.0,dividend,中证红利,5139.218500000001,5089.0776000000005,5079.275833333333,5306.8445,5272.759600000001
2024-10-17,5489.6,5383.42,5520.19,5383.42,66817570.0,dividend,中证红利,5168.535,5107.2632,5081.274666666666,5304.464166666667,5274.5191
2024-10-18,5371.36,5430.08,5498.5,5317.54,79883902.0,dividend,中证红利,5204.84,5127.5712,5084.643166666667,5302.269666666666,5276.660400000001
2024-10-21,5442.23,5394.99,5442.44,5364.26,74936199.0,dividend,中证红利,5238.6965,5146.4544,5087.302500000001,5299.642333333333,5278.682150000001
2024-10-22,5390.65,5429.92,5442.62,5377.11,54201267.0,dividend,中证红利,5275.364,5168.6348,5091.150333333333,5298.2716666666665,5280.922049999999
2024-10-23,5429.93,5439.08,5457.35,5417.06,53353822.0,dividend,中证红利,5309.7945,5194.4744,5095.951333333333,5297.752916666666,5283.319200000001
2024-10-24,5427.73,5411.05,5437.99,5392.34,43071854.0,dividend,中证红利,5342.0795,5219.0328,5101.3505,5296.934833333334,5285.6008999999995
2024-10-25,5406.76,5416.04,5432.04,5396.97,49073354.0,dividend,中证红利,5374.892000000001,5247.5152,5107.022500000001,5295.928583333333,5287.964499999999
2024-10-28,5418.14,5469.86,5469.86,5401.86,68473622.0,dividend,中证红利,5407.864500000001,5277.5952,5113.7945,5295.659583333333,5290.5585
2024-10-29,5468.1,5386.33,5475.53,5378.54,63804489.0,dividend,中证红利,5425.882,5305.1856,5119.194166666667,5294.751416666666,5292.8808
2024-10-30,5368.33,5339.59,5399.96,5307.43,54565995.0,dividend,中证红利,5438.1625,5328.750400000001,5123.734833333333,5293.4175,5294.828049999999
2024-10-31,5328.24,5319.41,5340.16,5268.63,67528000.0,dividend,中证红利,5440.1795,5350.9128,5128.471333333334,5291.459916666666,5296.706099999999
2024-11-01,5318.96,5360.42,5398.57,5310.07,71621401.0,dividend,中证红利,5440.406,5374.938,5132.564,5289.825916666667,5298.65985
2024-11-04,5379.42,5406.55,5406.55,5323.58,53181829.0,dividend,中证红利,5425.768999999999,5398.7836,5137.575833333333,5288.5209166666655,5300.58765
2024-11-05,5408.58,5475.9,5475.9,5391.5,63257038.0,dividend,中证红利,5411.882500000001,5416.780400000001,5143.9608333333335,5287.463999999999,5302.59625
2024-11-06,5479.58,5455.84,5486.25,5430.66,69058815.0,dividend,中证红利,5418.9835,5431.2548,5150.989666666666,5286.026833333333,5304.394650000001
2024-11-07,5429.79,5564.85,5564.85,5423.87,81637354.0,dividend,中证红利,5423.289000000001,5442.686,5160.098666666668,5285.365916666667,5306.72265
2024-11-08,5580.83,5489.28,5597.08,5467.44,79007512.0,dividend,中证红利,5428.622,5448.0216,5167.7225,5284.21025,5308.93895
2024-11-11,5460.52,5449.77,5463.71,5390.21,70287714.0,dividend,中证红利,5424.91,5438.0408,5174.295,5282.780583333332,5310.815799999999
2024-11-12,5449.95,5421.26,5497.76,5397.52,67373676.0,dividend,中证红利,5425.9245,5424.746,5180.745333333334,5281.0115,5312.6894999999995
2024-11-13,5407.44,5443.07,5454.81,5404.26,59770473.0,dividend,中证红利,5424.335499999999,5429.916,5187.090833333334,5278.961416666667,5314.801950000001
2024-11-14,5440.64,5372.8,5449.1,5369.55,59917628.0,dividend,中证红利,5423.8045,5425.6784,5192.136833333334,5275.881333333334,5316.50385
2024-11-15,5359.15,5356.62,5415.89,5356.62,58680284.0,dividend,中证红利,5420.1314999999995,5424.6384,5197.291666666667,5272.544666666667,5317.9994
2024-11-18,5399.67,5445.0,5523.46,5399.67,103868966.0,dividend,中证红利,5422.632,5421.477999999999,5203.166,5269.9645,5319.84865
2024-11-19,5436.73,5449.51,5465.94,5380.26,75684496.0,dividend,中证红利,5423.611500000001,5423.419599999999,5209.110166666667,5268.081749999999,5322.07565
2024-11-20,5432.39,5465.77,5466.57,5419.17,53738724.0,dividend,中证红利,5424.946000000001,5423.0564,5214.609666666666,5266.53925,5324.548000000001
2024-11-21,5455.27,5461.15,5478.1,5435.68,43933536.0,dividend,中证红利,5427.451,5426.1656,5221.0165,5264.278416666667,5327.143349999999
2024-11-22,5456.45,5312.33,5476.15,5312.33,56015278.0,dividend,中证红利,5422.2654999999995,5421.4556,5225.608000000001,5261.005499999999,5329.8116
2024-11-25,5321.45,5320.61,5366.14,5288.35,50032795.0,dividend,中证红利,5414.803000000001,5418.4804,5230.470166666667,5257.708833333333,5332.235
2024-11-26,5310.32,5322.63,5346.02,5301.2,45648860.0,dividend,中证红利,5411.618,5414.1888,5235.278833333333,5254.857666666666,5334.13085
2024-11-27,5310.91,5380.43,5380.43,5259.88,47748060.0,dividend,中证红利,5413.66,5411.8428,5241.145333333334,5252.448833333333,5335.60355
2024-11-28,5373.7,5358.43,5390.12,5349.4,41278800.0,dividend,中证红利,5415.611,5409.737999999999,5246.660999999999,5250.145833333333,5336.6337
2024-11-29,5358.8,5392.24,5420.51,5358.8,53069081.0,dividend,中证红利,5417.201999999999,5408.786,5253.174666666667,5247.885083333333,5337.76385
2024-12-02,5405.74,5420.61,5429.27,5376.55,61935884.0,dividend,中证红利,5417.905000000001,5406.816,5261.3696666666665,5246.461916666667,5339.37555
2024-12-03,5414.58,5475.91,5475.91,5393.64,64885113.0,dividend,中证红利,5417.9055,5410.399200000001,5270.199833333333,5245.460333333333,5341.358400000001
2024-12-04,5456.55,5483.94,5506.85,5432.13,62787128.0,dividend,中证红利,5419.3105,5416.173200000001,5278.8605,5244.248833333333,5343.634150000001
2024-12-05,5473.23,5474.81,5485.92,5460.35,45666921.0,dividend,中证红利,5414.8085,5422.3892000000005,5287.960999999999,5243.740999999999,5345.8842
2024-12-06,5477.78,5549.69,5558.94,5477.78,59886700.0,dividend,中证红利,5417.829,5429.96,5298.416166666667,5243.341333333333,5348.5292500000005
2024-12-09,5547.42,5558.78,5590.48,5529.57,58690446.0,dividend,中证红利,5423.279500000001,5436.0492,5309.013999999999,5243.59,5350.6274
2024-12-10,5656.47,5559.89,5670.74,5551.77,75936648.0,dividend,中证红利,5430.211,5439.4088,5320.4220000000005,5243.9664999999995,5352.22525
2024-12-11,5545.68,5587.8,5601.09,5545.47,61555364.0,dividend,中证红利,5437.4475,5444.687199999999,5333.667166666666,5245.175749999999,5353.943150000001
2024-12-12,5587.01,5609.68,5612.87,5567.8,59960046.0,dividend,中证红利,5449.2915,5446.4804,5347.210333333333,5246.4158333333335,5355.247149999999
2024-12-13,5592.25,5511.56,5592.25,5506.86,83189390.0,dividend,中证红利,5457.038500000001,5447.3716,5360.67,5247.027166666667,5355.754
2024-12-16,5508.82,5557.69,5593.09,5508.82,68600998.0,dividend,中证红利,5462.673000000001,5451.6884,5374.667166666666,5248.161833333334,5356.4852
2024-12-17,5554.2,5537.64,5592.38,5527.16,59992562.0,dividend,中证红利,5467.0795,5456.3436,5388.6849999999995,5249.1605,5356.7214
2024-12-18,5552.56,5571.98,5611.78,5552.56,62184724.0,dividend,中证红利,5472.39,5461.5,5402.376833333334,5251.030166666666,5357.2264000000005
2024-12-19,5538.68,5518.37,5554.86,5487.8,52170517.0,dividend,中证红利,5475.251,5467.3228,5414.927166666666,5252.342416666667,5357.94485
2024-12-20,5509.26,5472.42,5523.64,5469.83,52621061.0,dividend,中证红利,5483.2555,5471.954800000001,5426.8043333333335,5253.204583333333,5358.2925
2024-12-23,5470.77,5475.13,5526.65,5469.03,66620453.0,dividend,中证红利,5490.9815,5473.16,5437.883,5254.378583333333,5358.90635
2024-12-24,5473.59,5537.93,5539.37,5472.47,53691738.0,dividend,中证红利,5501.7465,5476.696800000001,5446.4155,5255.904416666667,5359.5259
2024-12-25,5537.26,5559.46,5564.05,5519.23,56969443.0,dividend,中证红利,5510.697999999999,5480.4444,5454.173500000001,5256.63775,5360.2519999999995
2024-12-26,5555.04,5533.8,5556.56,5523.01,45527643.0,dividend,中证红利,5519.4665,5483.350399999999,5458.419,5257.215416666667,5360.7222
2024-12-27,5527.63,5545.56,5549.21,5490.62,51540162.0,dividend,中证红利,5527.1325,5492.6795999999995,5461.580166666667,5258.265833333334,5361.10425
2024-12-30,5541.13,5612.29,5616.41,5540.94,57828893.0,dividend,中证红利,5536.7165,5504.346799999999,5460.130166666667,5260.1658333333335,5361.8276000000005
2024-12-31,5612.98,5581.5,5652.11,5580.62,62230774.0,dividend,中证红利,5541.996,5514.7016,5457.261333333333,5261.968916666667,5362.2661
2025-01-02,5586.23,5470.19,5614.65,5441.94,73508392.0,dividend,中证红利,5541.308500000001,5518.2919999999995,5459.867499999999,5263.168999999999,5361.9961
2025-01-03,5482.19,5424.41,5516.0,5415.36,60218440.0,dividend,中证红利,5538.7885,5520.9312,5458.962,5263.52025,5361.7056999999995
2025-01-06,5420.67,5444.26,5460.85,5386.96,56755761.0,dividend,中证红利,5533.517,5523.012000000001,5459.989333333333,5264.94575,5362.0311
2025-01-07,5432.47,5428.63,5452.2,5381.53,47120455.0,dividend,中证红利,5527.0095,5523.3328,5458.399666666666,5266.157416666667,5362.3916
2025-01-08,5412.38,5416.3,5437.46,5349.41,54725871.0,dividend,中证红利,5519.83,5520.948399999999,5458.655166666666,5267.50875,5362.61895
2025-01-09,5395.02,5336.23,5395.21,5334.84,44025738.0,dividend,中证红利,5507.2515,5515.040000000001,5456.344833333334,5267.810333333333,5362.447100000001
2025-01-10,5332.45,5255.72,5351.61,5255.72,42375806.0,dividend,中证红利,5489.5535,5506.276399999999,5454.2164999999995,5267.745583333333,5361.936750000001
2025-01-13,5234.35,5214.98,5263.68,5192.13,44401539.0,dividend,中证红利,5474.7245,5492.887999999999,5450.6315,5267.637333333333,5361.32005
2025-01-14,5223.22,5310.86,5316.56,5213.9,47207948.0,dividend,中证红利,5462.383,5482.9712,5449.229333333334,5268.265916666666,5361.078300000001
2025-01-15,5301.61,5312.62,5358.79,5298.09,45564155.0,dividend,中证红利,5451.132,5473.080400000001,5447.274333333334,5269.212333333333,5360.81225
2025-01-16,5331.77,5355.67,5383.74,5330.58,42752958.0,dividend,中证红利,5440.3165,5463.7952000000005,5445.884166666667,5270.91775,5360.8519
2025-01-17,5345.62,5340.43,5359.51,5311.02,39676890.0,dividend,中证红利,5431.4195,5453.0252,5444.707166666666,5273.028833333334,5360.792250000001
2025-01-20,5349.23,5328.87,5362.12,5320.33,42473973.0,dividend,中证红利,5424.242,5445.7176,5443.254333333332,5275.138416666667,5360.692800000001
2025-01-21,5344.49,5295.87,5346.75,5286.15,38665648.0,dividend,中证红利,5415.279,5435.2447999999995,5440.3545,5277.074500000001,5360.51865
2025-01-22,5282.15,5242.84,5282.15,5224.54,42622497.0,dividend,中证红利,5400.5244999999995,5423.4528,5437.963,5278.578583333334,5360.1046
2025-01-23,5269.85,5296.17,5325.48,5269.85,58097967.0,dividend,中证红利,5387.360000000001,5412.4204,5437.239333333333,5280.487083333334,5359.6818
2025-01-24,5285.62,5330.38,5348.95,5274.08,46679522.0,dividend,中证红利,5377.189,5404.900799999999,5437.422166666666,5282.946750000001,5359.34955
2025-01-27,5338.54,5397.84,5416.65,5338.54,49702043.0,dividend,中证红利,5369.803000000001,5401.9176,5438.045833333334,5285.304916666666,5359.2543000000005
2025-02-05,5411.33,5291.46,5411.33,5277.88,47454149.0,dividend,中证红利,5353.7615,5394.5707999999995,5436.127666666667,5286.85175,5358.359200000001
2025-02-06,5285.69,5295.8,5300.52,5257.99,40240880.0,dividend,中证红利,5339.4765,5384.8856000000005,5433.126,5288.543416666667,5357.52995
2025-02-07,5289.07,5331.43,5347.8,5270.01,52754276.0,dividend,中证红利,5332.5385,5375.764399999999,5431.052500000001,5291.021083333332,5356.978349999999
2025-02-10,5329.36,5325.35,5340.07,5314.33,44321237.0,dividend,中证红利,5327.5855,5367.4264,5427.060833333333,5293.579750000001,5356.33305
2025-02-11,5331.68,5345.53,5347.01,5324.37,48364972.0,dividend,中证红利,5322.648999999999,5359.425200000001,5424.665,5296.19375,5355.548500000001
2025-02-12,5339.09,5346.74,5350.18,5313.67,43428806.0,dividend,中证红利,5318.5545,5348.8032,5422.947833333334,5298.621416666666,5354.862950000001
2025-02-13,5343.47,5348.71,5372.03,5341.58,47472146.0,dividend,中证红利,5315.175,5339.4916,5421.738666666667,5301.242,5353.6802
2025-02-14,5347.74,5359.12,5362.32,5327.12,45274858.0,dividend,中证红利,5316.3195,5335.0488000000005,5420.3395,5303.715166666667,5352.6421
2025-02-17,5355.86,5336.57,5357.24,5313.38,49327009.0,dividend,中证红利,5320.362,5331.5352,5419.7356666666665,5305.93625,5350.979649999999
2025-02-18,5329.47,5318.64,5361.68,5303.8,57265915.0,dividend,中证红利,5325.545,5326.5104,5419.102666666667,5308.197166666667,5349.10575
2025-02-19,5312.28,5303.7,5314.59,5289.17,49066554.0,dividend,中证红利,5325.187,5321.513199999999,5416.747666666666,5309.956833333333,5347.0729
2025-02-20,5298.3,5291.03,5298.56,5277.28,38911833.0,dividend,中证红利,5324.1075,5316.5024,5414.106333333333,5311.60825,5345.55605
2025-02-21,5296.69,5257.0,5297.48,5247.96,56629595.0,dividend,中证红利,5319.174,5313.333199999999,5410.626833333334,5312.6182499999995,5344.3344
2025-02-24,5248.8,5261.45,5274.33,5233.53,55739619.0,dividend,中证红利,5315.225,5313.5624,5407.2985,5314.1575,5343.095550000001
2025-02-25,5246.69,5226.62,5262.01,5217.96,48553845.0,dividend,中证红利,5310.1125,5314.028,5405.869999999999,5315.7390000000005,5341.5446999999995
2025-02-26,5228.47,5292.16,5292.44,5228.47,53736427.0,dividend,中证红利,5309.927000000001,5313.28,5405.395833333333,5317.933,5340.494800000001
2025-02-27,5307.49,5350.67,5350.67,5297.36,57871499.0,dividend,中证红利,5315.3185,5314.802000000001,5405.863166666666,5320.571,5339.7716
2025-02-28,5354.35,5311.65,5367.97,5309.58,56281918.0,dividend,中证红利,5316.0925,5313.0412,5404.716833333334,5322.931083333333,5338.831549999999
2025-03-03,5316.5,5305.07,5336.24,5294.12,51090445.0,dividend,中证红利,5314.827,5311.626800000001,5403.8275,5325.24425,5337.585300000001
2025-03-04,5291.78,5305.59,5318.27,5278.46,42922650.0,dividend,中证红利,5310.2145,5310.695600000001,5402.383333333333,5327.7789999999995,5336.330750000001
2025-03-05,5307.3,5330.74,5331.86,5290.8,53950347.0,dividend,中证红利,5312.1785,5312.0904,5400.8855,5331.127583333334,5335.1687
2025-03-06,5340.79,5329.47,5341.54,5306.47,52388088.0,dividend,中证红利,5313.861999999999,5315.555600000001,5398.444833333333,5334.3223333333335,5333.8024
2025-03-07,5322.27,5336.69,5353.91,5319.35,46197589.0,dividend,中证红利,5314.125,5317.1764,5395.990666666667,5337.425583333333,5332.344349999999
2025-03-10,5339.59,5352.34,5355.37,5327.61,45344196.0,dividend,中证红利,5315.4745,5318.0548,5393.9495,5340.95525,5330.88525
2025-03-11,5325.11,5386.43,5386.43,5322.3,41345048.0,dividend,中证红利,5317.5195,5317.5984,5391.2285,5344.822333333333,5329.6776
2025-03-12,5390.5,5364.77,5390.53,5363.29,40244199.0,dividend,中证红利,5318.421,5320.5307999999995,5387.995,5348.5045,5328.3948
2025-03-13,5364.0,5402.28,5404.69,5362.53,49620201.0,dividend,中证红利,5321.0995,5324.79,5385.368166666667,5352.895083333334,5327.23845
2025-03-14,5401.7,5443.38,5447.93,5399.81,63240821.0,dividend,中证红利,5325.3125,5329.268,5382.961166666667,5358.314166666667,5326.00995
2025-03-17,5452.34,5463.47,5474.33,5440.86,47778239.0,dividend,中证红利,5331.657499999999,5334.7928,5380.524333333334,5363.867333333333,5324.615249999999
2025-03-18,5470.36,5454.1,5471.89,5436.19,35803548.0,dividend,中证红利,5338.4305,5339.1356,5379.566666666667,5370.118333333333,5323.10065
2025-03-19,5449.72,5462.32,5467.7,5431.45,39800379.0,dividend,中证红利,5346.361500000001,5343.7588,5377.977166666667,5376.322166666667,5321.63915
2025-03-20,5461.67,5447.28,5477.08,5441.68,39744938.0,dividend,中证红利,5354.174000000001,5347.7016,5376.471166666667,5382.578083333333,5320.498350000001
2025-03-21,5440.14,5424.09,5476.55,5402.68,48709878.0,dividend,中证红利,5362.5285,5350.3004,5374.006333333333,5388.191583333333,5319.364449999999
2025-03-24,5432.05,5454.45,5458.13,5415.7,49395142.0,dividend,中证红利,5372.1785,5355.0156,5372.941,5393.934083333333,5317.97445
2025-03-25,5452.26,5489.03,5489.93,5450.6,44322096.0,dividend,中证红利,5385.299,5361.8312,5373.217833333333,5400.011083333334,5316.894199999999
2025-03-26,5482.25,5481.38,5490.12,5461.46,40574235.0,dividend,中证红利,5394.76,5368.9384,5373.322,5405.6025,5315.72005
2025-03-27,5476.75,5476.23,5491.46,5460.88,36985458.0,dividend,中证红利,5401.038,5376.3464,5372.2936666666665,5409.354583333334,5314.77735
2025-03-28,5472.59,5436.47,5474.57,5425.91,40990661.0,dividend,中证红利,5407.279,5383.5252,5370.243833333333,5412.208666666667,5313.61225
2025-03-31,5425.45,5407.99,5457.72,5395.17,58349164.0,dividend,中证红利,5412.425,5389.3868,5368.147,5413.282999999999,5312.478249999999
2025-04-01,5418.23,5460.51,5463.65,5413.49,49349991.0,dividend,中证红利,5420.171,5398.7424,5366.7295,5414.154833333333,5311.4631500000005
2025-04-02,5454.15,5480.34,5493.05,5454.15,41002929.0,dividend,中证红利,5427.651,5406.2696,5364.530333333333,5412.33025,5310.9079
2025-04-03,5443.9,5487.75,5496.14,5443.82,41907238.0,dividend,中证红利,5435.565,5411.7528,5362.967833333333,5410.114583333333,5310.36615
2025-04-07,5297.87,5121.63,5334.66,5040.64,105395592.0,dividend,中证红利,5424.812,5404.151999999999,5357.1585000000005,5408.513,5307.8277
2025-04-08,5131.3,5252.5,5253.11,5131.3,85288461.0,dividend,中证红利,5419.82,5402.0492,5354.293333333333,5406.627666666666,5306.4114500000005
2025-04-09,5217.4,5268.15,5271.08,5137.42,70711826.0,dividend,中证红利,5413.906,5400.551600000001,5351.358166666668,5405.67375,5304.763949999999
2025-04-10,5308.44,5317.96,5338.54,5272.83,56878336.0,dividend,中证红利,5411.5655,5400.040400000001,5349.513666666667,5403.956666666666,5303.70905
2025-04-11,5306.8,5294.01,5317.18,5280.54,44284049.0,dividend,中证红利,5406.152,5398.621999999999,5347.4755,5403.065333333333,5302.60555
2025-04-14,5310.29,5341.43,5344.53,5300.55,47391529.0,dividend,中证红利,5401.0545,5398.8116,5347.562166666667,5401.9535000000005,5302.09925
2025-04-15,5341.25,5367.05,5369.22,5327.02,46649089.0,dividend,中证红利,5396.2335,5399.4,5349.417666666666,5401.817083333333,5301.63015
2025-04-16,5360.45,5391.45,5391.45,5338.6,52072272.0,dividend,中证红利,5393.101000000001,5399.600799999999,5352.358833333333,5401.495166666667,5301.3964000000005
2025-04-17,5371.05,5380.3,5389.1,5354.3,37199309.0,dividend,中证红利,5389.0,5400.222000000001,5353.516166666666,5401.37275,5301.190250000001
2025-04-18,5372.39,5382.34,5389.39,5361.88,34107513.0,dividend,中证红利,5385.753,5399.424400000001,5354.678166666667,5400.976250000001,5301.012949999999
2025-04-21,5375.56,5375.04,5412.84,5368.96,40195583.0,dividend,中证红利,5383.300499999999,5396.690799999999,5355.001,5400.442583333334,5301.15005
2025-04-22,5372.14,5395.88,5409.68,5372.14,39158059.0,dividend,中证红利,5380.372,5393.9872,5355.925166666667,5400.3161666666665,5301.32495
2025-04-23,5403.89,5371.85,5408.85,5371.85,35022878.0,dividend,中证红利,5374.513000000001,5390.6972,5356.641500000001,5399.947916666667,5301.3394
2025-04-24,5376.31,5400.71,5414.75,5375.12,37905034.0,dividend,中证红利,5370.4794999999995,5388.232800000001,5358.3888333333325,5399.371666666667,5301.671699999999
2025-04-25,5396.33,5392.28,5408.7,5382.83,38297897.0,dividend,中证红利,5366.282,5386.0328,5360.8795,5399.42125,5301.85895
2025-04-28,5389.67,5391.38,5403.64,5372.57,44272068.0,dividend,中证红利,5364.0275,5384.724400000001,5362.466333333334,5399.852833333334,5301.458549999999
2025-04-29,5372.04,5377.23,5400.12,5364.17,38258487.0,dividend,中证红利,5362.4895,5381.6356,5363.247166666667,5400.334666666667,5301.0223
2025-04-30,5369.71,5341.77,5370.99,5339.46,59150888.0,dividend,中证红利,5356.5525,5375.7452,5362.312666666667,5400.17925,5300.6336
2025-05-06,5360.24,5355.26,5361.24,5325.2,49990885.0,dividend,中证红利,5350.2985,5370.700400000001,5363.376,5399.751833333334,5300.488450000001
2025-05-07,5393.01,5391.5,5402.97,5370.38,50595871.0,dividend,中证红利,5345.486,5367.3112,5364.9710000000005,5399.048500000001,5300.6203000000005
2025-05-08,5375.7,5394.13,5400.5,5363.08,40768057.0,dividend,中证红利,5359.111,5365.6176000000005,5366.016,5398.534250000001,5300.96005
2025-05-09,5402.72,5421.84,5428.67,5400.65,41268042.0,dividend,中证红利,5367.5779999999995,5366.171600000001,5367.6241666666665,5397.3425,5301.157950000001
2025-05-12,5433.39,5440.61,5443.36,5414.5,42391340.0,dividend,中证红利,5376.201,5365.375599999999,5369.208833333333,5396.9369166666675,5301.995
2025-05-13,5464.67,5478.64,5479.91,5442.4,47611913.0,dividend,中证红利,5384.235,5365.3076,5371.407166666667,5397.177500000001,5302.97205
2025-05-14,5476.6,5509.56,5510.84,5454.02,50125567.0,dividend,中证红利,5395.0125,5366.18,5374.088,5397.913333333333,5304.249150000001
2025-05-15,5503.32,5486.94,5520.37,5486.81,42170045.0,dividend,中证红利,5402.288,5380.7924,5376.218333333333,5398.278916666666,5305.18365
2025-05-16,5479.86,5456.46,5488.04,5434.6,41914510.0,dividend,中证红利,5406.7585,5388.9508,5378.2164999999995,5398.976083333333,5306.148499999999
2025-05-19,5457.65,5470.96,5479.24,5453.47,35137676.0,dividend,中证红利,5410.7339999999995,5397.0632,5380.755166666667,5399.928916666668,5307.36345
2025-05-20,5478.41,5486.86,5498.55,5469.7,32629251.0,dividend,中证红利,5416.062,5403.819200000001,5383.807833333334,5400.27775,5308.6206
2025-05-21,5489.07,5528.8,5538.42,5489.07,36668658.0,dividend,中证红利,5423.385,5413.2108,5387.770666666666,5400.9385,5310.2693500000005
2025-05-22,5523.48,5519.05,5529.46,5506.38,36162301.0,dividend,中证红利,5430.5855,5420.315600000001,5392.138166666667,5401.382500000001,5312.1095
2025-05-23,5518.15,5464.77,5542.17,5464.77,39601955.0,dividend,中证红利,5434.030000000001,5424.224400000001,5395.526833333334,5401.412666666667,5313.997849999999
2025-05-26,5456.59,5427.86,5466.35,5419.84,37514243.0,dividend,中证红利,5436.8305,5425.680800000001,5398.880833333334,5402.375416666667,5315.75855
2025-05-27,5432.19,5413.75,5439.7,5396.09,35274705.0,dividend,中证红利,5437.4825,5427.0188,5400.907333333334,5403.151583333334,5317.509600000001
2025-05-28,5412.39,5431.02,5436.36,5400.25,33334317.0,dividend,中证红利,5439.4195,5428.965999999999,5402.2465,5404.054833333334,5319.35295
2025-05-29,5430.09,5440.66,5448.09,5418.84,35017850.0,dividend,中证红利,5441.8835,5431.5908,5404.3966666666665,5404.55675,5321.2205
2025-05-30,5437.27,5445.8,5459.03,5432.68,43210888.0,dividend,中证红利,5445.312,5433.5876,5406.742166666666,5405.284833333334,5323.2734
2025-06-03,5440.69,5465.69,5475.47,5416.56,54155592.0,dividend,中证红利,5451.508,5437.3412,5409.4105,5405.896916666666,5325.02755
2025-06-04,5462.15,5480.87,5482.41,5450.46,38684152.0,dividend,中证红利,5457.788500000001,5440.5476,5411.912666666667,5406.399083333334,5326.902700000001
2025-06-05,5479.89,5449.49,5491.75,5439.58,38893471.0,dividend,中证红利,5460.688,5442.835999999999,5413.913,5406.178916666668,5328.6861499999995
2025-06-06,5456.06,5448.3,5471.69,5444.27,35889513.0,dividend,中证红利,5463.3965,5445.1128,5415.773166666667,5405.881916666666,5330.7571
2025-06-09,5447.83,5458.88,5462.01,5427.86,42554251.0,dividend,中证红利,5465.2485,5448.3788,5417.548833333334,5405.7491666666665,5332.95995
2025-06-10,5456.16,5454.57,5483.77,5426.78,50272913.0,dividend,中证红利,5465.9465,5452.890800000001,5418.684499999999,5404.9565,5335.07355
2025-06-11,5451.52,5471.48,5479.5,5451.36,40951306.0,dividend,中证红利,5465.5885,5457.5396,5420.463000000001,5404.229,5337.15385
2025-06-12,5468.06,5471.6,5476.3,5453.23,41204345.0,dividend,中证红利,5463.690500000001,5460.7436,5421.618333333333,5403.49325,5339.340649999999
2025-06-13,5451.66,5416.31,5454.89,5409.63,64661953.0,dividend,中证红利,5460.159000000001,5461.6308,5421.167166666666,5402.064166666666,5341.110499999999
2025-06-16,5413.01,5428.6,5430.39,5402.2,51005729.0,dividend,中证红利,5458.766,5461.9012,5420.586,5400.555166666667,5342.903300000001
2025-06-17,5426.06,5426.02,5433.51,5413.74,40066364.0,dividend,中证红利,5456.519,5461.3176,5420.1179999999995,5399.842333333334,5344.79675
2025-06-18,5422.29,5419.95,5424.51,5388.75,44575140.0,dividend,中证红利,5453.1735,5458.97,5419.411833333334,5398.6945,5346.4338
2025-06-19,5412.14,5384.74,5414.41,5368.79,43960261.0,dividend,中证红利,5445.9705,5453.977199999999,5418.3695,5397.420333333333,5347.8932
2025-06-20,5374.7,5393.71,5403.91,5371.51,45427126.0,dividend,中证红利,5439.7035000000005,5450.2480000000005,5417.863166666667,5395.934749999999,5349.18275
2025-06-23,5383.47,5407.43,5418.68,5353.68,53233098.0,dividend,中证红利,5436.836499999999,5448.286800000001,5417.079500000001,5395.01025,5350.8362
2025-06-24,5398.29,5424.75,5430.49,5390.78,56718233.0,dividend,中证红利,5436.681,5446.4384,5416.0081666666665,5394.613,5352.77575
2025-06-25,5413.74,5443.2,5447.37,5390.41,52533295.0,dividend,中证红利,5438.153499999999,5444.691999999999,5415.371833333334,5394.346916666666,5354.847350000001
2025-06-26,5436.33,5444.7,5454.83,5423.32,47259621.0,dividend,中证红利,5438.8375,5441.3279999999995,5414.846333333334,5393.570000000001,5356.9003
2025-06-27,5452.6,5416.2,5474.83,5406.55,69881829.0,dividend,中证红利,5437.614500000001,5437.214,5414.508499999999,5392.376166666667,5358.8391
2025-06-30,5405.71,5410.26,5417.13,5389.51,46094512.0,dividend,中证红利,5435.8375,5435.0336,5414.546333333333,5391.346666666666,5360.75295
2025-07-01,5414.69,5454.33,5456.44,5409.4,43518836.0,dividend,中证红利,5435.2695,5436.0923999999995,5414.443333333333,5390.586416666667,5363.0175
2025-07-02,5456.75,5493.47,5495.34,5455.6,48537506.0,dividend,中证红利,5435.8995,5439.2812,5414.662166666666,5389.5962500000005,5365.8403
2025-07-03,5490.42,5493.13,5499.99,5467.67,43135023.0,dividend,中证红利,5438.081499999999,5441.7656,5414.751833333333,5388.859833333334,5368.575449999999
2025-07-04,5490.99,5520.94,5544.49,5489.98,53084585.0,dividend,中证红利,5441.7135,5444.9767999999995,5421.407,5389.28275,5371.35865
2025-07-07,5518.13,5545.08,5545.79,5500.7,41118392.0,dividend,中证红利,5446.0235,5448.948,5426.283333333334,5390.288333333333,5374.44015
2025-07-08,5543.26,5542.35,5555.62,5518.43,42040451.0,dividend,中证红利,5450.4125,5452.014400000001,5430.853333333333,5391.105750000001,5377.54
2025-07-09,5551.63,5560.32,5576.56,5551.63,47958141.0,dividend,中证红利,5454.8544999999995,5455.1924,5434.892666666667,5392.203166666667,5380.7270499999995
2025-07-10,5552.51,5594.92,5611.96,5552.51,65834454.0,dividend,中证红利,5461.0205,5461.009599999999,5439.907833333334,5393.691666666667,5384.324600000001
2025-07-11,5594.67,5553.97,5613.2,5553.97,82582344.0,dividend,中证红利,5467.903499999999,5465.2364,5443.4501666666665,5395.506166666667,5388.129
2025-07-14,5553.57,5581.21,5602.97,5553.52,59465717.0,dividend,中证红利,5475.534000000001,5470.129600000001,5447.0195,5398.218583333333,5392.049599999999
2025-07-15,5574.15,5516.33,5582.45,5501.25,49975567.0,dividend,中证红利,5480.0495,5472.6,5449.100833333333,5400.729833333334,5396.11135
2025-07-16,5510.54,5492.6,5518.04,5468.11,45982241.0,dividend,中证红利,5483.682,5473.4448,5450.972500000001,5402.244333333334,5399.98505
2025-07-17,5491.08,5487.89,5506.46,5474.86,41594782.0,dividend,中证红利,5488.8395,5474.0963999999985,5452.7316666666675,5403.7049166666675,5403.941650000001
2025-07-18,5493.13,5506.74,5511.69,5491.77,42853130.0,dividend,中证红利,5494.491,5477.7136,5454.926666666667,5404.963833333333,5407.723000000001
2025-07-21,5526.76,5575.87,5579.16,5526.76,60060600.0,dividend,中证红利,5502.913,5483.6044,5457.9265000000005,5406.925833333333,5411.775599999999
2025-07-22,5585.16,5667.61,5667.71,5545.26,90456108.0,dividend,中证红利,5515.056,5493.267999999999,5462.855833333333,5409.748666666666,5416.3147
2025-07-23,5702.03,5647.09,5702.03,5642.29,83102660.0,dividend,中证红利,5525.2505,5502.353600000001,5466.962166666667,5412.675499999999,5420.4981
2025-07-24,5641.08,5670.75,5672.43,5612.22,73035017.0,dividend,中证红利,5536.553000000001,5513.794,5471.6033333333335,5416.241416666667,5423.721949999999
2025-07-25,5665.58,5633.83,5688.3,5627.6,60681205.0,dividend,中证红利,5547.434499999999,5523.3988,5475.644166666666,5419.05525,5426.4212
2025-07-28,5605.17,5572.53,5614.01,5566.84,57478991.0,dividend,中证红利,5555.548,5530.0028,5478.899166666667,5421.073166666666,5427.8885
2025-07-29,5574.03,5570.46,5577.3,5536.08,54185311.0,dividend,中证红利,5561.3544999999995,5535.8312,5482.710666666667,5422.511666666667,5428.9613500000005
2025-07-30,5571.69,5581.48,5626.15,5562.13,60368839.0,dividend,中证红利,5565.754999999999,5541.3624,5486.481,5424.9285,5428.3723
2025-07-31,5563.89,5484.71,5564.52,5470.36,66349101.0,dividend,中证红利,5565.334000000001,5542.9628,5488.034499999999,5426.50275,5427.027699999999
2025-08-01,5483.54,5484.59,5510.23,5472.77,55072356.0,dividend,中证红利,5563.5165,5545.698399999999,5489.542166666666,5427.779083333333,5427.88155
2025-08-04,5462.64,5510.34,5511.79,5462.32,50304414.0,dividend,中证红利,5561.7795,5549.701599999999,5491.017166666667,5429.3206666666665,5428.03955
2025-08-05,5510.52,5567.88,5567.88,5509.34,51079942.0,dividend,中证红利,5563.056,5554.2436,5493.138333333334,5431.173583333334,5428.96585
2025-08-06,5567.4,5603.2,5606.4,5561.44,47405811.0,dividend,中证红利,5565.2,5558.6328,5495.214333333333,5433.310750000001,5429.3618
2025-08-07,5600.9,5612.68,5618.49,5576.12,46296658.0,dividend,中证红利,5566.088000000001,5563.4148,5496.933,5435.5105,5430.42035
2025-08-08,5611.3,5615.61,5630.56,5604.92,41068298.0,dividend,中证红利,5569.17,5567.2016,5499.0775,5437.647916666667,5431.12415
2025-08-11,5622.16,5591.7,5627.56,5582.65,49206016.0,dividend,中证红利,5569.6945,5569.0664,5501.331499999999,5439.774,5432.16555
2025-08-12,5597.22,5623.04,5639.99,5597.22,47439654.0,dividend,中证红利,5575.03,5572.294,5503.866166666668,5442.310666666667,5433.130349999999
2025-08-13,5627.87,5593.7,5628.26,5588.35,56225895.0,dividend,中证红利,5580.085000000001,5573.629199999999,5505.646833333333,5444.727333333333,5434.123899999999
2025-08-14,5592.1,5540.13,5605.01,5540.13,49985035.0,dividend,中证红利,5582.697,5571.4376,5505.835666666667,5446.803166666667,5434.67495
2025-08-15,5536.27,5553.42,5558.91,5518.72,72133304.0,dividend,中证红利,5585.031,5571.4156,5506.4085000000005,5449.2733333333335,5435.246649999999
2025-08-18,5568.52,5542.76,5568.52,5531.81,64659160.0,dividend,中证红利,5583.3755,5569.8776,5507.708333333333,5451.617583333334,5435.9052
2025-08-19,5544.07,5537.45,5553.59,5525.08,53244899.0,dividend,中证红利,5576.8675,5570.7224,5509.534833333333,5454.207833333333,5436.51225
2025-08-20,5533.41,5579.27,5581.18,5518.46,55282344.0,dividend,中证红利,5573.4765,5574.189200000001,5512.2935,5456.600416666667,5437.059299999999
2025-08-21,5580.11,5609.2,5617.96,5572.69,56721351.0,dividend,中证红利,5570.398999999999,5579.0416000000005,5515.263166666667,5458.754833333333,5438.173650000001
2025-08-22,5606.27,5599.4,5606.27,5555.69,57709321.0,dividend,中证红利,5568.6775,5582.748,5517.908833333334,5461.152749999999,5439.4727
2025-08-25,5602.95,5640.48,5640.48,5593.39,70359566.0,dividend,中证红利,5572.074999999999,5585.3324,5521.1535,5463.947833333334,5441.07805
2025-08-26,5636.56,5634.04,5649.82,5614.74,56833982.0,dividend,中证红利,5575.254,5583.989600000001,5523.959333333333,5466.684916666667,5442.44615
2025-08-27,5631.64,5532.43,5633.03,5532.43,76078710.0,dividend,中证红利,5572.8015,5579.4032,5524.818666666667,5468.365666666667,5443.07555
2025-08-28,5535.18,5544.19,5552.26,5472.14,67570717.0,dividend,中证红利,5575.7755,5574.3408,5526.397,5470.155,5443.4169999999995
2025-08-29,5538.04,5538.04,5593.06,5532.01,93920439.0,dividend,中证红利,5578.448,5570.5092,5527.892666666667,5471.832916666667,5443.8279999999995
2025-09-01,5543.47,5524.75,5558.7,5504.83,90750484.0,dividend,中证红利,5579.168500000001,5568.598000000001,5528.9905,5473.269666666666,5443.6275
2025-09-02,5524.62,5542.17,5544.37,5487.19,79618760.0,dividend,中证红利,5577.883,5567.4664,5530.450500000001,5474.5675,5443.891950000001
2025-09-03,5553.83,5495.47,5555.9,5479.76,59211713.0,dividend,中证红利,5572.4965,5564.026,5530.850333333333,5475.656666666667,5444.12045
2025-09-04,5484.44,5493.08,5497.0,5438.46,84192302.0,dividend,中证红利,5566.5165,5564.3608,5531.208333333333,5476.413333333333,5444.47955
2025-09-05,5491.42,5510.04,5513.56,5460.01,60039340.0,dividend,中证红利,5561.237999999999,5565.3788,5532.7705,5476.968833333333,5444.814399999999
2025-09-08,5503.25,5552.59,5558.05,5495.69,64991044.0,dividend,中证红利,5559.282499999999,5567.0688,5534.8369999999995,5477.7115,5445.71335
2025-09-09,5548.04,5565.03,5575.07,5541.81,55652773.0,dividend,中证红利,5556.382,5566.9547999999995,5537.153833333334,5478.635916666667,5446.7554
2025-09-10,5555.37,5537.79,5555.37,5522.59,51317156.0,dividend,中证红利,5553.5865,5564.3384,5539.117833333334,5479.264833333333,5447.21935
2025-09-11,5533.04,5559.81,5560.19,5505.05,60070605.0,dividend,中证红利,5554.5705,5562.2236,5542.035666666667,5480.202583333334,5447.77085
2025-09-12,5556.28,5529.95,5565.65,5524.28,65936144.0,dividend,中证红利,5553.397,5558.7972,5544.306333333333,5481.084749999999,5448.0917500000005
2025-09-15,5525.57,5511.14,5528.14,5496.81,64564436.0,dividend,中证红利,5551.816,5555.574799999999,5546.034833333334,5481.5571666666665,5448.341700000001
2025-09-16,5524.19,5508.97,5542.13,5490.36,74080875.0,dividend,中证红利,5550.392,5551.012,5547.4385,5481.723333333332,5449.3249
2025-09-17,5496.77,5522.29,5530.74,5487.59,61932564.0,dividend,中证红利,5547.543,5548.155599999999,5548.756666666666,5482.064249999999,5450.333299999999
2025-09-18,5521.52,5424.13,5522.51,5400.67,76892460.0,dividend,中证红利,5538.2895,5543.515600000001,5548.413833333333,5481.6300833333335,5450.8408
2025-09-19,5422.1,5468.73,5474.23,5415.25,65348419.0,dividend,中证红利,5531.755999999999,5540.128000000001,5549.289333333334,5481.898916666667,5451.2823
2025-09-22,5464.71,5434.04,5464.76,5418.19,50529631.0,dividend,中证红利,5521.434,5535.779199999999,5549.685666666667,5482.116,5451.660349999999
2025-09-23,5423.64,5454.06,5457.13,5400.71,75248468.0,dividend,中证红利,5512.4349999999995,5532.4436,5549.681166666666,5482.06225,5451.96945
2025-09-24,5437.97,5467.04,5471.96,5432.26,57649486.0,dividend,中证红利,5509.165500000001,5527.9544,5549.240666666667,5481.951416666667,5452.2016
2025-09-25,5465.21,5440.51,5465.21,5421.55,52132248.0,dividend,中证红利,5503.9815,5521.206800000001,5548.363666666667,5481.557750000001,5452.0246
2025-09-26,5433.83,5455.01,5469.01,5419.46,50605532.0,dividend,中证红利,5499.83,5515.4312,5547.264833333334,5484.335916666667,5451.87995
2025-09-29,5448.87,5474.39,5493.93,5413.91,65952376.0,dividend,中证红利,5497.312,5508.7876,5546.086666666667,5486.185,5451.877849999999
2025-09-30,5471.93,5461.08,5472.1,5446.06,54778132.0,dividend,中证红利,5493.2575,5501.869199999999,5544.732166666668,5487.79275,5451.4348
2025-10-09,5465.38,5502.38,5502.73,5435.56,71887707.0,dividend,中证红利,5493.603,5500.6672,5543.7665,5489.329583333334,5451.152799999999
2025-10-10,5486.61,5559.05,5565.16,5482.77,81651048.0,dividend,中证红利,5496.9015,5501.261600000001,5543.1686666666665,5491.5382500000005,5451.1485999999995
2025-10-13,5452.62,5534.32,5543.04,5452.62,79904910.0,dividend,中证红利,5498.1155,5501.112799999999,5542.841166666667,5493.145666666666,5450.8812
2025-10-14,5543.25,5596.29,5612.96,5532.17,95625817.0,dividend,中证红利,5500.3005,5503.974399999999,5543.0925,5495.056,5450.81425
2025-10-15,5598.49,5620.2,5623.51,5576.38,68881252.0,dividend,中证红利,5503.059,5507.095600000001,5544.823666666667,5496.96225,5451.3574499999995
2025-10-16,5608.36,5639.6,5648.63,5605.53,75575325.0,dividend,中证红利,5508.1494999999995,5512.8608,5547.273666666666,5499.123083333333,5451.767000000001
2025-10-17,5634.69,5596.32,5668.51,5588.79,70810250.0,dividend,中证红利,5509.975,5516.990399999999,5549.0808333333325,5500.90625,5452.060399999999
2025-10-20,5609.08,5637.94,5641.63,5560.77,70176288.0,dividend,中证红利,5515.3745,5522.106400000001,5551.2675,5503.097083333332,5452.3902
2025-10-21,5631.06,5640.36,5649.6,5607.73,63932097.0,dividend,中证红利,5521.8355,5525.617200000001,5552.342333333333,5505.134416666667,5453.00015
2025-10-22,5624.83,5645.9,5653.92,5624.36,60706000.0,dividend,中证红利,5528.682,5528.852000000001,5551.980500000001,5507.418166666666,5453.86755
2025-10-23,5644.64,5691.9,5697.73,5644.19,78264142.0,dividend,中证红利,5537.1625,5535.0164,5552.727333333332,5509.84475,5454.9514
2025-10-24,5668.68,5655.08,5675.54,5637.89,70645688.0,dividend,中证红利,5548.71,5538.8272,5552.466166666666,5512.03475,5455.537150000001
2025-10-27,5655.0,5681.5,5700.76,5630.92,74656773.0,dividend,中证红利,5559.3485,5544.8892,5553.260666666667,5514.452416666666,5456.147350000001
2025-10-28,5676.32,5651.65,5682.16,5640.26,61309705.0,dividend,中证红利,5570.229,5550.509600000001,5554.579333333333,5516.73925,5456.7366
2025-10-29,5657.73,5653.75,5658.53,5609.01,64683743.0,dividend,中证红利,5580.2135,5556.300800000001,5555.9675,5519.339083333333,5457.27755
2025-10-30,5648.91,5630.55,5681.14,5626.83,64845455.0,dividend,中证红利,5588.389,5560.6312,5556.785333333333,5521.6331666666665,5457.36885
2025-10-31,5631.91,5627.67,5648.91,5616.63,76917750.0,dividend,中证红利,5597.747,5568.772800000001,5559.168000000001,5523.601249999999,5457.5997
2025-11-03,5636.5,5678.43,5681.11,5636.35,69319905.0,dividend,中证红利,5608.918,5577.160800000001,5562.398666666666,5525.970416666666,5458.640899999999
2025-11-04,5675.59,5699.45,5725.83,5670.37,70987547.0,dividend,中证红利,5620.171,5587.7771999999995,5565.550499999999,5528.283833333333,5460.016100000001
2025-11-05,5679.89,5723.39,5737.89,5670.53,57356673.0,dividend,中证红利,5633.2865,5598.5504,5568.142333333333,5530.640333333333,5461.41175
2025-11-06,5717.39,5745.9,5749.82,5697.21,56073215.0,dividend,中证红利,5645.4625,5609.7047999999995,5570.520666666666,5532.867499999999,5462.9981
2025-11-07,5742.6,5752.94,5776.34,5741.52,52094888.0,dividend,中证红利,5655.157,5622.201999999999,5572.858333333334,5534.895666666667,5464.6813
2025-11-10,5759.96,5795.39,5796.0,5739.92,55085030.0,dividend,中证红利,5668.2105,5635.817200000001,5575.854666666666,5537.466083333333,5466.9771
2025-11-11,5788.39,5782.59,5791.43,5748.3,46493426.0,dividend,中证红利,5677.5255,5648.1452,5579.036166666668,5540.1838333333335,5469.61145
2025-11-12,5783.89,5786.42,5817.02,5775.29,63133238.0,dividend,中证红利,5685.836499999999,5661.1588,5581.759166666667,5542.812666666666,5472.46865
2025-11-13,5785.13,5801.99,5808.14,5762.57,56901102.0,dividend,中证红利,5693.956,5673.1432,5585.230666666666,5545.438749999999,5474.9243
2025-11-14,5792.92,5767.56,5828.73,5767.56,56480162.0,dividend,中证红利,5702.518,5681.4836,5589.021166666666,5547.428416666667,5477.1990000000005
2025-11-17,5763.71,5739.32,5767.42,5717.69,59207697.0,dividend,中证红利,5707.5869999999995,5689.6836,5592.1195,5549.263999999999,5479.117250000001
2025-11-18,5730.98,5659.78,5732.28,5643.59,51170822.0,dividend,中证红利,5708.557999999999,5692.223199999999,5594.069833333333,5550.889083333333,5480.713999999999
2025-11-19,5661.61,5668.66,5684.04,5647.18,55414028.0,dividend,中证红利,5709.696,5694.161599999999,5596.256666666667,5552.89575,5482.412950000001
2025-11-20,5669.81,5656.04,5708.36,5651.67,71518795.0,dividend,中证红利,5707.903,5694.819200000001,5597.536166666667,5554.914833333333,5484.2138
2025-11-21,5641.7,5554.52,5654.42,5552.25,72267587.0,dividend,中证红利,5702.875,5693.147199999999,5596.624833333333,5555.9439999999995,5485.772200000001
2025-11-24,5567.31,5527.17,5581.11,5527.17,62124931.0,dividend,中证红利,5695.1585000000005,5688.7164,5595.420999999999,5556.664916666667,5486.9272
2025-11-25,5542.39,5554.22,5567.25,5521.75,51448092.0,dividend,中证红利,5690.286999999999,5685.270799999999,5593.983333333334,5557.568416666666,5488.0464
2025-11-26,5555.0,5530.79,5573.71,5528.64,48431005.0,dividend,中证红利,5684.139,5680.6664,5592.2625,5558.110916666667,5488.71115
2025-11-27,5532.36,5540.0,5559.48,5509.5,44393795.0,dividend,中证红利,5679.6115,5674.5904,5592.388666666667,5558.603666666666,5489.95385
2025-11-28,5536.82,5545.84,5550.58,5516.77,45638474.0,dividend,中证红利,5675.5199999999995,5670.220800000001,5592.416166666667,5559.4065833333325,5491.20405
2025-12-01,5560.05,5591.82,5592.71,5555.91,57115464.0,dividend,中证红利,5671.1895,5666.633600000001,5593.3125,5560.602583333334,5492.505999999999
2025-12-02,5586.8,5584.86,5589.05,5565.85,44719471.0,dividend,中证红利,5665.460000000001,5663.9619999999995,5594.314333333333,5561.652416666667,5493.80355
2025-12-03,5582.01,5573.9,5610.6,5562.3,46608768.0,dividend,中证红利,5657.985500000001,5660.767999999999,5594.843166666667,5562.646833333333,5494.9454
2025-12-04,5578.09,5552.96,5585.04,5545.79,39475844.0,dividend,中证红利,5648.3385,5657.6644,5595.801333333334,5563.325833333333,5495.976499999999
2025-12-05,5549.31,5557.97,5562.63,5520.57,46698577.0,dividend,中证红利,5638.589999999999,5654.876399999999,5596.882833333334,5564.0455833333335,5497.022799999999
2025-12-08,5557.26,5527.42,5557.52,5511.08,48166976.0,dividend,中证红利,5625.1915,5648.835999999999,5597.172500000001,5564.971500000001,5497.8643
2025-12-09,5522.81,5476.84,5522.81,5474.6,47702474.0,dividend,中证红利,5609.904,5639.9316,5595.91,5565.3735,5498.56565
2025-12-10,5475.71,5481.58,5490.55,5459.03,51458878.0,dividend,中证红利,5594.662,5630.2592,5594.519166666666,5565.836499999999,5499.38035
2025-12-11,5481.05,5435.62,5481.05,5426.7,49121009.0,dividend,中证红利,5576.3435,5617.848000000001,5592.816333333333,5565.967083333334,5500.03995
2025-12-12,5439.72,5426.72,5439.95,5408.86,75652576.0,dividend,中证红利,5559.3015,5604.7992,5590.598166666667,5566.316916666667,5500.718400000001
2025-12-15,5408.65,5457.03,5480.95,5407.56,51062388.0,dividend,中证红利,5545.187,5591.2648,5589.382833333333,5566.844583333334,5501.718550000001
2025-12-16,5450.51,5414.32,5460.7,5407.61,46387147.0,dividend,中证红利,5532.914,5576.533999999999,5587.769166666666,5566.902,5502.482899999999
2025-12-17,5410.95,5429.68,5449.81,5394.67,44568882.0,dividend,中证红利,5520.965,5562.264400000001,5586.447666666666,5566.943083333333,5503.498200000001
2025-12-18,5429.64,5473.71,5482.17,5428.07,43948300.0,dividend,中证红利,5511.8485,5549.133199999999,5585.638000000001,5567.1973333333335,5504.405949999999
2025-12-19,5467.59,5483.35,5498.05,5447.48,43256980.0,dividend,中证红利,5508.29,5537.7648,5586.625,5567.519416666666,5505.06935
2025-12-22,5485.5,5458.23,5487.78,5456.05,41275260.0,dividend,中证红利,5504.843,5526.5212,5586.45,5567.8696666666665,5505.80225
2025-12-23,5458.91,5459.13,5478.34,5449.38,41510629.0,dividend,中证红利,5500.0885,5518.4952,5586.868166666667,5568.276916666667,5506.57255
2025-12-24,5460.09,5472.24,5477.07,5440.78,39703347.0,dividend,中证红利,5497.161,5510.638400000001,5587.171166666667,5568.426166666667,5507.4057999999995
2025-12-25,5474.27,5486.44,5490.95,5466.14,36663366.0,dividend,中证红利,5494.483,5503.8544,5587.494500000001,5568.367583333334,5508.184299999999
2025-12-26,5484.43,5513.75,5519.32,5482.85,38837507.0,dividend,中证红利,5492.878500000001,5502.223600000001,5588.715166666667,5568.5394166666665,5509.105699999999
2025-12-29,5516.4,5501.74,5531.15,5497.9,52403972.0,dividend,中证红利,5488.3745,5501.2064,5589.494000000001,5568.379416666667,5509.93095
2025-12-30,5486.15,5499.21,5514.1,5473.49,48879685.0,dividend,中证红利,5484.092,5499.005999999999,5589.907666666666,5567.997166666667,5510.665299999999
2025-12-31,5505.1,5503.98,5524.74,5491.79,42696849.0,dividend,中证红利,5480.596,5497.9336,5590.622666666666,5567.677416666666,5511.253049999999
2026-01-05,5518.88,5525.12,5531.88,5495.74,60121590.0,dividend,中证红利,5479.204,5497.3384,5591.001666666667,5567.384083333333,5512.0548
2026-01-06,5530.86,5591.04,5591.04,5519.92,66841155.0,dividend,中证红利,5480.8575,5499.1464000000005,5591.534833333333,5567.35175,5512.9986
2026-01-07,5601.01,5592.91,5607.35,5563.02,64773503.0,dividend,中证红利,5484.132,5499.19,5592.511333333333,5567.67625,5513.74625
2026-01-08,5593.54,5574.6,5593.81,5559.86,55253970.0,dividend,中证红利,5489.0199999999995,5498.7796,5592.149833333333,5567.621166666667,5514.3019
2026-01-09,5570.66,5592.68,5593.57,5564.2,58609145.0,dividend,中证红利,5494.575,5499.5308,5591.6911666666665,5568.257416666665,5514.9947999999995
2026-01-12,5587.06,5611.17,5612.52,5575.79,64717074.0,dividend,中证红利,5503.3525,5501.859199999999,5591.217333333333,5569.2455,5515.739049999999
2026-01-13,5612.98,5591.97,5634.74,5580.82,66243924.0,dividend,中证红利,5511.615,5503.2192000000005,5591.144833333334,5570.112833333333,5516.4625
2026-01-14,5593.3,5552.31,5615.7,5532.74,85508423.0,dividend,中证红利,5516.379,5504.2148,5589.717666666666,5570.492583333334,5517.1035999999995
2026-01-15,5537.64,5541.7,5577.98,5531.64,58157151.0,dividend,中证红利,5522.7480000000005,5506.809200000001,5588.073333333334,5570.207833333333,5517.539850000001
2026-01-16,5552.36,5493.39,5562.35,5480.32,67567855.0,dividend,中证红利,5525.9335,5507.281599999999,5585.5315,5568.755999999999,5517.561650000001
2026-01-19,5483.22,5538.89,5540.33,5481.64,56902845.0,dividend,中证红利,5529.192499999999,5511.4124,5582.981333333333,5567.854333333334,5517.8492
2026-01-20,5542.32,5611.84,5612.64,5534.89,67364127.0,dividend,中证红利,5535.617,5518.8171999999995,5582.260666666667,5567.363416666666,5518.52725
2026-01-21,5599.09,5577.54,5605.87,5568.41,66829548.0,dividend,中证红利,5541.5825,5523.6376,5580.528,5566.894333333333,5519.2326
2026-01-22,5580.92,5618.15,5629.68,5576.82,67185427.0,dividend,中证红利,5549.5335,5531.7908,5579.969666666667,5567.2745,5520.283399999999
2026-01-23,5622.44,5611.48,5629.84,5595.21,65804130.0,dividend,中证红利,5556.4955,5539.062800000001,5579.265166666666,5567.616333333333,5521.03825
2026-01-26,5616.04,5648.09,5662.1,5598.49,86599353.0,dividend,中证红利,5564.5779999999995,5546.0380000000005,5579.5575,5568.171416666666,5521.8769999999995
2026-01-27,5637.62,5599.92,5662.0,5596.6,74435365.0,dividend,中证红利,5568.8865,5550.7008,5579.095,5569.1315,5522.437849999999
2026-01-28,5603.03,5687.32,5714.09,5583.37,102947826.0,dividend,中证红利,5578.1655,5559.8644,5579.243166666667,5570.820916666667,5525.2663
2026-01-29,5699.95,5757.64,5759.2,5675.7,108082055.0,dividend,中证红利,5591.0869999999995,5571.8048,5580.213000000001,5572.88175,5527.7919999999995
2026-01-30,5733.2,5700.01,5780.84,5646.06,86836326.0,dividend,中证红利,5600.8885,5580.915599999999,5579.823333333333,5573.982833333333,5529.9513
2026-02-02,5639.26,5521.87,5657.98,5519.45,89033177.0,dividend,中证红利,5600.726000000001,5582.332799999999,5576.089500000001,5573.305083333334,5530.97085
2026-02-03,5554.18,5563.8,5571.17,5503.03,66804658.0,dividend,中证红利,5599.364,5584.3348,5572.9371666666675,5572.89775,5532.3198
2026-02-04,5578.05,5712.03,5717.87,5577.33,74423770.0,dividend,中证红利,5605.32,5592.7464,5571.547833333333,5573.701249999999,5534.1728
2026-02-05,5687.03,5686.51,5703.72,5643.77,70278742.0,dividend,中证红利,5610.9155,5600.238399999999,5569.9465,5574.491333333333,5535.7701
2026-02-06,5646.62,5671.12,5708.08,5632.46,58707646.0,dividend,中证红利,5614.8375,5606.924,5568.024833333333,5574.891999999999,5537.16845
2026-02-09,5691.73,5709.06,5715.88,5675.42,48782470.0,dividend,中证红利,5619.732,5614.2816,5566.476,5575.8533333333335,5538.81225
2026-02-10,5709.79,5730.01,5736.48,5681.67,47639435.0,dividend,中证红利,5626.634,5619.840399999999,5565.850166666667,5577.435666666667,5540.5506000000005
2026-02-11,5723.19,5770.13,5781.69,5703.74,45699640.0,dividend,中证红利,5637.525,5626.9292,5566.363666666667,5579.241583333333,5542.5260499999995
2026-02-12,5771.05,5751.64,5782.3,5737.51,53603937.0,dividend,中证红利,5648.022,5634.010800000001,5567.894666666666,5580.98225,5544.3048499999995
2026-02-13,5733.67,5668.22,5734.61,5663.43,50452321.0,dividend,中证红利,5656.7635,5637.0324,5567.887333333333,5582.072,5545.786700000001
2026-02-24,5721.58,5754.41,5765.26,5712.52,52939868.0,dividend,中证红利,5667.539500000001,5642.762000000001,5569.526833333334,5583.5315,5547.5552
2026-02-25,5758.6,5785.57,5849.21,5758.6,68169866.0,dividend,中证红利,5676.226000000001,5650.505999999999,5573.377666666667,5585.00125,5549.521650000001
2026-02-26,5790.82,5768.92,5807.53,5743.28,50176926.0,dividend,中证红利,5685.795,5659.1704,5577.406833333333,5586.413916666667,5551.409349999999
2026-02-27,5760.66,5826.71,5832.77,5759.66,49464290.0,dividend,中证红利,5696.223,5670.5707999999995,5581.948333333333,5587.965833333334,5553.656749999999
2026-03-02,5866.5,5905.25,5909.32,5809.29,99491311.0,dividend,中证红利,5710.9115,5687.0452000000005,5588.189333333333,5590.225916666666,5556.474149999999
2026-03-03,5918.27,5952.09,6015.88,5882.52,134005953.0,dividend,中证红利,5726.1115,5703.5732,5595.0575,5593.723083333332,5559.458299999999
2026-03-04,5905.63,5856.15,5905.63,5809.96,114247001.0,dividend,中证红利,5738.923,5713.345600000001,5600.229333333334,5596.32275,5561.781549999999
2026-03-05,5850.89,5849.52,5880.3,5800.97,76293782.0,dividend,中证红利,5747.033,5724.2248,5604.524333333333,5598.918416666666,5564.0585
2026-03-06,5817.1,5860.51,5870.94,5791.65,62427308.0,dividend,中证红利,5752.1765000000005,5733.9192,5609.1185,5601.716416666666,5566.25185
2026-03-09,5929.21,5864.51,5947.37,5860.59,99236205.0,dividend,中证红利,5760.4015,5744.040399999999,5613.962,5604.4025833333335,5568.37135
2026-03-10,5794.59,5820.49,5836.81,5794.59,69982660.0,dividend,中证红利,5775.3325,5750.9364000000005,5618.420833333334,5607.111083333333,5570.080599999999
2026-03-11,5811.09,5905.18,5911.68,5787.75,69619268.0,dividend,中证红利,5792.4015,5763.1468,5624.207666666666,5610.54525,5572.0587
2026-03-12,5930.47,5976.53,6003.84,5893.54,75699866.0,dividend,中证红利,5805.6265,5774.715200000001,5631.6928333333335,5614.432666666666,5574.50665
2026-03-13,5977.91,5954.46,6023.1,5940.63,75103246.0,dividend,中证红利,5819.024,5782.588000000001,5639.653166666667,5617.781583333333,5576.99665
2026-03-16,5962.73,5912.37,5978.19,5894.52,63245312.0,dividend,中证红利,5831.086499999999,5791.0824,5646.8330000000005,5620.676083333334,5579.2037
2026-03-17,5899.91,5868.48,5946.23,5867.84,65570255.0,dividend,中证红利,5839.0575,5804.946800000001,5654.047333333334,5623.431833333334,5581.1118
2026-03-18,5864.59,5833.4,5869.6,5780.82,62665744.0,dividend,中证红利,5844.227000000001,5815.730799999999,5660.825333333332,5625.71175,5582.6348
2026-03-19,5836.46,5799.19,5860.29,5785.14,70872014.0,dividend,中证红利,5845.68,5819.2172,5666.528,5627.955416666667,5584.035500000001
2026-03-20,5772.32,5772.65,5839.02,5768.49,63478356.0,dividend,中证红利,5846.7305,5822.6628,5672.500166666667,5630.134666666667,5585.5749
2026-03-23,5757.88,5626.12,5759.51,5600.63,95690699.0,dividend,中证红利,5844.6255,5820.862799999999,5675.774166666667,5631.110916666667,5586.5662
2026-03-24,5642.77,5712.79,5712.79,5618.92,66155188.0,dividend,中证红利,5842.5445,5821.012,5679.758833333332,5632.698416666667,5588.0614000000005
2026-03-25,5694.0,5726.78,5731.54,5644.38,63662249.0,dividend,中证红利,5839.6050000000005,5820.8828,5683.816000000001,5635.220499999999,5589.5402
2026-03-26,5718.19,5729.34,5775.66,5716.6,54394212.0,dividend,中证红利,5837.626,5819.2512,5688.334499999999,5637.392250000001,5590.9836
2026-03-27,5698.35,5742.45,5765.26,5695.06,48285696.0,dividend,中证红利,5833.413,5818.8836,5693.0565,5639.962333333333,5592.46685
2026-03-30,5741.85,5795.51,5801.46,5734.41,56944175.0,dividend,中证红利,5827.9259999999995,5823.9752,5698.444333333333,5642.807750000001,5594.115949999999
2026-03-31,5790.48,5727.85,5830.65,5727.85,73299122.0,dividend,中证红利,5816.714,5822.912799999999,5702.467833333333,5644.9811666666665,5595.35085
2026-04-01,5746.9,5731.25,5768.63,5725.4,60302556.0,dividend,中证红利,5810.469,5820.74,5706.092833333333,5647.4039999999995,5596.75965
2026-04-02,5730.4,5744.64,5768.65,5716.78,53932198.0,dividend,中证红利,5805.225,5819.7688,5710.141166666666,5649.8175833333335,5598.24135
2026-04-03,5746.1,5649.43,5746.22,5638.33,45174447.0,dividend,中证红利,5794.671,5812.6776,5712.644833333334,5651.27625,5599.194100000001
2026-04-07,5654.97,5677.98,5682.28,5630.98,46483759.0,dividend,中证红利,5785.3445,5803.586800000001,5715.544833333333,5653.083750000001,5600.3111499999995
2026-04-08,5656.79,5723.65,5724.75,5646.33,65084973.0,dividend,中证红利,5780.5025,5794.4492,5718.853666666666,5654.927666666667,5601.571999999999
2026-04-09,5702.96,5680.34,5719.04,5674.86,42047227.0,dividend,中证红利,5769.2605,5787.416800000001,5720.342000000001,5655.938416666667,5602.6157
2026-04-10,5694.25,5692.53,5718.11,5674.68,38830985.0,dividend,中证红利,5755.0605000000005,5781.1372,5722.002333333333,5657.256833333334,5603.996800000001
2026-04-13,5699.72,5688.09,5704.87,5658.41,41490360.0,dividend,中证红利,5741.742,5774.240399999999,5723.8938333333335,5658.021833333333,5605.294249999999
2026-04-14,5687.35,5700.24,5700.47,5658.28,41760605.0,dividend,中证红利,5731.135499999999,5767.669599999999,5725.6865,5658.688833333334,5606.665349999999
2026-04-15,5699.03,5720.59,5730.45,5680.93,46702356.0,dividend,中证红利,5723.741,5763.6736,5727.510166666668,5659.36375,5608.168549999999
2026-04-16,5721.52,5734.51,5747.2,5713.89,45977478.0,dividend,中证红利,5718.7964999999995,5756.846799999999,5729.885833333334,5660.515333333333,5609.9174
2026-04-17,5725.02,5695.32,5726.16,5685.54,41746215.0,dividend,中证红利,5713.603,5745.5984,5732.269333333333,5660.9935000000005,5611.425450000001
2026-04-20,5697.68,5702.51,5713.24,5686.35,48049929.0,dividend,中证红利,5710.096,5735.5204,5734.9495,5661.511416666667,5612.900850000001
2026-04-21,5700.38,5752.84,5764.0,5698.11,47550474.0,dividend,中证红利,5716.432,5729.1392000000005,5739.273666666666,5662.4025833333335,5614.5413
2026-04-22,5750.85,5752.38,5774.65,5742.88,42734478.0,dividend,中证红利,5718.4115,5724.4952,5742.831833333334,5662.906583333333,5616.0872
2026-04-23,5748.97,5781.32,5790.16,5733.28,56251487.0,dividend,中证红利,5721.138499999999,5722.411999999999,5745.6565,5663.958583333334,5617.770299999999
2026-04-24,5756.08,5776.34,5786.58,5750.98,48202680.0,dividend,中证红利,5723.4885,5721.4980000000005,5748.969833333334,5664.748916666666,5619.571
2026-04-27,5755.37,5763.87,5796.67,5754.25,52543704.0,dividend,中证红利,5724.5595,5721.1468,5751.398499999999,5665.6840833333345,5621.3390500000005
2026-04-28,5737.89,5828.88,5829.56,5737.61,58243624.0,dividend,中证红利,5726.228,5729.257200000001,5755.021833333333,5667.1435,5623.211799999999
2026-04-29,5822.8,5884.27,5893.2,5821.9,68196309.0,dividend,中证红利,5734.049,5736.1164,5758.958166666666,5669.257833333333,5625.1658
2026-04-30,5879.41,5865.07,5900.14,5836.79,66216582.0,dividend,中证红利,5740.74,5741.648,5763.377333333334,5671.2361666666675,5627.025500000001
2026-05-06,5851.88,5881.84,5883.91,5810.65,69000033.0,dividend,中证红利,5747.6,5747.7480000000005,5766.619333333333,5672.93125,5628.83
2026-05-07,5861.28,5787.2,5861.28,5779.68,59870323.0,dividend,中证红利,5754.4884999999995,5749.538,5767.111999999999,5673.6625,5630.0406
2026-05-08,5791.79,5767.67,5820.73,5750.28,49186677.0,dividend,中证红利,5758.973,5748.424400000001,5768.239666666666,5674.0315,5631.1672
2026-05-11,5763.2,5783.46,5795.14,5750.38,64072492.0,dividend,中证红利,5761.9635,5750.6488,5772.599499999999,5674.3445,5632.2829
2026-05-12,5786.77,5774.72,5813.68,5767.14,54164632.0,dividend,中证红利,5766.6825,5752.3876,5776.114833333334,5674.526,5633.1819
2026-05-13,5772.59,5748.08,5791.57,5728.42,50980561.0,dividend,中证红利,5769.46,5752.5252,5776.715666666667,5674.1317500000005,5634.15245
2026-05-14,5743.28,5694.31,5751.74,5694.31,55224114.0,dividend,中证红利,5769.771,5754.3204000000005,5776.845666666666,5673.396083333334,5634.71795
2026-05-15,5695.49,5680.37,5720.95,5657.27,57564847.0,dividend,中证红利,5768.777499999999,5754.416,5776.999833333333,5672.512333333334,5635.538149999999
2026-05-18,5678.26,5654.2,5691.03,5622.88,50840733.0,dividend,中证红利,5765.4580000000005,5751.638000000001,5776.0855,5671.280750000001,5636.34615
2026-05-19,5639.1,5662.36,5665.32,5632.14,45964575.0,dividend,中证红利,5761.8505000000005,5750.9188,5774.958,5670.404083333333,5637.2185
2026-05-20,5647.94,5643.58,5664.68,5634.57,45326100.0,dividend,中证红利,5759.263499999999,5748.9608,5772.8488333333335,5669.60625,5637.902700000001
2026-05-21,5628.56,5554.67,5664.16,5554.67,53196374.0,dividend,中证红利,5751.871499999999,5743.624,5769.566,5668.730333333334,5637.796700000001
2026-05-22,5563.25,5545.14,5567.65,5514.29,47240673.0,dividend,中证红利,5741.486500000001,5737.42,5767.514666666667,5667.701,5637.1843499999995
2026-05-25,5591.63,5572.23,5618.25,5558.05,47297876.0,dividend,中证红利,5732.479,5731.485599999999,5764.478333333333,5667.002583333333,5636.81005
2026-05-26,5547.46,5577.26,5581.52,5537.44,48382425.0,dividend,中证红利,5722.276,5725.195600000001,5761.0064999999995,5667.192083333333,5636.3426
2026-05-27,5567.03,5527.16,5576.82,5500.76,53137251.0,dividend,中证红利,5709.817,5718.4692000000005,5756.977166666667,5667.192,5635.80925
2026-05-28,5511.49,5513.88,5560.49,5502.3,47535190.0,dividend,中证红利,5697.3175,5710.924,5751.763333333334,5666.855833333334,5635.516
2026-05-29,5506.06,5578.69,5596.92,5505.27,64264624.0,dividend,中证红利,5684.807999999999,5703.958,5746.320666666667,5667.255,5635.55715
2026-06-01,5581.57,5726.1,5727.59,5568.49,70403664.0,dividend,中证红利,5676.8995,5702.9068,5742.554166666667,5668.805833333333,5636.28025
2026-06-02,5732.28,5708.55,5792.57,5691.58,65257591.0,dividend,中证红利,5669.0735,5699.996000000001,5740.094166666666,5670.16175,5637.399450000001
2026-06-03,5682.57,5706.47,5730.84,5626.81,59457979.0,dividend,中证红利,5660.305,5697.2011999999995,5737.710000000001,5671.117166666666,5638.50885
2026-06-04,5681.77,5681.52,5729.61,5660.47,52745282.0,dividend,中证红利,5655.021000000001,5693.9072,5734.726833333333,5671.922666666666,5639.36475
2026-06-05,5666.17,5683.85,5737.95,5665.48,58236330.0,dividend,中证红利,5650.83,5688.106,5731.715833333334,5672.838916666666,5639.944600000001
2026-06-08,5632.95,5633.62,5690.01,5608.73,67111140.0,dividend,中证红利,5643.338000000001,5678.08,5728.601333333334,5673.511083333333,5640.0967
2026-06-09,5601.03,5629.97,5633.18,5582.28,61245559.0,dividend,中证红利,5636.1005,5668.6759999999995,5724.0145,5674.111083333334,5640.18315
2026-06-10,5597.45,5588.98,5624.94,5570.07,59332882.0,dividend,中证红利,5628.1455000000005,5656.9616000000005,5717.555333333334,5674.624083333333,5640.05
2026-06-11,5587.56,5566.74,5604.98,5538.4,52846639.0,dividend,中证红利,5621.767,5648.1432,5711.093333333334,5675.373250000001,5639.925200000001
2026-06-12,5548.05,5649.5,5659.75,5539.64,77717731.0,dividend,中证红利,5620.2235,5643.4164,5706.712166666666,5676.772583333334,5640.0575
2026-06-15,5629.04,5590.7,5632.51,5563.96,74369656.0,dividend,中证红利,5617.0485,5635.706000000001,5702.0825,5678.064916666667,5640.0425
2026-06-16,5565.22,5493.67,5565.22,5489.35,53677221.0,dividend,中证红利,5608.6140000000005,5624.464,5696.4203333333335,5678.622833333333,5639.8102
2026-06-17,5481.29,5434.15,5482.3,5420.18,50516275.0,dividend,中证红利,5598.1425,5611.9068,5690.336333333335,5678.4321666666665,5639.21385
2026-06-18,5410.37,5316.65,5412.87,5314.64,64912177.0,dividend,中证红利,5586.241499999999,5596.800399999999,5682.736333333333,5677.6182499999995,5638.083300000001
2026-06-22,5302.59,5373.33,5375.64,5243.11,67787869.0,dividend,中证红利,5577.651,5584.5188,5678.523166666667,5677.148666666667,5637.2627
2026-06-23,5362.7,5342.69,5422.49,5329.66,68692603.0,dividend,中证红利,5566.174,5572.0584,5672.354833333334,5676.056833333333,5636.079800000001
2026-06-24,5340.85,5262.82,5340.85,5252.25,63456294.0,dividend,中证红利,5550.452,5556.076800000001,5664.622166666667,5674.219083333333,5634.347899999999
2026-06-25,5229.97,5198.51,5272.24,5191.07,60891980.0,dividend,中证红利,5534.0195,5538.274,5655.775,5672.05475,5632.343449999999
2026-06-26,5196.03,5085.73,5196.03,5085.17,58366305.0,dividend,中证红利,5512.611999999999,5519.5164,5644.829666666667,5668.943083333334,5629.5697
2026-06-29,5083.71,5120.71,5125.79,4998.15,61767670.0,dividend,中证红利,5489.713000000001,5502.539199999999,5633.583,5666.013666666667,5627.003049999999
2026-06-30,5103.91,5022.46,5104.46,4995.49,61235757.0,dividend,中证红利,5454.531,5480.5484,5621.826499999999,5662.147166666666,5624.453200000001
2026-07-01,5015.78,5108.21,5133.62,5004.03,54022509.0,dividend,中证红利,5424.514,5461.7864,5611.4425,5658.767666666667,5622.273300000001
2026-07-02,5104.78,5154.94,5185.26,5103.1,60095257.0,dividend,中证红利,5396.9375,5446.8976,5601.614166666667,5655.877666666666,5620.357800000001
2026-07-03,5168.94,5207.46,5228.75,5168.37,54485190.0,dividend,中证红利,5373.2345,5434.640799999999,5594.2480000000005,5653.446416666668,5618.77135
2026-07-06,5198.15,5314.92,5320.52,5179.15,60770960.0,dividend,中证红利,5354.788,5424.09,5588.197,5651.870916666667,5617.635099999999
2026-07-07,5313.87,5239.37,5319.9,5216.56,52807664.0,dividend,中证红利,5335.0755,5404.6208,5580.125666666668,5649.489666666666,5616.3546
2026-07-08,5231.84,5264.79,5311.14,5210.7,53952140.0,dividend,中证红利,5316.8165,5386.870400000001,5573.199833333333,5646.770916666666,5615.2131500000005
2026-07-09,5239.89,5200.44,5242.13,5184.15,51526912.0,dividend,中证红利,5297.389499999999,5366.6292,5564.998333333334,5643.5003333333325,5613.66515
2026-07-10,5169.17,5184.1,5215.18,5139.29,53304871.0,dividend,中证红利,5278.257500000001,5346.7324,5556.598499999999,5640.246166666667,5611.822700000001
2026-07-13,5170.81,5198.11,5221.88,5149.4,65199976.0,dividend,中证红利,5255.688,5327.3028,5548.229666666667,5636.958083333334,5609.9881
2026-07-14,5195.83,5307.5,5312.25,5195.83,67167696.0,dividend,中证红利,5241.528,5314.258000000001,5541.344833333334,5634.427500000001,5608.836649999999
2026-07-15,5286.75,5378.84,5384.21,5271.82,62772154.0,dividend,中证红利,5235.7865,5304.2128,5535.4169999999995,5632.651416666667,5607.9318
2026-07-16,5357.86,5321.07,5403.04,5304.39,54463709.0,dividend,中证红利,5230.1325,5293.4964,5529.1795,5630.724416666666,5606.8874
2026-07-17,5312.3,5281.81,5362.09,5280.41,74763545.0,dividend,中证红利,5228.3904999999995,5282.0992,5522.167833333334,5628.558666666667,5605.74075
2026-07-20,5297.87,5450.51,5450.51,5297.87,90113174.0,dividend,中证红利,5232.2495,5274.1395999999995,5517.129,5628.201333333333,5605.44845
2026-07-21,5434.93,5391.09,5501.56,5377.15,87388035.0,dividend,中证红利,5234.6695,5266.1552,5511.1075,5626.969666666667,5604.79245
2026-07-22,5378.64,5452.59,5452.59,5342.76,64921023.0,dividend,中证红利,5244.157999999999,5264.512,5505.6286666666665,5625.642583333333,5604.934750000001
2026-07-23,5429.54,5505.69,5509.0,5420.61,53081637.0,dividend,中证红利,5259.517,5267.3736,5501.117833333334,5625.043833333333,5605.11955
2026-07-24,5495.44,5404.28,5513.68,5403.77,53739636.0,dividend,中证红利,5275.4445,5270.8788,5495.1246666666675,5623.261583333334,5604.97075
2026-07-27,5377.77,5434.0,5446.86,5363.34,56512499.0,dividend,中证红利,5291.1089999999995,5273.3056,5488.543333333334,5621.782583333334,5604.87045
2026-07-28,5407.22,5437.92,5442.49,5365.28,61713590.0,dividend,中证红利,5311.882,5277.114799999999,5481.104166666667,5620.031166666667,5604.72485
2026-07-29,5442.35,5519.12,5536.9,5439.82,63222536.0,dividend,中证红利,5332.4275,5287.366800000001,5475.338333333333,5619.357833333333,5605.1179
2026-07-30,5516.59,5579.6,5583.0,5516.33,74388362.0,dividend,中证红利,5353.6605,5302.6104000000005,5470.301,5618.460166666668,5605.740849999999
2026-07-31,5509.56,5569.41,5579.35,5478.9,80581584.0,dividend,中证红利,5371.758,5321.9576,5466.671166666667,5616.891583333333,5606.21595
