date,open,close,high,low,amount,instrument_key,instrument_name,ma20,ma25,ma60,ma120,ma200
2004-01-02,997.0,1011.35,1021.57,993.89,8064652.0,sse50,上证50,,,,,
2004-01-05,1008.28,1060.8,1060.9,1008.28,14468180.0,sse50,上证50,,,,,
2004-01-06,1059.14,1075.66,1086.69,1059.1,16991334.0,sse50,上证50,,,,,
2004-01-07,1075.56,1086.3,1095.84,1070.98,13729419.0,sse50,上证50,,,,,
2004-01-08,1087.68,1102.66,1108.29,1082.51,10780427.0,sse50,上证50,,,,,
2004-01-09,1105.77,1081.79,1115.46,1079.07,13467442.0,sse50,上证50,,,,,
2004-01-12,1081.81,1116.8,1117.51,1079.77,10233943.0,sse50,上证50,,,,,
2004-01-13,1120.15,1102.34,1123.66,1089.63,9837189.0,sse50,上证50,,,,,
2004-01-14,1101.44,1079.72,1101.67,1076.87,7120499.0,sse50,上证50,,,,,
2004-01-15,1078.53,1073.98,1088.67,1070.73,6179207.0,sse50,上证50,,,,,
2004-01-16,1076.64,1083.65,1087.82,1067.85,7174167.0,sse50,上证50,,,,,
2004-01-29,1086.66,1100.6,1101.03,1084.46,5791230.0,sse50,上证50,,,,,
2004-01-30,1102.17,1067.55,1103.7,1066.44,7761118.0,sse50,上证50,,,,,
2004-02-02,1107.49,1091.73,1116.31,1069.97,15432922.0,sse50,上证50,,,,,
2004-02-03,1091.87,1102.95,1103.24,1084.39,8411107.0,sse50,上证50,,,,,
2004-02-04,1104.74,1128.44,1130.14,1104.74,10534990.0,sse50,上证50,,,,,
2004-02-05,1135.62,1127.9,1136.42,1118.17,9774314.0,sse50,上证50,,,,,
2004-02-06,1125.49,1122.08,1139.09,1108.91,11140337.0,sse50,上证50,,,,,
2004-02-09,1122.29,1134.61,1134.91,1122.28,8598305.0,sse50,上证50,,,,,
2004-02-10,1137.72,1120.96,1141.99,1116.93,8662780.0,sse50,上证50,1093.5935,,,,
2004-02-11,1121.81,1110.06,1123.77,1100.24,9246320.0,sse50,上证50,1098.529,,,,
2004-02-12,1110.84,1094.11,1122.48,1092.29,9581597.0,sse50,上证50,1100.1945,,,,
2004-02-13,1094.0,1096.36,1105.82,1088.86,6904822.0,sse50,上证50,1101.2295,,,,
2004-02-16,1098.86,1123.75,1124.36,1098.86,7623411.0,sse50,上证50,1103.102,,,,
2004-02-17,1127.1,1123.62,1132.71,1121.28,8815897.0,sse50,上证50,1104.15,1096.7908,,,
2004-02-18,1123.7,1129.28,1136.53,1119.63,8093712.0,sse50,上证50,1106.5245,1101.508,,,
2004-02-19,1130.4,1122.38,1138.08,1119.67,7130805.0,sse50,上证50,1106.8035,1103.9712,,,
2004-02-20,1122.93,1124.66,1125.37,1112.94,5988759.0,sse50,上证50,1107.9195,1105.9312,,,
2004-02-23,1126.23,1093.14,1129.52,1092.01,8802509.0,sse50,上证50,1108.5904999999998,1106.2048,,,
2004-02-24,1090.25,1093.1,1095.94,1072.33,8449382.0,sse50,上证50,1109.5465,1105.8224,,,
2004-02-25,1094.43,1070.36,1104.35,1067.13,8064056.0,sse50,上证50,1108.882,1105.3652,,,
2004-02-26,1068.13,1079.9,1080.23,1061.2,8100891.0,sse50,上证50,1107.847,1103.8892,,,
2004-02-27,1081.72,1088.73,1090.89,1079.93,7293070.0,sse50,上证50,1108.906,1103.3447999999999,,,
2004-03-01,1089.65,1094.24,1095.23,1076.08,6441716.0,sse50,上证50,1109.0315,1103.9256,,,
2004-03-02,1096.11,1093.39,1099.71,1086.72,5577318.0,sse50,上证50,1108.5535,1104.702,,,
2004-03-03,1093.36,1072.64,1093.74,1067.94,5214820.0,sse50,上证50,1105.7635,1104.2616,,,
2004-03-04,1070.9,1078.35,1079.27,1061.89,4810434.0,sse50,上证50,1103.2859999999998,1103.3716,,,
2004-03-05,1080.34,1071.58,1083.14,1070.3,3365028.0,sse50,上证50,1100.761,1103.5328,,,
2004-03-08,1070.11,1057.1,1075.75,1056.04,4599850.0,sse50,上证50,1096.8854999999999,1102.1476,,,
2004-03-09,1057.36,1061.16,1075.22,1056.88,6918022.0,sse50,上证50,1093.8955,1100.4759999999999,,,
2004-03-10,1062.98,1091.1,1091.35,1062.98,6113973.0,sse50,上证50,1092.9475,1098.9824,,,
2004-03-11,1092.74,1095.56,1102.22,1086.55,5761792.0,sse50,上证50,1093.02,1097.6888,,,
2004-03-12,1096.35,1099.08,1102.13,1088.44,5236097.0,sse50,上证50,1093.156,1096.7688,,,
2004-03-15,1100.4,1131.68,1134.28,1100.15,10252069.0,sse50,上证50,1093.5525,1096.6516000000001,,,
2004-03-16,1136.27,1135.57,1139.49,1127.85,7329359.0,sse50,上证50,1094.15,1097.236,,,
2004-03-17,1136.45,1135.17,1139.28,1124.6,5489802.0,sse50,上证50,1094.4445,1098.2404,,,
2004-03-18,1134.93,1111.85,1141.81,1110.32,6869806.0,sse50,上证50,1093.9180000000001,1098.95,,,
2004-03-19,1110.44,1129.78,1130.26,1107.1,5885994.0,sse50,上证50,1094.174,1100.2867999999999,,,
2004-03-22,1130.87,1134.79,1141.81,1126.19,5093687.0,sse50,上证50,1096.2565,1100.7284,,,
2004-03-23,1133.99,1121.33,1134.13,1115.67,5587535.0,sse50,上证50,1097.668,1100.6368,,,
2004-03-24,1120.21,1115.51,1125.06,1109.33,4800140.0,sse50,上证50,1099.9255,1100.086,,,
2004-03-25,1114.75,1115.24,1126.19,1108.18,4609216.0,sse50,上证50,1101.6924999999999,1099.8003999999999,,,
2004-03-26,1115.49,1112.78,1118.72,1105.55,5394547.0,sse50,上证50,1102.895,1099.3252,,,
2004-03-29,1112.28,1101.66,1115.05,1100.43,5336270.0,sse50,上证50,1103.266,1099.6660000000002,,,
2004-03-30,1100.8,1101.27,1106.01,1093.12,4158677.0,sse50,上证50,1103.6599999999999,1099.9928,,,
2004-03-31,1102.29,1108.54,1113.74,1097.87,4247860.0,sse50,上证50,1105.455,1101.52,,,
2004-04-01,1109.72,1123.44,1124.25,1108.91,4682707.0,sse50,上证50,1107.7095000000002,1103.2616,,,
2004-04-02,1125.36,1127.81,1133.44,1122.64,5788955.0,sse50,上证50,1110.521,1104.8247999999999,,,
2004-04-05,1128.51,1118.27,1129.81,1112.29,6259749.0,sse50,上证50,1113.5795,1105.7859999999998,,,
2004-04-06,1117.89,1123.86,1124.02,1106.6,5545980.0,sse50,上证50,1116.7145,1107.0048,1101.4011666666665,,
2004-04-07,1124.25,1117.44,1125.63,1116.13,4674499.0,sse50,上证50,1118.0314999999998,1108.7967999999998,1103.1693333333335,,
2004-04-08,1117.12,1112.84,1118.48,1109.78,5758736.0,sse50,上证50,1118.8955,1110.1764,1104.0366666666666,,
2004-04-09,1113.72,1088.16,1119.15,1083.33,6921967.0,sse50,上证50,1118.3494999999998,1110.8396,1104.245,,
2004-04-12,1082.45,1080.08,1087.48,1071.12,5021174.0,sse50,上证50,1115.7694999999999,1111.7588,1104.1413333333333,,
2004-04-13,1081.05,1072.73,1087.32,1070.84,4958853.0,sse50,上证50,1112.6275,1112.2216,1103.6425000000002,,
2004-04-14,1072.2,1065.68,1074.63,1052.92,4838037.0,sse50,上证50,1109.153,1111.2048,1103.374,,
2004-04-15,1066.18,1055.89,1072.24,1053.08,3601203.0,sse50,上证50,1106.355,1109.618,1102.3588333333332,,
2004-04-16,1056.8,1071.23,1071.55,1049.03,4437637.0,sse50,上证50,1103.4275,1108.504,1101.8403333333333,,
2004-04-19,1072.5,1054.74,1073.4,1052.5,4078683.0,sse50,上证50,1099.425,1105.4264,1101.424,,
2004-04-20,1053.44,1052.24,1059.42,1045.21,3393887.0,sse50,上证50,1095.9705,1102.0932,1101.0616666666667,,
2004-04-21,1053.38,1043.53,1061.65,1040.37,4492805.0,sse50,上证50,1092.3715,1098.4276,1100.393,,
2004-04-22,1042.47,1050.76,1055.21,1039.35,4135647.0,sse50,上证50,1089.1475,1095.984,1099.562333333333,,
2004-04-23,1048.23,1034.41,1048.27,1032.87,3236350.0,sse50,上证50,1085.2289999999998,1092.1692,1099.01,,
2004-04-26,1034.04,1039.0,1041.59,1030.06,2507986.0,sse50,上证50,1082.096,1088.3375999999998,1098.1311666666666,,
2004-04-27,1040.92,1031.22,1045.25,1027.56,3599316.0,sse50,上证50,1078.5935000000002,1084.7332000000001,1096.9356666666667,,
2004-04-28,1028.46,1029.81,1034.91,1015.87,3733429.0,sse50,上证50,1074.657,1081.3051999999998,1095.2918333333332,,
2004-04-29,1028.59,1016.51,1037.75,1015.5,4811469.0,sse50,上证50,1069.3105,1077.356,1093.4353333333333,,
2004-04-30,1017.64,1025.95,1029.62,1011.21,4781896.0,sse50,上证50,1064.2175000000002,1073.8828,1091.8331666666666,,
2004-05-10,1028.46,996.16,1031.02,993.64,2797285.0,sse50,上证50,1058.112,1069.6628,1089.5256666666667,,
2004-05-11,994.06,1003.9,1006.17,989.31,2133186.0,sse50,上证50,1052.114,1065.768,1087.5746666666666,,
2004-05-12,1004.8,1025.02,1025.41,1001.97,3201942.0,sse50,上证50,1047.493,1062.4272,1086.1573333333333,,
2004-05-13,1026.67,1021.0,1026.82,1016.25,2105181.0,sse50,上证50,1042.901,1058.3296,1084.9388333333334,,
2004-05-14,1020.9,997.95,1021.31,994.95,2675899.0,sse50,上证50,1038.3905,1053.1352,1083.2986666666666,,
2004-05-17,993.14,981.74,999.45,980.67,2975704.0,sse50,上证50,1033.4735,1047.674,1080.9318333333333,,
2004-05-18,978.3,989.21,989.5,966.06,5222881.0,sse50,上证50,1029.2975000000001,1042.288,1078.6916666666666,,
2004-05-19,989.87,988.92,1001.9,981.12,3852344.0,sse50,上证50,1025.4595,1037.1472,1076.3523333333333,,
2004-05-20,988.99,985.93,1000.27,981.28,2613296.0,sse50,上证50,1021.9615,1032.0708,1074.0781666666667,,
2004-05-21,985.93,994.45,995.18,985.14,2583703.0,sse50,上证50,1018.1225000000001,1028.3224,1071.9080000000001,,
2004-05-24,995.08,991.85,997.72,989.21,2052458.0,sse50,上证50,1014.9779999999998,1024.7931999999998,1070.2198333333333,,
2004-05-25,991.77,978.6,992.0,977.22,2311801.0,sse50,上证50,1011.296,1021.028,1068.3115,,
2004-05-26,976.52,985.0,986.94,972.41,1774624.0,sse50,上证50,1008.3695,1017.8008,1066.8888333333332,,
2004-05-27,984.58,1003.29,1006.69,977.73,4014933.0,sse50,上证50,1005.9959999999999,1015.6967999999999,1065.612,,
2004-05-28,1003.93,995.64,1005.88,994.41,2102534.0,sse50,上证50,1004.0575000000001,1012.6732000000001,1064.0605,,
2004-05-31,995.83,1001.19,1003.76,994.68,1787674.0,sse50,上证50,1002.167,1010.5311999999999,1062.5096666666666,,
2004-06-01,1000.28,1014.17,1014.21,999.33,2904102.0,sse50,上证50,1001.3145000000001,1009.0083999999999,1061.1893333333333,,
2004-06-02,1014.31,1001.69,1014.71,999.22,2656618.0,sse50,上证50,999.9085000000001,1007.3348,1060.0068333333334,,
2004-06-03,1001.0,986.45,1001.14,985.1,2088334.0,sse50,上证50,998.4055000000001,1004.7624000000001,1058.4751666666666,,
2004-06-04,985.55,986.23,992.03,981.62,2090802.0,sse50,上证50,996.4195,1002.8352,1057.0526666666667,,
2004-06-07,984.04,973.22,984.08,967.64,2163271.0,sse50,上证50,995.2724999999998,1000.204,1055.6546666666666,,
2004-06-08,971.03,954.77,974.65,952.84,3290360.0,sse50,上证50,992.816,997.146,1053.8815,,
2004-06-09,952.19,941.3,956.68,938.96,3092361.0,sse50,上证50,988.6300000000001,993.6056000000001,1051.3848333333333,,
2004-06-10,939.5,944.25,951.35,936.64,2851585.0,sse50,上证50,984.7925000000001,990.7152000000001,1048.863,,
2004-06-11,947.5,942.86,961.57,941.55,2948907.0,sse50,上证50,982.0379999999999,987.3915999999999,1046.2593333333334,,
2004-06-14,941.04,924.59,941.04,919.53,2891000.0,sse50,上证50,979.1804999999998,984.5287999999999,1042.8078333333333,,
2004-06-15,922.93,942.68,948.28,919.96,3057255.0,sse50,上证50,976.8539999999999,982.08,1039.593,,
2004-06-16,943.36,947.16,959.0,933.48,3362611.0,sse50,上证50,974.766,978.9656,1036.4595,,
2004-06-17,946.56,926.04,948.37,924.79,2590711.0,sse50,上证50,971.7715000000001,975.1672,1033.3626666666667,,
2004-06-18,922.34,910.19,922.34,899.27,3572027.0,sse50,上证50,967.5584999999999,971.6568,1029.7028333333333,,
2004-06-21,904.95,909.05,913.91,899.22,2125600.0,sse50,上证50,963.4185000000001,968.7492,1025.9405,,
2004-06-22,908.86,918.8,924.62,905.94,2503213.0,sse50,上证50,960.4285,965.9328,1022.5649999999999,,
2004-06-23,918.43,912.85,918.43,905.41,2227283.0,sse50,上证50,956.8209999999999,962.89,1019.1873333333334,,
2004-06-24,911.36,906.42,918.32,905.0,2311606.0,sse50,上证50,951.9775,959.7096,1015.707,,
2004-06-25,904.48,891.79,912.88,890.22,2448648.0,sse50,上证50,946.7849999999999,955.6031999999999,1012.0238333333333,,
2004-06-28,887.16,883.76,892.58,880.53,2246053.0,sse50,上证50,940.9135,951.2796000000001,1008.3921666666666,,
2004-06-29,885.06,901.05,901.39,877.32,3139659.0,sse50,上证50,935.2574999999999,948.1776,1005.0551666666667,,
2004-06-30,900.34,897.71,907.37,894.19,2700638.0,sse50,上证50,930.0584999999999,944.6859999999999,1001.5413333333332,,
2004-07-01,896.38,925.0,927.62,896.01,4460071.0,sse50,上证50,926.9859999999999,941.5543999999999,998.234,,
2004-07-02,924.08,926.62,931.42,917.04,3160892.0,sse50,上证50,924.0055,938.7936,994.8808333333333,,
2004-07-05,925.37,928.67,928.75,919.0,3307349.0,sse50,上证50,921.7779999999999,935.8928,991.7208333333333,,
2004-07-06,928.76,931.88,944.29,928.39,4226025.0,sse50,上证50,920.6335000000001,932.6012,988.5211666666667,1044.9611666666667,
2004-07-07,930.68,923.86,930.74,921.24,2119085.0,sse50,上证50,919.7615,929.488,985.2948333333333,1044.2320833333333,
2004-07-08,922.63,927.04,927.37,917.47,2079327.0,sse50,上证50,918.9009999999998,927.1115999999998,982.1981666666667,1043.1174166666667,
2004-07-09,927.22,923.2,936.92,922.28,2256253.0,sse50,上证50,917.918,924.5903999999999,979.4488333333334,1041.8469166666666,
2004-07-12,919.79,904.55,919.79,901.52,2528343.0,sse50,上证50,916.9159999999999,921.8435999999998,976.5233333333333,1040.3323333333333,
2004-07-13,902.27,906.97,909.93,898.08,2118867.0,sse50,上证50,915.1305,919.9316,973.7606666666667,1038.7015833333332,
2004-07-14,907.52,912.19,914.71,897.23,3050080.0,sse50,上证50,913.382,918.7671999999999,971.2025,1037.28825,
2004-07-15,912.92,925.68,926.25,909.65,4554943.0,sse50,上证50,913.3639999999999,918.0243999999999,969.0323333333333,1035.6955833333334,
2004-07-16,927.4,946.18,948.85,926.43,8371489.0,sse50,上证50,915.1634999999999,918.1572,966.9481666666667,1034.39425,
2004-07-19,946.34,947.42,954.16,938.69,4251248.0,sse50,上证50,917.082,919.0704000000001,965.1595,1033.2917499999999,
2004-07-20,945.73,939.23,946.01,934.73,3715869.0,sse50,上证50,918.1034999999999,918.9324,963.276,1032.1688333333334,
2004-07-21,937.45,940.51,943.11,932.28,2326508.0,sse50,上证50,919.4865,918.6664,961.559,1030.9759999999999,
2004-07-22,940.38,913.14,941.76,910.21,4832675.0,sse50,上证50,919.8224999999999,918.1504,959.2653333333333,1029.4138333333333,
2004-07-23,910.21,915.04,915.95,901.76,4391591.0,sse50,上证50,920.9849999999999,918.3444000000001,957.2758333333333,1028.1429166666667,
2004-07-26,910.31,903.75,914.24,899.64,2626175.0,sse50,上证50,921.9844999999999,918.1324,955.0216666666666,1026.5764166666668,
2004-07-27,902.9,903.32,909.44,896.24,2956938.0,sse50,上证50,922.098,917.5131999999999,952.89,1024.9128333333333,
2004-07-28,904.29,906.05,914.04,891.72,3524551.0,sse50,上证50,922.515,917.2411999999999,950.8273333333333,1023.0595833333333,
2004-07-29,905.67,918.79,918.86,905.54,4066012.0,sse50,上证50,922.2045,917.7359999999999,949.1986666666668,1021.3169999999999,
2004-07-30,919.94,906.27,920.52,905.63,3201300.0,sse50,上证50,921.1869999999999,918.3152,947.204,1019.5185833333333,
2004-08-02,901.81,900.02,905.9,897.61,1996493.0,sse50,上证50,919.7545,918.9656,945.6016666666667,1017.5636666666667,
2004-08-03,898.49,893.3,905.3,891.76,2333146.0,sse50,上证50,917.8254999999999,918.6555999999999,943.7583333333333,1015.6665,
2004-08-04,893.06,923.02,938.24,888.79,7671835.0,sse50,上证50,917.7834999999999,919.668,942.0583333333333,1014.1078333333334,
2004-08-05,919.84,909.08,929.26,907.7,4403874.0,sse50,上证50,916.8855000000001,919.0312000000001,940.1929999999999,1012.5659166666667,
2004-08-06,908.33,911.56,920.02,904.56,3389741.0,sse50,上证50,916.3035,918.4287999999999,938.7531666666667,1011.0259166666667,
2004-08-09,909.42,920.76,922.94,906.66,2936670.0,sse50,上证50,917.1140000000001,918.1124000000001,937.7368333333333,1009.3343333333335,
2004-08-10,921.7,926.54,927.93,918.08,2537302.0,sse50,上证50,918.0925,917.8987999999999,936.6923333333333,1007.6919999999999,
2004-08-11,926.48,914.61,926.94,911.86,2506016.0,sse50,上证50,918.2134999999998,917.5287999999999,935.4538333333333,1005.9030833333333,
2004-08-12,909.68,907.83,909.68,899.66,2661774.0,sse50,上证50,917.3210000000001,916.7604000000001,934.1521666666666,1004.1151666666667,
2004-08-13,901.26,907.0,914.54,898.73,3755422.0,sse50,上证50,915.3620000000001,916.1124000000001,932.6946666666666,1002.3013333333333,
2004-08-16,905.52,904.01,912.12,901.45,2578844.0,sse50,上证50,913.1914999999999,916.0908000000001,931.2306666666667,1000.72525,
2004-08-17,903.78,910.86,912.7,898.87,2079082.0,sse50,上证50,911.7729999999999,916.2464,930.1016666666668,999.2065833333332,
2004-08-18,910.93,911.85,922.17,910.41,2593997.0,sse50,上证50,910.3399999999999,916.2328,928.8825,997.8856666666667,
2004-08-19,911.49,903.32,911.49,898.99,2478489.0,sse50,上证50,909.8489999999999,915.3384000000001,927.2163333333334,996.4141666666667,
2004-08-20,900.85,904.83,909.52,896.7,2524753.0,sse50,上证50,909.3385000000001,913.6844,925.7028333333334,994.8816666666665,
2004-08-23,903.19,889.66,903.21,889.03,2073584.0,sse50,上证50,908.634,911.3739999999999,923.8439999999999,993.1768333333333,
2004-08-24,887.91,897.77,900.31,883.26,2423679.0,sse50,上证50,908.3565000000001,909.7156,921.904,991.5466666666667,
2004-08-25,897.65,894.37,899.26,892.14,1545016.0,sse50,上证50,907.7724999999998,907.87,920.1153333333333,990.0610833333334,
2004-08-26,893.45,892.1,895.65,886.43,1530230.0,sse50,上证50,906.4380000000001,907.0284000000001,918.5428333333333,988.509,
2004-08-27,891.99,883.7,894.89,879.67,2079712.0,sse50,上证50,905.3095,905.7747999999999,916.8340000000001,986.9433333333333,
2004-08-30,880.65,882.05,884.71,876.55,1639113.0,sse50,上证50,904.4110000000001,904.9068000000001,915.3145,985.4845833333334,
2004-08-31,896.86,895.78,908.21,888.37,2910152.0,sse50,上证50,904.5350000000001,904.6052000000001,914.3313333333333,984.1064166666667,
2004-09-01,894.62,880.54,894.62,879.4,2020124.0,sse50,上证50,902.4110000000001,903.5848,913.3186666666666,982.3517499999999,
2004-09-02,878.63,881.57,882.63,867.02,3159288.0,sse50,上证50,901.0355,902.096,912.2739999999999,980.5685,
2004-09-03,882.08,879.42,884.16,875.38,1597271.0,sse50,上证50,899.4285,901.0219999999999,911.2166666666667,978.7379999999999,
2004-09-06,878.4,874.69,879.27,871.15,1700447.0,sse50,上证50,897.125,900.0088000000001,910.385,976.5964166666668,
2004-09-07,874.1,877.77,878.86,869.87,1597379.0,sse50,上证50,894.6865000000001,899.3876000000001,909.3031666666667,974.4480833333332,
2004-09-08,877.14,864.59,877.75,858.86,3834097.0,sse50,上证50,892.1854999999999,897.0504000000001,907.9269999999999,972.19325,
2004-09-09,862.36,848.46,862.54,847.07,2960520.0,sse50,上证50,889.217,894.6256,906.6339999999999,969.9983333333333,
2004-09-10,846.38,851.97,852.65,839.93,1800976.0,sse50,上证50,886.4654999999999,892.242,905.6636666666667,967.6832499999999,
2004-09-13,850.23,834.1,850.23,833.09,1863476.0,sse50,上证50,882.97,888.7755999999999,904.4145,965.1775,
2004-09-14,838.55,860.1,864.66,838.55,3962947.0,sse50,上证50,880.432,886.118,903.4361666666667,963.0005833333332,
2004-09-15,862.57,892.77,905.63,859.89,8520692.0,sse50,上证50,879.4780000000001,885.2444,903.1015,961.1444166666666,
2004-09-16,899.9,903.4,909.91,893.38,6511723.0,sse50,上证50,879.482,885.0672,903.0511666666666,959.3790833333333,
2004-09-17,905.57,932.32,932.82,901.65,9875806.0,sse50,上证50,880.8565000000001,886.08,903.7266666666667,957.8752499999999,
2004-09-20,939.42,965.11,965.29,938.46,13134290.0,sse50,上证50,884.6290000000001,888.5240000000001,905.0825000000001,956.7373333333333,
2004-09-21,967.56,955.0,967.78,947.78,9068592.0,sse50,上证50,887.4905000000001,890.2896000000001,905.9816666666667,955.5184166666667,
2004-09-22,951.84,933.1,957.47,929.85,9021499.0,sse50,上证50,889.427,891.1396,906.5715,954.0564166666667,
2004-09-23,931.67,967.32,967.76,926.37,6197820.0,sse50,上证50,893.1879999999999,893.6995999999999,907.2768333333333,952.7554166666666,
2004-09-24,975.12,951.09,991.74,950.34,13635412.0,sse50,上证50,896.5574999999999,895.55,907.6846666666667,951.28275,
2004-09-27,964.02,946.14,971.35,940.37,6380104.0,sse50,上证50,899.762,897.8092,907.9758333333334,949.8483333333332,
2004-09-28,948.18,947.77,954.1,937.3,4336172.0,sse50,上证50,902.3615,899.8092,908.2406666666667,948.3809166666667,
2004-09-29,948.51,936.46,950.99,934.95,3887717.0,sse50,上证50,905.1574999999999,901.4928,908.4506666666667,946.8727500000001,
2004-09-30,936.38,924.36,938.69,920.54,4317368.0,sse50,上证50,907.2969999999999,902.7832,908.4060000000001,945.3020833333334,
2004-10-08,922.8,936.01,936.24,904.98,4731583.0,sse50,上证50,910.1265000000001,904.8756,908.6195,944.0341666666667,
2004-10-11,936.48,923.22,938.64,920.6,6302681.0,sse50,上证50,912.5529999999999,906.5224,908.9306666666668,942.7270000000001,
2004-10-12,920.78,902.72,921.42,900.19,5108732.0,sse50,上证50,913.8004999999999,906.8,908.8598333333334,941.3102500000001,
2004-10-13,901.27,901.97,909.13,894.67,4251093.0,sse50,上证50,915.6695,907.6572,908.6895,939.946,
2004-10-14,902.47,876.82,903.48,874.7,4972227.0,sse50,上证50,917.0875,907.4672,907.8751666666666,938.45375,
2004-10-15,873.76,879.72,884.78,867.3,4002423.0,sse50,上证50,918.475,907.4792000000001,906.7674999999999,936.8578333333334,
2004-10-18,880.27,882.66,887.64,869.04,2558552.0,sse50,上证50,920.903,907.798,905.6881666666667,935.4238333333334,
2004-10-19,885.38,884.93,901.29,882.85,3456122.0,sse50,上证50,922.1445,908.0843999999998,904.7831666666667,934.0295833333332,
2004-10-20,884.54,879.39,884.54,867.6,3347707.0,sse50,上证50,921.4755000000001,908.6764,903.7645,932.6617499999999,
2004-10-21,879.66,864.31,885.56,861.61,6055731.0,sse50,上证50,919.521,909.3104,902.9506666666667,931.1080000000001,
2004-10-22,864.38,878.74,881.19,858.6,5223963.0,sse50,上证50,916.842,910.3812000000001,902.3456666666666,929.81075,
2004-10-25,886.05,865.65,893.11,864.42,5931402.0,sse50,上证50,911.8689999999999,911.6432,901.7106666666666,928.3661666666667,
2004-10-26,864.43,875.86,875.96,851.45,5815649.0,sse50,上证50,907.9119999999999,912.2736,901.253,927.0715,
2004-10-27,876.98,884.85,885.11,866.56,7450793.0,sse50,上证50,905.4995000000001,911.9568,900.8996666666666,925.8634999999999,
2004-10-28,885.41,882.91,892.78,879.47,5923453.0,sse50,上证50,901.2790000000001,911.1372,900.3016666666666,924.7501666666667,
2004-10-29,867.57,870.79,881.24,860.68,6156771.0,sse50,上证50,897.2639999999999,908.6759999999999,899.7103333333333,923.4571666666667,
2004-11-01,869.17,862.83,875.43,862.42,3896209.0,sse50,上证50,893.0985000000001,904.5848,899.0904999999999,922.3460833333334,
2004-11-02,861.96,862.25,865.19,853.39,3505454.0,sse50,上证50,888.8225,900.8747999999999,898.573,921.1656666666665,988.3311500000001
2004-11-03,864.36,877.53,879.06,862.05,4218236.0,sse50,上证50,885.876,898.6519999999999,897.8148333333334,919.9365833333334,987.66205
2004-11-04,877.76,860.81,885.61,858.14,4641808.0,sse50,上证50,882.6985000000001,894.3916,897.0103333333334,918.6016666666667,986.6621
2004-11-05,864.71,862.26,870.06,857.46,3029204.0,sse50,上证50,879.0109999999999,890.8384,896.1886666666667,917.4709166666668,985.5951
2004-11-08,860.63,864.34,866.15,853.31,1998289.0,sse50,上证50,876.067,887.5664,895.2483333333333,916.4925833333333,984.4853000000002
2004-11-09,864.89,864.57,871.22,860.28,1788275.0,sse50,上证50,874.1595,884.2384,894.2155,915.4539166666667,983.29485
2004-11-10,867.1,897.77,904.27,860.96,8588036.0,sse50,上证50,873.9495,882.6908,893.9348333333334,914.6943333333332,982.3747500000001
2004-11-11,900.35,894.11,914.36,893.3,8506183.0,sse50,上证50,874.814,881.4808,893.7061666666667,913.9291666666667,981.2613
2004-11-12,893.17,898.17,902.98,890.35,4457515.0,sse50,上证50,875.7365,879.9672,893.559,913.1268333333333,980.24045
2004-11-15,900.66,906.99,909.55,899.63,3977228.0,sse50,上证50,876.9529999999999,879.318,893.6086666666666,912.4196666666667,979.3767999999999
2004-11-16,908.49,906.73,911.1,901.11,3617668.0,sse50,上证50,878.0429999999999,879.4784,893.5398333333334,911.82075,978.54055
2004-11-17,906.3,896.11,906.88,892.93,2814596.0,sse50,上证50,878.8789999999999,879.2439999999999,893.2775,911.0799999999999,977.60285
2004-11-18,894.32,900.82,901.22,893.48,2569917.0,sse50,上证50,880.7045,880.204,893.2358333333334,910.2260833333333,976.60395
2004-11-19,902.48,906.99,907.57,898.24,3370416.0,sse50,上证50,882.117,881.2948,893.2718333333333,909.4873333333333,975.8011499999999
2004-11-22,907.05,905.84,910.05,901.67,3468375.0,sse50,上证50,884.1265000000001,882.222,893.5414999999999,908.69275,974.8717
2004-11-23,905.79,893.29,905.79,892.65,3242435.0,sse50,上证50,884.9979999999999,882.5563999999998,893.4668333333333,907.6854166666667,973.8234
2004-11-24,893.39,889.12,902.69,888.21,3688191.0,sse50,上证50,885.2115,882.9456,893.3793333333334,906.7473333333332,972.6267999999999
2004-11-25,889.43,890.78,893.89,883.69,3499111.0,sse50,上证50,885.6049999999999,884.0044,893.3573333333334,905.9500833333334,971.4412
2004-11-26,890.38,889.08,893.46,888.21,2130382.0,sse50,上证50,886.5195,884.418,893.447,905.1405,970.2762000000001
2004-11-29,887.76,879.26,889.29,877.98,2315849.0,sse50,上证50,887.341,884.9624,893.4005000000001,904.3575000000001,968.9994499999999
2004-11-30,878.35,879.31,882.5,875.89,2094155.0,sse50,上证50,888.1940000000001,885.1004,893.126,903.7286666666666,967.7912
2004-12-01,880.07,875.4,881.77,874.66,1909957.0,sse50,上证50,888.0875,884.7223999999999,893.0403333333335,903.1795,966.6179000000001
2004-12-02,874.88,871.13,875.05,865.13,3010871.0,sse50,上证50,888.6034999999999,884.2511999999999,892.8663333333334,902.5701666666666,965.5029999999999
2004-12-03,870.57,871.56,878.27,869.57,2335736.0,sse50,上证50,889.0685000000001,884.2819999999999,892.7353333333333,901.976,964.3790000000001
2004-12-06,872.28,875.0,877.9,865.96,1828539.0,sse50,上证50,889.6015000000001,884.7688,892.7405,901.5627499999999,963.13525
2004-12-07,875.44,868.29,878.19,867.74,2164087.0,sse50,上证50,889.7875,885.0103999999999,892.5825,900.9428333333333,961.8586
2004-12-08,874.6,868.9,878.49,867.07,2037744.0,sse50,上证50,888.344,884.6652,892.6543333333334,900.2906666666667,960.5567
2004-12-09,869.01,878.72,890.5,861.82,5684878.0,sse50,上证50,887.5745000000001,885.3816,893.1586666666667,899.8963333333334,959.3384
2004-12-10,877.16,868.43,881.45,867.74,2988533.0,sse50,上证50,886.0875,885.6284,893.4330000000001,899.5483333333333,958.0572500000001
2004-12-13,864.35,865.76,867.74,859.0,2270801.0,sse50,上证50,884.0260000000001,885.6852,893.9606666666666,899.1875833333335,956.9203499999999
2004-12-14,865.38,862.06,870.08,860.35,2560084.0,sse50,上证50,881.7925000000001,885.5848000000001,893.9933333333333,898.71475,955.76515
2004-12-15,862.26,867.6,872.12,854.85,3944491.0,sse50,上证50,880.367,884.378,893.5738333333334,898.3376666666667,954.75135
2004-12-16,867.38,867.0,875.76,861.17,3414475.0,sse50,上证50,878.676,883.2936,892.9671666666667,898.0091666666667,953.6868499999999
2004-12-17,865.52,857.25,866.04,855.63,2360692.0,sse50,上证50,876.189,881.6568,891.716,897.7213333333334,952.5294499999999
2004-12-20,853.0,845.68,853.16,842.72,2791119.0,sse50,上证50,873.1809999999999,879.2044000000001,889.7255,897.404,951.2866499999999
2004-12-21,847.35,845.38,855.08,842.65,2644310.0,sse50,上证50,870.7855,876.7504000000001,887.8984999999999,896.9400833333333,950.0465999999999
2004-12-22,848.17,865.08,865.17,842.32,5298284.0,sse50,上证50,869.5835,875.5092,886.7648333333333,896.6681666666667,949.0088000000001
2004-12-23,865.32,850.7,865.32,850.03,2359376.0,sse50,上证50,867.5795,873.5044,884.8211666666667,896.0490000000001,947.87055
2004-12-24,848.57,851.78,856.49,848.08,2457726.0,sse50,上证50,865.7144999999998,871.2959999999999,883.1659999999999,895.4253333333334,946.7715499999999
2004-12-27,851.78,848.19,859.09,846.02,3169635.0,sse50,上证50,864.1610000000001,868.99,881.5334999999999,894.7546666666666,945.727
2004-12-28,849.42,848.63,852.66,843.63,2893512.0,sse50,上证50,862.6269999999998,867.2035999999998,879.8811666666667,894.0609166666667,944.66435
2004-12-29,847.88,843.78,854.33,842.27,3604329.0,sse50,上证50,861.0459999999999,865.39,878.3365,893.3935833333333,943.42775
2004-12-30,842.36,843.53,848.16,837.21,3582315.0,sse50,上证50,859.6659999999999,863.5,876.9893333333333,892.6976666666667,942.1676
2004-12-31,846.12,842.73,850.85,841.7,2978720.0,sse50,上证50,858.2245,861.646,875.4346666666667,892.0270833333333,940.8858500000001
2005-01-04,836.99,827.07,836.99,824.01,4031697.0,sse50,上证50,855.8280000000001,859.5584,873.8321666666667,891.3814166666666,939.3628
2005-01-05,825.71,831.43,836.43,822.97,3020863.0,sse50,上证50,853.985,857.6432,872.644,890.7519166666666,937.8421000000001
2005-01-06,831.99,822.5,833.07,820.34,2753574.0,sse50,上证50,851.665,855.5272,871.3195000000001,890.0045000000001,936.27875
2005-01-07,822.67,823.62,832.95,819.44,3066086.0,sse50,上证50,848.9100000000001,853.6267999999999,870.4328333333334,889.154,934.8376
2005-01-10,823.77,832.99,833.65,821.0,2479411.0,sse50,上证50,847.1380000000001,852.084,869.6540000000001,888.2107500000001,933.3536499999999
2005-01-11,833.21,837.86,839.69,831.38,2450098.0,sse50,上证50,845.743,850.5984,868.9073333333332,887.2977500000001,931.8690000000001
2005-01-12,837.36,837.24,837.81,831.18,1632751.0,sse50,上证50,844.5020000000001,849.3564,868.1125,886.4478333333333,930.44855
2005-01-13,836.17,834.22,838.19,833.1,2096694.0,sse50,上证50,842.833,847.9692,867.3596666666667,885.5620833333334,929.0420999999999
2005-01-14,834.35,829.04,845.55,828.05,3627087.0,sse50,上证50,840.9350000000001,845.982,866.7718333333333,884.86125,927.6111
2005-01-17,821.19,811.55,825.54,810.0,3252217.0,sse50,上证50,838.65,843.7067999999999,865.652,883.9988333333333,926.1049499999999
2005-01-18,811.32,817.31,817.69,805.37,3719265.0,sse50,上证50,837.2315000000001,841.7688,864.8463333333333,883.2785,924.6831999999999
2005-01-19,816.64,810.99,817.17,809.49,3297547.0,sse50,上证50,835.5120000000001,839.7259999999999,863.7651666666667,882.5090833333333,923.2318
2005-01-20,807.4,805.08,810.87,801.07,3649395.0,sse50,上证50,832.512,837.2252000000001,862.4356666666666,881.6676666666666,921.7144999999999
2005-01-21,803.09,831.85,835.24,798.35,7407806.0,sse50,上证50,831.5695,835.8192,861.5846666666667,880.9431666666667,920.25655
2005-01-24,847.07,842.41,851.24,831.08,6486124.0,sse50,上证50,831.101,835.2256,861.1116666666666,880.4110000000001,918.82955
2005-01-25,839.72,841.64,842.19,832.09,4119281.0,sse50,上证50,830.7735,835.064,860.7584999999999,879.9245,917.4464
2005-01-26,840.82,834.67,844.07,833.64,3018077.0,sse50,上证50,830.0754999999999,834.6356,860.2988333333332,879.4359166666667,916.00045
2005-01-27,831.83,821.71,833.75,820.93,3029540.0,sse50,上证50,828.972,832.9008,859.3685,878.5916666666667,914.5218
2005-01-28,819.66,820.69,822.82,816.54,2339918.0,sse50,上证50,827.8299999999999,831.7004,858.6998333333333,877.8550833333334,913.0610499999999
2005-01-31,817.93,813.75,819.35,810.72,2588408.0,sse50,上证50,826.381,830.1792,857.8913333333333,877.0400000000001,911.689
2005-02-01,812.56,817.87,824.11,812.15,2732303.0,sse50,上证50,825.9209999999999,828.9664,857.1168333333334,876.1825833333332,910.3779499999999
2005-02-02,819.25,860.5,860.88,819.25,7774033.0,sse50,上证50,827.3745000000001,829.4412000000001,857.0490000000001,875.63225,909.3168
2005-02-03,856.77,848.49,867.2,846.41,7120290.0,sse50,上证50,828.674,829.6295999999999,856.2276666666666,875.08125,908.23085
2005-02-04,847.62,872.88,877.39,845.45,7331555.0,sse50,上证50,831.137,830.8036,855.8738333333332,874.7900000000001,907.3157999999999
2005-02-16,877.97,875.46,884.99,871.38,5056844.0,sse50,上证50,833.2605,832.1128,855.4953333333334,874.5271666666666,906.3369500000001
2005-02-17,876.64,870.09,876.64,861.45,3634848.0,sse50,上证50,834.872,833.8336,854.8803333333333,874.2445000000001,905.4137000000001
2005-02-18,869.4,856.21,870.53,855.42,3521323.0,sse50,上证50,835.8205,834.8248,854.0383333333333,873.7890833333333,904.43355
2005-02-21,856.95,874.02,874.1,856.95,4329100.0,sse50,上证50,837.8104999999999,836.8856,853.6701666666667,873.4738333333333,903.5859999999999
2005-02-22,874.95,887.07,889.98,870.59,6674490.0,sse50,上证50,840.7119999999999,839.4235999999999,853.441,873.3384166666667,902.7675499999999
2005-02-23,886.67,877.91,886.67,872.56,7459593.0,sse50,上证50,844.03,841.2203999999999,852.9563333333333,873.1140833333334,901.98505
2005-02-24,875.73,877.35,878.14,870.04,5475889.0,sse50,上证50,847.0319999999999,842.8,852.4815,873.0115000000001,901.1768000000001
2005-02-25,878.22,878.5,888.79,877.1,6543358.0,sse50,上证50,850.4074999999999,844.4504000000001,852.235,872.8509166666666,900.4132000000001
2005-02-28,878.55,868.89,878.66,864.65,4847487.0,sse50,上证50,853.598,845.8372,851.8978333333333,872.6385833333334,899.6086
2005-03-01,868.37,866.26,871.42,863.49,3179948.0,sse50,上证50,855.3185,847.3259999999999,851.4891666666666,872.4232499999999,898.85735
2005-03-02,866.08,855.88,875.07,855.28,5951922.0,sse50,上证50,855.992,849.0992,850.9358333333333,872.1914166666667,898.007
2005-03-03,854.79,861.69,863.1,851.43,3339214.0,sse50,上证50,856.9945,850.8744,850.6429999999999,872.02175,897.33465
2005-03-04,862.11,859.49,866.58,858.13,2983023.0,sse50,上证50,858.2355,852.8144,850.3126666666667,871.7193333333332,896.6125999999999
2005-03-07,859.66,863.7,865.53,859.52,2797013.0,sse50,上证50,860.335,855.1591999999999,850.1176666666667,871.579,895.806
2005-03-08,867.83,876.34,876.88,863.6,5257464.0,sse50,上证50,863.1175000000001,856.9388,850.2044999999999,871.5354166666667,895.0827
2005-03-09,878.36,869.4,880.49,867.07,6973993.0,sse50,上证50,865.9,858.0183999999999,850.1685,871.4519166666666,894.43995
2005-03-10,869.02,851.53,869.1,850.04,5591643.0,sse50,上证50,867.583,858.4140000000001,849.7773333333333,871.2589166666666,893.7889
2005-03-11,850.91,853.9,857.27,847.81,4661695.0,sse50,上证50,867.2529999999999,859.1831999999999,849.5375,871.0600000000001,893.11235
2005-03-14,853.36,857.61,865.82,844.18,5537534.0,sse50,上证50,867.7090000000001,860.6192,849.3493333333333,871.0018333333334,892.4558000000001
2005-03-15,857.34,840.96,857.63,839.45,4667624.0,sse50,上证50,866.113,861.43,848.7199999999999,870.9393333333334,891.73095
2005-03-16,839.6,832.82,840.59,829.4,3904396.0,sse50,上证50,863.9810000000001,862.1928000000001,848.1265,870.77975,890.9227999999999
2005-03-17,833.71,826.68,835.69,826.16,3483096.0,sse50,上证50,861.8104999999999,862.5451999999999,847.4751666666666,870.7179166666666,890.0969499999999
2005-03-18,826.06,821.03,830.2,818.8,3402967.0,sse50,上证50,860.0514999999999,860.9664,846.7913333333332,870.3923333333333,889.3091000000001
2005-03-21,820.42,823.13,825.86,818.27,2710832.0,sse50,上证50,857.507,859.9520000000001,846.0501666666667,869.812,888.4997500000001
2005-03-22,822.61,808.1,823.23,805.51,4212965.0,sse50,上证50,853.5584999999999,857.3608,845.0685,869.0178333333333,887.5238
2005-03-23,806.4,801.98,812.28,798.01,4033777.0,sse50,上证50,849.7620000000001,854.4216,844.1473333333334,867.9316666666667,886.5554999999999
2005-03-24,800.81,808.18,808.87,795.84,3680114.0,sse50,上证50,846.3035,851.9452,843.5223333333332,866.6239166666667,885.59045
2005-03-25,807.65,806.43,810.45,802.61,2741211.0,sse50,上证50,842.7,849.954,842.8731666666666,865.3858333333334,884.5517500000001
2005-03-28,805.41,805.56,805.91,795.46,2199636.0,sse50,上证50,839.5334999999999,847.2156,841.8811666666667,864.323,883.5711
2005-03-29,805.48,802.74,812.33,802.13,2791488.0,sse50,上证50,836.3575000000001,843.8424,841.0818333333333,862.9515,882.6525499999999
2005-03-30,800.96,790.58,800.96,790.19,3389530.0,sse50,上证50,833.0925,840.3492,840.0618333333333,861.6139166666667,881.6743000000001
2005-03-31,788.01,795.67,795.79,783.98,3299892.0,sse50,上证50,829.7915,837.082,839.1865,860.3600000000001,880.78655
2005-04-01,794.95,822.91,834.56,791.1,7201383.0,sse50,上证50,827.9625,834.8584,838.7578333333333,859.3195,880.1272499999999
2005-04-04,814.59,808.59,818.8,805.85,4581910.0,sse50,上证50,825.207,832.4464,838.1713333333333,858.2539166666667,879.4636999999999
2005-04-05,806.51,801.89,813.88,800.09,4022176.0,sse50,上证50,821.4844999999999,829.8716,837.4773333333334,857.2333333333333,878.7519
2005-04-06,800.89,816.88,820.86,796.37,5417600.0,sse50,上证50,818.8585,828.3116,837.0464999999999,856.2405833333333,878.1220000000001
2005-04-07,819.03,824.61,840.37,815.22,8194266.0,sse50,上证50,817.5125,826.8284,837.0054999999999,855.4188333333333,877.6220999999999
2005-04-08,824.32,838.06,838.51,818.9,4854740.0,sse50,上证50,816.7205,825.9712,837.116,854.8799999999999,877.0989999999999
2005-04-11,838.29,830.91,841.64,827.8,5495105.0,sse50,上证50,815.3855,824.6596,837.2561666666666,854.2878333333333,876.51775
2005-04-12,828.41,818.47,830.28,817.89,3213688.0,sse50,上证50,814.261,822.3448,837.1703333333334,853.8015833333334,875.9799
2005-04-13,826.91,835.63,842.48,826.91,5734974.0,sse50,上证50,814.4015,820.9939999999999,837.2143333333332,853.4341666666667,875.6071000000001
2005-04-14,840.24,826.01,841.17,825.38,4631111.0,sse50,上证50,814.368,819.9731999999999,837.0168333333334,852.9620833333333,875.1919
2005-04-15,822.13,817.09,822.13,814.98,3656982.0,sse50,上证50,814.1709999999999,818.5008,836.681,852.39675,874.68335
2005-04-18,814.55,806.39,815.47,803.23,3618395.0,sse50,上证50,813.3340000000001,816.452,836.2171666666667,851.7884166666666,874.1510499999999
2005-04-19,805.52,809.36,811.07,802.59,3609092.0,sse50,上证50,813.3969999999999,815.1879999999999,835.8891666666667,851.3304999999999,873.6657500000001
2005-04-20,808.62,798.52,808.62,793.9,2911894.0,sse50,上证50,813.2239999999999,813.8159999999999,835.672,850.662,873.1994
2005-04-21,796.12,793.45,803.41,790.1,3720094.0,sse50,上证50,812.4875,812.4867999999999,835.2743333333333,850.0603333333332,872.7478500000001
2005-04-22,792.2,794.82,800.16,791.64,3721833.0,sse50,上证50,811.9069999999999,811.4384,835.0048333333333,849.385,872.2167
2005-04-25,792.94,790.75,794.46,783.6,4026407.0,sse50,上证50,811.1665,810.1432,834.7660000000001,848.6008333333334,871.6818999999999
2005-04-26,789.89,792.3,797.7,784.93,3810025.0,sse50,上证50,810.6445,809.5111999999999,834.1068333333333,847.8457500000001,871.0183999999999
2005-04-27,790.47,782.43,791.22,781.95,4126604.0,sse50,上证50,810.237,808.7292,833.1071666666667,847.1094166666667,870.2974499999999
2005-04-28,779.7,793.88,797.74,773.38,5350775.0,sse50,上证50,810.1475,808.1572,832.3111666666666,846.5348333333334,869.6235
2005-04-29,793.45,789.73,798.21,786.39,4109545.0,sse50,上证50,808.4885,807.4892,831.5621666666667,845.9305,868.91275
2005-05-09,790.83,775.32,795.09,775.32,3032140.0,sse50,上证50,806.825,806.2796,830.789,845.0787500000001,868.17005
2005-05-10,772.61,779.1,780.08,764.85,4223893.0,sse50,上证50,805.6854999999999,805.334,830.0958333333333,844.3978333333333,867.4303500000001
2005-05-11,778.28,771.59,782.21,770.09,3105299.0,sse50,上证50,803.421,804.5743999999999,829.3931666666667,843.64225,866.6723
2005-05-12,770.82,753.88,771.57,753.57,4285749.0,sse50,上证50,799.8844999999999,802.9028,828.3266666666666,842.72175,865.91895
2005-05-13,752.32,757.3,768.4,749.84,4818310.0,sse50,上证50,795.8465,800.2783999999999,826.6066666666667,841.8278333333333,865.1705999999999
2005-05-16,754.78,747.87,756.62,742.41,3262005.0,sse50,上证50,791.6945,797.8496,824.9296666666667,840.5786666666667,864.349
2005-05-17,745.85,750.71,757.88,741.83,3157596.0,sse50,上证50,788.3065,795.8024,822.8934999999999,839.3836666666667,863.4741500000001
2005-05-18,751.56,752.66,760.54,743.9,2943064.0,sse50,上证50,784.158,793.2336,820.8468333333333,838.1710833333333,862.50655
2005-05-19,752.98,754.79,757.74,742.78,3475075.0,sse50,上证50,780.597,790.4408,818.9251666666667,836.90275,861.5434
2005-05-20,754.17,753.07,760.02,749.71,2956331.0,sse50,上证50,777.396,787.0412000000001,817.2061666666667,835.62225,860.6125999999999
2005-05-23,749.83,737.74,749.83,736.47,2602150.0,sse50,上证50,773.9635000000001,783.3144,814.9348333333332,834.3025,859.59875
2005-05-24,734.53,737.35,740.23,726.27,3870226.0,sse50,上证50,770.3629999999999,780.0696,812.4395,832.94025,858.7198
2005-05-25,737.12,737.54,744.52,731.73,2507115.0,sse50,上证50,767.3140000000001,776.146,810.1,831.5281666666667,857.8322999999999
2005-05-26,737.1,728.7,741.36,727.24,2354867.0,sse50,上证50,764.0765,772.2536,807.6225000000001,830.0519999999999,856.95705
2005-05-27,726.94,724.52,736.16,723.32,3337227.0,sse50,上证50,760.5615,768.5508,805.0561666666667,828.6455833333333,856.06305
2005-05-30,723.1,729.07,731.86,717.82,2508439.0,sse50,上证50,757.4775,765.4580000000001,802.7258333333333,827.3118333333334,855.1781500000001
2005-05-31,729.89,731.0,737.94,728.45,2920559.0,sse50,上证50,754.4125,762.3236,800.4715,825.9803333333333,854.2392
2005-06-01,730.12,719.03,735.56,717.68,2999512.0,sse50,上证50,751.2425000000001,759.1440000000001,798.1906666666666,824.56325,853.303
2005-06-02,716.8,701.37,718.51,697.02,4256310.0,sse50,上证50,746.617,755.4608000000001,795.5186666666667,823.0808333333333,852.30975
2005-06-03,699.42,700.43,706.88,693.55,3341607.0,sse50,上证50,742.152,751.6852,792.8676666666667,821.5901666666666,851.3453999999999
2005-06-06,699.27,717.21,717.28,693.53,3560221.0,sse50,上证50,739.2465,748.7436,790.4261666666666,820.2719166666667,850.31635
2005-06-07,718.4,713.62,731.75,712.14,4671384.0,sse50,上证50,735.9725000000001,745.5964,787.7141666666668,818.9593333333333,849.33905
2005-06-08,729.81,772.13,775.0,720.4,14244825.0,sse50,上证50,735.9995,745.1844,786.0930000000001,818.13075,848.6419000000001
2005-06-09,774.3,778.58,790.39,762.37,14480813.0,sse50,上证50,737.2345,744.5724,784.8771666666668,817.32725,847.931
2005-06-10,777.98,766.66,777.98,761.98,10095507.0,sse50,上证50,737.7025,743.6496000000001,783.4231666666667,816.4803333333333,847.1316
2005-06-13,762.0,759.92,765.6,747.42,6756939.0,sse50,上证50,738.3050000000001,743.0336,781.7950000000001,815.5721666666667,846.3581499999999
2005-06-14,761.98,754.55,772.86,753.85,6257422.0,sse50,上证50,738.497,742.0515999999999,780.3548333333333,814.5374166666667,845.59175
2005-06-15,752.3,745.22,754.46,743.55,4724394.0,sse50,上证50,738.125,740.9967999999999,778.8948333333334,813.5106666666667,844.78285
2005-06-16,745.2,757.39,757.87,742.96,5083836.0,sse50,上证50,738.255,741.1372,777.74,812.6075833333333,844.0497499999999
2005-06-17,761.09,762.18,765.33,756.19,6396261.0,sse50,上证50,738.7104999999999,741.3324,776.7591666666667,811.77525,843.30635
2005-06-20,764.1,780.29,781.81,759.34,8045943.0,sse50,上证50,740.838,742.6292,776.0451666666667,811.0476666666666,842.64855
2005-06-21,779.89,770.3,779.89,769.31,4617271.0,sse50,上证50,742.4855,743.4128,775.4151666666666,810.2418333333333,841.9834500000001
2005-06-22,768.02,774.15,774.53,766.03,4022904.0,sse50,上证50,744.316,744.2724,774.9513333333332,809.5493333333333,841.33005
2005-06-23,773.58,768.33,776.21,767.75,3173398.0,sse50,上证50,746.2974999999999,744.814,774.2871666666666,808.90475,840.7234
2005-06-24,766.6,772.32,772.7,764.42,3815350.0,sse50,上证50,748.6875,745.584,773.7186666666668,808.2959166666666,840.0961500000001
2005-06-27,776.6,782.38,786.48,776.6,6072547.0,sse50,上证50,751.353,747.3696000000001,773.3323333333333,807.60675,839.5362
2005-06-28,779.69,775.63,779.69,773.38,3609530.0,sse50,上证50,753.5844999999999,748.9008,772.8805,806.9811666666666,838.9538500000001
2005-06-29,782.57,772.02,782.88,771.42,5250680.0,sse50,上证50,756.234,750.2799999999999,772.5711666666666,806.3165,838.39545
2005-06-30,770.96,758.72,770.96,755.89,4295351.0,sse50,上证50,759.1015,751.4808,771.9553333333333,805.5709166666667,837.7788
2005-07-01,756.24,748.05,756.24,746.74,3281977.0,sse50,上证50,761.4825,752.422,770.7076666666667,804.73275,837.04015
2005-07-04,744.29,747.09,747.67,738.32,2952028.0,sse50,上证50,762.9765,753.1428,769.6826666666667,803.927,836.3729000000001
2005-07-05,743.72,741.21,745.98,736.24,3806804.0,sse50,上证50,764.356,753.5512000000001,768.6713333333333,803.0743333333334,835.6711
2005-07-06,742.14,734.77,744.08,732.47,2857625.0,sse50,上证50,762.488,754.1807999999999,767.3028333333333,802.1746666666666,834.94785
2005-07-07,733.87,735.55,739.21,731.65,2444907.0,sse50,上证50,760.3365,755.548,765.8185,801.412,834.2521500000001
2005-07-08,733.93,727.56,733.93,725.37,2627786.0,sse50,上证50,758.3815,756.6331999999999,763.9768333333334,800.5464166666666,833.5011
2005-07-11,734.72,726.91,744.93,725.58,3297888.0,sse50,上证50,756.731,757.0211999999999,762.2435,799.7498333333333,832.8127000000001
2005-07-12,724.16,753.06,756.25,721.85,7264520.0,sse50,上证50,756.6564999999999,758.5988000000001,761.1533333333333,799.1618333333333,832.3357000000001
2005-07-13,751.89,748.55,754.1,745.84,3964952.0,sse50,上证50,756.823,757.6555999999999,759.702,798.4581666666667,831.8186000000001
2005-07-14,746.67,753.64,759.27,745.07,4195496.0,sse50,上证50,756.6355,756.6579999999999,758.4958333333333,797.7563333333333,831.4163000000001
2005-07-15,752.87,748.52,757.79,744.93,3338828.0,sse50,上证50,755.9525,755.9323999999999,757.353,797.017,830.8584
2005-07-18,746.77,746.92,750.76,743.13,2937647.0,sse50,上证50,754.2839999999999,755.4124,756.3618333333333,796.2895000000001,830.12915
2005-07-19,745.29,747.49,752.14,743.54,3156551.0,sse50,上证50,753.1434999999999,755.13,755.3306666666666,795.6099166666667,829.3496
2005-07-20,747.59,753.55,755.66,744.99,3900027.0,sse50,上证50,752.1135,755.4631999999999,754.5811666666667,795.1265833333332,828.45575
2005-07-21,753.45,756.98,757.38,750.74,3574120.0,sse50,上证50,751.546,755.4467999999999,753.9733333333332,794.6238333333333,827.4151
2005-07-22,761.12,768.72,774.81,756.33,10027352.0,sse50,上证50,751.366,755.7084,753.5383333333333,794.2715833333334,826.4837000000001
2005-07-25,767.3,764.65,770.33,764.16,4065982.0,sse50,上证50,750.4794999999999,755.0828,753.1033333333332,793.9346666666667,825.6414500000001
2005-07-26,764.6,780.75,785.24,764.6,9982260.0,sse50,上证50,750.7355,755.5008,752.9108333333334,793.5088333333333,824.7086
2005-07-27,781.08,792.49,792.74,780.45,7873262.0,sse50,上证50,751.759,756.2343999999998,753.0785,793.0928333333334,823.9155999999999
2005-07-28,792.55,789.85,797.4,787.86,7084350.0,sse50,上证50,753.3154999999999,757.0952000000001,753.0113333333334,792.6612499999999,823.13415
2005-07-29,788.74,788.63,792.45,785.79,5635019.0,sse50,上证50,755.3444999999999,757.7475999999999,752.993,792.2775833333333,822.33845
2005-08-01,788.22,790.0,796.52,786.88,4227431.0,sse50,上证50,757.49,758.0523999999999,753.2376666666667,792.0133333333334,821.6061500000001
2005-08-02,790.31,797.35,797.53,787.82,4606458.0,sse50,上证50,760.297,758.9212,753.5418333333333,791.8188333333333,820.9711
2005-08-03,798.39,797.74,805.12,797.05,7745970.0,sse50,上证50,763.4455,759.95,753.9776666666666,791.6854166666667,820.27975
2005-08-04,796.07,795.15,798.53,792.62,4620920.0,sse50,上证50,766.4255,761.4072,754.6655,791.4960833333333,819.6394
2005-08-05,798.2,812.33,812.66,797.88,6853864.0,sse50,上证50,770.664,763.9784,755.5826666666667,791.0946666666666,819.1874500000001
2005-08-08,814.12,812.72,818.98,811.36,6508898.0,sse50,上证50,774.9544999999999,766.6036,756.6635000000001,790.7965833333333,818.7412
2005-08-09,811.9,814.61,815.12,806.51,5508797.0,sse50,上证50,778.0319999999999,769.5396,757.7285,790.3109999999999,818.43015
2005-08-10,814.68,822.16,822.24,812.88,7003216.0,sse50,上证50,781.7125,773.0352,758.8868333333334,789.8668333333334,818.14235
2005-08-11,822.57,832.24,832.89,821.71,9549257.0,sse50,上证50,785.6424999999999,776.9028,760.1776666666666,789.5514166666667,817.8902499999999
2005-08-12,833.96,822.33,834.99,817.79,10085244.0,sse50,上证50,789.333,780.6936000000001,761.332,789.2690833333334,817.57725
2005-08-15,832.15,839.51,839.87,826.46,9933655.0,sse50,上证50,793.9625,785.1976000000001,763.0281666666667,788.9815,817.3778499999999
2005-08-16,840.07,828.23,842.84,824.45,8278171.0,sse50,上证50,797.9995,788.2044000000001,764.5428333333333,788.4911666666667,817.19745
2005-08-17,828.22,833.84,834.03,817.85,7151731.0,sse50,上证50,802.0139999999999,791.6160000000001,766.1478333333333,788.1239166666667,816.97295
2005-08-18,841.7,814.29,843.32,812.01,15465823.0,sse50,上证50,804.8795,794.0419999999999,767.5743333333334,787.5984166666666,816.7161500000001
2005-08-19,813.11,817.69,820.78,809.22,8313833.0,sse50,上证50,807.3280000000001,796.8088,769.1271666666667,787.0916666666667,816.4253
2005-08-22,819.36,823.08,824.77,814.64,8259903.0,sse50,上证50,810.2495,799.8551999999999,770.694,786.7099166666667,816.1164499999999
2005-08-23,823.2,818.05,823.45,811.14,6462631.0,sse50,上证50,812.1144999999999,802.6776000000001,772.1448333333334,786.3081666666666,815.7921500000001
2005-08-24,818.19,825.45,830.54,818.19,7428816.0,sse50,上证50,813.7625,805.5536,773.9185,786.0545833333333,815.5654499999999
2005-08-25,825.55,823.58,828.74,816.44,6891055.0,sse50,上证50,815.4490000000001,808.2176000000001,775.9553333333333,785.7369999999999,815.3692
2005-08-26,823.76,822.2,825.0,817.87,5969516.0,sse50,上证50,817.1274999999999,810.3568,777.9848333333333,785.4262500000001,815.1689499999999
2005-08-29,821.79,811.31,822.49,808.49,5781239.0,sse50,上证50,818.193,812.2231999999999,779.5531666666667,784.9896666666667,814.8378499999999
2005-08-30,809.98,809.06,814.56,807.44,4130860.0,sse50,上证50,818.7785,813.3556,781.1438333333333,784.429,814.5790999999999
2005-08-31,809.56,816.76,817.51,806.58,3929366.0,sse50,上证50,819.7295,814.3264,781.8876666666667,783.9903333333333,814.3516000000001
2005-09-01,817.23,827.9,828.97,814.6,6638056.0,sse50,上证50,821.367,815.8484,782.7096666666665,783.7934166666668,814.1693999999999
2005-09-02,829.24,829.46,831.66,825.68,5531768.0,sse50,上证50,822.2235000000001,817.4816000000001,783.7563333333334,783.5897499999999,813.9938500000001
2005-09-05,829.77,829.34,832.45,823.37,5762091.0,sse50,上证50,823.0545,819.0552,784.9133333333333,783.3541666666666,813.6517
2005-09-06,829.55,815.75,830.05,815.15,6135587.0,sse50,上证50,823.1115,819.7912,785.9333333333333,783.1440833333334,813.2599
2005-09-07,815.03,825.12,825.6,812.99,5939641.0,sse50,上证50,823.2594999999999,820.8864,787.265,783.0799166666667,812.89465
2005-09-08,826.65,827.12,830.67,822.12,7123565.0,sse50,上证50,823.0035,822.1652,788.4271666666666,783.0835833333333,812.4953
2005-09-09,827.0,823.64,832.12,820.94,5484767.0,sse50,上证50,823.0690000000001,822.6175999999999,789.4514999999999,783.1053333333333,812.07985
2005-09-12,824.44,821.98,826.06,818.97,3894781.0,sse50,上证50,822.1925000000001,822.988,790.1463333333334,783.0957500000001,811.7092
2005-09-13,821.54,829.92,830.35,819.6,5185633.0,sse50,上证50,822.277,823.6004,791.14,783.2775833333334,811.3547
2005-09-14,831.19,834.01,834.27,828.17,6734940.0,sse50,上证50,822.2855,824.0744,792.1376666666667,783.5445,810.9898
2005-09-15,834.44,833.51,835.0,831.06,5019059.0,sse50,上证50,823.2465,824.1252,793.224,783.7555833333333,810.62815
2005-09-16,833.56,830.62,834.97,828.64,4267717.0,sse50,上证50,823.893,824.4568,794.1956666666666,783.9571666666667,810.3148
2005-09-19,831.04,831.57,832.57,828.22,4474206.0,sse50,上证50,824.3174999999999,824.1392,795.0155,784.1739166666666,810.02705
2005-09-20,832.22,827.27,833.1,824.09,5807454.0,sse50,上证50,824.7785,824.1008,795.8761666666667,784.3783333333333,809.7094999999999
2005-09-21,827.01,811.14,827.01,810.11,6779820.0,sse50,上证50,824.0629999999999,823.1928,796.5281666666667,784.5496666666667,809.3198
2005-09-22,808.89,796.94,809.35,789.94,6373339.0,sse50,上证50,822.731,822.4987999999998,797.1651666666668,784.56025,808.9082000000001
2005-09-23,796.09,793.16,800.68,791.51,3681381.0,sse50,上证50,821.2789999999999,821.5175999999999,797.9169999999999,784.3123333333334,808.4774500000001
2005-09-26,793.31,793.73,796.48,790.44,3266694.0,sse50,上证50,820.4,820.3436,798.6943333333334,784.1885,808.0690999999999
2005-09-27,793.71,782.24,796.37,781.13,3995392.0,sse50,上证50,819.059,818.9112,799.3781666666667,784.0247499999999,807.62465
2005-09-28,781.73,783.0,787.86,780.77,3096059.0,sse50,上证50,817.371,817.2132,800.182,783.7424166666666,807.1818499999999
2005-09-29,784.15,792.25,792.71,784.15,4611854.0,sse50,上证50,815.5885000000001,815.96,801.1270000000001,783.47275,806.7681
2005-09-30,792.79,793.65,794.94,789.69,2782926.0,sse50,上证50,813.798,814.8179999999999,802.2284999999999,783.1026666666668,806.3949
2005-10-10,792.76,787.75,793.81,787.04,2241973.0,sse50,上证50,811.7185,813.8756,803.2425000000001,782.743,805.9891499999999
2005-10-11,787.27,796.07,796.38,785.74,2204381.0,sse50,上证50,810.7344999999999,813.3560000000001,803.9593333333335,782.5563333333333,805.5759000000002
2005-10-12,796.05,795.32,797.97,791.73,3957832.0,sse50,上证50,809.2445,812.4984000000001,804.7388333333333,782.2204166666667,805.2103499999998
2005-10-13,795.05,788.36,797.59,787.82,3626515.0,sse50,上证50,807.3064999999999,810.9168,805.3175,781.9066666666666,804.8233500000001
2005-10-14,788.4,777.49,790.79,775.31,3195982.0,sse50,上证50,804.999,808.8380000000001,805.8003333333332,781.5766666666667,804.4005000000001
2005-10-17,776.26,769.32,777.25,765.71,3912253.0,sse50,上证50,802.366,806.4372,806.1736666666667,781.2677500000001,803.9091000000001
2005-10-18,769.57,771.45,773.78,767.14,4581334.0,sse50,上证50,799.4425,804.6652,806.573,780.9518333333333,803.4313500000001
2005-10-19,771.04,769.68,777.75,767.65,3790934.0,sse50,上证50,796.226,802.4476,806.8418333333333,780.7115,802.9935
2005-10-20,768.62,773.68,774.06,764.43,3470598.0,sse50,上证50,793.2345,800.31,807.1201666666667,780.54675,802.6335
2005-10-21,773.52,774.06,777.86,770.81,4146275.0,sse50,上证50,790.4065,798.3267999999999,807.2091666666668,780.37375,802.2769000000001
2005-10-24,774.58,771.15,774.58,767.04,5040261.0,sse50,上证50,787.3855,796.2936,807.3175,780.2104166666667,801.80725
2005-10-25,771.02,765.03,771.37,763.79,4252178.0,sse50,上证50,784.2735,793.6979999999999,807.0555,779.9831666666666,801.3789
2005-10-26,763.12,749.13,763.12,747.0,5422567.0,sse50,上证50,781.173,790.3027999999999,806.3328333333334,779.7056666666667,800.8656500000001
2005-10-27,747.51,751.26,753.73,744.08,5380312.0,sse50,上证50,778.889,787.0128,805.6896666666668,779.3505,800.3810000000001
2005-10-28,751.21,749.96,756.16,742.23,5045932.0,sse50,上证50,776.7289999999999,783.7864,805.0451666666667,779.0190833333332,799.88765
2005-10-31,749.19,759.24,761.79,747.73,4863889.0,sse50,上证50,775.0045,780.8932,804.5324999999999,778.8850833333332,799.46495
2005-11-01,758.27,757.05,759.53,748.72,3423567.0,sse50,上证50,773.745,778.0843999999998,803.8608333333334,778.7013333333333,799.03255
2005-11-02,757.93,762.94,768.1,757.93,4612656.0,sse50,上证50,772.742,776.1564,803.2808333333334,778.6292500000001,798.6336
2005-11-03,763.06,755.78,767.12,753.54,4956626.0,sse50,上证50,770.9185,774.51,802.6246666666667,778.6450833333333,798.27715
2005-11-04,755.54,758.92,760.34,753.55,3337208.0,sse50,上证50,769.182,773.1404000000001,801.7345,778.6585833333334,797.9146
2005-11-07,758.45,754.2,758.73,749.21,2738298.0,sse50,上证50,767.5045,771.5592,800.7591666666666,778.7113333333333,797.5731
2005-11-08,753.32,758.32,759.67,749.39,3538182.0,sse50,上证50,765.617,770.6024000000001,799.8209999999999,778.77475,797.2466000000001
2005-11-09,758.51,756.17,763.74,755.3,4684700.0,sse50,上证50,763.6595,769.5292,798.7211666666667,778.8040000000001,796.8625
2005-11-10,756.21,746.35,756.56,745.05,3901463.0,sse50,上证50,761.559,767.6931999999999,797.2896666666668,778.7336666666666,796.40495
2005-11-11,745.17,746.45,748.52,740.09,3132113.0,sse50,上证50,760.007,765.8051999999999,796.025,778.6785000000001,795.951
2005-11-14,746.06,743.35,746.99,740.98,1909156.0,sse50,上证50,758.7085,764.0292,794.4223333333333,778.72525,795.49665
2005-11-15,743.37,739.23,748.56,737.44,2856562.0,sse50,上证50,757.0975000000001,761.7556,792.9390000000001,778.7409166666665,795.0476
2005-11-16,739.07,744.14,744.17,733.03,3101622.0,sse50,上证50,755.8205,759.7084,791.444,778.7959166666666,794.7105500000001
2005-11-17,743.8,743.8,745.97,739.58,2918399.0,sse50,上证50,754.3264999999999,757.9259999999999,790.2691666666667,778.92175,794.3430000000001
2005-11-18,743.93,760.57,765.04,743.3,6702009.0,sse50,上证50,753.6519999999999,757.2492,789.3171666666668,779.2221666666667,794.0908999999999
2005-11-21,758.23,758.56,760.82,754.99,4651110.0,sse50,上证50,753.0225,756.8188,788.2418333333334,779.4679166666666,793.8583
2005-11-22,758.42,747.31,758.42,747.26,4910246.0,sse50,上证50,752.1365,755.8531999999999,787.0628333333333,779.6038333333332,793.4356
2005-11-23,746.4,754.16,755.53,744.41,5223614.0,sse50,上证50,752.388,755.2323999999999,785.8746666666667,779.8965833333333,792.9943499999999
2005-11-24,753.44,761.66,765.62,752.71,7838338.0,sse50,上证50,752.908,754.7516,784.8426666666667,780.399,792.59445
2005-11-25,761.55,766.68,766.79,758.46,7782026.0,sse50,上证50,753.7439999999999,754.4564,783.9173333333333,780.9510833333334,792.2545
2005-11-28,765.27,762.91,770.84,760.21,5273204.0,sse50,上证50,753.9275,754.1267999999999,783.1106666666667,781.3319166666666,791.9605
2005-11-29,761.92,755.29,763.1,753.92,4527584.0,sse50,上证50,753.8394999999999,753.7372,782.2145,781.6791666666667,791.6335
2005-11-30,754.49,759.63,759.96,751.9,4132642.0,sse50,上证50,753.674,754.1572,781.2623333333333,781.575,791.3629
2005-12-01,759.35,758.94,763.65,756.53,3244926.0,sse50,上证50,753.8320000000001,754.4643999999998,780.1129999999999,781.4113333333333,791.0682499999999
2005-12-02,758.69,757.02,762.6,753.38,3821218.0,sse50,上证50,753.737,754.7467999999999,778.9056666666667,781.331,790.5508500000001
2005-12-05,756.04,751.35,756.07,750.18,3803362.0,sse50,上证50,753.5944999999999,754.4312000000001,777.6058333333333,781.2595833333332,790.06515
2005-12-06,750.16,760.2,762.0,748.01,5008981.0,sse50,上证50,753.6885,754.5571999999999,776.6800000000001,781.3066666666666,789.50175
2005-12-07,760.01,767.54,767.71,758.67,4593752.0,sse50,上证50,754.257,754.7411999999999,775.7203333333333,781.4926666666668,788.96215
2005-12-08,767.78,765.56,772.74,762.46,4112508.0,sse50,上证50,755.2175,755.1324000000001,774.6943333333334,781.56075,788.4395
2005-12-09,765.25,777.03,777.65,762.99,5037545.0,sse50,上证50,756.7465,755.8567999999999,773.9175,781.6845,788.0436
2005-12-12,776.19,774.71,777.46,772.61,3465475.0,sse50,上证50,758.3145000000001,756.6772,773.1296666666666,781.6380000000001,787.54705
2005-12-13,774.06,773.59,774.8,767.61,3729903.0,sse50,上证50,760.0325,757.2879999999999,772.1908333333334,781.6654166666667,786.97965
2005-12-14,773.04,778.49,780.69,768.63,5053779.0,sse50,上证50,761.75,758.1808,771.2655,781.7015833333332,786.4825500000001
2005-12-15,778.47,778.23,784.18,777.1,6170657.0,sse50,上证50,763.4715,759.456,770.3441666666665,781.7840833333333,785.98695
2005-12-16,777.93,782.04,782.86,776.01,4213598.0,sse50,上证50,764.545,760.8796000000001,769.5345,781.8650833333334,785.50465
2005-12-19,781.93,781.8,783.48,777.86,3496177.0,sse50,上证50,765.707,762.4176,768.705,781.86025,785.0692
2005-12-20,781.5,787.23,787.23,779.9,3923968.0,sse50,上证50,767.703,764.3376,768.0376666666667,781.9569166666666,784.67405
2005-12-21,787.06,783.98,791.64,783.04,3920170.0,sse50,上证50,769.194,765.9312,767.5849999999999,782.0565833333334,784.31455
2005-12-22,783.16,787.39,788.45,781.94,3084027.0,sse50,上证50,770.4805,767.6748,767.4258333333332,782.2955000000001,783.94305
2005-12-23,788.1,791.44,791.65,786.77,4344149.0,sse50,上证50,771.7185,768.9096000000001,767.3971666666667,782.6570833333333,783.6028
2005-12-26,791.39,795.56,798.34,790.99,5825367.0,sse50,上证50,773.351,770.3896,767.4276666666666,783.061,783.2620999999999
2005-12-27,796.66,792.16,797.02,790.4,4880138.0,sse50,上证50,775.1945,772.1836,767.5930000000001,783.4855833333332,782.8412
2005-12-28,792.09,793.54,793.65,787.87,5256192.0,sse50,上证50,776.89,773.7588,767.7686666666667,783.9753333333334,782.4619
2005-12-29,793.32,801.9,802.1,793.12,6946292.0,sse50,上证50,779.0379999999999,775.3684,767.9295,784.52825,782.21375
2005-12-30,804.06,796.4,804.61,793.77,7204531.0,sse50,上证50,781.0070000000001,776.5572,767.9753333333333,785.1019166666667,781.92625
2006-01-04,801.41,812.6,812.84,800.21,9973073.0,sse50,上证50,784.0695,778.5448,768.3894999999999,785.816,781.7012
2006-01-05,815.47,827.84,829.09,813.25,11536327.0,sse50,上证50,787.4514999999999,781.4468,768.919,786.4391666666667,781.6356
2006-01-06,828.88,836.9,842.69,824.53,12112499.0,sse50,上证50,790.9195,784.5376,769.612,787.1754166666667,781.656
2006-01-09,837.76,838.29,841.13,832.33,9037866.0,sse50,上证50,794.5559999999999,787.7116000000001,770.4441666666665,787.8808333333333,781.71405
2006-01-10,837.94,838.56,838.85,826.97,8754121.0,sse50,上证50,797.6324999999999,790.9732,771.462,788.6311666666666,781.8017
2006-01-11,837.97,832.28,842.06,829.32,9125046.0,sse50,上证50,800.511,794.2103999999999,772.5113333333334,789.3425,781.84745
2006-01-12,830.69,836.58,837.97,827.5,6447275.0,sse50,上证50,803.6605,797.2656,773.5968333333333,790.0849166666666,781.98985
2006-01-13,838.38,831.14,840.68,828.34,6744537.0,sse50,上证50,806.2929999999999,799.8096,774.6211666666667,790.7315,782.13565
2006-01-16,830.48,814.89,830.48,814.57,6985723.0,sse50,上证50,808.126,801.7828,775.3080000000001,791.2140833333332,782.1691999999999
2006-01-17,813.88,818.36,819.95,813.12,5350481.0,sse50,上证50,809.9419999999999,803.436,776.0463333333333,791.6277499999999,782.22885
2006-01-18,818.03,835.15,836.21,817.54,7434485.0,sse50,上证50,812.6094999999999,805.8536,777.1129999999999,792.21525,782.3767999999999
2006-01-19,835.93,840.59,842.74,830.58,8913612.0,sse50,上证50,815.2774999999999,808.5336,778.3723333333332,792.7139166666667,782.5660500000001
2006-01-20,840.09,840.38,844.43,836.68,8711861.0,sse50,上证50,818.0975000000001,811.0092,779.8931666666666,793.1129999999999,782.8150499999999
2006-01-23,840.96,840.13,843.09,835.67,7109687.0,sse50,上证50,820.7344999999999,813.4852000000001,781.3743333333333,793.5319999999999,783.0373500000001
2006-01-24,841.73,838.46,843.78,834.75,7490155.0,sse50,上证50,823.0854999999999,815.742,782.8493333333333,793.9472499999999,783.1151
2006-01-25,838.2,846.99,847.16,837.47,6843001.0,sse50,上证50,825.6569999999999,818.3495999999999,784.3118333333333,794.4221666666667,783.3071000000001
2006-02-06,849.51,861.07,861.43,849.37,9209656.0,sse50,上证50,829.1025,821.3032000000001,786.0455,794.9531666666667,783.6030000000001
2006-02-07,861.67,856.67,863.96,848.49,11633911.0,sse50,上证50,832.259,824.2108000000001,787.6076666666668,795.44425,783.8019499999999
2006-02-08,856.94,862.58,863.45,854.17,11398788.0,sse50,上证50,835.293,827.2184000000001,789.3876666666666,796.0061666666666,783.9918000000001
2006-02-09,862.05,850.8,862.05,848.78,8617234.0,sse50,上证50,838.0129999999999,829.5928,790.919,796.3267500000001,784.0555
2006-02-10,850.93,859.97,860.3,848.43,6805958.0,sse50,上证50,840.3815000000001,832.1691999999999,792.6818333333334,796.7205,784.2008000000001
2006-02-13,862.49,859.6,863.21,852.59,6257763.0,sse50,上证50,841.9694999999999,834.8668000000001,794.3698333333334,797.0954166666667,784.4064500000001
2006-02-14,859.97,862.65,863.07,857.16,4738596.0,sse50,上证50,843.257,837.6311999999999,796.1445,797.4328333333334,784.54155
2006-02-15,865.22,868.02,872.41,864.77,9490856.0,sse50,上证50,844.7434999999999,840.276,798.1723333333333,797.731,784.7515999999999
2006-02-16,869.13,856.05,869.13,854.08,9145743.0,sse50,上证50,845.618,842.6619999999999,799.999,798.012,784.9464
2006-02-17,855.7,857.99,864.62,853.15,6883400.0,sse50,上证50,846.9035,844.4775999999999,801.9096666666667,798.1659999999999,785.2044000000001
2006-02-20,858.65,857.97,865.69,856.76,5705999.0,sse50,上证50,847.973,845.6828,803.8886666666666,798.4138333333334,785.44745
2006-02-21,857.65,872.57,872.74,854.36,9334674.0,sse50,上证50,850.0445,847.1096000000001,806.0291666666667,798.7365833333333,785.8177000000001
2006-02-22,873.37,870.1,878.23,868.16,10029996.0,sse50,上证50,852.805,848.382,808.1341666666666,799.2016666666666,786.20095
2006-02-23,870.51,877.65,877.9,866.76,6490820.0,sse50,上证50,855.7695,849.9456,810.0854999999999,799.7013333333332,786.6151000000001
2006-02-24,878.11,882.78,883.02,877.4,6475498.0,sse50,上证50,858.1510000000001,851.9656,812.1558333333334,800.1988333333334,787.0752500000001
2006-02-27,893.21,887.62,894.83,886.83,10980055.0,sse50,上证50,860.5024999999999,854.0071999999999,814.4943333333334,800.7785833333334,787.55185
2006-02-28,886.79,892.9,893.49,874.69,7542235.0,sse50,上证50,863.1285,856.4775999999999,816.8066666666666,801.3406666666666,788.1042
2006-03-01,893.49,895.63,897.1,891.21,7280151.0,sse50,上证50,865.9035,859.7072000000001,819.0395000000001,801.9410833333334,788.61295
2006-03-02,890.67,876.62,891.77,873.27,9098945.0,sse50,上证50,867.8115,862.0376,820.8718333333333,802.3945833333332,789.0473999999999
2006-03-03,876.43,880.37,880.83,869.84,8416669.0,sse50,上证50,869.4804999999999,863.8464,822.8294999999999,802.9700833333334,789.57265
2006-03-06,880.11,879.33,884.21,876.62,7692508.0,sse50,上证50,870.3934999999999,865.3960000000001,824.8968333333333,803.5556666666666,790.0738
2006-03-07,879.29,861.87,879.33,860.45,7378372.0,sse50,上证50,870.6535,866.2556,826.6008333333334,803.9315833333334,790.5252
2006-03-08,860.12,859.32,862.1,852.23,6754091.0,sse50,上证50,870.4904999999999,867.0232,828.2738333333333,804.1934166666666,791.0524
2006-03-09,856.31,853.38,859.94,852.09,4513320.0,sse50,上证50,870.6195,867.62,829.8798333333333,804.3927500000001,791.5328
2006-03-10,853.94,857.14,860.49,853.48,4201121.0,sse50,上证50,870.4780000000001,868.0260000000001,831.643,804.6244166666667,792.0791499999999
2006-03-13,857.21,863.68,864.95,856.74,4042034.0,sse50,上证50,870.682,868.1303999999999,833.3676666666667,805.0238333333332,792.6439999999999
2006-03-14,864.45,860.87,866.02,855.82,4275559.0,sse50,上证50,870.5930000000001,868.2984,834.9231666666667,805.32175,793.1850499999999
2006-03-15,860.7,868.32,868.58,859.81,5019333.0,sse50,上证50,870.608,868.5279999999999,836.6358333333334,805.6650833333333,793.7527
2006-03-16,868.07,865.72,869.1,864.5,5212405.0,sse50,上证50,871.0914999999999,869.1247999999999,838.114,806.01575,794.31595
2006-03-17,865.25,863.27,866.94,859.3,5156161.0,sse50,上证50,871.3555,869.2568000000001,839.59,806.3598333333333,794.9435999999998
2006-03-20,863.56,875.13,875.55,858.96,5837754.0,sse50,上证50,872.2135000000001,869.878,841.2823333333332,806.7365833333333,795.6325
2006-03-21,875.02,875.23,881.28,872.89,6195650.0,sse50,上证50,872.3465,870.3812000000001,842.8946666666667,807.0800833333334,796.32095
2006-03-22,875.1,875.82,876.52,869.65,5030650.0,sse50,上证50,872.6325,870.6932,844.5211666666667,807.4326666666667,797.05655
2006-03-23,875.34,875.11,875.92,869.08,6528492.0,sse50,上证50,872.5055,871.4556,846.0723333333334,807.8034166666665,797.8095
2006-03-24,874.71,869.44,876.52,867.92,6442295.0,sse50,上证50,871.8385000000001,871.9136,847.533,808.119,798.51135
2006-03-27,869.54,872.56,872.56,864.39,5923461.0,sse50,上证50,871.0855000000001,872.4972,848.9551666666666,808.4964166666666,799.2191499999999
2006-03-28,872.76,874.77,877.29,871.39,6384208.0,sse50,上证50,870.1790000000001,872.5852,850.4683333333334,809.0266666666666,799.9978500000001
2006-03-29,879.92,885.29,891.02,878.75,11032530.0,sse50,上证50,869.6619999999999,873.1928,852.1,809.7629166666667,800.9174499999999
2006-03-30,885.15,877.78,889.37,877.41,7282054.0,sse50,上证50,869.72,873.198,853.539,810.4680833333333,801.8042
2006-03-31,876.27,878.37,879.55,873.59,6696754.0,sse50,上证50,869.6200000000001,873.0216,854.9191666666667,811.1734166666666,802.6099999999999
2006-04-03,879.54,891.56,891.6,879.54,7806568.0,sse50,上证50,870.2315000000001,873.1792000000002,856.5758333333332,812.0844166666667,803.4997
2006-04-04,892.4,900.84,901.04,890.91,9608057.0,sse50,上证50,872.18,873.4967999999999,858.3641666666666,813.0664166666667,804.14325
2006-04-05,901.68,906.3,908.07,900.67,9560866.0,sse50,上证50,874.5290000000001,873.9236,860.1041666666666,814.0168333333334,804.78185
2006-04-06,907.15,901.65,910.54,900.36,9776176.0,sse50,上证50,876.9424999999999,874.9248,861.8583333333333,814.9168333333333,805.4567999999999
2006-04-07,901.49,897.31,903.17,891.39,9004836.0,sse50,上证50,878.951,875.6024000000001,863.2701666666667,815.8298333333333,806.14375
2006-04-10,898.01,909.28,909.53,896.14,8680735.0,sse50,上证50,881.231,876.8004,864.6275,816.7732500000001,806.9173999999999
2006-04-11,909.92,912.39,916.27,906.15,10126045.0,sse50,上证50,883.807,878.8212,865.8856666666667,817.7488333333333,807.75325
2006-04-12,912.68,908.95,914.1,907.81,7866846.0,sse50,上证50,885.8385000000001,880.8063999999999,867.0633333333333,818.75375,808.5110500000001
2006-04-13,908.25,892.13,911.47,891.55,8967079.0,sse50,上证50,887.159,882.3564,867.9561666666666,819.7090833333333,809.1607999999999
2006-04-14,889.76,910.63,910.82,889.76,10547150.0,sse50,上证50,889.527,884.4960000000001,869.2620000000001,820.8866666666667,809.8125
2006-04-17,915.54,921.21,924.96,908.71,14029486.0,sse50,上证50,891.8309999999999,886.7972,870.6725,822.1346666666667,810.5670499999999
2006-04-18,924.93,927.48,931.96,916.76,11034040.0,sse50,上证50,894.4435,889.4616000000001,872.2781666666667,823.4496666666666,811.3336999999999
2006-04-19,932.47,930.83,937.05,922.81,12514289.0,sse50,上证50,897.1940000000001,891.9620000000001,874.2104999999999,824.75925,812.1462000000001
2006-04-20,931.44,922.05,934.45,916.94,12381211.0,sse50,上证50,899.5409999999999,894.2152000000001,875.9386666666667,825.9925000000001,812.89485
2006-04-21,921.87,939.87,942.23,919.46,13881640.0,sse50,上证50,903.0625,897.2792,877.6839999999999,827.3984999999999,813.6822999999999
2006-04-24,949.68,940.9,955.87,933.85,16392602.0,sse50,上证50,906.4795,899.91,879.3558333333333,828.8640833333334,814.5086499999999
2006-04-25,938.24,931.32,938.36,924.45,10991972.0,sse50,上证50,909.307,902.1536,880.8715,830.3823333333332,815.30515
2006-04-26,930.68,948.21,950.29,928.92,13142027.0,sse50,上证50,912.4530000000001,905.0491999999999,882.6728333333333,832.0235833333334,816.2525999999999
2006-04-27,949.49,943.34,953.39,939.05,9250964.0,sse50,上证50,915.731,907.7783999999999,884.4208333333333,833.6350833333333,817.22905
2006-04-28,939.5,964.45,966.32,934.06,14807951.0,sse50,上证50,920.0350000000001,911.5788,886.3785,835.3451666666666,818.31585
2006-05-08,968.92,996.24,996.91,968.92,16147479.0,sse50,上证50,925.2689999999999,916.526,888.6313333333334,837.3384166666667,819.5909999999999
2006-05-09,999.11,1017.62,1019.64,995.26,18431253.0,sse50,上证50,931.108,922.24,891.3138333333333,839.46075,821.00525
2006-05-10,1021.32,1023.0,1029.41,1008.49,15722201.0,sse50,上证50,936.943,927.7484000000001,893.9875,841.6875833333332,822.4425
2006-05-11,1022.25,1012.9,1042.78,1012.56,17647404.0,sse50,上证50,942.5055,933.1532,896.6891666666667,843.8040833333333,823.8692
2006-05-12,1015.39,1050.96,1051.12,1012.27,18021253.0,sse50,上证50,950.1879999999999,940.0568,899.8723333333332,846.2770833333333,825.4894499999999
2006-05-15,1059.77,1086.0,1086.35,1049.94,23833003.0,sse50,上证50,959.024,947.8343999999998,903.6456666666667,849.00775,827.15415
2006-05-16,1096.24,1079.71,1117.43,1068.72,25634678.0,sse50,上证50,967.3900000000001,954.9892,907.2633333333332,851.7039166666667,828.80995
2006-05-17,1079.36,1080.97,1097.2,1058.8,17463969.0,sse50,上证50,975.991,961.9759999999999,910.8125,854.4924166666667,830.4465999999999
2006-05-18,1069.44,1068.2,1076.43,1046.89,15469640.0,sse50,上证50,984.7945,968.638,914.3483333333334,857.1736666666667,832.045
2006-05-19,1072.16,1096.21,1101.62,1068.37,27811552.0,sse50,上证50,994.0734999999999,976.5939999999999,918.3186666666667,860.1141666666666,833.79145
2006-05-22,1096.45,1095.57,1107.66,1089.42,23671662.0,sse50,上证50,1002.7914999999999,984.0455999999999,922.2786666666667,863.0836666666668,835.53185
2006-05-23,1088.08,1058.99,1088.08,1055.16,21213438.0,sse50,上证50,1009.367,989.9096000000001,925.3856666666667,865.7074166666667,837.05905
2006-05-24,1062.89,1055.81,1081.43,1035.46,16788943.0,sse50,上证50,1015.616,995.7840000000001,928.4808333333333,868.3075000000001,838.5532
2006-05-25,1056.55,1050.7,1060.84,1034.22,11440620.0,sse50,上证50,1022.0484999999999,1002.1267999999999,931.365,870.72525,839.9630999999999
2006-05-26,1053.58,1064.13,1065.28,1049.29,12726544.0,sse50,上证50,1028.2615,1008.2667999999999,934.3875,873.2716666666668,841.4605
2006-05-29,1069.88,1090.57,1090.59,1063.23,14196884.0,sse50,上证50,1035.745,1015.0412,937.77,876.1321666666666,843.0096000000001
2006-05-30,1098.46,1092.25,1099.66,1083.47,12737449.0,sse50,上证50,1043.7914999999998,1021.632,941.0925,878.9495833333333,844.5084000000002
2006-05-31,1091.39,1078.86,1093.68,1070.9,13154248.0,sse50,上证50,1050.324,1027.5531999999998,944.1463333333334,881.5929166666666,845.95345
2006-06-01,1076.79,1106.23,1107.18,1073.49,16576810.0,sse50,上证50,1058.4685,1034.9204,947.9731666666667,884.4225,847.54145
2006-06-02,1110.19,1097.51,1113.95,1090.79,18869648.0,sse50,上证50,1065.1215,1041.226,951.5921666666667,887.2108333333333,849.079
2006-06-05,1097.53,1102.9,1103.24,1072.85,18346253.0,sse50,上证50,1070.4545,1047.706,955.3183333333333,890.1075833333333,850.60675
2006-06-06,1101.54,1100.56,1114.25,1093.73,15331517.0,sse50,上证50,1074.6015,1054.4756,959.2964999999999,892.9486666666667,852.12085
2006-06-07,1102.15,1046.42,1102.15,1045.17,19081251.0,sse50,上证50,1075.7724999999998,1058.404,962.4148333333334,895.3443333333332,853.3772
2006-06-08,1039.23,1057.08,1059.99,1026.32,15775919.0,sse50,上证50,1077.9815,1062.9536,965.8098333333332,897.8448333333332,854.60095
2006-06-09,1053.37,1031.46,1058.55,1030.57,11750228.0,sse50,上证50,1077.0065,1065.634,968.7151666666667,900.1790833333333,855.6946499999999
2006-06-12,1024.27,1034.68,1045.52,1017.84,8794631.0,sse50,上证50,1074.4405,1067.1716000000001,971.5651666666668,902.4664166666666,856.795
2006-06-13,1035.23,1032.62,1045.44,1023.79,8011612.0,sse50,上证50,1072.0859999999998,1067.7715999999998,974.4276666666666,904.6754166666667,857.8472999999999
2006-06-14,1027.19,1022.12,1027.19,1011.9,7718394.0,sse50,上证50,1069.1435000000001,1067.7364,976.991,906.8134166666666,858.7967
2006-06-15,1022.55,1021.99,1033.82,1018.88,5583165.0,sse50,上证50,1066.833,1068.1,979.5954999999999,908.8547500000001,859.795
2006-06-16,1025.42,1047.33,1047.46,1025.42,8344294.0,sse50,上证50,1064.389,1067.9548000000002,982.6631666666667,911.1265833333332,860.8341
2006-06-19,1036.97,1056.64,1061.48,1027.56,9085143.0,sse50,上证50,1062.4424999999999,1066.7804,985.6883333333334,913.4853333333333,861.9761500000001
2006-06-20,1055.67,1060.54,1062.23,1049.01,8616451.0,sse50,上证50,1062.52,1066.0136,988.7768333333333,915.8357500000001,863.10965
2006-06-21,1060.54,1056.5,1067.87,1043.74,10196575.0,sse50,上证50,1062.5545,1065.0348000000001,991.7881666666667,918.1546666666667,864.3206999999999
2006-06-22,1054.24,1057.23,1066.23,1051.99,7973817.0,sse50,上证50,1062.8809999999999,1064.596,994.8235,920.4479166666666,865.5183999999999
2006-06-23,1056.23,1061.41,1064.12,1048.3,7213344.0,sse50,上证50,1062.7450000000001,1063.2040000000002,998.0229999999999,922.778,866.71005
2006-06-26,1063.09,1083.05,1084.35,1063.09,9680949.0,sse50,上证50,1062.3690000000001,1062.7032,1001.5311666666665,925.2431666666668,868.03505
2006-06-27,1084.83,1081.13,1088.84,1075.17,7215446.0,sse50,上证50,1061.813,1063.5888,1004.9705,927.7194166666666,869.31345
2006-06-28,1080.01,1080.61,1083.77,1073.19,6835037.0,sse50,上证50,1061.9005000000002,1064.5808,1008.2258333333334,930.1629166666665,870.5986
2006-06-29,1082.51,1105.05,1105.34,1082.51,13225241.0,sse50,上证50,1061.8415,1066.7548,1012.0136666666666,932.7763333333334,872.0128500000001
2006-06-30,1110.57,1102.7,1117.05,1096.35,11884475.0,sse50,上证50,1062.1009999999999,1068.2976,1015.7525,935.3358333333332,873.4698000000001
2006-07-03,1108.03,1125.36,1125.7,1104.73,14159881.0,sse50,上证50,1063.224,1069.6892,1019.6491666666667,938.1125,875.0513000000001
2006-07-04,1128.08,1115.17,1129.54,1106.75,13715452.0,sse50,上证50,1063.9545,1070.606,1023.2213333333333,940.79275,876.54335
2006-07-05,1114.56,1092.82,1114.56,1082.72,10990532.0,sse50,上证50,1066.2745,1071.1644000000001,1026.3300000000002,943.2170833333333,877.86795
2006-07-06,1091.44,1109.83,1110.17,1090.23,9207779.0,sse50,上证50,1068.9119999999998,1071.3084,1029.7996666666668,945.829,879.2697999999999
2006-07-07,1112.13,1099.06,1114.64,1094.97,9623213.0,sse50,上证50,1072.292,1071.3704,1033.1621666666667,948.2161666666667,880.6184
2006-07-10,1098.77,1098.81,1101.38,1089.36,7691872.0,sse50,上证50,1075.4985000000001,1071.2068000000002,1036.321,950.47425,882.0337
2006-07-11,1100.48,1101.82,1102.78,1092.61,7506699.0,sse50,上证50,1078.9585000000002,1071.2572,1039.4781666666665,952.6819166666667,883.4172
2006-07-12,1102.8,1100.59,1106.66,1096.62,9164664.0,sse50,上证50,1082.882,1073.424,1042.6721666666667,954.86775,884.78455
2006-07-13,1098.45,1051.98,1099.21,1049.59,14433392.0,sse50,上证50,1084.3815,1073.22,1045.3363333333334,956.64625,885.92625
2006-07-14,1043.76,1059.26,1067.33,1038.47,9260284.0,sse50,上证50,1084.9779999999998,1074.3319999999999,1047.8135,958.53775,887.11265
2006-07-17,1057.25,1067.53,1068.57,1051.03,6966726.0,sse50,上证50,1085.5224999999998,1075.646,1050.2521666666667,960.4623333333334,888.3006999999999
2006-07-18,1067.42,1064.75,1067.42,1056.85,6276949.0,sse50,上证50,1085.7329999999997,1076.9312,1052.54,962.4090833333335,889.4544000000001
2006-07-19,1063.16,1040.59,1063.53,1036.42,7600512.0,sse50,上证50,1084.9374999999998,1077.6699999999998,1054.3693333333333,964.2899166666667,890.4898
2006-07-20,1039.23,1046.99,1048.17,1034.74,5479106.0,sse50,上证50,1084.4254999999998,1078.67,1056.4516666666666,966.1951666666668,891.5716500000001
2006-07-21,1047.45,1056.63,1057.31,1047.24,6203989.0,sse50,上证50,1084.1865,1079.042,1058.3976666666665,968.0408333333332,892.69695
2006-07-24,1044.87,1058.07,1059.72,1037.34,6209876.0,sse50,上证50,1082.9375,1079.0991999999999,1060.3505,969.8531666666667,893.85095
2006-07-25,1059.67,1068.11,1071.94,1059.67,6845686.0,sse50,上证50,1082.2865,1079.402,1062.6303333333333,971.7509166666666,895.1358
2006-07-26,1070.26,1069.44,1073.64,1063.97,6010414.0,sse50,上证50,1081.7279999999998,1079.9196,1064.6508333333334,973.6618333333334,896.4983
2006-07-27,1068.42,1060.59,1077.09,1055.07,8109240.0,sse50,上证50,1079.5049999999999,1080.0539999999999,1066.605,975.5129166666667,897.83545
2006-07-28,1060.11,1050.64,1062.48,1041.84,6451301.0,sse50,上证50,1076.9019999999998,1079.6232,1068.0415,977.2099999999999,899.12
2006-07-31,1049.69,1020.54,1049.69,1019.46,7406088.0,sse50,上证50,1071.661,1077.1228,1068.4464999999998,978.5389166666666,900.3114999999999
2006-08-01,1018.68,1011.15,1025.66,1009.37,5747454.0,sse50,上证50,1066.4599999999998,1074.3236,1068.3386666666668,979.8262500000001,901.4522499999999
2006-08-02,1011.17,1007.6,1016.69,997.02,6474219.0,sse50,上证50,1062.199,1071.4032,1068.0819999999999,981.03475,902.529
2006-08-03,1009.5,1008.18,1013.13,999.36,4820822.0,sse50,上证50,1057.1165,1067.5284,1068.0033333333333,982.34625,903.60165
2006-08-04,1009.36,990.83,1015.14,988.86,5747006.0,sse50,上证50,1051.705,1063.0536,1067.0011666666667,983.4367500000001,904.6170500000001
2006-08-07,984.26,978.09,992.22,974.84,5570511.0,sse50,上证50,1045.6689999999999,1057.1628,1065.2026666666668,984.4241666666668,905.52715
2006-08-08,977.84,994.54,995.0,977.84,5327039.0,sse50,上证50,1040.3049999999998,1052.3375999999998,1063.7831666666668,985.52325,906.5232500000001
2006-08-09,996.45,993.66,999.92,990.21,4445287.0,sse50,上证50,1034.9585,1048.3712,1062.328,986.57025,907.54975
2006-08-10,993.46,1011.64,1011.92,993.34,7438685.0,sse50,上证50,1032.9415,1044.4435999999998,1061.3853333333332,987.8668333333334,908.7205
2006-08-11,1011.27,1011.64,1015.41,1005.72,5242413.0,sse50,上证50,1030.5605,1040.9468,1059.9758333333332,989.14725,909.9321000000001
2006-08-14,1011.97,992.45,1016.71,988.99,5836061.0,sse50,上证50,1026.8065,1036.6924,1058.2571666666668,990.2679166666666,911.0370999999999
2006-08-15,990.54,1007.8,1008.18,989.58,5094588.0,sse50,上证50,1023.9589999999998,1032.9316,1057.404,991.3948333333334,912.2277
2006-08-16,1008.47,1018.89,1018.91,1004.28,7685408.0,sse50,上证50,1022.874,1029.6636,1056.7886666666666,992.6347499999999,913.45375
2006-08-17,1016.18,1009.31,1016.18,1004.41,5144127.0,sse50,上证50,1020.99,1027.9568,1056.0988333333332,993.7319166666667,914.63
2006-08-18,1010.72,1008.05,1018.29,1006.04,5325816.0,sse50,上证50,1018.5609999999999,1025.9084,1055.1641666666667,994.7758333333333,915.8145000000001
2006-08-21,986.45,1008.31,1008.56,982.9,4862398.0,sse50,上证50,1016.073,1023.5396,1053.7931666666666,995.7815833333333,917.0309000000001
2006-08-22,1008.16,1018.51,1023.69,1008.01,5956729.0,sse50,上证50,1013.5929999999998,1021.6899999999998,1052.5641666666666,996.8283333333334,918.3778
2006-08-23,1017.46,1021.87,1028.09,1017.46,6932734.0,sse50,上证50,1011.2145,1020.9412,1051.6143333333334,997.8803333333333,919.7308499999999
2006-08-24,1021.93,1028.24,1028.55,1014.17,5267042.0,sse50,上证50,1009.597,1020.1912,1050.3145,999.1438333333334,921.12225
2006-08-25,1029.72,1028.29,1033.82,1027.03,5971569.0,sse50,上证50,1008.4795,1019.0576,1049.1608333333334,1000.3765,922.4675
2006-08-28,1030.98,1048.85,1049.35,1030.82,8552666.0,sse50,上证50,1009.8949999999999,1018.6887999999999,1048.26,1001.7891666666668,923.9264999999999
2006-08-29,1050.31,1049.64,1060.61,1048.16,10047112.0,sse50,上证50,1011.8195,1017.95,1047.4113333333332,1003.3539166666667,925.36
2006-08-30,1047.56,1048.78,1051.73,1041.42,5774807.0,sse50,上证50,1013.8785,1017.1236,1047.4506666666666,1004.93275,926.825
2006-08-31,1049.12,1048.58,1053.52,1044.46,6831951.0,sse50,上证50,1015.8984999999999,1016.6432,1047.309,1006.5594166666667,928.2733000000001
2006-09-01,1047.81,1033.74,1049.69,1032.72,7925549.0,sse50,上证50,1018.0440000000001,1015.9672,1047.347,1008.0310833333333,929.671
2006-09-04,1032.64,1046.14,1046.32,1032.53,6124974.0,sse50,上证50,1021.4465,1016.9911999999999,1047.538,1009.5515833333333,931.1101
2006-09-05,1048.06,1052.17,1056.81,1045.38,9079965.0,sse50,上证50,1024.328,1018.632,1047.8638333333333,1011.1457499999999,932.5901000000001
2006-09-06,1052.91,1056.26,1057.14,1047.32,6877365.0,sse50,上证50,1027.458,1020.5784,1048.4328333333333,1012.7119166666668,934.13965
2006-09-07,1059.12,1045.15,1059.15,1041.68,8152386.0,sse50,上证50,1029.1335000000001,1022.0572,1048.8188333333333,1014.2071666666667,935.63315
2006-09-08,1045.15,1050.8,1051.18,1042.47,5920797.0,sse50,上证50,1031.0915,1024.4560000000001,1048.8766666666666,1015.7699166666666,937.1704
2006-09-11,1051.75,1057.85,1058.0,1045.18,7625074.0,sse50,上证50,1034.3615,1027.6464,1048.8968333333332,1017.2925833333334,938.7635
2006-09-12,1058.31,1066.82,1070.02,1056.96,12658500.0,sse50,上证50,1037.3125,1030.5375999999999,1049.0014999999999,1018.8891666666666,940.3769
2006-09-13,1068.42,1069.01,1084.21,1067.79,16649135.0,sse50,上证50,1039.8184999999999,1033.5516,1049.21,1020.4990833333334,942.0029499999999
2006-09-14,1071.13,1070.11,1077.87,1060.17,9425336.0,sse50,上证50,1042.8585,1035.8904,1049.4246666666668,1022.1240833333334,943.55065
2006-09-15,1070.39,1094.15,1094.82,1070.39,20120937.0,sse50,上证50,1047.1635,1039.1908,1049.9703333333334,1023.9966666666667,945.2286
2006-09-18,1098.61,1096.47,1102.67,1091.99,13654724.0,sse50,上证50,1051.5715,1043.3516,1050.194,1025.8625833333333,946.9744000000001
2006-09-19,1098.31,1101.96,1108.72,1095.48,9598097.0,sse50,上证50,1055.744,1047.118,1050.5411666666666,1027.7558333333334,948.7134
2006-09-20,1100.27,1098.93,1101.83,1090.45,8725589.0,sse50,上证50,1059.597,1050.3195999999998,1050.8465,1029.5361666666665,950.3997499999999
2006-09-21,1098.77,1106.87,1109.92,1098.77,10166960.0,sse50,上证50,1063.5285,1054.222,1050.8768333333333,1031.44525,952.1007000000001
2006-09-22,1110.33,1094.18,1116.26,1093.39,11494079.0,sse50,上证50,1066.8229999999999,1057.6672,1050.7348333333332,1033.2436666666667,953.75705
2006-09-25,1092.41,1091.72,1099.45,1082.47,9634932.0,sse50,上证50,1068.9665,1061.0036,1050.1741666666667,1034.9116666666666,955.4392
2006-09-26,1090.85,1077.3,1091.47,1072.32,7305084.0,sse50,上证50,1070.3494999999998,1063.3552,1049.5430000000001,1036.3821666666668,957.02755
2006-09-27,1076.49,1088.75,1089.48,1076.19,5831209.0,sse50,上证50,1072.348,1066.0303999999999,1049.4751666666666,1037.9025833333333,958.6766
2006-09-28,1089.62,1101.97,1102.62,1085.76,7916432.0,sse50,上证50,1075.0175,1068.9796000000001,1049.3441666666665,1039.5719166666665,960.40135
2006-09-29,1103.52,1115.72,1117.57,1103.42,9916399.0,sse50,上证50,1079.1165,1072.4768,1049.6218333333334,1041.392,962.2231999999999
2006-10-09,1134.4,1151.43,1151.71,1131.35,18422810.0,sse50,上证50,1084.3809999999999,1076.58,1050.4988333333333,1043.4099166666667,964.17935
2006-10-10,1152.15,1152.24,1160.62,1144.99,15935107.0,sse50,上证50,1089.3845,1080.684,1051.3391666666669,1045.4086666666667,966.10285
2006-10-11,1151.95,1152.41,1155.91,1139.86,12913167.0,sse50,上证50,1094.192,1084.8292,1052.2028333333333,1047.4375,968.0371
2006-10-12,1153.03,1147.23,1158.86,1144.23,14304432.0,sse50,上证50,1099.2959999999998,1088.7752,1053.7903333333334,1049.5633333333333,969.8881
2006-10-13,1145.83,1149.58,1155.69,1142.37,11383976.0,sse50,上证50,1104.2350000000001,1093.4088000000002,1055.2956666666666,1051.5545833333333,971.7624500000001
2006-10-16,1150.83,1135.48,1152.54,1133.11,10143046.0,sse50,上证50,1108.1165,1096.9824,1056.4281666666668,1053.3401666666666,973.5719
2006-10-17,1132.24,1125.44,1138.48,1122.22,8172174.0,sse50,上证50,1111.0475000000001,1099.9132,1057.4396666666667,1054.9898333333333,975.30665
2006-10-18,1124.73,1146.93,1147.15,1124.16,8364665.0,sse50,上证50,1114.9434999999999,1103.54,1059.212,1056.7906666666668,977.1501499999999
2006-10-19,1148.71,1148.41,1154.8,1144.35,8278639.0,sse50,上证50,1118.8584999999998,1107.6704,1060.9023333333332,1058.6770000000001,978.982
2006-10-20,1149.93,1152.31,1161.3,1149.1,9129232.0,sse50,上证50,1121.7665000000002,1111.7308,1062.497,1060.4473333333333,980.83455
2006-10-23,1151.39,1132.69,1157.95,1130.21,10682744.0,sse50,上证50,1123.5774999999999,1114.7244,1063.7406666666668,1062.0455833333333,982.5618499999999
2006-10-24,1132.13,1159.13,1159.42,1132.13,10350174.0,sse50,上证50,1126.4360000000001,1118.4168,1065.2576666666666,1063.944,984.4376
2006-10-25,1161.28,1166.25,1180.48,1157.34,13683011.0,sse50,上证50,1129.8020000000001,1122.3064,1066.8711666666666,1065.761,986.3319
2006-10-26,1166.18,1178.08,1178.63,1157.3,21541651.0,sse50,上证50,1133.3625,1126.6252,1068.8293333333334,1067.7171666666666,988.2651000000001
2006-10-27,1178.08,1164.57,1181.06,1160.34,19219263.0,sse50,上证50,1136.882,1129.442,1070.7281666666665,1069.3848333333333,990.11015
2006-10-30,1163.18,1175.8,1176.76,1160.24,15302368.0,sse50,上证50,1141.086,1132.6152,1073.3158333333333,1070.8811666666666,992.02835
2006-10-31,1177.98,1193.84,1194.17,1177.98,16473364.0,sse50,上证50,1146.913,1136.2904,1076.3606666666667,1072.3496666666667,994.02985
2006-11-01,1194.64,1211.55,1211.81,1191.88,17245489.0,sse50,上证50,1153.053,1140.7952,1079.7598333333333,1073.9209166666667,996.0781
2006-11-02,1213.18,1208.27,1214.14,1197.26,19052458.0,sse50,上证50,1158.368,1144.8512,1083.0946666666666,1075.549,998.1374500000001
2006-11-03,1211.45,1219.0,1227.78,1209.26,18679775.0,sse50,上证50,1163.532,1149.844,1086.8975,1076.9493333333332,1000.1694500000001
2006-11-06,1210.06,1245.69,1245.99,1205.58,18865496.0,sse50,上证50,1168.245,1156.0028,1091.3574999999998,1078.2800833333333,1002.2587000000001
2006-11-07,1252.02,1258.65,1259.29,1235.45,18091595.0,sse50,上证50,1173.5655000000002,1163.2568,1095.7593333333332,1079.77125,1004.3674500000001
2006-11-08,1253.47,1241.44,1255.4,1240.31,12513136.0,sse50,上证50,1178.017,1169.3644,1099.889,1081.1084999999998,1006.3832000000001
2006-11-09,1234.56,1268.33,1273.26,1232.78,16426880.0,sse50,上证50,1184.0720000000001,1176.0188,1104.1671666666666,1082.77625,1008.53205
2006-11-10,1267.14,1262.53,1293.35,1251.9,31014923.0,sse50,上证50,1189.7195,1181.8912,1108.3486666666665,1084.16225,1010.6833
2006-11-13,1259.1,1245.83,1274.93,1237.26,21533032.0,sse50,上证50,1195.2369999999999,1185.6671999999999,1112.5716666666667,1085.4144166666667,1012.72955
2006-11-14,1246.45,1262.16,1263.73,1227.62,18882935.0,sse50,上证50,1202.0729999999999,1190.0639999999999,1116.811,1087.1074999999998,1014.88465
2006-11-15,1263.35,1293.25,1293.8,1255.33,20863527.0,sse50,上证50,1209.389,1195.6976,1121.3836666666664,1089.0861666666667,1017.2764499999998
2006-11-16,1298.63,1299.12,1322.1,1296.41,34915586.0,sse50,上证50,1216.9245,1201.7732,1126.2138333333335,1091.1563333333334,1019.6802500000001
2006-11-17,1292.51,1321.01,1321.96,1286.72,22811896.0,sse50,上证50,1225.3595,1208.6304,1131.4298333333331,1093.2969999999998,1022.10955
2006-11-20,1327.12,1362.45,1362.84,1327.12,28495016.0,sse50,上证50,1236.8475,1217.7092,1137.3321666666666,1095.5626666666665,1024.71885
2006-11-21,1359.36,1376.63,1376.88,1338.97,23585539.0,sse50,上证50,1247.7225,1227.7568,1143.3008333333335,1097.9325,1027.4001
2006-11-22,1372.68,1382.24,1400.77,1362.24,28674673.0,sse50,上证50,1258.522,1237.1692,1149.3070000000002,1100.4606666666666,1030.11065
2006-11-23,1382.92,1395.68,1403.87,1380.69,26545498.0,sse50,上证50,1269.4019999999998,1247.06,1155.431,1102.87275,1032.89675
2006-11-24,1387.99,1385.94,1390.49,1369.78,23931611.0,sse50,上证50,1280.4705,1256.4052000000001,1161.3918333333334,1105.2763333333335,1035.5915
2006-11-27,1378.48,1381.33,1387.21,1366.26,21186748.0,sse50,上证50,1290.7469999999998,1266.3508,1166.9331666666667,1107.5965833333332,1038.1928
2006-11-28,1378.65,1367.52,1385.96,1354.1,19358367.0,sse50,上证50,1299.431,1274.6864,1172.2311666666667,1109.82125,1040.74705
2006-11-29,1343.02,1382.72,1389.05,1333.14,18940349.0,sse50,上证50,1307.9895000000001,1283.3452,1177.7968333333333,1112.6237499999997,1043.34775
2006-11-30,1386.69,1425.21,1425.79,1386.69,24263220.0,sse50,上证50,1318.8365,1293.2304,1184.074,1115.6915000000001,1046.2197999999999
2006-12-01,1427.75,1430.36,1440.3,1420.6,21423472.0,sse50,上证50,1329.4045,1303.862,1190.6843333333334,1119.0156666666667,1049.07175
2006-12-04,1431.04,1486.53,1487.0,1431.04,32494948.0,sse50,上证50,1341.4465,1316.2912,1198.0241666666666,1122.781083333333,1052.2064
2006-12-05,1490.85,1500.48,1517.26,1488.73,27790667.0,sse50,上证50,1353.538,1328.5567999999998,1205.4959999999999,1126.6799166666667,1055.39555
2006-12-06,1500.56,1498.31,1521.44,1445.75,35855588.0,sse50,上证50,1366.3815,1340.0272,1212.8635,1130.6481666666666,1058.547
2006-12-07,1496.74,1507.86,1552.44,1495.66,38377591.0,sse50,上证50,1378.358,1352.0107999999998,1220.5753333333332,1134.6970833333332,1061.80605
2006-12-08,1486.71,1453.92,1511.75,1451.84,32453434.0,sse50,上证50,1387.9275,1361.4076,1227.2940000000003,1138.0853333333332,1064.7857000000001
2006-12-11,1447.26,1524.97,1525.87,1447.26,26079225.0,sse50,上证50,1401.8845000000001,1372.5787999999998,1235.0793333333334,1141.9880833333334,1068.1207
2006-12-12,1533.97,1544.91,1560.23,1517.38,31376402.0,sse50,上证50,1416.022,1384.0292000000002,1243.0475,1146.0245,1071.4823999999999
2006-12-13,1548.22,1544.16,1558.43,1523.07,24461610.0,sse50,上证50,1428.5674999999999,1396.138,1250.9666666666667,1150.0883333333334,1074.8527
2006-12-14,1547.6,1573.48,1574.15,1544.91,19844825.0,sse50,上证50,1442.2855,1408.344,1259.3561666666667,1154.3904166666664,1078.33185
2006-12-15,1578.8,1597.12,1599.08,1566.01,18761374.0,sse50,上证50,1456.091,1421.7276000000002,1267.7390000000003,1158.8546666666668,1081.90355
2006-12-18,1602.59,1637.14,1638.24,1602.59,26902454.0,sse50,上证50,1469.8255,1437.38,1276.750166666667,1163.4720833333333,1085.6511500000001
2006-12-19,1645.41,1643.14,1666.21,1613.98,31476506.0,sse50,上证50,1483.151,1452.6192,1285.7698333333333,1168.1555,1089.40235
2006-12-20,1632.66,1643.97,1649.35,1611.2,22112443.0,sse50,上证50,1496.2375,1466.6480000000001,1294.8538333333336,1172.8501666666668,1093.1440499999999
2006-12-21,1643.91,1620.24,1654.12,1618.61,24208295.0,sse50,上证50,1507.4655,1479.4928,1303.4099999999999,1177.1434166666666,1096.86215
2006-12-22,1610.83,1614.24,1634.95,1602.4,19182150.0,sse50,上证50,1518.8804999999998,1491.2219999999998,1312.0776666666668,1181.40625,1100.5315
2006-12-25,1619.57,1665.16,1683.44,1619.57,28552325.0,sse50,上证50,1533.0720000000001,1503.3304,1321.635,1185.9045833333332,1104.46065
2006-12-26,1666.07,1673.88,1692.83,1650.8,29664044.0,sse50,上证50,1548.3899999999999,1515.2204000000002,1331.578,1190.5605,1108.5207
2006-12-27,1678.02,1726.43,1726.58,1676.47,30400427.0,sse50,上证50,1565.5755,1528.9879999999998,1342.206,1195.8405833333334,1112.85625
2006-12-28,1730.8,1737.16,1773.32,1723.54,33758446.0,sse50,上证50,1581.173,1542.6472,1352.7925,1201.0683333333334,1117.2751500000002
2006-12-29,1751.41,1805.31,1819.04,1751.41,39686345.0,sse50,上证50,1599.9205,1559.422,1364.2856666666667,1206.95375,1122.016
2007-01-04,1842.63,1836.14,1924.92,1821.48,54778663.0,sse50,上证50,1617.401,1577.6144,1375.6975,1213.0981666666667,1126.8783
2007-01-05,1814.7,1815.12,1844.23,1791.64,45845544.0,sse50,上证50,1633.133,1595.5184,1386.7455,1219.0423333333335,1131.64955
2007-01-08,1813.62,1856.62,1862.84,1804.41,37053974.0,sse50,上证50,1651.0485,1614.4744,1398.4823333333331,1225.3425833333336,1136.59105
2007-01-09,1858.09,1932.28,1933.32,1852.47,35648459.0,sse50,上证50,1672.2694999999999,1634.7571999999998,1411.5665,1232.6784166666666,1141.92385
2007-01-10,1945.3,1963.63,1964.35,1915.81,34810267.0,sse50,上证50,1697.7549999999999,1656.0880000000002,1425.1339999999998,1240.2148333333332,1147.4256500000001
2007-01-11,1964.65,1927.22,1977.88,1922.32,31261786.0,sse50,上证50,1717.8674999999998,1673.7156,1438.3296666666668,1247.3789166666668,1152.6861
2007-01-12,1911.51,1876.14,1941.51,1861.55,29073153.0,sse50,上证50,1734.429,1688.7420000000002,1450.8413333333333,1254.1405,1157.69065
2007-01-15,1872.08,1963.16,1963.85,1872.08,26504607.0,sse50,上证50,1755.3790000000001,1707.336,1464.4451666666669,1261.8285833333332,1163.12735
2007-01-16,1989.22,1992.1,2005.51,1950.02,31053243.0,sse50,上证50,1776.31,1726.7056,1478.5066666666667,1269.7045,1168.7123
2007-01-17,1997.81,1955.74,2033.92,1927.12,32812867.0,sse50,上证50,1794.241,1746.7784,1491.8971666666666,1277.1970833333332,1174.1438
2007-01-18,1942.99,1936.92,1964.55,1884.39,30851151.0,sse50,上证50,1809.2300000000002,1763.2564000000002,1505.301,1284.5208333333333,1179.4656
2007-01-19,1937.04,1995.53,1997.16,1937.04,29118399.0,sse50,上证50,1826.8495000000003,1781.2812,1519.2409999999998,1292.2493333333334,1185.0693999999999
2007-01-22,2020.0,2075.54,2076.69,2020.0,36297927.0,sse50,上证50,1848.4279999999999,1802.5364,1534.3958333333333,1300.6335000000001,1191.02065
2007-01-23,2095.22,2105.99,2113.4,2025.83,42660214.0,sse50,上证50,1872.7154999999998,1823.8368,1549.8609999999999,1309.3451666666667,1197.1616999999999
2007-01-24,2111.71,2145.69,2170.33,2106.14,35859937.0,sse50,上证50,1899.2879999999998,1845.7795999999998,1566.213,1318.4705833333333,1203.4983
2007-01-25,2124.17,2098.18,2160.89,2088.93,32723074.0,sse50,上证50,1920.9389999999999,1864.2212,1581.586,1327.4509166666664,1209.5314
2007-01-26,2066.51,2164.51,2176.35,2026.11,32471582.0,sse50,上证50,1945.4705,1885.076,1597.7638333333334,1337.06225,1215.8497499999999
2007-01-29,2181.87,2222.41,2238.43,2175.85,37522301.0,sse50,上证50,1970.2694999999999,1908.2135999999998,1614.6115,1347.1856666666667,1222.4303
2007-01-30,2232.2,2197.19,2251.57,2177.0,34654404.0,sse50,上证50,1993.271,1931.2916,1631.0935,1357.0940833333334,1228.9080000000001
2007-01-31,2186.42,2052.91,2193.83,2034.36,36488460.0,sse50,上证50,2005.6510000000003,1948.8383999999999,1644.9919999999997,1365.9447499999999,1234.6860000000001
2007-02-01,2021.44,2051.66,2064.61,1981.56,27000412.0,sse50,上证50,2016.4269999999997,1964.2984,1658.4248333333333,1374.8911666666668,1240.3979000000002
2007-02-02,2052.95,1954.97,2057.16,1945.1,25412577.0,sse50,上证50,2023.4195,1975.5420000000001,1670.0301666666667,1382.89475,1245.6108
2007-02-05,1943.06,1906.03,1956.79,1899.68,20245250.0,sse50,上证50,2025.8899999999999,1982.726,1681.1066666666666,1390.4978333333333,1250.5962
2007-02-06,1901.58,1954.16,1955.71,1824.6,33062005.0,sse50,上证50,2026.984,1991.4059999999997,1692.5371666666665,1398.3521666666666,1255.9063500000002
2007-02-07,1964.26,2001.37,2029.99,1964.26,31967917.0,sse50,上证50,2028.8709999999999,1999.2484,1704.8511666666666,1406.5999166666666,1261.36005
2007-02-08,2006.75,2023.18,2031.54,1980.32,22538144.0,sse50,上证50,2033.6689999999999,2006.73,1717.807,1415.1893333333333,1266.8699000000001
2007-02-09,2024.9,2003.32,2027.85,1987.01,21407546.0,sse50,上证50,2040.0279999999998,2014.2579999999998,1730.1596666666667,1423.4853333333333,1272.2491
2007-02-12,2004.22,2082.4,2083.11,2001.34,21809220.0,sse50,上证50,2045.9899999999998,2023.2892000000002,1743.3121666666668,1432.3479166666666,1278.00695
2007-02-13,2091.3,2108.63,2114.51,2081.33,19728032.0,sse50,上证50,2051.8165,2030.3431999999998,1756.8039999999999,1441.5089166666664,1283.93985
2007-02-14,2112.68,2174.0,2181.84,2105.59,24463064.0,sse50,上证50,2062.7295000000004,2038.7579999999998,1771.0204999999999,1451.2251666666666,1290.1105
2007-02-15,2192.9,2235.45,2236.83,2192.9,27136518.0,sse50,上证50,2077.656,2051.0872,1785.5705000000003,1461.4513333333334,1296.5832500000001
2007-02-16,2255.58,2232.98,2266.43,2217.79,28965360.0,sse50,上证50,2089.5285,2065.3608,1799.843,1471.5719166666668,1303.09155
2007-02-26,2225.87,2242.76,2248.38,2197.37,31427468.0,sse50,上证50,2097.8894999999998,2076.5448,1814.185,1481.7459999999999,1309.5643
2007-02-27,2251.2,2030.36,2253.47,2027.75,40614465.0,sse50,上证50,2094.1079999999997,2078.0751999999998,1824.763,1490.0970000000002,1314.9994
2007-02-28,1996.56,2096.23,2104.58,1996.56,31087440.0,sse50,上证50,2091.6349999999998,2083.6947999999998,1836.6011666666666,1498.9965,1320.6582999999998
2007-03-01,2097.1,2039.68,2097.1,2009.53,28301494.0,sse50,上证50,2088.71,2087.8052,1847.5736666666667,1507.2534166666667,1325.8755
2007-03-02,2033.9,2069.07,2082.05,2022.86,21465010.0,sse50,上证50,2083.938,2090.7468,1859.2661666666665,1515.7486666666666,1331.13275
2007-03-05,2062.03,2019.73,2088.47,1978.57,25596094.0,sse50,上证50,2073.8039999999996,2088.5144,1869.8830000000003,1523.8399166666668,1336.1164
2007-03-06,2015.69,2076.87,2101.0,2004.38,21665084.0,sse50,上证50,2067.788,2087.3496,1880.744,1532.4089999999999,1341.43625
2007-03-07,2086.62,2129.48,2143.59,2084.03,23233433.0,sse50,上证50,2071.6165,2086.7012,1892.396,1541.5401666666667,1346.8288499999999
2007-03-08,2134.76,2150.15,2150.95,2105.66,18285949.0,sse50,上证50,2076.541,2088.78,1903.4563333333333,1550.7402499999998,1352.1496
2007-03-09,2154.51,2144.22,2171.84,2125.56,28613510.0,sse50,上证50,2086.0035,2087.9683999999997,1914.1853333333336,1559.8406666666667,1357.47215
2007-03-12,2146.98,2140.53,2148.29,2105.85,22930439.0,sse50,上证50,2097.7285,2084.6932,1924.8890000000001,1568.87625,1362.7699499999999
2007-03-13,2145.18,2149.97,2152.0,2125.96,22130556.0,sse50,上证50,2107.519,2082.8044,1935.5908333333334,1578.0830833333334,1368.1788000000001
2007-03-14,2119.87,2100.56,2123.01,2074.5,23143192.0,sse50,上证50,2112.4784999999997,2084.7104,1946.3681666666666,1586.8310833333333,1373.20055
2007-03-15,2098.64,2138.05,2138.92,2098.64,21057070.0,sse50,上证50,2118.2219999999998,2088.166,1956.586166666667,1595.8327500000003,1378.4129500000001
2007-03-16,2145.92,2107.63,2154.73,2085.36,27803552.0,sse50,上证50,2123.4374999999995,2094.2724,1965.9648333333332,1604.5061666666666,1383.6561499999998
2007-03-19,2060.76,2176.15,2195.28,2054.93,34140703.0,sse50,上证50,2128.125,2105.0772,1976.498,1613.7323333333334,1389.25785
2007-03-20,2184.31,2175.13,2187.23,2152.96,22179740.0,sse50,上证50,2131.45,2113.916,1986.5255,1622.9408333333333,1394.88
2007-03-21,2182.45,2192.93,2204.07,2170.93,21396051.0,sse50,上证50,2132.3965,2121.5784,1996.4556666666665,1632.0973333333336,1400.524
2007-03-22,2212.16,2208.47,2228.32,2199.78,31888936.0,sse50,上证50,2131.0474999999997,2128.99,2005.9778333333334,1641.3640000000003,1406.1135000000002
2007-03-23,2206.54,2200.04,2220.37,2151.88,28095872.0,sse50,上证50,2129.4004999999997,2136.8588,2015.2595,1650.5146666666665,1411.65245
2007-03-26,2204.77,2230.0,2230.83,2188.92,28624441.0,sse50,上证50,2128.7625,2142.7628,2025.0266666666664,1659.9402499999999,1417.40815
2007-03-27,2234.63,2237.22,2244.21,2216.8,30136279.0,sse50,上证50,2139.1055,2147.9064000000003,2035.3096666666668,1669.3598333333332,1423.0631
2007-03-28,2240.24,2277.97,2280.57,2184.4,51856368.0,sse50,上证50,2148.1925,2152.0652,2046.3718333333334,1679.22475,1428.9654
2007-03-29,2285.02,2301.48,2351.35,2281.25,58079052.0,sse50,上证50,2161.2825,2154.7064,2056.9771666666666,1689.3060833333334,1434.9582999999998
2007-03-30,2287.71,2288.26,2313.48,2274.72,28424342.0,sse50,上证50,2172.2419999999997,2156.9176,2067.2168333333334,1699.3974166666667,1440.8968
2007-04-02,2299.49,2342.52,2343.2,2299.49,30412660.0,sse50,上证50,2188.3815000000004,2160.908,2077.4849999999997,1709.8455,1447.3773
2007-04-03,2352.38,2362.98,2367.71,2337.77,30845514.0,sse50,上证50,2202.687,2174.2128,2087.9153333333334,1720.3539166666667,1453.9068
2007-04-04,2367.92,2372.66,2386.15,2350.86,29674533.0,sse50,上证50,2214.846,2185.27,2097.3711666666663,1730.8284166666665,1460.6127999999999
2007-04-05,2367.42,2392.64,2398.47,2352.92,28839586.0,sse50,上证50,2226.9705000000004,2199.3884,2106.6461666666664,1741.1718333333333,1467.4026
2007-04-06,2369.89,2390.64,2399.83,2361.37,29400402.0,sse50,上证50,2239.2915000000003,2212.2512,2116.2381666666665,1751.4918333333333,1474.1926999999998
2007-04-09,2398.86,2442.93,2443.1,2398.86,34727816.0,sse50,上证50,2254.4115,2229.1792,2126.01,1762.2461666666668,1481.29675
2007-04-10,2459.41,2473.76,2479.2,2419.84,42501665.0,sse50,上证50,2270.601,2245.0548,2135.034666666667,1773.3005833333332,1488.5556
2007-04-11,2486.97,2508.47,2514.02,2464.21,41932808.0,sse50,上证50,2290.9964999999997,2260.2144,2144.115333333333,1784.6246666666666,1495.8612999999998
2007-04-12,2513.85,2535.1,2540.54,2502.19,33726349.0,sse50,上证50,2310.8489999999997,2275.6124,2154.246666666667,1796.2881666666665,1503.2536000000002
2007-04-13,2538.4,2517.79,2551.06,2507.58,37492052.0,sse50,上证50,2331.3569999999995,2290.5552,2164.940833333333,1807.8910833333332,1510.53985
2007-04-16,2519.66,2585.34,2586.8,2519.33,33186637.0,sse50,上证50,2351.8165,2308.3475999999996,2175.3105,1819.8778333333332,1518.18405
2007-04-17,2595.05,2577.01,2603.7,2504.1,35573346.0,sse50,上证50,2371.9105,2325.4292,2185.0589999999997,1831.7828333333334,1525.78295
2007-04-18,2578.85,2558.52,2578.85,2530.41,37657666.0,sse50,上证50,2390.1899999999996,2343.7476,2195.1053333333334,1843.50125,1533.2685000000001
2007-04-19,2555.08,2452.55,2558.79,2380.32,45058193.0,sse50,上证50,2402.3940000000002,2356.3275999999996,2203.6991666666668,1854.5000833333331,1540.1159999999998
2007-04-20,2465.74,2547.5,2553.53,2465.74,35429024.0,sse50,上证50,2419.7670000000003,2373.9224,2212.898666666667,1866.0698333333332,1547.4478499999998
2007-04-23,2574.0,2651.43,2651.61,2570.48,46972100.0,sse50,上证50,2440.8385000000003,2392.9336,2222.496833333333,1878.4463333333333,1555.30195
2007-04-24,2673.98,2659.21,2693.58,2640.27,43205998.0,sse50,上证50,2461.938,2412.2968,2231.717166666667,1890.7890833333333,1563.07275
2007-04-25,2649.67,2679.08,2695.39,2608.74,43693220.0,sse50,上证50,2481.9934999999996,2431.7428,2240.6070000000004,1903.4099999999999,1570.95465
2007-04-26,2696.4,2702.13,2711.41,2664.76,30739285.0,sse50,上证50,2502.026,2451.4892,2250.672833333333,1916.1294166666667,1578.8385
2007-04-27,2706.36,2681.3,2717.97,2654.95,30780101.0,sse50,上证50,2521.678,2470.7396,2259.286,1928.5249166666667,1586.6691500000002
2007-04-30,2715.89,2757.83,2768.95,2694.24,34906778.0,sse50,上证50,2542.4435,2491.8528,2268.2096666666666,1941.4105833333333,1594.9942
2007-05-08,2827.12,2831.26,2849.59,2795.74,40866868.0,sse50,上证50,2565.8575,2515.6144,2278.7774999999997,1954.9355,1603.6013500000001
2007-05-09,2833.34,2860.31,2867.1,2760.22,65656454.0,sse50,上证50,2590.24,2538.908,2292.2341666666666,1968.6130833333334,1612.4076
2007-05-10,2864.1,2885.72,2903.71,2844.49,51744391.0,sse50,上证50,2614.894,2562.2776,2306.1351666666665,1982.28,1621.34215
2007-05-11,2868.63,2867.97,2880.86,2809.7,36816421.0,sse50,上证50,2638.7605,2585.466,2321.351833333333,1995.691,1630.1729
2007-05-14,2823.46,2885.5,2919.44,2803.52,39575927.0,sse50,上证50,2660.889,2607.1852,2337.6763333333333,2009.3915000000002,1639.0974500000002
2007-05-15,2888.91,2770.66,2895.32,2768.93,38858526.0,sse50,上证50,2675.7339999999995,2623.4924,2351.284666666667,2021.9109166666667,1647.69085
2007-05-16,2764.26,2828.52,2829.53,2731.82,31148045.0,sse50,上证50,2691.7365,2641.7268,2365.0705,2034.9608333333333,1656.5371499999999
2007-05-17,2837.72,2872.79,2888.45,2825.21,31849112.0,sse50,上证50,2708.621,2660.9328000000005,2379.230666666667,2048.5188333333335,1665.56345
2007-05-18,2862.94,2854.32,2875.62,2835.98,28400646.0,sse50,上证50,2725.4475,2679.48,2393.4139999999998,2061.786833333333,1674.5113000000001
2007-05-21,2763.77,2864.7,2875.02,2757.57,39162670.0,sse50,上证50,2739.4155,2696.3508,2406.452333333333,2074.88225,1683.63185
2007-05-22,2873.31,2882.67,2903.85,2869.01,38477551.0,sse50,上证50,2754.6984999999995,2712.7072,2419.353,2088.0785,1692.81025
2007-05-23,2887.64,2919.94,2920.76,2862.49,35205365.0,sse50,上证50,2772.7695,2729.1659999999997,2431.7853333333333,2101.402916666667,1702.1268
2007-05-24,2927.49,2906.81,2949.88,2866.94,42211406.0,sse50,上证50,2795.4824999999996,2744.0343999999996,2442.974666666667,2114.2725833333334,1711.3705
2007-05-25,2894.7,2942.51,2958.74,2881.5,34208738.0,sse50,上证50,2815.2329999999997,2761.0232,2454.800166666667,2127.3215833333334,1720.7425
2007-05-28,2976.76,2998.86,3012.6,2968.91,45005924.0,sse50,上证50,2832.6045,2777.5640000000003,2467.401833333333,2140.7934166666664,1730.3896
2007-05-29,3009.44,3050.44,3051.06,3002.91,44126343.0,sse50,上证50,2852.166,2796.5012,2484.4031666666665,2154.5830833333334,1740.33885
2007-05-30,2875.79,2857.0,3000.94,2828.86,57231270.0,sse50,上证50,2861.062,2808.4404000000004,2497.0826666666667,2166.8419166666667,1749.37065
2007-05-31,2838.1,2940.37,2986.53,2748.06,55066955.0,sse50,上证50,2872.9739999999997,2827.9532,2512.0941666666668,2179.833916666667,1758.9697999999999
2007-06-01,2963.47,2906.59,3055.87,2885.52,51653338.0,sse50,上证50,2884.2385,2842.3168,2526.052833333333,2192.6594999999998,1768.4470000000001
2007-06-04,2923.41,2695.76,2935.88,2685.73,40329137.0,sse50,上证50,2881.135,2844.09,2537.32,2203.6014999999998,1776.8878
2007-06-05,2638.42,2778.66,2780.75,2493.31,42908891.0,sse50,上证50,2878.505,2848.868,2549.0164999999997,2214.88025,1785.7402
2007-06-06,2788.97,2781.32,2814.06,2713.08,32093064.0,sse50,上证50,2874.5555,2852.9576,2559.8805,2226.1382500000004,1794.6926500000002
2007-06-07,2797.23,2856.54,2857.31,2786.77,33261002.0,sse50,上证50,2873.0965,2859.1339999999996,2571.6536666666666,2237.555,1804.0848999999998
2007-06-08,2861.81,2856.02,2875.5,2812.94,30917610.0,sse50,上证50,2872.4990000000003,2866.1227999999996,2583.5170000000003,2248.851166666667,1813.3923000000002
2007-06-11,2875.11,2918.3,2924.18,2856.99,33671249.0,sse50,上证50,2874.139,2872.5416000000005,2596.4798333333333,2260.6844166666665,1823.0155
2007-06-12,2930.43,2982.9,2984.07,2859.6,34702675.0,sse50,上证50,2884.7509999999997,2878.6072,2610.362,2272.976416666667,1832.8718
2007-06-13,3007.65,3045.94,3058.49,3000.92,42017030.0,sse50,上证50,2895.6220000000003,2886.0324,2626.1183333333333,2286.2432499999995,1843.0433000000003
2007-06-14,3036.35,3010.17,3050.99,2982.81,29068949.0,sse50,上证50,2902.491,2891.0103999999997,2640.6536666666666,2298.619916666667,1853.1319
2007-06-15,2984.27,3035.78,3046.71,2973.96,25335183.0,sse50,上证50,2911.564,2897.7227999999996,2656.1228333333333,2311.0438333333336,1863.2718000000002
2007-06-18,3090.17,3133.53,3154.26,3087.8,36491335.0,sse50,上证50,2925.0055,2907.644,2672.079166666667,2324.2885833333335,1873.845
2007-06-19,3123.89,3132.3,3155.97,3100.83,29323732.0,sse50,上证50,2937.487,2922.1096,2688.0319999999997,2337.27875,1884.45995
2007-06-20,3133.31,3059.16,3150.49,3050.43,28110119.0,sse50,上证50,2944.448,2931.3352,2702.4691666666668,2349.4624166666667,1894.7155000000002
2007-06-21,3048.37,3109.92,3118.67,3043.3,26187423.0,sse50,上证50,2954.6035,2940.8203999999996,2717.4933333333333,2361.7355833333336,1905.2235500000002
2007-06-22,3114.82,3037.51,3146.0,2982.23,28717924.0,sse50,上证50,2959.3535,2948.1479999999997,2731.4511666666663,2373.3553333333334,1915.3185500000002
2007-06-25,3054.28,2942.29,3082.82,2927.78,26834446.0,sse50,上证50,2956.525,2951.2516000000005,2743.3226666666665,2384.174666666667,1924.92065
2007-06-26,2892.03,2966.24,2968.4,2860.72,20064191.0,sse50,上证50,2952.315,2954.5944,2755.4729999999995,2395.3913333333335,1934.61065
2007-06-27,2977.19,3057.34,3068.32,2956.81,24177650.0,sse50,上证50,2962.332,2960.0904000000005,2768.4625,2407.4171666666666,1944.7558999999999
2007-06-28,3063.24,2969.49,3099.16,2968.99,28983914.0,sse50,上证50,2963.7879999999996,2962.5975999999996,2779.596,2418.2865833333335,1954.3591000000001
2007-06-29,2904.36,2915.88,2986.01,2889.64,22461983.0,sse50,上证50,2964.2525,2961.5324,2790.0563333333334,2428.6365833333334,1963.6903
2007-07-02,2906.14,2910.89,2943.73,2828.36,21783536.0,sse50,上证50,2975.009,2958.0135999999998,2799.5291666666667,2438.507083333333,1973.0008500000001
2007-07-03,2922.1,2955.21,2960.64,2903.3,20359094.0,sse50,上证50,2983.8365000000003,2954.2044,2809.3996666666662,2448.6575,1982.5339999999999
2007-07-04,2961.38,2877.8,2965.61,2865.0,15252622.0,sse50,上证50,2988.6605000000004,2955.0364,2817.8186666666666,2457.5949166666664,1991.7543000000003
2007-07-05,2843.69,2745.97,2860.1,2743.42,17272978.0,sse50,上证50,2983.132,2947.2603999999997,2823.7075,2465.1768333333334,2000.25345
2007-07-06,2733.69,2860.74,2862.12,2700.76,19178215.0,sse50,上证50,2983.368,2945.4264000000003,2831.5425,2473.8903333333337,2009.2963
2007-07-09,2883.54,2939.1,2953.13,2858.92,21534582.0,sse50,上证50,2984.4080000000004,2955.16,2839.812,2482.911,2018.7105000000001
2007-07-10,2957.06,2936.94,2997.78,2927.73,22359120.0,sse50,上证50,2982.1099999999997,2961.4912,2847.5316666666668,2491.2831666666666,2028.16945
2007-07-11,2920.74,2937.6,2944.95,2897.31,13209131.0,sse50,上证50,2976.693,2967.7424,2854.6838333333335,2499.3995833333333,2037.60345
2007-07-12,2945.14,2969.57,2985.04,2932.43,13449964.0,sse50,上证50,2974.663,2972.2636,2861.925,2508.0858333333335,2047.1620500000001
2007-07-13,2976.54,2970.34,2981.48,2939.78,11825452.0,sse50,上证50,2971.391,2976.8364,2869.4675,2517.204166666667,2056.67965
2007-07-16,2974.92,2878.36,2980.92,2877.54,11347292.0,sse50,上证50,2958.6325,2975.2388,2874.351166666667,2524.830833333333,2065.7264
2007-07-17,2872.81,2956.5,2969.2,2847.4,14008484.0,sse50,上证50,2949.8424999999997,2974.1828000000005,2880.676,2532.8675,2075.15835
2007-07-18,2944.07,2978.9,3017.91,2932.12,23460964.0,sse50,上证50,2945.8295,2971.5012,2887.682333333333,2541.3938333333335,2084.5821
2007-07-19,2971.36,2972.5,2998.42,2953.84,13434580.0,sse50,上证50,2938.9584999999997,2969.9944,2896.348166666666,2550.023666666667,2093.96225
2007-07-20,2972.68,3102.79,3104.77,2972.68,25710131.0,sse50,上证50,2942.2225,2972.6748000000002,2905.603,2559.250833333333,2103.9664000000002
2007-07-23,3133.28,3225.64,3227.49,3133.28,40967784.0,sse50,上证50,2956.3900000000003,2976.3592000000003,2915.1731666666665,2568.835,2114.59995
2007-07-24,3242.2,3226.96,3280.75,3210.0,32048824.0,sse50,上证50,2969.426,2980.1456,2924.635666666667,2578.176416666667,2125.2004
2007-07-25,3229.29,3304.75,3305.91,3229.24,28083524.0,sse50,上证50,2981.7965,2989.9692,2935.0634999999997,2587.8352500000005,2136.25325
2007-07-26,3323.37,3315.02,3336.94,3286.49,25945946.0,sse50,上证50,2999.073,2998.1732,2945.278333333333,2597.975583333333,2147.36975
2007-07-27,3285.68,3293.38,3306.15,3249.35,26206951.0,sse50,上证50,3017.948,3008.408,2955.4796666666666,2607.3828333333336,2158.45015
2007-07-30,3294.68,3359.71,3372.61,3290.85,32022499.0,sse50,上证50,3040.389,3025.1047999999996,2965.511,2616.860333333333,2169.8049499999997
2007-07-31,3347.62,3391.86,3394.88,3314.76,27215960.0,sse50,上证50,3062.2215,3042.1295999999998,2974.8543333333337,2626.8159166666665,2181.2544
2007-08-01,3408.53,3281.34,3430.05,3267.68,32070205.0,sse50,上证50,3082.3985,3051.0896,2981.8715,2637.0528333333336,2192.0825
2007-08-02,3298.63,3362.46,3388.51,3279.47,25344111.0,sse50,上证50,3113.2230000000004,3066.8084000000003,2989.8171666666667,2647.9761666666664,2203.13765
2007-08-03,3390.01,3520.14,3521.97,3390.01,36883469.0,sse50,上证50,3146.193,3090.9788,3000.686666666667,2661.01925,2214.97715
2007-08-06,3552.0,3595.03,3608.4,3539.07,31452482.0,sse50,上证50,3178.9895,3118.3444,3012.512166666667,2675.09425,2227.19025
2007-08-07,3606.59,3612.7,3641.23,3562.48,34724435.0,sse50,上证50,3212.7774999999997,3144.644,3026.5461666666665,2688.915416666667,2239.5176
2007-08-08,3578.24,3596.28,3654.44,3533.77,48866785.0,sse50,上证50,3245.7115,3173.3831999999993,3039.342166666667,2702.2063333333335,2251.7511
2007-08-09,3598.21,3704.58,3723.48,3596.18,37378079.0,sse50,上证50,3282.4620000000004,3211.7276,3053.2053333333333,2716.2180000000003,2264.5966
2007-08-10,3700.92,3707.92,3739.02,3634.99,35559207.0,sse50,上证50,3319.3410000000003,3245.6148,3067.432,2730.4230000000002,2277.509
2007-08-13,3717.53,3740.57,3796.17,3690.62,48317192.0,sse50,上证50,3362.4515,3277.6736,3082.0298333333335,2744.2410833333333,2290.4772
2007-08-14,3740.01,3787.11,3793.68,3715.26,29190284.0,sse50,上证50,3403.982,3311.6803999999997,3097.1038333333336,2758.2284166666664,2303.6706999999997
2007-08-15,3782.62,3799.24,3823.94,3712.87,29071694.0,sse50,上证50,3444.999,3346.146,3111.7588333333333,2771.772083333333,2316.90535
2007-08-16,3775.36,3698.95,3782.85,3660.61,30289202.0,sse50,上证50,3481.3214999999996,3375.3212,3124.9611666666665,2783.9679166666665,2329.73665
2007-08-17,3674.42,3606.53,3758.54,3597.59,30543699.0,sse50,上证50,3506.508500000001,3400.7688,3136.0281666666665,2795.414166666667,2341.97365
2007-08-20,3718.2,3831.05,3831.5,3709.52,30273396.0,sse50,上证50,3536.7789999999995,3438.8764,3149.898,2808.6499166666667,2355.29765
2007-08-21,3851.38,3903.66,3924.82,3849.42,32191542.0,sse50,上证50,3570.614,3476.7627999999995,3164.1183333333333,2824.26075,2368.9255500000004
2007-08-22,3839.1,3949.83,3972.03,3830.5,27213196.0,sse50,上证50,3602.868,3515.6,3182.3321666666666,2839.7074166666666,2382.85185
2007-08-23,3962.64,4013.34,4033.74,3925.24,24520087.0,sse50,上证50,3637.7839999999997,3557.2336,3200.2149999999997,2856.154583333334,2397.03955
2007-08-24,4037.18,4104.66,4120.75,4032.25,30170218.0,sse50,上证50,3678.3480000000004,3597.3084,3220.1828333333333,2873.1178333333332,2411.59365
2007-08-27,4128.74,4134.69,4188.18,4091.61,35351163.0,sse50,上证50,3717.097,3633.6704,3244.165,2890.7425,2426.20935
2007-08-28,4119.24,4147.86,4164.82,4058.0,31400321.0,sse50,上证50,3754.897,3670.5064,3266.985,2908.0007499999997,2440.9073
2007-08-29,4113.9,4080.08,4158.74,4059.01,27731257.0,sse50,上证50,3794.8340000000003,3701.5196,3288.631,2924.25575,2455.2127
2007-08-30,4104.51,4111.29,4147.96,4086.62,22501004.0,sse50,上证50,3832.2754999999997,3733.3704,3309.5435,2940.598583333333,2469.5407
2007-08-31,4118.81,4150.17,4158.99,4070.87,25206734.0,sse50,上证50,3863.7769999999996,3767.6419999999994,3331.1126666666664,2957.3148333333334,2483.9983
2007-09-03,4176.86,4240.64,4252.75,4176.86,32231001.0,sse50,上证50,3896.0575,3802.8792000000003,3353.1516666666666,2974.8157499999998,2498.9943000000003
2007-09-04,4226.94,4166.85,4245.94,4144.54,34232428.0,sse50,上证50,3923.7650000000003,3833.8788,3372.884166666667,2991.6230833333334,2513.4869
2007-09-05,4162.57,4147.75,4191.83,4074.29,26620238.0,sse50,上证50,3951.3385000000003,3868.5352000000003,3391.247666666667,3008.683,2527.913
2007-09-06,4166.91,4204.8,4243.08,4155.39,31345976.0,sse50,上证50,3976.3495000000003,3902.2288,3411.1581666666666,3025.905916666667,2542.7078500000002
2007-09-07,4186.44,4111.93,4205.61,4099.74,33351449.0,sse50,上证50,3996.55,3925.9004,3429.0939999999996,3042.608416666667,2556.9566999999997
2007-09-10,4052.55,4172.81,4182.19,4020.71,26919102.0,sse50,上证50,4018.1619999999994,3949.0116000000003,3446.415333333333,3059.24725,2571.3545
2007-09-11,4182.72,3992.03,4199.27,3968.23,28029000.0,sse50,上证50,4028.4079999999994,3964.1848000000005,3460.7441666666664,3074.3880833333333,2584.81905
2007-09-12,3977.02,4035.72,4056.17,3939.35,24706759.0,sse50,上证50,4040.232,3981.7624000000005,3477.0201666666667,3089.7446666666665,2598.3925999999997
2007-09-13,4056.19,4143.12,4145.11,4042.96,24461245.0,sse50,上证50,4062.4404999999997,3999.304,3494.240166666667,3105.86675,2612.29595
2007-09-14,4148.08,4165.57,4177.87,4079.18,24654007.0,sse50,上证50,4090.3924999999995,4017.61,3513.041166666667,3122.2461666666663,2626.24065
2007-09-17,4170.95,4237.92,4244.98,4170.33,29968729.0,sse50,上证50,4110.736,4037.5040000000004,3534.635,3138.978833333333,2640.51905
2007-09-18,4261.45,4204.7,4269.59,4145.84,31320964.0,sse50,上证50,4125.7880000000005,4054.2076,3555.276,3155.3745,2654.56415
2007-09-19,4212.19,4161.59,4226.37,4121.72,22045152.0,sse50,上证50,4136.376,4068.7016,3573.6801666666665,3171.0713333333333,2668.4424
2007-09-20,4171.67,4222.42,4237.52,4169.91,22526696.0,sse50,上证50,4146.83,4089.6403999999998,3594.5623333333333,3187.079166666667,2682.6478500000003
2007-09-21,4227.33,4197.04,4232.1,4118.33,25140903.0,sse50,上证50,4151.449,4113.2608,3615.915,3202.9856666666665,2696.7954499999996
2007-09-24,4201.42,4231.75,4245.97,4134.27,21801298.0,sse50,上证50,4156.302,4129.2888,3637.9293333333335,3218.72925,2711.0406
2007-09-25,4246.9,4193.06,4265.37,4169.82,17469340.0,sse50,上证50,4158.562,4140.8648,3658.5601666666666,3233.979916666666,2724.87985
2007-09-26,4177.27,4140.32,4245.9,4128.26,15044922.0,sse50,上证50,4161.574,4148.4844,3679.6021666666666,3248.710416666667,2738.4296499999996
2007-09-27,4142.07,4189.12,4190.4,4130.03,13231802.0,sse50,上证50,4165.4655,4155.5156,3703.654666666667,3263.6810833333334,2751.9426000000003
2007-09-28,4229.6,4307.42,4315.35,4229.6,21020966.0,sse50,上证50,4173.3279999999995,4163.626,3727.766,3279.65425,2765.9773
2007-10-08,4407.5,4401.28,4444.69,4347.76,35718103.0,sse50,上证50,4181.360000000001,4174.2896,3752.135666666667,3295.973833333333,2780.49215
2007-10-09,4393.47,4425.7,4438.56,4351.9,24981343.0,sse50,上证50,4194.3025,4185.4032,3776.9483333333333,3312.24,2795.08135
2007-10-10,4444.67,4445.96,4524.45,4413.63,32285308.0,sse50,上证50,4209.213,4200.0383999999995,3802.0876666666663,3328.3857500000004,2810.04155
2007-10-11,4458.19,4577.88,4579.65,4439.24,34248857.0,sse50,上证50,4227.867,4218.702,3828.8928333333333,3345.4089166666663,2825.3061
2007-10-12,4601.98,4578.69,4633.81,4391.14,38403481.0,sse50,上证50,4251.205,4235.8428,3855.698666666666,3362.583083333333,2840.475
2007-10-15,4606.48,4694.31,4695.83,4572.43,36665923.0,sse50,上证50,4277.280000000001,4253.9896,3885.9645,3380.157833333333,2856.2257499999996
2007-10-16,4726.08,4731.83,4772.93,4688.26,37169523.0,sse50,上证50,4314.2699999999995,4276.5888,3915.5533333333337,3398.114666666667,2872.0175
2007-10-17,4713.75,4684.11,4744.78,4647.89,23614836.0,sse50,上证50,4346.6895,4298.0432,3943.9735,3415.8279166666666,2887.4524499999998
2007-10-18,4676.52,4508.66,4684.86,4481.01,23828147.0,sse50,上证50,4364.9664999999995,4310.1976,3969.5761666666667,3432.9621666666667,2901.81005
2007-10-19,4545.63,4494.56,4594.7,4454.15,17655956.0,sse50,上证50,4381.416,4325.5028,3992.7723333333333,3449.1876666666667,2916.06715
2007-10-22,4441.53,4390.27,4479.05,4374.12,15650272.0,sse50,上证50,4389.0335,4334.2011999999995,4012.1828333333333,3463.6780000000003,2929.7986499999997
2007-10-23,4388.24,4475.44,4478.73,4342.03,21038079.0,sse50,上证50,4402.5705,4353.5376,4032.990833333333,3478.81325,2944.0746499999996
2007-10-24,4496.51,4550.56,4598.89,4486.68,23219787.0,sse50,上证50,4422.018999999999,4374.1312,4053.754333333333,3494.4089166666668,2958.75625
2007-10-25,4511.51,4364.12,4534.4,4352.94,23511746.0,sse50,上证50,4429.104,4382.9712,4071.2393333333334,3508.2588333333333,2972.25105
2007-10-26,4321.68,4429.98,4460.65,4313.8,15459279.0,sse50,上证50,4440.751,4393.5476,4090.1826666666666,3522.8311666666664,2986.0315499999997
2007-10-29,4453.33,4527.12,4534.71,4451.91,17849736.0,sse50,上证50,4455.5195,4405.1156,4109.6395,3537.57525,3000.035
2007-10-30,4538.11,4592.33,4593.34,4476.28,20207155.0,sse50,上证50,4475.482999999999,4420.6208,4129.647333333333,3552.2508333333335,3014.3108500000003
2007-10-31,4652.96,4627.78,4667.32,4564.66,24412557.0,sse50,上证50,4499.856,4439.2684,4152.088,3566.97975,3028.4232
2007-11-01,4648.69,4607.22,4668.73,4602.51,25190926.0,sse50,上证50,4520.761,4454.6604,4172.834,3581.3255833333333,3042.2786000000006
2007-11-02,4536.22,4543.16,4599.39,4500.49,23524190.0,sse50,上证50,4532.548,4468.5052,4189.884333333333,3595.2855,3055.9188
2007-11-05,4517.23,4410.97,4547.89,4389.5,18090021.0,sse50,上证50,4533.032499999999,4475.674,4203.483333333334,3607.9977500000005,3068.69055
2007-11-06,4371.91,4344.89,4428.32,4324.23,13832815.0,sse50,上证50,4528.992,4481.7472,4215.6865,3621.116333333333,3080.7536
2007-11-07,4367.63,4383.63,4400.62,4276.76,14431451.0,sse50,上证50,4525.8755,4491.479600000001,4228.809,3634.075583333333,3092.8536
2007-11-08,4353.19,4154.97,4353.19,4150.97,17279657.0,sse50,上证50,4504.7300000000005,4490.1136,4236.3155,3644.7604166666665,3103.9923500000004
2007-11-09,4110.22,4139.57,4198.25,4058.88,17815304.0,sse50,上证50,4482.773999999999,4483.3996,4243.509666666667,3655.4708333333333,3115.3095000000003
2007-11-12,4025.83,4107.34,4143.33,3951.33,19934395.0,sse50,上证50,4453.425499999999,4471.642,4249.6225,3665.8261666666663,3126.0303999999996
2007-11-13,4145.53,4071.3,4206.46,4006.06,18493533.0,sse50,上证50,4420.398999999999,4457.465999999999,4254.3589999999995,3675.731416666667,3136.4264000000003
2007-11-14,4142.52,4247.16,4249.4,4063.51,17039511.0,sse50,上证50,4398.5515,4449.513999999999,4261.824333333333,3686.791583333333,3147.8835000000004
2007-11-15,4227.75,4201.79,4269.76,4190.73,13399135.0,sse50,上证50,4383.208,4434.4704,4270.205,3697.583083333333,3159.20785
2007-11-16,4124.42,4133.35,4163.96,4066.54,9028172.0,sse50,上证50,4365.1475,4416.6568,4278.985333333333,3707.50675,3169.8969499999994
2007-11-19,4141.2,4086.38,4155.69,4066.75,11361100.0,sse50,上证50,4349.9529999999995,4392.3396,4283.240833333333,3716.5694166666667,3179.95115
2007-11-20,4059.19,4136.08,4167.59,4006.47,14775299.0,sse50,上证50,4332.985000000001,4368.5096,4287.1145,3725.6164166666663,3190.1016000000004
2007-11-21,4150.84,4064.78,4186.29,4061.83,10726122.0,sse50,上证50,4308.696000000001,4343.7364,4289.030333333333,3735.68125,3199.69705
2007-11-22,3988.14,3895.95,4039.7,3881.45,12367238.0,sse50,上证50,4285.2875,4319.228,4287.073833333334,3743.644416666667,3208.6859000000004
2007-11-23,3865.41,3961.37,3962.7,3844.18,9675194.0,sse50,上证50,4261.857,4297.9003999999995,4284.685666666667,3752.43425,3217.6702
2007-11-26,4020.65,3910.46,4038.48,3904.75,10568205.0,sse50,上证50,4231.024,4278.708,4280.9485,3762.55675,3226.1104499999997
2007-11-27,3874.77,3829.73,3917.55,3827.42,9133603.0,sse50,上证50,4192.894,4252.879599999999,4275.646333333333,3771.315666666667,3234.2731499999995
2007-11-28,3839.51,3784.28,3873.78,3757.96,11197348.0,sse50,上证50,4150.719,4222.2284,4270.716333333334,3779.6736666666666,3242.93
2007-11-29,3840.39,3975.71,3977.89,3796.25,19505464.0,sse50,上证50,4119.1435,4206.692,4268.456666666667,3789.0000833333334,3252.5502500000002
2007-11-30,3968.67,3880.34,3968.67,3867.12,13425769.0,sse50,上证50,4086.0025,4184.7064,4263.9595,3797.536083333333,3262.1771000000003
2007-12-03,3859.85,3910.13,3943.5,3838.49,10377022.0,sse50,上证50,4060.9605,4160.0268,4258.451,3805.8013333333333,3272.1976
2007-12-04,3921.91,3963.19,4018.65,3921.91,10795978.0,sse50,上证50,4041.8754999999996,4134.8612,4255.056666666666,3813.970416666666,3282.2427499999994
2007-12-05,3963.56,4070.82,4074.96,3954.69,14022272.0,sse50,上证50,4026.2349999999997,4112.5828,4253.7745,3822.5110833333333,3292.59
2007-12-06,4085.04,4070.16,4094.25,4037.28,9679349.0,sse50,上证50,4021.9945,4091.1004000000003,4251.5305,3831.3443333333335,3302.8249
2007-12-07,4076.44,4122.06,4128.78,4075.45,9954546.0,sse50,上证50,4021.119,4074.2564,4251.699333333334,3840.396666666667,3313.4186
2007-12-10,4052.38,4165.86,4172.17,4040.56,17395469.0,sse50,上证50,4024.0450000000005,4064.452,4251.5835,3848.9994166666665,3323.8358999999996
2007-12-11,4197.7,4159.43,4216.53,4097.27,15639780.0,sse50,上证50,4028.4515,4057.0336000000007,4254.3735,3857.5588333333335,3334.0899000000004
2007-12-12,4130.77,4083.59,4132.11,4049.1,15361746.0,sse50,上证50,4020.273,4045.032,4255.171333333334,3866.0957500000004,3343.6378500000005
2007-12-13,4061.42,3948.74,4075.67,3944.81,13572132.0,sse50,上证50,4007.6205,4036.7827999999995,4251.931666666666,3873.0859166666664,3352.2043
2007-12-14,3901.57,4008.88,4010.5,3881.5,11638616.0,sse50,上证50,4001.397,4031.5552000000002,4249.320166666667,3881.1806666666666,3361.0838
2007-12-17,4002.99,3876.14,4003.26,3871.47,14107972.0,sse50,上证50,3990.8849999999998,4022.3071999999997,4243.2905,3888.9627499999997,3369.2507
2007-12-18,3849.2,3849.15,3895.36,3826.92,8728581.0,sse50,上证50,3976.5384999999997,4013.4212000000007,4237.364666666666,3896.3203333333336,3378.3446500000005
2007-12-19,3893.22,3953.05,3967.67,3879.71,13497557.0,sse50,上证50,3970.9519999999998,4001.6567999999997,4233.889,3903.784583333333,3387.62875
2007-12-20,3971.75,4040.04,4050.77,3942.63,12205208.0,sse50,上证50,3978.1565,3995.1868,4230.849333333334,3912.7058333333334,3397.63055
2007-12-21,4022.45,4081.0,4096.24,4019.69,14441946.0,sse50,上证50,3984.1380000000004,3993.0928000000004,4228.915333333333,3922.4151666666667,3407.6902
2007-12-24,4112.52,4172.44,4201.85,4096.67,21313435.0,sse50,上证50,3997.2369999999996,3996.5352000000003,4227.926833333333,3932.9280833333337,3418.45375
2007-12-25,4179.84,4162.08,4200.82,4144.14,15578497.0,sse50,上证50,4013.8545,3997.5752,4227.4105,3942.985333333333,3428.8798000000006
2007-12-26,4174.77,4175.56,4207.16,4121.61,17547576.0,sse50,上证50,4033.4184999999998,4002.0064,4227.997833333333,3953.8,3439.1101999999996
2007-12-27,4191.33,4258.55,4258.68,4160.91,22569587.0,sse50,上证50,4047.5604999999996,4016.5104000000006,4229.155,3966.4048333333335,3449.6522000000004
2007-12-28,4269.06,4226.76,4280.73,4214.69,20673545.0,sse50,上证50,4064.8815000000004,4027.126,4227.810666666667,3977.788333333333,3460.0649
2008-01-02,4230.81,4219.69,4242.19,4164.76,18683938.0,sse50,上证50,4080.3594999999996,4039.4952000000003,4224.784166666666,3988.4599166666667,3470.4607
2008-01-03,4213.02,4230.42,4232.18,4123.12,30732210.0,sse50,上证50,4093.7210000000005,4055.5228,4221.529500000001,3999.238916666667,3480.8629499999997
2008-01-04,4231.35,4282.69,4296.02,4221.65,23349877.0,sse50,上证50,4104.3144999999995,4075.4592000000002,4218.808333333333,4010.448,3491.7736
2008-01-07,4279.92,4330.27,4341.47,4255.5,24440674.0,sse50,上证50,4117.32,4089.6416,4214.681500000001,4021.7871666666665,3502.7346999999995
2008-01-08,4349.48,4358.1,4437.57,4322.13,30842049.0,sse50,上证50,4129.122,4108.752,4211.005,4033.3518333333336,3513.9870499999997
2008-01-09,4341.53,4405.92,4407.39,4324.91,20328290.0,sse50,上证50,4141.125,4128.5836,4206.1985,4046.0815000000002,3525.1358999999998
2008-01-10,4420.32,4431.46,4456.11,4384.45,29662177.0,sse50,上证50,4154.7265,4147.3144,4201.192333333333,4058.372833333334,3536.41755
2008-01-11,4445.23,4481.49,4482.57,4417.05,29691499.0,sse50,上证50,4174.621499999999,4163.7412,4197.815333333334,4070.894416666667,3547.8603500000004
2008-01-14,4503.67,4499.14,4524.29,4471.74,21495766.0,sse50,上证50,4202.1415,4180.9003999999995,4197.656666666667,4083.6164166666667,3559.3137
2008-01-15,4511.16,4440.82,4515.82,4421.67,22028850.0,sse50,上证50,4223.7385,4193.6508,4196.761,4094.766666666667,3570.5176
2008-01-16,4395.37,4274.02,4395.37,4267.01,24352892.0,sse50,上证50,4243.6325,4197.9772,4194.8235,4103.503166666666,3580.7377
2008-01-17,4219.7,4178.71,4289.93,4072.68,27791669.0,sse50,上证50,4260.110500000001,4198.7483999999995,4189.878000000001,4111.434416666667,3590.44515
2008-01-18,4170.01,4195.95,4213.71,4128.21,18647573.0,sse50,上证50,4272.2555,4203.2428,4183.967833333333,4118.861083333333,3600.03505
2008-01-21,4203.5,3975.71,4212.01,3960.43,20366003.0,sse50,上证50,4269.039,4204.3216,4177.494333333333,4124.3668333333335,3608.4062
2008-01-22,3880.41,3679.01,3891.26,3636.47,29040738.0,sse50,上证50,4248.9394999999995,4191.1268,4164.978166666667,4127.580416666667,3615.35995
2008-01-23,3712.85,3822.82,3824.52,3669.38,25765134.0,sse50,上证50,4231.458500000001,4188.994000000001,4153.239833333334,4131.439666666667,3622.76145
2008-01-24,3876.36,3818.33,3884.06,3750.15,25900145.0,sse50,上证50,4214.271,4187.7612,4140.339833333333,4134.993583333334,3630.0381999999995
2008-01-25,3814.98,3875.58,3913.74,3751.96,20343038.0,sse50,上证50,4199.272,4184.6624,4127.803166666667,4139.945583333333,3637.5528000000004
2008-01-28,3830.97,3597.26,3830.97,3589.79,19029167.0,sse50,上证50,4166.2075,4166.9511999999995,4110.9705,4141.90225,3643.5759000000003
2008-01-29,3609.11,3611.98,3685.49,3554.52,13199143.0,sse50,上证50,4135.4685,4148.1903999999995,4095.4508333333333,4142.667583333333,3649.6826
2008-01-30,3653.73,3541.08,3674.37,3459.87,16763307.0,sse50,上证50,4101.5380000000005,4122.936,4080.9526666666666,4142.218,3655.1733499999996
2008-01-31,3528.87,3497.92,3571.0,3485.26,15512390.0,sse50,上证50,4064.9129999999996,4096.3696,4066.8365,4141.2615,3660.29415
2008-02-01,3502.23,3500.05,3549.33,3376.61,17104802.0,sse50,上证50,4025.7810000000004,4069.3491999999997,4052.110166666667,4140.459583333333,3665.2520499999996
2008-02-04,3598.5,3796.13,3798.05,3598.5,22539548.0,sse50,上证50,3999.0740000000005,4050.8523999999998,4046.1295000000005,4141.2225,3671.5571999999997
2008-02-05,3783.8,3766.16,3817.61,3730.27,16928131.0,sse50,上证50,3969.477,4032.4284,4039.906,4141.707833333333,3677.7990499999996
2008-02-13,3697.53,3660.16,3712.67,3649.24,11043766.0,sse50,上证50,3932.189,4010.0471999999995,4032.453,4141.03775,3683.17315
2008-02-14,3699.3,3706.97,3737.76,3683.43,9409913.0,sse50,上证50,3895.9645000000005,3989.1092,4026.3808333333336,4140.3699166666665,3688.8229499999998
2008-02-15,3673.9,3646.18,3675.44,3593.17,12527166.0,sse50,上证50,3854.1989999999996,3963.6488,4016.3645,4139.094416666667,3694.26125
2008-02-18,3694.67,3709.07,3739.09,3661.42,14095291.0,sse50,上证50,3814.6955000000003,3938.8008,4008.1524999999997,4139.17875,3700.54385
2008-02-19,3722.94,3787.03,3787.22,3687.69,16964570.0,sse50,上证50,3782.006,3915.958,4002.3804999999998,4140.682916666667,3706.7415
2008-02-20,3792.29,3676.47,3805.39,3670.85,18958834.0,sse50,上证50,3752.1285000000003,3886.78,3995.5486666666666,4139.39475,3711.8667
2008-02-21,3653.81,3620.85,3663.16,3576.04,15704083.0,sse50,上证50,3724.2355,3854.3556,3986.9615,4137.038,3716.6749
2008-02-22,3597.71,3466.2,3597.71,3434.76,18817210.0,sse50,上证50,3687.7480000000005,3813.744,3976.985166666667,4133.00775,3720.6105000000007
2008-02-25,3460.86,3331.99,3472.09,3324.17,17294253.0,sse50,上证50,3655.5619999999994,3767.0580000000004,3967.585833333333,4127.329833333333,3723.7598000000003
2008-02-26,3430.37,3363.7,3445.83,3275.84,16916212.0,sse50,上证50,3639.7964999999995,3723.9732,3957.624666666666,4121.155166666666,3727.1718
2008-02-27,3384.55,3459.78,3484.74,3348.82,14467417.0,sse50,上证50,3621.6445,3691.4035999999996,3950.1133333333337,4115.530916666667,3730.6815500000002
2008-02-28,3467.03,3435.46,3473.64,3409.95,9404751.0,sse50,上证50,3602.501,3661.6736,3943.5421666666666,4109.59425,3733.70255
2008-02-29,3431.4,3470.6,3490.93,3418.93,8812858.0,sse50,上证50,3582.2520000000004,3632.6596000000004,3938.3141666666666,4104.51525,3736.7539999999995
2008-03-03,3449.75,3539.43,3556.83,3410.41,14225248.0,sse50,上证50,3579.3605,3615.2083999999995,3931.0428333333334,4099.74975,3740.02255
2008-03-04,3559.05,3424.79,3566.16,3416.4,18098440.0,sse50,上证50,3570.001,3605.0396,3923.4503333333337,4093.7049166666666,3742.8066500000004
2008-03-05,3415.73,3380.65,3446.03,3317.35,14711130.0,sse50,上证50,3561.9795,3587.3527999999997,3914.625666666667,4086.5383333333334,3745.2824000000005
2008-03-06,3398.42,3445.75,3504.83,3349.17,16386828.0,sse50,上证50,3559.371,3572.4495999999995,3906.0016666666666,4080.5291666666667,3748.6578500000005
2008-03-07,3399.51,3395.61,3444.28,3370.47,10114714.0,sse50,上证50,3554.149,3553.2508,3894.7481666666663,4074.2613333333334,3751.4933
2008-03-10,3366.97,3256.44,3366.97,3238.7,14449284.0,sse50,上证50,3527.1645000000003,3539.618,3881.1861666666664,4066.358333333333,3753.41155
2008-03-11,3233.45,3264.57,3267.13,3187.83,10525215.0,sse50,上证50,3502.085,3525.7216000000003,3866.8946666666666,4059.297,3755.4628000000002
2008-03-12,3343.41,3164.78,3355.98,3162.67,11533436.0,sse50,上证50,3477.3160000000003,3510.6696,3850.21,4050.89675,3756.9632
2008-03-13,3133.62,3111.84,3163.65,3047.9,16524786.0,sse50,上证50,3447.5595000000003,3495.2264,3832.7501666666667,4043.561833333333,3758.1090500000005
2008-03-14,3098.26,3084.45,3119.39,3028.33,11434828.0,sse50,上证50,3419.4729999999995,3478.6023999999998,3816.0978333333333,4035.6345833333335,3758.9316
2008-03-17,3065.43,2984.06,3075.74,2978.65,12307505.0,sse50,上证50,3383.2225,3446.1195999999995,3800.0198333333333,4025.97575,3759.3178500000004
2008-03-18,2961.06,2869.61,3021.42,2821.11,15874104.0,sse50,上证50,3337.3514999999998,3410.2575999999995,3781.0319999999997,4015.1760833333333,3758.9533500000002
2008-03-19,2925.25,2945.23,2992.71,2876.96,15924119.0,sse50,上证50,3300.7895,3381.6604,3765.5168333333336,4004.4036666666666,3758.6852000000003
2008-03-20,2904.84,3011.78,3050.09,2765.25,19033982.0,sse50,上证50,3270.3360000000002,3353.8528,3751.5606666666667,3994.462666666667,3758.4919
2008-03-21,3010.26,3021.58,3058.7,2975.7,16909738.0,sse50,上证50,3248.1050000000005,3328.8688,3736.0361666666663,3984.9625833333334,3759.3147999999997
2008-03-24,3056.43,2869.28,3063.89,2867.91,14695017.0,sse50,上证50,3224.9695,3295.2772000000004,3716.5235,3973.6864166666664,3758.95935
2008-03-25,2810.5,2884.62,2912.13,2781.82,14312606.0,sse50,上证50,3201.0155,3259.1808,3696.583833333333,3962.7495833333332,3758.8495000000003
2008-03-26,2904.34,2896.69,2965.26,2877.13,12257436.0,sse50,上证50,3172.861,3227.9896000000003,3675.3213333333338,3951.6240833333336,3759.8541499999997
2008-03-27,2837.09,2760.45,2861.23,2757.39,14980299.0,sse50,上证50,3139.1105000000002,3193.5735999999997,3651.960833333333,3939.6856666666667,3759.7631
2008-03-28,2736.59,2910.51,2922.08,2714.38,21924670.0,sse50,上证50,3111.1059999999998,3171.3459999999995,3630.8766666666666,3929.4372500000004,3760.40905
2008-03-31,2815.31,2823.98,2891.17,2804.43,13913193.0,sse50,上证50,3075.3335,3151.0256,3606.967166666667,3918.0610833333335,3760.24625
2008-04-01,2812.51,2713.49,2847.56,2683.5,16472967.0,sse50,上证50,3039.7685,3125.0172,3581.746,3904.778333333333,3759.5336000000007
2008-04-02,2757.53,2744.65,2842.65,2698.26,23878058.0,sse50,上证50,3007.9685,3096.4120000000003,3557.162,3890.9730833333333,3758.66535
2008-04-03,2719.9,2828.63,2833.8,2679.29,15758976.0,sse50,上证50,2977.1125,3072.1388,3533.7988333333333,3877.664166666667,3757.8940000000002
2008-04-07,2803.88,2954.23,2962.15,2778.41,19047037.0,sse50,上证50,2955.0435,3051.4840000000004,3511.657833333333,3865.233083333333,3757.4354500000004
2008-04-08,2956.51,2969.61,3011.42,2927.37,19730328.0,sse50,上证50,2940.702,3028.6912000000007,3488.9801666666667,3851.830833333333,3757.23265
2008-04-09,2938.49,2803.15,2966.89,2802.35,16207798.0,sse50,上证50,2917.6310000000003,3003.8256,3463.0643333333333,3837.034666666667,3756.0695
2008-04-10,2780.6,2840.55,2846.24,2751.58,11017523.0,sse50,上证50,2901.4195,2982.2216000000003,3436.9748333333337,3821.5866666666666,3754.6045999999997
2008-04-11,2882.38,2865.45,2900.54,2843.05,10426413.0,sse50,上证50,2889.1000000000004,2959.0096000000003,3410.874666666667,3806.0335,3753.2703500000002
2008-04-14,2805.21,2685.01,2815.33,2675.9,14651723.0,sse50,上证50,2869.1279999999997,2930.5856,3380.9333333333334,3789.3743333333337,3751.3996
2008-04-15,2672.37,2715.74,2716.94,2591.68,12232207.0,sse50,上证50,2855.7120000000004,2908.9576,3351.21,3774.4333333333334,3749.4287000000004
2008-04-16,2711.25,2654.9,2717.87,2644.44,10920290.0,sse50,上证50,2844.9764999999998,2884.5707999999995,3321.4446666666668,3759.1028333333334,3747.51565
2008-04-17,2650.12,2588.76,2705.51,2554.26,12001253.0,sse50,上证50,2827.153,2861.53,3293.3570000000004,3744.0902499999997,3745.748
2008-04-18,2565.79,2511.36,2593.56,2482.92,12310867.0,sse50,上证50,2802.132,2837.5108,3265.5678333333335,3727.7229166666666,3743.4736
2008-04-21,2707.6,2545.52,2707.6,2506.24,17693240.0,sse50,上证50,2778.329,2815.9536,3238.0606666666667,3711.0142499999997,3740.9145000000003
2008-04-22,2501.54,2595.69,2596.86,2451.61,13734814.0,sse50,上证50,2764.6495,2800.4188,3215.0603333333333,3696.277333333333,3739.0454999999997
2008-04-23,2561.95,2718.25,2730.93,2546.15,23333758.0,sse50,上证50,2756.331,2794.3644,3199.047666666667,3682.0129166666666,3738.0573500000005
2008-04-24,2948.97,2981.19,2987.52,2880.27,51622553.0,sse50,上证50,2760.556,2795.8027999999995,3185.0205,3669.130166666667,3738.4088500000003
2008-04-25,2983.37,2984.96,3075.83,2948.17,40764204.0,sse50,上证50,2771.7815,2794.73,3171.1310000000003,3655.735416666667,3738.5576
2008-04-28,2936.43,2918.61,2975.34,2911.04,22800948.0,sse50,上证50,2772.1865000000003,2790.6112,3155.1814999999997,3641.4923333333336,3738.7616500000004
2008-04-29,2896.5,2960.89,2973.1,2894.65,19455034.0,sse50,上证50,2779.032,2794.2756,3144.575333333333,3627.772916666667,3739.83625
2008-04-30,2981.78,3125.53,3135.72,2978.27,35869983.0,sse50,上证50,2799.634,2803.9120000000003,3136.4678333333336,3615.9593333333332,3741.1602
2008-05-05,3169.0,3169.08,3179.54,3112.02,26033441.0,sse50,上证50,2820.8555,2814.8076,3130.267833333333,3605.6102499999997,3742.3101
2008-05-06,3136.37,3128.81,3184.11,3089.01,24373993.0,sse50,上证50,2835.8645,2829.542,3124.1160000000004,3595.4762499999997,3743.2694500000002
2008-05-07,3108.09,2979.82,3158.45,2979.51,23005566.0,sse50,上证50,2837.144,2832.3144,3115.4455,3583.7778333333335,3743.4805500000007
2008-05-08,2940.34,3037.5,3038.77,2929.24,18512848.0,sse50,上证50,2840.5384999999997,2840.8551999999995,3102.8016666666663,3574.465583333333,3743.8202
2008-05-09,3065.59,2978.19,3071.79,2932.14,21887244.0,sse50,上证50,2849.2905,2851.4432,3089.6688333333336,3564.7874166666666,3743.85945
2008-05-12,2915.26,2991.32,3033.54,2884.58,16326627.0,sse50,上证50,2856.829,2861.31,3078.5215000000003,3555.48725,3744.4242500000005
2008-05-13,2898.01,2924.96,2985.46,2891.73,18299815.0,sse50,上证50,2859.8044999999997,2865.1632,3065.488,3545.9344166666665,3744.2665500000003
2008-05-14,2917.85,3027.38,3027.8,2917.85,18518867.0,sse50,上证50,2876.9230000000002,2868.0892,3055.174666666667,3535.7695833333332,3744.5089500000004
2008-05-15,3050.15,3005.65,3075.22,3004.78,17039767.0,sse50,上证50,2891.4184999999998,2869.5307999999995,3043.451,3525.80175,3744.6747000000005
2008-05-16,3008.21,3009.21,3036.0,2977.7,13624068.0,sse50,上证50,2909.1340000000005,2877.7732,3030.4873333333335,3516.433916666667,3744.2068
2008-05-19,2999.41,2978.66,3001.23,2945.39,9974490.0,sse50,上证50,2928.629,2883.2976,3018.8571666666667,3507.2029166666666,3742.9719
2008-05-20,2976.03,2835.83,3008.03,2829.19,14498774.0,sse50,上证50,2944.8525,2882.1128000000003,3005.7735000000002,3496.3675000000003,3741.01625
2008-05-21,2809.95,2892.09,2909.16,2752.15,16214227.0,sse50,上证50,2962.1809999999996,2890.396,2996.205,3486.595083333333,3738.95295
2008-05-22,2848.52,2841.15,2891.9,2829.28,14661807.0,sse50,上证50,2974.454,2895.4123999999997,2988.0243333333333,3477.805083333333,3736.5836
2008-05-23,2831.78,2838.05,2871.79,2805.69,13695179.0,sse50,上证50,2980.4440000000004,2902.7384,2979.2635000000005,3468.4440833333333,3734.30695
2008-05-26,2812.51,2745.09,2812.51,2742.32,9880808.0,sse50,上证50,2968.639,2908.9916,2967.352,3458.7326666666672,3731.23385
2008-05-27,2739.74,2754.12,2770.17,2726.86,8758208.0,sse50,上证50,2957.097,2918.702,2955.9963333333335,3449.76925,3728.04515
2008-05-28,2760.65,2836.26,2855.68,2741.55,11507552.0,sse50,上证50,2952.9795000000004,2930.3315999999995,2945.424,3441.8690833333335,3725.8197499999997
2008-05-29,2825.86,2765.95,2837.89,2764.79,11144168.0,sse50,上证50,2943.2325,2937.1420000000003,2932.5326666666665,3431.78775,3722.8372
2008-05-30,2774.08,2800.79,2813.93,2756.15,10787253.0,sse50,上证50,2926.9955,2940.4436000000005,2922.1326666666664,3422.7915000000003,3719.24045
2008-06-02,2792.24,2814.3,2832.97,2774.6,10814102.0,sse50,上证50,2909.2565,2933.768,2912.6935,3413.6595833333336,3715.3368000000005
2008-06-03,2809.44,2804.07,2834.5,2783.95,17756743.0,sse50,上证50,2893.0195,2926.5324,2901.998833333333,3404.00025,3711.29365
2008-06-04,2789.76,2736.83,2794.49,2715.58,12799370.0,sse50,上证50,2880.87,2919.2612,2891.019166666667,3392.883666666667,3706.9963999999995
2008-06-05,2722.25,2722.41,2742.89,2693.27,9623803.0,sse50,上证50,2865.1155000000003,2909.722,2882.1186666666667,3381.6524166666663,3702.08555
2008-06-06,2730.77,2701.79,2740.25,2687.22,8658505.0,sse50,上证50,2851.2955,2892.7724,2872.739,3369.816833333333,3697.0549
2008-06-10,2586.72,2480.76,2597.48,2464.44,16037721.0,sse50,上证50,2825.7675,2865.2395999999994,2861.338666666667,3355.7743333333333,3690.75585
2008-06-11,2451.38,2446.78,2476.46,2412.44,12353121.0,sse50,上证50,2801.8585000000003,2837.9584000000004,2850.2543333333333,3341.50225,3684.0542000000005
2008-06-12,2432.64,2387.76,2446.82,2344.49,13310837.0,sse50,上证50,2769.8774999999996,2814.2760000000003,2838.6428333333333,3327.3703333333333,3676.9968
2008-06-13,2389.14,2322.79,2410.54,2319.91,9903099.0,sse50,上证50,2735.7345,2785.6876,2827.6216666666664,3313.82075,3670.116
2008-06-16,2329.58,2323.69,2365.81,2279.89,11200880.0,sse50,上证50,2701.4584999999997,2759.5076,2818.523,3299.7774999999997,3663.7018000000007
2008-06-17,2325.26,2262.28,2343.76,2244.64,10716921.0,sse50,上证50,2665.6395,2730.3459999999995,2807.1405,3286.3286666666672,3655.8579499999996
2008-06-18,2244.1,2368.71,2383.27,2200.97,17793167.0,sse50,上证50,2642.2835,2708.0959999999995,2796.422666666667,3273.991666666667,3648.1832
2008-06-19,2348.98,2201.34,2348.98,2197.01,13927637.0,sse50,上证50,2607.746,2675.0544,2782.7520000000004,3259.3940833333336,3639.44075
2008-06-20,2227.36,2273.71,2343.35,2152.31,23589850.0,sse50,上证50,2579.3740000000003,2645.7768,2772.825833333334,3244.6746666666663,3630.7426
2008-06-23,2227.16,2220.08,2260.0,2203.81,10084574.0,sse50,上证50,2548.4755,2614.2116,2761.7501666666662,3229.167,3621.3197000000005
2008-06-24,2207.51,2256.12,2268.12,2197.81,12919811.0,sse50,上证50,2524.027,2585.3100000000004,2751.074,3213.1976666666665,3611.92685
2008-06-25,2250.0,2334.4,2339.31,2241.1,16518391.0,sse50,上证50,2503.041,2565.2528,2743.973166666667,3197.967,3602.8595499999997
2008-06-26,2332.45,2326.9,2357.45,2287.55,14513334.0,sse50,上证50,2477.573,2542.6452,2734.2463333333335,3182.5615000000003,3594.09365
2008-06-27,2255.16,2206.32,2259.97,2188.2,14706706.0,sse50,上证50,2449.5915,2517.252,2723.952,3165.459583333333,3584.5688
2008-06-30,2176.9,2175.61,2212.97,2146.45,9132973.0,sse50,上证50,2418.3325,2490.7544,2714.987333333333,3148.366666666667,3574.6960000000004
2008-07-01,2181.71,2081.05,2186.89,2075.01,11735954.0,sse50,上证50,2381.67,2464.1928,2703.9273333333335,3130.544666666667,3563.89805
2008-07-02,2082.59,2062.93,2109.45,2040.67,11003979.0,sse50,上证50,2344.6130000000003,2436.5452,2691.1656666666668,3112.48225,3553.37845
2008-07-03,2025.33,2088.97,2130.33,1992.35,16994888.0,sse50,上证50,2312.2200000000003,2406.6536,2676.744666666667,3094.2012499999996,3543.08455
2008-07-04,2087.25,2077.23,2107.0,2057.61,12423051.0,sse50,上证50,2279.9610000000002,2379.1048,2661.8716666666664,3075.425916666667,3532.4467
2008-07-07,2082.75,2190.3,2200.01,2081.84,20841215.0,sse50,上证50,2254.3864999999996,2354.6852000000003,2651.6575000000003,3057.3609166666665,3522.83855
2008-07-08,2204.49,2193.21,2235.88,2151.85,20197491.0,sse50,上证50,2240.0090000000005,2329.8416,2640.8684999999996,3038.9216666666666,3512.94055
2008-07-09,2219.43,2289.68,2295.21,2219.43,27646719.0,sse50,上证50,2232.1539999999995,2309.266,2631.2723333333333,3021.0735,3504.4288
2008-07-10,2253.42,2259.26,2319.01,2239.91,21925570.0,sse50,上证50,2225.7290000000003,2290.1632,2624.1765,3002.5549166666665,3495.5465000000004
2008-07-11,2252.52,2245.46,2267.93,2216.23,15411655.0,sse50,上证50,2221.8625,2271.0852,2616.3385,2983.77425,3486.0582
2008-07-14,2223.89,2259.16,2280.95,2216.14,11532158.0,sse50,上证50,2218.636,2253.38,2609.7428333333332,2965.59375,3476.5261499999997
2008-07-15,2266.97,2157.91,2274.02,2156.39,16621455.0,sse50,上证50,2213.4175,2240.466,2602.562,2947.9595,3466.1261000000004
2008-07-16,2133.96,2088.78,2139.64,2056.19,14026994.0,sse50,上证50,2199.421,2226.146,2595.519,2930.5434166666664,3455.5464999999995
2008-07-17,2127.99,2073.33,2142.79,2065.48,11479529.0,sse50,上证50,2193.0204999999996,2213.5688,2587.649166666667,2912.854916666666,3445.1052
2008-07-18,2100.47,2158.7,2160.11,2065.32,18056506.0,sse50,上证50,2187.27,2207.0052,2580.366,2897.713166666667,3434.7866
2008-07-21,2132.44,2228.45,2229.75,2127.08,18364215.0,sse50,上证50,2187.6884999999997,2203.1956,2572.2026666666666,2885.6251666666667,3424.9436499999997
2008-07-22,2219.74,2217.83,2236.06,2205.34,12976600.0,sse50,上证50,2185.7740000000003,2201.4175999999998,2559.48,2872.2502499999996,3414.8740500000004
2008-07-23,2237.39,2213.15,2256.52,2208.86,13412774.0,sse50,上证50,2179.7115000000003,2195.1952,2546.6164999999996,2858.8737499999997,3404.9745000000003
2008-07-24,2235.58,2299.57,2300.51,2233.64,19656241.0,sse50,上证50,2178.3450000000003,2199.1244,2536.2991666666667,2845.7403333333336,3395.77075
2008-07-25,2263.98,2265.68,2286.0,2246.86,14242995.0,sse50,上证50,2181.313,2198.8032000000003,2524.7123333333334,2834.6438333333335,3386.1535500000005
2008-07-28,2282.06,2278.23,2318.08,2269.64,15152283.0,sse50,上证50,2186.444,2201.1292000000003,2510.5906666666665,2823.52925,3376.0076
2008-07-29,2244.85,2232.79,2245.02,2213.42,12685780.0,sse50,上证50,2194.031,2200.196,2494.9858333333336,2812.6268333333337,3365.1651500000003
2008-07-30,2265.44,2219.24,2272.4,2207.04,10198695.0,sse50,上证50,2201.8465,2195.5896000000002,2479.826333333333,2801.971166666667,3354.1328500000004
2008-07-31,2227.24,2164.08,2231.49,2162.27,9490277.0,sse50,上证50,2205.602,2189.0768,2466.2306666666673,2790.8380833333335,3342.7234500000004
2008-08-01,2151.87,2205.69,2232.12,2127.36,12446471.0,sse50,上证50,2212.025,2189.0516000000002,2452.3671666666664,2777.5844166666666,3330.8625
2008-08-04,2185.16,2155.89,2201.28,2151.2,8289527.0,sse50,上证50,2210.3045,2188.2628,2438.662166666667,2764.1655,3318.7484999999997
2008-08-05,2169.14,2120.51,2175.34,2114.6,10224972.0,sse50,上证50,2206.6695,2189.8412,2424.148666666667,2751.335083333333,3305.8795
2008-08-06,2141.1,2150.0,2167.99,2117.41,10354051.0,sse50,上证50,2199.6855000000005,2193.324,2411.2326666666672,2738.360333333333,3292.9703499999996
2008-08-07,2145.11,2143.8,2170.81,2113.78,9007311.0,sse50,上证50,2193.9125,2195.5172000000002,2396.5063333333333,2725.8405,3280.2688
2008-08-08,2140.15,2056.92,2143.62,2044.81,11588235.0,sse50,上证50,2184.4855,2194.7048,2380.694166666667,2712.0725833333336,3268.0100999999995
2008-08-11,2049.46,1975.52,2069.79,1962.23,12873969.0,sse50,上证50,2170.3035,2186.1135999999997,2363.466,2696.976666666667,3255.4148999999998
2008-08-12,1959.56,1961.23,1990.13,1943.54,9083309.0,sse50,上证50,2160.4695,2176.8344,2346.5088333333333,2682.683,3243.2697
2008-08-13,1947.99,1949.36,1967.16,1900.56,10245681.0,sse50,上证50,2153.4985,2163.2216,2331.7343333333333,2668.753916666667,3230.6393000000007
2008-08-14,1937.34,1941.24,1956.69,1916.23,6842710.0,sse50,上证50,2146.8940000000002,2150.5008,2315.886833333333,2656.045916666667,3217.5927
2008-08-15,1941.38,1957.47,1980.13,1924.81,7459624.0,sse50,上证50,2136.8324999999995,2138.9812,2301.1588333333334,2644.591583333334,3205.55945
2008-08-18,1959.1,1860.0,1959.91,1859.69,8848651.0,sse50,上证50,2118.41,2123.0148,2284.8579999999997,2632.06075,3192.70955
2008-08-19,1840.25,1889.1,1898.94,1832.25,6834004.0,sse50,上证50,2101.9735,2112.2624,2270.5915,2618.9717499999997,3179.5194500000002
2008-08-20,1874.44,2042.94,2043.0,1861.16,17759432.0,sse50,上证50,2093.4629999999997,2110.4288,2258.7385,2607.367416666667,3166.7725
2008-08-21,2011.34,1975.89,2045.26,1973.17,13854141.0,sse50,上证50,2077.2789999999995,2106.5312,2244.399,2594.9115,3153.51305
2008-08-22,1954.42,1948.06,1971.5,1915.88,9282745.0,sse50,上证50,2061.398,2098.1056,2230.7675000000004,2581.6500833333334,3140.2172499999997
2008-08-25,1953.29,1954.85,1988.41,1929.15,7005206.0,sse50,上证50,2045.229,2087.1616,2216.6684999999998,2569.4005833333335,3127.2757
2008-08-26,1930.06,1919.98,1958.53,1900.59,8998136.0,sse50,上证50,2029.5884999999998,2075.2476,2201.7631666666666,2557.228333333333,3114.8207500000003
2008-08-27,1915.0,1921.88,1955.17,1898.22,9871792.0,sse50,上证50,2014.7205000000001,2063.5968,2187.06,2544.5294166666663,3102.7057
2008-08-28,1924.7,1938.76,1964.34,1920.68,8397830.0,sse50,上证50,2003.4545000000003,2049.1644,2173.7588333333333,2532.389,3090.48135
2008-08-29,1950.41,1975.45,1997.2,1939.68,11393955.0,sse50,上证50,1991.9424999999999,2037.5551999999998,2161.3095,2521.7140833333333,3079.58375
2008-09-01,1958.27,1905.9,1959.84,1895.5,8369653.0,sse50,上证50,1979.443,2022.6619999999998,2148.0446666666667,2510.3918333333336,3068.4154
2008-09-02,1893.01,1882.18,1901.94,1871.44,7435545.0,sse50,上证50,1967.5265000000004,2008.6375999999998,2138.068333333333,2499.7035000000005,3057.2896
2008-09-03,1880.29,1849.17,1894.46,1827.46,9067303.0,sse50,上证50,1952.485,1993.8347999999999,2128.1081666666664,2489.18125,3046.17895
2008-09-04,1842.21,1845.87,1859.5,1816.03,7416698.0,sse50,上证50,1937.5885000000003,1981.1064,2119.076666666667,2478.85975,3034.1725
2008-09-05,1799.4,1796.96,1822.27,1781.7,8110211.0,sse50,上证50,1924.5905000000002,1964.7572,2110.312833333333,2468.96725,3022.1483500000004
2008-09-08,1805.41,1770.37,1812.22,1764.28,8106161.0,sse50,上证50,1914.3329999999999,1949.3364000000001,2101.0908333333336,2459.806916666667,3010.33345
2008-09-09,1779.13,1780.73,1790.18,1758.55,6710993.0,sse50,上证50,1905.3080000000002,1935.7451999999998,2093.065,2450.10275,2998.8052000000002
2008-09-10,1769.88,1781.78,1815.8,1746.52,8432376.0,sse50,上证50,1896.929,1921.0164000000002,2083.282833333333,2439.85275,2987.0337
2008-09-11,1774.03,1709.8,1776.46,1705.58,9272230.0,sse50,上证50,1885.357,1903.6563999999998,2075.0905000000002,2428.92125,2975.2588
2008-09-12,1711.09,1711.96,1731.28,1699.46,7365343.0,sse50,上证50,1873.0815000000002,1889.858,2065.728,2419.2769166666667,2964.33885
2008-09-16,1673.79,1615.58,1673.79,1607.27,15938488.0,sse50,上证50,1860.8605000000002,1875.4604000000002,2055.653,2408.7015833333335,2952.6099
2008-09-17,1589.3,1532.96,1610.74,1528.43,17141767.0,sse50,上证50,1843.0535,1858.3296,2043.6003333333333,2397.3371666666667,2940.7224000000006
2008-09-18,1481.1,1508.52,1550.43,1433.44,23991334.0,sse50,上证50,1816.3325,1840.6960000000001,2029.8356666666666,2386.9044166666667,2929.1163499999993
2008-09-19,1649.19,1650.54,1650.54,1632.12,12951118.0,sse50,上证50,1800.065,1829.068,2018.5629999999999,2376.404666666667,2918.44765
2008-09-22,1785.32,1780.38,1801.17,1719.67,45337082.0,sse50,上证50,1791.6809999999998,1821.9844,2011.4640000000002,2367.708,2907.4709999999995
2008-09-23,1731.86,1726.13,1776.75,1718.76,44209341.0,sse50,上证50,1780.2450000000001,1816.6296,2003.9726666666668,2359.4800000000005,2896.69995
2008-09-24,1681.98,1736.12,1737.33,1660.46,23482333.0,sse50,上证50,1771.0520000000001,1810.5104000000001,1998.2238333333335,2351.0755833333333,2885.8298999999997
2008-09-25,1740.57,1808.81,1844.57,1736.64,34507434.0,sse50,上证50,1765.3985,1801.1452,1993.9885,2342.577083333333,2875.0580000000004
2008-09-26,1816.78,1811.34,1823.0,1770.68,25094732.0,sse50,上证50,1759.0274999999997,1794.5632,1989.3613333333333,2333.053,2863.7606
2008-10-06,1788.97,1712.71,1788.97,1712.51,18928593.0,sse50,上证50,1745.8905,1785.1492,1983.286,2322.5788333333335,2851.97335
2008-10-07,1639.14,1678.27,1713.19,1622.83,18977574.0,sse50,上证50,1734.509,1774.086,1974.7521666666664,2313.2048333333337,2839.7544
2008-10-08,1623.28,1600.5,1647.92,1579.6,17017467.0,sse50,上证50,1720.425,1761.3067999999998,1964.8736666666666,2302.8710833333334,2826.9276
2008-10-09,1629.27,1587.04,1631.45,1577.48,14492304.0,sse50,上证50,1707.3185,1747.9132,1953.163,2292.2176666666664,2814.06565
2008-10-10,1519.46,1528.14,1556.54,1497.34,18446431.0,sse50,上证50,1691.432,1731.4884,1940.9776666666667,2282.577083333333,2801.2884000000004
2008-10-13,1519.66,1613.84,1614.51,1488.34,20923459.0,sse50,上证50,1682.2760000000003,1717.0240000000003,1930.4506666666666,2273.3945833333332,2789.6139000000003
2008-10-14,1675.4,1564.73,1679.92,1564.17,24941913.0,sse50,上证50,1671.994,1703.3772,1918.8768333333333,2264.3098333333332,2777.39315
2008-10-15,1543.24,1548.52,1563.31,1529.71,13717655.0,sse50,上证50,1660.3835,1690.0308000000002,1908.7203333333334,2255.641166666667,2765.75505
2008-10-16,1478.45,1473.25,1509.74,1471.04,16383120.0,sse50,上证50,1644.9569999999999,1674.9940000000001,1898.4615000000001,2246.99025,2753.8755499999997
2008-10-17,1489.53,1480.16,1500.25,1462.93,11458374.0,sse50,上证50,1633.475,1660.3656,1888.5753333333334,2238.11225,2741.5111000000006
2008-10-20,1474.97,1531.69,1534.28,1452.85,12728742.0,sse50,上证50,1624.4615,1649.7548000000002,1878.125166666667,2229.245583333334,2728.96935
2008-10-21,1534.94,1514.13,1553.86,1512.87,14354825.0,sse50,上证50,1619.389,1639.5051999999998,1866.219833333333,2219.2112500000003,2716.135
2008-10-22,1491.92,1470.92,1516.93,1469.21,14484747.0,sse50,上证50,1616.287,1627.1127999999999,1853.7713333333334,2206.625666666667,2702.6274000000003
2008-10-23,1433.81,1459.2,1460.79,1416.29,16110223.0,sse50,上证50,1613.8210000000001,1614.2096,1841.2055,2193.911,2689.113
2008-10-24,1457.19,1408.13,1461.92,1401.68,15370911.0,sse50,上证50,1601.7005000000001,1602.1428,1826.3481666666667,2181.3236666666667,2675.27585
2008-10-27,1379.53,1305.71,1379.53,1303.73,14763794.0,sse50,上证50,1577.967,1585.8928,1810.3486666666665,2167.5305,2660.51165
2008-10-28,1274.8,1353.69,1364.37,1269.29,21497772.0,sse50,上证50,1559.345,1575.4172,1794.9396666666667,2152.7651666666666,2646.1463
2008-10-29,1364.08,1316.98,1377.57,1316.65,17355827.0,sse50,上证50,1538.388,1566.7780000000002,1779.6761666666666,2137.331,2631.63275
2008-10-30,1326.18,1358.89,1380.46,1305.54,19075009.0,sse50,上证50,1515.892,1560.7928,1765.337,2122.581666666667,2617.2751000000003
2008-10-31,1348.5,1327.71,1355.49,1320.93,12135676.0,sse50,上证50,1491.7105000000001,1547.8796000000002,1751.3975,2108.814083333333,2602.5002
2008-11-03,1312.79,1323.89,1351.85,1308.25,11280029.0,sse50,上证50,1472.2694999999999,1529.62,1736.7008333333333,2094.534,2587.4683
2008-11-04,1317.96,1313.02,1323.93,1290.81,10581106.0,sse50,上证50,1454.007,1513.0955999999999,1722.6529999999998,2080.657583333333,2572.2429
2008-11-05,1324.39,1370.76,1394.49,1324.39,20604252.0,sse50,上证50,1442.52,1498.4812,1710.1571666666669,2067.152916666667,2557.0671
2008-11-06,1332.73,1332.71,1344.29,1324.49,13226699.0,sse50,上证50,1429.8035,1479.4372,1696.5356666666667,2053.8841666666667,2541.57335
2008-11-07,1304.85,1363.46,1377.39,1301.04,13777054.0,sse50,上证50,1421.5695,1461.522,1683.53,2040.0181666666665,2525.9832
2008-11-10,1398.22,1469.62,1471.59,1398.22,28851782.0,sse50,上证50,1414.3585,1451.7984,1673.7416666666666,2027.2179166666667,2510.8356
2008-11-11,1460.64,1443.21,1478.14,1441.28,25282003.0,sse50,上证50,1408.2825,1442.396,1664.8698333333334,2014.1679166666668,2495.84755
2008-11-12,1424.96,1457.43,1468.21,1422.32,16250865.0,sse50,上证50,1403.728,1436.6732000000002,1656.4731666666667,2001.4910000000002,2481.7646000000004
2008-11-13,1434.85,1509.89,1527.32,1421.36,33485931.0,sse50,上证50,1405.56,1433.5872,1649.1486666666667,1990.4415,2468.4204999999997
2008-11-14,1524.93,1550.47,1553.43,1504.51,33610870.0,sse50,上证50,1409.0755000000001,1434.4804000000001,1642.6358333333333,1979.2613333333331,2455.1931
2008-11-17,1541.34,1572.9,1573.29,1529.89,31569353.0,sse50,上证50,1411.136,1432.8428,1636.2263333333333,1968.6925833333335,2443.17905
2008-11-18,1564.7,1459.11,1583.8,1452.17,37264689.0,sse50,上证50,1408.385,1428.6180000000002,1629.5448333333334,1957.2014166666668,2432.0795500000004
2008-11-19,1455.29,1543.77,1549.48,1441.2,32011408.0,sse50,上证50,1412.0275,1428.4279999999999,1623.7893333333334,1947.1904166666666,2420.6843
2008-11-20,1512.19,1511.8,1545.81,1496.12,28233137.0,sse50,上证50,1414.6575,1429.97,1614.9370000000001,1936.83775,2409.1516500000002
2008-11-21,1461.43,1501.09,1541.52,1432.75,30410418.0,sse50,上证50,1419.3055,1430.8072,1607.0236666666667,1925.7113333333334,2397.2792
2008-11-24,1493.43,1435.64,1499.21,1434.35,17639405.0,sse50,上证50,1425.8020000000001,1426.9651999999999,1598.4833333333333,1914.6254166666665,2386.4711
2008-11-25,1462.97,1435.36,1472.49,1412.66,14375849.0,sse50,上证50,1429.8854999999999,1423.8144,1589.8251666666665,1903.2468333333334,2375.5879999999997
2008-11-26,1434.15,1440.64,1456.77,1421.1,13869691.0,sse50,上证50,1436.0685,1422.6032,1581.8361666666667,1891.7996666666666,2365.0858000000003
2008-11-27,1527.79,1455.74,1536.61,1454.72,31494932.0,sse50,上证50,1440.911,1422.4648000000002,1574.0671666666667,1880.5635833333333,2354.8749
2008-11-28,1441.34,1411.17,1451.94,1399.36,19934857.0,sse50,上证50,1445.084,1422.5864000000001,1565.2740000000001,1869.5164166666666,2344.4305
2008-12-01,1407.44,1424.86,1426.42,1383.78,15386988.0,sse50,上证50,1450.1325000000002,1427.3524000000002,1556.0975,1858.7035,2332.57415
2008-12-02,1391.85,1419.49,1437.37,1386.81,19464636.0,sse50,上证50,1455.456,1429.9844,1547.9906666666668,1848.0176666666666,2320.8408
2008-12-03,1434.8,1486.89,1487.33,1432.89,30094366.0,sse50,上证50,1461.2625,1436.7807999999998,1541.4025000000001,1839.7354166666667,2309.97445
2008-12-04,1510.4,1521.6,1569.22,1510.4,43611947.0,sse50,上证50,1470.707,1443.2892,1535.943,1832.025583333333,2299.0476
2008-12-05,1510.07,1538.47,1539.2,1505.72,25253933.0,sse50,上证50,1479.4575,1451.7196,1530.8196666666665,1824.9481666666666,2288.50905
2008-12-08,1561.28,1602.75,1603.42,1553.34,41025706.0,sse50,上证50,1486.114,1462.874,1527.5828333333334,1818.9478333333332,2277.97745
2008-12-09,1609.41,1554.51,1609.68,1554.19,34186118.0,sse50,上证50,1491.679,1472.5336000000002,1523.9851666666666,1812.538,2266.8148499999998
2008-12-10,1546.99,1607.49,1607.8,1538.97,34329595.0,sse50,上证50,1499.182,1482.0028,1521.0978333333333,1807.0814166666667,2256.46995
2008-12-11,1594.66,1567.02,1612.33,1562.45,27172859.0,sse50,上证50,1502.0385,1491.3752000000002,1517.5185,1800.400666666667,2246.2008
2008-12-12,1551.03,1499.29,1559.53,1483.77,26635408.0,sse50,上证50,1499.4795,1496.8084,1514.0099999999998,1794.55025,2236.36625
2008-12-15,1524.14,1508.72,1536.17,1486.27,19513609.0,sse50,上证50,1496.2705,1498.3724,1510.6226666666666,1788.1753333333331,2227.2499
2008-12-16,1492.24,1512.08,1514.32,1462.7,18215622.0,sse50,上证50,1498.919,1501.1272,1508.8976666666667,1782.2753333333335,2217.9918000000002
2008-12-17,1518.17,1510.35,1532.64,1505.2,20962281.0,sse50,上证50,1497.248,1503.244,1508.5208333333333,1776.0605833333334,2208.24465
2008-12-18,1508.47,1552.75,1554.1,1493.4,21926881.0,sse50,上证50,1499.2954999999997,1504.9584,1509.258,1769.5468333333333,2198.8311
2008-12-19,1542.79,1554.11,1577.88,1538.8,24106302.0,sse50,上证50,1501.9465,1505.104,1507.6508333333334,1763.1069166666666,2189.24865
2008-12-22,1552.71,1522.44,1554.18,1508.38,18001027.0,sse50,上证50,1506.2865,1503.0855999999999,1503.3518333333334,1757.4079166666668,2179.1637
2008-12-23,1521.6,1451.76,1521.6,1451.34,22040964.0,sse50,上证50,1507.1065,1502.7916,1498.779,1751.3758333333333,2169.29855
2008-12-24,1434.59,1428.9,1451.63,1419.56,14746919.0,sse50,上证50,1506.5194999999999,1498.1968,1493.6586666666665,1745.94125,2159.5398
2008-12-25,1431.18,1415.83,1439.66,1401.28,13920728.0,sse50,上证50,1504.524,1494.358,1487.109,1740.5487499999997,2149.3902
2008-12-26,1414.92,1416.83,1431.36,1405.59,12129061.0,sse50,上证50,1504.807,1490.9876000000002,1480.5338333333334,1734.9475833333333,2139.4963000000002
2008-12-29,1409.73,1407.63,1414.36,1385.45,12260064.0,sse50,上证50,1503.9454999999998,1489.8672,1475.4491666666665,1729.3675833333334,2130.25225
2008-12-30,1407.06,1390.4,1419.89,1385.31,14713589.0,sse50,上证50,1502.491,1488.0688,1470.6513333333335,1722.70175,2120.8814
2008-12-31,1393.42,1384.91,1404.75,1382.07,13018634.0,sse50,上证50,1497.392,1485.8396000000002,1467.0581666666667,1715.9659166666668,2111.98205
2009-01-05,1411.08,1436.89,1437.06,1402.05,20985156.0,sse50,上证50,1493.1564999999998,1485.0855999999999,1464.5556666666666,1708.8593333333333,2103.6073
2009-01-06,1436.48,1482.28,1488.34,1430.7,30216439.0,sse50,上证50,1490.3470000000002,1487.93,1463.7913333333333,1702.3845,2095.59645
2009-01-07,1482.02,1468.46,1495.65,1468.18,23773359.0,sse50,上证50,1483.6325000000002,1489.674,1461.3683333333333,1695.9095000000002,2088.01845
2009-01-08,1439.32,1430.09,1440.11,1420.18,23259443.0,sse50,上证50,1477.4115,1490.098,1459.1243333333334,1689.0005833333335,2080.82085
2009-01-09,1428.24,1447.14,1452.37,1428.24,17500535.0,sse50,上证50,1469.394,1488.5080000000003,1457.4346666666668,1683.0774999999999,2073.3304
2009-01-12,1441.63,1441.73,1462.31,1433.87,18786988.0,sse50,上证50,1463.1295,1485.3132,1456.9093333333333,1677.6854166666667,2065.4801500000003
2009-01-13,1420.13,1414.08,1433.25,1412.93,18346407.0,sse50,上证50,1458.8690000000001,1480.3376,1455.808,1672.1916666666666,2057.44265
2009-01-14,1413.44,1476.71,1476.71,1413.44,23646540.0,sse50,上证50,1457.2685,1475.296,1454.8916666666667,1666.5084166666668,2050.4798
2009-01-15,1460.61,1469.2,1484.92,1452.39,31609587.0,sse50,上证50,1455.1245000000001,1471.8836,1454.1428333333336,1660.1813333333332,2043.4027
2009-01-16,1478.07,1502.0,1533.96,1478.07,43323922.0,sse50,上证50,1454.7069999999999,1467.664,1454.6608333333336,1654.2160833333332,2036.4292500000001
2009-01-19,1522.14,1529.58,1568.64,1517.98,38930551.0,sse50,上证50,1453.5484999999999,1466.1663999999998,1455.8338333333334,1648.5196666666668,2030.2749000000001
2009-01-20,1524.82,1539.37,1539.96,1508.67,22132412.0,sse50,上证50,1452.8115000000003,1467.7696000000003,1458.0211666666667,1642.1846666666668,2023.4192
2009-01-21,1513.19,1536.76,1560.91,1510.23,27092350.0,sse50,上证50,1453.5275,1468.8912,1461.8719999999998,1636.1103333333333,2016.9831
2009-01-22,1547.89,1547.59,1557.8,1525.01,22723643.0,sse50,上证50,1458.319,1470.3116,1465.1036666666666,1630.0216666666668,2011.1535999999999
2009-01-23,1542.93,1538.27,1553.61,1530.46,22755499.0,sse50,上证50,1463.7875,1471.4284,1468.7918333333332,1624.234,2005.1217000000001
2009-02-02,1553.34,1541.68,1556.6,1529.17,16442717.0,sse50,上证50,1470.0800000000002,1470.9856,1471.8383333333334,1618.5876666666666,1998.68695
2009-02-03,1542.43,1580.29,1580.71,1538.2,32066870.0,sse50,上证50,1478.253,1472.0328,1476.0479999999998,1613.7227500000001,1991.81725
2009-02-04,1588.61,1631.74,1632.24,1587.56,40219216.0,sse50,上证50,1489.4585000000002,1476.4047999999998,1481.1788333333332,1608.9398333333334,1985.1278999999997
2009-02-05,1630.26,1629.47,1677.87,1617.92,45554653.0,sse50,上证50,1501.412,1483.5131999999999,1486.4530000000002,1604.5529999999999,1979.2595000000001
2009-02-06,1634.6,1689.0,1691.49,1634.6,39969032.0,sse50,上证50,1516.6165,1493.9172,1491.757,1600.9570833333335,1973.5017500000001
2009-02-09,1715.15,1716.51,1735.62,1696.4,48250444.0,sse50,上证50,1530.5975,1505.9444,1498.1536666666666,1597.3446666666669,1967.7570500000002
2009-02-10,1710.12,1723.55,1726.44,1683.28,42982108.0,sse50,上证50,1542.6609999999998,1518.2132000000001,1504.1551666666667,1593.8425833333333,1962.94975
2009-02-11,1694.05,1728.94,1764.02,1682.84,59101428.0,sse50,上证50,1555.685,1531.0656,1508.4771666666668,1591.1094166666667,1958.01575
2009-02-12,1729.66,1699.35,1733.43,1661.95,45026717.0,sse50,上证50,1569.148,1543.4236,1512.7461666666668,1588.808,1953.2379999999998
2009-02-13,1700.58,1755.57,1758.61,1688.34,57672059.0,sse50,上证50,1584.5695,1558.25,1517.7151666666666,1587.0941666666668,1949.0720499999998
2009-02-16,1771.62,1817.06,1817.55,1768.83,64621118.0,sse50,上证50,1603.336,1573.4568,1522.8346666666666,1585.9916666666666,1945.6005499999999
2009-02-17,1815.57,1763.94,1829.48,1762.77,58692383.0,sse50,上证50,1620.829,1584.7232000000001,1526.3925000000002,1584.5141666666668,1941.69265
2009-02-18,1723.86,1675.86,1743.6,1672.33,45618607.0,sse50,上证50,1630.7865,1593.0191999999997,1528.1084999999998,1582.1674166666667,1937.0934999999997
2009-02-19,1688.82,1675.77,1703.1,1651.6,35002451.0,sse50,上证50,1641.1149999999998,1602.8464000000001,1531.7195,1580.6321666666668,1931.8810999999998
2009-02-20,1673.98,1695.26,1696.1,1651.4,32182627.0,sse50,上证50,1650.7779999999998,1612.7712,1534.2443333333333,1579.0168333333334,1925.4514500000002
2009-02-23,1680.82,1733.42,1740.78,1654.89,43389989.0,sse50,上证50,1660.97,1624.4388000000001,1537.9379999999999,1576.4375,1919.19375
2009-02-24,1703.48,1640.57,1721.36,1635.15,48648060.0,sse50,上证50,1666.03,1633.4984,1540.2626666666667,1573.643166666667,1912.80355
2009-02-25,1661.75,1662.26,1681.48,1596.61,42926334.0,sse50,上证50,1672.3049999999998,1640.9204,1544.0396666666668,1571.2615,1906.3104
2009-02-26,1651.77,1605.61,1688.22,1593.23,43721213.0,sse50,上证50,1675.2060000000001,1646.3768000000002,1546.8771666666667,1568.3511666666668,1898.7107999999998
2009-02-27,1592.39,1592.01,1621.11,1580.4,35963538.0,sse50,上证50,1677.893,1649.9772,1549.4,1565.6180833333333,1890.82545
2009-03-02,1586.56,1592.61,1605.54,1553.69,24298957.0,sse50,上证50,1680.4395,1652.4984,1551.6811666666665,1562.8741666666667,1883.14445
2009-03-03,1552.86,1563.97,1583.25,1544.62,24521155.0,sse50,上证50,1679.6235000000001,1653.4823999999999,1554.2278333333334,1559.7509166666669,1876.0652000000002
2009-03-04,1568.72,1671.57,1677.84,1568.72,50759727.0,sse50,上证50,1681.6150000000002,1658.8748,1558.3396666666667,1557.2185833333335,1869.2355500000003
2009-03-05,1691.25,1694.65,1718.57,1658.05,64211053.0,sse50,上证50,1684.8739999999998,1664.7572,1562.9256666666665,1555.4581666666668,1862.8178500000001
2009-03-06,1659.57,1676.79,1700.85,1656.61,36670057.0,sse50,上证50,1684.2634999999998,1670.2980000000002,1566.0906666666667,1553.7465833333335,1856.2452000000003
2009-03-09,1689.12,1620.13,1716.36,1619.79,39413377.0,sse50,上证50,1679.4445,1673.4360000000001,1567.7328333333332,1551.8379166666666,1849.7210499999999
2009-03-10,1601.65,1648.15,1649.13,1594.47,24170511.0,sse50,上证50,1675.6744999999999,1676.1504,1569.5608333333334,1550.19025,1842.8248999999998
2009-03-11,1685.14,1634.08,1687.62,1629.3,29196944.0,sse50,上证50,1670.9315,1676.2440000000001,1570.083,1548.8329166666667,1835.9670500000002
2009-03-12,1623.61,1628.34,1630.5,1590.24,21349867.0,sse50,上证50,1667.381,1676.1988000000001,1571.3135,1547.6493333333333,1829.0627
2009-03-13,1640.53,1626.02,1656.56,1622.51,21930750.0,sse50,上证50,1660.9035,1673.6796000000002,1571.6223333333335,1546.3600833333335,1822.2995
2009-03-16,1619.76,1656.18,1663.0,1604.09,21801172.0,sse50,上证50,1652.8595,1671.2664000000002,1573.1083333333333,1545.3134166666669,1816.40125
2009-03-17,1656.01,1705.51,1710.53,1651.69,38270556.0,sse50,上证50,1649.938,1670.5448,1576.5453333333332,1545.2776666666664,1810.4683499999999
2009-03-18,1714.99,1702.3,1727.51,1701.37,38995488.0,sse50,上证50,1651.2599999999998,1669.4792000000002,1579.7716666666668,1545.1971666666666,1804.7741
2009-03-19,1706.31,1733.8,1736.69,1697.37,37310617.0,sse50,上证50,1654.1614999999997,1670.8571999999997,1583.467,1546.1823333333334,1799.25285
2009-03-20,1737.53,1726.21,1744.62,1705.96,42913777.0,sse50,上证50,1655.709,1669.6828,1587.0646666666667,1547.79275,1794.15845
2009-03-23,1728.66,1767.05,1773.92,1723.28,42670979.0,sse50,上证50,1657.3905,1667.6824,1590.6363333333331,1549.9471666666666,1789.2231
2009-03-24,1802.16,1776.12,1807.41,1768.64,46013976.0,sse50,上证50,1664.1680000000001,1668.1696,1594.3365000000001,1550.9936666666665,1783.9224
2009-03-25,1764.03,1747.42,1793.92,1746.67,39095568.0,sse50,上证50,1668.4260000000002,1671.0320000000002,1598.0861666666667,1550.719,1778.82975
2009-03-26,1755.87,1811.87,1812.21,1744.15,51621531.0,sse50,上证50,1678.739,1676.476,1604.088,1551.4335,1773.88515
2009-03-27,1827.99,1825.63,1840.14,1812.63,60774371.0,sse50,上证50,1690.42,1681.6907999999999,1610.7001666666667,1552.1794166666666,1768.9418000000003
2009-03-30,1829.11,1817.41,1836.1,1807.93,40257216.0,sse50,上证50,1701.6600000000003,1685.0504,1617.393166666667,1552.2510833333333,1764.0085000000001
2009-03-31,1783.72,1830.28,1839.07,1772.27,38860536.0,sse50,上证50,1714.9755,1692.6388,1624.284,1552.4089166666668,1759.47575
2009-04-01,1839.41,1852.02,1865.48,1833.85,50101501.0,sse50,上证50,1723.998,1700.2291999999998,1631.6905,1553.5698333333335,1755.1238
2009-04-02,1859.88,1878.4,1899.23,1859.56,59334143.0,sse50,上证50,1733.1855,1711.1408,1639.8238333333334,1555.2375833333333,1751.00685
2009-04-03,1898.69,1892.73,1920.77,1877.47,57205050.0,sse50,上证50,1743.9825,1723.1696000000002,1648.2875,1557.6728333333335,1748.0666999999999
2009-04-07,1892.67,1894.12,1915.6,1869.48,39216362.0,sse50,上证50,1757.682,1735.23,1655.908,1560.2318333333335,1745.3034
2009-04-08,1883.14,1816.33,1892.41,1816.12,44829041.0,sse50,上证50,1766.091,1745.3244,1661.4755,1562.6334166666666,1742.44625
2009-04-09,1817.2,1847.17,1847.99,1803.06,31921132.0,sse50,上证50,1776.7454999999998,1752.3483999999999,1667.7873333333332,1564.5778333333333,1740.06815
2009-04-10,1867.5,1895.16,1895.56,1858.44,43691649.0,sse50,上证50,1790.0865000000001,1760.3688,1675.5384999999999,1567.3314166666669,1737.9255000000003
2009-04-13,1915.43,1939.56,1952.04,1911.8,60081527.0,sse50,上证50,1805.7634999999998,1770.8796,1683.7455,1570.5900833333333,1736.3119
2009-04-14,1936.0,1949.02,1955.89,1928.03,41127308.0,sse50,上证50,1820.4054999999996,1784.0351999999998,1692.2003333333334,1574.5548333333331,1734.21345
2009-04-15,1938.77,1943.35,1950.77,1905.1,45419024.0,sse50,上证50,1832.2975000000001,1795.8432,1701.0215,1578.41475,1732.9235
2009-04-16,1945.12,1943.21,1958.75,1907.43,45935586.0,sse50,上证50,1844.343,1808.2084,1708.7965,1581.8440833333332,1731.2709999999997
2009-04-17,1933.5,1920.31,1951.66,1908.08,36943114.0,sse50,上证50,1853.6685000000002,1819.8872000000001,1716.3149999999998,1585.2289166666667,1729.77215
2009-04-20,1916.0,1956.78,1958.33,1913.8,36088905.0,sse50,上证50,1865.1969999999997,1833.1175999999998,1723.8946666666666,1589.27775,1728.27545
2009-04-21,1926.47,1930.57,1945.93,1903.87,41172496.0,sse50,上证50,1873.373,1844.0931999999998,1730.5778333333333,1593.2058333333332,1726.2563
2009-04-22,1941.17,1874.75,1967.27,1867.42,52283536.0,sse50,上证50,1878.3044999999997,1850.8627999999999,1736.1675,1597.0943333333335,1723.9955499999999
2009-04-23,1859.12,1876.42,1882.71,1850.25,32601479.0,sse50,上证50,1884.7544999999998,1857.8276,1741.8285,1601.85025,1722.34605
2009-04-24,1886.15,1860.75,1888.1,1857.78,28122082.0,sse50,上证50,1887.1985,1862.9056,1747.0478333333333,1606.07575,1720.7717499999999
2009-04-27,1858.86,1827.47,1866.14,1815.82,31129341.0,sse50,上证50,1887.2904999999998,1866.9559999999997,1751.8678333333335,1610.3298333333335,1719.50385
2009-04-28,1810.24,1826.14,1837.48,1805.78,25549866.0,sse50,上证50,1887.7269999999996,1869.3195999999998,1756.6088333333332,1614.2235833333332,1718.3199
2009-04-29,1827.0,1901.07,1910.45,1822.93,38703263.0,sse50,上证50,1891.2664999999997,1874.3175999999999,1761.9551666666666,1619.0015833333334,1717.3803999999998
2009-04-30,1903.23,1895.7,1910.03,1884.53,36316856.0,sse50,上证50,1893.4505000000001,1880.2488,1766.3545000000001,1623.7666666666667,1716.47275
2009-05-04,1903.08,1957.94,1959.81,1900.04,47087603.0,sse50,上证50,1897.4275000000002,1886.0916,1771.8290000000002,1629.141,1715.31095
2009-05-05,1971.74,1960.98,1986.59,1952.09,42412005.0,sse50,上证50,1900.8399999999997,1891.5056,1776.362,1634.0594999999998,1714.1498
2009-05-06,1960.89,1980.2,1989.09,1951.76,44389521.0,sse50,上证50,1905.1440000000002,1898.0172,1780.7568333333334,1639.45525,1712.6024
2009-05-07,1992.35,1991.17,2015.9,1971.04,51996802.0,sse50,上证50,1913.886,1904.4528,1785.2171666666666,1644.6861666666666,1711.2619499999998
2009-05-08,1982.55,2022.95,2027.92,1973.47,46700700.0,sse50,上证50,1922.675,1911.29,1790.1173333333331,1649.29725,1710.1494
2009-05-11,2040.18,2000.78,2086.54,2000.53,59709601.0,sse50,上证50,1927.9559999999997,1916.1852,1795.1411666666665,1653.9436666666666,1708.8575
2009-05-12,1985.39,2035.98,2037.29,1980.09,39006261.0,sse50,上证50,1932.777,1921.9152,1799.8146666666667,1658.7649166666667,1708.24785
2009-05-13,2037.8,2053.8,2059.17,2019.12,48521109.0,sse50,上证50,1938.0160000000003,1928.3023999999998,1803.7603333333332,1663.2975000000001,1708.0729499999998
2009-05-14,2025.54,2021.56,2033.93,2002.54,34955309.0,sse50,上证50,1941.9265,1936.5116,1808.054,1667.22325,1707.8141
2009-05-15,2028.73,2022.3,2039.38,2010.14,23453653.0,sse50,上证50,1945.8809999999999,1943.5167999999999,1813.828,1670.9682499999997,1707.1320999999998
2009-05-18,2011.23,2029.06,2030.5,1985.68,33345920.0,sse50,上证50,1951.3185,1948.8728,1819.7161666666666,1675.7178333333334,1706.13515
2009-05-19,2051.57,2050.05,2059.15,2038.28,40869765.0,sse50,上证50,1955.982,1953.2923999999998,1825.6293333333333,1679.9368333333334,1705.29625
2009-05-20,2051.67,2019.41,2053.34,2018.9,35480795.0,sse50,上证50,1960.4240000000002,1956.1080000000002,1830.3958333333333,1684.1669166666666,1704.32755
2009-05-21,2004.77,1972.47,2016.31,1963.36,38030313.0,sse50,上证50,1965.3100000000002,1957.2728,1835.9275,1688.0950833333334,1702.69205
2009-05-22,1959.31,1967.66,1980.68,1951.75,23634838.0,sse50,上证50,1969.8719999999998,1958.2507999999998,1841.0175000000002,1692.5285833333335,1701.2019500000001
2009-05-25,1930.84,1970.98,1978.94,1927.03,27749361.0,sse50,上证50,1975.3835000000004,1960.2776000000001,1847.107,1696.9920833333333,1699.6656999999998
2009-05-26,1976.61,1945.5,1978.65,1945.02,23703008.0,sse50,上证50,1981.2850000000003,1959.8264000000001,1852.9985000000001,1701.1992500000001,1698.2292499999999
2009-05-27,1954.67,1991.29,2000.38,1949.87,32485704.0,sse50,上证50,1989.5425000000002,1962.2552000000003,1859.643166666667,1705.6621666666665,1697.0895
2009-06-01,2021.73,2076.88,2082.88,2021.73,57326142.0,sse50,上证50,1998.333,1970.3404,1868.1916666666666,1711.2097500000002,1696.6535000000001
2009-06-02,2091.72,2074.76,2101.84,2069.5,50817358.0,sse50,上证50,2007.286,1978.274,1874.9115,1716.6255833333335,1695.9988500000002
2009-06-03,2075.93,2149.58,2150.13,2075.93,53337541.0,sse50,上证50,2016.868,1989.8272000000004,1882.4936666666667,1722.7096666666666,1695.9672999999998
2009-06-04,2138.63,2174.01,2182.67,2131.42,62507756.0,sse50,上证50,2027.5194999999999,2003.6888000000001,1890.7806666666665,1728.4356666666667,1696.2348000000002
2009-06-05,2183.04,2160.42,2191.19,2159.77,44855357.0,sse50,上证50,2036.5305,2017.0600000000004,1899.7855000000002,1733.7591666666667,1696.2869
2009-06-08,2161.1,2186.47,2214.43,2143.42,47140019.0,sse50,上证50,2046.2954999999997,2028.476,1908.7575,1739.1591666666668,1696.50025
2009-06-09,2186.13,2197.15,2198.39,2145.16,44567885.0,sse50,上证50,2055.0055,2040.5339999999999,1918.1419999999998,1744.1125,1697.2014
2009-06-10,2201.84,2212.19,2224.63,2197.28,46412005.0,sse50,上证50,2065.576,2050.7039999999997,1927.8728333333333,1749.5931666666665,1698.3847499999997
2009-06-11,2207.2,2196.73,2227.66,2189.22,37014473.0,sse50,上证50,2073.6135000000004,2060.134,1937.3846666666664,1754.5035,1699.56225
2009-06-12,2192.1,2156.53,2212.66,2138.64,35187731.0,sse50,上证50,2078.75,2067.1872,1945.7238333333335,1759.4160833333333,1700.5981
2009-06-15,2164.45,2217.38,2219.49,2150.55,37723055.0,sse50,上证50,2088.541,2076.2356,1954.255,1765.4001666666668,1701.9788
2009-06-16,2193.35,2207.62,2228.36,2186.54,32881279.0,sse50,上证50,2097.8070000000002,2083.6224,1962.6770000000001,1771.2243333333333,1703.2295499999998
2009-06-17,2203.54,2236.08,2242.4,2173.77,31343182.0,sse50,上证50,2108.158,2093.0344,1971.0483333333332,1777.2576666666666,1705.10995
2009-06-18,2238.96,2283.53,2289.41,2237.24,44315445.0,sse50,上证50,2119.8320000000003,2102.9364,1980.337,1783.7008333333333,1707.0821000000003
2009-06-19,2287.04,2309.22,2316.37,2281.01,46699396.0,sse50,上证50,2134.3224999999998,2113.1531999999997,1989.3731666666667,1790.0047499999998,1708.4135
2009-06-22,2334.95,2320.75,2351.4,2313.96,46741452.0,sse50,上证50,2151.7365,2125.1207999999997,1998.4503333333332,1796.3934166666666,1710.1378
2009-06-23,2283.8,2331.5,2374.62,2279.12,55655927.0,sse50,上证50,2169.9285,2137.4888,2008.185,1803.1355833333332,1712.055
2009-06-24,2325.07,2336.08,2340.79,2301.93,49275206.0,sse50,上证50,2188.1835,2149.7696,2016.9218333333333,1810.5049166666665,1713.96115
2009-06-25,2337.17,2335.92,2356.57,2324.96,35044939.0,sse50,上证50,2207.7045,2161.2044,2025.4266666666665,1818.0634166666666,1716.0408499999999
2009-06-26,2341.7,2344.4,2354.16,2329.14,29498288.0,sse50,上证50,2225.3599999999997,2174.2039999999997,2034.2098333333333,1825.8015000000003,1718.15345
2009-06-29,2347.89,2391.07,2392.0,2341.77,34522278.0,sse50,上证50,2241.0695,2190.948,2043.5563333333332,1833.9201666666665,1720.415
2009-06-30,2400.2,2380.9,2404.19,2377.12,40176280.0,sse50,上证50,2256.3765,2207.4776,2052.371,1842.0307500000001,1722.44225
2009-07-01,2369.51,2440.9,2444.1,2367.34,42368225.0,sse50,上证50,2270.9425,2226.2744000000002,2061.746,1850.7849166666667,1725.11725
2009-07-02,2448.04,2481.07,2491.28,2447.94,50831774.0,sse50,上证50,2286.2955,2247.6972,2071.5516666666667,1859.9195833333333,1728.1117000000002
2009-07-03,2459.89,2508.28,2509.22,2454.92,43199209.0,sse50,上证50,2303.6884999999997,2268.3768,2081.7876666666666,1868.8478333333335,1731.40725
2009-07-06,2511.17,2549.49,2556.87,2511.17,58970811.0,sse50,上证50,2321.8395,2287.2812,2094.007,1877.74125,1734.92535
2009-07-07,2546.05,2516.99,2562.2,2507.72,57102005.0,sse50,上证50,2337.8315000000002,2304.9704,2105.170666666667,1886.4789999999998,1738.5255
2009-07-08,2487.67,2502.15,2519.54,2432.42,52535214.0,sse50,上证50,2352.3295,2319.0732000000003,2115.287166666667,1895.412833333333,1742.1844
2009-07-09,2495.7,2531.98,2532.56,2480.18,43084786.0,sse50,上证50,2369.092,2333.3920000000003,2125.1608333333334,1904.4531666666667,1745.94065
2009-07-10,2533.43,2519.08,2543.68,2504.66,39991938.0,sse50,上证50,2387.2195,2347.7384,2134.6618333333336,1913.4310833333334,1749.62715
2009-07-13,2500.65,2467.49,2507.21,2466.4,40230712.0,sse50,上证50,2399.725,2358.9792,2143.3975,1922.2095000000002,1753.4156
2009-07-14,2478.12,2548.77,2549.0,2478.12,43916394.0,sse50,上证50,2416.7825,2373.0440000000003,2153.490166666667,1931.1433333333332,1757.5996499999999
2009-07-15,2559.07,2576.78,2581.56,2558.31,52339528.0,sse50,上证50,2433.8175,2387.6276000000003,2164.4313333333334,1940.3731666666667,1762.40565
2009-07-16,2598.65,2598.07,2630.96,2575.39,53979182.0,sse50,上证50,2449.5445,2403.6812000000004,2175.1195000000002,1949.5070833333334,1767.7312
2009-07-17,2598.96,2604.35,2617.71,2579.58,44109795.0,sse50,上证50,2464.3010000000004,2421.594,2186.349166666667,1958.4635,1773.21035
2009-07-20,2615.3,2652.03,2658.63,2597.25,55726152.0,sse50,上证50,2480.8650000000002,2438.98,2199.3038333333334,1967.7356666666667,1778.2178
2009-07-21,2664.96,2622.71,2685.43,2618.36,54102023.0,sse50,上证50,2495.4255000000003,2455.5836,2211.7419999999997,1976.7852500000001,1782.42945
2009-07-22,2622.28,2677.15,2678.19,2621.74,49337589.0,sse50,上证50,2512.4790000000003,2473.2264,2225.3486666666668,1986.19825,1787.18455
2009-07-23,2681.4,2717.23,2720.63,2662.14,50498694.0,sse50,上证50,2531.5445000000004,2490.5744,2240.178,1996.0229166666666,1792.0901000000001
2009-07-24,2733.29,2743.02,2752.57,2684.92,57934237.0,sse50,上证50,2551.4755,2507.9264000000003,2255.4593333333337,2006.0340833333332,1796.7611499999998
2009-07-27,2753.68,2805.04,2805.76,2752.17,61151099.0,sse50,上证50,2572.174,2527.2980000000002,2270.5255,2016.2403333333334,1801.72965
2009-07-28,2803.64,2799.31,2807.71,2767.02,56407274.0,sse50,上证50,2593.0945,2546.0104,2285.5856666666664,2025.9700833333334,1807.1626500000002
2009-07-29,2788.67,2671.59,2829.8,2583.07,73214599.0,sse50,上证50,2604.629,2559.4308,2297.4798333333333,2034.6544166666667,1812.12925
2009-07-30,2702.46,2754.19,2771.36,2662.87,63312274.0,sse50,上证50,2618.285,2576.1616,2310.7,2043.531,1817.8977
2009-07-31,2782.87,2816.89,2818.55,2746.32,56765799.0,sse50,上证50,2633.7155,2595.0612,2324.6448333333333,2052.7008333333333,1824.0469500000002
2009-08-03,2832.82,2837.74,2840.16,2794.45,50234751.0,sse50,上证50,2648.128,2612.9280000000003,2338.754333333333,2061.9857500000003,1830.59495
2009-08-04,2849.41,2810.26,2849.41,2763.01,53554468.0,sse50,上证50,2662.7915000000003,2630.1023999999998,2351.876166666667,2070.9967500000002,1836.5770499999999
2009-08-05,2805.42,2761.96,2805.81,2734.38,57404986.0,sse50,上证50,2675.782,2642.9447999999998,2364.5625,2079.851833333333,1842.5632
2009-08-06,2737.52,2698.25,2755.6,2654.86,45879623.0,sse50,上证50,2684.0955000000004,2651.632,2375.6003333333333,2087.7075,1848.31185
2009-08-07,2694.95,2634.49,2718.88,2621.11,39044706.0,sse50,上证50,2689.866,2656.6803999999997,2385.2785000000003,2094.5194166666665,1854.11805
2009-08-10,2658.58,2611.99,2673.02,2572.5,35160497.0,sse50,上证50,2697.091,2659.1804,2395.119,2101.5865,1859.7772
2009-08-11,2622.94,2614.85,2627.73,2582.15,24135280.0,sse50,上证50,2700.395,2663.0948,2404.994833333333,2109.411416666667,1865.193
2009-08-12,2608.05,2493.48,2610.67,2489.93,38266113.0,sse50,上证50,2696.23,2662.748,2412.7351666666664,2116.2256666666667,1870.08975
2009-08-13,2493.23,2528.64,2535.37,2449.38,38164959.0,sse50,上证50,2692.7585,2662.6144,2420.711666666667,2123.1705,1875.3783500000002
2009-08-14,2520.86,2463.52,2532.41,2445.31,36173123.0,sse50,上证50,2685.7169999999996,2660.3920000000003,2428.1135,2129.2546666666667,1880.39995
2009-08-17,2418.32,2331.72,2453.71,2327.28,39833624.0,sse50,上证50,2669.7015,2654.9611999999997,2434.101,2135.0142499999997,1885.0179
2009-08-18,2313.16,2342.81,2354.88,2278.35,33019509.0,sse50,上证50,2655.7065000000002,2646.7227999999996,2440.3534999999997,2140.6855,1890.2033999999999
2009-08-19,2348.97,2230.72,2355.44,2206.6,34285055.0,sse50,上证50,2633.3849999999998,2632.8804,2444.6825,2145.89475,1894.5885499999997
2009-08-20,2240.1,2333.49,2334.37,2240.1,33147630.0,sse50,上证50,2614.198,2622.2971999999995,2451.149,2152.07375,1899.6710999999998
2009-08-21,2326.67,2367.57,2392.03,2309.54,36309228.0,sse50,上证50,2595.4255000000003,2612.826,2457.4203333333335,2158.53175,1904.7144999999998
2009-08-24,2384.34,2368.05,2388.07,2342.87,30612142.0,sse50,上证50,2573.576,2601.4668,2462.273166666667,2165.2324166666667,1909.9162
2009-08-25,2355.2,2259.55,2355.2,2194.0,39112583.0,sse50,上证50,2546.588,2586.9404,2465.353,2170.13225,1914.5945000000002
2009-08-26,2239.66,2292.49,2317.68,2225.81,30669727.0,sse50,上证50,2527.633,2571.554,2467.7348333333334,2175.11425,1919.4918499999999
2009-08-27,2277.38,2276.01,2316.24,2247.48,31730819.0,sse50,上证50,2503.724,2553.9051999999997,2469.4348333333332,2180.10775,1924.0181
2009-08-28,2273.65,2193.52,2287.53,2177.92,38396801.0,sse50,上证50,2472.5554999999995,2531.9251999999997,2469.9864999999995,2184.886,1928.32215
2009-08-31,2163.01,2046.59,2163.01,2043.36,36413592.0,sse50,上证50,2432.998,2501.5872,2467.655166666667,2188.2063333333335,1931.7377999999999
2009-09-01,2033.44,2076.68,2115.83,2033.44,30525899.0,sse50,上证50,2396.319,2472.6820000000002,2465.6473333333333,2191.8946666666666,1934.7730999999999
2009-09-02,2062.88,2123.5,2130.99,2053.6,26974638.0,sse50,上证50,2364.3959999999997,2450.7584,2464.1691666666666,2196.021,1938.17455
2009-09-03,2127.21,2230.52,2237.33,2119.46,39655072.0,sse50,上证50,2341.0094999999997,2429.8116,2464.7323333333334,2201.0584999999996,1942.04
2009-09-04,2232.02,2237.49,2262.54,2218.2,33607521.0,sse50,上证50,2321.1594999999998,2406.6355999999996,2466.0816666666665,2205.90275,1945.678
2009-09-07,2254.75,2253.8,2293.12,2237.86,32058148.0,sse50,上证50,2303.25,2383.278,2466.688666666667,2210.4718333333335,1949.19465
2009-09-08,2240.82,2294.89,2295.35,2211.44,31528261.0,sse50,上证50,2287.252,2362.6632,2468.1431666666667,2215.4100833333337,1952.8046
2009-09-09,2307.69,2305.0,2322.87,2271.9,32930988.0,sse50,上证50,2277.828,2344.3848,2469.291833333333,2220.1700833333334,1957.03405
2009-09-10,2295.8,2284.07,2311.36,2272.85,23698047.0,sse50,上证50,2265.5995,2327.8176,2469.3008333333332,2224.818916666666,1960.7355500000003
2009-09-11,2279.32,2356.98,2364.75,2279.32,34236824.0,sse50,上证50,2260.2725,2316.7172,2470.0968333333335,2229.735,1964.9614499999998
2009-09-14,2361.99,2384.62,2388.28,2351.42,30843071.0,sse50,上证50,2262.9175,2307.6223999999997,2471.161333333333,2234.8058333333333,1969.3791
2009-09-15,2387.4,2385.33,2405.6,2359.2,30514948.0,sse50,上证50,2265.0434999999998,2298.4416,2472.0584999999996,2240.1217500000002,1974.1275500000002
2009-09-16,2373.77,2336.62,2380.09,2312.56,31516071.0,sse50,上证50,2270.3385000000003,2292.1672,2472.0675,2244.494666666667,1978.6338500000002
2009-09-17,2354.92,2383.03,2389.34,2354.92,33435997.0,sse50,上证50,2272.8154999999997,2286.3428,2472.8526666666667,2249.139666666667,1983.3457999999998
2009-09-18,2386.08,2296.32,2389.74,2279.08,38456776.0,sse50,上证50,2269.2529999999997,2279.6548000000003,2472.0513333333333,2253.130583333333,1987.5487
2009-09-21,2271.08,2290.26,2292.72,2216.36,27336523.0,sse50,上证50,2265.3635000000004,2277.9964,2470.3711666666663,2256.9637500000003,1991.94415
2009-09-22,2280.21,2233.08,2307.73,2232.11,26704414.0,sse50,上证50,2264.04,2273.6072000000004,2467.9075000000003,2260.13925,1995.98525
2009-09-23,2236.3,2199.09,2258.25,2188.26,24393835.0,sse50,上证50,2259.37,2272.342,2463.8773333333334,2262.8116666666665,1999.8832499999999
2009-09-24,2187.61,2234.71,2262.28,2166.24,27458705.0,sse50,上证50,2257.305,2268.3907999999997,2459.771333333333,2265.6615,2003.6223499999999
2009-09-25,2217.04,2226.0,2244.04,2195.94,20140827.0,sse50,上证50,2258.929,2262.728,2455.0666666666666,2268.427166666667,2007.14435
2009-09-28,2230.92,2162.15,2242.33,2153.09,17055721.0,sse50,上证50,2264.707,2254.492,2448.611,2271.3089999999997,2010.2627500000003
2009-09-29,2165.95,2177.43,2194.14,2144.6,19869941.0,sse50,上证50,2269.7445,2251.2072,2442.9516666666664,2274.061166666667,2013.1361500000003
2009-09-30,2192.92,2198.41,2216.05,2182.48,19086101.0,sse50,上证50,2273.49,2247.444,2437.889333333333,2276.5882500000002,2016.35565
2009-10-09,2251.82,2308.68,2309.72,2246.28,24300822.0,sse50,上证50,2277.398,2248.7508,2434.1676666666667,2279.6642500000003,2019.8616
2009-10-12,2322.77,2293.82,2335.26,2293.06,24605274.0,sse50,上证50,2280.2145,2252.7628,2430.413333333333,2282.5375833333333,2023.4956
2009-10-13,2288.14,2331.64,2334.08,2285.9,19830698.0,sse50,上证50,2284.1065,2264.1648,2428.149166666667,2285.773333333333,2027.6573500000002
2009-10-14,2339.57,2352.24,2389.79,2334.34,32046336.0,sse50,上证50,2286.974,2275.1872,2424.8736666666664,2289.181916666667,2031.87495
2009-10-15,2379.33,2363.6,2402.35,2355.35,22071257.0,sse50,上证50,2289.904,2284.7912,2421.3206666666665,2292.8759999999997,2036.13255
2009-10-16,2371.23,2358.97,2384.41,2320.76,21036149.0,sse50,上证50,2293.6490000000003,2289.9292,2417.335666666667,2296.2275833333333,2040.37565
2009-10-19,2354.3,2413.01,2415.2,2344.4,27398680.0,sse50,上证50,2296.4505,2296.95,2414.1466666666665,2300.2479166666667,2044.67695
2009-10-20,2435.53,2455.18,2459.86,2430.35,35703031.0,sse50,上证50,2299.9785,2305.0052,2410.8658333333337,2305.0848333333333,2049.1823
2009-10-21,2454.21,2450.46,2483.16,2439.63,32454097.0,sse50,上证50,2303.2349999999997,2311.228,2407.9950000000003,2309.8684999999996,2053.8224
2009-10-22,2446.16,2428.97,2458.51,2426.55,21662269.0,sse50,上证50,2307.8525,2316.1868,2403.8586666666665,2314.603666666667,2058.70845
2009-10-23,2435.18,2481.54,2498.61,2435.18,33660701.0,sse50,上证50,2312.778,2324.0856,2399.9305000000004,2320.05425,2063.97165
2009-10-26,2488.61,2484.52,2499.16,2465.5,24174166.0,sse50,上证50,2322.188,2329.1872,2395.6221666666665,2325.54075,2069.3151000000003
2009-10-27,2463.25,2413.22,2467.64,2412.5,28510015.0,sse50,上证50,2328.336,2330.3312,2389.0918333333334,2329.8086666666663,2074.29705
2009-10-28,2406.41,2409.32,2424.81,2359.03,22919790.0,sse50,上证50,2337.148,2331.2908,2382.592,2334.0888333333332,2079.3055
2009-10-29,2359.88,2349.01,2378.96,2341.92,22491185.0,sse50,上证50,2344.644,2331.7864,2377.215666666666,2337.34775,2084.0985499999997
2009-10-30,2394.06,2376.03,2413.78,2371.31,21828075.0,sse50,上证50,2351.71,2331.5063999999998,2370.913,2340.8065,2089.05415
2009-11-02,2319.7,2461.62,2466.08,2313.79,31669839.0,sse50,上证50,2363.491,2338.1184,2364.9918333333335,2344.8183333333336,2094.1778
2009-11-03,2467.02,2487.73,2500.55,2461.49,26894795.0,sse50,上证50,2379.77,2346.0172000000002,2359.1583333333333,2348.9563333333335,2099.20505
2009-11-04,2491.56,2502.45,2519.94,2470.36,29621614.0,sse50,上证50,2396.0209999999997,2356.792,2354.0281666666665,2352.952166666667,2104.375
2009-11-05,2504.66,2505.14,2517.19,2485.93,28854284.0,sse50,上证50,2411.3575,2369.034,2349.7478333333333,2357.155166666667,2109.75025
2009-11-06,2528.46,2512.42,2536.55,2507.79,31962399.0,sse50,上证50,2421.5445,2380.1423999999997,2346.650666666667,2361.1255,2115.07665
2009-11-09,2515.84,2518.99,2520.22,2485.64,27862463.0,sse50,上证50,2432.8030000000003,2391.862,2344.7256666666663,2365.0020833333333,2120.4629499999996
2009-11-10,2537.05,2520.57,2549.64,2519.2,31043417.0,sse50,上证50,2442.2495000000004,2406.1988,2343.2019999999998,2369.1605,2125.9954000000002
2009-11-11,2518.73,2511.68,2526.39,2494.17,27297698.0,sse50,上证50,2450.2215,2419.5688,2341.4824999999996,2373.2386666666666,2131.17025
2009-11-12,2521.35,2508.5,2536.92,2499.71,29073556.0,sse50,上证50,2457.4665,2431.9724,2341.7328333333335,2377.234,2136.3667499999997
2009-11-13,2504.14,2523.99,2525.0,2471.88,34842825.0,sse50,上证50,2465.7174999999997,2440.5848,2341.6553333333336,2381.1835,2141.4766999999997
2009-11-16,2540.49,2601.51,2602.34,2540.49,47641486.0,sse50,上证50,2475.1425000000004,2452.8924,2343.9551666666666,2386.0343333333335,2146.8363499999996
2009-11-17,2614.12,2605.81,2627.93,2601.48,38215485.0,sse50,上证50,2482.674,2463.8592000000003,2348.523333333333,2391.312166666667,2152.16855
2009-11-18,2610.42,2605.84,2624.26,2595.57,33053506.0,sse50,上证50,2490.443,2474.0031999999997,2352.9071666666664,2396.6303333333335,2157.51395
2009-11-19,2612.3,2602.85,2626.23,2581.91,34696649.0,sse50,上证50,2499.137,2483.5732000000003,2359.1093333333333,2401.895916666667,2162.79025
2009-11-20,2592.86,2583.01,2604.69,2561.75,34037207.0,sse50,上证50,2504.2105,2492.5348,2363.2679999999996,2407.2085,2168.01395
2009-11-23,2586.83,2594.04,2594.95,2569.27,31381160.0,sse50,上证50,2509.6865,2499.776,2367.0425000000005,2412.2314166666665,2173.27575
2009-11-24,2605.57,2523.28,2615.25,2516.73,52455408.0,sse50,上证50,2515.1895,2502.5,2369.6296666666667,2415.9514166666672,2177.9907000000003
2009-11-25,2522.63,2566.21,2567.0,2487.97,46490478.0,sse50,上证50,2523.0340000000006,2507.13,2374.7406666666666,2420.0468333333333,2182.66305
2009-11-26,2567.81,2459.2,2573.9,2451.51,51071107.0,sse50,上证50,2528.5435,2508.3392000000003,2377.519166666667,2422.627,2186.8116999999997
2009-11-27,2433.84,2388.94,2448.93,2379.95,34128202.0,sse50,上证50,2529.1890000000003,2504.6352,2379.4013333333337,2424.418083333333,2190.3114
2009-11-30,2411.91,2467.48,2468.04,2405.6,33598836.0,sse50,上证50,2529.482,2503.9536,2383.9673333333335,2426.9769166666665,2194.06625
2009-12-01,2461.71,2491.9,2497.34,2437.97,41378385.0,sse50,上证50,2529.6904999999997,2507.1008,2391.3891666666664,2429.5221666666666,2197.908
2009-12-02,2505.34,2513.32,2527.1,2497.15,39727043.0,sse50,上证50,2530.234,2511.2608,2398.6665,2432.156916666667,2201.8298999999997
2009-12-03,2511.76,2497.27,2511.76,2473.06,33770129.0,sse50,上证50,2529.8405,2517.1911999999998,2404.8959999999997,2434.5325833333336,2205.8195
2009-12-04,2489.79,2587.15,2589.0,2474.74,65175951.0,sse50,上证50,2533.577,2525.636,2410.8398333333334,2437.7860833333334,2209.9773999999998
2009-12-07,2587.07,2594.97,2606.71,2573.54,40840312.0,sse50,上证50,2537.3759999999997,2530.97,2416.7978333333335,2441.43975,2213.86695
2009-12-08,2594.62,2552.67,2595.65,2530.12,33815888.0,sse50,上证50,2538.9809999999998,2533.5676,2421.779,2444.233833333333,2217.8106
2009-12-09,2517.44,2495.03,2531.76,2487.2,28762254.0,sse50,上证50,2538.1485000000002,2533.2708000000002,2425.114666666667,2446.6289166666666,2221.9064500000004
2009-12-10,2515.8,2509.75,2527.79,2486.69,23644050.0,sse50,上证50,2538.2110000000002,2533.4552000000003,2428.5271666666667,2448.9095,2226.0763500000003
2009-12-11,2516.84,2507.2,2539.59,2504.44,19854749.0,sse50,上证50,2537.3715,2533.2464,2432.246,2450.7734166666664,2230.13605
2009-12-14,2502.42,2553.81,2569.06,2451.98,39939976.0,sse50,上证50,2534.9865,2534.6391999999996,2435.5265,2452.8116666666665,2234.2380000000003
2009-12-15,2536.85,2524.86,2555.07,2519.81,28636975.0,sse50,上证50,2530.939,2534.8107999999997,2437.8638333333333,2454.5125833333336,2238.65945
2009-12-16,2511.35,2512.58,2551.02,2505.75,24901334.0,sse50,上证50,2526.2760000000003,2534.8468,2439.9846666666667,2456.021583333333,2242.91105
2009-12-17,2521.08,2464.8,2530.19,2461.28,29027653.0,sse50,上证50,2519.3735,2533.0988,2442.1209999999996,2457.0942500000006,2247.2070000000003
2009-12-18,2444.82,2424.69,2459.86,2414.17,30470451.0,sse50,上证50,2511.4575,2529.1268,2442.815333333333,2457.834,2251.3704000000002
2009-12-21,2417.99,2413.07,2430.79,2385.92,22722100.0,sse50,上证50,2502.409,2521.5892,2444.7611666666667,2458.40625,2255.4727000000003
2009-12-22,2416.9,2357.27,2419.64,2347.21,25224866.0,sse50,上证50,2494.1085000000003,2511.6476000000002,2445.8779999999997,2458.1245833333332,2259.4392
2009-12-23,2356.93,2370.08,2377.99,2342.75,22618998.0,sse50,上证50,2484.302,2502.2172,2448.161333333333,2458.034416666667,2262.9317499999997
2009-12-24,2376.3,2430.36,2435.18,2366.38,28603003.0,sse50,上证50,2482.8599999999997,2495.3176,2452.015833333333,2457.9465833333334,2266.6103
2009-12-25,2423.48,2406.6,2430.76,2402.62,18184389.0,sse50,上证50,2483.743,2488.2612000000004,2454.8806666666665,2457.326,2270.25935
2009-12-28,2412.67,2446.22,2463.3,2412.67,23613158.0,sse50,上证50,2482.68,2482.3484,2458.551,2456.8088333333335,2274.3898
2009-12-29,2448.32,2471.36,2472.24,2435.37,24068860.0,sse50,上证50,2481.653,2480.2716,2463.7045,2456.15775,2278.50585
2009-12-30,2476.37,2541.81,2547.39,2472.17,48124849.0,sse50,上证50,2483.0775000000003,2479.2956000000004,2469.7775000000006,2456.3645833333335,2283.0445
2009-12-31,2545.86,2553.8,2563.97,2535.69,33063231.0,sse50,上证50,2485.904,2483.0796,2475.7006666666666,2456.7949999999996,2287.6718
2010-01-04,2565.11,2514.65,2570.15,2514.24,27327443.0,sse50,上证50,2482.279,2488.1079999999997,2479.1335000000004,2456.6505833333335,2292.11495
2010-01-05,2526.29,2543.99,2560.67,2487.05,35377438.0,sse50,上证50,2479.73,2491.1684,2483.303,2456.8581666666664,2296.554
2010-01-06,2538.28,2514.01,2549.57,2513.37,29646151.0,sse50,上证50,2477.797,2492.0528,2486.3424999999997,2457.2458333333334,2300.5965
2010-01-07,2516.06,2463.76,2527.43,2450.4,32043185.0,sse50,上证50,2476.2335000000003,2490.0704,2488.2011666666667,2456.5374166666666,2304.4038
2010-01-08,2453.06,2466.17,2470.02,2432.01,22683410.0,sse50,上证50,2474.0544999999997,2488.8264,2489.910666666666,2455.6156666666666,2308.06565
2010-01-11,2584.53,2478.81,2584.53,2467.67,40841194.0,sse50,上证50,2472.6349999999998,2484.4928,2491.908,2454.621833333333,2311.82865
2010-01-12,2472.62,2508.04,2513.3,2435.16,38048146.0,sse50,上证50,2470.3465,2481.0156,2493.4918333333335,2453.81925,2315.5336
2010-01-13,2444.24,2399.64,2457.9,2396.47,49558854.0,sse50,上证50,2464.0855,2474.8944,2492.5661666666665,2451.716,2318.6512
2010-01-14,2412.63,2422.77,2428.71,2384.17,30562214.0,sse50,上证50,2459.5950000000003,2472.0040000000004,2492.1046666666666,2450.049833333333,2322.0279499999997
2010-01-15,2423.13,2427.81,2445.2,2402.9,25994928.0,sse50,上证50,2457.7455,2468.7264,2492.0853333333334,2447.972,2325.10765
2010-01-18,2414.89,2421.19,2421.89,2398.78,30936344.0,sse50,上证50,2457.5705000000003,2465.286,2491.0795,2445.5049999999997,2328.08545
2010-01-19,2424.47,2432.71,2450.28,2424.16,27829076.0,sse50,上证50,2458.5525000000002,2460.442,2490.216,2442.9190833333337,2331.16195
2010-01-20,2436.65,2359.49,2439.47,2356.16,34748485.0,sse50,上证50,2458.6634999999997,2453.8272,2489.3205000000003,2439.2061666666664,2333.808
2010-01-21,2362.6,2377.75,2391.51,2346.15,29196147.0,sse50,上证50,2459.047,2448.4339999999997,2488.7943333333333,2435.6931666666665,2336.43665
2010-01-22,2344.97,2380.05,2398.99,2317.48,40639272.0,sse50,上证50,2456.5315,2445.0440000000003,2489.311666666667,2433.2636666666667,2338.9449
2010-01-25,2355.36,2353.47,2389.63,2350.01,20749880.0,sse50,上证50,2453.875,2442.1952,2488.9356666666667,2429.9243333333334,2341.2486000000004
2010-01-26,2354.91,2311.45,2363.41,2296.88,24700383.0,sse50,上证50,2447.1365,2438.1304,2486.4328333333333,2425.7123333333334,2343.33525
2010-01-27,2313.01,2264.61,2319.99,2260.56,22280212.0,sse50,上证50,2436.799,2434.424,2482.7141666666666,2420.9362499999997,2345.57665
2010-01-28,2263.06,2252.61,2267.85,2235.6,19023456.0,sse50,上证50,2422.339,2429.7252000000003,2478.550166666667,2416.289166666667,2347.60385
2010-01-29,2241.12,2243.99,2276.77,2231.65,18626036.0,sse50,上证50,2406.8485,2422.2704,2474.197666666667,2411.97275,2349.348
2010-02-01,2238.62,2208.94,2238.9,2182.95,22082437.0,sse50,上证50,2391.563,2414.364,2469.139666666667,2407.8951666666667,2350.6949
2010-02-02,2223.6,2214.03,2261.63,2210.7,19640116.0,sse50,上证50,2375.065,2405.0764,2464.0570000000002,2404.391333333333,2352.0199500000003
2010-02-03,2226.8,2277.8,2278.48,2190.43,24836450.0,sse50,上证50,2363.2545,2397.3340000000003,2460.0108333333333,2401.606416666667,2353.6922
2010-02-04,2258.08,2261.36,2276.47,2247.64,17182667.0,sse50,上证50,2353.1345,2386.116,2455.8388333333337,2398.660666666667,2355.2829500000003
2010-02-05,2212.31,2219.6,2233.31,2204.93,18456182.0,sse50,上证50,2340.806,2372.748,2451.0238333333336,2396.378333333333,2356.7794
2010-02-08,2220.84,2211.14,2233.14,2201.8,12006796.0,sse50,上证50,2327.4225,2360.6076000000003,2445.8096666666665,2393.7325,2358.0512
2010-02-09,2210.33,2229.04,2234.53,2207.85,10541683.0,sse50,上证50,2313.4725000000003,2348.0096000000003,2439.6018333333336,2391.7785,2359.5435500000003
2010-02-10,2246.77,2259.99,2260.48,2239.18,12084848.0,sse50,上证50,2306.4900000000002,2337.8488,2433.838166666667,2391.18075,2361.46975
2010-02-11,2261.82,2265.14,2275.76,2254.98,12535479.0,sse50,上证50,2298.6085,2329.904,2428.1598333333336,2390.5335,2363.41335
2010-02-12,2275.59,2284.39,2286.68,2270.76,13026260.0,sse50,上证50,2291.4375,2322.6328,2422.8521666666666,2390.98075,2365.53155
2010-02-22,2282.09,2269.04,2291.78,2268.09,13688359.0,sse50,上证50,2283.83,2314.242,2417.6193333333335,2390.4436666666666,2367.7394
2010-02-23,2261.99,2227.95,2261.99,2202.21,15276395.0,sse50,上证50,2273.5919999999996,2303.0384,2411.517833333333,2389.2801666666664,2369.74845
2010-02-24,2211.39,2251.7,2252.65,2204.68,16815352.0,sse50,上证50,2268.2025000000003,2297.1208,2406.9914999999996,2388.3105833333334,2371.5016
2010-02-25,2254.8,2282.64,2286.92,2251.96,24186779.0,sse50,上证50,2263.447,2291.5156,2402.2653333333337,2388.503,2373.4363
2010-02-26,2278.43,2274.33,2288.6,2270.77,15274059.0,sse50,上证50,2258.1609999999996,2285.3763999999996,2399.1841666666664,2388.3516666666665,2375.01825
2010-03-01,2282.34,2311.08,2316.38,2281.7,19312675.0,sse50,上证50,2256.0415,2280.9719999999998,2397.8864999999996,2388.643916666667,2376.76875
2010-03-02,2312.49,2302.19,2320.31,2293.92,15212338.0,sse50,上证50,2255.5785,2275.7512,2395.1316666666667,2389.5495,2378.3786999999998
2010-03-03,2304.06,2311.84,2312.42,2287.04,15845846.0,sse50,上证50,2257.9399999999996,2273.8451999999997,2392.1306666666665,2391.759916666667,2379.98205
2010-03-04,2312.3,2261.93,2312.78,2259.18,19620716.0,sse50,上证50,2258.406,2269.2124,2387.9408333333336,2393.3036666666667,2381.17695
2010-03-05,2264.68,2267.94,2276.76,2258.96,13347537.0,sse50,上证50,2259.6035,2264.728,2384.118666666667,2394.5073333333335,2382.51275
2010-03-08,2272.61,2284.68,2290.09,2265.2,12375553.0,sse50,上证50,2263.3905,2261.9764,2379.0775,2394.958666666667,2383.75625
2010-03-09,2284.02,2302.39,2315.36,2266.82,18752094.0,sse50,上证50,2267.8085,2261.614,2374.2011666666663,2395.4995,2384.9992
2010-03-10,2301.71,2292.5,2318.31,2286.19,16264503.0,sse50,上证50,2268.5434999999998,2262.7296,2369.865,2395.822,2386.3539
2010-03-11,2296.93,2300.04,2316.38,2282.89,18310782.0,sse50,上证50,2270.4775,2264.6268,2366.615166666667,2395.8649166666664,2387.7426
2010-03-12,2300.61,2274.53,2306.99,2273.86,14256317.0,sse50,上证50,2273.2239999999997,2265.8484,2362.6948333333335,2395.6109999999994,2388.96995
2010-03-15,2274.71,2240.73,2276.45,2232.95,13912403.0,sse50,上证50,2274.7035,2267.12,2358.2536666666665,2395.2498333333338,2389.92335
2010-03-16,2239.43,2261.51,2262.01,2234.67,11551315.0,sse50,上证50,2276.3269999999998,2269.0191999999997,2353.3819999999996,2394.4542500000002,2391.13385
2010-03-17,2266.96,2307.08,2307.4,2260.1,17223846.0,sse50,上证50,2278.6814999999997,2270.1904,2349.7523333333334,2393.808083333333,2392.8069
2010-03-18,2307.26,2294.95,2318.05,2288.89,15810293.0,sse50,上证50,2280.172,2271.5339999999997,2346.1251666666667,2393.0549166666665,2394.44335
2010-03-19,2296.78,2310.55,2313.03,2282.38,15390760.0,sse50,上证50,2281.48,2275.172,2343.5543333333335,2392.8376666666663,2396.1412
2010-03-22,2314.44,2316.63,2330.67,2310.07,19207858.0,sse50,上证50,2283.8595,2279.3916,2341.7533333333336,2392.2843333333335,2397.99685
2010-03-23,2319.2,2292.0,2321.26,2290.43,16566254.0,sse50,上证50,2287.0620000000004,2281.91,2339.7355000000002,2392.2483333333334,2399.5004
2010-03-24,2298.88,2291.83,2313.43,2289.11,16356315.0,sse50,上证50,2289.0685,2283.1836,2338.6448333333333,2392.2614166666667,2400.5751499999997
2010-03-25,2286.61,2259.14,2286.61,2253.61,15898123.0,sse50,上证50,2287.8934999999997,2282.9436,2336.795833333333,2392.478583333333,2401.49705
2010-03-26,2257.4,2292.67,2302.51,2253.84,19775343.0,sse50,上证50,2288.8105000000005,2283.2748,2334.5009999999997,2393.2584166666666,2402.2125
2010-03-29,2309.92,2363.98,2368.7,2306.28,39014103.0,sse50,上证50,2291.4555,2287.0724,2333.7906666666668,2394.3356666666664,2403.16235
2010-03-30,2364.79,2368.51,2372.79,2355.32,18645035.0,sse50,上证50,2294.7715,2292.6948,2332.4955,2395.5232499999997,2404.2028
2010-03-31,2370.83,2350.82,2372.56,2345.85,20562426.0,sse50,上证50,2296.7205000000004,2296.6596,2330.4865,2397.0955000000004,2405.02455
2010-04-01,2353.0,2376.6,2381.39,2353.0,23382671.0,sse50,上证50,2302.454,2300.4179999999997,2327.7329999999997,2398.7552499999997,2405.9218
2010-04-02,2382.54,2379.19,2386.14,2370.66,22423640.0,sse50,上证50,2308.0165,2304.6124,2324.822833333333,2400.2617499999997,2406.7568
2010-04-06,2391.25,2378.58,2403.82,2367.1,21419648.0,sse50,上证50,2312.7115000000003,2307.3124000000003,2322.5550000000003,2400.84425,2407.66605
2010-04-07,2376.78,2362.28,2377.11,2349.5,17687715.0,sse50,上证50,2315.706,2309.716,2319.5265000000004,2401.4147500000004,2408.6948
2010-04-08,2358.18,2325.67,2358.18,2316.71,21266808.0,sse50,上证50,2317.3645,2310.2692,2316.3875,2401.365,2409.23625
2010-04-09,2327.26,2345.75,2346.39,2322.47,15695330.0,sse50,上证50,2319.65,2313.6220000000003,2314.4206666666664,2401.310916666667,2409.9269
2010-04-12,2350.12,2317.38,2353.79,2301.65,25569911.0,sse50,上证50,2321.7925,2315.5996,2311.9408333333336,2400.9257500000003,2410.3334
2010-04-13,2316.99,2364.84,2368.91,2315.28,29195775.0,sse50,上证50,2327.998,2318.806,2310.0413333333336,2400.9746666666665,2410.73995
2010-04-14,2367.0,2366.61,2371.07,2352.84,20661062.0,sse50,上证50,2333.253,2321.3748,2307.684166666667,2400.588,2411.0269
2010-04-15,2370.2,2366.57,2374.56,2343.24,21401638.0,sse50,上证50,2336.2275,2324.3376000000003,2307.133,2399.8495833333336,2411.256
2010-04-16,2361.34,2329.12,2361.34,2328.23,16691811.0,sse50,上证50,2337.936,2325.5008000000003,2305.572166666667,2398.838416666667,2411.2441
2010-04-19,2296.88,2210.82,2296.88,2208.77,36489587.0,sse50,上证50,2332.9495,2322.9524,2301.9556666666667,2397.0205,2410.6178
2010-04-20,2214.31,2204.81,2224.73,2180.4,23760792.0,sse50,上证50,2327.3585,2321.5156,2298.349333333333,2394.714416666667,2409.96225
2010-04-21,2207.5,2238.5,2239.29,2189.97,23823032.0,sse50,上证50,2324.6835,2320.5952,2295.1125,2392.6642500000003,2409.43275
2010-04-22,2224.33,2196.22,2224.33,2186.29,26808632.0,sse50,上证50,2319.9030000000002,2316.1608,2292.391333333333,2390.855916666667,2408.4585
2010-04-23,2195.41,2185.16,2208.8,2169.47,23238219.0,sse50,上证50,2316.204,2311.7692,2289.1814999999997,2388.9879166666665,2407.4798
2010-04-26,2190.1,2170.32,2197.59,2168.39,17957054.0,sse50,上证50,2310.0865,2306.16,2285.686,2387.498833333333,2406.1269
2010-04-27,2165.94,2131.84,2165.94,2103.42,26412155.0,sse50,上证50,2298.4795000000004,2298.7684,2281.9921666666664,2385.4639166666666,2404.38075
2010-04-28,2115.68,2126.53,2137.43,2103.72,16215434.0,sse50,上证50,2286.3805,2292.1496,2278.9101666666666,2382.6714999999995,2402.472
2010-04-29,2140.0,2124.39,2156.08,2123.86,16745069.0,sse50,上证50,2275.059,2285.452,2276.573166666667,2379.6436666666664,2400.3465
2010-04-30,2133.07,2149.45,2150.03,2114.12,21167687.0,sse50,上证50,2263.7015,2281.0644,2274.853833333333,2376.7019999999998,2398.5088
2010-05-04,2103.67,2109.81,2130.76,2096.12,15831379.0,sse50,上证50,2250.2325,2273.75,2272.6175,2373.407583333333,2396.5471
2010-05-05,2078.19,2110.04,2110.78,2051.19,24258194.0,sse50,上证50,2236.8055,2263.5924,2270.9691666666668,2370.0544166666664,2394.4374000000003
2010-05-06,2089.65,2007.01,2089.65,2005.06,22747337.0,sse50,上证50,2219.042,2249.1324,2267.5188333333335,2365.7879166666667,2391.87705
2010-05-07,1969.62,1980.17,2012.97,1956.83,25768834.0,sse50,上证50,2201.7670000000003,2234.3064,2262.5583333333334,2361.2845833333336,2389.44045
2010-05-10,1987.1,2007.52,2016.86,1968.0,19269364.0,sse50,上证50,2184.8555,2219.5432,2258.3276666666666,2357.08325,2386.7342
2010-05-11,2048.25,1967.66,2051.27,1957.76,24275437.0,sse50,上证50,2167.3695,2203.0820000000003,2254.128666666666,2352.57625,2383.6886
2010-05-12,1956.51,2001.13,2002.81,1943.52,23270242.0,sse50,上证50,2149.184,2187.984,2250.6285,2348.219083333334,2380.7039
2010-05-13,1999.11,2041.56,2044.83,1996.95,24686011.0,sse50,上证50,2132.9314999999997,2175.1551999999997,2247.503833333333,2343.5528333333336,2377.8899499999998
2010-05-14,2024.62,2019.73,2035.41,2012.49,15917537.0,sse50,上证50,2115.5895,2162.9176,2243.4995,2338.6688333333336,2374.72845
2010-05-17,1994.47,1927.69,1994.47,1924.04,21238602.0,sse50,上证50,2095.5179999999996,2146.1952,2237.875333333333,2333.0175833333333,2371.25335
2010-05-18,1928.99,1968.37,1977.14,1919.07,21972601.0,sse50,上证50,2083.3954999999996,2132.2348,2232.608333333333,2327.73025,2367.7094500000003
2010-05-19,1952.92,1956.22,1986.6,1932.83,18220323.0,sse50,上证50,2070.966,2115.89,2227.3946666666666,2322.5069999999996,2363.9044
2010-05-20,1939.5,1925.24,1971.26,1920.99,16142739.0,sse50,上证50,2055.303,2098.2352,2222.3495,2316.933666666667,2359.8155
2010-05-21,1879.26,1943.43,1944.7,1874.32,20986633.0,sse50,上证50,2042.6634999999999,2081.3096,2217.211666666667,2312.1015833333336,2355.50745
2010-05-24,1955.07,2007.76,2017.32,1955.07,29445827.0,sse50,上证50,2033.7935000000002,2068.4552,2212.6303333333335,2307.4478333333336,2351.5497
2010-05-25,1992.17,1958.46,1994.19,1950.64,20905385.0,sse50,上证50,2023.2005000000001,2058.3608,2207.3658333333337,2303.275,2347.98405
2010-05-26,1962.93,1957.94,1974.79,1948.4,13853299.0,sse50,上证50,2014.5055,2048.486,2201.4801666666667,2299.6833333333334,2344.0028
2010-05-27,1952.97,1982.95,1987.88,1927.67,18994763.0,sse50,上证50,2007.3265,2038.264,2196.1595,2295.6455833333334,2339.8331
2010-05-28,2001.19,1973.62,2005.4,1964.41,18592046.0,sse50,上证50,1999.788,2029.36,2190.5225,2291.3265833333335,2335.5125
2010-05-31,1961.7,1926.11,1975.59,1924.89,17579680.0,sse50,上证50,1988.6210000000003,2018.9980000000003,2184.9255,2286.4331666666667,2331.09175
2010-06-01,1916.62,1911.43,1938.18,1895.91,18327618.0,sse50,上证50,1978.702,2008.6424000000002,2178.9836666666665,2281.551166666666,2326.8391
2010-06-02,1897.58,1907.9,1908.54,1876.2,16811038.0,sse50,上证50,1968.5949999999998,1999.6847999999998,2172.7039999999997,2275.89075,2322.88735
2010-06-03,1915.15,1895.15,1927.4,1894.36,14826241.0,sse50,上证50,1963.002,1990.4296,2165.9166666666665,2270.058916666667,2319.19065
2010-06-04,1884.43,1894.45,1899.23,1877.7,12625098.0,sse50,上证50,1958.716,1981.2320000000002,2159.2825,2264.57375,2315.60295
2010-06-07,1863.67,1853.36,1873.27,1843.41,15654783.0,sse50,上证50,1951.0080000000003,1969.3884000000003,2151.8378333333335,2259.2264999999998,2311.7955
2010-06-08,1853.58,1845.13,1866.91,1829.44,13019611.0,sse50,上证50,1944.8815,1958.8011999999999,2144.6811666666667,2253.6880000000006,2308.55375
2010-06-09,1854.1,1906.9,1914.08,1829.55,24653626.0,sse50,上证50,1940.17,1950.6756,2139.117333333333,2248.6855,2305.44505
2010-06-10,1882.6,1873.82,1891.96,1871.99,14741799.0,sse50,上证50,1931.7830000000001,1945.3480000000002,2132.6558333333332,2243.018916666667,2302.49655
2010-06-11,1884.51,1883.2,1901.25,1880.63,13343454.0,sse50,上证50,1924.9564999999998,1941.4691999999998,2125.5911666666666,2237.67175,2300.25395
2010-06-17,1897.62,1882.13,1901.57,1881.67,10647994.0,sse50,上证50,1922.6785000000004,1936.4536,2118.7108333333335,2232.418,2297.95055
2010-06-18,1881.85,1870.87,1900.47,1865.33,14148447.0,sse50,上证50,1917.8035,1932.582,2111.3828333333336,2227.4685833333333,2296.1513
2010-06-21,1880.13,1933.62,1938.74,1873.69,24043239.0,sse50,上证50,1916.6735,1929.8816,2104.999333333333,2223.3763333333336,2294.15195
2010-06-22,1926.63,1930.0,1937.96,1920.52,13307347.0,sse50,上证50,1916.9115000000002,1925.4192,2098.966,2219.35075,2291.9641
2010-06-23,1921.4,1913.63,1933.36,1898.27,12421723.0,sse50,上证50,1915.4215,1921.1752,2092.6626666666666,2215.65375,2289.692
2010-06-24,1907.91,1914.65,1935.86,1902.05,10631076.0,sse50,上证50,1910.766,1920.6536,2086.9211666666665,2211.8585,2287.9675
2010-06-25,1905.81,1915.91,1927.23,1901.0,12540102.0,sse50,上证50,1908.6385000000002,1918.5552000000002,2080.641833333333,2207.5714166666667,2286.0846
2010-06-28,1915.3,1910.47,1931.51,1907.34,11154788.0,sse50,上证50,1906.2649999999999,1916.7251999999999,2073.0833333333335,2203.437,2284.2569
2010-06-29,1911.17,1833.04,1914.9,1832.25,20679335.0,sse50,上证50,1898.7694999999999,1913.0372,2064.1588333333334,2198.327166666667,2282.4545000000003
2010-06-30,1821.81,1819.11,1830.62,1810.58,14235271.0,sse50,上证50,1891.0439999999999,1908.0644,2055.297,2192.8917500000002,2281.3170999999998
2010-07-01,1814.57,1799.88,1826.52,1798.2,11908188.0,sse50,上证50,1884.7324999999996,1899.7491999999997,2045.6850000000002,2186.7090000000003,2279.9331
2010-07-02,1798.36,1812.58,1817.28,1771.49,18202857.0,sse50,上证50,1879.7899999999997,1893.914,2036.2415,2180.5321666666664,2278.3785000000003
2010-07-05,1795.48,1797.66,1811.33,1776.38,12620199.0,sse50,上证50,1874.2780000000002,1887.5028,2026.5595,2174.55725,2276.2142
2010-07-06,1793.25,1826.4,1826.62,1790.86,15911413.0,sse50,上证50,1870.8405000000002,1881.2408000000003,2017.6281666666666,2168.577333333333,2274.15875
2010-07-07,1822.33,1829.56,1829.81,1810.53,11516354.0,sse50,上证50,1867.596,1875.4784,2009.3596666666667,2162.873583333333,2272.03755
2010-07-08,1837.24,1828.13,1846.44,1822.32,11653019.0,sse50,上证50,1866.3344999999997,1871.5592,2000.7326666666668,2157.5766666666664,2269.70375
2010-07-09,1830.29,1870.3,1883.43,1815.58,20759794.0,sse50,上证50,1867.593,1869.914,1993.2813333333334,2152.6110833333337,2267.53025
2010-07-12,1868.42,1887.67,1897.63,1859.51,21151384.0,sse50,上证50,1866.6315,1869.1048,1985.3285,2147.6849166666666,2265.54825
2010-07-13,1867.31,1859.15,1869.04,1848.55,14869553.0,sse50,上证50,1865.898,1867.6648,1976.8708333333334,2142.2774999999997,2263.0591
2010-07-14,1863.75,1873.04,1893.68,1863.44,17639372.0,sse50,上证50,1865.39,1866.8084,1968.6453333333334,2137.889166666667,2260.5012
2010-07-15,1870.37,1840.67,1890.75,1839.97,14663864.0,sse50,上证50,1863.3169999999998,1866.3008,1960.5045,2133.0383333333334,2257.7779
2010-07-16,1834.0,1839.22,1844.4,1818.18,11699944.0,sse50,上证50,1861.7345,1866.0644,1954.3111666666666,2128.1334166666666,2255.2909
2010-07-19,1822.44,1878.53,1884.63,1818.52,17298344.0,sse50,上证50,1858.98,1864.9296,1948.8731666666667,2123.61125,2252.7684000000004
2010-07-20,1880.25,1909.97,1915.49,1880.24,25534642.0,sse50,上证50,1857.9785,1866.3756,1943.3976666666667,2119.2550833333335,2250.83665
2010-07-21,1912.2,1914.33,1925.48,1903.3,22598169.0,sse50,上证50,1858.0135000000002,1867.6208000000001,1938.6995,2115.545416666667,2248.9570000000003
2010-07-22,1906.93,1933.88,1936.23,1903.99,20474079.0,sse50,上证50,1858.975,1869.6907999999999,1934.5115,2111.8465,2247.4610000000002
2010-07-23,1937.37,1945.45,1956.42,1932.09,24244735.0,sse50,上证50,1860.4519999999998,1872.674,1930.7636666666665,2108.224833333333,2246.1928
2010-07-26,1948.63,1951.87,1955.67,1929.85,16492319.0,sse50,上证50,1862.5220000000002,1873.404,1927.7641666666668,2104.878166666667,2244.7786
2010-07-27,1945.04,1936.07,1947.41,1931.19,15153538.0,sse50,上证50,1867.6735,1873.6468,1924.5898333333332,2101.75,2243.32895
2010-07-28,1937.86,1983.63,1986.26,1929.8,29965625.0,sse50,上证50,1875.8995,1876.4468,1922.2438333333334,2099.4085,2242.43635
2010-07-29,1984.46,1993.87,2002.11,1979.04,39767298.0,sse50,上证50,1885.5990000000002,1879.6156,1919.6508333333334,2097.2523333333334,2241.51855
2010-07-30,1990.45,1986.76,1991.34,1972.57,22568681.0,sse50,上证50,1894.3080000000002,1882.4496,1917.6,2095.10875,2240.4603
2010-08-02,1984.12,2015.66,2019.25,1982.75,26278985.0,sse50,上证50,1905.2079999999999,1886.6572,1916.0269999999998,2093.4980833333334,2238.9952000000003
2010-08-03,2019.66,1978.41,2022.55,1978.07,28901221.0,sse50,上证50,1912.8084999999999,1892.4720000000002,1915.5503333333334,2091.534583333333,2237.41815
2010-08-04,1975.74,1981.53,1988.31,1948.91,24720109.0,sse50,上证50,1920.407,1898.9688,1915.5729999999999,2089.065666666667,2235.6676
2010-08-05,1980.78,1954.34,1980.78,1945.38,23856874.0,sse50,上证50,1926.7175000000002,1905.1471999999997,1914.686666666667,2086.5071666666668,2233.6781
2010-08-06,1953.06,1979.23,1980.85,1934.57,24000152.0,sse50,上证50,1932.164,1911.8132,1914.8795,2084.5040833333337,2231.75625
2010-08-09,1974.97,1988.02,1992.43,1968.2,25438240.0,sse50,上证50,1937.1815000000001,1919.4276,1914.661,2082.64475,2229.9015
2010-08-10,1989.55,1934.59,1991.9,1933.72,29379587.0,sse50,上证50,1940.9535,1923.7551999999998,1912.8781666666666,2080.191,2227.5094
2010-08-11,1930.36,1939.84,1950.79,1928.3,20605593.0,sse50,上证50,1944.2934999999998,1928.1663999999998,1911.5466666666666,2077.523083333333,2224.9327
2010-08-12,1924.72,1914.45,1941.68,1911.69,20849034.0,sse50,上证50,1947.9825,1931.6192,1911.326,2074.6006666666667,2222.25265
2010-08-13,1915.81,1930.67,1931.71,1902.63,22700824.0,sse50,上证50,1952.5549999999998,1934.0339999999999,1910.6976666666667,2071.653,2219.76115
2010-08-16,1926.39,1971.3,1974.72,1920.46,27933266.0,sse50,上证50,1957.1935,1937.3792,1910.949,2069.1718333333333,2217.2099500000004
2010-08-17,1974.69,1979.79,1984.49,1965.45,25405548.0,sse50,上证50,1960.6845,1942.2048000000002,1911.8581666666666,2067.1038333333336,2214.6863
2010-08-18,1982.29,1974.66,1997.45,1971.46,24911410.0,sse50,上证50,1963.7009999999998,1946.2695999999999,1912.3786666666667,2064.7951666666663,2212.4934999999996
2010-08-19,1979.22,1994.16,2005.3,1972.05,28625528.0,sse50,上证50,1966.7150000000001,1952.4092,1912.1519999999998,2062.391166666667,2210.4177
2010-08-20,1985.58,1967.06,1998.42,1964.0,25983198.0,sse50,上证50,1967.7955000000002,1957.5228,1912.2953333333332,2059.8305833333334,2208.50795
2010-08-23,1963.31,1962.78,1982.47,1957.8,15391575.0,sse50,上证50,1968.341,1960.8928,1912.376,2056.9280833333332,2206.4417
2010-08-24,1959.61,1960.06,1979.71,1938.68,19262214.0,sse50,上证50,1969.5404999999998,1962.8963999999999,1911.9945,2054.0769999999998,2203.9339
2010-08-25,1948.46,1915.0,1954.94,1914.76,22408604.0,sse50,上证50,1966.109,1962.9231999999997,1911.0174999999997,2050.77,2201.0702499999998
2010-08-26,1922.9,1914.64,1930.22,1907.46,14349990.0,sse50,上证50,1962.1474999999998,1962.1535999999999,1910.8263333333332,2047.8759166666669,2198.1312
2010-08-27,1914.22,1917.58,1919.07,1903.91,12438200.0,sse50,上证50,1958.6884999999997,1961.0388,1910.9288333333332,2044.95625,2195.1934
2010-08-30,1926.12,1942.56,1948.42,1922.92,21733148.0,sse50,上证50,1955.0335000000002,1960.6664,1911.5065000000002,2042.10525,2192.3441000000003
2010-08-31,1935.41,1923.91,1935.52,1916.72,20615551.0,sse50,上证50,1952.3084999999999,1960.18,1911.9858333333332,2038.9512499999998,2189.3687
2010-09-01,1927.72,1917.33,1949.93,1905.73,25068574.0,sse50,上证50,1949.0985,1957.5280000000002,1912.3671666666667,2035.8248333333333,2186.3525
2010-09-02,1941.09,1935.92,1945.51,1928.54,21665393.0,sse50,上证50,1948.1775000000002,1955.21,1913.7431666666666,2032.7904999999998,2183.4737
2010-09-03,1937.85,1929.19,1938.12,1913.41,23314743.0,sse50,上证50,1945.6755,1952.9072,1915.1441666666665,2029.9126666666666,2180.57715
2010-09-06,1938.54,1975.68,1977.66,1936.5,33440164.0,sse50,上证50,1945.0585000000003,1951.3080000000002,1916.2905,2027.7039166666666,2177.8356000000003
2010-09-07,1979.29,1973.14,1983.51,1962.79,22754795.0,sse50,上证50,1946.986,1951.0972,1917.9458333333334,2025.3008333333335,2174.69375
2010-09-08,1963.63,1956.33,1963.63,1946.04,25630141.0,sse50,上证50,1947.8105000000003,1950.0892000000001,1919.1646666666668,2022.3779166666668,2171.44635
2010-09-09,1957.96,1918.29,1957.96,1915.09,25681933.0,sse50,上证50,1948.0024999999998,1948.6471999999997,1919.7673333333332,2019.2390833333334,2168.0085999999997
2010-09-10,1920.09,1915.65,1926.82,1897.95,19363246.0,sse50,上证50,1947.2514999999999,1946.104,1920.5136666666665,2015.94825,2164.5726
2010-09-13,1914.38,1922.14,1936.08,1906.86,21881475.0,sse50,上证50,1944.7934999999998,1943.4688,1920.3223333333333,2012.6608333333331,2161.26825
2010-09-14,1928.09,1925.01,1939.82,1918.17,22286882.0,sse50,上证50,1942.0544999999997,1943.0855999999999,1920.2391666666667,2009.6025833333333,2157.9231000000004
2010-09-15,1926.5,1893.03,1926.5,1889.07,21820846.0,sse50,上证50,1937.973,1941.2132000000001,1919.8958333333333,2006.27925,2154.77185
2010-09-16,1890.26,1858.45,1895.13,1845.07,27213402.0,sse50,上证50,1931.1875,1938.9732000000001,1918.9591666666668,2002.9401666666668,2151.23305
2010-09-17,1864.72,1857.31,1869.01,1852.24,17299194.0,sse50,上证50,1925.7,1936.0388,1917.9824999999998,1999.3121666666666,2148.2236000000003
2010-09-20,1859.42,1860.85,1873.71,1844.16,15786515.0,sse50,上证50,1920.6035,1931.6208,1917.1555,1995.1194166666667,2145.58315
2010-09-21,1868.26,1864.41,1873.35,1858.75,10805762.0,sse50,上证50,1915.8210000000004,1927.0056,1917.6783333333335,1990.9185833333333,2142.5678
2010-09-27,1869.98,1881.55,1882.31,1863.43,17452466.0,sse50,上证50,1914.1485,1923.2812,1918.719,1987.008,2139.51605
2010-09-28,1876.49,1863.88,1876.53,1860.68,22617556.0,sse50,上证50,1911.6105000000002,1918.07,1919.7856666666667,1982.7353333333333,2136.26885
2010-09-29,1859.76,1868.75,1889.79,1859.14,23317897.0,sse50,上证50,1909.1690000000003,1914.1376,1920.7218333333333,1978.4816666666666,2133.12625
2010-09-30,1858.45,1913.11,1914.24,1856.82,27269776.0,sse50,上证50,1907.6965,1912.1508000000001,1922.646,1974.6027500000002,2129.75605
2010-10-08,1933.42,1990.01,1997.49,1932.6,40587646.0,sse50,上证50,1911.0014999999999,1913.3488,1925.3728333333333,1971.5004999999999,2126.73125
2010-10-11,2005.7,2066.95,2084.3,2005.7,67745275.0,sse50,上证50,1918.4825,1919.4268000000002,1929.3293333333336,1969.3445,2124.30265
2010-10-12,2058.09,2091.78,2094.74,2047.91,49720064.0,sse50,上证50,1926.2755000000002,1926.5123999999998,1933.7235,1967.2280833333332,2122.2864
2010-10-13,2093.46,2125.61,2126.52,2088.95,54515132.0,sse50,上证50,1936.0965,1934.8336000000002,1937.9786666666666,1965.63,2120.3657000000003
2010-10-14,2152.87,2160.84,2201.64,2152.87,87552222.0,sse50,上证50,1945.3545,1943.5647999999999,1942.5315,1963.93,2118.6339
2010-10-15,2148.92,2254.39,2255.57,2144.2,96786741.0,sse50,上证50,1959.417,1956.7839999999999,1949.1188333333334,1962.9948333333334,2117.1367999999998
2010-10-18,2270.41,2241.72,2321.69,2238.57,97337631.0,sse50,上证50,1973.6864999999998,1969.7595999999999,1955.2635,1961.9544166666667,2115.7210999999998
2010-10-19,2236.99,2278.35,2278.58,2219.61,52260311.0,sse50,上证50,1991.6895,1983.4568,1962.5581666666665,1961.5313333333334,2114.54995
2010-10-20,2240.74,2285.21,2320.81,2239.04,68126853.0,sse50,上证50,2010.1675,1997.6975999999997,1969.9913333333332,1962.15125,2113.652
2010-10-21,2287.37,2245.25,2290.77,2228.04,48696229.0,sse50,上证50,2026.3229999999999,2008.4803999999997,1976.1033333333332,1962.4882499999999,2112.7547999999997
2010-10-22,2234.37,2231.06,2255.69,2212.61,38968191.0,sse50,上证50,2041.6255,2018.7972,1981.4548333333332,1962.42625,2111.8447499999997
2010-10-25,2232.01,2294.45,2295.11,2206.87,50918144.0,sse50,上证50,2061.6965,2032.322,1987.7901666666664,1963.2448333333334,2111.53065
2010-10-26,2300.7,2272.21,2310.01,2255.13,54846276.0,sse50,上证50,2082.3844999999997,2046.4788,1993.429,1963.9702499999999,2111.0413
2010-10-27,2259.7,2225.37,2291.62,2222.1,42904188.0,sse50,上证50,2100.7875,2058.8676,1998.0943333333335,1964.4289999999999,2110.01635
2010-10-28,2216.27,2224.24,2237.68,2204.52,35011993.0,sse50,上证50,2118.957,2070.9516,2002.6338333333333,1965.199,2109.10455
2010-10-29,2226.72,2189.48,2228.12,2180.86,35928666.0,sse50,上证50,2135.2105,2081.5304,2006.8573333333334,1965.7235833333332,2107.82085
2010-11-01,2198.47,2238.47,2238.47,2198.47,42287250.0,sse50,上证50,2153.0565,2095.348,2011.1046666666666,1966.67425,2106.6564000000003
2010-11-02,2248.01,2231.7,2265.4,2205.95,52493870.0,sse50,上证50,2171.4474999999998,2110.278,2015.0685,1967.3596666666667,2105.1058500000004
2010-11-03,2232.32,2226.47,2258.46,2203.32,52267842.0,sse50,上证50,2189.3334999999997,2125.0444,2019.0636666666664,1968.3318333333334,2103.4692
2010-11-04,2230.84,2254.76,2259.24,2228.05,43384678.0,sse50,上证50,2206.4159999999997,2140.8008,2023.0486666666666,1969.537833333333,2102.16975
2010-11-05,2298.53,2279.0,2308.04,2263.27,53046661.0,sse50,上证50,2220.8655,2157.3844,2028.0584999999999,1971.8044166666666,2100.8448000000003
2010-11-08,2287.5,2289.96,2294.69,2270.25,41459774.0,sse50,上证50,2232.016,2173.7208,2033.199,1974.386,2099.7245500000004
2010-11-09,2290.75,2257.35,2290.75,2244.08,43644495.0,sse50,上证50,2240.2945,2189.4596,2038.249166666667,1976.467916666667,2098.6925
2010-11-10,2242.61,2226.16,2242.61,2210.3,42990710.0,sse50,上证50,2245.3219999999997,2203.756,2042.3646666666666,1978.6220833333332,2097.4924499999997
2010-11-11,2227.06,2252.28,2278.76,2218.57,52977511.0,sse50,上证50,2249.894,2217.3228,2046.7689999999998,1980.715,2096.3598
2010-11-12,2234.78,2130.58,2248.28,2126.78,63168884.0,sse50,上证50,2243.7035,2222.9456,2050.0355,1981.4568333333334,2094.4725
2010-11-15,2135.51,2126.7,2144.08,2086.19,44828125.0,sse50,上证50,2237.9525000000003,2225.3356,2053.1498333333334,1982.34825,2093.1078
2010-11-16,2120.95,2032.5,2120.95,2028.59,39717530.0,sse50,上证50,2225.6600000000003,2222.9644,2055.1173333333336,1983.2216666666668,2091.1564500000004
2010-11-17,2004.74,2013.61,2047.18,2001.39,31523321.0,sse50,上证50,2212.08,2218.4844,2056.4996666666666,1983.5986666666665,2089.08545
2010-11-18,2032.62,2037.46,2046.17,2010.35,25263442.0,sse50,上证50,2201.6905,2213.5492,2057.6023333333333,1984.2756666666667,2087.1668
2010-11-19,2048.43,2039.44,2049.36,1978.69,31195697.0,sse50,上证50,2192.1094999999996,2204.9512,2058.5965,1985.2273333333333,2085.20045
2010-11-22,2015.83,2019.67,2037.83,2010.07,26986956.0,sse50,上证50,2178.3705,2196.0692,2059.346666666667,1985.8626666666669,2083.50135
2010-11-23,2009.8,1981.26,2009.8,1957.08,26700644.0,sse50,上证50,2163.823,2184.1856,2059.1316666666667,1985.6418333333334,2081.5189
2010-11-24,1972.33,2014.16,2026.29,1972.33,28054803.0,sse50,上证50,2153.2625,2173.3436,2059.9166666666665,1986.106,2079.68945
2010-11-25,2024.25,2041.34,2042.02,1997.9,28895497.0,sse50,上证50,2144.1175,2165.1872,2061.226,1986.801,2078.1288
2010-11-26,2034.15,2018.4,2040.98,2008.6,21442050.0,sse50,上证50,2135.5634999999997,2156.6808,2062.1983333333333,1987.0964166666668,2076.66355
2010-11-29,2008.98,2011.9,2023.86,1997.33,18463577.0,sse50,上证50,2124.235,2145.3788,2063.8133333333335,1987.4154166666667,2075.4
2010-11-30,2010.07,1979.89,2021.27,1943.39,27781638.0,sse50,上证50,2111.6445,2133.686,2064.9008333333336,1987.863583333333,2074.0364
2010-12-01,1975.82,1984.31,1992.46,1968.32,15097741.0,sse50,上证50,2099.5364999999997,2124.0436,2066.013,1988.4709166666664,2072.738
2010-12-02,2016.16,1998.15,2019.87,1997.23,21974719.0,sse50,上证50,2086.706,2115.0,2066.9395,1989.2230000000002,2071.68405
2010-12-03,2003.91,2008.12,2014.91,1994.92,16202816.0,sse50,上证50,2073.1620000000003,2107.7456,2068.343,1990.1644166666667,2070.6544999999996
2010-12-06,2016.11,2032.03,2038.88,2011.27,22989175.0,sse50,上证50,2060.2655,2099.488,2070.2546666666667,1991.3109166666666,2069.42565
2010-12-07,2023.52,2046.72,2056.06,2000.19,22717462.0,sse50,上证50,2049.734,2092.0888,2072.1013333333335,1992.92225,2068.35245
2010-12-08,2040.02,2018.46,2050.75,2016.06,21999582.0,sse50,上证50,2039.3490000000002,2083.7684,2073.5891666666666,1994.3666666666666,2067.34675
2010-12-09,2007.77,1996.38,2026.28,1994.45,25003675.0,sse50,上证50,2026.554,2073.4332,2073.9341666666664,1995.1123333333335,2066.27295
2010-12-10,1988.07,2021.65,2026.64,1985.18,22109628.0,sse50,上证50,2021.1075,2063.1392,2074.7426666666665,1996.3442499999999,2065.236
2010-12-13,2027.45,2074.33,2074.58,2021.81,38802108.0,sse50,上证50,2018.489,2054.514,2076.7093333333332,1997.9370000000001,2064.3077
2010-12-14,2078.2,2069.92,2084.19,2064.18,30703315.0,sse50,上证50,2020.36,2047.0167999999999,2079.2365,1999.5019166666666,2063.3316
2010-12-15,2070.05,2054.02,2076.33,2052.27,25431755.0,sse50,上证50,2022.3805,2040.1312,2081.5426666666667,2001.0281666666665,2062.1797500000002
2010-12-16,2053.03,2036.55,2056.49,2032.81,21210969.0,sse50,上证50,2022.3349999999998,2031.5020000000002,2083.4495,2001.8859166666666,2061.0173
2010-12-17,2036.51,2032.14,2036.85,2023.89,15554315.0,sse50,上证50,2021.97,2027.5644,2085.2349999999997,2002.7370833333332,2060.03825
2010-12-20,2039.29,1999.53,2045.03,1969.98,23815164.0,sse50,上证50,2020.9629999999997,2022.4775999999997,2087.0099999999998,2003.4529166666664,2058.7774
2010-12-21,2004.18,2049.22,2052.55,1996.78,27631616.0,sse50,上证50,2024.361,2023.1463999999999,2090.1895,2004.5743333333332,2057.6103
2010-12-22,2051.8,2021.98,2057.98,2012.64,23683018.0,sse50,上证50,2024.752,2023.4812000000002,2092.934,2005.45825,2056.3485499999997
2010-12-23,2018.4,2017.67,2048.99,2008.05,23418816.0,sse50,上证50,2023.5685,2022.6896,2095.547666666667,2006.3515833333333,2054.8815000000004
2010-12-24,2003.82,2013.25,2025.04,1994.43,21113643.0,sse50,上证50,2023.3110000000001,2021.642,2098.028333333333,2007.8533333333335,2053.4368000000004
2010-12-27,2028.55,1977.69,2045.24,1974.28,27810872.0,sse50,上证50,2021.6005,2019.9628,2099.630666666667,2009.1748333333335,2051.76605
2010-12-28,1969.45,1950.33,1979.16,1949.0,21544082.0,sse50,上证50,2020.1225,2018.7256,2101.0715,2010.4285833333333,2050.2080499999997
2010-12-29,1954.47,1953.33,1960.15,1936.27,18613057.0,sse50,上证50,2018.5735,2016.2923999999998,2102.4811666666665,2011.6015,2048.635
2010-12-30,1954.09,1946.52,1957.64,1925.23,22791942.0,sse50,上证50,2015.9920000000002,2012.4996,2103.038,2012.842,2046.9442000000001
2010-12-31,1949.26,1977.37,1978.04,1946.34,25632224.0,sse50,上证50,2014.4544999999998,2010.8584,2102.827333333333,2014.1000833333335,2045.3191
2011-01-04,1994.36,2015.11,2021.93,1985.32,32892510.0,sse50,上证50,2013.6084999999998,2010.9868,2101.963333333333,2015.6463333333334,2043.9321499999999
2011-01-05,1999.18,1999.22,2011.51,1993.21,28873168.0,sse50,上证50,2011.2334999999998,2011.76,2100.4206666666664,2017.0720833333332,2042.42805
2011-01-06,1999.75,1984.28,2010.56,1978.82,20918601.0,sse50,上证50,2009.5245,2011.7588,2098.0651666666663,2018.0219166666664,2040.9768
2011-01-07,1983.24,2006.37,2035.88,1969.32,39593447.0,sse50,上证50,2010.0240000000001,2012.0876,2095.4906666666666,2019.0110833333335,2039.805
2011-01-10,2001.4,1975.74,2019.71,1973.8,27527538.0,sse50,上证50,2007.7285,2010.7923999999998,2090.8465,2019.9826666666668,2038.3761499999998
2011-01-11,1969.49,1999.76,2004.03,1968.22,25144175.0,sse50,上证50,2004.0,2009.5016,2086.813833333333,2021.0386666666668,2036.83955
2011-01-12,2006.05,2017.15,2021.37,1987.42,26308610.0,sse50,上证50,2001.3615000000002,2008.3188,2082.4605,2022.5093333333332,2035.4505500000002
2011-01-13,2024.71,2014.17,2026.15,2007.95,22306953.0,sse50,上证50,1999.3690000000001,2008.1472,2077.9431666666665,2023.96725,2033.9686499999998
2011-01-14,2005.31,1982.62,2006.65,1978.5,20533743.0,sse50,上证50,1996.6725,2007.5968,2073.566,2024.8346666666664,2032.2985999999999
2011-01-17,1968.95,1918.42,1978.14,1912.07,27484599.0,sse50,上证50,1990.9865000000002,2003.4676000000002,2068.3553333333334,2024.9050833333333,2030.4307
2011-01-18,1915.76,1923.69,1929.77,1905.46,16923493.0,sse50,上证50,1987.1945,1997.4419999999998,2062.176,2024.9830833333333,2028.59
2011-01-19,1923.54,1953.35,1954.29,1913.11,19264884.0,sse50,上证50,1982.4010000000003,1992.7792000000002,2056.8616666666667,2025.1453333333334,2027.06105
2011-01-20,1947.81,1895.0,1947.81,1894.38,21318548.0,sse50,上证50,1976.0520000000001,1986.4184000000002,2051.3555,2024.7249166666668,2025.0727000000002
2011-01-21,1890.76,1925.84,1959.97,1890.76,30299856.0,sse50,上证50,1971.4605,1981.99,2046.3821666666665,2024.508,2022.8819999999998
2011-01-24,1926.39,1911.75,1937.38,1905.7,25725740.0,sse50,上证50,1966.3854999999999,1977.1744,2041.7533333333333,2024.3053333333335,2020.5982000000001
2011-01-25,1910.23,1911.31,1921.54,1899.06,19698577.0,sse50,上证50,1963.0664999999997,1973.6456,2036.3006666666665,2023.7026666666668,2018.40065
2011-01-26,1912.35,1926.04,1929.32,1910.66,14640722.0,sse50,上证50,1961.852,1968.7184,2031.2063333333333,2023.137416666667,2016.14785
2011-01-27,1911.1,1949.37,1954.92,1899.9,30547123.0,sse50,上证50,1961.654,1965.8139999999999,2026.588,2022.8258333333333,2013.99875
2011-01-28,1944.4,1945.14,1952.84,1929.88,23760260.0,sse50,上证50,1961.5849999999998,1962.9128,2021.4276666666667,2022.2381666666665,2011.8315499999999
2011-01-31,1944.74,1964.11,1965.56,1941.08,22762216.0,sse50,上证50,1960.922,1960.9472,2016.1795,2022.119,2009.8407
2011-02-01,1968.71,1968.69,1972.99,1959.32,17292542.0,sse50,上证50,1958.601,1960.5871999999997,2010.825,2022.012,2008.0558
2011-02-09,1958.25,1943.0,1976.76,1940.38,19742396.0,sse50,上证50,1955.7900000000002,1960.2940000000003,2005.5858333333333,2021.9175,2006.0420500000002
2011-02-10,1939.72,1975.98,1977.01,1932.13,20046924.0,sse50,上证50,1955.375,1961.2,2001.4161666666666,2021.8904166666664,2004.3350500000001
2011-02-11,1972.44,1976.47,1982.39,1964.99,25333905.0,sse50,上证50,1953.8799999999999,1962.398,1996.8193333333334,2021.7941666666666,2002.3931999999998
2011-02-14,1976.28,2047.69,2053.02,1976.28,48887723.0,sse50,上证50,1957.4775000000002,1965.2108,1995.4378333333334,2022.7366666666667,2000.7985999999999
2011-02-15,2050.02,2042.64,2070.94,2040.91,42065145.0,sse50,上证50,1959.6215,1966.3120000000001,1994.036833333333,2023.5933333333335,1999.17895
2011-02-16,2038.4,2051.49,2051.82,2023.86,32817023.0,sse50,上证50,1961.3384999999998,1968.4028,1994.3533333333332,2024.7353333333333,1997.7907999999998
2011-02-17,2054.88,2046.98,2065.77,2035.37,28836922.0,sse50,上证50,1962.979,1970.9108,1994.9095000000002,2025.7045833333334,1996.9716
2011-02-18,2043.68,2030.32,2047.89,2025.34,23250147.0,sse50,上证50,1965.3640000000003,1971.8688,1994.7905,2026.1964166666667,1996.09915
2011-02-21,2019.56,2046.09,2046.74,2017.64,27144923.0,sse50,上证50,1971.7475,1974.6828,1994.9013333333335,2026.7489166666667,1995.1371
2011-02-22,2051.81,1991.01,2053.33,1989.73,38014085.0,sse50,上证50,1975.1135000000002,1974.3328,1994.4236666666666,2026.8851666666667,1994.1110500000002
2011-02-23,1984.12,1995.68,1998.09,1981.19,25538092.0,sse50,上证50,1977.23,1973.474,1994.6640000000002,2026.8978333333334,1993.16365
2011-02-24,1993.88,2002.83,2008.89,1985.8,23005708.0,sse50,上证50,1982.6214999999997,1973.0203999999999,1994.4751666666666,2027.1959166666668,1992.3262
2011-02-25,2003.4,2006.66,2019.45,1985.77,21377672.0,sse50,上证50,1986.6625,1973.9820000000002,1993.8971666666666,2027.5615833333334,1991.7003
2011-02-28,2009.09,2021.85,2023.89,1990.58,22939606.0,sse50,上证50,1992.1675,1978.1191999999999,1993.9546666666668,2028.0765000000001,1991.1769
2011-03-01,2022.72,2035.37,2048.98,2020.53,31027443.0,sse50,上证50,1998.3705000000002,1982.5864000000001,1994.3458333333333,2029.0795833333334,1990.7318000000002
2011-03-02,2024.23,2040.89,2050.16,2019.48,30908063.0,sse50,上证50,2004.113,1986.088,1995.3625,2030.1316666666667,1990.1889999999999
2011-03-03,2046.3,2051.65,2083.24,2042.15,49165831.0,sse50,上证50,2009.227,1992.354,1996.4848333333334,2031.248916666667,1989.8982
2011-03-04,2053.01,2080.14,2083.29,2049.74,32055863.0,sse50,上证50,2015.977,1998.526,1997.8513333333333,2032.3954166666665,1989.7486999999999
2011-03-07,2092.32,2123.28,2127.1,2092.32,45597237.0,sse50,上证50,2023.9355,2006.9872,1999.7706666666668,2034.0568333333333,1990.33005
2011-03-08,2123.75,2123.78,2135.85,2108.04,30339103.0,sse50,上证50,2031.69,2015.486,2001.2998333333335,2035.7772499999999,1991.0481
2011-03-09,2129.7,2120.21,2139.24,2113.53,26517957.0,sse50,上证50,2040.5505,2023.2528,2002.5246666666667,2037.3129999999999,1991.61155
2011-03-10,2114.49,2071.72,2114.49,2070.47,28888867.0,sse50,上证50,2045.3375,2028.1468,2003.4123333333332,2038.50075,1992.13185
2011-03-11,2061.77,2049.11,2075.38,2044.0,21199120.0,sse50,上证50,2048.9695,2032.3056,2004.2911666666666,2039.1126666666667,1992.3717499999998
2011-03-14,2045.67,2053.52,2056.91,2039.59,18541106.0,sse50,上证50,2049.2609999999995,2035.8819999999998,2004.8223333333333,2039.7825,1992.43155
2011-03-15,2045.42,2018.39,2045.42,1989.65,30865228.0,sse50,上证50,2048.0485,2037.8700000000003,2003.8899999999999,2040.2996666666666,1992.42485
2011-03-16,2021.2,2048.93,2053.4,2021.2,23318580.0,sse50,上证50,2047.9205000000002,2042.1071999999997,2003.5401666666667,2041.3883333333333,1993.03105
2011-03-17,2030.7,2023.05,2047.41,2016.11,25812505.0,sse50,上证50,2046.7240000000002,2043.99,2003.0240000000001,2042.2833333333333,1993.30445
2011-03-18,2043.25,2034.49,2048.36,2030.16,21058400.0,sse50,上证50,2046.9324999999997,2046.3108,2002.9896666666668,2043.2195833333333,1993.6958
2011-03-21,2040.1,2036.23,2051.27,2028.42,19841001.0,sse50,上证50,2046.4395,2045.8524,2003.0578333333333,2044.1464166666665,1994.25075
2011-03-22,2044.49,2054.75,2059.92,2022.68,21024725.0,sse50,上证50,2049.6265,2046.3368,2003.9781666666668,2045.4940833333333,1994.8073499999998
2011-03-23,2052.5,2074.81,2077.71,2048.35,24779272.0,sse50,上证50,2053.5829999999996,2047.2695999999999,2004.4046666666666,2047.2970833333334,1995.1426
2011-03-24,2077.84,2064.17,2080.63,2063.13,18927570.0,sse50,上证50,2056.65,2047.9571999999998,2005.1078333333332,2049.020916666667,1995.6711500000001
2011-03-25,2067.46,2096.29,2105.18,2066.91,32835684.0,sse50,上证50,2061.1315,2050.5959999999995,2006.4181666666666,2050.982916666667,1996.3629
2011-03-28,2105.09,2103.04,2126.53,2100.98,35247678.0,sse50,上证50,2065.191,2052.874,2007.9146666666666,2052.9715,1996.96335
2011-03-29,2105.21,2097.56,2130.06,2093.36,39787468.0,sse50,上证50,2068.3005000000003,2057.136,2009.9125,2054.7715833333336,1997.5830500000002
2011-03-30,2097.95,2101.44,2113.39,2085.08,29059561.0,sse50,上证50,2071.328,2061.3664,2012.431,2056.75125,1998.4596999999997
2011-03-31,2102.7,2083.75,2109.33,2076.54,22594957.0,sse50,上证50,2072.933,2064.6032,2014.6046666666666,2058.5429166666668,1999.3212999999998
2011-04-01,2086.98,2126.45,2126.83,2085.86,24984207.0,sse50,上证50,2075.2485,2069.3948,2017.6035000000002,2060.32075,2000.41405
2011-04-06,2130.08,2175.78,2180.98,2130.08,52801484.0,sse50,上证50,2077.8735,2075.552,2020.9103333333335,2061.8688333333334,2001.8172
2011-04-07,2178.56,2174.4,2185.26,2165.82,34750743.0,sse50,上证50,2080.4045,2081.1132000000002,2023.5651666666668,2062.7642499999997,2003.2169499999998
2011-04-08,2172.26,2185.32,2187.55,2167.69,27381492.0,sse50,上证50,2083.6600000000003,2086.8904,2026.6668333333334,2063.54375,2004.87675
2011-04-11,2191.93,2175.96,2212.45,2174.44,40760983.0,sse50,上证50,2088.8720000000003,2091.8628,2029.8615,2063.963333333333,2006.5309
2011-04-12,2167.72,2165.83,2182.06,2153.4,33721693.0,sse50,上证50,2094.708,2095.2904,2032.5191666666665,2064.0049166666668,2007.8255500000002
2011-04-13,2153.93,2199.23,2199.23,2146.07,31106267.0,sse50,上证50,2101.9935,2098.3284,2036.244,2063.54525,2009.4526
2011-04-14,2200.4,2190.15,2209.29,2186.2,35239345.0,sse50,上证50,2110.5815,2100.9832,2039.4171666666666,2063.1155000000003,2010.98735
2011-04-15,2183.45,2201.09,2214.84,2176.99,28804443.0,sse50,上证50,2118.1894999999995,2104.2183999999997,2042.4828333333332,2062.471666666667,2012.58215
2011-04-18,2192.29,2201.37,2214.52,2186.55,30167247.0,sse50,上证50,2127.1055,2109.4044,2045.6028333333334,2061.773,2014.2346499999999
2011-04-19,2186.18,2151.96,2186.18,2151.8,26223312.0,sse50,上证50,2132.9790000000003,2113.5184,2048.425166666667,2060.9955833333333,2015.32635
2011-04-20,2156.08,2144.27,2162.11,2134.84,24734854.0,sse50,上证50,2138.3810000000003,2117.1484,2052.1893333333333,2060.2723333333333,2016.3977000000002
2011-04-21,2158.22,2160.7,2173.17,2149.91,23165389.0,sse50,上证50,2143.6785,2122.8408,2056.1395,2059.15775,2017.63305
2011-04-22,2161.22,2151.67,2169.49,2145.39,21641855.0,sse50,上证50,2147.5215,2126.9503999999997,2059.4448333333335,2058.1532500000003,2018.81815
2011-04-25,2147.59,2127.46,2149.05,2122.88,24263882.0,sse50,上证50,2150.6859999999997,2131.1268,2063.3191666666667,2057.3373333333334,2019.8759
2011-04-26,2123.06,2118.33,2134.94,2111.58,20963315.0,sse50,上证50,2151.788,2134.4804,2066.5273333333334,2056.45475,2020.9152
2011-04-27,2127.47,2113.01,2138.17,2101.09,23240354.0,sse50,上证50,2152.2865,2137.5516000000002,2069.8816666666667,2055.8175,2022.3150500000002
2011-04-28,2128.13,2111.49,2150.8,2109.83,26007246.0,sse50,上证50,2152.9829999999997,2139.8212,2073.218,2054.7593333333334,2023.7769500000002
2011-04-29,2110.78,2113.87,2116.0,2084.65,21660712.0,sse50,上证50,2153.6045000000004,2141.3836,2076.3485,2053.777416666667,2025.3469
2011-05-03,2111.23,2114.42,2117.83,2092.86,16853463.0,sse50,上证50,2155.138,2143.3936,2079.0993333333336,2052.8436666666666,2026.8561
2011-05-04,2101.63,2056.7,2103.28,2052.9,23518897.0,sse50,上证50,2151.6504999999997,2141.81,2080.958666666667,2051.193166666667,2028.1513
2011-05-05,2045.5,2050.07,2056.72,2036.97,21014900.0,sse50,上证50,2145.365,2139.6911999999998,2082.3913333333335,2049.2854166666666,2029.26965
2011-05-06,2026.89,2037.75,2053.7,2021.99,17256440.0,sse50,上证50,2138.5325,2137.2987999999996,2083.5423333333333,2047.1836666666666,2030.3106
2011-05-09,2041.35,2036.76,2051.99,2029.48,13194346.0,sse50,上证50,2131.1045,2134.7116,2085.105,2045.3454166666666,2031.35375
2011-05-10,2040.69,2057.67,2058.19,2033.47,11707781.0,sse50,上证50,2125.1899999999996,2133.6684,2086.4665,2043.9413333333334,2032.2906
2011-05-11,2056.74,2048.34,2062.9,2041.07,13604740.0,sse50,上证50,2119.3154999999997,2130.544,2087.664333333333,2042.2418333333335,2033.0939500000002
2011-05-12,2035.24,2021.28,2044.59,2020.42,13910164.0,sse50,上证50,2110.418,2124.364,2087.2241666666664,2041.331,2033.9045999999998
2011-05-13,2024.38,2043.26,2043.98,2012.38,17152647.0,sse50,上证50,2103.0735,2119.1184,2087.2345,2040.6356666666666,2034.7557000000002
2011-05-16,2036.32,2019.54,2047.48,2017.91,13994318.0,sse50,上证50,2093.996,2112.4872,2086.7019999999998,2040.5276666666664,2035.6500499999997
2011-05-17,2018.3,2033.78,2049.81,2009.56,15740505.0,sse50,上证50,2085.6165,2106.8,2086.482,2040.6957499999999,2036.62285
2011-05-18,2029.26,2053.64,2059.16,2026.72,13509710.0,sse50,上证50,2080.7005,2102.3124,2086.8706666666667,2040.8305833333334,2037.4984
2011-05-19,2059.66,2046.11,2065.96,2043.66,12623062.0,sse50,上证50,2075.7925,2096.1876,2086.871,2040.8861666666667,2038.1791
2011-05-20,2046.07,2052.54,2059.69,2043.92,12097915.0,sse50,上证50,2070.3845,2090.6832,2087.8965000000003,2041.1600833333332,2038.8701499999997
2011-05-23,2047.77,1993.07,2047.77,1990.86,19832718.0,sse50,上证50,2062.4545000000003,2082.3624,2087.853,2041.2585000000001,2039.1661
2011-05-24,1989.83,1995.27,1999.39,1986.34,13622921.0,sse50,上证50,2055.8450000000003,2074.1184,2087.7270000000003,2041.1010833333335,2039.4152000000001
2011-05-25,1993.1,1971.1,1997.44,1969.74,13896082.0,sse50,上证50,2048.4835,2066.884,2087.1343333333334,2040.51575,2039.5113499999998
2011-05-26,1985.57,1974.33,1990.76,1972.47,11862354.0,sse50,上证50,2041.5494999999999,2060.0863999999997,2086.342333333333,2040.1484999999998,2039.7026500000002
2011-05-27,1976.65,1976.69,1993.7,1973.48,15024425.0,sse50,上证50,2034.8095,2052.726,2085.3643333333334,2039.8550833333331,2039.66795
2011-05-30,1974.54,1980.74,1993.79,1968.3,13190038.0,sse50,上证50,2028.1529999999998,2045.8888,2084.3618333333334,2039.8621666666668,2039.6023
2011-05-31,1983.16,2010.56,2011.31,1977.9,14038109.0,sse50,上证50,2022.9599999999998,2041.2128,2083.677,2040.0809166666668,2039.7213000000002
2011-06-01,2005.0,2002.66,2007.09,1997.88,13459458.0,sse50,上证50,2020.2580000000003,2036.586,2082.3856666666666,2040.1185,2039.6563
2011-06-02,1982.85,1963.05,1991.9,1943.97,22295702.0,sse50,上证50,2015.907,2030.5875999999998,2079.7151666666664,2039.7429166666666,2039.5795
2011-06-03,1959.04,1974.95,1978.99,1958.3,13177429.0,sse50,上证50,2012.7670000000003,2025.126,2077.2346666666667,2039.26725,2039.5466000000001
2011-06-07,1968.17,1984.45,1986.12,1965.21,11121255.0,sse50,上证50,2010.1515,2019.9491999999998,2074.972,2038.7483333333332,2039.69715
2011-06-08,1985.06,1980.67,1985.06,1956.31,13904867.0,sse50,上证50,2006.3015,2014.5991999999999,2073.4545000000003,2038.4334166666667,2039.70435
2011-06-09,1974.11,1947.88,1977.51,1947.58,14906275.0,sse50,上证50,2001.2785,2010.2464000000002,2071.7673333333337,2038.02925,2039.50365
2011-06-10,1945.11,1951.03,1953.9,1930.34,13308915.0,sse50,上证50,1997.766,2006.2848000000001,2070.059166666667,2037.4407500000002,2039.58585
2011-06-13,1936.06,1945.72,1950.31,1924.94,13154942.0,sse50,上证50,1992.889,2002.6036000000001,2068.848,2036.369,2039.6152500000003
2011-06-14,1944.23,1970.1,1977.13,1939.47,21585257.0,sse50,上证50,1990.417,1999.9372,2067.534166666667,2035.5371666666665,2039.8935000000001
2011-06-15,1963.98,1952.08,1971.24,1951.28,14629167.0,sse50,上证50,1986.3319999999999,1995.7136,2066.3513333333335,2034.687666666667,2040.0005500000002
2011-06-16,1938.99,1927.05,1942.81,1925.98,13486862.0,sse50,上证50,1980.0024999999998,1990.8619999999999,2064.5606666666667,2033.7751666666666,2039.7793
2011-06-17,1926.44,1912.38,1935.56,1910.99,14969506.0,sse50,上证50,1973.316,1986.506,2062.4965,2032.7771666666667,2039.44225
2011-06-20,1910.29,1904.8,1915.54,1896.98,15165620.0,sse50,上证50,1965.9289999999996,1980.9675999999997,2059.9973333333332,2031.98775,2039.0929500000002
2011-06-21,1910.5,1923.82,1925.15,1906.8,15589255.0,sse50,上证50,1962.4664999999998,1977.1387999999997,2057.4808333333335,2030.94275,2038.74125
2011-06-22,1927.11,1923.56,1932.55,1913.72,13777196.0,sse50,上证50,1958.881,1972.73,2055.137333333333,2030.1225833333333,2038.52375
2011-06-23,1916.97,1950.87,1956.75,1911.84,16368103.0,sse50,上证50,1957.8695,1968.6191999999999,2052.7136666666665,2029.5659166666665,2038.4642000000001
2011-06-24,1940.09,1997.3,2009.97,1938.33,31247138.0,sse50,上证50,1959.018,1966.6668,2050.9513333333334,2029.433,2038.6504
2011-06-27,1994.99,1994.58,2007.78,1984.9,20516601.0,sse50,上证50,1959.9125,1964.3483999999999,2049.2349999999997,2029.5737499999998,2039.0483000000002
2011-06-28,1996.23,1993.72,1998.56,1975.63,17375925.0,sse50,上证50,1960.5615000000003,1964.3744,2047.4396666666667,2029.9353333333333,2039.4437
2011-06-29,1991.47,1960.77,1992.0,1959.56,20461469.0,sse50,上证50,1958.0720000000001,1962.9944,2045.39,2029.9973333333335,2039.65965
2011-06-30,1965.06,1989.43,2003.64,1965.06,22097969.0,sse50,上证50,1957.4105,1963.7276000000002,2043.1063333333332,2030.3549166666667,2039.894
2011-07-01,1994.09,1986.03,2002.04,1978.46,20329962.0,sse50,上证50,1958.5595,1964.1956,2039.9438333333333,2030.4270833333333,2040.2046000000003
2011-07-04,1996.26,2033.86,2035.75,1996.26,28501545.0,sse50,上证50,1961.5049999999999,1966.4823999999999,2037.6015,2030.5833333333333,2040.78725
2011-07-05,2034.81,2029.62,2040.09,2018.53,24088427.0,sse50,上证50,1963.7635000000002,1968.4376000000002,2035.0065,2030.8366666666668,2041.25575
2011-07-06,2025.4,2017.17,2025.4,1997.99,22343952.0,sse50,上证50,1965.5885000000003,1968.7020000000002,2032.3600000000001,2031.11075,2041.6956500000001
2011-07-07,2030.04,2006.14,2038.12,2005.44,27595062.0,sse50,上证50,1968.5014999999999,1968.8411999999998,2029.6985,2031.1088333333332,2041.8479499999999
2011-07-08,2010.52,2014.73,2026.11,2002.25,19569026.0,sse50,上证50,1971.6865000000003,1970.9084000000003,2026.6235000000001,2031.43375,2042.0559
2011-07-11,2006.07,2010.69,2015.5,1996.02,15700922.0,sse50,上证50,1974.935,1972.338,2023.6325,2031.5248333333332,2042.3276999999998
2011-07-12,1994.94,1968.08,1994.94,1966.47,19624801.0,sse50,上证50,1974.834,1971.6832000000002,2019.749,2031.1159166666666,2042.57665
2011-07-13,1973.08,1998.41,2003.81,1973.08,20243312.0,sse50,上证50,1977.1504999999997,1972.3928000000003,2016.3663333333336,2030.9845833333336,2042.9904499999998
2011-07-14,2002.46,2005.75,2012.39,1992.82,22350139.0,sse50,上证50,1981.0855000000004,1974.7076000000002,2013.9294999999997,2031.1773333333335,2043.4084999999998
2011-07-15,1998.59,2012.03,2014.25,1992.2,20772349.0,sse50,上证50,1986.068,1977.1476,2011.7255,2031.9574166666669,2043.8436
2011-07-18,2013.46,2002.83,2014.71,1996.78,19234450.0,sse50,上证50,1990.9695,1979.4319999999998,2009.0943333333332,2032.6169166666666,2044.3926000000001
2011-07-19,1994.38,1988.3,1997.52,1983.96,18934542.0,sse50,上证50,1994.1935,1980.16,2006.3715,2032.9081666666666,2045.04185
2011-07-20,1999.84,1983.67,2002.2,1974.37,15857211.0,sse50,上证50,1997.1989999999998,1981.4235999999999,2003.975,2033.6470833333333,2045.67365
2011-07-21,1984.75,1961.3,1989.42,1959.85,16302293.0,sse50,上证50,1997.7205000000001,1982.7936000000002,2001.3578333333332,2033.9425833333332,2046.1759
2011-07-22,1966.12,1964.83,1974.49,1959.76,12873319.0,sse50,上证50,1996.0970000000002,1984.8916,1998.8881666666666,2034.3849166666666,2046.6779999999999
2011-07-25,1954.31,1909.81,1955.19,1904.44,24480686.0,sse50,上证50,1991.8584999999998,1985.092,1995.5268333333333,2034.3724166666666,2046.8192999999999
2011-07-26,1909.33,1914.15,1919.61,1904.56,14066929.0,sse50,上证50,1987.8799999999999,1984.7052,1992.1981666666666,2034.2733333333333,2047.0706500000001
2011-07-27,1905.04,1918.79,1920.32,1899.2,17164597.0,sse50,上证50,1985.7810000000002,1984.5144,1988.9376666666665,2034.0185,2047.3208499999998
2011-07-28,1902.93,1900.22,1906.67,1886.9,17169583.0,sse50,上证50,1981.3204999999998,1982.4884,1986.3296666666668,2033.6441666666667,2047.2564000000002
2011-07-29,1901.95,1908.21,1926.19,1885.63,18469802.0,sse50,上证50,1977.4295000000002,1978.9248,1983.9653333333335,2033.1783333333333,2046.8473999999999
2011-08-01,1905.9,1909.95,1919.88,1898.37,12165634.0,sse50,上证50,1971.234,1975.5395999999998,1981.8353333333334,2032.6888333333334,2046.0623999999998
2011-08-02,1897.2,1894.32,1897.2,1874.56,12529351.0,sse50,上证50,1964.4689999999998,1971.5636,1979.4613333333332,2032.2831666666666,2045.0751
2011-08-03,1879.82,1893.0,1901.71,1877.49,12677866.0,sse50,上证50,1958.2604999999999,1968.8528,1976.7168333333332,2031.5916666666667,2043.91205
2011-08-04,1898.45,1895.43,1911.51,1890.91,10030752.0,sse50,上证50,1952.725,1965.0928,1974.1683333333335,2030.9163333333336,2042.585
2011-08-05,1849.91,1850.14,1863.63,1841.01,18228960.0,sse50,上证50,1944.4954999999998,1959.6572,1971.316,2029.2700833333333,2040.56375
2011-08-08,1832.66,1794.43,1848.51,1769.99,28642386.0,sse50,上证50,1933.6825000000001,1950.08,1967.1688333333332,2027.2016666666666,2038.3273000000002
2011-08-09,1752.74,1801.82,1810.86,1741.1,28976201.0,sse50,上证50,1925.3695,1940.9679999999998,1963.5401666666667,2025.1210833333332,2035.94465
2011-08-10,1832.09,1814.67,1837.42,1810.45,22275996.0,sse50,上证50,1916.1824999999997,1932.868,1959.8883333333333,2023.1851666666666,2033.59195
2011-08-11,1789.96,1840.29,1843.14,1789.23,20981100.0,sse50,上证50,1907.9094999999998,1926.234,1956.3325,2021.601583333333,2031.5671499999999
2011-08-12,1848.13,1838.16,1850.0,1833.89,16870138.0,sse50,上证50,1899.216,1919.1712,1952.8666666666666,2019.8688333333332,2029.60265
2011-08-15,1842.13,1872.39,1872.79,1831.98,18818715.0,sse50,上证50,1892.6940000000002,1913.6392,1949.8641666666665,2018.8803333333335,2027.4923500000002
2011-08-16,1873.0,1862.89,1886.24,1856.98,18205039.0,sse50,上证50,1886.4235,1909.4316000000001,1947.6945,2017.7737499999998,2025.4457499999999
2011-08-17,1863.17,1858.3,1873.35,1855.28,12839831.0,sse50,上证50,1880.1550000000002,1903.8272000000004,1945.4116666666666,2016.5693333333334,2023.6104
2011-08-18,1861.29,1824.86,1863.29,1822.19,13761736.0,sse50,上证50,1873.3329999999999,1896.5916,1942.9743333333333,2015.0543333333333,2021.6135000000002
2011-08-19,1798.81,1806.28,1811.87,1792.46,16766318.0,sse50,上证50,1865.4055,1888.3616,1940.1735,2013.2579166666665,2019.6975
2011-08-22,1808.06,1790.14,1820.52,1782.97,12387369.0,sse50,上证50,1859.422,1879.8540000000003,1937.0643333333333,2011.2143333333333,2017.4558499999998
2011-08-23,1797.19,1821.19,1821.44,1788.08,12680405.0,sse50,上证50,1854.774,1873.1696,1934.4051666666667,2009.3835000000001,2015.4033
2011-08-24,1828.04,1806.79,1832.24,1802.45,12932481.0,sse50,上证50,1849.1739999999998,1866.0944,1931.0089999999998,2007.3429999999998,2013.3048999999999
2011-08-25,1813.09,1878.48,1878.68,1811.36,33100518.0,sse50,上证50,1848.0870000000002,1862.7816,1928.9393333333333,2005.6625,2011.4235
2011-08-26,1867.32,1876.33,1879.61,1858.33,17999115.0,sse50,上证50,1846.493,1859.2416,1927.4940000000001,2003.6045833333335,2009.4101500000002
2011-08-29,1856.74,1836.88,1856.74,1833.61,17713797.0,sse50,上证50,1842.8395,1856.3244,1925.1928333333333,2001.21375,2007.1447499999997
2011-08-30,1850.99,1835.07,1871.64,1831.44,16731186.0,sse50,上证50,1839.877,1853.1612,1922.7031666666667,1998.8375833333334,2005.03335
2011-08-31,1836.98,1841.54,1847.58,1826.71,12003855.0,sse50,上证50,1837.304,1850.0711999999999,1920.3843333333332,1996.9194166666668,2003.1102500000002
2011-09-01,1845.47,1840.37,1859.82,1834.7,11876163.0,sse50,上证50,1834.551,1847.6772,1918.5924999999997,1995.1799166666667,2001.0507
2011-09-02,1836.21,1820.68,1841.75,1811.27,11404027.0,sse50,上证50,1833.078,1844.1759999999997,1916.4199999999998,1993.2395833333333,1999.5012
2011-09-05,1805.89,1786.47,1805.89,1783.95,12839515.0,sse50,上证50,1832.6799999999998,1839.2368,1913.7658333333334,1991.3069166666667,1997.8000499999998
2011-09-06,1776.81,1779.52,1789.03,1770.37,12083635.0,sse50,上证50,1831.565,1834.6448,1910.5895000000003,1989.0618333333334,1996.53515
2011-09-07,1787.09,1813.86,1816.15,1781.79,12641629.0,sse50,上证50,1831.5245000000002,1831.4792000000002,1908.2858333333336,1987.3185833333334,1995.5364
2011-09-08,1820.11,1799.78,1820.42,1798.99,8883493.0,sse50,上证50,1829.4990000000003,1827.6532,1906.1646666666668,1985.3626666666667,1994.3480000000002
2011-09-09,1809.51,1800.93,1827.47,1791.9,11038680.0,sse50,上证50,1827.6375,1825.6848,1904.3071666666665,1983.4018333333333,1993.1554500000002
2011-09-13,1775.22,1783.18,1787.73,1768.88,10984081.0,sse50,上证50,1823.1770000000001,1825.2348000000002,1902.280166666667,1981.1387500000003,1991.973
2011-09-14,1789.87,1787.12,1792.99,1753.56,12465577.0,sse50,上证50,1819.3884999999998,1824.6468,1900.0018333333333,1978.7413333333336,1991.0023
2011-09-15,1787.09,1779.68,1799.11,1779.32,12650526.0,sse50,上证50,1815.4575,1823.2472,1897.6038333333333,1976.3705833333333,1989.8299
2011-09-16,1790.31,1784.93,1798.02,1778.85,10598144.0,sse50,上证50,1813.461,1821.0328,1894.838166666667,1973.7759166666665,1988.54785
2011-09-19,1772.29,1749.71,1772.29,1749.22,11173488.0,sse50,上证50,1810.6324999999997,1817.4947999999997,1890.7116666666666,1970.8315,1987.2044
2011-09-20,1748.2,1757.64,1766.06,1740.91,9603734.0,sse50,上证50,1809.0074999999997,1812.9047999999998,1886.7626666666665,1967.9988333333333,1985.9331
2011-09-21,1758.74,1808.37,1814.55,1749.38,20566627.0,sse50,上证50,1808.3665,1810.724,1883.6735,1965.5565833333335,1985.0755000000001
2011-09-22,1790.7,1750.61,1797.34,1749.69,17384537.0,sse50,上证50,1805.5575000000001,1806.4164,1880.1708333333333,1962.780416666667,1983.9070000000002
2011-09-23,1726.31,1740.32,1748.26,1714.21,17192883.0,sse50,上证50,1798.6495,1803.0348000000001,1876.019,1959.5626666666665,1982.61785
2011-09-26,1724.03,1689.93,1743.79,1684.84,16031800.0,sse50,上证50,1789.3294999999998,1798.3808,1871.084,1955.5139166666668,1981.0269
2011-09-27,1708.0,1710.99,1721.16,1697.27,13166515.0,sse50,上证50,1783.0349999999999,1795.2147999999997,1865.7028333333333,1951.6521666666667,1979.4216999999999
2011-09-28,1722.61,1695.84,1725.97,1690.85,12167434.0,sse50,上证50,1776.0735,1790.2008,1860.1398333333334,1947.5731666666666,1977.6673
2011-09-29,1684.82,1689.54,1703.83,1679.2,13532896.0,sse50,上证50,1768.4735,1785.5108000000002,1854.6793333333333,1943.5196666666668,1976.0227
2011-09-30,1693.46,1684.5,1702.78,1678.42,13486790.0,sse50,上证50,1760.6800000000003,1777.7516,1849.3186666666666,1939.5085833333333,1974.4633
2011-10-10,1688.41,1669.35,1693.16,1666.1,11448922.0,sse50,上证50,1753.1135000000002,1769.4723999999999,1843.5623333333335,1935.092916666667,1972.7018000000003
2011-10-11,1720.15,1675.42,1726.43,1659.73,19114804.0,sse50,上证50,1747.5610000000001,1763.014,1837.9745,1930.8034999999998,1970.7072500000002
2011-10-12,1666.8,1737.36,1739.32,1657.35,27283618.0,sse50,上证50,1745.453,1759.1055999999999,1834.1291666666666,1926.9390833333334,1969.04445
2011-10-13,1732.07,1746.94,1751.29,1726.78,21101851.0,sse50,上证50,1742.107,1755.3216,1829.9379999999999,1923.1521666666667,1967.50905
2011-10-14,1741.89,1745.21,1749.02,1726.59,13481832.0,sse50,上证50,1739.3785,1751.5152000000003,1825.5956666666666,1919.7625833333334,1966.0523500000002
2011-10-17,1748.08,1757.06,1770.26,1744.13,13995038.0,sse50,上证50,1737.185,1748.9704000000002,1821.3461666666665,1916.5358333333331,1964.67695
2011-10-18,1742.09,1709.28,1746.97,1705.92,15433243.0,sse50,上证50,1733.4899999999998,1745.8828,1816.4536666666668,1912.7740000000001,1963.2257
2011-10-19,1715.15,1708.95,1729.23,1706.56,12019614.0,sse50,上证50,1729.5815000000002,1743.06,1811.7978333333335,1909.0846666666666,1961.52435
2011-10-20,1698.78,1674.03,1702.74,1660.89,15354191.0,sse50,上证50,1724.2990000000002,1737.4668,1806.6371666666669,1905.3060833333334,1959.7846000000002
2011-10-21,1675.78,1676.1,1691.97,1670.22,12411519.0,sse50,上证50,1718.8575,1732.5195999999999,1801.8838333333333,1901.6208333333334,1958.07675
2011-10-24,1683.71,1729.03,1732.73,1677.73,21147411.0,sse50,上证50,1717.8235,1729.6435999999999,1797.9538333333333,1898.4209999999998,1956.6556499999997
2011-10-25,1726.16,1751.68,1758.25,1714.41,22395285.0,sse50,上证50,1717.5255000000002,1728.3836,1795.3183333333334,1895.4225833333335,1955.5256
2011-10-26,1744.35,1765.63,1784.97,1742.51,26964187.0,sse50,上证50,1715.3885000000002,1727.5240000000003,1792.8429999999998,1892.5205833333332,1954.6021000000003
2011-10-27,1770.38,1774.51,1779.52,1765.0,17112432.0,sse50,上证50,1716.5835,1727.3172,1790.4383333333333,1889.6879999999999,1953.7079999999999
2011-10-28,1800.87,1807.06,1827.02,1796.75,29939992.0,sse50,上证50,1719.9205000000002,1728.2024000000001,1788.8856666666666,1887.6076666666665,1953.0106999999998
2011-10-31,1802.84,1792.05,1804.65,1783.87,17449738.0,sse50,上证50,1725.0265,1729.896,1786.9496666666666,1885.4575000000002,1952.0841
2011-11-01,1777.46,1795.39,1817.01,1774.66,19116514.0,sse50,上证50,1729.2465,1731.406,1785.0403333333334,1883.4378333333334,1950.9854999999998
2011-11-02,1769.67,1825.45,1826.5,1767.07,22480139.0,sse50,上证50,1735.727,1732.0892000000001,1783.8925000000002,1881.6769166666668,1950.1166500000002
2011-11-03,1831.14,1819.04,1842.77,1817.85,27006072.0,sse50,上证50,1742.2019999999998,1734.8264000000001,1782.6598333333334,1879.688333333333,1949.2904499999997
2011-11-04,1837.83,1831.76,1843.95,1823.57,20621639.0,sse50,上证50,1749.5649999999998,1738.484,1781.5986666666665,1877.8835,1948.4173999999998
2011-11-07,1822.94,1809.8,1831.18,1807.6,14762364.0,sse50,上证50,1756.5875,1743.2788,1780.9263333333333,1876.1211666666668,1947.5877000000003
2011-11-08,1815.87,1808.61,1824.78,1806.23,16541326.0,sse50,上证50,1763.247,1747.1836,1781.1626666666668,1874.16575,1946.63195
2011-11-09,1816.96,1821.76,1827.78,1799.31,15698569.0,sse50,上证50,1767.4669999999999,1752.2203999999997,1781.495,1872.5175833333335,1945.655
2011-11-10,1801.06,1781.91,1806.33,1781.15,17430390.0,sse50,上证50,1769.2154999999998,1755.9152,1780.949,1870.418666666667,1944.4937
2011-11-11,1785.55,1779.51,1792.47,1773.25,11708221.0,sse50,上证50,1770.9305,1759.7156,1779.9360000000001,1868.1342499999998,1943.47815
2011-11-14,1795.81,1816.06,1820.18,1792.32,15535637.0,sse50,上证50,1773.8805,1765.5839999999998,1779.5676666666666,1866.2171666666666,1942.9663500000001
2011-11-15,1812.98,1808.18,1816.79,1801.09,12821976.0,sse50,上证50,1778.8255000000001,1770.8944000000001,1778.4975000000002,1864.1808333333333,1942.3888
2011-11-16,1807.2,1755.42,1807.78,1746.77,18744140.0,sse50,上证50,1781.149,1771.6168,1776.7063333333333,1862.2004166666666,1941.3991499999997
2011-11-17,1757.49,1748.45,1763.62,1746.85,11045417.0,sse50,上证50,1784.8700000000001,1771.6772,1774.8754999999999,1860.1435833333335,1940.6663999999998
2011-11-18,1735.99,1720.76,1743.97,1716.7,13167270.0,sse50,上证50,1787.1029999999998,1770.6991999999998,1773.1405,1858.0574166666665,1939.641
2011-11-21,1722.91,1721.39,1725.43,1706.58,9377582.0,sse50,上证50,1786.721,1769.2723999999998,1771.7256666666665,1855.9495833333335,1938.6892
2011-11-22,1710.99,1722.23,1724.4,1705.2,9385457.0,sse50,上证50,1785.2485000000001,1769.7904,1770.5938333333334,1853.8290833333335,1937.7438
2011-11-23,1724.36,1701.06,1726.67,1697.16,9955157.0,sse50,上证50,1782.0199999999998,1769.4747999999997,1768.5916666666667,1851.4984166666666,1936.6189
2011-11-24,1688.78,1704.69,1716.05,1685.9,9665787.0,sse50,上证50,1778.529,1770.7012,1766.89,1848.9495,1935.3954999999999
2011-11-25,1701.69,1691.67,1709.08,1687.0,7423627.0,sse50,上证50,1772.7594999999997,1771.3239999999998,1763.7765,1846.3579166666666,1934.12815
2011-11-28,1698.3,1693.67,1707.17,1689.06,7888404.0,sse50,上证50,1767.8404999999998,1769.9096000000002,1760.7321666666664,1844.1130833333334,1932.77595
2011-11-29,1708.18,1716.1,1717.55,1699.17,9754910.0,sse50,上证50,1763.8760000000002,1768.4864000000002,1758.7191666666668,1841.956,1931.513
2011-11-30,1709.35,1662.75,1712.7,1657.63,14433324.0,sse50,上证50,1755.741,1764.3712,1755.8471666666667,1839.2751666666668,1930.1117499999998
2011-12-01,1717.72,1713.05,1745.93,1708.12,27007357.0,sse50,上证50,1750.4414999999997,1761.9128,1753.7056666666665,1837.0449999999998,1928.7971
2011-12-02,1705.31,1704.46,1711.5,1692.42,11264238.0,sse50,上证50,1744.0765,1757.8087999999998,1751.4405000000002,1835.0165,1927.4370500000002
2011-12-05,1708.96,1694.5,1711.91,1688.55,12438514.0,sse50,上证50,1738.3114999999998,1753.9068,1749.3375,1832.8787499999999,1925.6711000000003
2011-12-06,1690.46,1689.01,1697.61,1681.59,9770044.0,sse50,上证50,1732.3314999999998,1749.6516000000001,1747.7131666666667,1830.7395,1923.9029500000001
2011-12-07,1691.44,1702.45,1706.95,1687.76,8948663.0,sse50,上证50,1726.3660000000004,1744.7316,1746.4286666666667,1828.5090833333336,1922.1577500000003
2011-12-08,1701.29,1701.68,1716.27,1684.76,9668597.0,sse50,上证50,1722.3545,1740.0371999999998,1744.559,1826.4224166666668,1920.43125
2011-12-09,1690.05,1692.06,1702.82,1687.85,8058700.0,sse50,上证50,1717.982,1734.4492,1742.7636666666665,1824.4641666666669,1918.73995
2011-12-12,1689.72,1678.7,1692.53,1677.49,7647060.0,sse50,上证50,1711.114,1729.2051999999999,1740.7265,1822.5168333333334,1916.9029999999998
2011-12-13,1671.84,1645.81,1676.7,1643.9,13306577.0,sse50,上证50,1702.9955000000002,1722.6932000000002,1738.4370000000001,1820.3585833333336,1915.1770000000001
2011-12-14,1643.02,1637.01,1654.88,1633.56,8813060.0,sse50,上证50,1697.075,1715.3032,1735.9351666666666,1817.9685,1913.38365
2011-12-15,1626.69,1599.01,1632.75,1598.38,12535118.0,sse50,上证50,1689.6029999999998,1707.9872,1732.924,1815.2639166666668,1911.3645499999998
2011-12-16,1598.07,1629.0,1629.97,1594.29,13261997.0,sse50,上证50,1685.0149999999999,1701.9668,1730.3251666666665,1812.5816666666667,1909.47625
2011-12-19,1615.95,1625.26,1627.47,1584.3,13820488.0,sse50,上证50,1680.2085,1694.3348,1728.2510000000002,1809.4813333333334,1907.4932999999999
2011-12-20,1619.8,1624.44,1646.73,1617.28,12108649.0,sse50,上证50,1675.319,1686.9851999999998,1726.031,1806.3968333333332,1905.4386499999998
2011-12-21,1637.37,1604.25,1643.84,1602.5,11904536.0,sse50,上证50,1670.4785,1680.9384,1722.629,1803.15125,1903.25545
2011-12-22,1597.31,1608.24,1618.7,1584.15,14267739.0,sse50,上证50,1665.6560000000002,1675.33,1720.2561666666666,1800.2135,1901.0384
2011-12-23,1606.29,1617.94,1632.54,1602.88,11340570.0,sse50,上证50,1661.9695,1671.2172,1718.2165,1797.1177500000001,1898.7274
2011-12-26,1608.53,1601.47,1621.94,1600.5,9966687.0,sse50,上证50,1657.3595,1666.4204,1716.7421666666667,1793.9130833333334,1896.1183500000002
2011-12-27,1599.41,1591.0,1613.96,1589.09,9569049.0,sse50,上证50,1651.1045000000001,1661.1712,1714.7423333333334,1790.2225833333334,1893.4544500000002
2011-12-28,1586.22,1594.84,1596.69,1571.51,12078006.0,sse50,上证50,1647.709,1656.9224000000002,1713.059,1786.5994166666667,1890.8276
2011-12-29,1588.04,1596.59,1604.2,1586.14,10474705.0,sse50,上证50,1641.886,1652.5983999999999,1711.5098333333333,1783.0945833333333,1888.4519500000001
2011-12-30,1602.32,1617.61,1620.4,1602.32,13122202.0,sse50,上证50,1637.5435,1649.636,1710.395,1779.856833333333,1886.29445
2012-01-04,1628.17,1595.12,1631.26,1594.42,12822705.0,sse50,上证50,1632.5745,1645.694,1709.1578333333334,1776.3600833333335,1884.00245
2012-01-05,1591.24,1596.59,1622.84,1590.54,18078365.0,sse50,上证50,1627.9535,1640.9135999999999,1707.844,1772.9092500000002,1881.89345
2012-01-06,1595.73,1608.36,1609.21,1588.6,13869973.0,sse50,上证50,1623.249,1638.7379999999998,1705.694,1769.9115833333333,1879.6906
2012-01-09,1608.49,1659.05,1659.58,1598.39,21627579.0,sse50,上证50,1621.1174999999998,1636.5780000000002,1704.2291666666667,1767.0835833333333,1877.8706
2012-01-10,1658.2,1704.74,1707.6,1655.3,28517417.0,sse50,上证50,1621.7514999999999,1636.5892000000001,1703.5546666666667,1764.5751666666667,1876.22185
2012-01-11,1703.65,1694.26,1709.89,1686.64,18430906.0,sse50,上证50,1622.5295,1636.5796000000003,1702.5080000000003,1761.9270833333333,1874.5120000000002
2012-01-12,1690.39,1701.45,1717.8,1688.18,17766371.0,sse50,上证50,1625.3115,1637.0772,1702.3775,1759.4155833333332,1872.7455000000002
2012-01-13,1703.39,1685.91,1710.49,1671.29,17531050.0,sse50,上证50,1627.7565,1636.4156,1701.9935,1756.8956666666668,1870.8010000000002
2012-01-16,1676.14,1661.99,1689.84,1661.38,11617615.0,sse50,上证50,1630.9055,1634.8280000000002,1701.7928333333332,1754.215,1868.7900999999997
2012-01-17,1664.49,1736.61,1736.96,1649.04,25662975.0,sse50,上证50,1636.286,1636.61,1702.8013333333333,1752.3425833333336,1866.9917
2012-01-18,1736.29,1714.7,1750.11,1709.79,21955716.0,sse50,上证50,1640.7580000000003,1638.05,1702.5625,1750.2581666666665,1865.05
2012-01-19,1717.14,1750.52,1757.25,1713.95,21808599.0,sse50,上证50,1647.062,1642.2384,1702.5431666666666,1748.93075,1863.3147999999999
2012-01-20,1756.78,1775.09,1779.0,1748.67,22211599.0,sse50,上证50,1655.604,1647.7616,1702.700833333333,1747.7719166666668,1861.6830500000003
2012-01-30,1778.14,1742.82,1778.14,1742.28,18884774.0,sse50,上证50,1662.333,1653.514,1702.1726666666666,1746.3055,1859.9784000000002
2012-01-31,1744.22,1744.71,1754.77,1734.05,13032093.0,sse50,上证50,1668.6715,1658.1424,1701.1335,1745.0095833333332,1858.0697
2012-02-01,1739.64,1713.68,1751.56,1709.54,13526270.0,sse50,上证50,1674.282,1661.6791999999998,1699.8273333333334,1743.3885,1855.7591999999997
2012-02-02,1720.0,1761.94,1761.94,1714.25,17495141.0,sse50,上证50,1682.8290000000002,1667.1792,1699.2698333333333,1742.1550833333333,1853.6969
2012-02-03,1756.15,1772.19,1780.22,1750.37,19013624.0,sse50,上证50,1691.6965,1673.8968000000002,1698.3821666666668,1741.1373333333333,1851.63125
2012-02-06,1775.44,1764.82,1781.89,1753.43,16663063.0,sse50,上证50,1700.1080000000002,1680.16,1697.4785000000002,1740.069166666667,1849.57555
2012-02-07,1753.38,1732.02,1756.3,1721.85,14938529.0,sse50,上证50,1705.8285,1684.7232000000001,1695.8161666666667,1738.7074166666666,1847.4065
2012-02-08,1731.99,1782.06,1786.2,1729.54,22114499.0,sse50,上证50,1715.1755,1691.9468,1695.3538333333333,1738.1400833333332,1845.3206500000001
2012-02-09,1781.15,1778.1,1789.08,1771.09,19641196.0,sse50,上证50,1724.2510000000002,1699.4308,1694.8453333333334,1738.0040000000001,1843.2604
2012-02-10,1772.19,1778.32,1800.03,1770.81,23482256.0,sse50,上证50,1732.7490000000003,1706.77,1694.1213333333333,1737.8081666666667,1841.14655
2012-02-13,1757.02,1768.54,1786.48,1751.07,17557923.0,sse50,上证50,1738.2234999999996,1713.648,1693.8984999999998,1737.4237499999997,1838.9823999999999
2012-02-14,1765.87,1758.98,1767.77,1747.83,12775513.0,sse50,上证50,1740.9355,1719.3028,1693.5563333333334,1736.7461666666668,1837.0175
2012-02-15,1753.78,1773.17,1784.24,1751.11,18224436.0,sse50,上证50,1744.8809999999999,1726.4247999999998,1692.8415,1736.2045833333334,1835.1619999999998
2012-02-16,1770.4,1761.88,1776.92,1751.36,17181728.0,sse50,上证50,1747.9025000000001,1733.0364000000002,1692.0698333333335,1735.2836666666667,1833.1679000000001
2012-02-17,1774.19,1765.65,1778.63,1756.95,12351480.0,sse50,上证50,1751.8894999999998,1739.328,1692.2403333333334,1734.4733333333336,1831.2377999999999
2012-02-20,1790.39,1769.41,1792.51,1768.06,18156015.0,sse50,上证50,1757.2604999999999,1743.7423999999999,1692.5896666666667,1733.7325833333334,1829.44755
2012-02-21,1772.25,1779.94,1780.56,1756.41,13532793.0,sse50,上证50,1759.4270000000001,1746.7504000000001,1693.5760000000002,1733.3582500000002,1827.7556
2012-02-22,1781.98,1795.26,1798.01,1772.43,24083520.0,sse50,上证50,1763.455,1750.7903999999999,1694.8071666666667,1733.2664166666666,1826.16685
2012-02-23,1794.35,1799.64,1805.67,1791.19,23418448.0,sse50,上证50,1765.9109999999996,1754.7179999999998,1696.0973333333334,1733.3455833333333,1824.6076
2012-02-24,1801.39,1826.72,1827.04,1797.05,32001576.0,sse50,上证50,1768.4924999999998,1760.3503999999998,1698.1916666666666,1733.3916666666667,1823.17185
2012-02-27,1833.44,1828.41,1851.36,1828.04,35919727.0,sse50,上证50,1772.7720000000002,1767.0072,1700.2536666666667,1733.5718333333336,1821.7418000000002
2012-02-28,1826.9,1839.06,1843.96,1826.1,25687529.0,sse50,上证50,1777.4895000000001,1771.1052,1702.7101666666667,1733.2433333333333,1820.6536
2012-02-29,1835.77,1822.77,1841.56,1819.83,20527453.0,sse50,上证50,1782.9440000000002,1775.428,1704.8618333333334,1732.7969999999998,1819.5171
2012-03-01,1814.32,1818.28,1827.66,1813.45,14237421.0,sse50,上证50,1785.761,1778.1384,1706.5648333333334,1732.642,1818.41975
2012-03-02,1821.04,1843.85,1844.08,1821.04,23251539.0,sse50,上证50,1789.3439999999998,1780.8888,1709.5831666666666,1732.7151666666666,1817.4551999999999
2012-03-05,1847.45,1827.94,1850.25,1826.78,24262549.0,sse50,上证50,1792.5,1784.2936000000002,1711.498,1732.6018333333334,1816.30655
2012-03-06,1822.52,1794.26,1824.35,1792.78,23333947.0,sse50,上证50,1795.6119999999999,1786.2756,1712.9946666666665,1732.2175833333333,1815.03615
2012-03-07,1777.84,1776.36,1793.73,1774.51,18853132.0,sse50,上证50,1795.327,1788.7828,1714.359,1731.84825,1813.81155
2012-03-08,1782.69,1798.1,1804.91,1782.69,19954715.0,sse50,上证50,1796.3269999999998,1790.2291999999998,1716.1771666666668,1731.9451666666669,1812.5857500000002
2012-03-09,1803.91,1811.49,1811.94,1794.34,17309708.0,sse50,上证50,1797.9855,1791.8011999999999,1717.9945,1732.2115833333332,1811.5455000000002
2012-03-12,1810.1,1796.94,1810.59,1785.97,20328768.0,sse50,上证50,1799.4055,1793.0859999999998,1719.5821666666666,1732.0705833333334,1810.3613
2012-03-13,1795.68,1813.2,1814.13,1793.89,17035288.0,sse50,上证50,1802.1165,1796.3332,1721.6011666666668,1732.1824166666668,1809.1591
2012-03-14,1823.12,1776.41,1831.86,1770.51,38304463.0,sse50,上证50,1802.2785,1796.1072,1723.2296666666666,1731.9780833333332,1807.8106
2012-03-15,1774.56,1760.48,1783.14,1759.09,25533675.0,sse50,上证50,1802.2085,1795.4024,1725.1408333333334,1731.7889166666666,1806.3503
2012-03-16,1764.76,1780.08,1781.21,1754.06,19459334.0,sse50,上证50,1802.9300000000003,1795.4728,1727.5253333333335,1731.73025,1805.28535
2012-03-19,1775.96,1778.98,1781.08,1760.34,20652596.0,sse50,上证50,1803.4085,1795.8904,1730.5248333333334,1731.7244166666667,1804.2038999999997
2012-03-20,1774.99,1755.73,1775.94,1754.81,21832446.0,sse50,上证50,1802.1979999999999,1795.7604000000001,1732.637,1731.4810833333333,1803.12705
2012-03-21,1765.73,1758.62,1775.23,1750.08,21143536.0,sse50,上证50,1800.366,1795.1784,1734.8596666666665,1731.5553333333335,1802.0485
2012-03-22,1759.32,1760.34,1770.42,1749.13,16985324.0,sse50,上证50,1798.4010000000003,1795.1168,1737.1246666666668,1731.5778333333333,1800.9667499999998
2012-03-23,1756.19,1747.92,1760.25,1741.53,16381248.0,sse50,上证50,1794.461,1794.4076,1739.5191666666667,1731.0740833333334,1799.80265
2012-03-26,1747.85,1749.89,1754.8,1741.0,11070335.0,sse50,上证50,1790.5349999999999,1793.6268,1741.88,1731.068083333333,1798.4993
2012-03-27,1757.0,1749.19,1760.75,1745.8,12325533.0,sse50,上证50,1786.0415,1792.3968,1744.0675,1731.142,1797.2319499999999
2012-03-28,1743.41,1708.85,1746.4,1706.26,17266635.0,sse50,上证50,1780.3455,1788.9404000000002,1745.8571666666664,1731.2996666666666,1795.96095
2012-03-29,1702.06,1688.09,1709.71,1681.97,17979978.0,sse50,上证50,1773.836,1784.4784000000002,1747.4753333333333,1731.1088333333332,1794.5266499999998
2012-03-30,1693.65,1705.63,1706.01,1690.27,15207403.0,sse50,上证50,1766.925,1779.6348,1749.3218333333332,1731.1904166666668,1793.13255
2012-04-05,1698.74,1735.28,1739.44,1691.48,22842757.0,sse50,上证50,1762.292,1775.9096,1751.6333333333334,1731.5715833333334,1791.9056
2012-04-06,1732.51,1737.51,1739.89,1726.5,15962621.0,sse50,上证50,1759.4545000000003,1771.8476,1753.631666666667,1732.0133333333333,1790.85375
2012-04-09,1730.45,1721.43,1735.06,1719.46,10819416.0,sse50,上证50,1756.708,1767.7939999999999,1755.7368333333332,1732.4473333333333,1789.70575
2012-04-10,1719.58,1736.24,1737.24,1702.95,12690505.0,sse50,上证50,1753.6150000000002,1764.5123999999998,1758.0643333333333,1732.9541666666667,1788.65835
2012-04-11,1721.19,1734.59,1748.3,1718.08,15347021.0,sse50,上证50,1749.77,1760.142,1760.1681666666666,1732.9310833333332,1787.4807999999998
2012-04-12,1736.68,1770.95,1771.92,1731.77,21751090.0,sse50,上证50,1748.4705000000001,1757.8624,1762.0331666666666,1733.1311666666666,1786.57515
2012-04-13,1771.3,1777.07,1785.45,1769.57,17631608.0,sse50,上证50,1746.664,1757.1748,1763.2386666666669,1733.3966666666668,1785.8252499999999
2012-04-16,1767.67,1770.68,1778.52,1764.81,12758892.0,sse50,上证50,1746.3775,1756.9476000000002,1764.5123333333331,1733.5101666666667,1785.11675
2012-04-17,1769.46,1749.4,1773.55,1748.77,12103868.0,sse50,上证50,1745.8235,1754.9996,1765.3115,1733.8445,1784.33975
2012-04-18,1754.76,1789.63,1791.23,1752.37,21617548.0,sse50,上证50,1746.301,1754.1252,1767.0401666666664,1734.5168333333334,1783.6688000000001
2012-04-19,1788.75,1791.38,1797.41,1784.52,16742104.0,sse50,上证50,1746.9209999999998,1753.9028000000003,1769.1966666666667,1735.49475,1783.0079
2012-04-20,1788.02,1815.88,1816.36,1786.63,23089902.0,sse50,上证50,1749.9285,1754.01,1770.5178333333336,1736.6595833333336,1782.3329500000002
2012-04-23,1812.93,1799.91,1819.79,1796.1,19034179.0,sse50,上证50,1751.993,1754.95,1771.9379999999999,1737.25025,1781.346
2012-04-24,1795.8,1808.86,1832.84,1784.26,27135605.0,sse50,上证50,1754.4189999999999,1756.8852,1772.9103333333333,1737.72675,1780.4173999999998
2012-04-25,1805.5,1819.22,1823.65,1802.38,21769077.0,sse50,上证50,1757.984,1758.4507999999998,1773.6458333333333,1738.1733333333334,1779.5449
2012-04-26,1825.04,1822.21,1829.72,1813.5,18304166.0,sse50,上证50,1761.6,1760.18,1774.969,1738.5708333333334,1778.8520999999998
2012-04-27,1823.37,1822.54,1831.55,1820.95,15916201.0,sse50,上证50,1765.2675,1762.8524,1776.2661666666668,1738.6998333333333,1778.0176500000002
2012-05-02,1846.86,1862.76,1874.1,1836.27,30750650.0,sse50,上证50,1772.9630000000002,1767.0180000000003,1778.7508333333333,1739.2890833333333,1777.4013
2012-05-03,1860.54,1864.3,1868.41,1854.58,19728143.0,sse50,上证50,1781.7734999999998,1771.1763999999998,1780.4568333333332,1739.8633333333335,1776.5535
2012-05-04,1862.31,1876.66,1877.43,1852.62,22344133.0,sse50,上证50,1790.325,1776.326,1782.1979999999999,1740.2900833333333,1775.7887
2012-05-07,1864.38,1866.62,1871.39,1852.46,23963885.0,sse50,上证50,1796.8920000000003,1780.9952000000003,1783.8946666666668,1740.6865833333334,1775.03595
2012-05-08,1865.86,1862.4,1866.44,1844.97,23699313.0,sse50,上证50,1803.1364999999998,1785.5235999999998,1786.0676666666666,1740.9419166666667,1774.31725
2012-05-09,1846.72,1830.13,1847.77,1828.73,20834353.0,sse50,上证50,1808.5715,1790.3748,1786.8688333333334,1741.1113333333333,1773.3942500000003
2012-05-10,1829.75,1829.61,1835.28,1822.48,18508387.0,sse50,上证50,1813.2400000000002,1796.0356,1787.7273333333333,1741.2863333333335,1772.4888500000002
2012-05-11,1826.04,1815.73,1834.59,1814.87,14797741.0,sse50,上证50,1817.2969999999998,1800.4396,1788.3508333333334,1741.2360833333332,1771.7270999999998
2012-05-14,1827.51,1800.5,1829.48,1798.29,19757730.0,sse50,上证50,1818.7745,1803.0484,1788.8835000000001,1741.3909999999998,1770.73755
2012-05-15,1790.72,1801.06,1802.1,1786.58,15570584.0,sse50,上证50,1819.9740000000002,1805.5904,1789.5848333333333,1741.5705833333334,1769.7141000000001
2012-05-16,1796.13,1774.24,1797.59,1772.73,16976778.0,sse50,上证50,1820.152,1807.7028,1789.6026666666667,1741.2220833333336,1768.5251500000002
2012-05-17,1776.72,1801.11,1805.69,1772.02,15729102.0,sse50,上证50,1822.7375,1810.2976,1790.2565,1741.1631666666665,1767.51655
2012-05-18,1788.26,1775.57,1790.92,1771.28,15496933.0,sse50,上证50,1822.0345000000002,1811.9368,1790.4218333333333,1741.3310833333335,1766.4529
2012-05-21,1775.29,1784.94,1795.96,1771.28,14001756.0,sse50,上证50,1821.7125,1812.4964000000002,1790.6806666666666,1741.6351666666667,1765.45925
2012-05-22,1792.75,1810.41,1811.52,1791.03,15663679.0,sse50,上证50,1821.4389999999999,1813.83,1791.1885,1742.38225,1764.7048000000002
2012-05-23,1806.79,1801.47,1815.96,1791.61,15626658.0,sse50,上证50,1821.5170000000003,1815.0616,1791.2920000000001,1743.0495833333334,1763.8880000000001
2012-05-24,1800.28,1789.43,1812.57,1784.94,14146977.0,sse50,上证50,1820.5455000000002,1816.6628,1791.1218333333334,1743.6095833333334,1763.2861000000003
2012-05-25,1790.45,1776.38,1795.2,1770.83,12970558.0,sse50,上证50,1818.4035,1816.1328,1790.2828333333334,1744.23725,1762.59725
2012-05-28,1771.69,1800.91,1801.37,1763.69,18040546.0,sse50,上证50,1817.3385000000003,1816.5140000000001,1789.8245,1745.0390833333333,1762.00785
2012-05-29,1800.68,1824.43,1827.63,1797.64,22215756.0,sse50,上证50,1817.4330000000002,1816.856,1789.5806666666665,1746.1454166666667,1761.6289
2012-05-30,1821.65,1818.39,1825.15,1813.44,15687089.0,sse50,上证50,1815.2145,1817.5952000000002,1789.5076666666666,1747.18475,1761.1798000000001
2012-05-31,1803.24,1804.59,1813.36,1798.44,12563111.0,sse50,上证50,1812.229,1817.4244,1789.2794999999999,1747.9221666666665,1760.6529999999998
2012-06-01,1806.48,1808.53,1820.17,1803.07,14934025.0,sse50,上证50,1808.8224999999998,1816.9968,1788.6908333333333,1749.1369999999997,1760.22405
2012-06-04,1790.69,1760.96,1791.61,1760.07,18926748.0,sse50,上证50,1803.5395,1814.5468000000003,1787.5745,1749.53625,1759.56385
2012-06-05,1765.67,1763.7,1772.38,1755.53,12844826.0,sse50,上证50,1798.6045000000001,1812.1932000000002,1787.0651666666668,1750.0299166666666,1758.9052
2012-06-06,1768.02,1768.58,1776.58,1762.47,13355949.0,sse50,上证50,1795.527,1808.4260000000002,1786.9355,1750.6472500000002,1758.4974
2012-06-07,1780.2,1757.77,1782.69,1754.18,12051356.0,sse50,上证50,1791.935,1804.1648,1786.2633333333333,1751.2202499999999,1758.3141
2012-06-08,1766.05,1738.59,1766.05,1736.08,17721490.0,sse50,上证50,1788.0780000000002,1798.642,1785.0483333333332,1751.5214166666665,1757.99795
2012-06-11,1741.19,1756.03,1762.71,1737.56,14601954.0,sse50,上证50,1785.8545000000001,1794.2184,1784.3665,1751.974333333333,1757.70475
2012-06-12,1746.59,1745.45,1753.13,1734.81,14685674.0,sse50,上证50,1783.0739999999998,1789.5404,1783.2373333333333,1752.41925,1757.2305500000002
2012-06-13,1750.52,1771.42,1772.57,1744.27,14934486.0,sse50,上证50,1782.9329999999998,1787.1919999999998,1783.1541666666667,1753.1919166666667,1756.89685
2012-06-14,1764.89,1756.3,1769.96,1754.28,12532502.0,sse50,上证50,1780.6924999999999,1784.2595999999999,1783.0845,1754.1126666666667,1756.3164
2012-06-15,1761.0,1769.49,1775.57,1750.39,15928894.0,sse50,上证50,1780.3884999999998,1782.41,1782.908,1755.2166666666667,1755.8494
2012-06-18,1778.09,1776.24,1785.78,1770.56,11639893.0,sse50,上证50,1779.9535000000003,1781.4396000000002,1782.8623333333335,1756.6935833333334,1755.4391
2012-06-19,1774.27,1764.88,1775.85,1763.78,11055393.0,sse50,上证50,1777.6770000000001,1779.9923999999999,1783.0148333333334,1757.8259166666664,1755.1391999999998
2012-06-20,1767.05,1763.63,1775.34,1761.42,10036677.0,sse50,上证50,1775.7849999999999,1779.568,1783.0983333333336,1758.9789999999998,1754.92595
2012-06-21,1760.41,1735.34,1760.41,1730.21,13188938.0,sse50,上证50,1773.0805,1776.9372,1782.6816666666666,1759.9031666666667,1754.6519500000002
2012-06-25,1729.1,1704.57,1729.46,1702.71,15713270.0,sse50,上证50,1769.4900000000002,1774.0972,1781.9591666666668,1760.7391666666667,1754.06885
2012-06-26,1692.49,1700.5,1708.41,1689.99,11289206.0,sse50,上证50,1764.4695,1770.7196000000001,1781.136,1761.508,1753.5374000000002
2012-06-27,1698.86,1695.03,1708.83,1692.05,9780881.0,sse50,上证50,1757.9995,1766.1044,1780.2333333333333,1762.1504166666666,1752.6201499999997
2012-06-28,1697.4,1681.38,1702.37,1680.44,9799351.0,sse50,上证50,1751.149,1761.3008,1779.7755,1762.8163333333332,1751.6453999999999
2012-06-29,1677.38,1708.86,1710.45,1675.52,13733901.0,sse50,上证50,1746.3625,1758.078,1780.1216666666664,1763.7984999999999,1751.0053
2012-07-02,1715.96,1706.17,1716.15,1697.34,14178706.0,sse50,上证50,1741.2445000000002,1755.2696000000003,1780.130666666667,1764.72625,1750.3608000000002
2012-07-03,1705.82,1710.41,1723.07,1699.31,12787197.0,sse50,上证50,1738.7169999999999,1751.6496,1779.7161666666666,1765.67475,1749.7051499999998
2012-07-04,1715.34,1712.94,1721.18,1706.48,10910454.0,sse50,上证50,1736.179,1747.19,1779.3066666666666,1766.4691666666668,1749.068
2012-07-05,1702.63,1695.36,1703.61,1686.19,11493729.0,sse50,上证50,1732.518,1742.2688,1778.8721666666668,1767.3044999999997,1748.4414
2012-07-06,1692.29,1711.58,1715.99,1681.04,17713291.0,sse50,上证50,1730.2085,1738.5484,1778.4611666666667,1768.26275,1748.0669500000001
2012-07-09,1699.41,1668.02,1708.19,1666.21,17274718.0,sse50,上证50,1726.6799999999998,1732.928,1777.3516666666667,1768.7599166666666,1747.50945
2012-07-10,1666.22,1664.42,1679.41,1661.29,11905512.0,sse50,上证50,1722.0994999999998,1729.0664,1775.5761666666667,1768.8046666666667,1746.76225
2012-07-11,1661.14,1672.25,1674.98,1658.79,11690169.0,sse50,上证50,1718.4395,1725.4084,1773.8291666666667,1768.5339166666668,1746.1245999999999
2012-07-12,1668.91,1680.05,1690.42,1651.25,20531501.0,sse50,上证50,1713.8709999999999,1721.8672,1772.3186666666668,1768.4154999999998,1745.5202
2012-07-13,1674.05,1685.02,1698.39,1672.87,11743666.0,sse50,上证50,1710.307,1718.9572,1771.2456666666665,1768.2785833333332,1745.0294000000001
2012-07-16,1688.78,1657.62,1688.78,1656.83,12879971.0,sse50,上证50,1704.7134999999998,1715.7184,1769.0455000000002,1768.0428333333334,1744.3819
2012-07-17,1653.74,1669.71,1676.75,1653.02,10192618.0,sse50,上证50,1699.387,1712.2656,1767.0176666666666,1768.107166666667,1743.8320500000002
2012-07-18,1669.78,1665.87,1673.54,1642.12,11820610.0,sse50,上证50,1694.4364999999998,1709.0824,1764.5174999999997,1767.5176666666666,1743.2367500000003
2012-07-19,1660.56,1674.27,1687.45,1656.74,15672352.0,sse50,上证50,1689.9684999999997,1705.1964,1762.4235,1767.18075,1742.85955
2012-07-20,1669.59,1658.3,1673.14,1653.44,12411732.0,sse50,上证50,1686.1165,1701.2764000000002,1759.9141666666667,1766.41225,1742.36285
2012-07-23,1646.76,1629.06,1646.76,1624.33,11275616.0,sse50,上证50,1682.341,1695.6592,1756.7448333333334,1765.1953333333333,1741.4663
2012-07-24,1621.3,1632.95,1644.45,1620.93,11149863.0,sse50,上证50,1678.9634999999998,1689.9275999999998,1753.5904999999998,1764.27975,1740.878
2012-07-25,1628.64,1627.96,1639.94,1626.04,8150938.0,sse50,上证50,1675.61,1684.4507999999998,1750.3475,1763.3068333333333,1740.3162
2012-07-26,1628.72,1624.46,1640.97,1622.55,10650163.0,sse50,上证50,1672.764,1678.8840000000002,1746.375833333333,1762.5633333333333,1739.9888500000002
2012-07-27,1630.28,1630.31,1642.07,1625.03,12220716.0,sse50,上证50,1668.8365,1674.6828,1742.476,1761.4664166666666,1739.58545
2012-07-30,1633.48,1625.64,1645.33,1622.69,12073818.0,sse50,上证50,1664.81,1671.5256,1738.2923333333335,1760.2451666666668,1739.2344500000002
2012-07-31,1628.02,1631.89,1643.57,1627.86,13190490.0,sse50,上证50,1660.884,1668.7812,1734.3801666666666,1759.1374166666667,1738.9461999999999
2012-08-01,1633.38,1645.62,1651.97,1632.94,11988440.0,sse50,上证50,1657.518,1666.8048000000001,1730.7671666666668,1758.4174166666667,1738.7518
2012-08-02,1641.83,1634.55,1645.96,1627.55,11196975.0,sse50,上证50,1654.4775000000002,1664.9316000000001,1727.5075,1757.1881666666668,1738.5778
2012-08-03,1637.81,1641.6,1642.17,1628.48,10110264.0,sse50,上证50,1650.9785,1662.2412,1724.3739999999998,1756.0506666666665,1738.4087
2012-08-06,1639.76,1658.37,1661.2,1638.1,14218290.0,sse50,上证50,1650.4959999999999,1660.3292,1721.7513333333334,1755.0510833333333,1738.01375
2012-08-07,1657.16,1657.91,1662.49,1653.02,13555374.0,sse50,上证50,1650.1705000000002,1658.2292000000002,1719.3748333333335,1754.1291666666668,1737.5686
2012-08-08,1659.47,1662.77,1671.49,1657.29,12333647.0,sse50,上证50,1649.6965,1656.2223999999999,1717.07,1753.3274166666667,1737.1563999999998
2012-08-09,1662.06,1671.95,1673.09,1652.98,11191154.0,sse50,上证50,1649.2915,1655.2859999999998,1715.3651666666665,1752.4839166666666,1736.73085
2012-08-10,1670.58,1665.18,1675.52,1663.61,12253282.0,sse50,上证50,1648.2994999999999,1653.43,1713.0996666666665,1751.6780833333332,1736.51035
2012-08-13,1661.6,1632.0,1661.6,1630.21,15931938.0,sse50,上证50,1647.0184999999997,1651.9891999999998,1710.7068333333334,1750.5643333333333,1736.1256
2012-08-14,1633.08,1633.14,1636.19,1616.38,13111367.0,sse50,上证50,1645.1899999999998,1650.7379999999998,1708.1768333333334,1749.4287499999998,1735.92115
2012-08-15,1628.57,1610.41,1630.42,1609.17,9757907.0,sse50,上证50,1642.417,1648.2644,1704.8435,1748.0159999999998,1735.5927
2012-08-16,1608.94,1605.28,1614.01,1603.96,7574578.0,sse50,上证50,1638.9675,1645.2735999999998,1701.5736666666667,1746.4328333333333,1734.9739500000003
2012-08-17,1604.71,1606.0,1609.68,1595.24,8822573.0,sse50,上证50,1636.3525,1642.1127999999999,1698.5165000000002,1744.8191666666667,1734.2455499999999
2012-08-20,1594.06,1596.19,1599.47,1582.71,9221488.0,sse50,上证50,1634.709,1639.6556,1695.5133333333333,1742.8980833333333,1733.39835
2012-08-21,1596.52,1598.5,1609.99,1592.04,11766242.0,sse50,上证50,1632.9865000000002,1636.8072,1692.1398333333334,1740.9821666666664,1732.5183000000002
2012-08-22,1600.11,1591.33,1602.1,1583.4,10283060.0,sse50,上证50,1631.155,1633.8256,1688.2548333333334,1738.91775,1731.4396500000003
2012-08-23,1593.22,1596.57,1602.5,1585.78,12087463.0,sse50,上证50,1629.7604999999999,1630.7176000000002,1684.5578333333333,1737.0327499999999,1730.4622499999998
2012-08-24,1594.82,1588.11,1598.07,1586.29,11203431.0,sse50,上证50,1627.6505,1627.91,1680.9498333333333,1735.1146666666668,1729.4258500000003
2012-08-27,1583.91,1557.17,1583.91,1556.53,14368404.0,sse50,上证50,1624.227,1625.0344,1676.7605,1732.7256666666665,1728.08445
2012-08-28,1558.17,1570.44,1578.22,1555.44,13370346.0,sse50,上证50,1621.1545,1622.5339999999999,1673.5851666666667,1730.5798333333332,1726.84145
2012-08-29,1565.28,1554.4,1569.71,1553.54,12083361.0,sse50,上证50,1616.5935000000002,1619.5916,1670.0968333333333,1728.581,1725.45465
2012-08-30,1542.24,1560.29,1564.63,1542.24,13603249.0,sse50,上证50,1612.8805,1617.0248000000001,1666.6253333333334,1726.7804166666667,1724.2070999999999
2012-08-31,1556.01,1551.2,1564.69,1549.9,10180339.0,sse50,上证50,1608.3605,1613.8604,1663.1825,1724.7229166666666,1722.92005
2012-09-03,1547.77,1560.08,1567.23,1545.6,15216996.0,sse50,上证50,1603.4460000000001,1611.2379999999998,1660.2073333333333,1722.6278333333332,1721.6116499999998
2012-09-04,1566.23,1548.04,1567.5,1543.56,13281528.0,sse50,上证50,1597.9524999999999,1607.884,1656.7408333333333,1720.5536666666667,1720.4423000000002
2012-09-05,1544.47,1537.53,1548.34,1531.11,14240440.0,sse50,上证50,1591.6905000000002,1603.5603999999998,1653.2755,1718.2564166666666,1719.2323999999999
2012-09-06,1540.35,1550.97,1551.57,1535.97,13009580.0,sse50,上证50,1585.6415,1600.2172,1649.6013333333333,1716.37775,1717.90695
2012-09-07,1561.36,1619.21,1634.69,1561.36,37465383.0,sse50,上证50,1583.343,1599.3216,1647.3165000000001,1715.2005,1716.9621
2012-09-10,1620.36,1620.03,1628.64,1612.57,22390315.0,sse50,上证50,1582.7445,1597.7879999999998,1644.8255,1713.86675,1716.2851500000002
2012-09-11,1613.25,1605.07,1613.25,1593.36,15694337.0,sse50,上证50,1581.341,1595.6744,1641.9726666666663,1712.4175,1715.56825
2012-09-12,1615.13,1607.99,1623.89,1595.53,15426787.0,sse50,上证50,1581.22,1593.4832000000001,1639.3578333333332,1711.1863333333333,1715.0044
2012-09-13,1605.77,1597.16,1611.08,1597.01,12607580.0,sse50,上证50,1580.814,1590.4916,1636.5833333333333,1709.8408333333332,1714.3832499999999
2012-09-14,1616.01,1614.7,1626.0,1604.17,20827569.0,sse50,上证50,1581.249,1588.4724,1634.5726666666667,1708.6271666666667,1713.8455999999999
2012-09-17,1612.55,1582.1,1615.22,1581.3,16358119.0,sse50,上证50,1580.5445,1586.4764000000002,1632.5315,1707.2453333333333,1713.2508000000003
2012-09-18,1574.3,1564.98,1576.96,1560.71,11371892.0,sse50,上证50,1578.8685,1583.75,1630.2728333333332,1705.7044166666667,1712.55225
2012-09-19,1565.24,1569.07,1571.68,1558.04,12346045.0,sse50,上证50,1577.7555,1582.0964000000001,1628.1735,1704.2034166666667,1711.9392500000001
2012-09-20,1562.77,1540.96,1562.77,1539.22,15376603.0,sse50,上证50,1574.975,1579.5236000000002,1625.8331666666668,1702.8043333333333,1711.1756999999998
2012-09-21,1537.12,1545.96,1557.26,1535.61,14130161.0,sse50,上证50,1572.8674999999998,1577.122,1623.1181666666669,1701.6199166666668,1710.325
2012-09-24,1534.65,1553.97,1560.24,1528.58,13875900.0,sse50,上证50,1572.7075,1575.4332000000002,1620.5815,1700.3560833333333,1709.7811000000002
2012-09-25,1550.18,1553.7,1560.99,1547.58,10336341.0,sse50,上证50,1571.8705,1573.6412,1617.9696666666669,1698.8429166666667,1708.98435
2012-09-26,1551.43,1541.14,1557.15,1536.96,9146014.0,sse50,上证50,1571.2075,1571.6336,1615.1063333333334,1697.2065,1708.1677499999998
2012-09-27,1541.55,1587.96,1600.04,1541.19,20088600.0,sse50,上证50,1572.591,1571.2892,1613.3163333333332,1696.0942499999999,1707.63505
2012-09-28,1576.27,1613.09,1616.38,1575.18,22188841.0,sse50,上证50,1575.6855,1572.2884,1611.6748333333335,1695.068,1707.2554499999999
2012-10-08,1611.64,1596.14,1623.09,1588.0,11995070.0,sse50,上证50,1577.4885,1573.8472,1610.4768333333334,1693.9142500000003,1706.7239
2012-10-09,1605.17,1627.66,1635.46,1605.17,18523274.0,sse50,上证50,1581.4695000000002,1576.136,1609.8641666666665,1692.7201666666665,1706.3537999999999
2012-10-10,1623.28,1625.33,1627.38,1614.63,11822438.0,sse50,上证50,1585.8595,1578.9732000000001,1609.0821666666666,1691.4556666666665,1706.0201499999998
2012-10-11,1619.83,1615.75,1624.71,1609.89,13003582.0,sse50,上证50,1589.0985,1581.1916,1608.0104999999999,1690.1645833333334,1705.7054
2012-10-12,1621.83,1618.66,1636.41,1608.23,13116776.0,sse50,上证50,1589.071,1583.89,1606.9045,1689.0750833333334,1705.56965
2012-10-15,1620.05,1612.96,1622.43,1603.28,9339004.0,sse50,上证50,1588.7175,1586.0052000000003,1606.1601666666668,1687.6028333333334,1705.4494
2012-10-16,1611.26,1614.14,1624.48,1606.91,10256926.0,sse50,上证50,1589.171,1588.6492,1605.2340000000002,1686.1258333333333,1705.52505
2012-10-17,1619.62,1617.66,1624.3,1603.35,11418780.0,sse50,上证50,1589.6545,1591.8544,1604.4305,1684.4739999999997,1705.4683499999999
2012-10-18,1621.05,1639.67,1643.48,1619.62,16552872.0,sse50,上证50,1591.78,1595.4024000000002,1603.8538333333336,1683.1386666666667,1705.5404
2012-10-19,1637.92,1637.77,1643.22,1635.1,11151234.0,sse50,上证50,1592.9335,1596.1448,1603.5116666666665,1681.7129166666666,1705.6070499999998
2012-10-22,1628.19,1643.34,1648.08,1625.24,11542939.0,sse50,上证50,1595.9955,1597.0772000000004,1603.7496666666668,1680.24725,1705.8025
2012-10-23,1642.84,1625.81,1646.37,1624.22,12467079.0,sse50,上证50,1599.037,1597.9068,1603.630666666667,1678.6105833333336,1705.8903500000001
2012-10-24,1619.95,1623.64,1631.77,1618.75,11463666.0,sse50,上证50,1601.7655,1598.5328,1603.5586666666668,1676.9530833333333,1705.91885
2012-10-25,1622.79,1612.95,1632.42,1611.11,13712402.0,sse50,上证50,1605.3650000000002,1599.1644000000001,1603.3668333333333,1674.8713333333333,1705.97625
2012-10-26,1614.42,1584.7,1616.35,1577.72,13999065.0,sse50,上证50,1607.3020000000001,1597.9644,1602.6066666666666,1672.5413333333333,1705.9447499999997
2012-10-29,1581.23,1571.53,1583.68,1566.95,10184829.0,sse50,上证50,1608.18,1597.5416,1601.7048333333332,1669.9985833333333,1705.8282000000002
2012-10-30,1572.55,1576.32,1586.68,1568.46,13472986.0,sse50,上证50,1609.3110000000001,1597.9952000000003,1600.7786666666666,1667.5794166666667,1705.72685
2012-10-31,1578.47,1587.05,1588.73,1573.19,13878468.0,sse50,上证50,1611.6065,1598.7144,1599.8025,1665.2848333333334,1705.57405
2012-11-01,1589.3,1617.73,1625.78,1589.14,19249881.0,sse50,上证50,1613.095,1601.7851999999998,1599.5221666666666,1663.5148333333334,1705.6870999999999
2012-11-02,1617.32,1626.61,1628.83,1609.38,15256004.0,sse50,上证50,1613.7710000000002,1605.0112,1599.2723333333336,1661.8231666666666,1705.8372
2012-11-05,1623.76,1624.71,1634.79,1615.38,16093072.0,sse50,上证50,1615.1995,1607.8408,1598.7113333333332,1660.2313333333334,1705.91895
2012-11-06,1625.41,1619.74,1627.15,1597.75,13093677.0,sse50,上证50,1614.8035,1610.4823999999999,1598.0751666666665,1658.725,1705.7223999999999
2012-11-07,1617.21,1617.83,1626.21,1608.79,13237335.0,sse50,上证50,1614.4285,1613.55,1597.3261666666667,1657.1980833333334,1705.28785
2012-11-08,1604.95,1591.62,1609.69,1590.91,12788451.0,sse50,上证50,1613.2220000000002,1613.6964,1595.9873333333335,1655.67625,1704.77465
2012-11-09,1589.52,1591.85,1598.71,1587.79,11929670.0,sse50,上证50,1611.8815,1612.8468,1594.7651666666668,1653.9324166666668,1704.22665
2012-11-12,1592.86,1600.88,1601.29,1587.17,13888289.0,sse50,上证50,1611.2775000000001,1613.0364,1594.2465,1652.4766666666665,1703.8015
2012-11-13,1600.3,1575.26,1600.3,1571.63,12393955.0,sse50,上证50,1609.3335,1610.9404000000002,1593.2818333333335,1650.7293333333332,1703.36785
2012-11-14,1575.83,1581.95,1585.69,1571.55,10010013.0,sse50,上证50,1607.548,1609.2051999999999,1592.8075,1648.8255,1702.5945499999998
2012-11-15,1573.59,1563.7,1579.64,1563.28,10519202.0,sse50,上证50,1603.7495000000001,1607.1232,1592.1145,1646.8440833333332,1701.8395500000001
2012-11-16,1560.81,1551.56,1562.56,1542.53,11474377.0,sse50,上证50,1599.4389999999999,1604.4391999999998,1591.2071666666666,1644.8618333333332,1700.84475
2012-11-19,1550.25,1550.89,1551.59,1533.51,10594898.0,sse50,上证50,1594.8165000000001,1601.9563999999998,1590.4521666666665,1642.98275,1699.72375
2012-11-20,1554.81,1540.49,1557.09,1539.38,8178309.0,sse50,上证50,1590.5504999999998,1599.0104000000001,1589.4853333333333,1640.8125833333331,1698.7121
2012-11-21,1539.89,1562.97,1563.8,1534.32,10087244.0,sse50,上证50,1587.517,1596.8228,1589.0126666666665,1638.63375,1697.8034
2012-11-22,1553.97,1554.75,1557.22,1547.64,7220379.0,sse50,上证50,1584.607,1593.4259999999997,1588.3156666666666,1636.43675,1697.00875
2012-11-23,1559.71,1568.75,1574.48,1555.16,11417987.0,sse50,上证50,1583.8095,1590.6652,1587.993,1634.4714166666668,1696.0428
2012-11-26,1565.64,1563.2,1569.36,1557.75,8560923.0,sse50,上证50,1583.393,1587.4596,1588.0935,1632.4270000000001,1694.99785
2012-11-27,1559.46,1552.92,1563.84,1551.56,11619656.0,sse50,上证50,1582.223,1584.5439999999999,1587.8015,1630.6933333333332,1693.93835
2012-11-28,1547.25,1542.07,1549.35,1538.77,11608977.0,sse50,上证50,1579.974,1581.2812,1587.5960000000002,1628.8464166666668,1692.9886
2012-11-29,1541.84,1532.92,1549.16,1530.57,11426423.0,sse50,上证50,1575.7335,1578.08,1587.1398333333334,1626.8825833333333,1691.7429000000002
2012-11-30,1531.6,1547.76,1550.11,1529.03,12764586.0,sse50,上证50,1571.791,1576.6024,1587.0825,1625.1325,1690.5911999999998
2012-12-03,1544.59,1532.18,1557.65,1531.58,15942709.0,sse50,上证50,1567.1645,1575.0284,1586.6175,1623.4124166666668,1689.3605000000002
2012-12-04,1529.33,1545.95,1550.27,1528.28,13422758.0,sse50,上证50,1563.475,1573.8136,1586.5826666666667,1621.66175,1688.24755
2012-12-05,1544.57,1601.74,1608.11,1543.26,35083555.0,sse50,上证50,1562.6705,1574.4012,1587.6528333333335,1620.4641666666669,1687.46135
2012-12-06,1599.53,1600.42,1608.44,1590.04,19397373.0,sse50,上证50,1563.1105000000002,1573.7088,1588.477,1619.0391666666667,1686.5976
2012-12-07,1602.3,1634.92,1637.54,1599.67,31809626.0,sse50,上证50,1565.264,1574.0412,1588.7388333333333,1618.0276666666666,1685.9628
2012-12-10,1642.08,1653.28,1659.27,1640.56,30402229.0,sse50,上证50,1567.884,1575.184,1589.2930000000001,1617.05925,1685.40095
2012-12-11,1648.06,1645.01,1657.65,1642.94,20039302.0,sse50,上证50,1571.3715,1576.1948000000002,1589.9586666666667,1615.9656666666665,1684.77895
2012-12-12,1645.63,1657.13,1659.66,1642.79,20131344.0,sse50,上证50,1575.1305,1577.7667999999999,1590.7776666666666,1615.06775,1684.1649
2012-12-13,1651.67,1635.63,1654.79,1634.63,16461029.0,sse50,上证50,1578.727,1579.5272,1591.4188333333334,1614.0010833333333,1683.36675
2012-12-14,1637.61,1728.06,1728.82,1637.61,47748303.0,sse50,上证50,1587.5520000000001,1584.9756,1593.3081666666667,1613.9404166666668,1683.0088499999997
2012-12-17,1732.9,1738.85,1750.1,1732.64,38227780.0,sse50,上证50,1596.9500000000003,1590.4944,1595.9206666666664,1614.2260833333335,1682.5695
2012-12-18,1734.95,1744.85,1768.37,1725.56,34703474.0,sse50,上证50,1607.1680000000001,1597.2779999999998,1598.9185,1614.5956666666668,1682.1517
2012-12-19,1740.28,1744.02,1759.72,1736.47,25016549.0,sse50,上证50,1616.2205,1603.7608000000002,1601.8343333333335,1615.0039166666668,1681.6765
2012-12-20,1735.8,1751.94,1757.8,1725.85,25798834.0,sse50,上证50,1626.08,1611.2904,1605.3506666666667,1615.5919166666667,1681.3223500000001
2012-12-21,1753.25,1737.99,1769.77,1732.99,25337049.0,sse50,上证50,1634.542,1618.7476000000001,1608.5511666666666,1615.8346666666666,1680.9209
2012-12-24,1733.41,1746.44,1759.67,1731.84,19109019.0,sse50,上证50,1643.7040000000002,1626.5696000000003,1611.7589999999998,1616.17025,1680.4338500000001
2012-12-25,1739.74,1798.88,1808.34,1734.6,36399072.0,sse50,上证50,1656.002,1636.9052,1615.8453333333334,1616.9075,1680.2885500000002
2012-12-26,1796.61,1800.56,1806.09,1792.86,25512386.0,sse50,上证50,1668.9265,1646.4088000000002,1620.169,1617.6376666666665,1680.32005
2012-12-27,1805.83,1786.78,1816.9,1785.86,24965547.0,sse50,上证50,1681.6195,1655.69,1623.4826666666668,1618.3995,1680.37215
2012-12-28,1789.69,1817.85,1819.65,1789.42,26285552.0,sse50,上证50,1695.1240000000003,1665.6540000000002,1626.8953333333334,1619.2850833333332,1680.4709
2012-12-31,1821.98,1857.68,1858.32,1821.98,32880988.0,sse50,上证50,1711.3990000000001,1677.4332000000002,1631.2543333333333,1620.8655833333332,1680.70185
2013-01-04,1885.96,1870.5,1899.88,1849.78,39205649.0,sse50,上证50,1727.6264999999999,1690.1364,1635.3016666666667,1622.5829166666665,1681.06965
2013-01-07,1865.06,1880.26,1892.13,1857.28,28529499.0,sse50,上证50,1741.5525000000002,1703.664,1639.5505,1624.3163333333332,1681.4049499999999
2013-01-08,1879.85,1857.69,1883.14,1846.29,25348552.0,sse50,上证50,1754.4160000000004,1716.6548,1643.5828333333334,1625.7966666666666,1681.8113500000002
2013-01-09,1851.61,1855.34,1861.37,1839.01,25102113.0,sse50,上证50,1765.437,1728.9579999999999,1647.5275,1627.2160000000001,1682.28565
2013-01-10,1854.99,1855.49,1875.58,1843.35,25129345.0,sse50,上证50,1775.5475,1741.8904,1651.5696666666665,1628.8649166666664,1682.6626999999999
2013-01-11,1857.77,1818.98,1863.27,1810.84,26437823.0,sse50,上证50,1784.2459999999999,1752.8116,1654.9836666666665,1630.1088333333332,1682.8627000000001
2013-01-14,1811.31,1893.1,1900.41,1811.07,35861754.0,sse50,上证50,1796.0445,1764.4659999999997,1659.5743333333335,1632.0024166666667,1683.54955
2013-01-15,1892.51,1900.05,1907.65,1889.69,32659328.0,sse50,上证50,1809.2655000000002,1776.4512,1663.914,1633.8839166666667,1684.2567
2013-01-16,1895.23,1877.0,1898.23,1851.33,31643989.0,sse50,上证50,1816.7125,1786.1344,1667.9011666666668,1635.7064166666667,1684.84
2013-01-17,1871.64,1854.94,1872.15,1844.45,23301845.0,sse50,上证50,1822.5169999999998,1794.2008,1671.4278333333336,1637.58875,1685.3750999999997
2013-01-18,1867.76,1886.79,1897.61,1854.66,25629170.0,sse50,上证50,1829.614,1803.872,1675.7775,1639.7040833333335,1686.0596000000003
2013-01-21,1890.85,1898.44,1899.0,1871.67,31428562.0,sse50,上证50,1837.3350000000003,1813.5244,1680.3574999999998,1641.9580833333334,1686.8058500000002
2013-01-22,1895.0,1898.5,1917.46,1878.45,41290890.0,sse50,上证50,1844.663,1824.0392,1685.1166666666666,1644.2417500000001,1687.7541
2013-01-23,1890.69,1910.14,1911.2,1885.27,28708680.0,sse50,上证50,1853.2705,1831.3224,1690.5406666666668,1646.5736666666667,1688.86435
2013-01-24,1909.92,1900.18,1961.98,1885.46,46362517.0,sse50,上证50,1860.9575,1837.7756,1696.0181666666665,1648.8614999999998,1689.8371
2013-01-25,1898.28,1886.45,1905.38,1881.13,21809224.0,sse50,上证50,1865.336,1843.4396,1701.1870000000001,1650.9828333333332,1690.5929499999997
2013-01-28,1890.89,1957.4,1958.2,1890.89,40011939.0,sse50,上证50,1873.1779999999999,1851.9748000000002,1707.3595,1653.581,1691.6924
2013-01-29,1959.8,1982.62,1993.19,1950.48,41983989.0,sse50,上证50,1882.97,1861.2019999999998,1713.4409999999998,1656.4815833333332,1692.9983499999998
2013-01-30,1984.92,1989.31,1991.66,1969.78,40256772.0,sse50,上证50,1891.5430000000001,1871.2548000000002,1719.486,1659.3791666666668,1694.2637
2013-01-31,1992.48,1993.25,2000.65,1976.7,37917418.0,sse50,上证50,1898.3215,1881.1272,1725.6283333333336,1662.1698333333334,1695.557
2013-02-01,1984.97,2055.72,2058.05,1979.1,43939580.0,sse50,上证50,1907.5825,1891.4008,1732.8946666666666,1665.4849166666665,1696.98085
2013-02-04,2068.02,2065.39,2087.93,2050.69,55089818.0,sse50,上证50,1916.839,1901.994,1740.3539999999998,1668.8400833333333,1698.42245
2013-02-05,2044.16,2068.95,2076.93,2035.37,50456802.0,sse50,上证50,1927.4019999999996,1913.2808000000002,1748.3095,1672.148416666667,1699.9138
2013-02-06,2069.34,2078.49,2088.45,2063.99,35202126.0,sse50,上证50,1938.5595,1923.7063999999998,1756.4201666666665,1675.5926666666667,1701.5592499999998
2013-02-07,2074.48,2048.58,2077.48,2014.75,43496464.0,sse50,上证50,1948.214,1931.3424,1763.8818333333334,1679.0641666666666,1702.854
2013-02-08,2044.14,2042.42,2061.01,2022.89,34424608.0,sse50,上证50,1959.386,1938.2191999999998,1771.6678333333332,1682.4748333333334,1704.1091999999999
2013-02-18,2051.92,2014.58,2055.41,2013.22,32958719.0,sse50,上证50,1965.4599999999998,1943.592,1778.8783333333333,1685.8429166666667,1705.1027
2013-02-19,2011.39,1981.07,2018.91,1971.43,31312885.0,sse50,上证50,1969.5109999999997,1948.5272,1785.8345000000002,1688.9745,1706.0085000000001
2013-02-20,1982.43,1978.3,1984.33,1948.7,29397312.0,sse50,上证50,1974.5759999999998,1953.4456,1792.9468333333332,1692.077,1706.8557
2013-02-21,1955.17,1897.9,1955.17,1876.32,44900040.0,sse50,上证50,1976.7240000000002,1955.1419999999998,1798.7303333333334,1694.5912500000002,1707.2491
2013-02-22,1895.43,1883.48,1902.66,1878.34,25565221.0,sse50,上证50,1976.5584999999999,1957.7220000000002,1804.4468333333332,1696.9660833333332,1707.55545
2013-02-25,1893.44,1890.77,1912.03,1879.84,22271335.0,sse50,上证50,1976.175,1957.6287999999997,1809.9101666666668,1699.4614166666665,1707.8966
2013-02-26,1874.05,1865.13,1916.76,1863.01,36884580.0,sse50,上证50,1974.5065,1956.2320000000002,1815.0831666666668,1701.6994166666668,1707.90845
2013-02-27,1871.44,1889.48,1907.2,1869.51,28667309.0,sse50,上证50,1973.4735,1956.7312,1820.4286666666667,1704.2108333333333,1708.03435
2013-02-28,1906.13,1956.61,1957.49,1886.74,39611086.0,sse50,上证50,1976.295,1960.7979999999998,1826.9855,1707.5395,1708.4341
2013-03-01,1955.73,1944.42,1963.6,1911.66,32482814.0,sse50,上证50,1979.1935,1963.1031999999998,1833.5105,1710.656,1708.8231
2013-03-04,1904.43,1841.62,1904.95,1828.55,48133501.0,sse50,上证50,1973.4044999999999,1960.8304,1838.503,1713.0495,1708.7191999999998
2013-03-05,1844.29,1916.71,1917.18,1843.16,40242321.0,sse50,上证50,1970.109,1961.5588,1844.8995,1716.0196666666668,1709.1521
2013-03-06,1925.52,1933.7,1943.93,1907.62,36144745.0,sse50,上证50,1967.3285,1962.5012,1851.3318333333334,1719.2071666666666,1709.67255
2013-03-07,1922.93,1902.37,1937.95,1881.67,32461904.0,sse50,上证50,1962.7845000000002,1962.5888,1857.5016666666666,1722.0595833333332,1710.1057500000002
2013-03-08,1906.36,1901.48,1917.05,1889.38,23858347.0,sse50,上证50,1955.0724999999998,1963.19,1863.4271666666668,1725.0049166666665,1710.61065
2013-03-11,1895.05,1879.82,1899.31,1867.37,19386327.0,sse50,上证50,1945.7939999999999,1960.0868,1868.0618333333332,1727.8573333333334,1711.0044500000001
2013-03-12,1878.54,1854.62,1900.36,1837.83,28375102.0,sse50,上证50,1935.0775,1954.9668,1872.2984999999999,1730.38775,1711.4063499999997
2013-03-13,1853.02,1835.61,1860.06,1827.65,21946981.0,sse50,上证50,1922.9334999999999,1948.8187999999998,1875.6433333333332,1732.1910833333334,1711.5788499999999
2013-03-14,1830.71,1838.36,1850.43,1824.13,20720849.0,sse50,上证50,1912.4225000000001,1942.6231999999998,1878.7279999999998,1734.0105,1711.8928
2013-03-15,1835.61,1841.32,1894.25,1815.37,38325471.0,sse50,上证50,1902.3674999999998,1934.0472,1881.9998333333335,1735.97925,1712.1747
2013-03-18,1829.39,1811.24,1841.91,1809.44,25927284.0,sse50,上证50,1892.2005000000001,1923.8812,1884.5683333333332,1737.673,1712.17885
2013-03-19,1813.32,1830.96,1836.03,1805.56,21901416.0,sse50,上证50,1884.6950000000002,1914.3616,1887.8238333333331,1739.6213333333333,1712.3262999999997
2013-03-20,1833.36,1905.77,1905.9,1833.36,40866175.0,sse50,上证50,1881.0685,1907.4528,1890.7856666666667,1742.0469166666667,1712.908
2013-03-21,1906.85,1902.3,1912.96,1890.54,26519125.0,sse50,上证50,1881.2884999999999,1901.6016,1893.5098333333335,1744.71525,1713.5375999999999
2013-03-22,1900.15,1904.46,1913.27,1893.17,20038064.0,sse50,上证50,1882.3375,1896.0832,1896.1699999999998,1747.54425,1714.05535
2013-03-25,1913.79,1901.93,1927.37,1898.27,23625148.0,sse50,上证50,1882.8954999999999,1891.5772,1898.8018333333334,1750.3180833333333,1714.4428500000001
2013-03-26,1891.31,1861.26,1894.66,1852.16,28406639.0,sse50,上证50,1882.702,1886.7848,1900.6238333333333,1752.98725,1714.6572
2013-03-27,1863.52,1868.44,1891.28,1854.82,23942410.0,sse50,上证50,1881.65,1882.3904,1902.798,1755.6745833333332,1714.97645
2013-03-28,1816.85,1791.64,1816.85,1782.24,44979129.0,sse50,上证50,1873.4015,1878.14,1903.5513333333333,1757.6551666666667,1714.892
2013-03-29,1791.57,1793.19,1797.38,1774.92,25793779.0,sse50,上证50,1865.8399999999997,1874.5284,1903.4565,1759.6509166666667,1715.05315
2013-04-01,1781.79,1784.07,1796.29,1779.1,17725718.0,sse50,上证50,1862.9625,1870.2604000000001,1903.1816666666666,1761.6753333333331,1715.155
2013-04-02,1785.57,1783.22,1805.74,1771.37,22046604.0,sse50,上证50,1856.2879999999998,1866.984,1903.1223333333332,1763.3025,1715.2282
2013-04-03,1787.98,1789.67,1805.01,1782.79,18750240.0,sse50,上证50,1849.0865000000001,1862.9916,1902.6526666666664,1764.7740000000001,1715.3877
2013-04-08,1755.76,1773.1,1775.34,1747.66,19582654.0,sse50,上证50,1842.623,1855.6512,1901.243,1766.2486666666666,1715.5602500000002
2013-04-09,1776.83,1788.63,1800.57,1776.83,19777794.0,sse50,上证50,1836.9805000000001,1849.4196000000002,1899.8785,1767.5900833333335,1715.72325
2013-04-10,1787.74,1787.93,1794.22,1775.61,17215201.0,sse50,上证50,1832.386,1847.2720000000002,1898.3396666666667,1768.9450833333333,1715.9356500000001
2013-04-11,1802.51,1784.13,1808.29,1782.9,16193326.0,sse50,上证50,1828.8614999999998,1841.9688,1897.1136666666669,1770.34825,1715.9992000000002
2013-04-12,1783.09,1774.51,1794.34,1773.5,14354895.0,sse50,上证50,1825.8065,1835.6012000000003,1895.7665000000002,1771.647,1716.09025
2013-04-15,1768.21,1759.8,1777.14,1754.7,17433015.0,sse50,上证50,1821.8785,1829.8984,1894.1716666666666,1772.8706666666667,1716.0418000000002
2013-04-16,1746.31,1772.64,1774.07,1739.22,22379943.0,sse50,上证50,1818.4445,1824.7447999999997,1893.3993333333335,1774.1915,1716.0237999999997
2013-04-17,1769.81,1761.62,1774.49,1747.41,16511135.0,sse50,上证50,1815.9634999999998,1820.0167999999999,1891.2079999999999,1775.3911666666668,1716.0075
2013-04-18,1745.94,1768.15,1772.61,1740.26,17537744.0,sse50,上证50,1812.8229999999999,1816.5580000000002,1889.0096666666666,1776.4618333333335,1716.0301000000002
2013-04-19,1772.64,1827.98,1836.61,1771.5,33057170.0,sse50,上证50,1808.9334999999999,1816.2528,1888.1926666666666,1778.0469166666667,1716.4932999999999
2013-04-22,1820.03,1823.95,1830.99,1814.87,21621229.0,sse50,上证50,1805.016,1815.6764,1887.6761666666666,1779.552,1717.0901999999999
2013-04-23,1828.09,1760.68,1828.09,1759.42,23227788.0,sse50,上证50,1797.827,1812.4508,1885.5743333333335,1780.6759166666666,1717.3910999999998
2013-04-24,1764.03,1793.89,1809.13,1755.44,22392291.0,sse50,上证50,1792.425,1811.7568,1883.8318333333334,1782.0946666666669,1717.8854000000001
2013-04-25,1786.86,1778.29,1800.56,1762.17,20584645.0,sse50,上证50,1788.2765,1809.65,1881.8283333333334,1783.4724999999999,1718.36995
2013-04-26,1786.64,1766.04,1793.95,1760.22,16714033.0,sse50,上证50,1783.1564999999998,1804.0608000000002,1879.4266666666667,1784.9836666666667,1718.65585
2013-05-02,1758.38,1763.05,1766.14,1745.57,17926222.0,sse50,上证50,1781.727,1798.4907999999998,1877.1411666666668,1786.5796666666668,1718.9402499999999
2013-05-03,1770.69,1795.49,1821.38,1770.32,24561653.0,sse50,上证50,1781.842,1794.1319999999998,1875.6251666666665,1788.4060833333335,1719.36565
2013-05-06,1804.89,1816.6,1826.19,1801.36,21997266.0,sse50,上证50,1783.4685000000002,1790.7188,1873.2785000000001,1790.319,1719.8839500000001
2013-05-07,1812.03,1817.93,1824.51,1800.27,19382042.0,sse50,上证50,1785.2040000000002,1788.9856000000002,1870.5336666666667,1791.9873333333335,1720.4968000000001
2013-05-08,1826.43,1824.38,1842.13,1814.96,21146420.0,sse50,上证50,1786.9394999999997,1787.2232000000001,1867.7848333333334,1793.6354166666667,1721.0608000000002
2013-05-09,1825.38,1807.86,1826.97,1794.42,19442053.0,sse50,上证50,1788.6774999999998,1787.872,1864.695,1795.1616666666666,1721.76
2013-05-10,1804.18,1819.12,1823.47,1798.99,16322284.0,sse50,上证50,1790.202,1788.9091999999998,1860.7516666666668,1796.8231666666666,1722.5335
2013-05-13,1819.56,1810.72,1823.04,1800.31,17360638.0,sse50,上证50,1791.3415,1789.9751999999999,1856.5071666666668,1798.4305833333333,1723.2258499999998
2013-05-14,1806.18,1785.58,1807.04,1776.69,18312642.0,sse50,上证50,1791.4140000000002,1790.0695999999998,1851.7843333333333,1800.0469166666667,1723.7535
2013-05-15,1787.84,1789.43,1795.38,1781.22,12433946.0,sse50,上证50,1792.1600000000003,1790.06,1846.9666666666667,1801.6934166666665,1724.2755499999998
2013-05-16,1785.71,1821.45,1822.67,1770.41,24404904.0,sse50,上证50,1795.2424999999998,1791.994,1843.1811666666665,1803.5315,1725.0947
2013-05-17,1819.52,1843.81,1849.88,1810.32,27563300.0,sse50,上证50,1798.801,1794.2012,1839.871,1805.7694166666668,1725.9651999999999
2013-05-20,1848.32,1861.25,1877.27,1841.42,29655707.0,sse50,上证50,1803.7825,1797.134,1837.3155000000002,1808.0969166666666,1726.9421
2013-05-21,1858.14,1851.08,1863.03,1840.2,19781473.0,sse50,上证50,1807.929,1799.8120000000001,1835.1490000000001,1810.4917500000001,1727.82615
2013-05-22,1850.75,1858.2,1862.73,1847.47,19133827.0,sse50,上证50,1809.4399999999998,1803.1596,1833.1473333333336,1813.0470833333336,1728.82565
2013-05-23,1849.26,1823.74,1855.03,1822.37,20471737.0,sse50,上证50,1809.4295000000002,1805.7172,1831.9113333333332,1815.3208333333334,1729.79905
2013-05-24,1831.72,1829.14,1842.86,1814.57,16197644.0,sse50,上证50,1812.8525000000002,1807.9772,1831.0056666666667,1817.72625,1730.78
2013-05-27,1825.23,1827.26,1838.85,1821.16,17878808.0,sse50,上证50,1814.5210000000002,1810.6028,1829.9471666666666,1819.9286666666667,1731.7765
2013-05-28,1827.6,1870.09,1870.25,1821.24,30700597.0,sse50,上证50,1819.111,1814.6803999999997,1830.0298333333333,1822.5565,1733.0046499999999
2013-05-29,1873.09,1861.7,1882.75,1860.4,26003403.0,sse50,上证50,1823.8939999999998,1816.0292000000002,1829.5668333333333,1824.99775,1734.1616000000001
2013-05-30,1855.76,1855.46,1866.9,1848.56,20551810.0,sse50,上证50,1828.5145,1817.2895999999998,1827.881,1827.4332499999998,1735.3106999999998
2013-05-31,1859.24,1841.37,1865.55,1839.35,17447055.0,sse50,上证50,1830.8084999999999,1820.5172,1826.1634999999999,1829.837,1736.3581
2013-06-03,1840.4,1838.64,1854.38,1833.84,17088020.0,sse50,上证50,1831.9105,1822.3072,1826.1138333333333,1832.3084166666667,1737.3232
2013-06-04,1837.64,1819.5,1837.64,1815.69,18492950.0,sse50,上证50,1831.989,1823.9556,1824.4936666666665,1834.6965833333334,1738.24795
2013-06-05,1818.81,1806.82,1820.12,1799.74,13815322.0,sse50,上证50,1831.111,1825.5868,1822.3790000000001,1836.8554166666668,1739.07405
2013-06-06,1801.49,1784.7,1803.81,1782.48,14978733.0,sse50,上证50,1829.9530000000002,1826.4528,1820.4178333333334,1838.9597499999998,1739.7057
2013-06-07,1783.86,1760.22,1793.13,1755.6,19886841.0,sse50,上证50,1827.0080000000003,1825.0420000000001,1818.0635,1840.7453333333333,1740.2172499999997
2013-06-13,1733.14,1700.8,1733.14,1679.66,25370672.0,sse50,上证50,1821.512,1820.41,1815.0798333333335,1841.5708333333334,1740.4074000000003
2013-06-14,1703.08,1704.15,1706.96,1692.31,18278298.0,sse50,上证50,1817.4405,1815.8587999999997,1812.5720000000001,1842.43525,1740.5683999999999
2013-06-17,1709.48,1692.48,1712.94,1689.49,14645073.0,sse50,上证50,1812.593,1810.5828,1810.1865,1842.9149166666664,1740.7049
2013-06-18,1701.23,1704.22,1711.06,1690.12,14008001.0,sse50,上证50,1806.7314999999999,1806.4372,1807.9508333333333,1843.3394166666665,1741.066
2013-06-19,1697.6,1687.61,1697.6,1668.07,15878339.0,sse50,上证50,1798.9215,1801.1768,1805.389,1843.6944166666667,1741.33835
2013-06-20,1677.93,1631.55,1677.93,1629.75,18641448.0,sse50,上证50,1787.4365000000003,1794.01,1802.3941666666667,1843.48125,1741.44405
2013-06-21,1606.97,1633.16,1645.93,1598.47,21187090.0,sse50,上证50,1776.5404999999998,1787.9132,1799.0975,1843.4606666666666,1741.58345
2013-06-24,1625.44,1525.17,1625.44,1524.28,33274220.0,sse50,上证50,1759.8890000000004,1777.3428,1792.7541666666666,1841.7699166666669,1741.1793
2013-06-25,1508.52,1526.8,1529.38,1422.98,40517109.0,sse50,上证50,1745.042,1765.5568000000003,1786.4958333333334,1840.0028333333332,1740.83235
2013-06-26,1529.05,1509.68,1529.05,1487.31,28545153.0,sse50,上证50,1729.069,1752.1916,1779.9161666666666,1838.0430833333332,1740.3882499999997
2013-06-27,1511.49,1512.2,1530.16,1498.28,26498660.0,sse50,上证50,1713.316,1738.2296,1773.4206666666664,1836.1112500000002,1739.9925999999998
2013-06-28,1504.43,1552.38,1562.39,1497.44,31115161.0,sse50,上证50,1697.4305,1726.2815999999998,1768.2726666666667,1834.4482500000001,1739.7716500000001
2013-07-01,1539.78,1549.37,1551.12,1520.7,20650950.0,sse50,上证50,1681.8139999999999,1713.9284,1762.9548333333332,1832.8764166666667,1739.5779499999999
2013-07-02,1546.85,1541.34,1551.27,1519.44,22162322.0,sse50,上证50,1666.1080000000002,1702.6324000000002,1758.7831666666668,1831.16725,1739.4988
2013-07-03,1530.66,1522.91,1530.66,1501.08,22903120.0,sse50,上证50,1650.1850000000002,1690.3832,1754.2785,1828.8675,1739.2611499999998
2013-07-04,1511.52,1535.32,1550.08,1503.45,23661680.0,sse50,上证50,1635.019,1678.7056,1750.1326666666669,1826.6571666666669,1739.1657500000001
2013-07-05,1538.39,1542.05,1556.59,1535.71,20566047.0,sse50,上证50,1621.1464999999998,1665.5840000000003,1746.1131666666668,1824.6177500000001,1739.0745499999998
2013-07-08,1518.88,1506.73,1528.97,1502.24,19321461.0,sse50,上证50,1606.142,1651.3852,1741.3975,1822.0250833333334,1738.8522
2013-07-09,1505.91,1505.3,1513.33,1497.51,15615241.0,sse50,上证50,1592.172,1637.3788,1736.9341666666667,1819.0885833333334,1738.5783000000001
2013-07-10,1505.71,1546.74,1547.31,1500.77,23561411.0,sse50,上证50,1581.498,1625.5936,1732.9026666666664,1816.3905833333333,1738.5718
2013-07-11,1555.28,1635.66,1653.59,1555.28,53675007.0,sse50,上证50,1578.241,1617.4744,1730.3648333333333,1814.35225,1739.06245
2013-07-12,1626.55,1587.59,1634.35,1585.51,34331760.0,sse50,上证50,1572.413,1608.1979999999999,1727.0891666666664,1812.1014166666666,1739.2455499999999
2013-07-15,1599.04,1604.66,1631.99,1582.83,28001253.0,sse50,上证50,1568.022,1600.1116,1724.2583333333334,1810.0124166666667,1739.1728
2013-07-16,1597.33,1606.34,1606.74,1579.45,21244408.0,sse50,上证50,1563.128,1592.9772,1721.7006666666666,1807.9361666666666,1739.10435
2013-07-17,1602.48,1582.14,1612.57,1581.74,22297155.0,sse50,上证50,1557.8545,1585.854,1718.5256666666667,1805.9625,1738.9897
2013-07-18,1575.67,1549.35,1583.31,1547.09,20540311.0,sse50,上证50,1553.7445,1579.7959999999998,1714.9878333333334,1803.0979166666666,1738.6965
2013-07-19,1551.3,1511.4,1557.7,1508.28,24139401.0,sse50,上证50,1547.6564999999998,1572.086,1710.7086666666664,1799.8591666666666,1738.2677
2013-07-22,1493.99,1514.05,1515.15,1485.06,19730656.0,sse50,上证50,1547.1005,1564.9488000000001,1705.4765,1796.8345833333333,1737.7644500000001
2013-07-23,1520.58,1555.84,1569.74,1514.21,26842149.0,sse50,上证50,1548.5525000000002,1559.0135999999998,1701.008,1794.3420833333332,1737.6331499999997
2013-07-24,1541.93,1532.35,1550.85,1512.97,22081387.0,sse50,上证50,1549.6860000000001,1552.8032,1697.2024999999999,1791.3884166666664,1737.47
2013-07-25,1537.73,1529.3,1548.2,1522.23,18748654.0,sse50,上证50,1550.541,1548.7132000000001,1692.7926666666667,1788.31225,1737.2711499999998
2013-07-26,1521.59,1521.61,1529.1,1512.61,13093462.0,sse50,上证50,1549.0025,1544.2512,1688.5146666666667,1785.1715,1737.1744
2013-07-29,1505.68,1484.21,1505.68,1478.2,18891476.0,sse50,上证50,1545.7445,1542.6127999999999,1683.8174999999999,1781.6220833333332,1736.86565
2013-07-30,1490.82,1500.94,1524.43,1483.57,18855543.0,sse50,上证50,1543.7245,1541.5783999999999,1679.449,1778.2950833333334,1736.6004999999998
2013-07-31,1518.83,1504.17,1535.85,1499.55,15876203.0,sse50,上证50,1542.7875,1541.358,1674.5936666666666,1775.1094166666667,1736.35285
2013-08-01,1513.8,1537.81,1541.16,1508.81,20127161.0,sse50,上证50,1542.912,1542.3824,1669.9471666666664,1771.6128333333334,1736.3362
2013-08-02,1550.89,1536.51,1558.83,1533.94,18107104.0,sse50,上证50,1542.635,1541.7476000000001,1665.2568333333334,1767.8952500000003,1736.0789499999998
2013-08-05,1540.49,1554.19,1554.29,1533.0,15325227.0,sse50,上证50,1545.008,1541.9404000000002,1660.7536666666667,1764.26925,1735.78445
2013-08-06,1547.61,1556.3,1564.49,1533.24,19475816.0,sse50,上证50,1547.558,1542.5387999999998,1656.561,1760.628,1735.5852499999999
2013-08-07,1554.88,1551.16,1575.69,1548.49,21552891.0,sse50,上证50,1547.779,1543.6688000000001,1652.095,1756.4233333333334,1735.2027500000002
2013-08-08,1548.41,1544.62,1561.34,1538.61,15085552.0,sse50,上证50,1543.227,1544.0408000000002,1647.66,1752.0835833333333,1734.7992000000002
2013-08-09,1554.76,1553.04,1562.25,1533.22,21720508.0,sse50,上证50,1541.4995000000001,1544.4803999999997,1643.7843333333333,1747.7843333333333,1734.48565
2013-08-12,1560.16,1610.27,1610.81,1557.56,36806351.0,sse50,上证50,1541.7800000000002,1548.622,1640.7983333333334,1743.8825,1734.4437
2013-08-13,1610.79,1619.74,1621.89,1602.93,26353714.0,sse50,上证50,1542.45,1553.1996,1637.4365,1740.3088333333333,1734.4776000000002
2013-08-14,1622.21,1610.22,1643.0,1605.28,23697562.0,sse50,上证50,1543.854,1555.7388,1633.5433333333333,1736.7071666666666,1734.4579999999999
2013-08-15,1608.62,1595.15,1624.34,1593.69,19520467.0,sse50,上证50,1546.144,1554.1184,1629.1083333333333,1733.2119166666669,1734.34545
2013-08-16,1590.92,1592.79,1711.43,1573.72,52755401.0,sse50,上证50,1550.2135,1554.3264000000001,1624.8034999999998,1729.97625,1734.1110499999998
2013-08-19,1576.57,1608.87,1617.34,1574.02,26773638.0,sse50,上证50,1554.9545,1554.4947999999997,1620.648,1726.8976666666667,1733.96655
2013-08-20,1603.39,1594.54,1628.68,1588.22,27386048.0,sse50,上证50,1556.8894999999998,1554.0228,1616.8280000000002,1724.3696666666665,1733.72255
2013-08-21,1601.3,1588.08,1602.94,1575.46,18370623.0,sse50,上证50,1559.676,1554.2604000000001,1612.8103333333336,1721.9080000000001,1733.5339000000001
2013-08-22,1582.33,1582.62,1606.35,1578.31,17755033.0,sse50,上证50,1562.342,1555.5912000000003,1608.733,1719.3400833333333,1733.3288
2013-08-23,1591.75,1566.29,1595.94,1543.0,21106777.0,sse50,上证50,1564.576,1557.7867999999999,1603.6696666666664,1716.8497499999999,1733.0955
2013-08-26,1573.22,1601.38,1604.25,1566.02,23026029.0,sse50,上证50,1570.4345,1561.28,1599.331,1714.4489166666667,1733.1789
2013-08-27,1598.74,1602.0,1609.06,1589.05,19215167.0,sse50,上证50,1575.4875,1563.1264,1595.1066666666666,1711.4938333333332,1733.33125
2013-08-28,1591.35,1592.87,1603.96,1577.49,27955865.0,sse50,上证50,1579.9225000000001,1565.5471999999997,1590.965,1708.56425,1733.414
2013-08-29,1604.28,1588.15,1607.02,1580.81,20597219.0,sse50,上证50,1582.4395,1567.9012,1586.7901666666667,1706.4520000000002,1733.4195000000002
2013-08-30,1586.52,1589.78,1599.87,1575.77,23615249.0,sse50,上证50,1585.103,1570.628,1582.9615000000001,1703.7275833333333,1733.2797500000001
2013-09-02,1594.99,1591.93,1601.14,1579.72,24759173.0,sse50,上证50,1586.99,1574.9368,1579.3799999999999,1700.8795,1733.1063499999998
2013-09-03,1596.47,1614.54,1615.13,1591.21,25420372.0,sse50,上证50,1589.9019999999998,1579.4807999999998,1576.544,1698.4809166666669,1733.0555000000002
2013-09-04,1612.5,1613.54,1620.15,1608.9,21894366.0,sse50,上证50,1593.021,1583.8555999999999,1574.099333333333,1696.0814166666667,1733.0245000000002
2013-09-05,1615.53,1609.6,1616.7,1606.31,16708930.0,sse50,上证50,1596.27,1586.7272,1572.5793333333334,1693.8295833333332,1732.98335
2013-09-06,1604.77,1625.85,1630.3,1604.21,23507104.0,sse50,上证50,1599.9105,1590.3008,1571.2743333333333,1691.9231666666667,1733.1545
2013-09-09,1643.18,1713.39,1720.03,1643.18,66381022.0,sse50,上证50,1605.0665,1596.6688000000001,1571.6228333333336,1690.9046666666668,1733.7622000000001
2013-09-10,1720.39,1737.58,1738.35,1704.64,61578337.0,sse50,上证50,1610.9585000000002,1603.92,1572.1788333333332,1690.0648333333334,1734.4457
2013-09-11,1745.5,1741.32,1765.94,1736.19,56354686.0,sse50,上证50,1617.5135,1611.5263999999997,1573.074,1689.2315,1735.276
2013-09-12,1741.5,1772.66,1798.96,1726.1,60270647.0,sse50,上证50,1626.389,1620.648,1575.4258333333335,1688.91,1736.2295500000002
2013-09-13,1764.03,1749.24,1776.5,1742.98,38737326.0,sse50,上证50,1634.2115,1628.496,1577.3604999999998,1688.229,1737.15725
2013-09-16,1763.92,1738.25,1765.47,1722.67,47366615.0,sse50,上证50,1640.6805,1633.6152,1580.911833333333,1686.8329999999999,1738.0907
2013-09-17,1744.39,1698.63,1748.71,1697.11,41514179.0,sse50,上证50,1645.8850000000002,1636.7708000000002,1583.7756666666667,1685.1357500000001,1738.8294
2013-09-18,1698.61,1700.59,1710.48,1680.68,29026425.0,sse50,上证50,1651.5104999999999,1640.3856,1586.9575,1683.4368333333334,1739.6299
2013-09-23,1707.9,1713.08,1716.09,1694.94,28648254.0,sse50,上证50,1658.0335,1645.1028,1590.3055,1681.8630833333332,1740.38045
2013-09-24,1709.99,1673.56,1710.11,1660.23,34495464.0,sse50,上证50,1663.3970000000002,1648.3336,1592.3251666666665,1680.2989166666666,1740.9745
2013-09-25,1671.54,1661.61,1687.13,1658.02,24792636.0,sse50,上证50,1666.4085,1650.4432000000002,1594.1958333333334,1678.5753333333334,1741.4388000000001
2013-09-26,1658.18,1632.69,1658.18,1629.9,28922381.0,sse50,上证50,1667.943,1651.9692000000002,1595.7183333333332,1677.25075,1741.78625
2013-09-27,1630.69,1639.15,1641.01,1624.88,19965416.0,sse50,上证50,1670.257,1654.0119999999997,1597.6556666666665,1675.9670833333332,1742.2174000000002
2013-09-30,1648.15,1643.06,1653.24,1634.93,17170541.0,sse50,上证50,1673.0025,1656.4296,1599.4513333333334,1674.7920000000001,1742.7223500000002
2013-10-08,1637.98,1659.71,1664.21,1622.59,28736140.0,sse50,上证50,1676.4989999999998,1660.1664,1601.4123333333332,1673.76275,1743.3562999999997
2013-10-09,1653.09,1668.48,1673.04,1647.38,23777652.0,sse50,上证50,1680.3265,1662.8503999999998,1604.1081666666664,1672.7528333333332,1743.9599000000003
2013-10-10,1670.79,1637.93,1671.1,1635.27,25197288.0,sse50,上证50,1681.4959999999999,1664.2875999999999,1606.3186666666666,1671.6264166666665,1744.48865
2013-10-11,1649.85,1669.27,1672.02,1644.51,28201659.0,sse50,上证50,1684.2825,1667.3436000000002,1608.3608333333334,1670.63175,1745.1052500000003
2013-10-14,1670.73,1662.17,1671.51,1656.73,28575655.0,sse50,上证50,1686.911,1670.3044,1608.8026666666667,1669.58375,1745.4073999999998
2013-10-15,1665.63,1656.26,1666.97,1646.65,24921179.0,sse50,上证50,1688.4315,1672.9636,1609.9471666666666,1668.5181666666665,1745.6866
2013-10-16,1652.59,1634.22,1652.59,1626.26,24036685.0,sse50,上证50,1684.473,1674.6552000000001,1610.4398333333334,1667.3490833333335,1745.6831
2013-10-17,1642.33,1627.18,1647.24,1625.47,19355845.0,sse50,上证50,1678.953,1675.1608,1610.7871666666667,1666.2439166666666,1745.5525999999998
2013-10-18,1630.55,1636.8,1647.77,1628.09,18792756.0,sse50,上证50,1673.727,1676.0911999999998,1611.6981666666666,1665.1119166666665,1745.51155
2013-10-21,1640.28,1657.58,1659.57,1626.55,23190491.0,sse50,上证50,1667.973,1678.0104000000001,1613.502,1664.2449166666668,1745.5138
2013-10-22,1656.64,1640.07,1656.64,1636.19,22476446.0,sse50,上证50,1662.5145,1678.5792000000001,1615.6465,1663.1775833333334,1745.536
2013-10-23,1646.93,1638.5,1670.0,1634.91,26266108.0,sse50,上证50,1657.527,1675.5836,1617.7206666666668,1661.5985833333334,1745.0882000000001
2013-10-24,1633.93,1621.61,1640.62,1618.61,21232070.0,sse50,上证50,1653.676,1670.9448000000002,1618.8168333333335,1659.9124166666666,1744.5019999999997
2013-10-25,1622.01,1611.52,1635.84,1601.66,24514716.0,sse50,上证50,1649.2224999999999,1665.7528,1620.1363333333331,1658.6694166666666,1743.83535
2013-10-28,1614.68,1610.69,1616.98,1600.8,16188875.0,sse50,上证50,1644.1029999999998,1659.274,1621.4928333333332,1657.1427499999998,1743.1687
2013-10-29,1615.43,1633.72,1655.93,1606.34,36368210.0,sse50,上证50,1642.111,1654.6532,1623.3613333333333,1655.9379999999999,1742.5775999999998
2013-10-30,1634.28,1653.42,1654.39,1624.53,28200642.0,sse50,上证50,1641.7015,1651.26,1626.1815,1654.9995000000001,1742.1547500000001
2013-10-31,1645.12,1631.05,1645.12,1629.29,25536539.0,sse50,上证50,1641.6195,1648.5567999999998,1628.35,1653.8995,1741.5778
2013-11-01,1633.03,1644.75,1650.53,1628.12,20641779.0,sse50,上证50,1641.8995,1646.3232,1630.693,1652.6433333333332,1740.8071499999999
2013-11-04,1654.11,1638.51,1659.76,1635.34,16504439.0,sse50,上证50,1641.6719999999998,1643.3403999999998,1632.3713333333333,1651.15925,1739.9969
2013-11-05,1629.79,1633.66,1637.44,1611.24,19584257.0,sse50,上证50,1640.3695,1641.7444,1633.9904999999999,1649.6236666666666,1739.2313000000001
2013-11-06,1623.85,1614.21,1630.83,1613.36,18749472.0,sse50,上证50,1637.656,1639.8483999999999,1634.9908333333333,1647.87225,1738.2131
2013-11-07,1615.51,1610.58,1619.37,1601.6,15909010.0,sse50,上证50,1636.2885,1638.964,1635.8955,1646.2282500000001,1736.9776000000002
2013-11-08,1603.22,1587.44,1613.41,1585.62,16881980.0,sse50,上证50,1632.197,1636.8956000000003,1636.500166666667,1644.2975833333335,1735.5623
2013-11-11,1587.59,1591.14,1596.47,1579.38,14867650.0,sse50,上证50,1628.6455,1634.8188,1637.2755,1642.46775,1734.1166999999998
2013-11-12,1595.65,1610.78,1611.54,1595.65,15734974.0,sse50,上证50,1626.3715,1632.8616,1638.2378333333334,1641.0110833333333,1732.88215
2013-11-13,1599.0,1569.25,1599.19,1568.17,20171266.0,sse50,上证50,1623.123,1628.8924000000002,1637.5541666666666,1639.17625,1731.4517
2013-11-14,1571.6,1572.73,1574.58,1559.57,18089427.0,sse50,上证50,1620.4005000000002,1626.2844,1636.7706666666668,1637.1035833333335,1730.0379
2013-11-15,1573.91,1604.82,1622.85,1573.68,29823863.0,sse50,上证50,1618.8015,1623.7063999999998,1636.6806666666666,1635.1119999999999,1728.9670999999998
2013-11-18,1618.16,1675.16,1676.87,1610.05,45710722.0,sse50,上证50,1619.6805,1624.226,1638.0141666666666,1633.5612499999997,1727.8773999999999
2013-11-19,1674.72,1659.53,1675.88,1656.44,29750571.0,sse50,上证50,1620.6535,1624.3568,1639.1264999999999,1631.965,1726.6748
2013-11-20,1671.55,1663.76,1676.46,1652.39,23159437.0,sse50,上证50,1621.9165,1625.5384,1640.0413333333336,1630.3446666666666,1725.6086000000003
2013-11-21,1654.45,1648.09,1654.45,1626.08,27722750.0,sse50,上证50,1623.2405,1626.3747999999998,1640.9338333333333,1628.8809166666665,1724.5743499999999
2013-11-22,1651.94,1642.5,1655.65,1637.99,24424656.0,sse50,上证50,1624.7895,1626.6028,1641.8408333333332,1627.3255833333335,1723.3528999999999
2013-11-25,1633.84,1633.78,1659.33,1628.91,22707313.0,sse50,上证50,1625.944,1625.6508,1642.6935,1625.71325,1722.0295999999998
2013-11-26,1633.84,1630.94,1641.38,1628.7,16627688.0,sse50,上证50,1625.8049999999998,1625.2856,1643.7710000000002,1623.7203333333334,1720.6917999999998
2013-11-27,1630.48,1648.79,1657.78,1627.89,24654129.0,sse50,上证50,1625.5735,1625.6972,1644.5611666666666,1621.9460833333333,1719.38505
2013-11-28,1651.63,1664.63,1680.82,1648.96,28183003.0,sse50,上证50,1627.2525,1627.418,1645.605,1620.3558333333335,1718.2073
2013-11-29,1668.95,1661.41,1671.44,1656.73,19463357.0,sse50,上证50,1628.0855000000001,1629.4136,1646.7473333333335,1618.856166666667,1717.0821000000003
2013-12-02,1662.39,1678.87,1695.63,1655.0,47276748.0,sse50,上证50,1630.1035,1632.1408000000001,1648.2593333333332,1617.52475,1715.68945
2013-12-03,1672.2,1681.51,1686.36,1663.62,26245949.0,sse50,上证50,1632.4959999999999,1634.0523999999998,1649.7881666666665,1616.374833333333,1714.1838999999998
2013-12-04,1678.96,1699.18,1709.58,1674.99,35223776.0,sse50,上证50,1636.7445,1635.8828,1651.5756666666668,1615.4778333333334,1712.7332500000002
2013-12-05,1700.53,1692.38,1703.13,1689.39,24760644.0,sse50,上证50,1640.8345000000002,1638.336,1652.873,1614.7085000000002,1711.2289
2013-12-06,1688.02,1675.26,1692.09,1669.64,22997452.0,sse50,上证50,1645.2255,1639.5564,1653.9016666666669,1614.0004999999999,1709.3266
2013-12-09,1681.21,1669.87,1687.53,1666.34,19492699.0,sse50,上证50,1649.1619999999998,1640.8108000000002,1654.9061666666666,1613.74275,1707.349
2013-12-10,1673.52,1670.55,1679.45,1664.03,19251562.0,sse50,上证50,1652.1505000000002,1642.2864000000002,1655.6511666666668,1613.46275,1705.3570000000002
2013-12-11,1662.09,1639.18,1662.25,1632.73,24264786.0,sse50,上证50,1655.6470000000002,1643.2852000000003,1654.4143333333332,1613.0185833333335,1703.16045
2013-12-12,1634.47,1631.91,1641.97,1628.63,16939331.0,sse50,上证50,1658.6060000000002,1644.1384,1652.6531666666667,1612.4160000000002,1701.0771
2013-12-13,1617.31,1626.41,1631.56,1614.97,16495952.0,sse50,上证50,1659.6855,1645.6972,1650.738,1611.906,1698.9970500000002
2013-12-16,1627.1,1602.46,1631.09,1601.69,19712172.0,sse50,上证50,1656.0505,1646.15,1647.9013333333335,1611.6635833333335,1696.93645
2013-12-17,1604.71,1597.27,1607.43,1593.43,15508677.0,sse50,上证50,1652.9375,1645.6096,1645.3685,1611.3645,1695.01745
2013-12-18,1596.64,1598.68,1606.64,1592.91,12757897.0,sse50,上证50,1649.6834999999999,1646.7867999999999,1643.0423333333335,1611.9770833333334,1693.11935
2013-12-19,1605.65,1580.11,1609.07,1578.92,17351393.0,sse50,上证50,1646.2845000000002,1647.082,1641.067,1612.4213333333332,1691.5303999999999
2013-12-20,1580.91,1537.41,1583.41,1534.1,26797939.0,sse50,上证50,1641.03,1644.3856000000003,1638.3473333333336,1612.6524166666668,1689.80005
2013-12-23,1541.37,1541.27,1553.56,1528.65,15490207.0,sse50,上证50,1636.4045,1639.03,1635.4838333333332,1612.8946666666666,1688.0525499999997
2013-12-24,1547.2,1539.6,1557.23,1528.16,15150665.0,sse50,上证50,1631.8375,1634.2328,1633.2511666666667,1612.7881666666665,1686.4249
2013-12-25,1542.04,1547.36,1547.87,1533.64,13263524.0,sse50,上证50,1626.766,1629.5767999999998,1631.3470000000002,1612.7714166666667,1684.7142999999999
2013-12-26,1543.87,1524.88,1543.87,1522.59,17477301.0,sse50,上证50,1619.7785,1624.6484,1629.5501666666667,1612.6342499999998,1682.55565
2013-12-27,1528.35,1550.22,1559.82,1524.19,19438727.0,sse50,上证50,1614.219,1620.9572,1628.068,1612.8618333333332,1680.58465
2013-12-30,1557.51,1547.92,1560.11,1544.11,17875980.0,sse50,上证50,1607.6715,1617.5228000000002,1626.4823333333334,1612.9668333333332,1679.1161500000003
2013-12-31,1541.58,1574.78,1578.25,1539.88,23616290.0,sse50,上证50,1602.3349999999998,1615.2764000000002,1625.0668333333335,1613.2395833333333,1677.4065
2014-01-02,1570.05,1561.1,1570.05,1553.48,15725481.0,sse50,上证50,1595.431,1611.7688,1623.2771666666667,1613.6926666666666,1675.5435
2014-01-03,1553.45,1536.07,1554.52,1529.15,21899228.0,sse50,上证50,1587.6155,1606.6264,1621.5795,1613.9490833333334,1673.7120000000002
2014-01-06,1534.5,1512.93,1534.5,1498.6,24918198.0,sse50,上证50,1579.499,1600.6872,1618.9738333333332,1613.6673333333335,1671.7692500000003
2014-01-07,1500.98,1510.65,1515.64,1497.78,15474083.0,sse50,上证50,1571.538,1593.9584,1616.4485,1612.6255833333335,1669.9234
2014-01-08,1512.09,1515.33,1527.89,1504.43,17721886.0,sse50,上证50,1563.777,1587.3111999999999,1614.0996666666665,1612.0234166666667,1668.22695
2014-01-09,1511.98,1503.88,1525.73,1500.57,16341305.0,sse50,上证50,1557.0120000000002,1579.4992000000002,1611.9273333333333,1611.1835833333332,1666.5683000000001
2014-01-10,1500.01,1498.27,1506.78,1493.5,16932726.0,sse50,上证50,1550.33,1571.7347999999997,1609.7788333333333,1610.2830000000001,1664.86785
2014-01-13,1500.86,1494.61,1510.32,1489.23,17111060.0,sse50,上证50,1543.74,1564.5088,1607.409,1609.5535833333333,1663.1343
2014-01-14,1493.89,1499.29,1505.46,1482.91,17662764.0,sse50,上证50,1538.5815,1557.6856,1604.7708333333333,1609.1364166666667,1661.5745499999998
2014-01-15,1496.83,1488.51,1498.9,1480.18,14720357.0,sse50,上证50,1533.1435000000001,1550.404,1602.2448333333334,1608.9456666666667,1659.8623
2014-01-16,1489.05,1493.09,1504.43,1482.76,17440886.0,sse50,上证50,1527.864,1544.5603999999998,1599.8213333333333,1608.7710000000002,1657.7989000000002
2014-01-17,1487.8,1475.67,1489.61,1470.87,18005644.0,sse50,上证50,1522.642,1538.3108,1597.389,1608.1029166666667,1655.6657500000001
2014-01-20,1472.39,1464.84,1476.89,1459.45,12775697.0,sse50,上证50,1519.0135,1531.848,1594.9443333333334,1607.5403333333334,1653.4676499999998
2014-01-21,1467.15,1478.88,1488.71,1467.15,12677469.0,sse50,上证50,1515.894,1526.9047999999998,1592.7475000000002,1607.1201666666666,1651.3524
2014-01-22,1480.84,1514.12,1514.79,1478.08,24158840.0,sse50,上证50,1514.6200000000001,1523.5788,1590.7541666666666,1607.05775,1649.6166999999998
2014-01-23,1511.79,1499.03,1514.97,1496.66,17430476.0,sse50,上证50,1512.2035,1519.5928,1588.181,1607.18125,1647.76965
2014-01-24,1493.69,1502.06,1514.11,1491.02,18976131.0,sse50,上证50,1511.0625,1516.4707999999998,1586.0311666666666,1607.1905833333333,1646.3217499999998
2014-01-27,1491.83,1478.87,1491.83,1475.5,19023414.0,sse50,上证50,1507.495,1514.1291999999999,1583.2665000000002,1606.97975,1644.7501499999998
2014-01-28,1483.41,1487.8,1492.43,1477.25,14945762.0,sse50,上证50,1504.489,1511.9904000000001,1580.754666666667,1606.5629999999999,1643.2688
2014-01-29,1493.21,1494.49,1498.58,1488.7,14787466.0,sse50,上证50,1500.4745,1510.1860000000001,1578.4351666666666,1606.2128333333333,1641.82515
2014-01-30,1489.51,1477.35,1489.72,1475.77,12769343.0,sse50,上证50,1496.2869999999998,1507.3856,1576.1541666666667,1605.5724999999998,1640.2635500000001
2014-02-07,1467.36,1475.34,1475.72,1458.49,13826210.0,sse50,上证50,1493.2504999999999,1505.4040000000002,1573.9001666666666,1604.8978333333332,1638.7747499999998
2014-02-10,1480.6,1505.83,1507.36,1480.53,24276844.0,sse50,上证50,1492.8955,1503.6284,1572.54,1604.5200833333333,1637.3607499999998
2014-02-11,1505.66,1528.32,1536.46,1500.85,34209193.0,sse50,上证50,1493.779,1502.8443999999997,1571.4929999999997,1604.3842499999998,1636.0627
2014-02-12,1528.88,1527.0,1537.89,1521.27,23813775.0,sse50,上证50,1494.3625,1500.9331999999997,1570.0966666666666,1604.1672499999997,1634.77705
2014-02-13,1525.53,1528.02,1548.62,1519.38,35240635.0,sse50,上证50,1495.5695,1499.61,1569.4095,1603.4818333333335,1633.5446000000002
2014-02-14,1527.21,1534.24,1536.36,1525.15,21235733.0,sse50,上证50,1497.368,1499.5367999999999,1568.768,1602.7693333333334,1632.4168
2014-02-17,1545.18,1538.11,1549.91,1529.19,26930011.0,sse50,上证50,1499.5430000000001,1500.5439999999999,1567.6561666666669,1602.1684166666669,1631.24415
2014-02-18,1535.89,1508.54,1535.89,1505.42,25307624.0,sse50,上证50,1500.0055,1500.4596,1564.8791666666666,1601.4466666666665,1629.97875
2014-02-19,1507.49,1533.4,1541.45,1504.95,31626301.0,sse50,上证50,1502.2499999999998,1501.1824000000001,1562.7770000000003,1600.9517500000002,1628.805
2014-02-20,1537.94,1520.14,1556.42,1519.36,36126352.0,sse50,上证50,1503.6025000000002,1501.8328,1560.3833333333334,1600.2123333333334,1627.2658000000001
2014-02-21,1517.92,1505.33,1521.77,1496.09,24240112.0,sse50,上证50,1505.0855,1502.1152000000002,1558.004,1599.468916666667,1625.6727
2014-02-24,1492.29,1468.06,1492.29,1458.17,28884800.0,sse50,上证50,1505.2465,1501.0532,1555.0966666666668,1598.46875,1624.2096000000001
2014-02-25,1469.26,1440.89,1475.97,1437.01,26171360.0,sse50,上证50,1503.347,1498.7172,1551.8818333333334,1597.2876666666666,1622.4445999999998
2014-02-26,1434.86,1444.2,1447.17,1429.61,23252527.0,sse50,上证50,1499.851,1496.9447999999998,1548.7694999999999,1596.2702500000003,1620.7741500000002
2014-02-27,1449.14,1452.46,1462.13,1437.64,32468581.0,sse50,上证50,1497.5225,1495.3195999999998,1545.4973333333332,1595.02925,1619.20625
2014-02-28,1447.77,1464.32,1467.1,1437.31,25940215.0,sse50,上证50,1495.6354999999999,1494.8656,1542.1588333333334,1593.8819166666667,1617.7126
2014-03-03,1459.86,1462.69,1467.71,1452.14,29839841.0,sse50,上证50,1494.8265,1494.7795999999998,1538.8468333333333,1592.7970833333336,1616.0486
2014-03-04,1458.68,1464.28,1468.46,1448.69,26258047.0,sse50,上证50,1493.6505000000002,1494.1956,1535.2703333333334,1591.7648333333334,1614.2869999999998
2014-03-05,1466.01,1448.33,1466.96,1445.67,20358460.0,sse50,上证50,1491.3425,1491.5639999999999,1531.3840000000002,1590.5860833333331,1612.4389999999999
2014-03-06,1446.57,1459.51,1466.03,1435.94,25216212.0,sse50,上证50,1490.4505000000001,1489.9832000000001,1527.3895,1589.4825833333334,1610.61465
2014-03-07,1456.09,1455.59,1472.08,1451.71,23460842.0,sse50,上证50,1489.4630000000002,1488.1244,1523.4429999999998,1588.158,1608.8532999999998
2014-03-10,1442.98,1408.87,1442.99,1407.49,25305103.0,sse50,上证50,1484.615,1485.3244,1519.0031666666666,1586.4524166666667,1606.8020499999998
2014-03-11,1406.07,1412.73,1420.9,1403.31,18897920.0,sse50,上证50,1478.8355,1482.3215999999998,1514.7175,1584.8118333333334,1604.8121
2014-03-12,1408.05,1418.7,1429.3,1403.28,22718450.0,sse50,上证50,1473.4205,1479.29,1510.52,1583.0855833333333,1602.9777
2014-03-13,1425.84,1437.39,1451.29,1421.69,26479447.0,sse50,上证50,1468.889,1477.6916,1507.1568333333332,1580.7855833333333,1601.2175
2014-03-14,1429.78,1426.4,1438.67,1416.68,19666093.0,sse50,上证50,1463.497,1475.734,1503.7316666666668,1578.1924166666665,1599.24225
2014-03-17,1435.27,1434.16,1438.37,1421.42,14989974.0,sse50,上证50,1458.2995,1472.8672,1500.5275,1575.63275,1597.194
2014-03-18,1437.54,1427.63,1438.93,1425.74,18024432.0,sse50,上证50,1454.254,1468.8396000000002,1497.6136666666666,1572.7575,1595.0258999999999
2014-03-19,1422.34,1418.71,1422.34,1406.55,16022532.0,sse50,上证50,1448.5195,1464.5080000000003,1494.6376666666667,1570.0030833333333,1592.86405
2014-03-20,1415.67,1406.92,1432.51,1406.26,20559043.0,sse50,上证50,1442.8584999999998,1459.664,1491.4416666666666,1567.242,1590.60765
2014-03-21,1402.81,1464.08,1468.94,1402.18,43418380.0,sse50,上证50,1440.796,1456.8576,1489.5078333333333,1565.2874166666666,1588.80935
2014-03-24,1468.81,1477.53,1486.85,1462.18,41906670.0,sse50,上证50,1441.2694999999999,1454.4344,1488.5098333333333,1563.4285833333333,1587.0513
2014-03-25,1473.18,1470.12,1483.32,1464.54,25581277.0,sse50,上证50,1442.731,1452.8976,1487.324,1561.4039166666666,1585.2656
2014-03-26,1476.25,1467.08,1480.14,1462.57,19912065.0,sse50,上证50,1443.875,1450.2447999999997,1486.1153333333334,1559.6832500000003,1583.25055
2014-03-27,1464.17,1464.53,1486.37,1450.45,25860585.0,sse50,上证50,1444.4785,1448.0203999999999,1484.7348333333332,1558.0409166666666,1581.2647
2014-03-28,1465.03,1472.05,1483.59,1463.53,26014582.0,sse50,上证50,1444.865,1446.6891999999998,1483.8543333333334,1556.7022499999998,1579.3476500000002
2014-03-31,1473.15,1465.78,1477.88,1457.83,19574163.0,sse50,上证50,1445.0194999999999,1446.598,1482.4470000000001,1555.2575,1577.4697
2014-04-01,1463.71,1473.14,1481.01,1461.18,16689133.0,sse50,上证50,1445.4625,1447.888,1481.2006666666666,1553.8415,1575.6422
2014-04-02,1475.94,1491.3,1492.75,1473.83,23380826.0,sse50,上证50,1447.611,1449.7720000000002,1479.8093333333334,1552.4380833333335,1574.0012
2014-04-03,1498.11,1477.49,1504.54,1476.02,25966371.0,sse50,上证50,1448.5099999999998,1450.7732,1478.4158333333332,1550.8464999999999,1572.3545499999998
2014-04-04,1471.49,1490.33,1491.05,1469.7,15880614.0,sse50,上证50,1450.247,1451.8136000000002,1477.6535,1549.6165,1570.8826999999999
2014-04-08,1488.65,1534.75,1543.41,1488.06,43360180.0,sse50,上证50,1456.541,1454.6960000000001,1478.0171666666668,1548.4955,1569.7553500000001
2014-04-09,1535.21,1530.88,1539.74,1525.1,24623137.0,sse50,上证50,1462.4485,1457.36,1478.3543333333332,1547.4014166666668,1568.90575
2014-04-10,1532.22,1570.4,1587.62,1522.49,48526797.0,sse50,上证50,1470.0335,1462.2428,1479.2721666666666,1546.6859166666666,1568.237
2014-04-11,1568.24,1565.31,1576.94,1557.51,37400535.0,sse50,上证50,1476.4295,1466.4747999999997,1480.2959999999998,1546.1116666666667,1567.6011500000002
2014-04-14,1562.19,1557.7,1568.53,1547.86,21017960.0,sse50,上证50,1482.9945000000002,1470.5592000000001,1481.2865,1545.5326666666667,1566.8685500000001
2014-04-15,1550.43,1523.22,1550.53,1521.0,24074616.0,sse50,上证50,1487.4474999999998,1475.1332,1481.7633333333333,1544.586166666667,1566.0466000000001
2014-04-16,1519.24,1527.05,1536.93,1518.43,19120480.0,sse50,上证50,1492.4185000000002,1479.7060000000001,1482.2259999999999,1543.4984166666666,1565.5241
2014-04-17,1533.07,1520.56,1534.6,1517.05,16258763.0,sse50,上证50,1497.511,1483.7804,1482.7601666666667,1542.5024999999998,1564.9610999999998
2014-04-18,1513.68,1521.28,1524.73,1503.64,19374806.0,sse50,上证50,1503.229,1487.136,1483.23,1541.5256666666667,1564.94165
2014-04-21,1510.18,1493.76,1526.02,1493.25,18973489.0,sse50,上证50,1504.713,1489.8303999999998,1483.5315,1540.46025,1564.7764500000003
2014-04-22,1492.08,1509.55,1510.87,1487.77,20505337.0,sse50,上证50,1506.3139999999999,1492.846,1484.2766666666669,1539.6105,1564.7758000000001
2014-04-23,1504.54,1507.04,1514.73,1502.64,18647888.0,sse50,上证50,1508.16,1496.0223999999998,1484.7459999999999,1538.74675,1564.75
2014-04-24,1506.59,1510.29,1523.25,1504.19,15914943.0,sse50,上证50,1510.3205,1499.6856,1484.6821666666667,1537.7181666666668,1564.5395500000002
2014-04-25,1516.69,1501.05,1522.24,1500.6,24027518.0,sse50,上证50,1512.1465,1503.4507999999998,1484.7158333333332,1536.4484166666666,1564.2979500000001
2014-04-28,1499.69,1483.78,1505.11,1481.71,19552668.0,sse50,上证50,1512.733,1504.2388,1484.411166666667,1535.2211666666667,1564.0101499999998
2014-04-29,1484.01,1496.01,1497.67,1478.51,18788963.0,sse50,上证50,1514.2445000000002,1504.9779999999998,1484.6968333333332,1533.9816666666668,1563.87565
2014-04-30,1499.12,1494.81,1500.35,1491.44,18873917.0,sse50,上证50,1515.328,1505.9656,1484.8136666666664,1532.7841666666668,1563.6731
2014-05-05,1490.1,1487.53,1493.85,1473.03,19579225.0,sse50,上证50,1515.1395,1506.7836000000002,1484.6976666666667,1531.5664166666668,1563.4005000000002
2014-05-06,1484.01,1485.25,1497.71,1480.67,17532245.0,sse50,上证50,1515.5275000000001,1507.6124000000002,1484.8293333333334,1530.4917500000001,1563.2930999999999
2014-05-07,1481.94,1476.18,1485.49,1475.31,15912907.0,sse50,上证50,1514.82,1507.7776000000001,1484.8433333333335,1529.3717499999998,1563.1475
2014-05-08,1474.73,1478.72,1499.74,1471.65,17262686.0,sse50,上证50,1512.0185,1508.2952000000002,1484.3915000000002,1528.4657499999998,1562.8074
2014-05-09,1482.32,1480.74,1486.89,1474.52,15391907.0,sse50,上证50,1509.5115,1508.5992,1483.5985,1527.54575,1562.0328
2014-05-12,1492.63,1508.39,1513.12,1483.46,28201708.0,sse50,上证50,1506.411,1509.2828,1483.2883333333334,1526.6925,1561.6368
2014-05-13,1507.0,1503.52,1510.89,1498.4,20104583.0,sse50,上证50,1503.3215,1510.3239999999998,1482.88,1526.14475,1561.1311
2014-05-14,1504.42,1500.83,1510.33,1498.61,15282141.0,sse50,上证50,1500.4779999999998,1510.744,1482.3231666666666,1525.5455833333333,1560.60355
2014-05-15,1499.22,1488.77,1503.09,1487.1,16133879.0,sse50,上证50,1498.7555,1508.9048,1481.5008333333333,1524.5785,1560.1366999999998
2014-05-16,1489.5,1487.74,1493.19,1480.83,13466178.0,sse50,上证50,1496.79,1507.1792,1481.1541666666667,1523.0166666666667,1559.82865
2014-05-19,1482.04,1459.21,1482.17,1454.41,15755377.0,sse50,上证50,1493.7225,1502.7316,1479.9176666666667,1521.3473333333336,1559.5676999999998
2014-05-20,1466.05,1460.82,1468.9,1456.44,12435341.0,sse50,上证50,1490.6995,1498.5520000000001,1478.9289999999999,1519.6561666666666,1559.30155
2014-05-21,1454.49,1474.14,1474.94,1447.94,11916952.0,sse50,上证50,1489.7185,1495.2096,1478.4091666666668,1518.2065833333334,1558.8930500000001
2014-05-22,1472.34,1471.55,1493.18,1469.42,15512533.0,sse50,上证50,1487.8184999999999,1493.1428,1478.4673333333333,1516.782,1558.58905
2014-05-23,1472.41,1484.38,1484.59,1471.23,11885465.0,sse50,上证50,1486.6855,1491.4360000000001,1479.1921666666667,1515.537,1558.36445
2014-05-26,1493.34,1486.05,1495.78,1480.69,12091190.0,sse50,上证50,1485.4734999999998,1490.0556,1479.8896666666667,1514.3295833333334,1558.18665
2014-05-27,1484.82,1479.73,1488.67,1478.31,12501447.0,sse50,上证50,1484.4074999999998,1488.3935999999999,1480.3441666666668,1512.92075,1558.1642499999998
2014-05-28,1479.5,1491.76,1493.15,1474.85,15571024.0,sse50,上证50,1484.8065000000001,1488.3136000000002,1480.8015,1511.4801666666667,1558.11835
2014-05-29,1492.66,1484.31,1497.68,1483.81,14290967.0,sse50,上证50,1484.2215,1487.3039999999999,1481.161833333333,1510.0043333333333,1558.0190499999999
2014-05-30,1485.1,1482.1,1490.06,1478.0,13602374.0,sse50,上证50,1483.586,1486.3064,1481.4588333333334,1508.3645833333333,1557.7405
2014-06-03,1482.44,1477.52,1491.04,1476.74,13040820.0,sse50,上证50,1483.0855000000001,1484.9956,1481.9453333333333,1506.6646666666668,1557.44555
2014-06-04,1478.2,1466.39,1478.44,1459.53,13653074.0,sse50,上证50,1482.1425,1483.6092,1482.0600000000002,1504.72475,1557.00655
2014-06-05,1465.54,1484.24,1484.71,1463.04,12765741.0,sse50,上证50,1482.5455000000002,1483.6275999999998,1482.5375,1502.9902499999998,1556.64625
2014-06-06,1484.52,1472.27,1484.52,1464.53,12020464.0,sse50,上证50,1482.223,1482.678,1483.5941666666665,1501.2986666666666,1556.2518
2014-06-09,1466.64,1475.35,1489.77,1466.15,13456800.0,sse50,上证50,1481.9535,1481.8996,1484.6378333333334,1499.6776666666667,1555.9054499999997
2014-06-10,1479.87,1493.53,1493.94,1474.2,18966584.0,sse50,上证50,1481.2105,1482.1396,1485.885,1498.2024999999999,1555.6079
2014-06-11,1489.37,1488.76,1493.13,1483.51,12992231.0,sse50,上证50,1480.4724999999999,1482.28,1486.7411666666667,1496.949,1555.00035
2014-06-12,1486.89,1483.86,1490.01,1481.83,14076433.0,sse50,上证50,1479.624,1482.5872,1487.6988333333331,1495.71525,1554.32095
2014-06-13,1483.58,1502.96,1509.02,1483.44,21900084.0,sse50,上证50,1480.3335000000002,1483.5567999999998,1488.8455000000001,1494.6865,1553.7846500000003
2014-06-16,1503.66,1518.71,1521.96,1501.34,24038815.0,sse50,上证50,1481.882,1485.0756,1490.3635,1493.9885833333333,1553.40245
2014-06-17,1512.46,1501.94,1512.46,1500.33,16461471.0,sse50,上证50,1484.0185,1484.8176,1491.7506666666666,1493.194166666667,1552.9482
2014-06-18,1501.19,1495.43,1504.5,1493.72,15523856.0,sse50,上证50,1485.749,1484.4940000000001,1493.2258333333334,1492.33375,1552.381
2014-06-19,1496.66,1478.04,1500.99,1473.67,16938157.0,sse50,上证50,1485.944,1483.5824,1493.4585,1491.4831666666666,1551.7985
2014-06-20,1475.94,1484.48,1485.17,1474.44,13385161.0,sse50,上证50,1486.5905,1483.4107999999999,1493.5743333333332,1491.0420833333333,1551.2804999999998
2014-06-23,1483.66,1475.76,1489.31,1474.93,13056322.0,sse50,上证50,1486.1595,1482.9316000000001,1493.6683333333335,1490.4961666666668,1550.7462
2014-06-24,1471.73,1480.13,1481.15,1470.59,12659980.0,sse50,上证50,1485.8635,1483.7684,1493.8858333333333,1490.0005833333335,1550.3154000000002
2014-06-25,1477.09,1469.95,1477.09,1466.4,11714189.0,sse50,上证50,1485.3745000000001,1484.1336,1493.9761666666668,1489.3555,1549.6582500000002
2014-06-26,1471.65,1478.01,1480.83,1471.61,13039322.0,sse50,上证50,1484.687,1484.2884,1494.0755,1488.9649166666668,1549.0383
2014-06-27,1475.72,1473.76,1480.82,1468.21,16320840.0,sse50,上证50,1484.1595000000002,1484.3768,1494.2085,1488.3277500000002,1548.44275
2014-06-30,1475.72,1482.41,1486.96,1475.72,16568445.0,sse50,上证50,1484.175,1484.2979999999998,1494.363,1487.7818333333335,1547.91405
2014-07-01,1486.79,1481.66,1488.14,1476.39,15197377.0,sse50,上证50,1484.382,1484.1224,1494.2023333333334,1487.0058333333334,1547.37345
2014-07-02,1481.33,1484.84,1486.41,1476.58,16722725.0,sse50,上证50,1485.3045,1484.3267999999998,1494.3248333333333,1486.3703333333333,1546.8380000000002
2014-07-03,1481.85,1489.55,1492.1,1479.06,17188506.0,sse50,上证50,1485.57,1484.2384,1494.3118333333334,1485.9826666666665,1546.2130499999998
2014-07-04,1489.82,1492.46,1495.04,1489.47,15844620.0,sse50,上证50,1486.5795,1484.5644,1493.607,1485.8120833333332,1545.60765
2014-07-07,1493.07,1492.84,1497.72,1488.51,15969802.0,sse50,上证50,1487.454,1484.9940000000001,1492.9730000000002,1485.6636666666668,1545.02385
2014-07-08,1491.72,1491.96,1493.84,1484.13,13725069.0,sse50,上证50,1487.3755,1485.5716,1491.6656666666668,1485.468916666667,1544.3544
2014-07-09,1490.94,1475.14,1491.97,1474.87,18727134.0,sse50,上证50,1486.6945,1485.9216000000001,1490.1628333333333,1485.2294166666666,1543.1631499999996
2014-07-10,1475.18,1471.17,1478.71,1468.73,16574428.0,sse50,上证50,1486.06,1485.3988,1488.7206666666666,1485.0035833333334,1541.8311
2014-07-11,1462.35,1468.54,1474.07,1460.91,18217829.0,sse50,上证50,1484.339,1485.2495999999999,1487.8093333333334,1484.7863333333335,1540.4672
2014-07-14,1468.69,1482.78,1483.0,1466.41,19829693.0,sse50,上证50,1482.5425,1485.5467999999998,1487.0715000000002,1484.64875,1539.0178
2014-07-15,1481.11,1484.66,1487.2,1478.44,21572336.0,sse50,上证50,1481.6785,1485.192,1486.4731666666667,1484.6166666666666,1537.6949
2014-07-16,1482.33,1483.18,1490.19,1480.6,24542177.0,sse50,上证50,1481.066,1484.9688,1485.8381666666667,1484.5340833333332,1536.4195499999998
2014-07-17,1479.12,1473.67,1479.29,1468.38,16484741.0,sse50,上证50,1480.8475,1484.5611999999999,1485.5033333333333,1484.5174166666666,1535.2947499999998
2014-07-18,1466.58,1478.76,1486.27,1464.75,20901979.0,sse50,上证50,1480.5615,1483.5932,1484.9901666666667,1484.6334166666668,1534.1856
2014-07-21,1478.73,1479.84,1483.62,1474.8,16760296.0,sse50,上证50,1480.7655,1482.0384,1484.5368333333333,1484.6414166666666,1533.0194000000001
2014-07-22,1476.23,1495.93,1500.5,1475.6,24840828.0,sse50,上证50,1481.5555,1481.7979999999998,1484.2975,1484.4898333333333,1532.13125
2014-07-23,1495.25,1506.76,1512.37,1494.93,28578207.0,sse50,上证50,1483.3960000000002,1482.2512,1484.3926666666669,1484.5542500000001,1531.3570000000002
2014-07-24,1508.98,1541.9,1546.19,1508.98,44311527.0,sse50,上证50,1486.5905,1484.8056000000004,1485.3613333333333,1484.88625,1530.90305
2014-07-25,1546.52,1557.02,1557.58,1541.3,31206105.0,sse50,上证50,1490.7535,1487.7072,1486.3781666666666,1485.5375,1530.4923999999999
2014-07-28,1566.33,1609.48,1617.48,1566.33,66664105.0,sse50,上证50,1497.107,1493.056,1488.2893333333334,1486.5515,1530.3244999999997
2014-07-29,1610.91,1611.85,1621.06,1601.98,46806231.0,sse50,上证50,1503.6165,1498.3248,1490.3613333333335,1487.5295,1530.0852000000002
2014-07-30,1606.72,1601.38,1619.18,1598.26,44338155.0,sse50,上证50,1509.4434999999999,1503.5819999999999,1492.2968333333333,1488.5630833333335,1529.7497
2014-07-31,1602.67,1621.85,1622.65,1597.27,34743916.0,sse50,上证50,1516.0585,1509.3355999999999,1494.7246666666665,1489.784,1529.6693
2014-08-01,1616.79,1607.97,1639.32,1607.56,44267504.0,sse50,上证50,1521.834,1514.704,1496.8788333333332,1490.6351666666667,1529.3627999999999
2014-08-04,1614.9,1644.63,1644.96,1608.31,44540974.0,sse50,上证50,1529.4235,1521.1928000000003,1499.6103333333335,1491.6044166666668,1529.2751
2014-08-05,1644.23,1632.41,1646.32,1622.03,33190832.0,sse50,上证50,1536.446,1527.2228,1501.6773333333333,1492.4828333333332,1529.1558499999999
2014-08-06,1624.03,1619.01,1626.92,1602.99,32836371.0,sse50,上证50,1543.6395,1532.5896000000002,1503.6021666666668,1493.2410833333333,1529.0798000000002
2014-08-07,1619.2,1593.42,1623.0,1592.04,35582567.0,sse50,上证50,1549.752,1536.7444,1505.1453333333334,1493.7342500000002,1528.911
2014-08-08,1595.19,1595.66,1600.8,1586.09,28411625.0,sse50,上证50,1556.108,1540.8724000000002,1506.9268333333334,1494.2138333333335,1528.7053000000003
2014-08-11,1601.31,1619.25,1621.71,1600.68,27728836.0,sse50,上证50,1562.9315000000001,1545.9288000000001,1509.1186666666667,1495.136416666667,1528.51365
2014-08-12,1615.14,1607.91,1615.14,1601.56,24999882.0,sse50,上证50,1569.094,1550.5667999999998,1511.597,1495.7573333333332,1528.35285
2014-08-13,1609.46,1610.14,1619.19,1596.22,30104195.0,sse50,上证50,1575.442,1555.9668,1514.0856666666666,1496.5073333333335,1528.2110500000001
2014-08-14,1610.39,1596.84,1614.58,1595.17,27945673.0,sse50,上证50,1581.6005,1560.9936000000002,1516.130666666667,1497.2699166666666,1528.0872
2014-08-15,1598.52,1612.0,1615.88,1593.22,27406589.0,sse50,上证50,1588.2625,1566.7320000000002,1518.4715,1498.4694166666666,1528.0896
2014-08-18,1614.23,1613.13,1623.9,1607.44,26290498.0,sse50,上证50,1594.9270000000001,1571.9460000000001,1520.6173333333331,1499.9047500000001,1528.1018
2014-08-19,1614.39,1609.09,1615.21,1598.06,28400783.0,sse50,上证50,1600.585,1576.9232000000002,1522.6680000000001,1501.2788333333333,1527.9786500000002
2014-08-20,1605.5,1600.34,1605.51,1596.96,24108182.0,sse50,上证50,1605.264,1581.6096,1524.6781666666668,1502.5111666666667,1527.7132499999998
2014-08-21,1599.55,1587.03,1600.28,1576.32,27277975.0,sse50,上证50,1607.5205,1586.144,1526.266,1503.5337499999998,1527.49315
2014-08-22,1585.11,1594.18,1596.29,1583.61,23953436.0,sse50,上证50,1609.3785,1590.7607999999998,1528.0971666666667,1504.6294999999998,1527.2403
2014-08-25,1594.71,1577.43,1595.44,1575.71,26501265.0,sse50,上证50,1607.776,1594.6644000000001,1529.6860000000001,1505.5724166666666,1526.9349
2014-08-26,1575.78,1573.39,1584.15,1568.74,23621600.0,sse50,上证50,1605.8529999999998,1597.7628,1531.2838333333334,1506.6145833333333,1526.63355
2014-08-27,1573.52,1572.79,1578.69,1569.98,16419321.0,sse50,上证50,1604.4235,1600.404,1533.0571666666665,1507.5585833333332,1526.42645
2014-08-28,1573.53,1563.89,1580.68,1563.4,20790154.0,sse50,上证50,1601.5255,1601.2835999999998,1534.3846666666666,1508.4610833333331,1526.193
2014-08-29,1570.4,1581.28,1582.28,1565.52,22012801.0,sse50,上证50,1600.1910000000003,1602.254,1536.2015,1509.8978333333332,1526.1621999999998
2014-09-01,1582.02,1586.02,1587.39,1576.22,22132871.0,sse50,上证50,1597.2604999999999,1601.3156,1538.0459999999998,1511.3419166666667,1526.1366
2014-09-02,1588.62,1607.5,1609.01,1581.14,34680710.0,sse50,上证50,1596.015,1601.1416,1539.9455,1512.9152500000002,1526.1201999999998
2014-09-03,1609.3,1624.03,1628.19,1608.95,38409635.0,sse50,上证50,1596.266,1602.0476,1542.2,1514.4705833333333,1526.3941
2014-09-04,1626.91,1637.29,1638.89,1621.24,32700249.0,sse50,上证50,1598.4595000000002,1602.6652000000001,1544.7571666666668,1516.228,1526.7169000000001
2014-09-05,1643.28,1656.24,1657.61,1641.11,41870437.0,sse50,上证50,1601.4885,1604.596,1547.3118333333332,1518.0786666666668,1526.974
2014-09-09,1657.61,1645.11,1660.01,1642.44,30664280.0,sse50,上证50,1602.7815,1604.6152,1549.4185,1519.8909999999998,1526.82375
2014-09-10,1637.49,1629.99,1637.49,1626.11,29300722.0,sse50,上证50,1603.8854999999999,1604.5184,1551.5526666666667,1521.6516666666669,1526.67605
2014-09-11,1627.96,1622.81,1648.96,1619.48,36456713.0,sse50,上证50,1604.519,1604.6704,1553.6756666666665,1523.45075,1526.4713000000002
2014-09-12,1619.05,1630.2,1630.28,1614.54,28468770.0,sse50,上证50,1606.1870000000001,1606.1416,1556.2116666666666,1524.8350833333332,1526.38185
2014-09-15,1625.87,1624.07,1626.05,1614.23,34391188.0,sse50,上证50,1606.7905,1607.2779999999998,1558.5381666666667,1526.05625,1526.2897
2014-09-16,1626.39,1600.92,1629.69,1598.86,50454137.0,sse50,上证50,1606.1799999999998,1606.5448,1560.6241666666667,1527.1462500000002,1526.1254000000001
2014-09-17,1607.16,1604.92,1609.53,1596.54,29895640.0,sse50,上证50,1605.9715,1606.4252000000001,1562.7040000000002,1528.2949166666665,1525.9953
2014-09-18,1601.5,1609.87,1616.48,1596.72,33474019.0,sse50,上证50,1606.4479999999999,1606.4144000000001,1565.036,1529.5060833333332,1525.8007
2014-09-19,1609.86,1619.58,1623.24,1604.71,30389533.0,sse50,上证50,1608.0755000000001,1607.3239999999998,1567.3954999999999,1530.7355,1525.57545
2014-09-22,1613.81,1583.89,1613.81,1580.97,29978969.0,sse50,上证50,1607.5610000000001,1606.1996,1569.231,1531.71975,1525.1878499999998
2014-09-23,1584.29,1595.64,1598.65,1584.16,24024639.0,sse50,上证50,1608.4715,1605.5,1571.1181666666666,1532.7405833333332,1524.7716999999998
2014-09-24,1589.35,1625.73,1628.51,1586.7,45332703.0,sse50,上证50,1611.0885,1606.1656,1573.5193333333334,1533.8608333333334,1524.4928000000002
2014-09-25,1633.44,1618.52,1636.22,1613.53,37502535.0,sse50,上证50,1613.375,1606.8928,1575.7473333333332,1535.0360833333334,1524.0894999999998
2014-09-26,1613.91,1616.09,1618.32,1605.53,26200041.0,sse50,上证50,1615.9850000000001,1608.0552000000002,1577.8563333333334,1536.0840833333334,1523.70805
2014-09-29,1621.09,1621.82,1627.19,1613.79,39204922.0,sse50,上证50,1618.012,1609.1608,1580.0123333333333,1536.8096666666668,1523.4408500000002
2014-09-30,1623.04,1619.7,1625.01,1615.07,33379744.0,sse50,上证50,1619.6960000000001,1610.8516,1582.1266666666666,1537.5498333333333,1523.19
2014-10-08,1625.26,1633.57,1633.62,1614.5,38780252.0,sse50,上证50,1620.9995,1613.2588,1584.4868333333334,1538.0762499999998,1523.0050999999999
2014-10-09,1633.54,1634.04,1639.17,1624.22,40357232.0,sse50,上证50,1621.5,1615.7088,1587.1351666666667,1538.6490000000001,1522.9794
2014-10-10,1626.58,1621.71,1630.37,1616.67,36843147.0,sse50,上证50,1620.721,1618.0216,1589.6441666666667,1539.1824166666665,1522.9284
2014-10-13,1614.2,1605.99,1614.2,1593.66,33876189.0,sse50,上证50,1618.2085000000002,1619.01,1591.935,1539.8721666666665,1522.8262999999997
2014-10-14,1603.35,1600.3,1614.98,1595.25,33006893.0,sse50,上证50,1615.968,1619.5811999999999,1593.8936666666666,1540.4825833333334,1522.8155000000002
2014-10-15,1599.9,1612.77,1615.31,1593.39,34583317.0,sse50,上证50,1615.1070000000002,1619.792,1596.0288333333333,1541.251,1522.8929999999998
2014-10-16,1602.38,1608.74,1629.09,1599.16,49694488.0,sse50,上证50,1614.4035,1619.1804000000002,1598.1215000000002,1541.9798333333335,1522.9433000000001
2014-10-17,1608.98,1608.52,1616.37,1592.7,43252613.0,sse50,上证50,1613.3195,1618.0295999999998,1600.369,1542.9361666666666,1523.08535
2014-10-20,1613.8,1612.4,1615.39,1606.12,28673982.0,sse50,上证50,1612.736,1616.276,1602.5963333333334,1543.79325,1523.4603
2014-10-21,1612.1,1600.84,1615.29,1599.86,30366662.0,sse50,上证50,1612.7320000000002,1614.5051999999998,1604.613,1544.5749166666667,1523.7581500000001
2014-10-22,1602.45,1597.13,1612.75,1596.14,29282308.0,sse50,上证50,1612.3425,1613.1908,1606.2996666666668,1545.2985833333332,1524.0457999999999
2014-10-23,1595.82,1586.56,1604.5,1584.62,33975769.0,sse50,上证50,1611.1770000000001,1611.7407999999998,1607.6296666666667,1546.0111666666667,1524.2418
2014-10-24,1587.91,1583.42,1592.32,1580.71,26883452.0,sse50,上证50,1609.369,1609.8696,1608.3216666666667,1546.8415,1524.5345000000002
2014-10-27,1572.89,1559.91,1572.89,1556.55,24731600.0,sse50,上证50,1608.17,1607.3032,1608.3698333333334,1547.374,1524.5829500000002
2014-10-28,1562.75,1585.74,1586.3,1562.75,27577349.0,sse50,上证50,1607.675,1606.6960000000001,1607.9741666666666,1548.13175,1524.7720499999998
2014-10-29,1591.28,1608.4,1616.06,1586.17,40004849.0,sse50,上证50,1606.8085,1606.8352,1607.9166666666667,1549.139,1524.9401500000001
2014-10-30,1607.48,1619.1,1623.74,1602.55,50078056.0,sse50,上证50,1606.8375,1607.2044,1608.212,1550.2544166666667,1525.2301499999999
2014-10-31,1623.65,1657.29,1665.47,1623.32,83294947.0,sse50,上证50,1608.8975,1608.7128,1608.8026666666667,1551.7636666666667,1525.83625
2014-11-03,1662.75,1651.05,1664.43,1646.43,58947423.0,sse50,上证50,1610.359,1611.3992,1609.5206666666668,1553.19975,1526.52685
2014-11-04,1648.11,1645.62,1650.81,1639.68,58389293.0,sse50,上证50,1611.655,1613.3984,1609.5371666666665,1554.57375,1527.2017
2014-11-05,1645.29,1637.63,1647.67,1632.72,51813329.0,sse50,上证50,1611.858,1613.8744,1609.624166666667,1555.65075,1527.8132
2014-11-06,1639.93,1635.96,1643.19,1625.99,40193346.0,sse50,上证50,1611.954,1614.5720000000001,1609.9066666666665,1556.7544166666667,1528.4735999999998
2014-11-07,1637.14,1640.32,1667.7,1633.03,67293595.0,sse50,上证50,1612.8845,1615.5412,1610.6883333333333,1557.9168333333332,1529.18385
2014-11-10,1671.23,1689.02,1689.05,1657.14,85562450.0,sse50,上证50,1617.0359999999998,1618.2291999999998,1612.244333333333,1559.5855833333333,1530.1559
2014-11-11,1701.22,1710.88,1740.92,1693.25,133757329.0,sse50,上证50,1622.565,1621.8764,1613.7714999999998,1561.4450833333333,1531.21385
2014-11-12,1699.2,1731.02,1731.33,1693.38,66017563.0,sse50,上证50,1628.4775,1625.7744,1615.8233333333335,1563.7101666666667,1532.4264
2014-11-13,1734.17,1726.34,1750.84,1720.73,79968935.0,sse50,上证50,1634.3575,1629.4663999999998,1617.76,1565.9228333333335,1533.5926499999998
2014-11-14,1719.58,1728.81,1729.72,1706.84,61248756.0,sse50,上证50,1640.372,1633.7504000000001,1619.9595,1568.0450833333334,1534.85835
2014-11-17,1758.99,1708.1,1758.99,1706.94,58158950.0,sse50,上证50,1645.157,1637.8348,1621.5611666666666,1570.0163333333335,1536.0746500000002
2014-11-18,1709.14,1679.42,1709.28,1676.44,55117407.0,sse50,上证50,1649.086,1640.9995999999999,1622.6660000000002,1571.6416666666667,1537.0773500000003
2014-11-19,1675.84,1671.65,1681.97,1667.9,40782354.0,sse50,上证50,1652.812,1643.3548,1623.7086666666664,1573.188333333333,1537.865
2014-11-20,1667.14,1676.6,1683.61,1662.72,37440839.0,sse50,上证50,1657.3139999999999,1646.0692,1624.9796666666666,1574.8289166666666,1538.75285
2014-11-21,1676.4,1714.71,1717.31,1669.18,53649569.0,sse50,上证50,1663.8785,1650.3167999999998,1627.1076666666665,1576.6868333333332,1539.8160999999998
2014-11-24,1729.27,1758.1,1772.89,1722.71,104986365.0,sse50,上证50,1673.7879999999998,1656.1447999999998,1629.8396666666667,1578.9684166666666,1541.21225
2014-11-25,1757.68,1777.67,1780.56,1752.38,73081581.0,sse50,上证50,1683.3845000000001,1663.218,1633.177,1581.4315,1542.6616000000001
2014-11-26,1786.93,1820.49,1821.1,1786.56,93444130.0,sse50,上证50,1693.989,1672.1524,1637.2953333333332,1584.2895833333334,1544.2916
2014-11-27,1834.25,1853.0,1853.42,1825.35,108472903.0,sse50,上证50,1705.684,1682.81,1641.9655,1587.5113333333331,1546.1698499999998
2014-11-28,1853.55,1914.44,1915.81,1846.15,162358429.0,sse50,上证50,1718.5415,1696.0508000000002,1647.8080000000002,1591.0963333333334,1548.36535
2014-12-01,1936.81,1920.38,1968.91,1916.63,156151220.0,sse50,上证50,1732.0080000000003,1710.4696,1653.4596666666666,1594.8305833333334,1550.4381
2014-12-02,1910.37,2021.54,2040.47,1909.37,153263421.0,sse50,上证50,1750.8039999999996,1727.9016000000001,1660.7183333333335,1599.3821666666668,1552.9042000000002
2014-12-03,2031.13,2037.59,2107.68,1999.73,191690068.0,sse50,上证50,1770.8020000000001,1745.0692,1667.8865,1603.9160000000002,1555.45715
2014-12-04,2043.47,2160.66,2161.39,2032.41,172271082.0,sse50,上证50,1797.0369999999998,1766.7316,1676.8303333333336,1609.5151666666668,1558.6203500000001
2014-12-05,2201.82,2200.25,2259.51,2115.42,225317394.0,sse50,上证50,1825.0335,1788.45,1686.213,1615.4850833333335,1561.9504000000002
2014-12-08,2187.5,2298.85,2317.55,2160.49,199081908.0,sse50,上证50,1855.525,1814.3619999999999,1696.9231666666667,1622.1174999999998,1565.7541
2014-12-09,2283.16,2182.69,2402.13,2149.6,269266716.0,sse50,上证50,1879.1154999999999,1835.8448,1705.8828333333333,1627.6506666666667,1569.1248500000002
2014-12-10,2198.84,2254.82,2263.99,2111.88,190027974.0,sse50,上证50,1905.3055,1860.5323999999998,1716.2966666666666,1633.9246666666666,1572.73195
2014-12-11,2211.54,2193.54,2269.49,2190.25,146047943.0,sse50,上证50,1928.6654999999998,1882.8355999999999,1725.8088333333333,1639.74225,1576.0989499999998
2014-12-12,2186.74,2193.29,2250.57,2176.32,111528818.0,sse50,上证50,1951.8895,1904.9544,1735.1936666666668,1645.7026666666668,1579.53875
2014-12-15,2170.28,2201.54,2208.66,2139.47,108687324.0,sse50,上证50,1976.5615000000003,1925.4551999999999,1744.8181666666667,1651.6781666666668,1583.20615
2014-12-16,2205.88,2299.28,2299.38,2195.5,148175897.0,sse50,上证50,2007.5544999999997,1948.9912000000002,1756.4575,1658.5408333333332,1587.4981
2014-12-17,2326.85,2383.95,2392.57,2307.18,211362800.0,sse50,上证50,2043.1695,1975.1084,1769.4413333333332,1666.0726666666667,1592.19685
2014-12-18,2389.84,2364.04,2413.68,2343.74,158621508.0,sse50,上证50,2077.5415,2000.6164,1782.0108333333335,1673.523416666667,1596.75475
2014-12-19,2366.45,2390.28,2408.48,2304.61,158438199.0,sse50,上证50,2111.32,2027.0752,1794.8558333333335,1681.1256666666668,1601.3845499999998
2014-12-22,2393.04,2426.68,2479.11,2375.91,218155712.0,sse50,上证50,2144.749,2055.8184,1808.9023333333332,1689.0666666666666,1606.2044999999998
2014-12-23,2392.61,2374.95,2462.07,2360.72,135946500.0,sse50,上证50,2174.6130000000003,2083.6396,1821.8908333333334,1696.5044999999998,1610.75785
2014-12-24,2381.41,2270.88,2388.41,2238.65,123596996.0,sse50,上证50,2197.1325,2107.6088,1832.6433333333332,1703.081333333333,1614.8706
2014-12-25,2295.22,2359.66,2360.22,2263.42,121259722.0,sse50,上证50,2222.4655,2134.9312,1844.9956666666667,1710.3715,1619.37135
2014-12-26,2365.03,2464.82,2471.04,2357.67,152092874.0,sse50,上证50,2249.9845,2164.9356,1859.1411666666665,1718.49875,1624.4175
2014-12-29,2533.99,2481.66,2557.38,2437.75,184581669.0,sse50,上证50,2278.0485,2193.878,1873.4718333333333,1726.7420833333335,1629.7814500000002
2014-12-30,2481.08,2523.63,2550.47,2464.43,149464002.0,sse50,上证50,2303.1530000000002,2223.7164,1888.5373333333334,1735.3319999999999,1635.33595
2014-12-31,2529.58,2581.57,2590.09,2507.94,154675810.0,sse50,上证50,2330.352,2254.1596,1904.3373333333332,1744.4120833333332,1641.1503
2015-01-05,2612.85,2649.64,2678.44,2583.55,182425566.0,sse50,上证50,2354.8010000000004,2286.0252,1921.264,1754.1995833333335,1647.21155
2015-01-06,2616.29,2629.4,2691.49,2591.83,173439993.0,sse50,上证50,2376.2585000000004,2314.6236,1938.0588333333333,1763.8515,1653.22655
2015-01-07,2608.88,2635.23,2668.84,2598.89,128317720.0,sse50,上证50,2393.0775,2343.2176,1955.2128333333335,1773.5739166666667,1659.2319
2015-01-08,2647.82,2558.11,2656.75,2551.82,118367915.0,sse50,上证50,2411.8485,2364.6804,1971.1763333333333,1782.5349999999999,1664.8843
2015-01-09,2554.29,2569.02,2692.61,2540.34,156209510.0,sse50,上证50,2427.5585,2385.9376,1987.1138333333333,1791.5713333333333,1670.63585
2015-01-12,2565.74,2543.85,2596.27,2499.87,119183586.0,sse50,上证50,2445.074,2401.2652,2002.6989999999998,1800.41025,1676.3204999999998
2015-01-13,2537.98,2527.83,2567.62,2512.86,77079080.0,sse50,上证50,2461.8010000000004,2414.3684,2018.0208333333333,1809.1949166666668,1681.63925
2015-01-14,2539.25,2534.23,2569.45,2508.66,84122310.0,sse50,上证50,2478.4355,2423.7836,2033.3846666666666,1817.9905,1686.9227500000002
2015-01-15,2534.77,2632.89,2633.4,2516.61,111923167.0,sse50,上证50,2495.116,2441.7916,2050.5855,1827.59925,1692.7366
2015-01-16,2642.74,2653.03,2685.31,2626.82,134951180.0,sse50,上证50,2508.5699999999997,2457.72,2068.1838333333335,1837.2417500000001,1698.6663500000002
2015-01-19,2448.93,2410.2,2512.58,2399.44,140163570.0,sse50,上证50,2510.878,2466.3864,2081.9111666666668,1844.7704166666667,1703.3947
2015-01-20,2381.14,2403.72,2439.25,2355.26,137476636.0,sse50,上证50,2511.55,2474.8035999999997,2095.5828333333334,1851.95225,1708.05305
2015-01-21,2425.26,2542.32,2553.7,2414.89,148800477.0,sse50,上证50,2517.3320000000003,2488.4348,2111.956333333333,1860.1630833333331,1713.43575
2015-01-22,2546.7,2544.31,2557.7,2504.07,113708777.0,sse50,上证50,2525.8,2498.236,2127.9325,1867.9533333333334,1718.7916
2015-01-23,2556.92,2564.51,2612.93,2543.46,124551349.0,sse50,上证50,2540.4815000000003,2505.4584,2143.8676666666665,1875.8921666666668,1724.15765
2015-01-26,2563.91,2562.36,2565.36,2528.08,95979468.0,sse50,上证50,2550.6165,2513.3912,2159.588666666667,1883.9003333333335,1729.582
2015-01-27,2570.43,2522.1,2574.33,2473.81,116542876.0,sse50,上证50,2553.4805,2518.6639999999998,2174.0021666666667,1891.4024166666666,1734.74085
2015-01-28,2497.05,2486.28,2534.58,2476.28,86356380.0,sse50,上证50,2553.7115000000003,2521.048,2187.9226666666664,1898.7216666666666,1739.4985000000001
2015-01-29,2444.4,2442.04,2465.31,2419.99,81404965.0,sse50,上证50,2549.632,2523.7316,2201.1963333333333,1905.36675,1744.0543
2015-01-30,2456.05,2405.38,2471.23,2400.63,76591150.0,sse50,上证50,2540.8224999999998,2529.1116,2213.9921666666664,1911.8081666666667,1748.2291999999998
2015-02-02,2337.2,2332.53,2376.43,2329.15,84676893.0,sse50,上证50,2524.9669999999996,2528.0264,2225.601666666667,1917.7541666666666,1752.0653
2015-02-03,2362.41,2405.76,2413.01,2335.11,82274659.0,sse50,上证50,2513.785,2525.664,2238.359,1924.5236666666667,1756.3056
2015-02-04,2412.75,2372.46,2439.61,2370.57,77531358.0,sse50,上证50,2500.6465,2521.2960000000003,2249.749666666667,1930.9969999999998,1760.5518
2015-02-05,2456.38,2348.92,2456.57,2348.45,110713251.0,sse50,上证50,2490.1870000000004,2514.3076,2260.3836666666666,1937.0775833333332,1764.6611500000001
2015-02-06,2335.36,2325.24,2366.33,2303.11,76931113.0,sse50,上证50,2477.998,2504.0544,2270.2873333333337,1943.0553333333335,1768.6845500000002
2015-02-09,2319.24,2366.77,2392.82,2311.8,73903383.0,sse50,上证50,2469.144,2492.7396000000003,2280.961166666667,1949.3605833333334,1772.9119999999998
2015-02-10,2363.16,2403.55,2409.02,2355.14,68862031.0,sse50,上证50,2462.9300000000003,2483.7056,2292.2068333333327,1956.0831666666668,1777.46095
2015-02-11,2408.08,2415.13,2423.35,2395.2,50538983.0,sse50,上证50,2456.975,2474.9016,2303.9906666666666,1962.7759166666667,1781.9888500000002
2015-02-12,2415.14,2416.45,2425.64,2384.49,60662358.0,sse50,上证50,2446.1530000000002,2469.2352,2316.2745,1969.4702499999999,1786.5358999999999
2015-02-13,2426.95,2427.47,2464.08,2415.43,83793479.0,sse50,上证50,2434.875,2463.5732000000003,2328.8715,1976.2900833333333,1791.1218
2015-02-16,2427.17,2431.21,2437.84,2413.6,62608116.0,sse50,上证50,2435.9255,2459.0676000000003,2341.4483333333333,1983.214,1795.7725999999998
2015-02-17,2437.69,2445.26,2464.52,2437.69,60010573.0,sse50,上证50,2438.0024999999996,2455.7648,2353.624166666667,1990.3659166666666,1800.58
2015-02-25,2448.2,2407.46,2448.2,2395.53,63987384.0,sse50,上证50,2431.2594999999997,2450.694,2364.4468333333334,1997.14325,1805.13725
2015-02-26,2401.14,2478.06,2482.44,2382.69,94707062.0,sse50,上证50,2427.947,2444.5008,2376.12,2004.6484999999998,1810.0535
2015-02-27,2476.49,2474.6,2498.7,2466.83,85651923.0,sse50,上证50,2423.4515,2437.3635999999997,2387.0218333333332,2012.1585833333334,1814.9888499999997
2015-03-02,2495.57,2479.24,2498.72,2459.42,88052518.0,sse50,上证50,2419.2954999999997,2440.1252000000004,2397.4591666666665,2019.7123333333334,1819.9588
2015-03-03,2462.0,2396.8,2462.0,2395.83,91274742.0,sse50,上证50,2413.0305,2439.8484,2405.4985,2026.65325,1824.5619
2015-03-04,2403.86,2397.99,2416.22,2378.93,64295285.0,sse50,上证50,2408.616,2434.0752,2413.4586666666664,2033.4591666666668,1829.1582500000002
2015-03-05,2379.73,2366.9,2382.89,2344.95,77773300.0,sse50,上证50,2404.859,2426.9788,2419.2146666666667,2039.9664999999998,1833.58905
2015-03-06,2370.89,2371.62,2393.74,2366.02,64804205.0,sse50,上证50,2403.171,2419.2632,2424.7818333333335,2046.3341666666668,1837.9052000000001
2015-03-09,2352.22,2429.87,2443.2,2321.26,106195716.0,sse50,上证50,2408.038,2413.9636,2429.2686666666673,2053.0495,1842.5369500000002
2015-03-10,2413.84,2395.43,2424.15,2390.6,78435586.0,sse50,上证50,2407.5215,2408.8968,2432.521666666667,2059.367333333333,1847.00995
2015-03-11,2401.26,2408.5,2444.66,2399.54,70074190.0,sse50,上证50,2409.3235,2405.7856,2434.349166666667,2065.6361666666667,1851.6086000000003
2015-03-12,2444.42,2485.11,2505.63,2423.43,124778201.0,sse50,上证50,2416.1330000000003,2407.5084,2439.3894999999998,2072.6361666666667,1856.59545
2015-03-13,2494.35,2495.28,2532.15,2477.4,104205941.0,sse50,上证50,2424.6349999999998,2411.1044,2443.3971666666666,2079.846916666667,1861.7758000000001
2015-03-16,2512.35,2550.86,2551.45,2485.29,104132082.0,sse50,上证50,2433.8395,2419.8376000000003,2449.3525,2087.5806666666667,1867.226
2015-03-17,2576.41,2583.2,2586.43,2556.47,132092052.0,sse50,上证50,2442.8219999999997,2426.9352,2455.851,2095.5223333333333,1872.7713
2015-03-18,2595.74,2649.64,2649.82,2592.26,147958821.0,sse50,上证50,2454.5474999999997,2438.0224,2463.3193333333334,2104.06875,1878.66175
2015-03-19,2649.0,2630.24,2649.0,2613.76,133595868.0,sse50,上证50,2465.237,2449.2752,2468.8353333333334,2112.6464166666665,1884.3910499999997
2015-03-20,2642.8,2680.68,2710.13,2617.06,153754994.0,sse50,上证50,2477.8975,2463.4928,2473.780833333333,2121.6110833333337,1890.3642000000002
2015-03-23,2700.16,2720.67,2724.64,2690.48,142091935.0,sse50,上证50,2492.3705,2477.6488,2479.724666666667,2130.86775,1896.5689000000002
2015-03-24,2719.51,2683.65,2720.03,2649.62,153617579.0,sse50,上证50,2504.29,2488.8528,2484.6141666666667,2139.7349999999997,1902.5283499999998
2015-03-25,2674.35,2649.16,2691.24,2626.66,132270399.0,sse50,上证50,2516.375,2498.214,2488.3221666666664,2148.61225,1908.3526000000002
2015-03-26,2637.53,2687.76,2714.63,2621.45,133442925.0,sse50,上证50,2526.8599999999997,2509.0664,2493.535666666667,2157.71325,1914.3808999999999
2015-03-27,2693.19,2689.24,2715.01,2664.86,119869374.0,sse50,上证50,2537.5919999999996,2519.5372,2500.508333333333,2166.5758333333333,1920.4395000000002
2015-03-30,2716.43,2784.46,2793.41,2704.8,181383659.0,sse50,上证50,2552.853,2533.6672,2507.588333333333,2176.292,1927.0298500000001
2015-03-31,2826.63,2754.66,2860.24,2744.93,175833718.0,sse50,上证50,2570.746,2546.0431999999996,2512.419,2185.780083333333,1933.38195
2015-04-01,2758.96,2799.45,2810.65,2751.37,125281322.0,sse50,上证50,2590.819,2561.7228,2517.7155,2195.5936666666666,1940.01785
2015-04-02,2821.21,2781.64,2824.82,2746.3,122184734.0,sse50,上证50,2611.5559999999996,2573.866,2522.0156666666667,2205.2765,1946.5493000000001
2015-04-03,2771.03,2817.18,2817.62,2764.35,112969251.0,sse50,上证50,2633.834,2587.5692,2525.9425,2215.1399166666665,1953.1675500000001
2015-04-07,2854.41,2889.45,2889.86,2838.89,160139442.0,sse50,上证50,2656.813,2603.9775999999997,2529.9393333333333,2225.601666666667,1960.1709999999998
2015-04-08,2907.58,2952.08,2960.65,2879.97,179853837.0,sse50,上证50,2684.6454999999996,2626.1888,2535.3173333333334,2236.6880833333335,1967.5121
2015-04-09,2973.81,2931.77,3021.85,2914.7,176764483.0,sse50,上证50,2710.809,2647.54,2540.2596666666664,2247.7362500000004,1974.6561499999998
2015-04-10,2925.93,2986.61,2992.41,2911.46,141215958.0,sse50,上证50,2735.884,2672.3284000000003,2547.4013333333332,2259.2888333333335,1981.99565
2015-04-13,3040.01,3041.13,3059.77,3016.97,169339583.0,sse50,上证50,2763.1765,2699.1088,2555.2698333333333,2271.1918333333333,1989.6916
2015-04-14,3057.41,3052.41,3074.67,3013.31,162300362.0,sse50,上证50,2788.254,2724.0103999999997,2563.7458333333334,2283.2224166666665,1997.4765
2015-04-15,3054.02,3053.3,3119.48,3039.25,179025929.0,sse50,上证50,2811.759,2750.3252,2572.5036666666665,2295.2622499999998,2005.3528
2015-04-16,3045.85,3183.3,3183.58,3033.25,171967554.0,sse50,上证50,2838.442,2781.3172000000004,2583.3215,2308.3530833333334,2013.8469
2015-04-17,3251.98,3235.33,3271.57,3216.21,207659934.0,sse50,上证50,2868.6965,2811.3260000000005,2593.3621666666663,2321.973833333333,2022.6447500000002
2015-04-20,3267.85,3164.46,3296.18,3146.84,265976127.0,sse50,上证50,2892.8855,2838.0932000000003,2601.886,2335.0349166666665,2031.0664
2015-04-21,3163.29,3214.36,3214.89,3135.22,184427692.0,sse50,上证50,2917.57,2864.6332,2615.288666666667,2348.5999166666666,2039.7884499999998
2015-04-22,3219.7,3299.22,3300.84,3204.44,201738071.0,sse50,上证50,2948.3485,2893.2740000000003,2630.213666666667,2362.89825,2048.8945000000003
2015-04-23,3311.07,3273.4,3313.81,3245.76,177137931.0,sse50,上证50,2979.5605,2918.2243999999996,2642.398333333333,2377.177333333333,2057.8927000000003
2015-04-24,3226.38,3223.96,3250.23,3161.97,185135936.0,sse50,上证50,3006.3705,2941.9732,2653.7258333333334,2390.829166666667,2066.60045
2015-04-27,3257.97,3308.45,3313.25,3257.97,200266975.0,sse50,上证50,3037.331,2967.084,2666.1248333333333,2404.9962499999997,2075.7344
2015-04-28,3309.53,3282.33,3370.02,3255.77,266042859.0,sse50,上证50,3062.2245000000003,2989.5503999999996,2678.1243333333337,2418.8565,2084.72185
2015-04-29,3268.52,3283.28,3304.71,3243.54,146666285.0,sse50,上证50,3088.6555,3013.5356,2690.8106666666667,2432.4064166666667,2093.6904999999997
2015-04-30,3290.58,3250.49,3309.42,3249.25,146288279.0,sse50,上证50,3111.2075,3037.5888,2703.5475,2445.735083333333,2102.48065
2015-05-04,3250.13,3272.0,3273.15,3204.31,133270953.0,sse50,上证50,3135.7255,3060.9584000000004,2717.380166666667,2459.2882499999996,2111.3764499999997
2015-05-05,3266.81,3148.81,3270.96,3132.94,170607781.0,sse50,上证50,3152.307,3079.3412,2729.7706666666663,2471.881416666666,2119.6607
2015-05-06,3175.89,3139.02,3244.6,3110.11,147991138.0,sse50,上证50,3164.7855,3093.5236000000004,2743.2121666666662,2484.406916666667,2127.9801
2015-05-07,3116.79,3094.88,3142.14,3093.73,109440929.0,sse50,上证50,3171.9255000000003,3107.1324,2754.6974999999998,2496.5282500000003,2136.09865
2015-05-08,3126.0,3110.46,3138.66,3045.01,103278165.0,sse50,上证50,3180.8599999999997,3119.5728000000004,2766.9975,2508.373583333333,2144.30825
2015-05-11,3112.24,3169.13,3169.87,3075.2,133766659.0,sse50,上证50,3189.986,3135.0724000000005,2780.6676666666667,2520.5256666666664,2152.74
2015-05-12,3162.67,3188.31,3200.18,3136.46,130813054.0,sse50,上证50,3197.3450000000003,3149.9176,2795.0521666666664,2532.66975,2161.2582500000003
2015-05-13,3188.06,3141.3,3188.96,3122.34,117305504.0,sse50,上证50,3201.7895,3159.9916000000003,2807.9610000000002,2544.4610833333336,2169.54885
2015-05-14,3136.13,3128.57,3153.75,3107.68,105338706.0,sse50,上证50,3205.5530000000003,3167.0512,2820.044666666667,2556.1257499999997,2177.82335
2015-05-15,3122.89,3060.41,3124.61,3044.85,109993195.0,sse50,上证50,3199.4085,3172.1967999999997,2830.799333333334,2567.395,2185.7316
2015-05-18,3032.71,2998.39,3045.59,2997.13,87041724.0,sse50,上证50,3187.5615,3172.6679999999997,2840.4983333333334,2578.3864166666667,2193.32435
2015-05-19,2996.84,3116.09,3127.0,2996.72,111206627.0,sse50,上证50,3185.143,3175.6664,2851.9753333333333,2590.4234166666665,2201.42515
2015-05-20,3127.57,3122.85,3181.54,3105.63,124557332.0,sse50,上证50,3180.5675,3178.4840000000004,2863.5026666666668,2602.4755,2209.5056
2015-05-21,3132.34,3150.9,3156.49,3111.0,94755784.0,sse50,上证50,3173.1515000000004,3182.388,2875.2633333333333,2614.44375,2217.5506
2015-05-22,3180.39,3248.86,3249.52,3170.45,150021104.0,sse50,上证50,3171.9245,3185.0103999999997,2889.286666666667,2626.8667499999997,2226.0098000000003
2015-05-25,3263.96,3349.95,3350.52,3263.96,158585710.0,sse50,上证50,3178.224,3189.5951999999997,2903.8181666666665,2639.969083333333,2234.7121500000003
2015-05-26,3382.76,3386.59,3390.29,3320.15,147894684.0,sse50,上证50,3182.131,3198.4804000000004,2919.0179999999996,2653.0199166666666,2243.58585
2015-05-27,3390.98,3344.74,3404.76,3327.24,147470539.0,sse50,上证50,3185.2515,3203.6956,2933.443,2665.4510833333334,2252.3026499999996
2015-05-28,3336.7,3124.62,3350.22,3120.97,178255206.0,sse50,上证50,3177.3185,3196.7115999999996,2945.5733333333333,2675.5359166666667,2259.8165
2015-05-29,3127.64,3111.33,3161.58,3036.96,133784404.0,sse50,上证50,3170.3605,3190.2288,2957.4623333333334,2685.4605,2267.3333
2015-06-01,3114.79,3244.32,3250.61,3082.16,141023373.0,sse50,上证50,3168.9764999999998,3191.0432,2972.0860000000002,2695.6503333333335,2275.33175
2015-06-02,3240.8,3258.31,3269.22,3201.22,134800533.0,sse50,上证50,3174.4515,3189.0376,2986.8641666666667,2705.823,2283.46125
2015-06-03,3251.91,3238.43,3259.71,3193.54,128306977.0,sse50,上证50,3179.4219999999996,3187.2816,3000.3401666666664,2714.804416666667,2291.55835
2015-06-04,3244.46,3299.03,3316.5,3113.22,184567939.0,sse50,上证50,3189.6295,3187.9116000000004,3015.4001666666663,2723.9609166666664,2300.0864
2015-06-05,3349.57,3303.99,3365.59,3234.25,188145648.0,sse50,上证50,3199.306,3190.0516,3030.325,2732.337083333333,2308.62805
2015-06-08,3333.83,3458.71,3469.22,3308.3,248254042.0,sse50,上证50,3213.785,3197.52,3046.5516666666667,2742.9705833333333,2317.8253499999996
2015-06-09,3494.82,3414.0,3494.82,3376.02,220448561.0,sse50,上证50,3225.0695,3208.1276000000003,3061.8636666666666,2752.6304166666664,2326.8558
2015-06-10,3362.81,3370.38,3415.28,3338.68,155294691.0,sse50,上证50,3236.5235,3217.3819999999996,3075.5223333333333,2762.4374166666666,2335.6569999999997
2015-06-11,3369.0,3347.12,3383.49,3313.59,138073848.0,sse50,上证50,3247.451,3227.4716000000003,3088.2543333333333,2772.052666666667,2344.4084
2015-06-12,3364.44,3350.25,3374.81,3319.2,145262255.0,sse50,上证50,3261.943,3237.0632,3099.9311666666667,2781.6252499999996,2353.09965
2015-06-15,3359.71,3262.48,3366.84,3254.62,167322559.0,sse50,上证50,3275.1475,3240.7971999999995,3110.4685000000004,2789.6519166666667,2361.3464000000004
2015-06-16,3233.15,3179.65,3275.47,3149.08,155969898.0,sse50,上证50,3278.3255,3240.4507999999996,3118.784666666667,2796.28275,2369.1992
2015-06-17,3198.14,3211.71,3222.44,3144.49,159571563.0,sse50,上证50,3282.7684999999997,3243.2672,3126.9686666666666,2803.346666666667,2377.25605
2015-06-18,3183.23,3068.49,3183.23,3067.49,137345042.0,sse50,上证50,3278.6479999999997,3240.864,3133.3826666666664,2808.998416666667,2384.66335
2015-06-19,3030.22,2903.06,3067.82,2900.79,131783924.0,sse50,上证50,3261.3579999999997,3234.57,3137.6143333333334,2812.96825,2391.20775
2015-06-23,2907.08,3003.16,3007.63,2822.47,135617644.0,sse50,上证50,3244.0185,3234.7608,3142.8709999999996,2818.203333333333,2398.3364
2015-06-24,3009.77,3045.24,3052.11,2962.65,141585882.0,sse50,上证50,3226.951,3231.9267999999997,3148.8043333333335,2824.656333333333,2405.69565
2015-06-25,3069.4,2943.99,3082.56,2929.11,160158307.0,sse50,上证50,3206.9134999999997,3224.7724,3151.463166666667,2829.5257500000002,2412.55165
2015-06-26,2875.12,2736.7,2953.96,2678.77,183355804.0,sse50,上证50,3187.5175,3208.2044,3151.1638333333335,2831.7914166666665,2418.4157
2015-06-29,2802.77,2678.37,2822.11,2530.83,212018714.0,sse50,上证50,3165.8695,3185.3848,3149.1458333333335,2833.430666666667,2423.90115
2015-06-30,2678.63,2870.02,2872.51,2628.0,219592298.0,sse50,上证50,3147.1544999999996,3166.1876,3150.6188333333334,2836.31725,2430.3211499999998
2015-07-01,2823.94,2736.85,2872.91,2721.48,169957702.0,sse50,上证50,3121.0815000000002,3140.1980000000003,3149.2799999999997,2837.6112500000004,2435.9679
2015-07-02,2767.99,2714.25,2805.67,2611.86,209045754.0,sse50,上证50,3094.8725000000004,3114.9784000000004,3146.36,2838.1496666666667,2441.419
2015-07-03,2674.56,2582.27,2738.66,2511.17,184361918.0,sse50,上证50,3059.0344999999998,3093.2844,3140.1964999999996,2837.7569166666663,2446.1439
2015-07-06,2807.75,2750.0,2807.75,2649.56,344834279.0,sse50,上证50,3031.335,3078.8312,3137.167,2838.713333333333,2451.6127
2015-07-07,2682.5,2812.45,2825.49,2612.12,350314798.0,sse50,上证50,2999.022,3061.5564,3134.2643333333335,2840.8328333333334,2457.4494
2015-07-08,2596.71,2608.98,2760.52,2546.46,377459400.0,sse50,上证50,2958.7709999999997,3035.5832,3127.0618333333337,2841.165833333333,2462.34435
2015-07-09,2575.34,2781.08,2828.75,2493.64,271176770.0,sse50,上证50,2929.306,3017.2892000000006,3122.5396666666666,2843.14275,2468.1357
2015-07-10,2749.12,2898.41,2997.6,2717.71,296251842.0,sse50,上证50,2906.8705,3001.2643999999996,3119.9581666666663,2846.230916666667,2474.4767500000003
2015-07-13,2855.7,2869.05,2949.2,2805.91,233341055.0,sse50,上证50,2882.8105,2983.8668,3114.7206666666666,2849.0210833333335,2480.70165
2015-07-14,2821.97,2763.07,2843.25,2717.03,194368424.0,sse50,上证50,2857.8399999999997,2956.0412,3106.849666666667,2850.105916666667,2486.5124
2015-07-15,2725.92,2757.95,2779.95,2665.95,185948028.0,sse50,上证50,2836.755,2929.7992,3100.0745,2850.9802499999996,2492.2775500000002
2015-07-16,2754.83,2742.85,2780.0,2708.72,135246163.0,sse50,上证50,2813.3120000000004,2904.6980000000003,3092.216,2853.7523333333334,2497.94245
2015-07-17,2756.87,2807.06,2834.18,2723.74,130241112.0,sse50,上证50,2800.2405,2883.0956,3084.0133333333333,2857.1135,2503.87985
2015-07-20,2798.56,2783.76,2815.7,2766.94,130862495.0,sse50,上证50,2794.2755,2860.4359999999997,3075.8526666666667,2859.1255,2509.8792000000003
2015-07-21,2757.66,2772.77,2799.81,2743.16,115826578.0,sse50,上证50,2782.756,2840.8476,3068.3328333333334,2861.029333333333,2515.76485
2015-07-22,2757.28,2739.79,2771.0,2721.35,106654530.0,sse50,上证50,2767.4835,2823.2532,3058.8551666666667,2862.49,2521.33515
2015-07-23,2741.42,2790.76,2796.37,2736.38,113582039.0,sse50,上证50,2759.822,2806.4152000000004,3050.662333333333,2864.3933333333334,2527.19635
2015-07-24,2794.05,2741.04,2807.62,2735.3,123928908.0,sse50,上证50,2760.039,2793.3171999999995,3041.625,2866.2178333333336,2532.8210999999997
2015-07-27,2698.8,2493.29,2715.36,2491.12,136645104.0,sse50,上证50,2750.785,2776.9263999999994,3029.0049999999997,2866.27625,2537.17845
2015-07-28,2427.03,2485.67,2531.23,2400.87,140338855.0,sse50,上证50,2731.5675,2756.2268,3015.8995,2866.6398333333336,2541.5083
2015-07-29,2496.9,2531.45,2535.6,2459.08,93078154.0,sse50,上证50,2721.2974999999997,2735.6752,3005.610166666667,2867.6904166666664,2545.9977000000003
2015-07-30,2525.08,2467.37,2548.27,2459.92,86949827.0,sse50,上证50,2708.9535,2716.6103999999996,2994.416,2868.8140833333327,2550.16435
2015-07-31,2452.05,2461.24,2490.66,2432.49,74725374.0,sse50,上证50,2702.902,2705.592,2983.8553333333334,2869.276416666667,2554.362
2015-08-03,2433.24,2479.72,2479.95,2419.85,88073410.0,sse50,上证50,2689.388,2697.6459999999997,2973.343,2870.17025,2558.73065
2015-08-04,2476.16,2534.71,2535.28,2462.73,66032317.0,sse50,上证50,2675.5009999999997,2684.2336,2962.769333333333,2871.7185000000004,2563.4027
2015-08-05,2529.13,2487.06,2537.35,2485.6,62889670.0,sse50,上证50,2669.4049999999997,2674.242,2951.081833333333,2873.0670000000005,2567.77415
2015-08-06,2452.53,2467.52,2505.53,2446.96,47800047.0,sse50,上证50,2653.727,2664.3728,2939.8521666666666,2873.906583333333,2572.06805
2015-08-07,2489.8,2503.8,2520.04,2479.25,57563239.0,sse50,上证50,2633.9965,2661.2339999999995,2929.4393333333333,2874.742,2576.54445
2015-08-10,2527.62,2617.66,2626.36,2517.95,109626613.0,sse50,上证50,2621.427,2655.9404,2922.0601666666666,2876.4297500000002,2581.57075
2015-08-11,2612.95,2590.71,2623.84,2578.65,99584256.0,sse50,上证50,2612.809,2647.0708,2915.2655,2877.8819166666667,2586.5201
2015-08-12,2562.68,2561.13,2598.51,2557.26,75352530.0,sse50,上证50,2602.968,2645.1567999999997,2906.016166666667,2878.99575,2591.3401
2015-08-13,2562.87,2580.78,2585.92,2522.35,70080742.0,sse50,上证50,2594.8644999999997,2637.1448,2896.9816666666666,2880.2421666666664,2596.3112
2015-08-14,2588.43,2577.04,2592.17,2565.59,72941572.0,sse50,上证50,2583.3635,2624.29,2887.4173333333333,2881.3403333333335,2601.2793
2015-08-17,2560.37,2550.47,2561.96,2524.13,71133819.0,sse50,上证50,2571.6989999999996,2611.5468,2875.7774999999997,2882.532083333333,2606.2320999999997
2015-08-18,2554.08,2407.97,2572.21,2405.83,101248713.0,sse50,上证50,2553.459,2597.3428,2860.0778333333337,2881.9479999999994,2610.34325
2015-08-19,2379.21,2430.28,2431.61,2326.24,90485319.0,sse50,上证50,2537.9835,2584.236,2844.1393333333335,2881.578666666667,2614.4526499999997
2015-08-20,2406.57,2356.92,2421.03,2356.33,68346853.0,sse50,上证50,2516.2915,2568.7988,2827.6756666666665,2880.559333333333,2618.1417500000002
2015-08-21,2336.45,2271.36,2362.84,2261.31,78467553.0,sse50,上证50,2492.8075,2547.3708,2813.4546666666665,2879.5140000000006,2621.2120999999997
2015-08-24,2195.46,2058.25,2203.63,2046.84,115420383.0,sse50,上证50,2471.0555,2518.3504000000003,2795.9033333333336,2876.6828333333333,2623.2481
2015-08-25,1947.14,1914.05,2044.56,1890.38,118569577.0,sse50,上证50,2442.4745,2484.0015999999996,2773.7321666666667,2872.9090833333335,2624.5902499999997
2015-08-26,1930.2,1942.45,2028.4,1874.22,124111796.0,sse50,上证50,2413.0245,2452.108,2751.8011666666666,2869.332666666667,2626.11435
2015-08-27,1989.59,2094.72,2095.46,1957.74,116585470.0,sse50,上证50,2394.392,2424.2664,2732.7393333333334,2866.5397500000004,2628.40815
2015-08-28,2120.36,2159.96,2167.9,2097.78,115299860.0,sse50,上证50,2379.328,2401.0232,2713.7548333333334,2864.5775,2631.00635
2015-08-31,2135.6,2210.45,2214.11,2071.41,117193052.0,sse50,上证50,2365.8645,2389.7096,2695.5291666666667,2862.9270833333335,2633.6135
2015-09-01,2155.96,2230.32,2239.46,2103.48,158310344.0,sse50,上证50,2350.645,2379.4956,2675.0559999999996,2860.803833333333,2636.2107
2015-09-02,2143.24,2243.63,2248.77,2137.19,166061448.0,sse50,上证50,2338.4735,2367.9827999999998,2655.549833333333,2858.70675,2638.77375
2015-09-07,2215.18,2133.98,2247.44,2127.48,85672057.0,sse50,上证50,2321.7965,2354.6472,2634.9431666666665,2855.23275,2640.8119500000003
2015-09-08,2115.9,2180.13,2185.4,2084.03,61980414.0,sse50,上证50,2305.6130000000003,2343.4028000000003,2615.4933333333333,2851.873833333333,2643.06855
2015-09-09,2186.37,2211.2,2225.27,2175.77,76962973.0,sse50,上证50,2285.29,2332.6620000000003,2596.5091666666663,2848.2201666666665,2645.5840499999995
2015-09-10,2183.61,2208.48,2218.14,2175.37,53035319.0,sse50,上证50,2266.1785,2319.6128,2578.9424999999997,2844.7055000000005,2648.22935
2015-09-11,2199.59,2195.39,2218.82,2180.23,36221969.0,sse50,上证50,2247.8915,2307.946,2562.5381666666663,2840.661416666667,2650.84805
2015-09-14,2205.71,2228.15,2228.96,2126.29,84785358.0,sse50,上证50,2230.26,2298.3712,2546.1455,2836.557083333333,2653.6058000000003
2015-09-15,2179.24,2175.17,2188.36,2142.02,55484328.0,sse50,上证50,2210.1665000000003,2285.226,2531.2568333333334,2832.31975,2655.9081
2015-09-16,2161.01,2241.95,2277.58,2142.2,56026548.0,sse50,上证50,2194.7405,2270.1976,2520.2383333333332,2828.9263333333333,2658.32735
2015-09-17,2223.4,2194.82,2260.85,2194.03,55842887.0,sse50,上证50,2184.083,2254.362,2506.7660000000005,2824.8185000000003,2660.4130999999998
2015-09-18,2204.58,2198.99,2226.75,2192.27,36074301.0,sse50,上证50,2172.5185,2239.8763999999996,2492.661833333333,2820.733083333333,2662.3056
2015-09-21,2185.08,2214.45,2220.02,2176.66,36901513.0,sse50,上证50,2165.395,2225.2232,2480.5028333333335,2815.983,2664.1128499999995
2015-09-22,2217.78,2237.31,2259.07,2210.49,42563767.0,sse50,上证50,2163.6925,2211.634,2472.1796666666664,2811.67175,2665.7272000000003
2015-09-23,2208.25,2178.55,2219.24,2174.92,34234548.0,sse50,上证50,2169.7075,2196.7572,2463.849333333333,2806.497583333333,2667.01805
2015-09-24,2190.31,2188.09,2198.49,2170.68,25074852.0,sse50,上证50,2183.4095,2187.962,2452.483833333333,2801.551333333334,2667.8507999999997
2015-09-25,2180.29,2183.4,2191.36,2150.02,35992010.0,sse50,上证50,2195.457,2178.0868,2443.2596666666664,2796.2698333333333,2668.57985
2015-09-28,2169.15,2169.94,2175.97,2145.75,20268618.0,sse50,上证50,2199.218,2170.6076000000003,2434.187833333333,2790.2739166666665,2668.62625
2015-09-29,2139.8,2127.2,2145.99,2114.3,25482560.0,sse50,上证50,2197.58,2164.8412,2426.6033333333335,2783.3999166666667,2668.261
2015-09-30,2138.15,2146.12,2161.71,2133.88,25026925.0,sse50,上证50,2194.3635,2168.356,2416.538666666667,2776.852833333333,2667.4973499999996
2015-10-08,2231.02,2191.34,2231.24,2189.99,39255630.0,sse50,上证50,2192.4145,2179.4476,2406.186833333333,2770.2255833333334,2667.5406
2015-10-09,2202.13,2219.29,2226.42,2195.16,33135222.0,sse50,上证50,2191.1974999999998,2190.5212,2399.692,2763.3769166666666,2667.3629499999997
2015-10-12,2223.33,2283.43,2308.19,2220.63,62354545.0,sse50,上证50,2198.6699999999996,2198.0696,2391.3978333333334,2756.96875,2667.8124
2015-10-13,2268.76,2270.95,2282.04,2259.27,36904537.0,sse50,上证50,2203.2110000000002,2202.5092,2380.9401666666668,2750.4491666666668,2668.2007
2015-10-14,2263.59,2253.91,2284.62,2252.38,41961463.0,sse50,上证50,2205.3465,2204.2476,2370.687833333334,2742.70425,2668.46255
2015-10-15,2254.4,2297.9,2297.96,2252.33,46942189.0,sse50,上证50,2209.8175,2206.9508,2362.935,2734.8923333333337,2668.45565
2015-10-16,2310.35,2323.78,2328.3,2301.49,60168475.0,sse50,上证50,2216.237,2210.1567999999997,2355.6988333333334,2727.8866666666668,2668.1548
2015-10-19,2329.4,2318.47,2346.35,2303.17,53225380.0,sse50,上证50,2220.7529999999997,2217.5364,2348.6258333333335,2720.420916666667,2667.92695
2015-10-20,2312.53,2337.08,2337.8,2297.75,46698905.0,sse50,上证50,2228.8485,2223.8143999999998,2340.7928333333334,2712.403083333333,2667.6609499999995
2015-10-21,2338.71,2340.36,2369.37,2268.82,97671718.0,sse50,上证50,2233.7690000000002,2228.9808,2333.4028333333335,2704.62775,2667.22935
2015-10-22,2306.07,2331.79,2337.4,2297.05,54651781.0,sse50,上证50,2240.6175,2233.9132,2326.053166666666,2697.1929999999998,2667.0135500000006
2015-10-23,2334.54,2343.96,2350.12,2319.77,48854813.0,sse50,上证50,2247.866,2239.856,2319.456,2689.155583333333,2667.3789500000003
2015-10-26,2366.84,2350.02,2381.71,2340.5,52798208.0,sse50,上证50,2254.6445,2244.7308000000003,2312.110333333333,2681.386333333334,2667.33075
2015-10-27,2343.87,2349.9,2353.65,2302.09,46643220.0,sse50,上证50,2260.2740000000003,2251.72,2305.591333333333,2673.6081666666664,2666.7561499999997
2015-10-28,2338.39,2310.7,2342.45,2308.55,40939162.0,sse50,上证50,2266.8815,2254.47,2302.548166666667,2665.7765833333333,2665.90135
2015-10-29,2317.48,2307.35,2323.45,2301.37,29257579.0,sse50,上证50,2272.8445,2258.9712,2299.5761666666667,2657.737833333333,2664.81995
2015-10-30,2307.76,2312.97,2336.04,2298.97,37173556.0,sse50,上证50,2279.323,2263.5304,2295.9348333333332,2650.7725,2663.47695
2015-11-02,2291.25,2280.09,2310.83,2279.47,33098994.0,sse50,上证50,2284.8305,2266.156,2292.8134999999997,2643.6147499999997,2661.6292
2015-11-03,2283.8,2271.65,2294.42,2265.67,27317118.0,sse50,上证50,2292.0530000000003,2267.5296,2289.6536666666666,2636.7545,2659.8404500000006
2015-11-04,2277.2,2370.5,2374.02,2277.2,62000309.0,sse50,上证50,2303.272,2275.2075999999997,2287.8333333333335,2630.588166666667,2658.5168
2015-11-05,2368.61,2440.65,2503.65,2365.85,148745222.0,sse50,上证50,2315.7375,2285.31,2286.2656666666667,2624.5175000000004,2657.9294999999997
2015-11-06,2430.65,2493.48,2501.4,2427.28,102199298.0,sse50,上证50,2329.447,2297.7132,2286.372666666667,2618.7272500000004,2657.5517999999997
2015-11-09,2501.73,2534.08,2592.19,2501.73,133190838.0,sse50,上证50,2341.9795000000004,2312.2787999999996,2287.4819999999995,2613.6670833333333,2657.50295
2015-11-10,2504.25,2522.68,2559.83,2498.46,90872224.0,sse50,上证50,2354.566,2328.098,2287.7966666666666,2608.6180000000004,2657.4772000000003
2015-11-11,2516.35,2505.83,2517.51,2474.04,66089396.0,sse50,上证50,2367.1620000000003,2342.4864,2285.9328333333333,2603.9965,2657.3352
2015-11-12,2513.11,2476.43,2513.7,2466.29,58391260.0,sse50,上证50,2376.0885,2353.89,2284.0281666666665,2599.6468333333332,2656.5528999999997
2015-11-13,2454.18,2447.77,2481.18,2444.2,55930737.0,sse50,上证50,2382.288,2363.0292,2282.138833333333,2594.0775,2655.5265999999997
2015-11-16,2410.04,2447.29,2447.5,2407.94,42344114.0,sse50,上证50,2388.7290000000003,2369.5836,2279.9139999999998,2588.447833333333,2655.71205
2015-11-17,2462.22,2453.26,2514.46,2449.74,68244705.0,sse50,上证50,2394.5379999999996,2376.876,2277.851,2582.634166666667,2655.95975
2015-11-18,2455.58,2439.45,2473.45,2433.46,59872626.0,sse50,上证50,2399.4925,2384.2976,2276.0006666666663,2575.8890833333335,2655.4453999999996
2015-11-19,2444.88,2468.49,2469.01,2436.9,41949234.0,sse50,上证50,2406.3275,2391.1212,2277.0093333333334,2568.5435833333336,2655.0663
2015-11-20,2469.7,2466.76,2483.89,2458.78,48099426.0,sse50,上证50,2412.4674999999997,2396.8403999999996,2277.617333333333,2560.878333333333,2654.57755
2015-11-23,2465.81,2456.84,2485.42,2451.55,44090329.0,sse50,上证50,2417.8085,2402.3752,2279.282666666667,2553.4791666666665,2654.04995
2015-11-24,2449.97,2447.9,2452.35,2421.39,40952414.0,sse50,上证50,2422.7084999999997,2406.808,2282.225,2547.8398333333334,2653.6789499999995
2015-11-25,2441.73,2459.56,2460.18,2430.35,42602899.0,sse50,上证50,2430.1515,2411.576,2288.9135,2542.4084166666667,2653.5453500000003
2015-11-26,2468.52,2450.96,2481.39,2450.1,44936629.0,sse50,上证50,2437.332,2416.3428,2297.862,2535.797083333333,2653.58995
2015-11-27,2438.18,2334.44,2439.7,2320.07,55953595.0,sse50,上证50,2438.4055,2415.962,2304.3951666666667,2528.098166666666,2653.23525
2015-11-30,2325.07,2336.29,2347.84,2280.68,52561629.0,sse50,上证50,2441.2155,2415.4128,2308.421333333333,2520.5803333333333,2653.2540499999996
2015-12-01,2334.14,2344.83,2365.15,2314.79,41934911.0,sse50,上证50,2444.8745,2415.2099999999996,2311.5025,2512.6286666666665,2652.9494
2015-12-02,2341.43,2458.41,2463.9,2337.03,81676934.0,sse50,上证50,2449.2699999999995,2421.1184,2315.6351666666665,2505.582166666667,2653.3791499999998
2015-12-03,2441.91,2461.45,2481.54,2422.56,81744001.0,sse50,上证50,2450.3100000000004,2427.2824,2319.4873333333335,2497.2716666666665,2653.9418
2015-12-04,2438.39,2397.56,2442.25,2392.88,47838541.0,sse50,上证50,2445.514,2430.666,2322.0528333333336,2488.801333333334,2654.3034
2015-12-07,2398.09,2395.58,2404.91,2379.55,29174395.0,sse50,上证50,2438.589,2435.2856,2326.4128333333333,2480.678,2654.44745
2015-12-08,2381.68,2364.34,2386.28,2356.93,33813694.0,sse50,上证50,2430.6719999999996,2438.9932,2329.4829999999997,2472.488166666667,2654.2514
2015-12-09,2357.88,2369.74,2386.28,2356.94,28420592.0,sse50,上证50,2423.8675000000003,2438.9628,2332.125333333334,2464.31725,2654.02445
2015-12-10,2369.59,2357.21,2402.69,2353.22,31997618.0,sse50,上证50,2417.9065,2435.6252,2334.6041666666665,2456.7733333333335,2653.7282499999997
2015-12-11,2346.86,2342.45,2357.08,2324.63,31590449.0,sse50,上证50,2412.6405,2429.584,2337.0551666666665,2449.7966666666666,2653.30315
2015-12-14,2319.2,2414.92,2418.56,2316.9,47486653.0,sse50,上证50,2411.022,2424.8176000000003,2340.1679999999997,2443.15675,2653.2217
2015-12-15,2408.15,2383.83,2410.09,2377.07,34608353.0,sse50,上证50,2407.5505,2419.2636,2343.645666666667,2437.4512499999996,2652.91455
2015-12-16,2389.25,2376.54,2394.17,2371.43,28490923.0,sse50,上证50,2404.4049999999997,2414.092,2345.888833333333,2433.0635833333336,2652.75995
2015-12-17,2391.4,2408.32,2424.9,2386.09,44035118.0,sse50,上证50,2401.3965,2411.3676,2349.4471666666664,2428.1065833333337,2652.41125
2015-12-18,2405.86,2422.83,2466.35,2404.15,53967334.0,sse50,上证50,2399.2,2410.37,2353.177833333333,2422.9198333333334,2652.1524
2015-12-21,2415.63,2500.06,2513.49,2414.84,73671087.0,sse50,上证50,2401.361,2412.4808000000003,2357.938,2419.220416666666,2652.2565000000004
2015-12-22,2499.66,2496.05,2506.87,2477.67,51248803.0,sse50,上证50,2403.7685,2414.1924,2362.250333333333,2417.2150000000006,2652.7527499999997
2015-12-23,2497.37,2503.06,2550.9,2492.43,68188855.0,sse50,上证50,2405.9435,2416.7368,2367.6588333333334,2415.7540833333333,2653.2781
2015-12-24,2498.77,2481.75,2505.7,2451.45,48303842.0,sse50,上证50,2407.4829999999997,2417.2672000000002,2372.5531666666666,2412.5185,2653.8523499999997
2015-12-25,2483.66,2492.34,2496.84,2474.33,29623024.0,sse50,上证50,2415.378,2418.2904,2377.702166666667,2410.4809166666664,2654.4559499999996
2015-12-28,2498.78,2411.41,2502.33,2411.21,48200591.0,sse50,上证50,2419.134,2416.4732,2381.726666666667,2407.95725,2654.36365
2015-12-29,2408.93,2432.88,2435.62,2405.17,27597306.0,sse50,上证50,2423.5364999999997,2415.8723999999997,2386.8213333333333,2406.712333333334,2654.5509
2015-12-30,2432.18,2432.77,2434.52,2399.92,28420662.0,sse50,上证50,2422.2545,2414.8008,2391.598833333333,2404.06875,2654.6722500000005
2015-12-31,2426.81,2420.8,2437.72,2409.76,29972722.0,sse50,上证50,2420.222,2413.5944,2395.423166666667,2400.805,2654.3507
2016-01-04,2417.02,2270.46,2417.02,2269.97,34620851.0,sse50,上证50,2413.867,2411.0352,2396.276,2397.984,2653.2266000000004
2016-01-05,2230.08,2288.11,2309.59,2223.05,48075962.0,sse50,上证50,2408.4935,2409.1079999999997,2396.354,2393.8759166666664,2651.91285
2016-01-06,2284.92,2317.65,2321.17,2274.47,38088820.0,sse50,上证50,2406.159,2408.0208000000002,2397.1323333333335,2389.0362499999997,2650.5851000000002
2016-01-07,2281.88,2180.59,2281.93,2171.32,11081575.0,sse50,上证50,2396.7015,2396.908,2395.9103333333333,2383.299083333333,2648.23985
2016-01-08,2225.48,2219.61,2257.41,2154.58,51525931.0,sse50,上证50,2389.8215,2387.2344,2394.6054999999997,2378.77025,2646.1866999999997
2016-01-11,2182.85,2120.23,2202.32,2119.7,48483505.0,sse50,上证50,2378.7105,2376.1412,2391.213,2373.455916666667,2643.38445
2016-01-12,2135.94,2131.37,2151.4,2115.36,35144374.0,sse50,上证50,2364.5330000000004,2365.5728000000004,2388.0946666666664,2368.3602499999997,2640.43795
2016-01-13,2152.72,2105.51,2157.51,2104.93,32024944.0,sse50,上证50,2350.617,2355.2196,2384.235166666667,2362.514,2637.5472499999996
2016-01-14,2056.41,2132.08,2136.06,2052.3,36630965.0,sse50,上证50,2338.3940000000002,2345.7132,2380.763833333333,2357.0833333333335,2634.96185
2016-01-15,2119.56,2070.93,2128.95,2058.7,34641623.0,sse50,上证50,2321.5245,2334.262,2376.416166666667,2351.2346666666667,2631.8777
2016-01-18,2040.41,2069.27,2092.4,2039.05,26806095.0,sse50,上证50,2303.8465,2323.3347999999996,2371.838,2345.6469999999995,2628.77785
2016-01-19,2075.19,2128.57,2135.36,2060.28,37222168.0,sse50,上证50,2285.272,2311.8808,2368.1471666666666,2340.1287499999994,2625.4983999999995
2016-01-20,2115.13,2088.72,2124.15,2076.16,39221145.0,sse50,上证50,2264.9055,2300.0764,2363.7941666666666,2334.69275,2622.1687
2016-01-21,2069.39,2040.98,2112.73,2040.53,34354515.0,sse50,上证50,2241.8015,2286.654,2359.2988333333333,2330.9235,2618.37635
2016-01-22,2062.63,2061.96,2074.17,2026.27,27065196.0,sse50,上证50,2220.812,2272.7996,2355.209,2327.3925833333333,2614.7779499999997
2016-01-25,2067.56,2065.44,2074.9,2049.25,21741074.0,sse50,上证50,2199.4669999999996,2258.5040000000004,2351.0834999999997,2323.509166666667,2611.01925
2016-01-26,2046.04,1951.61,2050.45,1944.91,37751437.0,sse50,上证50,2176.477,2236.5660000000003,2345.608833333333,2319.211166666667,2606.33005
2016-01-27,1961.4,1953.46,1972.16,1908.04,39302664.0,sse50,上证50,2152.5060000000003,2214.8624,2340.3056666666666,2314.9796666666666,2601.33695
2016-01-28,1943.83,1912.72,1960.95,1900.35,29716553.0,sse50,上证50,2126.5035,2191.2488,2332.676,2310.2546666666667,2596.2417
2016-01-29,1915.13,1973.01,1986.72,1914.4,38242877.0,sse50,上证50,2104.1140000000005,2170.8992,2324.882,2305.5738333333334,2591.1737
2016-02-01,1970.21,1937.07,1973.1,1917.24,27335160.0,sse50,上证50,2087.4445,2148.6884,2315.6085,2300.9905833333332,2585.6534
2016-02-02,1935.22,1969.62,1978.29,1934.91,26156540.0,sse50,上证50,2071.5199999999995,2131.0168,2306.200833333334,2296.841416666667,2580.23945
2016-02-03,1947.83,1952.37,1955.09,1929.81,21970080.0,sse50,上证50,2053.2560000000003,2111.7964,2296.695666666667,2292.2461666666663,2574.7347999999997
2016-02-04,1962.87,1974.24,1983.25,1960.13,25020305.0,sse50,上证50,2042.9384999999997,2093.4552000000003,2287.835833333333,2286.8843333333334,2568.6895
2016-02-05,1970.69,1967.26,1979.39,1962.23,20455795.0,sse50,上证50,2030.321,2075.3136,2279.349666666667,2281.6889166666665,2562.34915
2016-02-15,1916.42,1948.28,1958.22,1914.49,18893231.0,sse50,上证50,2021.7235,2062.4264000000003,2271.024833333334,2276.581833333333,2556.26825
2016-02-16,1957.91,2000.9,2005.42,1957.54,30607291.0,sse50,上证50,2015.2,2050.938,2263.585,2271.7495,2550.20095
2016-02-17,1997.68,2014.44,2020.08,1993.89,34373548.0,sse50,上证50,2010.6465,2038.8095999999998,2256.271333333333,2267.0611666666664,2543.7770499999997
2016-02-18,2022.55,2009.27,2034.16,2007.22,30938607.0,sse50,上证50,2004.506,2031.9568000000002,2249.101666666667,2262.5511666666666,2537.4564
2016-02-19,2005.41,2004.11,2013.78,1993.05,21639290.0,sse50,上证50,2001.1650000000002,2023.3368,2241.362,2259.1856666666667,2531.35715
2016-02-22,2025.18,2053.86,2064.61,2016.36,39059284.0,sse50,上证50,2000.3944999999999,2020.6819999999998,2234.4803333333334,2256.0488333333333,2525.0842
2016-02-23,2051.57,2029.52,2051.57,2013.98,26876191.0,sse50,上证50,1995.4419999999998,2016.608,2227.358333333333,2253.3205000000003,2518.82015
2016-02-24,2020.59,2041.39,2041.88,2009.35,26228917.0,sse50,上证50,1993.0754999999997,2014.0432,2220.5831666666663,2251.4040833333333,2512.6107
2016-02-25,2038.16,1932.6,2038.18,1925.2,42459563.0,sse50,上证50,1987.6565000000003,2006.0639999999999,2211.8005,2250.3569999999995,2506.02125
2016-02-26,1946.96,1955.4,1965.91,1930.0,26306764.0,sse50,上证50,1982.3285,2001.4428,2203.541166666667,2250.7015833333335,2499.43825
2016-02-29,1951.68,1944.61,1953.32,1891.1,39161583.0,sse50,上证50,1976.2869999999998,1996.4564,2197.0440000000003,2250.719583333333,2493.41725
2016-03-01,1944.56,1973.19,1988.57,1931.98,29595859.0,sse50,上证50,1977.366,1990.2412000000002,2190.9923333333336,2249.706833333333,2487.5881
2016-03-02,1980.46,2043.41,2045.83,1979.17,50978802.0,sse50,上证50,1981.8635000000002,1988.4288000000001,2185.9686666666666,2248.735583333333,2482.33075
2016-03-03,2043.37,2053.27,2057.16,2031.54,45476671.0,sse50,上证50,1988.891,1988.9203999999997,2179.2163333333333,2247.4257500000003,2477.0447999999997
2016-03-04,2045.12,2122.27,2128.57,2040.08,85953126.0,sse50,上证50,1996.3539999999998,1991.3328,2173.5633333333335,2246.5253333333335,2471.8105
2016-03-07,2122.55,2107.67,2133.56,2097.78,40058732.0,sse50,上证50,2004.884,1993.022,2168.7318333333333,2245.3923333333337,2466.4073
2016-03-08,2102.25,2115.16,2118.04,2037.29,39003355.0,sse50,上证50,2012.161,1999.5639999999999,2164.0581666666667,2245.2355,2461.2766
2016-03-09,2073.27,2111.92,2112.86,2053.84,38083290.0,sse50,上证50,2020.1384999999998,2005.9024,2159.8511666666664,2244.6670833333337,2456.19335
2016-03-10,2089.86,2061.45,2102.99,2060.06,20872981.0,sse50,上证50,2024.4990000000003,2011.8515999999997,2154.713,2243.4191666666666,2451.19855
2016-03-11,2043.25,2070.72,2071.09,2039.59,24443461.0,sse50,上证50,2029.672,2015.76,2149.9381666666663,2242.2711666666664,2446.5602
2016-03-14,2079.91,2078.41,2117.83,2071.12,35114617.0,sse50,上证50,2036.1785,2021.4136,2145.5375,2241.296333333333,2441.3718000000003
2016-03-15,2077.51,2101.12,2105.04,2055.32,34647131.0,sse50,上证50,2041.1895,2026.6735999999999,2140.3075,2240.23775,2436.26315
2016-03-16,2087.28,2136.13,2142.16,2084.77,60381577.0,sse50,上证50,2047.274,2034.0240000000003,2136.179166666667,2239.9124166666666,2431.1893
2016-03-17,2135.06,2131.48,2156.89,2113.44,38077902.0,sse50,上证50,2053.3845,2040.3136,2132.094833333333,2238.9918333333335,2425.6023999999998
2016-03-18,2140.27,2141.18,2165.15,2131.38,62257624.0,sse50,上证50,2060.2380000000003,2047.2704,2127.6425,2238.5448333333334,2419.55855
2016-03-21,2156.95,2193.39,2214.64,2154.49,78264665.0,sse50,上证50,2067.2145,2057.0748,2123.8185,2238.4981666666667,2413.59255
2016-03-22,2181.98,2173.26,2196.37,2167.43,50531245.0,sse50,上证50,2074.4015,2063.9692,2118.371833333333,2238.1549166666664,2407.73515
2016-03-23,2170.16,2175.28,2186.02,2159.46,35247664.0,sse50,上证50,2081.0960000000005,2070.4028,2113.0256666666664,2237.638,2402.98845
2016-03-24,2161.17,2137.59,2161.17,2137.19,33879927.0,sse50,上证50,2091.3455,2075.5356,2106.9345000000003,2237.296666666667,2398.11975
2016-03-25,2137.15,2149.2,2156.8,2135.53,22781049.0,sse50,上证50,2101.0355000000004,2081.3392,2101.3920000000003,2236.972583333333,2392.64415
2016-03-28,2152.81,2123.03,2166.92,2116.98,25905906.0,sse50,上证50,2109.9565000000002,2084.106,2095.2368333333334,2236.4695,2386.96775
2016-03-29,2127.8,2106.86,2133.81,2100.92,25654604.0,sse50,上证50,2116.6400000000003,2087.1996,2090.161,2235.9438333333333,2381.3098999999997
2016-03-30,2124.53,2157.53,2160.5,2124.09,35633829.0,sse50,上证50,2122.346,2091.8451999999997,2085.5718333333334,2236.1965833333334,2375.6023999999998
2016-03-31,2166.42,2156.54,2171.79,2149.24,32281837.0,sse50,上证50,2127.5095,2100.8028,2080.968,2236.2834166666667,2369.8651499999996
2016-04-01,2156.78,2167.78,2168.33,2124.13,34903898.0,sse50,上证50,2129.7850000000003,2109.298,2076.7509999999997,2236.087083333333,2363.4105
2016-04-05,2151.37,2180.26,2186.92,2147.09,38874521.0,sse50,上证50,2133.4145,2118.724,2075.2476666666666,2235.761833333333,2357.2418000000002
2016-04-06,2167.45,2168.04,2176.9,2156.52,28349678.0,sse50,上证50,2136.0585,2126.518,2073.2464999999997,2234.8002500000002,2351.2301
2016-04-07,2174.88,2139.4,2177.12,2138.33,25833044.0,sse50,上证50,2137.4325,2130.3576000000003,2070.275666666667,2233.7039999999997,2345.1915000000004
2016-04-08,2125.45,2123.8,2132.73,2114.26,22822747.0,sse50,上证50,2140.55,2133.1787999999997,2069.329166666667,2232.61975,2339.0592500000002
2016-04-11,2140.56,2148.44,2167.65,2140.56,30212504.0,sse50,上证50,2144.436,2134.2255999999998,2068.143,2231.37425,2333.48905
2016-04-12,2147.81,2143.9,2150.57,2135.29,19392198.0,sse50,上证50,2147.7105,2135.6748000000002,2068.5375,2229.8752499999996,2328.3103
2016-04-13,2157.21,2171.31,2197.74,2157.21,51114468.0,sse50,上证50,2151.2200000000003,2137.9208,2069.2031666666667,2228.6489166666665,2323.1083
2016-04-14,2183.12,2178.87,2190.87,2166.63,24878856.0,sse50,上证50,2153.357,2140.5988,2070.4258333333332,2227.3304999999996,2318.6602
2016-04-15,2182.11,2182.07,2190.73,2172.97,23818860.0,sse50,上证50,2155.8864999999996,2145.4236,2071.259,2226.0114166666667,2315.05525
2016-04-18,2166.0,2158.23,2168.9,2154.38,24410918.0,sse50,上证50,2156.739,2148.9240000000004,2072.714,2224.5650833333334,2310.8306
2016-04-19,2169.89,2163.61,2173.09,2156.18,18390650.0,sse50,上证50,2155.25,2152.332,2074.2863333333335,2223.062166666667,2306.42245
2016-04-20,2166.28,2154.89,2169.65,2093.82,47565258.0,sse50,上证50,2154.3315000000002,2154.4828,2074.725,2221.436083333333,2302.47695
2016-04-21,2138.29,2147.72,2171.45,2129.91,30628951.0,sse50,上证50,2152.9535,2154.9464,2075.7083333333335,2219.7512500000003,2299.53205
2016-04-22,2135.92,2157.72,2161.8,2133.81,20198569.0,sse50,上证50,2153.96,2155.996,2077.654,2218.4764166666664,2296.9288
2016-04-25,2149.25,2148.28,2156.53,2130.3,17156071.0,sse50,上证50,2153.9139999999998,2156.28,2079.0926666666664,2217.1508333333336,2293.3201
2016-04-26,2146.41,2155.79,2163.24,2140.57,15444290.0,sse50,上证50,2155.552,2154.776,2080.5984999999996,2215.841,2290.4148
2016-04-27,2157.86,2145.38,2159.13,2143.9,14520801.0,sse50,上证50,2157.478,2153.6608,2083.828,2214.718416666667,2287.5704499999997
2016-04-28,2149.07,2142.06,2155.57,2131.86,17358106.0,sse50,上证50,2156.7045,2152.3320000000003,2086.9713333333334,2213.6385,2285.3693999999996
2016-04-29,2136.84,2135.51,2146.32,2134.19,15948538.0,sse50,上证50,2155.653,2152.2488,2090.6845000000003,2211.68025,2282.29695
2016-05-03,2136.2,2158.27,2167.73,2131.38,25815215.0,sse50,上证50,2155.1775000000002,2152.6116,2093.7721666666666,2209.327083333333,2279.02605
2016-05-04,2152.43,2152.93,2159.65,2147.76,17426893.0,sse50,上证50,2153.811,2153.8076,2097.369833333333,2206.4891666666667,2276.7457999999997
2016-05-05,2149.47,2152.88,2155.47,2145.11,14777452.0,sse50,上证50,2153.0530000000003,2155.6484,2100.4241666666667,2203.3125,2273.6048
2016-05-06,2152.5,2107.01,2153.87,2106.44,24642275.0,sse50,上证50,2151.4335,2153.6276000000003,2103.0015,2199.8485833333334,2269.6478
2016-05-09,2100.64,2072.47,2100.64,2064.69,24022253.0,sse50,上证50,2148.8669999999997,2150.2648,2104.6386666666667,2196.23725,2265.6648999999998
2016-05-10,2061.99,2072.38,2084.7,2061.99,17165746.0,sse50,上证50,2145.064,2146.4488,2106.3906666666667,2192.8701666666666,2262.21145
2016-05-11,2078.29,2078.41,2089.12,2068.65,18058633.0,sse50,上证50,2141.7895,2142.3748,2108.5595,2189.7921666666666,2258.81375
2016-05-12,2067.75,2084.84,2089.65,2055.51,17927530.0,sse50,上证50,2137.466,2139.0468,2109.9584999999997,2186.77175,2255.5236999999997
2016-05-13,2079.64,2076.19,2089.84,2072.26,15287869.0,sse50,上证50,2132.332,2136.5184,2110.9876666666664,2183.6295,2251.86935
2016-05-16,2068.92,2082.62,2082.86,2064.68,13579244.0,sse50,上证50,2127.3595,2134.8712,2112.2101666666667,2180.6559166666666,2248.36365
2016-05-17,2081.57,2075.47,2083.85,2069.27,14850963.0,sse50,上证50,2123.2215,2131.9524,2113.3995,2177.38075,2244.87715
2016-05-18,2067.72,2078.76,2081.85,2053.72,23037112.0,sse50,上证50,2118.9790000000003,2129.3468,2113.8145,2174.1474166666667,2241.572
2016-05-19,2072.37,2073.8,2083.13,2069.9,14050006.0,sse50,上证50,2114.9245,2125.4464000000003,2114.5525000000002,2170.9554166666667,2237.9872
2016-05-20,2067.46,2083.12,2083.51,2064.44,13890172.0,sse50,上证50,2111.6945,2121.6164,2115.248,2167.9155833333334,2234.6976
2016-05-23,2082.97,2082.41,2095.17,2077.94,14479211.0,sse50,上证50,2107.9289999999996,2117.63,2117.744833333333,2164.7726666666667,2232.6432
2016-05-24,2080.01,2066.64,2080.07,2062.5,13104443.0,sse50,上证50,2103.847,2113.9664000000002,2119.5988333333335,2161.57,2230.54805
2016-05-25,2079.48,2071.91,2084.13,2068.68,11284997.0,sse50,上证50,2099.653,2110.2984,2121.7205000000004,2159.38225,2228.25035
2016-05-26,2070.24,2076.14,2083.06,2062.17,13126512.0,sse50,上证50,2096.191,2107.1484,2123.4363333333336,2157.2143333333333,2226.2942
2016-05-27,2075.21,2074.92,2080.49,2069.52,10577492.0,sse50,上证50,2092.834,2104.2364000000002,2123.9615,2154.9650833333335,2224.3626
2016-05-30,2076.93,2092.16,2093.77,2065.64,17714385.0,sse50,上证50,2090.6665000000003,2101.614,2124.6096666666667,2151.913,2222.4248000000002
2016-05-31,2092.22,2155.66,2158.12,2092.22,40651742.0,sse50,上证50,2090.5359999999996,2101.9092,2125.166166666667,2149.3647499999997,2220.5295499999997
2016-06-01,2155.5,2138.96,2158.72,2138.56,25473324.0,sse50,上证50,2089.8374999999996,2101.236,2125.6876666666667,2147.20975,2218.78905
2016-06-02,2138.21,2137.65,2144.32,2129.94,16356666.0,sse50,上证50,2089.076,2100.9267999999997,2126.0625,2145.0603333333333,2217.1397
2016-06-03,2146.56,2152.64,2157.07,2135.53,20526152.0,sse50,上证50,2091.3574999999996,2101.35,2126.7411666666667,2143.2961666666665,2215.3839
2016-06-06,2148.96,2136.32,2151.06,2131.92,13658837.0,sse50,上证50,2094.55,2101.3824,2127.989,2141.351,2212.9772
2016-06-07,2141.65,2139.07,2145.71,2134.61,14068491.0,sse50,上证50,2097.8844999999997,2100.6144,2129.128166666667,2139.5331666666666,2210.719
2016-06-08,2137.18,2132.96,2138.85,2124.84,16405791.0,sse50,上证50,2100.612,2099.8156,2130.037333333333,2137.7874166666666,2208.57815
2016-06-13,2113.91,2084.3,2122.46,2083.29,21028771.0,sse50,上证50,2100.585,2097.0724,2129.757,2135.03225,2206.09575
2016-06-14,2080.9,2095.02,2098.06,2079.4,15354924.0,sse50,上证50,2101.5265,2096.5928,2129.0718333333334,2132.6255,2203.68565
2016-06-15,2073.47,2106.63,2115.38,2073.1,19549925.0,sse50,上证50,2102.727,2097.9592,2128.657666666667,2130.3762500000003,2201.4664500000003
2016-06-16,2095.36,2094.81,2105.25,2091.49,17968861.0,sse50,上证50,2103.694,2098.8564,2127.884833333333,2127.7636666666667,2199.90065
2016-06-17,2093.69,2102.2,2115.42,2093.69,17846082.0,sse50,上证50,2104.866,2099.808,2126.365,2125.09175,2198.26025
2016-06-20,2109.57,2104.22,2110.89,2092.83,12091160.0,sse50,上证50,2106.387,2100.5832,2125.2143333333333,2121.793083333333,2196.99675
2016-06-21,2108.87,2104.56,2130.9,2100.06,17699905.0,sse50,上证50,2107.459,2101.718,2124.0356666666667,2118.5306666666665,2196.16275
2016-06-22,2101.05,2115.77,2116.3,2098.63,13548733.0,sse50,上证50,2109.127,2103.044,2123.672,2115.30325,2196.45035
2016-06-23,2114.77,2105.53,2114.77,2098.36,15282345.0,sse50,上证50,2111.0714999999996,2104.2464,2122.9441666666667,2112.1680833333335,2197.40775
2016-06-24,2100.0,2076.3,2112.61,2052.98,22607830.0,sse50,上证50,2111.291,2104.148,2122.1653333333334,2108.7010833333334,2198.0769999999998
2016-06-27,2070.94,2095.89,2096.2,2070.82,16488467.0,sse50,上证50,2112.2785,2105.0316000000003,2121.9825,2106.07175,2198.0828500000002
2016-06-28,2089.35,2102.05,2104.48,2084.18,17588206.0,sse50,上证50,2113.635,2105.7888000000003,2121.0578333333333,2103.3148333333334,2197.7933
2016-06-29,2105.76,2122.97,2124.29,2104.23,29455726.0,sse50,上证50,2115.1755000000003,2107.4112,2120.4983333333334,2100.733166666667,2197.3559
2016-06-30,2123.87,2122.63,2130.98,2120.41,20354517.0,sse50,上证50,2113.5240000000003,2109.6508,2119.7458333333334,2098.248416666667,2196.81745
2016-07-01,2124.4,2127.09,2133.35,2122.87,16132804.0,sse50,上证50,2112.9305,2111.858,2118.8596666666667,2097.0536666666667,2196.2347499999996
2016-07-04,2121.9,2163.29,2169.62,2120.49,30862031.0,sse50,上证50,2114.2125,2115.344,2118.7805,2096.0135,2196.3813
2016-07-05,2162.09,2168.86,2174.42,2159.9,32307728.0,sse50,上证50,2115.0235000000002,2119.1016,2119.2715,2094.773583333333,2196.32495
2016-07-06,2161.58,2167.1,2169.46,2149.04,24538449.0,sse50,上证50,2116.5625,2122.0992,2119.9931666666666,2094.6611666666668,2196.10445
2016-07-07,2161.36,2166.88,2173.7,2153.77,26977710.0,sse50,上证50,2117.9530000000004,2122.548,2120.3005,2094.22175,2195.8964499999997
2016-07-08,2156.38,2148.76,2158.77,2147.14,19358789.0,sse50,上证50,2118.743,2122.94,2120.3815,2094.4595,2195.6632999999997
2016-07-11,2152.74,2155.72,2175.24,2150.37,28609245.0,sse50,上证50,2122.314,2123.6628,2120.121666666667,2094.662416666667,2195.3011500000002
2016-07-12,2156.63,2200.35,2201.63,2156.59,40253733.0,sse50,上证50,2127.5805,2125.5712,2120.4796666666666,2095.45275,2195.42705
2016-07-13,2195.98,2197.79,2222.25,2191.59,43279797.0,sse50,上证50,2132.1385,2128.03,2120.741666666667,2096.0003333333334,2195.20625
2016-07-14,2195.34,2195.23,2199.84,2184.49,24152543.0,sse50,上证50,2137.1595,2130.2764,2121.358333333333,2097.0361666666668,2195.2083000000002
2016-07-15,2196.95,2192.39,2200.88,2186.36,21585227.0,sse50,上证50,2141.669,2132.6536,2121.838,2098.0621666666666,2195.1753
2016-07-18,2190.47,2187.98,2205.8,2184.05,29527180.0,sse50,上证50,2145.8570000000004,2136.8008,2122.3894999999998,2098.55725,2195.04295
2016-07-19,2188.8,2175.4,2193.57,2163.31,21809135.0,sse50,上证50,2149.399,2140.016,2122.8508333333334,2099.2795833333334,2194.7334
2016-07-20,2173.55,2167.12,2178.0,2163.11,14561926.0,sse50,上证50,2151.9665,2142.4356000000002,2123.0075,2100.33075,2194.67625
2016-07-21,2168.48,2177.78,2185.62,2168.48,18046754.0,sse50,上证50,2155.579,2145.7544,2123.4991666666665,2101.2959166666665,2194.6247
2016-07-22,2175.98,2157.23,2177.44,2154.36,18389190.0,sse50,上证50,2159.6255,2147.9556,2123.523166666667,2102.0608333333334,2194.49385
2016-07-25,2155.32,2159.55,2167.51,2152.09,14528144.0,sse50,上证50,2162.8085,2150.1688,2123.7593333333334,2103.7936666666665,2194.4419
2016-07-26,2156.81,2182.5,2183.06,2156.77,18406051.0,sse50,上证50,2166.8309999999997,2153.2864,2124.4333333333334,2105.702333333333,2194.7183999999997
2016-07-27,2182.72,2173.97,2186.08,2125.27,37934806.0,sse50,上证50,2169.381,2155.6144,2125.074333333333,2107.8794166666667,2194.85765
2016-07-28,2160.16,2163.81,2173.08,2153.89,25875423.0,sse50,上证50,2171.44,2157.9456,2125.1666666666665,2109.4694166666663,2194.72
2016-07-29,2163.64,2155.24,2166.85,2151.93,18714730.0,sse50,上证50,2172.8475000000003,2161.1031999999996,2125.2051666666666,2111.2875,2194.39975
2016-08-01,2151.54,2147.56,2155.79,2136.11,20155396.0,sse50,上证50,2172.061,2163.17,2125.1165,2112.7703333333334,2193.7204
2016-08-02,2145.82,2148.45,2151.29,2138.19,12592111.0,sse50,上证50,2171.0405,2165.026,2125.8071666666665,2114.4043333333334,2193.1079
2016-08-03,2140.15,2145.79,2149.9,2136.6,15306893.0,sse50,上证50,2169.975,2165.9388,2127.0291666666667,2115.833916666667,2192.5672999999997
2016-08-04,2145.66,2143.84,2146.6,2130.17,14955663.0,sse50,上证50,2168.823,2166.7872,2128.220166666667,2117.3054166666666,2191.797
2016-08-05,2142.34,2148.68,2159.14,2137.31,16164434.0,sse50,上证50,2168.819,2167.6508,2129.3913333333335,2118.9754166666667,2190.9215
2016-08-08,2147.7,2159.67,2159.95,2137.52,16775740.0,sse50,上证50,2169.0165,2167.506,2130.6385,2120.2985,2190.1275
2016-08-09,2159.31,2175.35,2176.7,2157.76,22824745.0,sse50,上证50,2167.7664999999997,2167.7656,2132.291166666667,2121.639416666667,2189.31885
2016-08-10,2175.13,2170.1,2179.61,2169.13,17391019.0,sse50,上证50,2166.382,2167.8856,2133.7491666666665,2122.9796666666666,2188.46755
2016-08-11,2168.13,2177.06,2205.88,2168.13,26585166.0,sse50,上证50,2165.4735,2168.2928,2135.4423333333334,2124.420916666667,2187.6938999999998
2016-08-12,2177.8,2222.49,2222.69,2175.85,34430012.0,sse50,上证50,2166.9785,2171.242,2137.837833333333,2125.8261666666667,2187.08655
2016-08-15,2227.08,2287.66,2310.28,2225.62,63745308.0,sse50,上证50,2171.9625,2176.5196,2141.4021666666663,2127.9773333333333,2186.77475
2016-08-16,2293.81,2257.7,2302.33,2253.41,61249434.0,sse50,上证50,2176.0775000000003,2178.8136,2144.311833333333,2129.779916666667,2186.31375
2016-08-17,2260.93,2253.74,2270.37,2241.94,30848866.0,sse50,上证50,2180.4085,2181.0516000000002,2147.1673333333333,2132.4560833333335,2186.0289500000003
2016-08-18,2253.12,2244.72,2274.45,2235.05,33880448.0,sse50,上证50,2183.7555,2183.0311999999994,2150.135333333333,2134.8670833333335,2185.7158
2016-08-19,2241.67,2249.34,2254.49,2230.33,28900693.0,sse50,上证50,2188.361,2185.3091999999997,2153.0924999999997,2137.4065,2185.3976500000003
2016-08-22,2249.08,2237.13,2253.59,2235.01,26193060.0,sse50,上证50,2192.2400000000002,2187.2752,2155.7756666666664,2139.606,2185.18285
2016-08-23,2235.39,2241.95,2256.33,2232.44,23023903.0,sse50,上证50,2195.2125,2189.9372,2158.5595,2141.2605,2185.03435
2016-08-24,2242.91,2232.21,2244.88,2227.56,18121787.0,sse50,上证50,2198.1245,2192.5407999999998,2160.893666666667,2142.7516666666666,2184.3429
2016-08-25,2224.51,2222.15,2226.0,2205.01,21819104.0,sse50,上证50,2201.0415,2194.3156,2162.0018333333333,2143.5840000000003,2183.2504
2016-08-26,2223.31,2219.31,2232.29,2215.63,16430965.0,sse50,上证50,2204.245,2196.7988,2163.341,2144.5143333333335,2181.87955
2016-08-29,2219.02,2214.26,2220.13,2205.12,19852012.0,sse50,上证50,2207.58,2198.9872,2164.6178333333332,2145.340166666667,2180.28045
2016-08-30,2215.84,2224.06,2229.83,2215.69,19846692.0,sse50,上证50,2211.3605,2200.6495999999997,2165.8081666666667,2146.2746666666667,2178.78735
2016-08-31,2222.02,2232.71,2237.66,2218.65,16955552.0,sse50,上证50,2215.7065000000002,2202.9991999999997,2167.4146666666666,2147.7018333333335,2177.42175
2016-09-01,2230.36,2220.4,2235.65,2219.25,19028224.0,sse50,上证50,2219.5344999999998,2205.2628,2168.7701666666667,2148.9491666666668,2176.1416
2016-09-02,2216.29,2229.89,2231.46,2215.64,20406023.0,sse50,上证50,2223.595,2208.2488,2170.3856666666666,2150.2115,2175.0522
2016-09-05,2230.41,2228.72,2240.49,2224.93,17813452.0,sse50,上证50,2227.0474999999997,2211.4952,2172.7926666666667,2151.2748333333334,2173.95935
2016-09-06,2227.44,2232.45,2241.52,2217.48,21254771.0,sse50,上证50,2229.9025,2214.8552,2175.083166666667,2152.0775,2172.8553
2016-09-07,2233.03,2236.55,2246.37,2230.58,22097671.0,sse50,上证50,2233.225,2218.4856,2177.2485,2152.9530833333333,2171.8408
2016-09-08,2234.95,2236.63,2239.17,2230.82,14171157.0,sse50,上证50,2236.2035,2222.1972,2179.612166666667,2153.7484999999997,2170.6815
2016-09-09,2236.39,2229.31,2241.61,2228.66,17411513.0,sse50,上证50,2236.5445,2225.4224,2181.730666666667,2154.047833333333,2169.4942499999997
2016-09-12,2201.68,2199.98,2202.9,2175.33,34546891.0,sse50,上证50,2232.1605,2227.0348,2183.326666666667,2154.2705,2168.20995
2016-09-13,2197.38,2193.19,2199.24,2185.82,14968924.0,sse50,上证50,2228.935,2227.7484,2184.8038333333334,2154.41975,2166.9364
2016-09-14,2184.11,2176.52,2187.95,2172.4,18169657.0,sse50,上证50,2225.074,2228.0052,2185.8163333333337,2154.7441666666664,2165.5212
2016-09-19,2178.76,2189.46,2191.22,2178.76,14135665.0,sse50,上证50,2222.311,2228.5012,2187.215166666667,2155.0796666666665,2164.2137000000002
2016-09-20,2190.1,2184.21,2190.72,2181.02,11022894.0,sse50,上证50,2219.0545,2226.97,2189.0136666666667,2155.5895,2163.46255
2016-09-21,2184.42,2187.15,2191.81,2180.5,12446509.0,sse50,上证50,2216.5555,2222.9496,2190.5346666666665,2156.2585833333333,2162.71685
2016-09-22,2195.25,2200.7,2210.79,2192.49,15398043.0,sse50,上证50,2214.493,2220.6696,2192.1788333333334,2156.6183333333333,2161.9962
2016-09-23,2202.7,2196.29,2203.66,2195.08,11727636.0,sse50,上证50,2212.697,2218.3716,2193.400833333333,2156.9495833333335,2160.6856
2016-09-26,2190.39,2167.26,2190.39,2166.82,16948209.0,sse50,上证50,2209.9525000000003,2215.2732,2194.1446666666666,2156.9452499999998,2159.21465
2016-09-27,2163.38,2176.45,2176.77,2162.44,12592539.0,sse50,上证50,2207.8095000000003,2212.3576000000003,2194.9673333333335,2156.9135,2158.1091
2016-09-28,2177.41,2166.72,2177.41,2165.33,9288432.0,sse50,上证50,2205.4325,2209.5412,2195.0245,2156.9025,2156.9648
2016-09-29,2170.99,2175.37,2183.17,2170.84,11879464.0,sse50,上证50,2202.998,2206.8779999999997,2195.1330000000003,2157.20225,2156.01995
2016-09-30,2171.94,2177.35,2182.61,2171.49,9219305.0,sse50,上证50,2200.23,2204.6836,2195.303833333333,2157.6485000000002,2155.058
2016-10-10,2187.65,2202.87,2204.33,2185.47,19300202.0,sse50,上证50,2199.3535,2203.9123999999997,2195.9036666666666,2158.102083333333,2154.2863
2016-10-11,2205.35,2209.23,2212.43,2202.12,21169384.0,sse50,上证50,2198.3205,2203.5092,2196.9115,2158.6465,2153.6202
2016-10-12,2205.44,2201.0,2205.44,2196.85,15478837.0,sse50,上证50,2196.9345000000003,2202.9788,2197.666166666667,2158.8939166666664,2152.5506
2016-10-13,2201.34,2202.12,2204.89,2194.6,18308790.0,sse50,上证50,2195.418,2202.1012,2197.6956666666665,2159.087666666667,2151.64205
2016-10-14,2199.56,2209.81,2211.09,2196.26,23950510.0,sse50,上证50,2194.081,2201.1852,2197.8959999999997,2159.3188333333333,2150.8084
2016-10-17,2207.35,2192.88,2209.14,2189.27,23161867.0,sse50,上证50,2191.8934999999997,2200.0844,2197.8568333333333,2159.6075833333334,2149.7312
2016-10-18,2189.93,2222.78,2224.34,2189.93,31777117.0,sse50,上证50,2191.567,2199.8,2198.3633333333332,2160.1006666666667,2148.73095
2016-10-19,2222.78,2221.53,2230.83,2217.63,29432809.0,sse50,上证50,2192.6445,2199.5124,2198.9225,2160.656,2147.3383
2016-10-20,2222.63,2223.42,2228.94,2218.97,19772924.0,sse50,上证50,2194.156,2199.1512,2199.7228333333333,2161.286833333333,2145.9751499999998
2016-10-21,2221.38,2240.75,2246.58,2221.04,35668577.0,sse50,上证50,2197.3675,2199.3192,2200.95,2161.9787499999998,2144.6636
2016-10-24,2245.46,2270.95,2285.08,2243.81,49603451.0,sse50,上证50,2201.442,2200.692,2202.5028333333335,2163.0009999999997,2143.6096
2016-10-25,2270.02,2266.17,2274.38,2258.92,32423788.0,sse50,上证50,2205.54,2202.1664,2204.3185000000003,2163.920833333333,2142.47875
2016-10-26,2263.69,2257.12,2266.88,2254.63,27146057.0,sse50,上证50,2209.0384999999997,2204.452,2205.9446666666668,2164.8520000000003,2141.7073
2016-10-27,2254.32,2250.26,2256.21,2243.63,23438309.0,sse50,上证50,2211.5165,2206.7347999999997,2207.074,2165.7536666666665,2140.7942
2016-10-28,2252.38,2253.8,2271.91,2249.49,28233461.0,sse50,上证50,2214.392,2209.826,2208.4044999999996,2166.739416666667,2139.89935
2016-10-31,2247.99,2250.47,2253.8,2236.2,19814955.0,sse50,上证50,2218.5525,2212.2664,2209.848833333333,2167.50775,2139.0477
2016-11-01,2250.49,2263.48,2263.62,2246.95,22015306.0,sse50,上证50,2222.904,2215.4372,2211.652833333333,2168.4289999999996,2139.0128
2016-11-02,2256.12,2244.74,2259.19,2242.77,22260825.0,sse50,上证50,2226.805,2217.7408,2213.2725,2169.1945,2138.79595
2016-11-03,2241.44,2273.63,2283.25,2239.87,40913027.0,sse50,上证50,2231.718,2220.658,2215.358833333333,2170.583,2138.5758499999997
2016-11-04,2271.85,2271.93,2284.95,2266.92,36192091.0,sse50,上证50,2236.4469999999997,2223.6836000000003,2217.4611666666665,2172.2451666666666,2139.03255
2016-11-07,2271.96,2276.95,2279.55,2265.36,25966704.0,sse50,上证50,2240.1510000000003,2228.0712,2219.6796666666664,2173.9499166666665,2139.31925
2016-11-08,2284.01,2282.42,2294.62,2276.74,32595874.0,sse50,上证50,2243.8105,2232.31,2221.908666666667,2175.65,2140.1302
2016-11-09,2281.12,2263.92,2281.59,2244.43,37352431.0,sse50,上证50,2246.9565,2236.1980000000003,2223.6461666666664,2177.142333333333,2140.79295
2016-11-10,2279.94,2289.45,2297.97,2279.94,34565998.0,sse50,上证50,2251.323,2240.7612,2225.547833333333,2178.9195,2141.71265
2016-11-11,2285.61,2308.43,2315.96,2284.29,56948601.0,sse50,上证50,2256.254,2246.0044,2227.8533333333335,2180.80125,2142.5944
2016-11-14,2304.61,2317.77,2338.58,2303.97,61684865.0,sse50,上证50,2262.4985,2250.6004000000003,2230.1985,2182.820416666667,2143.8286000000003
2016-11-15,2315.8,2310.9,2319.07,2306.23,34486140.0,sse50,上证50,2266.9045,2254.6672,2231.6719999999996,2184.7549166666663,2145.0367499999998
2016-11-16,2312.5,2309.94,2314.85,2302.14,32596386.0,sse50,上证50,2271.325,2259.0248,2232.043333333333,2186.72275,2145.9436
2016-11-17,2306.41,2316.72,2317.54,2297.74,35450763.0,sse50,上证50,2275.99,2263.6088,2233.027,2188.6694166666666,2147.0836
2016-11-18,2318.9,2307.27,2323.72,2304.55,34475285.0,sse50,上证50,2279.316,2267.5072,2233.9191666666666,2190.54325,2148.41505
2016-11-21,2304.77,2334.68,2350.75,2304.77,57519637.0,sse50,上证50,2282.5025,2273.1792,2235.4185,2192.7769166666667,2149.7786499999997
2016-11-22,2334.68,2353.0,2357.57,2334.68,65983177.0,sse50,上证50,2286.844,2278.388,2237.1461666666664,2195.1193333333335,2151.21645
2016-11-23,2355.32,2360.34,2375.81,2352.4,54062331.0,sse50,上证50,2292.005,2283.9404,2239.199666666667,2197.487666666667,2153.2601
2016-11-24,2356.85,2368.73,2382.95,2355.8,37158089.0,sse50,上证50,2297.9285,2289.7528,2241.3126666666667,2199.936083333333,2155.33645
2016-11-25,2371.7,2393.95,2394.71,2358.26,44327975.0,sse50,上证50,2304.936,2295.8808000000004,2244.008333333333,2202.451,2157.7426
2016-11-28,2406.7,2403.14,2427.59,2398.41,77554504.0,sse50,上证50,2312.5695,2301.1684,2247.0248333333334,2204.513333333334,2159.89325
2016-11-29,2398.67,2441.58,2455.43,2395.81,93038586.0,sse50,上证50,2321.4745,2308.1848,2250.729333333333,2207.0351666666666,2162.4158
2016-11-30,2435.81,2419.41,2444.95,2411.56,68971980.0,sse50,上证50,2330.208,2314.6764,2254.1485000000002,2209.383166666667,2164.66475
2016-12-01,2421.93,2431.31,2448.67,2417.96,73606674.0,sse50,上证50,2338.0919999999996,2321.9184,2257.6026666666667,2211.7054166666667,2167.05945
2016-12-02,2427.17,2416.51,2430.83,2401.06,77625017.0,sse50,上证50,2345.3210000000004,2328.4267999999997,2260.6659999999997,2214.0403333333334,2169.2708000000002
2016-12-05,2378.21,2375.26,2386.43,2363.13,72428357.0,sse50,上证50,2350.2365,2333.4184,2263.2470000000003,2216.0085833333333,2171.3108
2016-12-06,2371.11,2368.68,2382.2,2367.0,42595955.0,sse50,上证50,2354.5495,2337.6264,2265.560166666667,2217.9729166666666,2173.4128
2016-12-07,2367.42,2376.92,2377.3,2358.87,36313646.0,sse50,上证50,2360.1995,2342.9136,2268.0301666666664,2220.411416666667,2175.2929
2016-12-08,2380.66,2379.0,2387.17,2374.47,39651556.0,sse50,上证50,2364.6769999999997,2347.1284,2270.4726666666666,2222.777916666667,2177.1157000000003
2016-12-09,2374.3,2411.31,2422.78,2372.46,67860127.0,sse50,上证50,2369.821,2352.7036,2273.385333333333,2225.316916666667,2179.1259
2016-12-12,2408.09,2387.16,2423.39,2362.14,70574194.0,sse50,上证50,2373.2905,2357.112,2275.8941666666665,2227.753166666667,2181.04115
2016-12-13,2373.79,2372.93,2382.44,2357.46,41202486.0,sse50,上证50,2376.392,2360.7324,2278.2878333333338,2230.00925,2182.6365
2016-12-14,2369.5,2360.38,2384.56,2359.72,46800326.0,sse50,上证50,2378.9139999999998,2364.5908,2280.9611666666665,2232.1439166666664,2184.2908
2016-12-15,2346.77,2309.82,2354.35,2302.43,42583252.0,sse50,上证50,2378.5690000000004,2365.4056,2282.9049999999997,2233.8544166666666,2185.6329499999997
2016-12-16,2302.87,2302.32,2315.54,2298.43,30579551.0,sse50,上证50,2378.3215,2365.1612,2285.0016666666666,2235.409,2187.48155
2016-12-19,2299.71,2291.38,2303.69,2288.3,24162297.0,sse50,上证50,2376.1565,2364.1056,2286.7003333333337,2236.95775,2189.16145
2016-12-20,2293.4,2279.68,2295.11,2262.88,30105533.0,sse50,上证50,2372.4905,2362.8568,2288.2915,2238.6525833333335,2190.8368
2016-12-21,2282.12,2297.37,2304.6,2282.0,40184256.0,sse50,上证50,2369.342,2362.354,2290.1285,2240.331583333333,2192.4577
2016-12-22,2293.35,2292.04,2298.19,2280.79,29222980.0,sse50,上证50,2365.5075,2361.3668,2291.650833333333,2241.9148333333337,2193.7008499999997
2016-12-23,2290.25,2278.48,2291.72,2271.13,33060817.0,sse50,上证50,2359.734,2360.2152,2293.020666666667,2243.2107499999997,2194.8269
2016-12-26,2266.38,2294.71,2295.69,2251.71,29923521.0,sse50,上证50,2354.3125,2358.6164000000003,2295.1448333333333,2244.6447500000004,2195.6891
2016-12-27,2291.23,2286.96,2300.16,2286.43,24597656.0,sse50,上证50,2346.5815,2355.9748,2296.986666666666,2245.977,2196.58555
2016-12-28,2286.41,2277.18,2289.81,2269.16,23304574.0,sse50,上证50,2339.4700000000003,2352.6484,2298.8276666666666,2246.9260833333333,2197.39565
2016-12-29,2273.22,2275.11,2282.19,2265.89,23997471.0,sse50,上证50,2331.66,2348.9036,2300.49,2247.8115000000003,2198.2116
2016-12-30,2276.81,2286.9,2286.99,2272.5,25480755.0,sse50,上证50,2325.1794999999997,2344.6216,2302.3158333333336,2248.8098333333332,2199.3388499999996
2017-01-03,2285.27,2307.89,2311.29,2285.27,25908920.0,sse50,上证50,2321.811,2340.8116,2304.0661666666665,2249.984916666667,2200.5247
2017-01-04,2305.91,2322.21,2324.56,2304.17,26104403.0,sse50,上证50,2319.4875,2336.0368000000003,2305.9491666666668,2251.4303333333332,2201.7437
2017-01-05,2322.42,2322.68,2326.18,2317.89,26528712.0,sse50,上证50,2316.7755,2332.1676,2307.9771666666666,2252.821666666667,2202.8514999999998
2017-01-06,2323.01,2308.94,2326.43,2308.37,26445124.0,sse50,上证50,2313.2725,2327.2728,2309.7575,2253.7265833333336,2203.71555
2017-01-09,2308.44,2318.34,2321.69,2307.16,26523074.0,sse50,上证50,2308.624,2323.346,2311.5663333333337,2254.7311666666665,2204.64985
2017-01-10,2316.16,2312.6,2321.0,2309.94,24055981.0,sse50,上证50,2304.896,2320.8396,2313.561666666667,2255.7092500000003,2205.50695
2017-01-11,2311.92,2300.47,2317.66,2299.31,26928346.0,sse50,上证50,2301.273,2318.1112,2314.8565000000003,2256.609916666667,2206.0423499999997
2017-01-12,2299.49,2295.4,2310.78,2294.32,22139174.0,sse50,上证50,2298.024,2314.8504000000003,2316.087666666667,2257.505083333334,2206.65305
2017-01-13,2293.47,2308.06,2315.21,2291.06,27540467.0,sse50,上证50,2297.936,2312.0128,2317.4983333333334,2258.6105833333336,2207.31695
2017-01-16,2303.32,2337.39,2343.27,2282.24,59294735.0,sse50,上证50,2299.6895,2309.056,2319.109,2260.0294999999996,2208.31595
2017-01-17,2326.01,2329.6,2332.84,2320.03,19170449.0,sse50,上证50,2301.6005,2306.7536,2320.0864999999994,2261.2946666666667,2209.2179499999997
2017-01-18,2330.14,2342.78,2349.39,2327.93,20298891.0,sse50,上证50,2304.7555,2305.5476,2321.3633333333332,2262.8409166666665,2210.3167000000003
2017-01-19,2335.66,2334.96,2349.64,2330.34,21090735.0,sse50,上证50,2306.6349999999998,2304.5308,2322.660666666667,2264.302666666667,2211.4572
2017-01-20,2334.49,2347.18,2350.26,2333.47,17511288.0,sse50,上证50,2309.392,2306.0252,2324.276,2265.675,2212.4054499999997
2017-01-23,2350.55,2347.1,2358.47,2340.53,19311321.0,sse50,上证50,2312.823,2307.8164,2325.831,2267.11775,2213.35825
2017-01-24,2347.5,2352.42,2357.17,2343.46,20110777.0,sse50,上证50,2315.7084999999997,2310.258,2327.5301666666664,2268.6895,2214.28145
2017-01-25,2349.52,2358.7,2358.95,2345.7,17800221.0,sse50,上证50,2319.2955,2313.4188,2329.1171666666664,2270.385,2215.1736499999997
2017-01-26,2359.43,2364.02,2371.93,2359.43,18629831.0,sse50,上证50,2323.6375,2316.0848,2331.1051666666667,2272.188833333333,2216.15355
2017-02-03,2367.53,2339.99,2368.91,2338.2,14515951.0,sse50,上证50,2326.8815000000004,2318.0028,2332.211166666667,2273.7849999999994,2217.1565
2017-02-06,2346.44,2343.97,2351.56,2336.9,19895715.0,sse50,上证50,2329.7349999999997,2320.6223999999997,2333.4118333333336,2275.4365000000003,2218.25735
2017-02-07,2343.66,2337.53,2347.36,2331.78,16972740.0,sse50,上证50,2331.2169999999996,2322.3352,2334.4215,2277.0505833333327,2219.2028
2017-02-08,2334.68,2346.43,2347.1,2323.91,24237691.0,sse50,上证50,2332.428,2324.714,2335.4883333333332,2278.6985,2220.21545
2017-02-09,2345.84,2354.9,2364.14,2343.73,31381646.0,sse50,上证50,2334.0389999999998,2327.8228,2337.0046666666667,2280.3254166666666,2221.1334
2017-02-10,2357.59,2368.18,2374.48,2357.21,39306360.0,sse50,上证50,2337.0009999999997,2331.5456,2338.316833333333,2281.932333333333,2222.0799500000003
2017-02-13,2369.7,2379.31,2382.92,2369.49,34603826.0,sse50,上证50,2340.0495,2335.2419999999997,2339.4981666666663,2283.67575,2223.06615
2017-02-14,2381.1,2373.51,2381.63,2367.05,24227167.0,sse50,上证50,2343.095,2337.8668,2340.427166666667,2285.312833333333,2224.1425499999996
2017-02-15,2375.62,2372.19,2385.12,2369.43,38949257.0,sse50,上证50,2346.681,2339.866,2341.4486666666667,2286.5603333333333,2225.18545
2017-02-16,2373.31,2376.76,2378.45,2366.16,29629497.0,sse50,上证50,2350.7490000000003,2342.0292,2342.5623333333338,2287.3028333333336,2226.2947999999997
2017-02-17,2378.66,2362.71,2389.32,2361.0,31090474.0,sse50,上证50,2353.4815,2344.18,2343.3288333333335,2288.177916666667,2227.36975
2017-02-20,2361.76,2394.12,2395.53,2361.51,44690411.0,sse50,上证50,2356.3179999999998,2347.2111999999997,2344.7763333333332,2289.3477500000004,2228.55175
2017-02-21,2396.22,2396.88,2410.35,2393.37,32569800.0,sse50,上证50,2359.682,2350.5824,2345.813,2290.61575,2229.79475
2017-02-22,2397.49,2398.19,2399.4,2389.06,24513009.0,sse50,上证50,2362.4525000000003,2354.4912,2346.5661666666665,2291.856166666667,2231.00675
2017-02-23,2397.56,2387.42,2402.57,2379.56,23458671.0,sse50,上证50,2365.0755,2358.172,2347.0175,2293.1085833333336,2232.21695
2017-02-24,2385.05,2389.88,2390.39,2377.1,25680121.0,sse50,上证50,2367.2105,2361.4448,2347.37,2294.3413333333333,2233.4560500000002
2017-02-27,2384.92,2370.56,2387.82,2365.47,23827555.0,sse50,上证50,2368.3835,2362.7716,2346.9801666666667,2295.49425,2234.6313
2017-02-28,2369.47,2370.71,2379.43,2366.24,16793558.0,sse50,上证50,2369.2980000000002,2364.416,2346.4396666666667,2296.73225,2235.6935
2017-03-01,2371.65,2371.93,2383.51,2368.62,27863124.0,sse50,上证50,2369.9595,2365.5820000000003,2345.2788333333333,2298.0040833333337,2236.7885
2017-03-02,2376.97,2354.91,2380.24,2354.14,23062731.0,sse50,上证50,2369.504,2366.38,2344.2038333333335,2299.1761666666666,2237.7986499999997
2017-03-03,2347.91,2347.15,2350.67,2338.85,20483107.0,sse50,上证50,2369.862,2366.3788,2342.8011666666666,2300.201916666667,2238.99935
2017-03-06,2346.04,2349.89,2355.09,2342.52,21112399.0,sse50,上证50,2370.1580000000004,2366.4903999999997,2341.690833333333,2301.1784166666666,2240.38645
2017-03-07,2349.62,2356.29,2356.96,2347.17,20251348.0,sse50,上证50,2371.0960000000005,2366.6452,2341.374666666666,2302.3108333333334,2241.806
2017-03-08,2353.62,2358.07,2362.96,2351.7,24369833.0,sse50,上证50,2371.6780000000003,2366.62,2341.197833333333,2303.3790000000004,2243.2043
2017-03-09,2352.75,2346.55,2353.54,2334.34,26630667.0,sse50,上证50,2371.2605,2365.9211999999998,2340.6916666666666,2304.3609166666665,2244.51285
2017-03-10,2343.31,2339.23,2347.46,2336.32,17988811.0,sse50,上证50,2369.813,2365.8908,2340.0288333333333,2305.2507499999997,2245.82805
2017-03-13,2337.36,2354.89,2355.22,2328.62,24624011.0,sse50,上证50,2368.5919999999996,2366.3276,2339.0885000000003,2306.2369166666667,2247.1894
2017-03-14,2353.72,2354.9,2359.31,2349.28,19017006.0,sse50,上证50,2367.6615,2367.0224,2338.5508333333337,2307.2224999999994,2248.58655
2017-03-15,2352.39,2357.31,2357.85,2345.44,21062595.0,sse50,上证50,2366.9175,2367.4576,2338.2905,2308.289166666667,2249.9793
2017-03-16,2362.36,2369.19,2376.51,2362.36,30278210.0,sse50,上证50,2366.5389999999998,2368.0292,2338.4373333333338,2309.6992499999997,2251.45625
2017-03-17,2371.61,2346.96,2373.54,2342.02,30767623.0,sse50,上证50,2365.7515,2367.1803999999997,2339.0563333333334,2310.980666666667,2252.7754499999996
2017-03-20,2352.12,2350.07,2355.53,2337.53,27149291.0,sse50,上证50,2363.549,2366.0108,2339.8521666666666,2312.4269166666663,2254.11375
2017-03-21,2352.21,2357.14,2358.55,2348.87,28887921.0,sse50,上证50,2361.562,2365.356,2340.9481666666666,2313.82425,2255.56625
2017-03-22,2347.86,2338.55,2352.76,2330.12,32891982.0,sse50,上证50,2358.5800000000004,2364.0104,2341.9293333333335,2315.110416666667,2256.89945
2017-03-23,2340.06,2347.43,2356.27,2334.12,26712552.0,sse50,上证50,2356.5805,2362.8372,2342.7636666666667,2316.4460833333333,2258.2559
2017-03-24,2350.69,2365.6,2373.58,2341.62,40120772.0,sse50,上证50,2355.3665,2362.9528,2343.989666666667,2317.8202499999998,2259.7093
2017-03-27,2364.75,2364.43,2381.77,2360.67,35491156.0,sse50,上证50,2355.0600000000004,2361.7652,2345.4221666666663,2319.2214166666668,2261.07065
2017-03-28,2368.15,2356.31,2368.38,2353.08,24813635.0,sse50,上证50,2354.3399999999997,2360.1424,2346.4488333333334,2320.7968333333333,2262.0739000000003
2017-03-29,2358.0,2352.69,2363.77,2349.13,29018549.0,sse50,上证50,2353.3779999999997,2358.3224,2347.5443333333333,2322.2655000000004,2263.14255
2017-03-30,2350.92,2346.67,2356.44,2335.23,31113066.0,sse50,上证50,2352.966,2356.6924000000004,2348.7025000000003,2323.765083333333,2264.18765
2017-03-31,2344.96,2359.75,2361.32,2340.77,29505146.0,sse50,上证50,2353.596,2355.4872,2350.113166666667,2325.3015833333334,2265.2232
2017-04-05,2369.49,2384.26,2384.68,2365.34,40075442.0,sse50,上证50,2355.3145,2356.0352,2351.735833333333,2327.0258333333336,2266.4629
2017-04-06,2384.43,2390.39,2395.12,2376.15,39325003.0,sse50,上证50,2357.0195,2356.8224,2353.110833333333,2328.5885,2267.7195
2017-04-07,2390.91,2388.27,2394.05,2379.33,36248630.0,sse50,上证50,2358.5294999999996,2357.476,2354.2118333333333,2330.0804999999996,2268.9960499999997
2017-04-10,2388.56,2379.16,2391.95,2377.43,31258026.0,sse50,上证50,2360.1600000000003,2358.446,2355.1531666666665,2331.5651666666668,2270.47035
2017-04-11,2374.92,2382.11,2385.05,2354.02,39200826.0,sse50,上证50,2362.304,2359.8444,2356.3726666666666,2333.0650833333334,2271.9058
2017-04-12,2378.93,2378.86,2385.61,2362.43,33640316.0,sse50,上证50,2363.5025,2361.0032,2357.3813333333333,2334.473833333333,2273.2669499999997
2017-04-13,2369.61,2368.11,2373.37,2364.44,22793060.0,sse50,上证50,2364.163,2361.476,2358.3064999999997,2335.934083333333,2274.63345
2017-04-14,2367.78,2355.52,2368.8,2344.61,24318969.0,sse50,上证50,2364.0735,2361.3740000000003,2359.224,2337.04025,2275.90005
2017-04-17,2348.75,2357.52,2359.18,2334.89,26376250.0,sse50,上证50,2363.4900000000002,2361.8128,2360.2593333333334,2338.1735,2277.16655
2017-04-18,2352.51,2337.35,2352.79,2336.77,23753656.0,sse50,上证50,2363.0095,2361.7376,2360.7475,2339.1229166666667,2278.3305
2017-04-19,2331.66,2325.04,2335.99,2311.66,27919435.0,sse50,上证50,2361.7580000000003,2360.5436,2360.5416666666665,2339.825333333333,2279.37685
2017-04-20,2324.37,2335.65,2336.54,2321.0,26576725.0,sse50,上证50,2360.6835,2359.7736,2360.6425000000004,2340.3645,2280.52745
2017-04-21,2336.44,2347.67,2350.87,2333.23,27073712.0,sse50,上证50,2361.1395,2359.388,2360.724,2341.0436666666665,2281.8843
2017-04-24,2344.19,2341.93,2344.19,2323.67,31093007.0,sse50,上证50,2360.8645,2358.2976,2360.840166666667,2341.7504166666668,2283.1145
2017-04-25,2337.52,2344.74,2348.6,2334.0,19382943.0,sse50,上证50,2359.8215,2358.2088,2360.7995,2342.5377500000004,2284.3279500000003
2017-04-26,2345.63,2344.5,2360.28,2338.86,26470622.0,sse50,上证50,2358.825,2357.986,2360.7561666666666,2343.2935833333336,2285.4356
2017-04-27,2337.46,2351.64,2352.68,2327.47,29834076.0,sse50,上证50,2358.5915,2357.7659999999996,2360.7431666666666,2344.1366666666663,2286.58065
2017-04-28,2348.29,2347.04,2348.29,2331.82,20733683.0,sse50,上证50,2358.309,2358.1056,2360.5488333333333,2344.833,2287.6804
2017-05-02,2341.75,2336.79,2350.51,2334.88,16218321.0,sse50,上证50,2357.815,2357.68,2360.0950000000003,2345.6000833333333,2288.5478999999996
2017-05-03,2335.82,2329.77,2342.14,2324.19,18747685.0,sse50,上证50,2356.316,2356.2468000000003,2359.9246666666663,2346.067916666667,2289.35245
2017-05-04,2325.01,2325.43,2332.09,2317.14,20767410.0,sse50,上证50,2353.3745,2354.6868,2359.6156666666666,2346.51375,2290.1441
2017-05-05,2318.92,2320.6,2320.6,2297.45,30951074.0,sse50,上证50,2349.8849999999998,2353.2584,2359.3334999999997,2346.8775,2290.9127000000003
2017-05-08,2309.24,2326.1,2326.1,2298.32,34650123.0,sse50,上证50,2346.7765,2352.1948,2358.9946666666665,2347.2415000000005,2291.7994
2017-05-09,2312.85,2316.29,2320.29,2307.87,16157315.0,sse50,上证50,2343.633,2350.9796,2358.351166666667,2347.6779166666665,2292.60225
2017-05-10,2315.56,2324.92,2337.05,2315.56,22318926.0,sse50,上证50,2340.7735000000002,2349.5863999999997,2357.630166666667,2347.9735,2293.2251
2017-05-11,2318.05,2339.29,2342.18,2313.83,28395441.0,sse50,上证50,2338.7949999999996,2347.7876,2356.963166666667,2348.230666666667,2293.9326
2017-05-12,2336.61,2375.45,2375.64,2335.37,28906784.0,sse50,上证50,2339.162,2347.19,2356.9955,2348.711333333333,2294.8337
2017-05-15,2380.27,2381.75,2394.52,2378.97,23412410.0,sse50,上证50,2340.4735,2346.9292,2357.1548333333335,2349.3017499999996,2295.7805000000003
2017-05-16,2376.9,2381.32,2381.73,2362.11,23892047.0,sse50,上证50,2341.6634999999997,2347.0156,2357.230833333333,2349.896583333333,2296.7472
2017-05-17,2377.12,2363.56,2378.99,2361.63,20858225.0,sse50,上证50,2342.9739999999997,2346.2736,2357.2450000000003,2350.2869166666665,2297.688
2017-05-18,2348.87,2354.75,2361.02,2347.38,17121231.0,sse50,上证50,2344.4595,2345.3092,2356.5888333333337,2350.6825833333332,2298.62615
2017-05-19,2351.52,2361.66,2363.36,2351.52,14304568.0,sse50,上证50,2345.76,2345.0512,2356.0018333333333,2350.907416666667,2299.54555
2017-05-22,2359.97,2381.55,2384.16,2358.78,22780231.0,sse50,上证50,2347.4539999999997,2346.0924,2355.7245,2351.1453333333334,2300.6671499999998
2017-05-23,2378.74,2411.8,2412.03,2376.64,34620556.0,sse50,上证50,2350.9474999999998,2348.2635999999998,2356.1308333333336,2351.5741666666663,2301.9284
2017-05-24,2402.52,2407.57,2413.42,2382.19,22774332.0,sse50,上证50,2354.089,2351.0724,2356.425666666667,2351.8978333333334,2303.05375
2017-05-25,2399.36,2473.5,2476.91,2399.27,50363335.0,sse50,上证50,2360.5389999999998,2357.0108,2358.1413333333335,2352.5607499999996,2304.5514
2017-05-26,2467.9,2471.21,2483.75,2462.23,30989733.0,sse50,上证50,2366.5175,2362.4332,2359.816333333333,2353.1279999999997,2306.0884
2017-05-31,2470.94,2479.08,2502.85,2462.26,29878344.0,sse50,上证50,2373.1195,2367.6895999999997,2361.6021666666666,2353.4404999999997,2307.7076
2017-06-01,2476.21,2496.45,2497.69,2465.48,30766330.0,sse50,上证50,2381.1025,2373.8704000000002,2363.9611666666665,2354.0824999999995,2309.4520500000003
2017-06-02,2494.37,2475.46,2499.71,2472.65,23664148.0,sse50,上证50,2388.3869999999997,2379.0992,2366.099666666667,2354.4504166666666,2311.0870999999997
2017-06-05,2468.94,2450.35,2473.36,2442.27,28735857.0,sse50,上证50,2394.6330000000003,2383.3332,2367.774,2354.7324166666663,2312.6099000000004
2017-06-06,2447.04,2466.01,2466.31,2444.19,17467322.0,sse50,上证50,2401.9035,2387.9080000000004,2369.6026666666667,2355.4886666666666,2314.22075
2017-06-07,2468.55,2484.03,2492.98,2464.19,27138408.0,sse50,上证50,2409.8,2393.3876,2371.7019999999998,2356.4499166666665,2315.8975
2017-06-08,2481.16,2507.03,2508.93,2475.74,22070860.0,sse50,上证50,2419.3370000000004,2400.1972,2374.3766666666666,2357.5341666666664,2317.6342999999997
2017-06-09,2506.76,2519.27,2536.99,2504.9,33773309.0,sse50,上证50,2429.0545,2407.7772,2377.3773333333334,2358.7030833333333,2319.3539
2017-06-12,2515.58,2521.17,2545.04,2512.14,25720869.0,sse50,上证50,2438.1485000000002,2415.6068,2380.1486666666665,2359.6185833333334,2321.10925
2017-06-13,2517.33,2515.14,2519.15,2499.73,17487921.0,sse50,上证50,2445.133,2423.3884,2382.8193333333334,2360.6850833333333,2322.79965
2017-06-14,2505.06,2477.32,2505.2,2471.62,21841108.0,sse50,上证50,2449.9114999999997,2429.4372,2384.8194999999996,2361.5550000000003,2324.0738
2017-06-15,2474.26,2461.97,2481.8,2453.13,20702545.0,sse50,上证50,2453.944,2435.2644,2386.365833333333,2362.4015833333333,2324.94535
2017-06-16,2454.84,2452.79,2466.69,2448.31,16518044.0,sse50,上证50,2458.4055,2440.3792000000003,2388.1296666666667,2363.5930000000003,2325.9208000000003
2017-06-19,2455.03,2484.12,2486.31,2453.35,20594004.0,sse50,上证50,2464.8740000000003,2446.1724,2390.3638333333333,2365.108,2327.0726999999997
2017-06-20,2489.2,2474.43,2492.22,2467.77,17771153.0,sse50,上证50,2470.5125,2450.1316,2392.3186666666666,2366.6334166666666,2328.22125
2017-06-21,2487.85,2497.25,2498.19,2468.51,20354217.0,sse50,上证50,2476.2975,2454.7516,2394.963666666666,2368.4465,2329.4608
2017-06-22,2491.92,2516.67,2544.67,2491.92,43743944.0,sse50,上证50,2481.541,2460.1656,2397.7843333333335,2370.274,2330.8585
2017-06-23,2510.71,2529.1,2530.56,2496.66,29403951.0,sse50,上证50,2487.6175,2466.7872,2400.5093333333334,2372.2495,2332.2942500000004
2017-06-26,2531.28,2543.32,2560.11,2531.28,39716748.0,sse50,上证50,2491.1085,2474.33,2403.4908333333337,2374.4565,2333.8498
2017-06-27,2541.69,2554.7,2558.1,2529.24,26984713.0,sse50,上证50,2495.2830000000004,2482.0516000000002,2406.7973333333334,2376.623083333333,2335.51255
2017-06-28,2548.16,2537.64,2560.86,2537.24,28194970.0,sse50,上证50,2498.2110000000002,2488.2952,2409.8798333333334,2378.7120833333333,2337.1041999999998
2017-06-29,2541.35,2552.98,2554.8,2532.46,19754376.0,sse50,上证50,2501.0375,2493.9424000000004,2413.318333333333,2381.0104166666665,2338.7978
2017-06-30,2543.79,2549.97,2552.92,2533.86,18677177.0,sse50,上证50,2504.763,2499.6384000000003,2416.488666666666,2383.3009166666666,2340.42735
2017-07-03,2550.5,2534.37,2550.5,2522.74,18304213.0,sse50,上证50,2508.9640000000004,2502.0732000000003,2418.9905,2385.363166666667,2341.93565
2017-07-04,2531.53,2511.15,2531.61,2506.68,23547128.0,sse50,上证50,2511.221,2503.6708,2421.003166666667,2387.057,2343.3894
2017-07-05,2508.81,2548.1,2551.41,2507.92,20607654.0,sse50,上证50,2514.4245,2506.4316,2423.667,2388.9394166666666,2344.98045
2017-07-06,2543.91,2553.88,2561.64,2534.12,22234624.0,sse50,上证50,2516.767,2508.7288,2426.5789999999997,2390.8660833333333,2346.60625
2017-07-07,2542.91,2543.66,2546.78,2527.55,22510062.0,sse50,上证50,2517.9865,2511.4568,2429.2715000000003,2392.822083333333,2348.1623
2017-07-10,2538.16,2550.11,2557.47,2530.93,25305145.0,sse50,上证50,2519.4335,2515.4472,2432.125666666667,2394.7535,2349.7301
2017-07-11,2543.72,2570.59,2592.06,2543.05,33968228.0,sse50,上证50,2522.206,2519.6304,2435.500333333334,2396.9034166666665,2351.3999
2017-07-12,2570.91,2565.14,2604.2,2555.38,37070595.0,sse50,上证50,2526.597,2522.8747999999996,2438.9939999999997,2399.109,2353.07905
2017-07-13,2565.59,2600.95,2601.47,2563.22,42871574.0,sse50,上证50,2533.546,2526.6316,2443.0511666666666,2401.6552500000003,2355.0839
2017-07-14,2600.76,2622.98,2623.32,2593.43,33653285.0,sse50,上证50,2542.0555,2530.7799999999997,2447.8116666666665,2404.2795833333334,2357.23285
2017-07-17,2627.37,2631.41,2663.28,2594.42,60865949.0,sse50,上证50,2549.4199999999996,2535.1895999999997,2452.917833333333,2406.72975,2359.5073
2017-07-18,2619.23,2624.31,2637.53,2596.12,39435040.0,sse50,上证50,2556.9139999999998,2539.5564,2457.728833333333,2409.1856666666663,2361.68155
2017-07-19,2621.11,2657.89,2661.66,2618.37,48688897.0,sse50,上证50,2564.946,2546.7792,2462.899166666667,2411.8115833333336,2364.04995
2017-07-20,2653.38,2665.45,2666.04,2643.64,37580733.0,sse50,上证50,2572.3849999999998,2554.9184,2468.291166666667,2414.565666666667,2366.44145
2017-07-21,2655.23,2639.21,2661.48,2635.0,29715562.0,sse50,上证50,2577.8905,2562.3752,2473.199,2416.9992500000003,2368.634
2017-07-24,2636.55,2654.38,2666.65,2632.76,33056566.0,sse50,上证50,2583.4435000000003,2569.1856,2478.3636666666666,2419.559916666666,2370.92445
2017-07-25,2656.48,2643.07,2667.79,2639.61,34185413.0,sse50,上证50,2587.862,2575.9312,2483.2208333333333,2421.9819999999995,2373.3035
2017-07-26,2642.26,2636.2,2665.15,2617.55,35447256.0,sse50,上证50,2592.79,2581.4892,2488.0401666666667,2424.2944999999995,2375.60225
2017-07-27,2632.0,2636.63,2638.94,2610.58,30670126.0,sse50,上证50,2596.9725,2586.2876,2493.0375,2426.5662500000003,2377.9518
2017-07-28,2627.16,2636.39,2642.69,2619.04,21934465.0,sse50,上证50,2601.2935,2590.5791999999997,2498.1478333333334,2429.03625,2380.2569
2017-07-31,2633.88,2638.12,2649.29,2626.18,28647763.0,sse50,上证50,2606.4809999999998,2594.3712,2503.359333333334,2431.4875,2382.5607499999996
2017-08-01,2640.87,2681.81,2681.93,2638.02,33820507.0,sse50,上证50,2615.014,2599.4556,2509.3795000000005,2434.3565000000003,2384.95545
2017-08-02,2679.34,2680.63,2696.64,2675.2,42222377.0,sse50,上证50,2621.6405,2605.1751999999997,2515.288333333333,2437.1414999999997,2387.31245
2017-08-03,2676.35,2646.22,2689.94,2644.99,31815168.0,sse50,上证50,2626.2575,2608.9048,2520.7871666666665,2439.5691666666667,2389.53855
2017-08-04,2644.45,2627.8,2653.81,2627.25,27959952.0,sse50,上证50,2630.4645,2612.018,2525.8351666666667,2441.7326666666672,2391.6669500000003
2017-08-07,2621.55,2634.18,2641.34,2613.83,26086109.0,sse50,上证50,2634.668,2616.0104,2530.75,2443.8565833333337,2393.7888000000003
2017-08-08,2632.04,2635.18,2639.24,2622.26,25782468.0,sse50,上证50,2637.8975,2620.9716,2535.078833333333,2446.037166666667,2396.0003
2017-08-09,2630.67,2620.38,2634.43,2618.81,24707911.0,sse50,上证50,2640.6595,2623.8628000000003,2539.0559999999996,2448.1054166666668,2397.9883
2017-08-10,2617.99,2611.34,2635.35,2590.86,28171479.0,sse50,上证50,2641.179,2626.1612,2542.889666666667,2450.06025,2399.93735
2017-08-11,2592.04,2570.26,2599.71,2566.57,35170960.0,sse50,上证50,2638.543,2627.2252000000003,2546.3346666666666,2451.7898333333333,2401.67155
2017-08-14,2572.3,2591.45,2598.38,2567.6,26118900.0,sse50,上证50,2636.545,2628.8788,2550.279666666667,2453.43425,2403.42505
2017-08-15,2593.07,2605.24,2623.08,2592.92,27900976.0,sse50,上证50,2635.5914999999995,2630.2648,2554.339333333334,2455.170583333333,2405.0965
2017-08-16,2601.47,2595.0,2602.1,2586.34,20351811.0,sse50,上证50,2632.4469999999997,2631.4592,2557.8968333333332,2456.8106666666663,2406.74065
2017-08-17,2599.04,2604.08,2606.68,2591.54,20571105.0,sse50,上证50,2629.3785,2631.5844,2561.1014999999998,2458.6161666666667,2408.47545
2017-08-18,2601.88,2613.26,2621.97,2595.86,19897828.0,sse50,上证50,2628.081,2631.1956,2564.529666666667,2460.4776666666667,2410.29045
2017-08-21,2619.04,2616.82,2628.8,2610.26,19436872.0,sse50,上证50,2626.203,2630.612,2566.9183333333335,2462.529833333333,2412.1055499999998
2017-08-22,2624.41,2643.5,2644.2,2620.16,27118182.0,sse50,上证50,2626.2245,2631.3796,2569.7898333333337,2464.8030833333332,2414.0707
2017-08-23,2641.79,2659.78,2673.39,2639.66,34691794.0,sse50,上证50,2627.4035,2631.4552000000003,2572.8015,2467.201833333333,2416.0522
2017-08-24,2659.65,2646.4,2675.2,2641.83,29939211.0,sse50,上证50,2627.8920000000003,2630.6932,2575.300666666667,2469.630916666667,2418.0605
2017-08-25,2645.45,2706.24,2706.7,2645.45,47493751.0,sse50,上证50,2631.3844999999997,2633.3744,2579.1469999999995,2472.6233333333334,2420.22355
2017-08-28,2715.47,2736.46,2766.79,2715.47,60501098.0,sse50,上证50,2636.3015,2636.6576,2583.9155000000005,2475.8447499999997,2422.5461999999998
2017-08-29,2734.45,2739.13,2746.1,2726.22,35262284.0,sse50,上证50,2639.1675000000005,2640.5,2588.4674999999997,2479.035083333333,2424.8571
2017-08-30,2740.0,2728.23,2762.07,2720.66,42052803.0,sse50,上证50,2641.5474999999997,2644.1812,2592.5375,2482.11975,2427.08615
2017-08-31,2729.47,2714.63,2735.43,2701.89,40182234.0,sse50,上证50,2644.968,2647.3012,2595.9975,2485.1870833333332,2429.3397
2017-09-01,2716.05,2710.12,2734.77,2700.16,43093296.0,sse50,上证50,2649.084,2650.2504,2599.178333333333,2488.2778333333335,2431.44305
2017-09-04,2703.33,2711.35,2713.73,2691.78,33196289.0,sse50,上证50,2652.9425,2653.1795999999995,2602.348,2491.2483333333334,2433.45765
2017-09-05,2712.76,2729.85,2738.59,2711.17,30534788.0,sse50,上证50,2657.6760000000004,2655.1012,2605.9265,2494.3729166666667,2435.51805
2017-09-06,2721.95,2714.33,2725.24,2703.65,31137933.0,sse50,上证50,2662.3734999999997,2656.4492,2609.8766666666666,2497.348083333333,2437.5352
2017-09-07,2716.13,2691.83,2717.56,2690.88,27636111.0,sse50,上证50,2666.398,2658.2736,2613.707666666667,2500.03675,2439.44465
2017-09-08,2692.8,2686.69,2701.57,2681.44,24471292.0,sse50,上证50,2672.2195,2660.6292,2617.6059999999998,2502.8678333333332,2441.2945
2017-09-11,2691.34,2674.75,2708.42,2673.62,29084101.0,sse50,上证50,2676.3845,2662.252,2620.7831666666666,2505.5735,2443.1319
2017-09-12,2682.25,2692.54,2695.52,2672.28,30788323.0,sse50,上证50,2680.7495000000004,2664.5464,2624.4183333333335,2508.3684999999996,2444.9211999999998
2017-09-13,2690.56,2687.67,2694.41,2676.25,21197720.0,sse50,上证50,2685.3830000000003,2667.238,2627.592,2511.277833333333,2446.5945500000003
2017-09-14,2688.4,2672.84,2694.77,2666.82,28586737.0,sse50,上证50,2688.821,2669.698,2630.1948333333335,2513.9895833333335,2448.15705
2017-09-15,2669.65,2668.38,2677.53,2659.73,34648980.0,sse50,上证50,2691.577,2673.6228,2632.516166666667,2516.5127500000003,2449.6553
2017-09-18,2670.2,2674.18,2694.06,2670.2,33134639.0,sse50,上证50,2694.445,2676.9320000000002,2634.6971666666664,2519.0939999999996,2451.05645
2017-09-19,2680.72,2670.69,2687.18,2661.61,30087359.0,sse50,上证50,2695.8044999999997,2679.55,2636.6303333333335,2521.7138333333332,2452.3941999999997
2017-09-20,2667.24,2662.63,2675.21,2661.87,25367940.0,sse50,上证50,2695.947,2682.2552,2638.7135,2524.2966666666666,2453.4994500000003
2017-09-21,2664.05,2675.55,2690.36,2660.53,31753452.0,sse50,上证50,2697.4044999999996,2685.114,2640.7563333333333,2527.037333333333,2454.78015
2017-09-22,2666.67,2679.05,2686.41,2662.84,26359750.0,sse50,上证50,2696.045,2687.7456,2642.907666666667,2529.6981666666666,2456.01885
2017-09-25,2672.95,2680.65,2682.75,2667.31,31981420.0,sse50,上证50,2693.2545,2690.2988,2645.345666666667,2532.168083333333,2457.3395499999997
2017-09-26,2673.54,2678.99,2681.23,2673.4,19283177.0,sse50,上证50,2690.2475,2691.7183999999997,2648.1429999999996,2534.5730833333337,2458.8581999999997
2017-09-27,2674.41,2661.55,2677.74,2659.6,20058637.0,sse50,上证50,2686.9135,2691.7891999999997,2650.0338333333334,2536.8504166666667,2460.32255
2017-09-28,2661.54,2661.28,2663.7,2653.46,21661881.0,sse50,上证50,2684.246,2692.3844,2651.8238333333334,2539.2014166666663,2461.74435
2017-09-29,2661.52,2672.33,2682.17,2660.86,20204668.0,sse50,上证50,2682.3565000000003,2691.028,2653.9683333333332,2541.619916666667,2463.2110000000002
2017-10-09,2736.83,2692.08,2743.36,2688.54,41489292.0,sse50,上证50,2681.393,2689.2528,2656.3344999999995,2544.2300833333334,2464.61485
2017-10-10,2693.25,2695.54,2711.31,2671.94,29974727.0,sse50,上证50,2679.6775,2687.5092,2658.417,2546.958666666667,2466.15675
2017-10-11,2694.5,2707.52,2717.33,2692.77,24598483.0,sse50,上证50,2679.3370000000004,2686.6808,2660.79,2549.892,2467.8297000000002
2017-10-12,2706.42,2718.35,2724.83,2702.31,23922877.0,sse50,上证50,2680.663,2686.8296,2662.7466666666664,2552.8989166666665,2469.61955
2017-10-13,2716.0,2713.38,2722.23,2711.95,19273409.0,sse50,上证50,2681.9975,2686.96,2664.2533333333336,2556.0325000000003,2471.63735
2017-10-16,2719.31,2726.64,2741.1,2715.05,25575898.0,sse50,上证50,2684.5919999999996,2687.5715999999998,2665.8405000000002,2559.3791666666666,2473.7589500000004
2017-10-17,2725.2,2723.53,2734.31,2716.4,17979809.0,sse50,上证50,2686.1415,2687.3188,2667.494166666667,2562.6115,2475.9197
2017-10-18,2725.67,2753.01,2753.92,2723.76,28260821.0,sse50,上证50,2689.4085,2688.866,2669.0795,2565.9893333333334,2478.2863500000003
2017-10-19,2750.64,2756.04,2756.04,2743.13,28617869.0,sse50,上证50,2693.5685000000003,2691.4344,2670.589333333333,2569.44025,2480.5797000000002
2017-10-20,2744.49,2737.64,2746.23,2733.72,16098421.0,sse50,上证50,2697.0315,2693.4724,2672.2298333333333,2572.7144166666667,2482.8077
2017-10-23,2744.33,2734.37,2747.0,2732.63,19546035.0,sse50,上证50,2700.041,2695.8572000000004,2673.563,2575.963333333333,2485.08715
2017-10-24,2732.94,2753.65,2762.59,2730.84,24870827.0,sse50,上证50,2704.1890000000003,2698.3016000000002,2675.4060000000004,2579.313416666667,2487.3818499999998
2017-10-25,2753.93,2752.14,2756.76,2746.27,19646722.0,sse50,上证50,2708.6645,2700.8804000000005,2677.338333333333,2582.68925,2489.70775
2017-10-26,2760.06,2771.04,2788.66,2753.73,41473188.0,sse50,上证50,2713.4390000000003,2704.8084000000003,2679.5785,2586.308,2492.17705
2017-10-27,2770.53,2814.27,2815.42,2769.43,40301956.0,sse50,上证50,2720.2,2710.6440000000002,2682.5431666666673,2590.3455,2494.87285
2017-10-30,2812.24,2809.11,2822.59,2780.05,48004879.0,sse50,上证50,2726.623,2716.0412,2685.3929999999996,2594.376166666667,2497.4839
2017-10-31,2795.54,2793.71,2797.79,2785.16,32370371.0,sse50,上证50,2732.359,2720.962,2687.258,2598.31875,2499.913
2017-11-01,2795.19,2789.4,2816.3,2782.06,46204132.0,sse50,上证50,2738.7515,2726.0328000000004,2689.070833333333,2602.179583333333,2502.2489499999997
2017-11-02,2788.11,2794.1,2796.43,2771.15,37526868.0,sse50,上证50,2745.3925,2730.7747999999997,2691.5355,2606.161333333333,2504.6060500000003
2017-11-03,2789.54,2800.47,2803.31,2770.12,38906160.0,sse50,上证50,2751.7995,2735.6315999999997,2694.413333333333,2610.1242500000003,2507.0637
2017-11-06,2798.47,2792.22,2798.47,2776.95,33268910.0,sse50,上证50,2756.8065,2740.0944,2697.0473333333334,2613.8986666666665,2509.4331
2017-11-07,2794.19,2821.96,2832.14,2792.7,49368280.0,sse50,上证50,2763.1275,2745.8132,2700.1603333333333,2617.6195833333336,2511.9799
2017-11-08,2818.67,2819.96,2846.3,2811.11,44768530.0,sse50,上证50,2768.7495,2752.1495999999997,2703.4866666666667,2621.2713333333336,2514.57735
2017-11-09,2814.57,2832.96,2834.51,2809.96,32704232.0,sse50,上证50,2774.48,2759.0168,2707.1803333333332,2625.0350000000003,2517.2651499999997
2017-11-10,2828.12,2862.34,2867.06,2827.74,44198338.0,sse50,上证50,2781.9280000000003,2766.6171999999997,2712.048333333333,2629.1915000000004,2520.03655
2017-11-13,2865.78,2873.51,2885.7,2865.72,48459049.0,sse50,上证50,2789.2715,2773.8744,2716.749333333333,2633.5145,2522.71715
2017-11-14,2876.75,2861.42,2882.79,2853.78,36037160.0,sse50,上证50,2796.166,2780.5096000000003,2721.019,2637.679166666667,2525.37625
2017-11-15,2848.77,2850.05,2864.37,2839.46,32974209.0,sse50,上证50,2801.018,2786.2107999999994,2725.2698333333333,2641.5833333333335,2527.9125999999997
2017-11-16,2840.36,2879.4,2880.98,2840.36,32051824.0,sse50,上证50,2807.186,2792.6528000000003,2729.8585000000003,2645.4800000000005,2530.6348000000003
2017-11-17,2868.52,2938.8,2940.77,2867.59,68472023.0,sse50,上证50,2817.244,2801.6696,2735.2841666666664,2649.906916666667,2533.5929
2017-11-20,2916.74,2941.15,2942.14,2897.2,43840765.0,sse50,上证50,2827.583,2810.25,2740.6896666666667,2653.8039999999996,2536.56315
2017-11-21,2928.92,2987.17,3012.89,2927.61,63648682.0,sse50,上证50,2839.259,2820.7956,2746.4175,2658.103666666667,2539.7369
2017-11-22,3001.95,3012.36,3038.28,2989.82,74555729.0,sse50,上证50,2852.27,2831.1696,2752.2938333333336,2662.547666666667,2543.0052
2017-11-23,3003.78,2940.73,3018.26,2919.65,66990986.0,sse50,上证50,2860.7545,2838.5571999999997,2757.199333333333,2666.25,2545.88875
2017-11-24,2934.45,2936.83,2949.79,2907.1,45426296.0,sse50,上证50,2866.8825,2846.5247999999997,2761.0425000000005,2670.0947499999997,2548.87295
2017-11-27,2928.36,2917.31,2928.86,2885.6,50187197.0,sse50,上证50,2872.2925,2853.8424,2764.0566666666664,2673.9860833333337,2551.73965
2017-11-28,2900.08,2897.11,2908.36,2872.53,30693710.0,sse50,上证50,2877.4625,2859.5807999999997,2766.6896666666667,2677.5785833333334,2554.53755
2017-11-29,2905.33,2893.28,2914.07,2855.85,36005237.0,sse50,上证50,2882.6565,2865.2264,2769.4404999999997,2680.989,2557.2718
2017-11-30,2878.53,2863.45,2895.53,2850.31,35802178.0,sse50,上证50,2886.1240000000003,2868.9228000000003,2771.920833333333,2683.959166666667,2559.81455
2017-12-01,2861.9,2842.18,2867.11,2834.26,30789844.0,sse50,上证50,2888.2095,2870.0391999999997,2774.121833333333,2686.6500833333334,2562.18455
2017-12-04,2829.81,2861.36,2868.29,2823.94,26911901.0,sse50,上证50,2891.6665000000003,2872.1292,2776.6220000000003,2689.485,2564.5948
2017-12-05,2852.82,2910.48,2922.33,2851.32,59599972.0,sse50,上证50,2896.0924999999997,2876.8,2779.6324999999997,2692.7794999999996,2567.2796500000004
2017-12-06,2897.23,2875.73,2897.23,2845.13,31693883.0,sse50,上证50,2898.8810000000003,2880.2532,2782.3225,2696.0995833333336,2569.7973500000003
2017-12-07,2868.2,2848.89,2875.74,2828.23,27940527.0,sse50,上证50,2899.6775000000002,2882.4448,2784.9401666666663,2699.3239166666667,2572.1580000000004
2017-12-08,2843.2,2865.34,2872.82,2832.8,25364927.0,sse50,上证50,2899.8275,2885.0396,2787.917666666667,2702.761833333333,2574.67115
2017-12-11,2862.61,2899.1,2900.17,2857.98,28687751.0,sse50,上证50,2901.1070000000004,2889.3148000000006,2791.6568333333335,2706.22,2577.19605
2017-12-12,2897.66,2850.2,2900.27,2849.39,26086531.0,sse50,上证50,2900.546,2890.4444,2794.2845,2709.3514166666664,2579.46265
2017-12-13,2850.47,2872.94,2879.41,2834.93,22381649.0,sse50,上证50,2901.6905,2892.5636000000004,2797.3723333333332,2712.4821666666667,2581.8363999999997
2017-12-14,2874.95,2850.05,2878.32,2841.92,22766719.0,sse50,上证50,2900.223,2893.2472,2800.3258333333333,2715.260333333333,2584.14955
2017-12-15,2844.1,2820.17,2846.52,2817.32,26667418.0,sse50,上证50,2894.2915000000003,2891.5604000000003,2802.855666666667,2717.685916666667,2586.301
2017-12-18,2821.42,2829.06,2842.81,2815.82,20702573.0,sse50,上证50,2888.687,2889.7824000000005,2805.437,2720.067083333334,2588.5935
2017-12-19,2829.55,2873.03,2873.6,2827.44,23789168.0,sse50,上证50,2882.98,2890.2468,2808.809333333333,2722.7198333333336,2591.1050999999998
2017-12-20,2874.05,2879.64,2887.23,2861.54,28458123.0,sse50,上证50,2876.344,2891.4304,2812.4261666666666,2725.5698333333335,2593.64365
2017-12-21,2871.68,2895.37,2906.81,2862.23,25781561.0,sse50,上证50,2874.076,2892.0692,2816.0898333333334,2728.4230833333336,2596.34595
2017-12-22,2891.72,2880.77,2897.03,2876.02,18956880.0,sse50,上证50,2871.273,2889.748,2819.451833333333,2731.1797500000002,2599.0140499999998
2017-12-25,2882.28,2880.1,2915.61,2868.86,26314099.0,sse50,上证50,2869.4125,2887.3059999999996,2822.776,2734.0608333333334,2601.6650999999997
2017-12-26,2878.75,2894.34,2897.62,2868.6,27001023.0,sse50,上证50,2869.2740000000003,2883.5928000000004,2826.365166666667,2737.2540833333337,2604.35535
2017-12-27,2886.7,2839.63,2889.31,2832.02,32138676.0,sse50,上证50,2866.5914999999995,2876.6836,2829.333166666667,2739.6835,2606.76315
2017-12-28,2842.73,2859.05,2870.89,2829.54,34351482.0,sse50,上证50,2866.3715,2873.4164,2832.6293333333333,2742.2265833333336,2609.32565
2017-12-29,2861.92,2860.44,2876.19,2849.68,28631400.0,sse50,上证50,2867.2845,2870.3608000000004,2835.7644999999998,2744.8664166666667,2611.9317
2018-01-02,2867.53,2908.73,2912.27,2867.53,54008668.0,sse50,上证50,2869.653,2870.0176,2839.375333333334,2747.8549166666667,2614.7009
2018-01-03,2914.28,2913.26,2947.63,2906.6,48206865.0,sse50,上证50,2869.7920000000004,2870.6636000000003,2843.004,2750.7105,2617.4927
2018-01-04,2918.26,2919.48,2934.15,2910.66,43520711.0,sse50,上证50,2871.9795,2871.7115999999996,2846.536666666667,2753.663333333333,2620.3035499999996
2018-01-05,2926.78,2932.36,2940.18,2920.08,49943348.0,sse50,上证50,2876.153,2874.468,2850.1035,2756.425083333333,2623.1194
2018-01-08,2933.82,2947.76,2952.34,2926.87,58052793.0,sse50,上证50,2880.2740000000003,2878.6911999999998,2854.009833333333,2759.1315833333333,2626.1234000000004
2018-01-09,2947.55,2969.32,2972.43,2947.12,40589034.0,sse50,上证50,2883.785,2883.0096000000003,2858.0544999999997,2761.9475,2629.2196500000005
2018-01-10,2968.34,2995.56,2999.75,2966.18,57763850.0,sse50,上证50,2891.053,2886.4128,2862.588333333333,2765.04125,2632.4117499999998
2018-01-11,2986.79,2997.04,3009.99,2981.33,42351821.0,sse50,上证50,2897.258,2891.2652,2866.6555000000003,2767.8675000000003,2635.7041999999997
2018-01-12,2997.9,3018.6,3019.7,2993.56,38168296.0,sse50,上证50,2905.6855000000005,2898.0535999999997,2871.0315,2770.8104166666667,2639.06005
2018-01-15,3027.2,3048.81,3070.94,3022.47,64988821.0,sse50,上证50,2917.1175,2905.3923999999997,2876.2176666666664,2774.2237499999997,2642.4761
2018-01-16,3041.36,3063.86,3065.19,3035.77,64262468.0,sse50,上证50,2928.8575,2911.9827999999998,2881.7091666666665,2777.6360833333333,2645.97325
2018-01-17,3071.5,3076.18,3132.99,3060.22,91066330.0,sse50,上证50,2939.0150000000003,2921.022,2887.0846666666666,2781.2453333333333,2649.5726
2018-01-18,3096.2,3106.55,3125.86,3084.28,87706926.0,sse50,上证50,2950.3605,2930.3663999999994,2892.9915000000005,2785.164916666667,2653.3419
2018-01-19,3122.67,3117.82,3145.99,3100.41,94955302.0,sse50,上证50,2961.4829999999997,2941.0772,2898.771166666667,2789.174833333333,2657.19765
2018-01-22,3104.96,3130.33,3144.85,3104.4,77465852.0,sse50,上证50,2973.9610000000002,2953.4836,2904.038833333333,2793.2909999999997,2661.05055
2018-01-23,3145.11,3176.5,3177.76,3144.28,101691899.0,sse50,上证50,2988.781,2967.3812,2910.162,2797.7774999999997,2665.0117499999997
2018-01-24,3189.77,3180.33,3202.47,3150.55,99130667.0,sse50,上证50,3003.0805,2979.6732,2916.605666666667,2801.9318333333335,2668.9614500000002
2018-01-25,3171.35,3157.46,3177.41,3124.46,77363976.0,sse50,上证50,3018.972,2990.7859999999996,2922.7400000000002,2805.905416666667,2672.8073999999997
2018-01-26,3147.48,3172.78,3195.07,3147.48,82164637.0,sse50,上证50,3034.6585,3001.8824,2929.051333333334,2810.293416666667,2676.7755000000006
2018-01-29,3184.3,3120.7,3197.84,3107.96,72920214.0,sse50,上证50,3047.6715,3011.4796,2934.3885,2814.4009166666665,2680.46845
2018-01-30,3109.19,3079.12,3127.75,3077.31,54275944.0,sse50,上证50,3056.191,3019.4404000000004,2939.1701666666672,2818.10875,2683.9697499999997
2018-01-31,3063.23,3116.83,3118.76,3062.53,55607397.0,sse50,上证50,3066.3695,3028.34,2944.084666666667,2822.1225,2687.7133499999995
2018-02-01,3120.13,3141.23,3141.77,3101.34,72193287.0,sse50,上证50,3077.4570000000003,3040.4040000000005,2949.4391666666666,2826.4629166666664,2691.6419
2018-02-02,3113.3,3149.64,3150.7,3082.99,52901436.0,sse50,上证50,3088.3210000000004,3052.0276,2954.717166666667,2830.9487500000005,2695.6025
2018-02-05,3098.67,3181.34,3181.59,3095.99,71607348.0,sse50,上证50,3100.0,3064.8635999999997,2960.0338333333334,2836.041083333333,2699.82245
2018-02-06,3114.35,3117.49,3140.03,3094.49,98646622.0,sse50,上证50,3107.4085,3073.2140000000004,2964.1001666666666,2840.4247499999997,2703.7847
2018-02-07,3147.32,3029.6,3166.7,3020.39,94700492.0,sse50,上证50,3109.1105000000002,3077.8676,2966.9031666666665,2843.9610833333336,2707.25445
2018-02-08,2998.6,2945.84,3019.27,2911.4,73117846.0,sse50,上证50,3106.5505000000003,3078.922,2968.499666666667,2846.8847499999997,2710.2452999999996
2018-02-09,2857.43,2810.03,2871.54,2724.59,91925899.0,sse50,上证50,3096.122,3074.0288,2967.3435000000004,2848.601,2712.5858000000003
2018-02-12,2803.86,2805.21,2823.81,2776.96,46290004.0,sse50,上证50,3083.942,3068.3268,2965.117,2850.2005833333333,2714.88815
2018-02-13,2834.39,2852.72,2887.89,2834.39,46622211.0,sse50,上证50,3073.3849999999998,3063.6627999999996,2963.6431666666667,2852.1664166666665,2717.4292500000006
2018-02-14,2859.87,2871.79,2877.04,2841.24,25349814.0,sse50,上证50,3063.1655,3058.712,2961.720166666667,2854.068833333333,2720.03
2018-02-22,2915.97,2931.88,2936.85,2900.87,39297753.0,sse50,上证50,3054.432,3056.1056,2960.378833333333,2856.336333333333,2722.9541999999997
2018-02-23,2941.42,2957.17,2966.75,2926.36,38207489.0,sse50,上证50,3046.3995000000004,3053.6484,2960.6528333333335,2858.9260833333333,2726.0561
2018-02-26,2973.81,2973.79,2986.81,2933.52,50214027.0,sse50,上证50,3038.5725,3050.6476000000002,2961.2688333333335,2861.1556666666665,2729.2762
2018-02-27,2979.77,2927.1,2979.77,2918.01,46201435.0,sse50,上证50,3026.1025,3045.1772,2961.432,2862.7443333333335,2732.2845500000003
2018-02-28,2899.0,2878.67,2905.57,2866.46,38758134.0,sse50,上证50,3011.0195,3037.2768,2961.124666666667,2863.907166666667,2735.0749
2018-03-01,2859.09,2891.3,2907.27,2852.49,32284888.0,sse50,上证50,2997.7115000000003,3028.6668000000004,2961.0916666666667,2865.2660833333334,2737.9009
2018-03-02,2864.18,2864.18,2887.89,2852.01,29864517.0,sse50,上证50,2982.2815,3018.5212,2961.1038333333336,2866.512333333333,2740.64035
2018-03-05,2865.2,2863.99,2889.74,2846.93,29967149.0,sse50,上证50,2969.446,3007.8676,2961.4673333333335,2867.7945833333333,2743.3357
2018-03-06,2878.92,2892.48,2893.46,2838.61,47593576.0,sse50,上证50,2960.114,2996.5068,2961.986,2869.3039999999996,2746.1016500000005
2018-03-07,2892.44,2878.15,2921.44,2868.04,37917658.0,sse50,上证50,2948.18,2984.4195999999997,2961.447166666667,2870.5398333333337,2748.61515
2018-03-08,2878.82,2898.25,2903.05,2865.55,28963037.0,sse50,上证50,2936.031,2974.0512,2961.8225,2872.0725,2751.19765
2018-03-09,2907.04,2908.2,2916.55,2891.87,31504490.0,sse50,上证50,2923.959,2963.4680000000003,2962.811,2873.8755833333335,2753.83205
2018-03-12,2922.62,2909.58,2927.51,2897.24,44985076.0,sse50,上证50,2910.371,2955.0231999999996,2963.548333333333,2875.733,2756.5621499999997
2018-03-13,2909.25,2883.38,2921.31,2878.2,40607603.0,sse50,上证50,2898.6655,2947.1936,2963.286333333334,2877.471583333333,2759.2052999999996
2018-03-14,2871.72,2871.33,2879.54,2860.97,30886301.0,sse50,上证50,2890.7519999999995,2937.3736,2963.6385,2878.9615,2761.75365
2018-03-15,2860.41,2894.98,2895.61,2860.41,26260075.0,sse50,上证50,2888.209,2927.5236,2964.0058333333336,2880.6890833333327,2764.3208
2018-03-16,2895.51,2870.73,2911.19,2869.97,27192101.0,sse50,上证50,2891.244,2916.3672,2964.3505,2882.338166666667,2766.61545
2018-03-19,2870.37,2897.26,2898.23,2856.17,26042930.0,sse50,上证50,2895.8465,2905.0040000000004,2965.635333333333,2884.2455,2769.0639
2018-03-20,2878.95,2904.4,2907.52,2877.1,27129403.0,sse50,上证50,2898.4305,2896.4804,2966.891,2886.1639999999998,2771.2184
2018-03-21,2929.0,2894.18,2932.22,2879.53,33388762.0,sse50,上证50,2899.55,2891.0636,2967.2435,2888.0264166666666,2773.3332499999997
2018-03-22,2894.13,2866.67,2902.77,2851.29,30505808.0,sse50,上证50,2896.2895,2887.8968,2967.027333333333,2889.7267500000003,2775.2712
2018-03-23,2786.53,2791.47,2800.25,2754.66,62623251.0,sse50,上证50,2888.0045,2887.1544,2965.2956666666664,2890.69275,2776.7463000000002
2018-03-26,2767.36,2738.87,2773.54,2709.57,42742210.0,sse50,上证50,2876.2585,2884.5008000000003,2962.9306666666666,2891.1912500000003,2778.0633499999994
2018-03-27,2775.63,2747.59,2780.84,2726.36,39211664.0,sse50,上证50,2867.283,2880.2956,2960.7221666666665,2891.7490833333336,2779.54955
2018-03-28,2714.87,2694.83,2746.88,2687.96,34583486.0,sse50,上证50,2858.091,2873.2171999999996,2957.397,2891.881083333333,2780.6936499999997
2018-03-29,2699.14,2738.79,2757.78,2657.49,42353919.0,sse50,上证50,2850.4655,2865.4936000000002,2955.716333333333,2892.52475,2781.9674500000006
2018-03-30,2735.62,2722.15,2740.82,2714.77,31681918.0,sse50,上证50,2843.364,2856.0928,2953.434666666667,2893.0319999999997,2783.0430499999998
2018-04-02,2717.12,2711.37,2754.65,2707.63,34698719.0,sse50,上证50,2835.7329999999997,2845.5959999999995,2950.950166666667,2893.3573333333334,2784.00355
2018-04-03,2690.63,2697.27,2709.91,2683.05,28628162.0,sse50,上证50,2825.9725000000003,2836.4028,2947.4258333333332,2893.4005833333335,2784.8840499999997
2018-04-04,2706.42,2702.37,2730.25,2698.89,26732258.0,sse50,上证50,2817.1835,2829.3507999999997,2943.911,2893.4574999999995,2785.8201999999997
2018-04-09,2706.33,2715.73,2721.59,2688.83,26293549.0,sse50,上证50,2808.0575,2822.328,2940.5151666666666,2893.525916666667,2787.0122499999998
2018-04-10,2719.52,2780.8,2781.27,2710.87,38082535.0,sse50,上证50,2801.6875,2818.9928000000004,2937.9891666666663,2894.046333333333,2788.6064
2018-04-11,2782.67,2785.34,2803.88,2767.38,38988811.0,sse50,上证50,2795.4755,2815.8468,2935.282166666667,2894.6459999999997,2790.2691499999996
2018-04-12,2785.12,2749.7,2785.31,2747.77,26112148.0,sse50,上证50,2788.7915,2810.1356,2931.621833333333,2894.838166666667,2791.5970500000003
2018-04-13,2765.67,2726.4,2771.03,2724.17,21750014.0,sse50,上证50,2781.545,2804.0656,2927.1358333333333,2894.8620833333334,2792.8569
2018-04-16,2716.58,2664.7,2723.58,2656.52,36748757.0,sse50,上证50,2770.031,2794.7236000000003,2921.5968333333335,2894.126166666667,2793.69415
2018-04-17,2669.26,2635.7,2683.5,2633.59,27139751.0,sse50,上证50,2758.2794999999996,2783.8235999999997,2915.2151666666664,2893.1233333333334,2794.2893
2018-04-18,2666.62,2653.77,2668.79,2623.97,31549903.0,sse50,上证50,2746.105,2773.5912,2908.6311666666666,2892.4244166666667,2794.91265
2018-04-19,2661.3,2682.55,2693.14,2656.15,26025677.0,sse50,上证50,2735.0125,2765.558,2902.276,2891.992583333333,2795.6088
2018-04-20,2672.36,2647.38,2677.92,2632.75,28139647.0,sse50,上证50,2722.6724999999997,2756.6,2895.1293333333333,2891.1069999999995,2796.0722000000005
2018-04-23,2637.07,2664.92,2671.01,2636.68,25321251.0,sse50,上证50,2712.585,2747.3976000000002,2887.7688333333335,2890.380166666667,2796.7086
2018-04-24,2669.61,2722.85,2737.21,2669.61,39445289.0,sse50,上证50,2709.154,2741.4824,2881.1859999999997,2889.978583333333,2797.5579500000003
2018-04-25,2707.71,2702.98,2717.31,2696.22,23501293.0,sse50,上证50,2707.3594999999996,2733.7111999999997,2874.0634999999997,2889.0511666666666,2798.3230000000003
2018-04-26,2712.52,2666.02,2717.57,2652.42,23533135.0,sse50,上证50,2703.281,2724.176,2865.5555,2887.85875,2798.98125
2018-04-27,2672.64,2653.54,2675.1,2613.53,28375248.0,sse50,上证50,2701.2165,2714.5503999999996,2856.775666666667,2886.690666666667,2799.6932
2018-05-02,2662.08,2652.73,2667.96,2637.06,26659402.0,sse50,上证50,2696.9134999999997,2705.9927999999995,2848.3635,2885.55175,2800.2163499999997
2018-05-03,2643.97,2663.98,2671.24,2626.54,26222350.0,sse50,上证50,2694.005,2700.8932,2839.8834999999995,2884.467416666667,2800.76685
2018-05-04,2659.27,2646.35,2669.7,2643.26,20761663.0,sse50,上证50,2690.754,2697.1924,2831.9776666666667,2883.183083333333,2801.2803000000004
2018-05-07,2649.1,2683.85,2686.22,2638.17,26608010.0,sse50,上证50,2690.0829999999996,2694.6427999999996,2825.389833333333,2882.28,2801.949
2018-05-08,2683.84,2722.88,2736.76,2682.79,31644364.0,sse50,上证50,2691.1085000000003,2695.7648,2818.824,2881.4543333333336,2802.71045
2018-05-09,2723.09,2717.24,2725.2,2706.48,20264916.0,sse50,上证50,2691.184,2694.9028000000003,2811.7574999999997,2880.5983333333334,2803.47095
2018-05-10,2727.52,2729.4,2738.63,2712.47,19609175.0,sse50,上证50,2688.614,2695.1928000000003,2804.7535,2879.735333333333,2804.1132000000002
2018-05-11,2737.23,2724.72,2738.65,2720.55,23488885.0,sse50,上证50,2685.583,2695.7268,2797.1431666666667,2878.5885,2804.6219
2018-05-14,2736.98,2753.54,2761.49,2736.04,27061501.0,sse50,上证50,2685.775,2697.9776,2791.077333333333,2877.58875,2805.23255
2018-05-15,2760.2,2750.83,2760.57,2731.57,22526422.0,sse50,上证50,2686.9965,2699.9159999999997,2786.431166666667,2876.6671666666666,2805.86515
2018-05-16,2739.89,2716.78,2744.62,2714.26,21808679.0,sse50,上证50,2689.6004999999996,2699.958,2782.6135,2875.556583333333,2806.1596000000004
2018-05-17,2720.77,2700.88,2724.39,2698.17,16746907.0,sse50,上证50,2692.8595,2696.7612,2780.794333333333,2874.068916666666,2806.33675
2018-05-18,2697.72,2740.53,2741.01,2690.99,22927267.0,sse50,上证50,2697.1975,2694.9688,2779.716333333333,2872.4166666666665,2806.84335
2018-05-21,2753.88,2745.8,2761.72,2739.68,27766582.0,sse50,上证50,2700.3599999999997,2694.8128,2777.934333333333,2870.78875,2807.3004499999997
2018-05-22,2744.32,2728.0,2744.32,2711.06,23340295.0,sse50,上证50,2704.3910000000005,2694.8768,2775.5378333333333,2868.629,2807.7251
2018-05-23,2721.02,2683.69,2721.02,2683.59,25426594.0,sse50,上证50,2705.3295,2695.6364000000003,2771.4013333333337,2865.890083333333,2807.96255
2018-05-24,2684.13,2665.68,2691.03,2664.12,19732689.0,sse50,上证50,2702.471,2696.8356,2766.543166666667,2863.598,2808.1077999999998
2018-05-25,2663.32,2661.29,2679.85,2650.34,19942205.0,sse50,上证50,2700.3865,2697.1364000000003,2761.3348333333333,2861.301833333333,2808.2322999999997
2018-05-28,2661.21,2673.2,2682.78,2650.4,18533039.0,sse50,上证50,2700.7455,2696.7624,2757.1031666666668,2859.2675833333333,2808.4076999999997
2018-05-29,2666.83,2663.4,2676.68,2642.87,26895624.0,sse50,上证50,2701.2385,2697.4032,2753.5153333333337,2857.32,2808.31565
2018-05-30,2632.71,2605.9,2637.19,2604.91,24208986.0,sse50,上证50,2698.897,2695.0424,2748.758666666667,2854.925166666667,2807.942
2018-05-31,2626.94,2658.29,2661.66,2624.67,26506810.0,sse50,上证50,2698.6125,2692.46,2745.3271666666665,2853.2155,2808.0023500000007
2018-06-01,2652.25,2647.19,2664.31,2637.37,20387624.0,sse50,上证50,2698.6545,2690.2284000000004,2741.7138333333332,2851.590583333333,2808.0993
2018-06-04,2664.85,2694.58,2697.75,2658.57,22546288.0,sse50,上证50,2699.191,2691.3708,2738.4155,2850.2007500000004,2808.4013
2018-06-05,2697.69,2707.02,2712.12,2680.24,22214405.0,sse50,上证50,2698.398,2693.51,2735.563333333333,2848.50525,2808.7605
2018-06-06,2702.71,2692.18,2703.41,2688.33,20523118.0,sse50,上证50,2697.145,2695.0879999999997,2732.128833333333,2846.9756666666663,2809.1195000000002
2018-06-07,2697.51,2695.24,2717.06,2693.1,23511030.0,sse50,上证50,2695.437,2696.3384,2728.5795000000003,2845.6952499999998,2809.539
2018-06-08,2686.09,2652.08,2686.15,2637.36,26031212.0,sse50,上证50,2691.8050000000003,2696.5676000000003,2724.2878333333333,2843.918083333333,2809.9481
2018-06-11,2644.43,2660.41,2665.93,2633.08,19775018.0,sse50,上证50,2687.1485000000002,2695.63,2720.5716666666663,2841.9290000000005,2810.2929
2018-06-12,2662.39,2687.7,2691.97,2650.97,19643008.0,sse50,上证50,2683.992,2694.2228000000005,2717.5111666666667,2840.574833333333,2810.7051999999994
2018-06-13,2681.31,2671.63,2686.07,2662.75,19387165.0,sse50,上证50,2681.7345,2692.3984,2713.7886666666664,2838.89725,2811.0883499999995
2018-06-14,2662.23,2671.3,2691.04,2659.57,21356957.0,sse50,上证50,2680.2555,2690.0744,2710.4648333333334,2837.407666666667,2811.42445
2018-06-15,2657.59,2667.98,2677.31,2657.51,25618389.0,sse50,上证50,2676.6279999999997,2687.8048,2706.6435,2836.1394166666664,2811.69805
2018-06-19,2638.4,2599.78,2646.64,2571.69,57574355.0,sse50,上证50,2669.3269999999998,2681.6544,2701.5665000000004,2834.2287499999998,2811.6128500000004
2018-06-20,2588.12,2598.33,2607.47,2567.5,23830855.0,sse50,上证50,2662.8435,2675.5544,2696.6356666666666,2831.9395833333333,2811.387
2018-06-21,2597.3,2579.05,2628.04,2575.17,24632386.0,sse50,上证50,2657.6115,2670.0452,2691.8419999999996,2829.4346666666665,2810.9833500000004
2018-06-22,2564.87,2583.71,2586.33,2553.3,19658834.0,sse50,上证50,2653.513,2665.3584,2688.3793333333333,2826.8375,2810.6699
2018-06-25,2593.62,2536.46,2595.99,2535.12,23443084.0,sse50,上证50,2647.2715,2657.1956,2685.0058333333336,2823.96825,2809.821
2018-06-26,2516.08,2506.72,2519.16,2470.15,26450100.0,sse50,上证50,2638.9475,2647.6324,2680.9913333333334,2820.85675,2808.6723
2018-06-27,2500.07,2452.64,2512.59,2438.04,27426919.0,sse50,上证50,2628.4095,2636.618,2676.9548333333328,2817.1759166666666,2807.2398500000004
2018-06-28,2431.86,2425.18,2461.17,2418.29,22856049.0,sse50,上证50,2619.3735,2626.2776,2671.7280000000005,2813.7221666666665,2805.7246
2018-06-29,2431.81,2479.91,2481.32,2429.59,20762653.0,sse50,上证50,2610.4545,2618.8468,2667.690666666667,2810.5626666666662,2804.5510000000004
2018-07-02,2473.31,2386.38,2473.73,2370.4,26108151.0,sse50,上证50,2597.4139999999998,2607.8504000000003,2662.2741666666666,2806.6121666666663,2802.9323000000004
2018-07-03,2389.36,2388.98,2395.08,2331.84,29074680.0,sse50,上证50,2582.134,2596.4816,2657.136,2802.280916666667,2801.3204499999997
2018-07-04,2381.25,2368.43,2403.51,2365.89,19664477.0,sse50,上证50,2565.2045,2584.6828,2651.5703333333336,2797.7406666666666,2799.51335
2018-07-05,2370.86,2374.36,2398.56,2352.97,25268639.0,sse50,上证50,2549.3134999999997,2575.4211999999998,2645.8808333333336,2793.198,2797.8135
2018-07-06,2378.87,2402.62,2422.4,2349.48,24922030.0,sse50,上证50,2534.6825,2565.1944,2639.5778333333337,2788.7835,2796.3674499999997
2018-07-09,2410.52,2471.29,2471.8,2410.52,24333366.0,sse50,上证50,2525.643,2558.1584,2634.3436666666666,2784.8129166666668,2795.29045
2018-07-10,2475.98,2471.23,2477.84,2448.86,21373460.0,sse50,上证50,2516.184,2549.2244,2629.7025,2780.662166666667,2794.2728500000003
2018-07-11,2420.18,2432.28,2443.35,2409.31,20851901.0,sse50,上证50,2503.4129999999996,2538.2348,2624.8005,2775.9681666666665,2792.9715499999998
2018-07-12,2425.67,2474.62,2490.44,2425.67,27324093.0,sse50,上证50,2493.5625,2529.5324,2621.6324999999997,2771.6146666666664,2791.9063
2018-07-13,2480.82,2476.86,2481.56,2464.95,19832100.0,sse50,上证50,2483.8405,2520.7972,2618.985166666667,2767.1001666666666,2790.9263999999994
2018-07-16,2471.15,2448.76,2484.17,2438.86,19872462.0,sse50,上证50,2472.8795,2512.6644,2615.5683333333336,2762.09975,2789.8282999999997
2018-07-17,2443.55,2430.44,2446.1,2414.35,16666433.0,sse50,上证50,2464.4125,2503.4656,2611.3665000000005,2756.82125,2788.6096000000002
2018-07-18,2437.38,2420.76,2458.48,2419.32,17807465.0,sse50,上证50,2455.534,2492.788,2607.5895,2751.3594166666667,2787.35995
2018-07-19,2432.89,2426.16,2452.45,2418.66,20446054.0,sse50,上证50,2447.8895,2482.9692,2603.6101666666664,2745.6895,2786.1775999999995
2018-07-20,2426.1,2493.76,2506.94,2409.05,34453471.0,sse50,上证50,2443.392,2475.8676,2599.7920000000004,2740.4890000000005,2785.26865
2018-07-23,2482.05,2526.81,2533.77,2478.19,39625663.0,sse50,上证50,2442.9095,2470.2208,2596.8558333333335,2735.459666666667,2784.50745
2018-07-24,2534.07,2563.58,2579.59,2534.07,48833416.0,sse50,上证50,2445.7524999999996,2468.7728,2595.1485000000002,2730.352,2783.9221
2018-07-25,2573.93,2563.69,2573.96,2550.97,26507281.0,sse50,上证50,2451.305,2467.3872,2593.651,2725.213333333333,2783.3456
2018-07-26,2570.48,2530.99,2578.72,2525.67,25328431.0,sse50,上证50,2456.5955,2465.4648,2591.6220000000003,2719.9927499999994,2782.6928000000003
2018-07-27,2529.66,2525.09,2541.23,2515.89,18966728.0,sse50,上证50,2458.8545000000004,2463.12,2589.307166666667,2714.595333333333,2782.01185
2018-07-30,2525.38,2541.31,2562.76,2515.55,24506255.0,sse50,上证50,2466.6009999999997,2463.3140000000003,2587.5565,2709.767083333333,2781.3567500000004
2018-07-31,2537.03,2545.12,2553.81,2521.82,20241929.0,sse50,上证50,2474.4080000000004,2464.85,2585.2443333333335,2705.3170833333334,2780.62195
2018-08-01,2557.61,2490.25,2570.31,2489.13,27372269.0,sse50,上证50,2480.4990000000003,2466.3544,2581.3671666666664,2700.0955833333333,2779.5955000000004
2018-08-02,2483.76,2440.31,2485.41,2412.96,29601109.0,sse50,上证50,2483.7965,2466.9596,2576.7516666666666,2694.2545833333334,2778.25945
2018-08-03,2438.84,2413.5,2452.07,2413.25,21546213.0,sse50,上证50,2484.3405,2464.3032000000003,2571.4866666666667,2688.1200833333332,2776.7352
2018-08-06,2417.3,2406.54,2448.98,2393.68,25723041.0,sse50,上证50,2481.103,2465.1096,2566.183666666667,2681.6634166666668,2775.2010000000005
2018-08-07,2416.01,2479.78,2480.1,2407.64,29752110.0,sse50,上证50,2481.5305,2468.7416,2561.621,2676.349166666667,2773.9667000000004
2018-08-08,2476.4,2447.0,2481.84,2443.07,23590929.0,sse50,上证50,2482.2665,2471.8844,2556.5571666666665,2671.4941666666664,2772.5840500000004
2018-08-09,2437.45,2504.62,2510.36,2435.79,26576959.0,sse50,上证50,2483.7665,2477.0948,2553.0211666666664,2667.8173333333334,2771.3421000000003
2018-08-10,2505.31,2503.21,2518.11,2485.98,19421209.0,sse50,上证50,2485.084,2481.1184,2549.726666666667,2665.2605,2770.07795
2018-08-13,2480.1,2478.51,2485.23,2442.23,22941849.0,sse50,上证50,2486.5715,2481.4072,2545.3596666666667,2662.538,2768.7823
2018-08-14,2475.47,2469.2,2482.71,2454.98,17071931.0,sse50,上证50,2488.5095,2481.3259999999996,2540.749666666666,2659.3419999999996,2767.4564499999997
2018-08-15,2467.25,2408.72,2467.45,2405.6,19756173.0,sse50,上证50,2487.9075000000003,2480.3835999999997,2535.428333333333,2655.4830833333335,2765.7318000000005
2018-08-16,2381.01,2405.16,2430.92,2367.05,25498718.0,sse50,上证50,2486.8574999999996,2477.6052,2530.7861666666663,2651.09375,2763.9969
2018-08-17,2427.47,2374.17,2429.68,2370.04,20629848.0,sse50,上证50,2480.878,2473.4976,2525.927666666667,2646.235416666667,2762.01255
2018-08-20,2386.14,2409.13,2409.13,2370.82,23001283.0,sse50,上证50,2474.9939999999997,2471.9123999999997,2521.725,2641.5299166666664,2759.98685
2018-08-21,2411.98,2452.38,2461.14,2410.89,24358955.0,sse50,上证50,2469.434,2472.79,2518.044666666667,2637.5739166666667,2758.2032
2018-08-22,2461.4,2450.15,2461.4,2438.94,16052916.0,sse50,上证50,2463.757,2473.9656,2514.4905,2634.0029166666664,2756.4854000000005
2018-08-23,2453.66,2461.07,2474.69,2435.16,18856430.0,sse50,上证50,2460.261,2475.362,2512.076666666667,2630.4176666666667,2754.84375
2018-08-24,2449.37,2472.0,2496.39,2438.72,20760608.0,sse50,上证50,2457.6065,2474.4916,2508.971833333334,2627.1495,2753.23325
2018-08-27,2484.41,2522.34,2522.34,2482.52,28385082.0,sse50,上证50,2456.6580000000004,2474.3128,2506.8910000000005,2624.3024166666664,2751.8425999999995
2018-08-28,2524.92,2511.15,2530.5,2503.81,21401627.0,sse50,上证50,2454.9595,2472.2156,2503.833833333333,2621.124666666667,2750.43725
2018-08-29,2506.15,2503.48,2515.0,2497.82,18183977.0,sse50,上证50,2455.621,2469.8072,2500.4415000000004,2618.0024166666667,2748.84485
2018-08-30,2506.53,2479.21,2519.4,2479.21,18233552.0,sse50,上证50,2457.566,2467.736,2496.8920000000003,2614.5104166666665,2747.1411000000003
2018-08-31,2462.8,2474.48,2490.46,2455.99,26221781.0,sse50,上证50,2460.6150000000002,2465.7116,2493.2126666666663,2610.896083333333,2745.3487
2018-09-03,2461.86,2465.88,2470.51,2445.87,18306655.0,sse50,上证50,2463.582,2462.6944,2490.1093333333333,2607.198583333333,2743.3664000000003
2018-09-04,2467.25,2500.44,2507.04,2451.72,20593805.0,sse50,上证50,2464.6150000000002,2460.9072,2487.4431666666665,2604.007416666667,2741.50105
2018-09-05,2488.9,2441.23,2493.47,2441.23,21316444.0,sse50,上证50,2464.3265,2458.9464000000003,2483.3353333333334,2600.4232500000003,2739.4000999999994
2018-09-06,2432.4,2416.03,2449.83,2408.93,20873911.0,sse50,上证50,2459.897,2457.9752,2479.0753333333337,2596.4320000000002,2737.23
2018-09-07,2424.42,2437.68,2458.26,2416.16,18360830.0,sse50,上证50,2456.6205,2458.9424,2475.1816666666664,2592.82325,2735.0214
2018-09-10,2431.18,2413.43,2440.11,2410.79,18041257.0,sse50,上证50,2453.3664999999996,2459.2180000000003,2470.939166666666,2588.791333333333,2732.3945499999995
2018-09-11,2412.18,2398.77,2422.94,2387.64,18111101.0,sse50,上证50,2449.8450000000003,2455.9775999999997,2467.589,2584.57775,2729.68265
2018-09-12,2389.28,2381.39,2398.73,2373.04,16845245.0,sse50,上证50,2448.4785,2453.3531999999996,2463.9733333333334,2580.3045,2726.65375
2018-09-13,2413.41,2415.31,2420.0,2381.03,21471991.0,sse50,上证50,2448.986,2449.7808,2461.2443333333335,2576.543166666667,2723.6685
2018-09-14,2421.66,2425.42,2434.67,2410.66,16391883.0,sse50,上证50,2451.5485,2446.6692000000003,2458.6061666666665,2573.49275,2721.09195
2018-09-17,2411.38,2399.88,2418.14,2397.94,13684293.0,sse50,上证50,2451.0860000000002,2443.524,2456.3298333333337,2570.6678333333334,2718.4071999999996
2018-09-18,2391.95,2458.77,2459.77,2391.73,22891942.0,sse50,上证50,2451.4055,2443.1068,2455.5306666666665,2568.261,2716.1145
2018-09-19,2455.44,2487.08,2505.0,2452.58,28973848.0,sse50,上证50,2453.252,2446.2412000000004,2456.104666666667,2566.5297499999997,2714.06435
2018-09-20,2492.4,2487.42,2503.1,2480.54,22948441.0,sse50,上证50,2454.5695,2449.5316000000003,2457.142,2564.435,2712.03505
2018-09-21,2495.74,2573.6,2573.6,2485.41,41753278.0,sse50,上证50,2459.6495000000004,2457.5088,2458.7035,2563.1970833333335,2710.5858000000003
2018-09-25,2545.21,2547.79,2560.72,2536.43,24321290.0,sse50,上证50,2460.9219999999996,2463.0552000000002,2461.3936666666673,2561.833916666666,2709.11385
2018-09-26,2555.92,2582.77,2610.59,2553.17,33704338.0,sse50,上证50,2464.5029999999997,2468.2708,2464.6235,2560.87975,2707.7209000000003
2018-09-27,2582.12,2575.45,2584.07,2561.58,22953309.0,sse50,上证50,2468.1014999999998,2473.2828,2468.073833333334,2559.8220833333335,2706.04575
2018-09-28,2580.66,2606.67,2618.83,2577.98,28780345.0,sse50,上证50,2474.4745,2479.1068,2471.9456666666665,2558.9132499999996,2704.7004500000003
2018-10-08,2544.49,2486.82,2548.89,2481.18,33707752.0,sse50,上证50,2475.0915,2479.6996,2473.349,2556.4634166666665,2702.8901
2018-10-09,2481.59,2491.66,2506.27,2476.35,21668620.0,sse50,上证50,2476.3805,2478.4724,2473.6884999999997,2554.016083333334,2701.0217
2018-10-10,2495.86,2494.06,2518.61,2472.19,20421095.0,sse50,上证50,2476.0615,2477.7888000000003,2474.0690000000004,2551.8857500000004,2698.9964999999997
2018-10-11,2412.22,2390.5,2446.37,2369.03,36931486.0,sse50,上证50,2473.525,2473.2696,2473.372666666667,2549.0865833333332,2696.698
2018-10-12,2398.18,2444.13,2452.69,2390.99,29000533.0,sse50,上证50,2474.93,2471.8664,2472.8645000000006,2547.2484999999997,2694.5539499999995
2018-10-15,2443.73,2412.48,2448.26,2407.55,20543216.0,sse50,上证50,2473.6699999999996,2469.3864000000003,2471.7915,2545.388333333334,2692.3661000000006
2018-10-16,2414.32,2415.49,2459.88,2407.0,19832199.0,sse50,上证50,2473.773,2467.3707999999997,2471.237,2543.402666666667,2690.3427
2018-10-17,2446.48,2429.21,2451.19,2384.14,24854130.0,sse50,上证50,2475.295,2464.5216,2471.2165,2541.2915000000003,2688.3434500000003
2018-10-18,2416.37,2369.07,2416.37,2367.71,22765046.0,sse50,上证50,2474.679,2461.6351999999997,2470.3550000000005,2538.97225,2685.82365
2018-10-19,2353.84,2446.32,2451.76,2344.98,31382548.0,sse50,上证50,2476.2295000000004,2462.8468,2470.691,2537.1505833333335,2683.6570500000003
2018-10-22,2463.49,2540.15,2566.63,2463.49,46328068.0,sse50,上证50,2481.966,2466.9456,2471.4641666666666,2535.6280833333335,2681.88095
2018-10-23,2539.65,2464.81,2544.3,2451.67,35418623.0,sse50,上证50,2485.2125,2469.0008,2470.4308333333333,2533.6433333333334,2679.80115
2018-10-24,2459.32,2477.49,2530.77,2459.21,37027581.0,sse50,上证50,2486.1485000000002,2472.1496,2468.996,2532.0722499999997,2677.7880999999998
2018-10-25,2419.11,2485.1,2486.76,2415.49,31130039.0,sse50,上证50,2486.0495,2476.2980000000002,2467.686166666667,2530.6685833333336,2675.7419
2018-10-26,2487.0,2468.91,2499.76,2445.83,28793335.0,sse50,上证50,2485.1240000000003,2478.442,2466.6515,2529.1367499999997,2673.8883
2018-10-29,2461.92,2389.58,2465.37,2377.99,28728277.0,sse50,上证50,2475.9230000000002,2477.0084,2464.3929999999996,2526.8500833333333,2671.5409499999996
2018-10-30,2380.47,2415.65,2449.29,2378.82,32464786.0,sse50,上证50,2469.316,2477.6392,2462.2986666666666,2524.927583333333,2669.317
2018-10-31,2424.16,2451.12,2460.84,2413.34,34500763.0,sse50,上证50,2462.7335,2477.3332,2460.7319999999995,2522.9881666666665,2667.0289499999994
2018-11-01,2474.27,2460.16,2500.12,2455.73,37694390.0,sse50,上证50,2456.969,2476.2563999999998,2460.2304999999997,2520.7988333333333,2664.76345
2018-11-02,2522.39,2542.77,2544.19,2489.07,47328804.0,sse50,上证50,2453.7740000000003,2478.4703999999997,2461.938166666667,2519.3449166666664,2662.8799
2018-11-05,2520.88,2511.59,2524.65,2489.59,28262359.0,sse50,上证50,2455.0125,2475.99,2463.573,2517.5298333333335,2660.77605
2018-11-06,2507.36,2499.68,2509.64,2478.38,22102400.0,sse50,上证50,2455.4134999999997,2474.0656,2465.125333333333,2515.6544999999996,2658.53565
2018-11-07,2503.68,2482.33,2521.15,2479.25,26158564.0,sse50,上证50,2454.827,2470.0480000000002,2465.1678333333334,2513.394416666667,2656.1007
2018-11-08,2507.59,2486.0,2511.0,2480.33,20311246.0,sse50,上证50,2459.602,2466.47,2465.8178333333335,2511.1875,2653.5528999999997
2018-11-09,2469.89,2434.21,2469.89,2434.08,28036742.0,sse50,上证50,2459.1059999999998,2459.5716,2464.644333333333,2508.8327500000005,2650.73875
2018-11-12,2426.83,2444.97,2447.46,2419.97,22907299.0,sse50,上证50,2460.7305,2457.8976000000002,2463.673666666667,2506.700166666667,2647.8706
2018-11-13,2415.3,2462.97,2474.82,2413.78,27681898.0,sse50,上证50,2463.1045,2456.7499999999995,2463.4146666666666,2504.3871666666664,2644.9414
2018-11-14,2462.18,2429.99,2462.18,2425.97,27016565.0,sse50,上证50,2463.1434999999997,2454.1872,2462.761166666666,2501.755416666667,2641.77205
2018-11-15,2430.19,2459.14,2459.43,2427.07,24745017.0,sse50,上证50,2467.647,2456.9328,2463.6015,2499.5149166666665,2638.68685
2018-11-16,2458.48,2461.44,2482.44,2443.12,31500583.0,sse50,上证50,2468.403,2457.6252,2464.5395,2497.6628333333333,2635.4613
2018-11-19,2466.43,2492.08,2492.08,2461.8,29720153.0,sse50,上证50,2465.9995,2460.8091999999997,2466.5046666666667,2496.2161666666666,2632.3326
2018-11-20,2475.23,2446.79,2484.01,2441.85,26945322.0,sse50,上证50,2465.0985,2462.0612,2467.1323333333335,2494.4286666666667,2628.9148999999998
2018-11-21,2425.72,2451.27,2454.46,2425.23,21904534.0,sse50,上证50,2463.7875,2462.9436,2467.1138333333333,2492.5792500000002,2625.28875
2018-11-22,2455.77,2437.64,2456.91,2426.12,16424828.0,sse50,上证50,2461.4145,2465.6864,2466.9053333333336,2490.6979166666665,2621.5753000000004
2018-11-23,2433.53,2399.2,2441.32,2398.73,21219889.0,sse50,上证50,2457.9289999999996,2463.8016000000002,2465.8741666666665,2488.9754166666667,2617.784
2018-11-26,2409.47,2401.9,2423.46,2393.98,16215339.0,sse50,上证50,2458.5449999999996,2458.2716,2464.705833333333,2486.8388333333332,2613.9296000000004
2018-11-27,2407.23,2394.29,2416.44,2387.93,14968936.0,sse50,上证50,2457.477,2455.4508,2462.5716666666663,2484.7313333333336,2610.2975500000002
2018-11-28,2396.29,2421.13,2426.66,2394.25,17059686.0,sse50,上证50,2455.9775,2453.1964,2461.0713333333333,2482.452583333333,2607.0076
2018-11-29,2437.92,2401.85,2441.42,2401.85,19845353.0,sse50,上证50,2453.0620000000004,2449.8664,2459.3775,2479.9095,2603.4327
2018-11-30,2403.23,2428.04,2430.65,2402.54,19322534.0,sse50,上证50,2447.3255,2448.2316,2458.5246666666662,2477.7083333333335,2599.86675
2018-12-03,2492.43,2488.06,2500.57,2467.94,35369612.0,sse50,上证50,2446.1490000000003,2452.1708,2458.7509999999997,2475.9818333333333,2596.55885
2018-12-04,2488.58,2496.14,2496.81,2476.91,23849605.0,sse50,上证50,2445.972,2455.3903999999998,2459.2553333333335,2474.682333333333,2593.13285
2018-12-05,2467.56,2481.79,2492.32,2465.25,20483609.0,sse50,上证50,2445.945,2456.6172,2458.9445,2473.193833333333,2589.95435
2018-12-06,2453.56,2434.49,2460.23,2431.86,21671205.0,sse50,上证50,2443.3695,2455.5903999999996,2458.8321666666666,2471.0837500000002,2586.9788
2018-12-07,2441.38,2430.72,2444.98,2427.89,14534653.0,sse50,上证50,2443.195,2451.1084,2459.0769999999998,2469.0761666666667,2584.4031999999997
2018-12-10,2410.17,2408.61,2425.74,2399.32,17586515.0,sse50,上证50,2441.377,2446.9892,2458.5924999999997,2466.887083333333,2582.3961
2018-12-11,2408.92,2415.58,2420.52,2405.87,12885505.0,sse50,上证50,2439.0074999999997,2443.6252,2458.6283333333336,2464.78375,2580.4479499999998
2018-12-12,2437.61,2423.32,2437.61,2414.33,14230846.0,sse50,上证50,2438.674,2441.2648,2459.0375,2463.31325,2578.30095
2018-12-13,2429.39,2457.9,2469.7,2423.57,28085510.0,sse50,上证50,2438.612,2440.1407999999997,2460.3126666666667,2462.1430000000005,2576.2315
2018-12-14,2446.81,2423.38,2448.8,2423.09,25855357.0,sse50,上证50,2436.709,2439.7075999999997,2460.447166666667,2460.84575,2573.689
2018-12-17,2420.58,2425.94,2430.89,2409.01,21170997.0,sse50,上证50,2433.4019999999996,2438.9464,2460.4558333333334,2459.531,2571.03285
2018-12-18,2409.58,2397.87,2427.68,2388.98,20681269.0,sse50,上证50,2430.956,2436.3424,2460.4223333333334,2458.3760833333336,2568.1532500000003
2018-12-19,2401.91,2369.55,2403.9,2366.4,18664633.0,sse50,上证50,2426.87,2433.9248,2458.9353333333333,2457.233,2565.3655
2018-12-20,2363.0,2334.92,2372.37,2319.1,26893461.0,sse50,上证50,2421.734,2428.9559999999997,2456.3993333333333,2456.252,2562.64675
2018-12-21,2325.98,2306.15,2327.44,2288.4,24752807.0,sse50,上证50,2417.0815000000002,2422.7444,2453.378166666667,2455.2600833333336,2559.721
2018-12-24,2293.75,2309.23,2311.73,2286.99,18318296.0,sse50,上证50,2412.448,2415.4304,2448.972,2453.83775,2556.94625
2018-12-25,2285.66,2297.33,2308.61,2256.47,24003262.0,sse50,上证50,2407.6,2409.452,2444.7976666666664,2453.095666666667,2554.11295
2018-12-26,2293.29,2281.56,2303.2,2278.29,15787164.0,sse50,上证50,2400.6215,2402.6636000000003,2439.7774999999997,2452.2005,2551.05835
2018-12-27,2310.81,2276.06,2313.05,2275.04,26756215.0,sse50,上证50,2394.332,2396.2003999999997,2434.787666666666,2451.43075,2548.0479
2018-12-28,2279.7,2293.1,2305.91,2278.25,24277348.0,sse50,上证50,2387.585,2391.9564,2429.5615000000003,2450.753583333333,2545.02215
2019-01-02,2298.18,2262.79,2301.06,2252.75,20880697.0,sse50,上证50,2376.3215,2386.392,2425.8276666666666,2449.588333333333,2541.7951000000003
2019-01-03,2259.48,2269.24,2287.78,2253.94,18895240.0,sse50,上证50,2364.9764999999998,2381.39,2422.1206666666667,2447.904583333334,2538.5933999999997
2019-01-04,2252.74,2314.65,2316.35,2249.37,25900596.0,sse50,上证50,2356.6195,2377.1308,2419.1304999999998,2446.59975,2535.74975
2019-01-07,2329.03,2314.32,2331.6,2306.9,25278948.0,sse50,上证50,2350.611,2373.6295999999998,2417.860833333333,2445.61675,2532.9647
2019-01-08,2312.17,2305.17,2312.17,2298.95,18131160.0,sse50,上证50,2344.3334999999997,2368.7148,2415.5448333333334,2444.2046666666665,2530.01565
2019-01-09,2320.91,2332.72,2360.36,2318.44,28747596.0,sse50,上证50,2340.5389999999998,2362.5012,2414.2155,2443.0035,2527.3256
2019-01-10,2333.22,2331.85,2345.33,2321.3,22280507.0,sse50,上证50,2336.3525,2355.9296000000004,2412.8214999999996,2442.02925,2524.4985500000003
2019-01-11,2342.02,2354.5,2360.06,2334.91,18417693.0,sse50,上证50,2332.9114999999997,2350.838,2411.576333333333,2441.396416666667,2521.74905
2019-01-14,2350.26,2331.14,2354.31,2330.0,16462252.0,sse50,上证50,2326.5735,2346.704,2410.9441666666667,2440.6495833333333,2518.93385
2019-01-15,2337.7,2378.37,2380.6,2332.41,22466336.0,sse50,上证50,2324.323,2344.61,2409.811666666667,2440.251333333333,2516.49235
2019-01-16,2375.17,2381.22,2385.22,2366.34,18097039.0,sse50,上证50,2322.0870000000004,2343.5144,2407.1628333333333,2439.3134999999997,2514.4411
2019-01-17,2388.59,2371.35,2396.8,2370.58,21555000.0,sse50,上证50,2320.761,2341.7452,2405.6051666666667,2438.0179999999996,2512.6035
2019-01-18,2385.62,2417.36,2422.03,2380.56,30088200.0,sse50,上证50,2323.1515,2341.5068,2404.603,2436.7995,2510.95235
2019-01-21,2418.0,2432.49,2443.23,2418.0,26237236.0,sse50,上证50,2328.0299999999997,2340.4903999999997,2403.726166666667,2435.7061666666664,2509.64065
2019-01-22,2430.43,2401.23,2430.43,2394.18,19373137.0,sse50,上证50,2332.784,2339.6044,2402.598166666666,2434.6248333333338,2507.95285
2019-01-23,2397.41,2397.05,2414.02,2392.64,16290135.0,sse50,上证50,2337.175,2338.4488,2402.722666666667,2433.5578333333333,2506.32735
2019-01-24,2401.38,2411.56,2414.89,2385.1,20415697.0,sse50,上证50,2342.8864999999996,2338.9964,2402.6545,2432.4765833333336,2504.8282999999997
2019-01-25,2419.26,2441.64,2453.67,2418.01,25683679.0,sse50,上证50,2350.8905000000004,2341.88,2402.4965,2431.61425,2503.55015
2019-01-28,2455.28,2437.03,2473.12,2429.88,23468163.0,sse50,上证50,2358.939,2345.9644,2402.111,2431.1707499999998,2502.2234499999995
2019-01-29,2433.31,2455.9,2461.52,2423.46,21863480.0,sse50,上证50,2367.079,2351.9544,2400.6631666666663,2431.300666666667,2500.9243
2019-01-30,2445.86,2440.01,2462.61,2439.33,17835170.0,sse50,上证50,2375.9399999999996,2357.1856,2399.4701666666665,2431.5215833333336,2499.22035
2019-01-31,2454.64,2483.47,2487.1,2450.18,26681298.0,sse50,上证50,2386.6515,2364.6312,2399.2,2432.1626666666666,2497.711
2019-02-01,2502.1,2499.64,2503.55,2479.34,21950054.0,sse50,上证50,2395.901,2373.3544,2399.4885,2432.3281666666667,2496.4607
2019-02-11,2485.5,2527.47,2528.38,2484.65,25211570.0,sse50,上证50,2406.5585,2383.4108,2400.179666666666,2432.9987499999997,2495.46605
2019-02-12,2528.1,2533.18,2537.29,2515.03,25458804.0,sse50,上证50,2417.959,2393.014,2401.829166666667,2433.2367499999996,2494.80845
2019-02-13,2538.42,2580.61,2587.88,2528.23,39821832.0,sse50,上证50,2430.3535,2405.7268,2404.089833333333,2433.88175,2494.533
2019-02-14,2572.64,2576.31,2585.51,2564.87,27718515.0,sse50,上证50,2442.5765,2418.0096,2405.978833333333,2434.69675,2494.1457
2019-02-15,2566.34,2517.46,2568.79,2515.89,30315796.0,sse50,上证50,2450.7245,2426.1220000000003,2407.436666666667,2435.098916666667,2493.3202499999998
2019-02-18,2540.53,2582.85,2583.4,2540.3,37400592.0,sse50,上证50,2463.31,2436.8632000000002,2409.4984999999997,2436.55,2492.9976
2019-02-19,2586.86,2579.05,2614.36,2568.18,37907379.0,sse50,上证50,2473.344,2447.8184,2411.458666666667,2437.9990833333336,2492.56825
2019-02-20,2593.79,2588.17,2599.55,2569.98,29965181.0,sse50,上证50,2483.6915,2458.0364,2413.0601666666666,2439.7824166666664,2491.89485
2019-02-21,2586.74,2577.23,2615.47,2569.48,35252855.0,sse50,上证50,2493.9855,2467.8516,2415.2341666666666,2441.1832500000005,2491.2661000000003
2019-02-22,2576.0,2623.07,2623.09,2555.73,41384151.0,sse50,上证50,2504.2709999999997,2478.5944,2418.0975000000003,2442.6056666666673,2491.05135
2019-02-25,2652.91,2787.7,2788.67,2652.91,96939051.0,sse50,上证50,2522.0315,2496.8568,2423.9318333333335,2445.418583333333,2491.72215
2019-02-26,2781.31,2733.9,2804.16,2729.48,87230161.0,sse50,上证50,2538.665,2511.078,2429.510166666667,2447.6921666666667,2492.1279999999997
2019-02-27,2739.11,2750.34,2794.93,2722.31,75508865.0,sse50,上证50,2556.3295000000003,2525.8428,2435.3175,2450.0116666666663,2492.5598
2019-02-28,2749.87,2743.97,2767.86,2733.03,46340959.0,sse50,上证50,2572.95,2540.7476,2441.1455,2451.8585833333336,2493.0478999999996
2019-03-01,2764.95,2819.47,2819.47,2747.21,56100147.0,sse50,上证50,2591.8414999999995,2556.8320000000003,2447.7845,2454.4279166666665,2493.726
2019-03-04,2839.4,2832.59,2907.82,2816.98,92180167.0,sse50,上证50,2611.6195,2572.836,2454.9635,2457.1705,2494.27455
2019-03-05,2829.5,2828.87,2835.11,2807.12,60349235.0,sse50,上证50,2630.2679999999996,2589.9416,2461.6440000000002,2460.0843333333332,2494.8327
2019-03-06,2827.86,2840.27,2847.38,2797.5,69492224.0,sse50,上证50,2650.281,2607.6704,2467.514166666667,2463.1325833333335,2495.38705
2019-03-07,2831.36,2789.7,2831.36,2773.35,73263959.0,sse50,上证50,2665.5924999999997,2622.796,2472.4068333333335,2465.8310833333335,2495.71195
2019-03-08,2731.53,2685.59,2753.55,2684.2,72033928.0,sse50,上证50,2674.8900000000003,2632.554,2475.8035,2467.3740000000003,2495.3722
2019-03-11,2683.76,2708.6,2714.09,2670.79,52014052.0,sse50,上证50,2683.9465,2643.4168,2480.3720000000003,2469.6020833333328,2495.16105
2019-03-12,2730.53,2719.77,2759.61,2704.69,64867544.0,sse50,上证50,2693.276,2653.9716,2485.1895,2472.13325,2495.176
2019-03-13,2731.5,2723.96,2747.96,2699.98,54064571.0,sse50,上证50,2700.4435,2665.3295999999996,2490.4453333333336,2474.518916666667,2495.2914
2019-03-14,2720.19,2729.13,2752.66,2716.27,43471813.0,sse50,上证50,2708.0845,2675.156,2495.6711666666665,2477.14975,2495.2344
2019-03-15,2736.0,2755.81,2783.51,2735.86,44123096.0,sse50,上证50,2720.002,2685.4028,2501.2126666666663,2480.1250833333334,2495.28445
2019-03-18,2763.23,2825.18,2827.26,2749.2,61605235.0,sse50,上证50,2732.1185,2697.3112,2507.3340000000003,2483.8233333333333,2495.7703500000002
2019-03-19,2830.24,2806.9,2842.45,2797.72,43459056.0,sse50,上证50,2743.511,2708.26,2513.726,2487.086583333333,2496.3864000000003
2019-03-20,2799.33,2812.92,2831.63,2787.28,40322247.0,sse50,上证50,2754.7485,2717.5524,2520.1756666666665,2490.31575,2497.1226
2019-03-21,2816.45,2802.96,2822.63,2799.83,43631385.0,sse50,上证50,2766.035,2726.6184,2526.927166666667,2493.6747499999997,2497.83095
2019-03-22,2804.72,2795.39,2813.52,2771.96,35988070.0,sse50,上证50,2774.651,2737.7356,2534.0245,2496.479916666666,2498.4419
2019-03-25,2757.81,2718.18,2765.84,2717.29,52140915.0,sse50,上证50,2771.175,2743.1488,2540.4121666666665,2498.40575,2498.7158
2019-03-26,2737.37,2706.15,2739.29,2693.91,40073955.0,sse50,上证50,2769.7875,2748.2327999999998,2547.0788333333335,2500.2284999999997,2499.2170499999997
2019-03-27,2721.14,2741.59,2751.72,2714.1,33542018.0,sse50,上证50,2769.35,2754.3696,2554.284833333333,2501.6284166666665,2499.63355
2019-03-28,2728.04,2733.97,2742.7,2709.39,31840303.0,sse50,上证50,2768.8499999999995,2760.6391999999996,2561.562166666667,2503.179916666667,2500.06745
2019-03-29,2747.54,2838.51,2845.23,2746.11,59676669.0,sse50,上证50,2769.802,2769.2568,2570.8446666666664,2505.3110833333335,2500.7871
2019-04-01,2860.14,2892.62,2906.15,2860.14,77912146.0,sse50,上证50,2772.8035,2773.4536,2581.1206666666667,2507.954166666667,2501.7151
2019-04-02,2900.63,2888.53,2903.87,2878.39,61187461.0,sse50,上证50,2775.7865,2779.6388,2591.0444999999995,2510.303,2502.69685
2019-04-03,2869.85,2920.0,2923.92,2865.3,64723749.0,sse50,上证50,2779.773,2786.4251999999997,2601.998,2513.9128333333333,2503.82065
2019-04-04,2927.1,2951.98,2959.59,2921.2,73035716.0,sse50,上证50,2787.887,2794.7456000000006,2613.377,2517.7488333333336,2505.32015
2019-04-08,2978.5,2962.27,3007.83,2938.65,74531909.0,sse50,上证50,2801.721,2800.4576,2624.1706666666664,2521.650583333333,2506.82945
2019-04-09,2968.08,2967.51,2980.12,2948.31,50802142.0,sse50,上证50,2814.6665000000003,2805.8544,2635.0571666666665,2526.459,2508.2284999999997
2019-04-10,2957.27,2979.1,2996.41,2941.35,48692438.0,sse50,上证50,2827.6330000000003,2811.8635999999997,2646.289333333333,2530.9170833333337,2509.76585
2019-04-11,2982.39,2928.43,3000.1,2920.19,42811144.0,sse50,上证50,2837.8565,2815.39,2656.2178333333336,2535.2166666666667,2511.0515
2019-04-12,2920.55,2920.52,2933.45,2903.27,32521633.0,sse50,上证50,2847.426,2820.6227999999996,2666.0290000000005,2539.42525,2512.3142000000003
2019-04-15,2973.02,2924.93,2999.33,2924.6,58437528.0,sse50,上证50,2855.882,2830.1964000000003,2675.5361666666668,2543.55625,2513.93995
2019-04-16,2914.99,3023.03,3023.03,2909.67,70764163.0,sse50,上证50,2865.7745,2842.7736,2687.067666666667,2549.005916666667,2516.06345
2019-04-17,3017.39,3017.42,3035.41,2996.76,49960675.0,sse50,上证50,2876.3005000000003,2854.6796000000004,2697.7185,2553.765083333333,2518.2553
2019-04-18,3014.91,3004.92,3019.54,2993.27,39670684.0,sse50,上证50,2885.9005,2865.9179999999997,2708.1135,2557.6381666666666,2520.36135
2019-04-19,3013.67,3042.43,3043.93,2989.55,39943672.0,sse50,上证50,2897.8740000000003,2878.45,2719.2981666666665,2562.451666666667,2522.8912
2019-04-22,3047.43,2970.49,3048.82,2962.36,56759697.0,sse50,上证50,2906.629,2887.0371999999998,2728.5170000000003,2566.56,2525.21005
2019-04-23,2968.0,2978.85,3007.35,2964.98,41065456.0,sse50,上证50,2919.6625,2893.184,2737.623,2570.674583333333,2527.8411
2019-04-24,2989.96,2974.85,3001.53,2933.53,35425729.0,sse50,上证50,2933.0975,2899.9019999999996,2747.1833333333334,2574.89075,2530.58945
2019-04-25,2962.74,2928.0,2973.22,2924.02,38934483.0,sse50,上证50,2942.418,2904.5052,2756.0325,2579.3775833333334,2532.8298999999997
2019-04-26,2913.77,2892.86,2930.21,2892.53,36562197.0,sse50,上证50,2950.3625,2908.1012,2764.054166666667,2583.3543333333337,2535.3623
2019-04-29,2906.47,2939.41,2968.16,2899.83,39249355.0,sse50,上证50,2955.4075000000003,2913.862,2772.3503333333333,2587.4234166666665,2538.11445
2019-04-30,2935.24,2945.24,2955.88,2919.49,32127983.0,sse50,上证50,2958.0384999999997,2922.9444,2780.8205000000003,2591.4657500000003,2540.9985
2019-05-06,2853.88,2805.04,2867.6,2768.8,62436063.0,sse50,上证50,2953.864,2926.9,2786.6395,2593.6513333333337,2543.1519
2019-05-07,2814.47,2806.26,2833.2,2777.73,35418177.0,sse50,上证50,2948.177,2929.4868,2792.7436666666667,2596.1069166666666,2545.1701000000003
2019-05-08,2753.61,2758.24,2796.47,2750.93,30398772.0,sse50,上证50,2938.49,2930.4576,2797.323166666667,2598.2615833333334,2546.6048499999997
2019-05-09,2740.35,2698.78,2748.01,2686.47,30758681.0,sse50,上证50,2925.3154999999997,2924.8684,2800.6421666666665,2600.065333333333,2547.7426
2019-05-10,2731.58,2793.76,2798.87,2698.81,39453278.0,sse50,上证50,2916.6279999999997,2920.914,2805.080333333333,2602.6299999999997,2549.55
2019-05-13,2751.76,2741.11,2767.48,2736.84,26590971.0,sse50,上证50,2904.7285,2915.0172000000002,2808.545833333333,2605.1874999999995,2550.88245
2019-05-14,2716.73,2724.73,2754.69,2716.73,26222018.0,sse50,上证50,2894.5434999999998,2907.2064,2810.947833333333,2607.5188333333335,2552.1218
2019-05-15,2743.78,2783.54,2797.15,2743.78,30718920.0,sse50,上证50,2887.6945,2900.4687999999996,2814.4016666666666,2610.19025,2553.7956999999997
2019-05-16,2777.85,2791.41,2793.76,2766.15,28946302.0,sse50,上证50,2881.0185,2893.6344,2818.9674999999997,2613.202083333333,2555.60055
2019-05-17,2792.08,2735.21,2792.51,2728.93,30072063.0,sse50,上证50,2866.6275,2884.3424,2821.5068333333334,2615.5026666666668,2557.1728
2019-05-20,2726.07,2715.43,2746.66,2697.61,31202646.0,sse50,上证50,2851.528,2873.7956,2823.779833333333,2617.61925,2558.61915
2019-05-21,2717.87,2739.79,2764.48,2712.04,26969051.0,sse50,上证50,2838.2715,2866.25,2826.3068333333335,2619.6835,2559.8493
2019-05-22,2739.11,2725.73,2745.86,2714.65,23168729.0,sse50,上证50,2822.4365,2858.4584000000004,2828.7818333333335,2622.0080000000003,2560.8439
2019-05-23,2710.57,2685.93,2713.94,2679.54,27810156.0,sse50,上证50,2808.2084999999997,2848.8983999999996,2829.8295,2623.9635,2561.45565
2019-05-24,2693.88,2702.03,2722.34,2692.53,21237076.0,sse50,上证50,2794.3675000000003,2836.0584,2828.4016666666666,2626.16675,2562.1473499999997
2019-05-27,2696.26,2722.33,2731.3,2667.38,27243848.0,sse50,上证50,2781.7414999999996,2824.2547999999997,2828.208833333333,2628.8594999999996,2563.10405
2019-05-28,2719.06,2748.8,2759.78,2716.31,34670056.0,sse50,上证50,2772.7815,2814.01,2828.1831666666667,2631.750333333334,2564.2226
2019-05-29,2728.44,2755.81,2780.31,2724.85,24940857.0,sse50,上证50,2765.929,2802.5451999999996,2828.3804999999998,2634.763,2565.2951000000003
2019-05-30,2748.43,2742.96,2752.69,2721.88,24398405.0,sse50,上证50,2756.1065,2793.4440000000004,2827.105333333333,2637.4449166666664,2566.2843000000003
2019-05-31,2740.3,2728.95,2762.39,2728.95,22188152.0,sse50,上证50,2745.2920000000004,2783.448,2825.3779999999997,2640.1707499999998,2567.4778
2019-06-03,2737.81,2743.06,2762.08,2723.93,27092220.0,sse50,上证50,2742.193,2774.1764000000003,2823.947833333333,2642.795916666667,2568.99155
2019-06-04,2744.7,2721.31,2746.51,2713.8,22275832.0,sse50,上证50,2737.9455,2765.9088,2821.965166666667,2644.739666666667,2570.5306
2019-06-05,2741.94,2719.6,2747.23,2717.93,25766253.0,sse50,上证50,2736.0135,2758.9784000000004,2820.7968333333333,2646.6018333333336,2572.0959
2019-06-06,2727.7,2706.76,2727.7,2701.92,21390312.0,sse50,上证50,2736.4125,2749.6724,2821.1496666666667,2648.4765833333336,2573.2308000000003
2019-06-10,2717.91,2743.37,2752.88,2712.16,27088081.0,sse50,上证50,2733.893,2741.5976,2821.7291666666665,2651.0505833333327,2574.71265
2019-06-11,2750.54,2812.9,2816.99,2750.54,40850315.0,sse50,上证50,2737.4825,2741.9120000000003,2823.2813333333334,2654.235416666667,2576.25405
2019-06-12,2802.53,2796.73,2805.01,2790.18,26445230.0,sse50,上证50,2741.0824999999995,2741.5307999999995,2824.494166666667,2657.4697499999997,2577.72165
2019-06-13,2798.02,2794.54,2804.76,2771.86,23452887.0,sse50,上证50,2741.6325,2742.9828,2825.5843333333332,2660.62775,2579.3017999999997
2019-06-14,2798.4,2785.61,2816.18,2781.72,26124830.0,sse50,上证50,2741.3424999999997,2746.456,2826.081,2663.6468333333332,2580.8838499999997
2019-06-17,2785.47,2793.7,2813.45,2785.47,20477851.0,sse50,上证50,2744.267,2746.4536,2825.556333333333,2666.4451666666664,2582.80875
2019-06-18,2800.83,2806.45,2809.87,2785.38,21676404.0,sse50,上证50,2748.818,2749.0671999999995,2825.5488333333333,2669.637416666667,2584.8152
2019-06-19,2872.07,2842.74,2879.23,2842.42,41160110.0,sse50,上证50,2753.9655,2753.7876,2826.045833333333,2673.1107500000003,2587.15805
2019-06-20,2847.32,2942.63,2954.03,2846.44,57360369.0,sse50,上证50,2764.8105,2760.1512,2828.3736666666664,2677.6504166666664,2589.82555
2019-06-21,2939.65,2938.77,2958.23,2929.9,46560205.0,sse50,上证50,2777.4525000000003,2766.0456,2830.7633333333333,2682.3939166666664,2592.2575
2019-06-24,2942.51,2949.52,2958.02,2931.67,29016018.0,sse50,上证50,2789.827,2774.618,2834.619,2687.5155833333333,2594.75435
2019-06-25,2946.02,2910.12,2946.71,2875.37,38165595.0,sse50,上证50,2799.2165,2782.4056,2838.0184999999997,2692.5486666666666,2596.9996
2019-06-26,2896.76,2903.49,2915.24,2891.0,24024660.0,sse50,上证50,2806.951,2788.9536,2840.716833333333,2697.500833333333,2599.1570500000003
2019-06-27,2917.2,2937.13,2952.91,2914.96,33472487.0,sse50,上证50,2816.0170000000003,2797.4096000000004,2844.102833333333,2702.8324999999995,2601.2309999999998
2019-06-28,2932.69,2930.6,2937.29,2911.67,23708671.0,sse50,上证50,2825.3990000000003,2807.1964000000003,2845.637666666667,2708.2411666666667,2603.32825
2019-07-01,2984.65,3002.94,3011.91,2978.75,42622714.0,sse50,上证50,2839.0984999999996,2819.2328,2847.4763333333335,2714.2985,2605.82555
2019-07-02,3000.78,2999.08,3003.88,2988.47,34629488.0,sse50,上证50,2851.8995,2830.3028000000004,2849.318833333333,2720.1816666666664,2608.4249
2019-07-03,2990.05,2964.73,2990.05,2953.7,33918965.0,sse50,上证50,2864.0705000000003,2838.94,2850.0643333333337,2726.031166666667,2610.87615
2019-07-04,2966.33,2953.27,2974.8,2939.97,32928834.0,sse50,上证50,2875.754,2846.8384,2850.085833333333,2731.7314166666665,2613.3131
2019-07-05,2952.71,2961.92,2967.98,2937.6,23845345.0,sse50,上证50,2888.5119999999997,2855.5968,2850.0800000000004,2737.125333333334,2615.6205
2019-07-08,2944.97,2897.51,2944.97,2877.74,33732588.0,sse50,上证50,2896.219,2862.3392,2848.9133333333334,2741.9852499999997,2617.9019
2019-07-09,2894.33,2881.55,2902.14,2872.03,21374700.0,sse50,上证50,2899.6515,2867.8788,2847.2875,2746.788416666667,2620.2295
2019-07-10,2896.7,2878.78,2897.58,2870.67,18911521.0,sse50,上证50,2903.754,2874.1776,2846.46,2751.3389166666666,2622.435
2019-07-11,2897.47,2887.83,2918.94,2879.64,21157266.0,sse50,上证50,2908.4185,2880.9067999999997,2845.915166666666,2755.9720833333336,2624.8070000000002
2019-07-12,2883.09,2902.13,2912.9,2878.2,21454210.0,sse50,上证50,2914.2445,2888.7216000000003,2845.5351666666666,2760.535666666667,2627.3238
2019-07-15,2885.98,2902.61,2920.16,2850.1,28196106.0,sse50,上证50,2919.69,2895.0912,2843.5281666666665,2765.297916666667,2629.9299
2019-07-16,2900.05,2884.56,2905.11,2881.4,17411517.0,sse50,上证50,2923.5955,2897.9576,2841.3138333333336,2769.516166666667,2632.2761499999997
2019-07-17,2877.49,2875.03,2892.34,2866.47,18099830.0,sse50,上证50,2925.21,2901.0896000000002,2839.149,2773.63125,2634.5242
2019-07-18,2869.73,2859.16,2872.24,2859.07,19542086.0,sse50,上证50,2921.0365,2903.6744,2836.0945,2777.6963333333333,2636.8206
2019-07-19,2875.96,2895.63,2906.55,2875.9,22451089.0,sse50,上证50,2918.8795,2908.0751999999998,2834.8468333333335,2781.681916666667,2639.0049
2019-07-22,2897.79,2881.9,2905.35,2872.53,23603184.0,sse50,上证50,2915.4985,2911.6032,2833.231,2785.4270000000006,2640.9790000000003
2019-07-23,2885.7,2881.1,2889.39,2871.51,20448748.0,sse50,上证50,2914.0474999999997,2914.5892,2831.6685,2789.4259166666666,2642.9474
2019-07-24,2894.94,2906.55,2923.4,2894.59,26019871.0,sse50,上证50,2914.2005,2917.1416,2831.311,2793.67175,2644.6121500000004
2019-07-25,2911.01,2931.18,2931.18,2903.31,22933113.0,sse50,上证50,2913.903,2916.6836000000003,2831.9496666666664,2798.0019166666666,2646.5290999999997
2019-07-26,2918.11,2939.35,2943.07,2918.01,23521864.0,sse50,上证50,2914.3405,2916.7068,2831.9486666666667,2802.1495,2648.3119999999994
2019-07-29,2936.64,2930.49,2938.73,2922.68,22372005.0,sse50,上证50,2910.718,2915.9456,2831.7028333333333,2806.2616666666668,2650.0872000000004
2019-07-30,2939.14,2944.02,2958.3,2938.9,22696980.0,sse50,上证50,2907.965,2917.3016000000002,2834.0191666666665,2810.329333333333,2651.77395
2019-07-31,2931.85,2912.66,2932.65,2906.71,23888034.0,sse50,上证50,2905.3615,2917.6683999999996,2835.7925000000005,2814.2680833333334,2653.90315
2019-08-01,2901.15,2887.87,2909.47,2880.3,24271683.0,sse50,上证50,2902.0915,2915.698,2837.953,2817.6380833333333,2655.8842
2019-08-02,2837.37,2843.77,2852.12,2831.66,29943968.0,sse50,上证50,2896.184,2912.2248,2840.3695,2820.5058333333336,2657.63275
2019-08-05,2823.35,2786.72,2828.48,2785.9,28350976.0,sse50,上证50,2890.6445,2903.5759999999996,2840.2521666666667,2822.66625,2659.61385
2019-08-06,2736.68,2760.68,2771.79,2718.21,36941691.0,sse50,上证50,2884.6009999999997,2894.04,2840.578333333333,2824.5620833333332,2661.1966
2019-08-07,2771.24,2747.25,2773.94,2747.25,24588464.0,sse50,上证50,2878.0245,2885.3408,2840.953666666667,2825.9507499999995,2662.87045
2019-08-08,2771.45,2786.87,2790.14,2768.71,29406960.0,sse50,上证50,2872.9764999999998,2878.6848,2841.0091666666663,2827.705416666666,2664.7273499999997
2019-08-09,2800.44,2772.15,2802.81,2767.14,25380966.0,sse50,上证50,2866.4775,2871.094,2840.688166666667,2829.8278333333337,2666.44205
2019-08-12,2787.44,2824.8,2825.09,2782.77,22136997.0,sse50,上证50,2862.587,2868.1856,2842.1813333333334,2831.844083333333,2668.7207
2019-08-13,2807.96,2792.91,2812.49,2787.12,21464034.0,sse50,上证50,2858.0045,2864.64,2843.472666666667,2833.6262500000003,2670.45365
2019-08-14,2827.04,2804.36,2831.34,2803.86,26108221.0,sse50,上证50,2854.471,2861.6632,2844.5488333333333,2835.4278333333336,2671.7747
2019-08-15,2758.74,2814.39,2815.15,2756.38,25284675.0,sse50,上证50,2852.2325,2858.7255999999998,2846.0265,2837.4041666666667,2673.5226000000002
2019-08-16,2817.27,2824.23,2846.26,2805.81,24147328.0,sse50,上证50,2848.6625,2855.6096,2848.3315000000002,2839.0805000000005,2675.2563
2019-08-19,2839.25,2877.23,2877.47,2823.87,41911167.0,sse50,上证50,2848.429,2854.5944,2851.2515,2839.8265833333335,2677.21695
2019-08-20,2869.16,2875.65,2883.55,2864.71,29817583.0,sse50,上证50,2848.1565,2854.238,2853.806833333333,2841.0078333333336,2679.25065
2019-08-21,2868.63,2869.22,2875.01,2864.81,21637444.0,sse50,上证50,2846.29,2854.0056,2855.813833333333,2841.9985,2681.64885
2019-08-22,2878.73,2878.0,2881.06,2862.44,20493057.0,sse50,上证50,2843.631,2854.7592,2857.8503333333333,2843.1154166666665,2683.9606
2019-08-23,2880.57,2917.38,2923.93,2876.02,24138057.0,sse50,上证50,2842.5325000000003,2855.6292000000003,2860.7573333333335,2843.9313333333334,2686.2919
2019-08-26,2869.46,2863.48,2882.45,2854.51,26436578.0,sse50,上证50,2839.182,2854.8923999999997,2862.9995,2844.1887500000003,2688.3084999999996
2019-08-27,2883.42,2887.24,2915.84,2881.0,35741368.0,sse50,上证50,2836.343,2855.1380000000004,2865.4024999999997,2844.675166666667,2690.0308499999996
2019-08-28,2883.35,2867.03,2887.85,2860.71,23610765.0,sse50,上证50,2834.0615000000003,2853.5572,2867.8311666666664,2844.8981666666664,2691.80805
2019-08-29,2867.77,2855.45,2871.63,2843.28,22386670.0,sse50,上证50,2832.4404999999997,2850.528,2870.095333333333,2845.4460833333333,2693.5869000000002
2019-08-30,2878.21,2872.4,2886.35,2856.03,25922975.0,sse50,上证50,2833.8720000000003,2847.85,2872.8559999999998,2847.0028333333335,2695.53725
2019-09-02,2871.29,2894.96,2902.41,2866.75,29753214.0,sse50,上证50,2839.284,2846.4288,2875.3824999999997,2848.5558333333333,2697.58205
2019-09-03,2897.29,2892.18,2900.76,2878.1,25904982.0,sse50,上证50,2845.859,2844.3551999999995,2876.7038333333335,2849.992583333333,2699.8719
2019-09-04,2888.97,2919.68,2919.68,2887.59,37647144.0,sse50,上证50,2854.4805,2844.6360000000004,2878.7529999999997,2851.6235833333335,2702.24545
2019-09-05,2938.14,2955.84,2988.21,2938.14,52852272.0,sse50,上证50,2862.929,2847.3547999999996,2881.4413333333337,2853.512833333333,2704.7097999999996
2019-09-06,2974.8,2981.07,2981.24,2955.82,31465367.0,sse50,上证50,2873.375,2852.8468000000007,2884.699,2855.39,2707.4652
2019-09-09,3004.8,2981.59,3008.67,2974.23,38695798.0,sse50,上证50,2881.2145,2860.6416000000004,2887.8305000000005,2856.693416666667,2710.0774499999998
2019-09-10,2987.51,2969.8,2988.06,2958.31,36034678.0,sse50,上证50,2890.059,2869.0064,2890.553,2858.050916666667,2712.6192499999997
2019-09-11,2978.97,2957.14,2980.66,2946.57,35199335.0,sse50,上证50,2897.698,2877.402,2892.459666666667,2859.2527499999997,2714.9445499999997
2019-09-12,2970.01,2999.56,3001.23,2963.45,31824410.0,sse50,上证50,2906.9565,2885.9096000000004,2893.4085,2860.891083333334,2717.7084000000004
2019-09-16,3003.65,2982.45,3004.88,2972.58,32533939.0,sse50,上证50,2914.8675000000003,2894.3215999999998,2894.1365,2862.4499166666665,2720.3642999999997
2019-09-17,2974.01,2937.01,2974.01,2929.31,30722495.0,sse50,上证50,2917.8565,2898.81,2893.928,2864.2735000000002,2722.8611499999997
2019-09-18,2947.97,2954.36,2967.86,2947.68,23353923.0,sse50,上证50,2921.792,2905.268,2894.6653333333334,2866.3419166666663,2725.63695
2019-09-19,2965.03,2956.83,2965.11,2941.66,20942809.0,sse50,上证50,2926.1724999999997,2911.3668,2895.5543333333335,2868.1355833333337,2728.4116000000004
2019-09-20,2964.92,2963.43,2970.72,2956.92,30230028.0,sse50,上证50,2930.444,2917.3284000000003,2895.9926666666665,2870.0477499999997,2731.2572999999998
2019-09-23,2955.26,2930.91,2955.26,2916.43,23782646.0,sse50,上证50,2931.1205,2921.5956,2895.9978333333333,2870.81775,2733.8062
2019-09-24,2936.95,2940.08,2956.29,2929.6,22732296.0,sse50,上证50,2934.9505,2924.1096,2894.950166666667,2871.21325,2736.4973499999996
2019-09-25,2930.14,2928.84,2942.0,2923.15,22526512.0,sse50,上证50,2937.0305,2926.2372000000005,2893.7795,2871.5491666666667,2739.00135
2019-09-26,2939.68,2927.88,2952.87,2926.54,31466918.0,sse50,上证50,2940.073,2928.5836,2893.165333333333,2871.6148333333335,2741.2004500000003
2019-09-27,2929.32,2929.47,2934.33,2916.07,23014561.0,sse50,上证50,2943.7740000000003,2930.6423999999997,2892.7686666666664,2871.4272499999997,2743.3671000000004
2019-09-30,2917.07,2897.7,2933.51,2897.68,19233021.0,sse50,上证50,2945.0389999999998,2929.8551999999995,2891.6983333333333,2870.889166666667,2745.44665
2019-10-08,2898.53,2922.35,2938.87,2898.53,24961388.0,sse50,上证50,2946.4085,2932.21,2892.112333333333,2870.5128333333337,2747.88595
2019-10-09,2908.17,2922.98,2931.64,2896.26,26136018.0,sse50,上证50,2947.9485,2933.6395999999995,2892.802833333333,2870.0451666666663,2750.3472500000003
2019-10-10,2917.82,2940.8,2944.02,2910.35,21996133.0,sse50,上证50,2949.0045,2936.5903999999996,2893.8365,2870.1482499999997,2753.0082
2019-10-11,2952.47,2983.12,2989.75,2945.01,31177123.0,sse50,上证50,2950.3684999999996,2941.6971999999996,2895.424666666667,2870.6699166666667,2755.8459
2019-10-14,3007.36,3013.53,3040.5,2997.66,42543315.0,sse50,上证50,2951.9914999999996,2947.3424,2897.2813333333334,2871.40825,2758.79695
2019-10-15,3018.86,3015.42,3019.29,3005.87,25446083.0,sse50,上证50,2953.683,2952.1608,2899.1615,2871.3448333333336,2761.58455
2019-10-16,3015.17,3004.72,3043.45,2999.38,26256367.0,sse50,上证50,2955.4289999999996,2956.6623999999997,2901.164166666667,2871.239,2764.49125
2019-10-17,3009.69,3011.75,3018.65,2997.84,18936107.0,sse50,上证50,2958.1594999999998,2960.3451999999997,2903.4428333333335,2871.2959166666665,2767.4203
2019-10-18,3020.01,2963.18,3027.61,2961.13,24631271.0,sse50,上证50,2956.3405,2960.6388,2905.1765,2870.6355,2770.24685
2019-10-21,2957.97,2968.91,2973.79,2950.3,24223543.0,sse50,上证50,2955.6635,2960.1524,2906.3978333333334,2870.6223333333332,2773.24365
2019-10-22,2983.84,2973.22,2983.84,2956.9,21001262.0,sse50,上证50,2957.474,2959.8176000000003,2907.9198333333334,2870.5754166666666,2776.4351499999993
2019-10-23,2969.98,2954.31,2977.68,2945.84,22633012.0,sse50,上证50,2957.4715,2959.198,2909.14,2870.40425,2779.6759500000003
2019-10-24,2963.34,2959.03,2976.37,2945.68,24482739.0,sse50,上证50,2957.5815,2959.2736,2910.014666666667,2870.6628333333333,2782.92495
2019-10-25,2955.51,2967.05,2970.54,2935.06,24522583.0,sse50,上证50,2957.7625,2957.9732,2910.6125,2871.2810833333333,2786.27355
2019-10-28,2967.63,2981.36,2984.94,2962.4,28490213.0,sse50,上证50,2960.2850000000003,2957.9296000000004,2911.3126666666667,2871.6306666666665,2789.77255
2019-10-29,2982.45,2968.28,2984.35,2968.21,21802993.0,sse50,上证50,2961.695,2959.1804,2911.9425,2871.8226666666665,2793.23365
2019-10-30,2966.76,2952.12,2971.9,2946.97,21820115.0,sse50,上证50,2962.859,2959.0908,2912.0775,2873.048333333333,2796.52875
2019-10-31,2964.91,2954.73,2966.59,2948.33,26277647.0,sse50,上证50,2964.2015,2959.0068,2912.7786666666666,2874.285583333333,2799.98845
2019-11-01,2953.74,3002.65,3005.18,2947.6,28879939.0,sse50,上证50,2967.8605,2960.5756,2914.6916666666666,2876.322333333333,2803.6555
2019-11-04,3012.94,3022.27,3025.64,3011.2,30906972.0,sse50,上证50,2974.089,2964.23,2917.6666666666665,2879.018083333334,2807.1936
2019-11-05,3024.87,3039.98,3065.93,3015.8,38359862.0,sse50,上证50,2979.9705000000004,2968.2260000000006,2921.887666666667,2881.069916666667,2810.8219
2019-11-06,3041.42,3032.79,3045.46,3024.75,29174816.0,sse50,上证50,2985.4610000000002,2972.3839999999996,2926.422833333333,2883.5005833333335,2814.46
2019-11-07,3034.16,3033.3,3044.72,3021.69,23317946.0,sse50,上证50,2990.086,2976.6008,2931.1903333333335,2886.072,2817.9629
2019-11-08,3052.69,3012.46,3055.6,3011.37,28297012.0,sse50,上证50,2991.5530000000003,2979.9204000000004,2934.950166666667,2887.9796666666666,2821.3659500000003
2019-11-11,2995.14,2965.71,2995.14,2962.68,28511827.0,sse50,上证50,2989.1620000000003,2982.6408,2938.176166666666,2889.4321666666665,2824.422
2019-11-12,2973.0,2971.36,2978.17,2954.78,20527695.0,sse50,上证50,2986.959,2984.6012,2940.6188333333334,2891.4000833333334,2827.6231
2019-11-13,2967.62,2967.67,2976.26,2955.1,22621812.0,sse50,上证50,2985.1065000000003,2986.3888,2943.5314999999996,2893.5020833333333,2830.5696000000003
2019-11-14,2975.48,2968.57,2980.7,2964.92,22123548.0,sse50,上证50,2982.9475,2987.4996,2946.2683333333334,2895.408583333333,2833.50635
2019-11-15,2972.48,2954.7,2976.37,2953.76,22029561.0,sse50,上证50,2982.5235000000002,2986.3628000000003,2948.6068333333333,2897.3166666666666,2836.4231
2019-11-18,2954.78,2980.95,2985.97,2949.47,23876300.0,sse50,上证50,2983.1255,2985.0596,2951.218833333333,2899.775166666667,2839.2410499999996
2019-11-19,2973.57,3000.75,3000.75,2973.57,24265871.0,sse50,上证50,2984.502,2984.4727999999996,2953.2774999999997,2902.2644999999998,2842.0823499999997
2019-11-20,2991.42,2968.12,2996.51,2962.71,22511696.0,sse50,上证50,2985.1925,2983.0088,2954.818666666667,2904.31275,2844.9168
2019-11-21,2957.07,2949.34,2957.35,2940.15,21914452.0,sse50,上证50,2984.708,2980.5124000000005,2956.1540000000005,2905.983916666666,2847.6782499999995
2019-11-22,2952.77,2922.27,2967.78,2913.18,26802021.0,sse50,上证50,2982.469,2978.8759999999997,2956.8918333333336,2907.371083333333,2850.2318
2019-11-25,2926.15,2951.25,2951.79,2925.4,33302211.0,sse50,上证50,2980.9635,2978.1695999999997,2957.4563333333335,2909.1068333333333,2852.77985
2019-11-26,2962.37,2946.57,2965.39,2943.55,30225430.0,sse50,上证50,2979.8779999999997,2977.1036,2958.8411666666666,2910.9203333333335,2855.32755
2019-11-27,2948.34,2944.32,2953.39,2933.28,20359377.0,sse50,上证50,2979.488,2976.7039999999997,2959.7925000000005,2912.5975000000003,2857.7696499999997
2019-11-28,2945.34,2930.48,2952.26,2922.55,17773346.0,sse50,上证50,2978.2755,2975.562,2960.85,2914.340583333333,2860.222
2019-11-29,2923.45,2894.72,2927.25,2879.93,20790150.0,sse50,上证50,2972.879,2972.6688,2961.5045,2915.7999166666664,2862.2782499999994
2019-12-02,2896.51,2899.44,2913.74,2893.42,21334638.0,sse50,上证50,2966.7375,2969.3919999999994,2961.9551666666666,2917.4055833333337,2864.2772499999996
2019-12-03,2892.42,2909.62,2909.95,2876.52,19088333.0,sse50,上证50,2960.2195,2967.0456,2962.1995,2918.791,2866.188
2019-12-04,2902.13,2901.07,2903.94,2887.84,19438168.0,sse50,上证50,2953.6335,2965.0036,2962.3476666666666,2919.5257500000002,2868.02745
2019-12-05,2912.94,2921.95,2927.34,2907.77,22464511.0,sse50,上证50,2948.0660000000003,2963.6924,2962.3855,2920.56925,2869.73415
2019-12-06,2928.36,2939.82,2939.82,2922.43,21383576.0,sse50,上证50,2944.434,2961.1792,2962.1184999999996,2921.7799166666664,2871.5517
2019-12-09,2944.16,2933.04,2945.27,2923.79,25034095.0,sse50,上证50,2942.8005,2957.61,2961.3179999999998,2923.0085000000004,2873.6296
2019-12-10,2925.95,2936.99,2937.78,2923.75,20246093.0,sse50,上证50,2941.082,2953.4903999999997,2960.5746666666664,2924.202583333333,2875.4003
2019-12-11,2947.54,2949.65,2953.94,2934.04,23592999.0,sse50,上证50,2940.1809999999996,2950.1648,2960.238833333334,2925.3959166666664,2877.2533000000003
2019-12-12,2954.4,2938.04,2954.4,2934.0,20689842.0,sse50,上证50,2938.6544999999996,2946.3544,2959.9204999999997,2926.1900833333334,2879.0026500000004
2019-12-13,2968.86,3006.31,3006.31,2967.85,41894582.0,sse50,上证50,2941.235,2946.1083999999996,2960.033,2926.72075,2881.14805
2019-12-16,2999.5,2999.2,2999.53,2983.19,33429792.0,sse50,上证50,2942.1475,2947.448,2960.312166666667,2927.2243333333336,2883.0287
2019-12-17,3000.78,3033.14,3053.83,2991.08,47347335.0,sse50,上证50,2943.767,2949.9192,2961.9143333333336,2927.9211666666665,2884.2558999999997
2019-12-18,3031.89,3025.78,3041.83,3020.95,32492619.0,sse50,上证50,2946.65,2952.2436,2963.1046666666666,2928.885,2885.7153
2019-12-19,3027.67,3017.71,3029.7,3009.87,26929092.0,sse50,上证50,2950.0685,2954.2092,2964.1193333333335,2929.8368333333337,2887.0521499999995
2019-12-20,3022.12,3012.63,3033.56,3009.38,25092228.0,sse50,上证50,2954.5865000000003,2956.5264,2964.9393333333337,2930.466,2888.39545
2019-12-23,3015.29,2984.24,3028.56,2982.02,27450023.0,sse50,上证50,2956.236,2956.658,2965.8281666666667,2930.913,2889.2192999999997
2019-12-24,2985.62,2996.76,2999.08,2982.42,22275453.0,sse50,上证50,2958.7455,2956.4984000000004,2966.7728333333334,2930.8614999999995,2890.0401499999994
2019-12-25,2993.36,2986.0,2993.56,2976.91,21384876.0,sse50,上证50,2960.8295000000003,2957.2136000000005,2967.7255,2930.7525,2890.8257999999996
2019-12-26,2986.31,3011.64,3011.64,2985.53,23055824.0,sse50,上证50,2964.8875,2959.7056,2969.1215,2931.1434166666663,2891.68265
2019-12-27,3012.03,3017.78,3047.61,3012.03,34420274.0,sse50,上证50,2971.0405,2963.5260000000003,2970.5933333333332,2931.681,2892.82305
2019-12-30,3016.2,3062.75,3065.25,3007.96,43666647.0,sse50,上证50,2979.206,2967.9860000000003,2973.3441666666668,2932.52125,2894.70885
2019-12-31,3057.3,3063.22,3065.38,3043.93,31074043.0,sse50,上证50,2986.886,2972.652,2975.692,2933.9021666666667,2896.48195
2020-01-02,3073.93,3090.83,3107.52,3073.93,50036392.0,sse50,上证50,2996.3740000000003,2978.5124000000005,2978.4895000000006,2935.6461666666664,2898.3372500000005
2020-01-03,3097.25,3078.28,3097.41,3072.11,37185493.0,sse50,上证50,3004.1904999999997,2984.4244,2980.7808333333332,2937.3086666666663,2900.1088499999996
2020-01-06,3062.28,3056.84,3090.84,3040.19,47707827.0,sse50,上证50,3010.0415,2990.9092,2982.0095,2938.7170833333334,2901.7474000000007
2020-01-07,3063.75,3074.02,3080.27,3061.56,34371788.0,sse50,上证50,3017.0905000000002,2997.8924000000006,2983.0176666666666,2940.1495,2903.3384499999997
2020-01-08,3058.36,3037.85,3058.7,3030.1,37653773.0,sse50,上证50,3022.1335,3003.0215999999996,2983.3914999999997,2941.2765,2904.4018
2020-01-09,3060.77,3067.55,3071.54,3055.99,33150515.0,sse50,上证50,3028.0285000000003,3009.6808,2984.4386666666664,2942.8014166666667,2905.70505
2020-01-10,3079.08,3067.88,3081.96,3058.16,28542389.0,sse50,上证50,3034.5205,3015.5180000000005,2985.3741666666665,2944.4084999999995,2906.9798499999997
2020-01-13,3069.68,3090.13,3090.13,3054.88,29330835.0,sse50,上证50,3038.7115,3021.5303999999996,2987.49,2946.33325,2908.4157
2020-01-14,3097.72,3080.6,3108.18,3078.46,35129017.0,sse50,上证50,3042.7815,3027.4328000000005,2989.3514999999998,2947.874666666667,2909.84175
2020-01-15,3078.25,3058.01,3086.97,3052.7,28116086.0,sse50,上证50,3044.025,3032.2736,2990.764666666667,2949.3422499999997,2911.5408999999995
2020-01-16,3067.95,3043.09,3068.2,3039.07,28312318.0,sse50,上证50,3044.8905000000004,3036.0112000000004,2992.2443333333335,2950.6921666666667,2913.2255999999998
2020-01-17,3054.04,3053.17,3067.56,3042.59,23304514.0,sse50,上证50,3046.6635,3040.6164000000003,2993.813333333333,2951.9139999999998,2914.7834999999995
2020-01-20,3070.67,3065.99,3072.29,3054.45,27274849.0,sse50,上证50,3049.3315,3043.0036,2995.462333333334,2953.0374166666666,2916.4436
2020-01-21,3048.95,3012.11,3050.82,3011.18,32801291.0,sse50,上证50,3050.725,3043.52,2995.974833333333,2953.64375,2917.3115999999995
2020-01-22,2996.81,3017.88,3023.9,2965.66,33159760.0,sse50,上证50,3051.781,3042.9096000000004,2996.8015,2954.3720000000003,2917.9379
2020-01-23,2993.77,2932.49,2993.77,2910.39,42839352.0,sse50,上证50,3049.1055,3039.1780000000003,2996.474333333333,2954.275916666667,2918.1576999999997
2020-02-03,2676.01,2727.09,2755.84,2676.01,58609184.0,sse50,上证50,3034.8779999999997,3027.5532000000003,2992.680333333333,2952.7295,2917.19315
2020-02-04,2724.13,2794.66,2796.71,2724.13,57016369.0,sse50,上证50,3023.722,3018.8344,2989.2138333333332,2951.95275,2916.4065499999997
2020-02-05,2803.74,2812.9,2833.21,2782.42,44182070.0,sse50,上证50,3011.2295000000004,3011.9808000000003,2985.724333333333,2951.6955,2915.6596999999997
2020-02-06,2829.51,2854.89,2866.39,2809.37,42134251.0,sse50,上证50,3000.813,3006.3059999999996,2982.6394999999998,2952.2635833333334,2915.0966
2020-02-07,2836.8,2851.71,2851.82,2819.67,34443628.0,sse50,上证50,2988.857,3000.9344,2979.6215,2953.022166666667,2914.45965
2020-02-10,2826.8,2850.06,2854.83,2817.77,33654934.0,sse50,上证50,2977.446,2994.4712,2976.5674999999997,2953.878916666667,2914.0678000000003
2020-02-11,2858.92,2879.86,2893.07,2854.07,36028244.0,sse50,上证50,2968.597,2988.9544,2974.3575,2954.6538333333333,2913.8645
2020-02-12,2876.67,2895.59,2895.93,2870.77,31230750.0,sse50,上证50,2959.6755000000003,2982.268,2973.1888333333336,2955.6825000000003,2913.7178
2020-02-13,2898.4,2875.48,2906.72,2871.26,37434764.0,sse50,上证50,2951.557,2974.7583999999997,2971.5908333333336,2956.1048333333333,2912.98005
2020-02-14,2870.71,2895.06,2900.2,2870.63,35125996.0,sse50,上证50,2942.9325,2966.9275999999995,2970.380666666667,2956.956083333333,2912.36825
2020-02-17,2901.69,2950.07,2950.28,2898.59,45296532.0,sse50,上证50,2937.042,2961.7992,2970.072333333333,2958.1703333333335,2912.094
2020-02-18,2940.65,2924.4,2944.43,2914.96,38098991.0,sse50,上证50,2928.7555,2956.5015999999996,2969.5673333333334,2959.087083333333,2911.50385
2020-02-19,2917.13,2923.76,2942.35,2914.59,40270252.0,sse50,上证50,2920.9134999999997,2950.4912,2968.6141666666667,2959.9165,2911.2701999999995
2020-02-20,2931.37,2978.18,2981.27,2920.8,50229847.0,sse50,上证50,2916.922,2948.1044,2968.2380000000003,2960.7577499999998,2911.26685
2020-02-21,2965.6,2968.14,2991.06,2959.51,46920152.0,sse50,上证50,2913.1745,2944.1279999999997,2968.2383333333332,2961.5285,2911.2333000000003
2020-02-24,2949.98,2930.03,2953.29,2922.16,48637573.0,sse50,上证50,2907.0175,2938.6139999999996,2967.9165,2962.0352500000004,2911.24345
2020-02-25,2891.98,2909.32,2912.16,2869.64,53157948.0,sse50,上证50,2899.184,2931.3816,2967.7006666666666,2962.2962500000003,2911.32575
2020-02-26,2877.46,2901.67,2930.02,2872.83,62965029.0,sse50,上证50,2893.6620000000003,2924.2244,2966.874333333333,2962.1653333333334,2911.1370500000003
2020-02-27,2904.87,2912.04,2927.2,2903.75,42152250.0,sse50,上证50,2888.37,2918.3856,2966.2988333333333,2962.5699999999997,2910.9710499999997
2020-02-28,2860.28,2821.04,2880.79,2818.43,58479965.0,sse50,上证50,2882.7974999999997,2909.5036,2964.2441666666664,2962.0183333333334,2911.05105
2020-03-02,2837.77,2907.89,2922.95,2837.77,54884776.0,sse50,上证50,2891.8375,2903.6924,2963.8676666666665,2962.358833333333,2911.5592000000006
2020-03-03,2941.68,2921.44,2948.55,2910.76,53161398.0,sse50,上证50,2898.1765,2897.9104,2964.313,2962.90875,2912.3751999999995
2020-03-04,2921.07,2947.57,2949.57,2919.37,42569549.0,sse50,上证50,2904.91,2895.3288000000002,2965.115166666667,2963.5351666666666,2913.6191500000004
2020-03-05,2966.69,3018.07,3023.12,2956.65,60497966.0,sse50,上证50,2913.069,2895.3364,2966.922666666667,2964.5610833333335,2914.7407000000003
2020-03-06,2989.76,2964.83,2999.49,2962.4,41855288.0,sse50,上证50,2918.725,2896.63,2967.985333333333,2965.1665000000003,2915.8593
2020-03-09,2908.63,2868.83,2908.63,2864.49,58864747.0,sse50,上证50,2919.6635,2902.2996000000003,2967.1,2964.7427499999994,2916.5798
2020-03-10,2859.87,2924.22,2935.09,2852.93,48050530.0,sse50,上证50,2921.8815000000004,2907.4819999999995,2966.8400000000006,2964.47925,2917.2832
2020-03-11,2927.83,2888.36,2927.83,2888.36,36442062.0,sse50,上证50,2921.5199999999995,2910.5004,2966.095333333333,2963.7066666666665,2917.76795
2020-03-12,2858.51,2841.98,2866.14,2828.29,37023632.0,sse50,上证50,2919.8450000000003,2909.9840000000004,2964.5118333333335,2962.5432499999997,2918.3017999999997
2020-03-13,2720.61,2798.77,2826.72,2715.14,49061355.0,sse50,上证50,2915.0305,2907.8663999999994,2961.9971666666665,2961.118,2918.7185
2020-03-16,2800.0,2694.02,2800.18,2689.9,46971206.0,sse50,上证50,2902.228,2901.6247999999996,2957.9301666666665,2958.9253333333336,2918.4896500000004
2020-03-17,2696.7,2685.59,2734.8,2629.18,41532694.0,sse50,上证50,2890.2875,2893.854,2952.584833333334,2956.3089166666664,2918.2889499999997
2020-03-18,2695.42,2625.75,2724.3,2625.6,37681392.0,sse50,上证50,2875.3869999999997,2883.0604,2946.360666666667,2953.3364166666665,2917.98805
2020-03-19,2611.75,2569.79,2630.05,2517.3,49523528.0,sse50,上证50,2854.9674999999997,2870.8328,2938.638166666666,2950.2762500000003,2917.32685
2020-03-20,2597.98,2628.42,2636.14,2580.36,37231436.0,sse50,上证50,2837.9815000000003,2860.1672000000003,2932.0155,2947.5600833333333,2916.8573000000006
2020-03-23,2548.85,2559.62,2586.11,2548.0,32549721.0,sse50,上证50,2819.4610000000002,2844.5492,2924.3806666666665,2944.25,2915.9114
2020-03-24,2608.24,2639.38,2641.87,2592.61,36868414.0,sse50,上证50,2805.964,2833.1484,2918.159833333333,2941.5495833333334,2915.3292500000007
2020-03-25,2700.1,2700.19,2711.12,2681.09,38491194.0,sse50,上证50,2795.89,2824.2056,2913.425666666667,2939.6269166666666,2915.1153999999997
2020-03-26,2676.62,2689.28,2716.34,2673.44,28226021.0,sse50,上证50,2784.752,2812.6496,2908.301,2937.536916666667,2914.91705
2020-03-27,2722.47,2701.44,2733.52,2701.44,35386945.0,sse50,上证50,2778.772,2801.9816000000005,2903.5583333333334,2935.641916666667,2914.7089499999997
2020-03-30,2667.12,2690.04,2696.33,2664.72,34049707.0,sse50,上证50,2767.8795,2792.382,2898.1983333333333,2933.6599166666665,2914.5526
2020-03-31,2713.5,2689.38,2716.02,2684.21,30299038.0,sse50,上证50,2756.2765,2783.5844,2892.725,2931.659166666667,2914.4015000000004
2020-04-01,2684.5,2682.08,2722.33,2680.08,27519373.0,sse50,上证50,2743.002,2774.8008,2886.3805,2929.8623333333335,2914.2781
2020-04-02,2667.94,2719.89,2719.89,2665.81,28730893.0,sse50,上证50,2728.093,2767.1148000000003,2880.6583333333333,2928.1751666666664,2914.1607
2020-04-03,2707.82,2708.82,2720.84,2697.83,24444559.0,sse50,上证50,2715.2925,2762.6259999999997,2874.2915,2926.3905,2913.6403000000005
2020-04-07,2756.27,2757.41,2762.31,2743.16,35954651.0,sse50,上证50,2709.7215,2756.6068,2868.9436666666666,2924.86225,2913.4437
2020-04-08,2742.36,2743.89,2753.49,2736.09,25401676.0,sse50,上证50,2700.7050000000004,2749.5047999999997,2863.727833333333,2922.8686666666667,2913.19045
2020-04-09,2754.72,2752.59,2760.59,2749.42,23820497.0,sse50,上证50,2693.9165000000003,2741.7056,2858.370666666667,2920.6941666666667,2913.0253500000003
2020-04-10,2755.2,2749.85,2787.28,2742.52,25444794.0,sse50,上证50,2689.31,2730.9768,2853.5706666666665,2918.481083333333,2912.8061
2020-04-13,2740.09,2739.17,2749.48,2731.03,19187662.0,sse50,上证50,2686.3300000000004,2721.9504,2848.097666666667,2916.268166666667,2912.4696999999996
2020-04-14,2756.5,2785.72,2785.8,2745.99,26722995.0,sse50,上证50,2690.915,2718.6259999999997,2843.395,2914.3845833333335,2912.1846
2020-04-15,2783.28,2764.49,2788.09,2761.44,23051495.0,sse50,上证50,2694.86,2712.2368,2837.9676666666664,2912.728833333333,2911.2939
2020-04-16,2751.69,2768.26,2771.43,2750.29,23016379.0,sse50,上证50,2701.9855000000002,2707.4328000000005,2832.762,2911.05675,2910.44135
2020-04-17,2790.83,2809.08,2825.96,2782.71,34869719.0,sse50,上证50,2713.95,2706.1168,2828.6131666666665,2909.688916666667,2909.73915
2020-04-20,2812.8,2819.79,2821.01,2799.92,27627564.0,sse50,上证50,2723.5185,2706.9576,2824.8914999999997,2908.5679166666664,2909.2875
2020-04-21,2808.91,2784.53,2808.91,2767.27,24943676.0,sse50,上证50,2734.764,2710.578,2820.414166666667,2907.11375,2908.6926999999996
2020-04-22,2774.44,2804.24,2804.24,2768.4,20694563.0,sse50,上证50,2743.007,2715.324,2816.0516666666663,2905.757,2908.0282500000003
2020-04-23,2813.73,2797.66,2820.24,2794.46,24529563.0,sse50,上证50,2747.8805,2722.2003999999997,2812.4775,2904.226166666667,2907.36355
2020-04-24,2789.05,2776.02,2789.05,2770.34,19914774.0,sse50,上证50,2752.2175,2730.4495999999995,2808.4465,2902.6240000000003,2906.22895
2020-04-27,2786.47,2805.22,2818.54,2783.17,23147140.0,sse50,上证50,2757.4065,2737.5215999999996,2806.3253333333337,2901.3998333333334,2905.2596499999995
2020-04-28,2814.23,2825.14,2832.06,2781.15,27084228.0,sse50,上证50,2764.1614999999997,2748.1423999999997,2807.9595,2900.319916666667,2904.5616999999997
2020-04-29,2814.6,2844.81,2852.1,2814.07,25430134.0,sse50,上证50,2771.933,2756.3596000000002,2808.7953333333335,2899.0045833333334,2904.0194
2020-04-30,2851.14,2861.91,2882.7,2851.14,30389053.0,sse50,上证50,2780.9245,2762.8284,2809.612166666667,2897.66825,2903.51935
2020-05-06,2823.29,2863.85,2865.11,2823.27,35459781.0,sse50,上证50,2788.1225,2769.8112,2809.7615,2896.2005,2903.35105
2020-05-07,2860.96,2854.42,2863.16,2845.66,23902000.0,sse50,上证50,2795.4025,2775.9303999999997,2809.8066666666664,2894.7140833333333,2903.2153999999996
2020-05-08,2864.86,2873.01,2883.69,2858.11,27037179.0,sse50,上证50,2801.1825,2783.2491999999997,2810.1891666666666,2893.378333333333,2903.18655
2020-05-11,2876.77,2871.85,2897.99,2864.96,25308998.0,sse50,上证50,2807.5805,2790.548,2810.0556666666666,2892.2065833333336,2903.1066499999997
2020-05-12,2871.31,2869.6,2880.5,2855.02,21330150.0,sse50,上证50,2813.431,2798.0488,2809.6225,2891.4056666666665,2902.9440000000004
2020-05-13,2860.82,2867.71,2869.7,2845.34,18325651.0,sse50,上证50,2819.324,2803.9615999999996,2809.493,2890.541916666667,2902.7695000000003
2020-05-14,2854.78,2834.53,2854.78,2833.95,19818343.0,sse50,上证50,2824.0919999999996,2808.99,2808.4841666666666,2889.432416666667,2902.51935
2020-05-15,2845.91,2819.69,2849.17,2818.37,19470580.0,sse50,上证50,2825.7905,2811.4812,2806.311166666667,2888.19175,2902.24265
2020-05-18,2821.73,2837.17,2849.85,2813.26,22626866.0,sse50,上证50,2829.4245,2815.2124,2804.8573333333334,2887.2123333333334,2902.1327
2020-05-19,2869.23,2860.67,2872.7,2854.89,22705516.0,sse50,上证50,2834.0449999999996,2819.5356,2803.8058333333333,2886.21,2901.9579
2020-05-20,2861.59,2856.14,2864.67,2847.26,19949229.0,sse50,上证50,2836.398,2823.7871999999998,2801.7718333333332,2885.0049166666663,2901.8291
2020-05-21,2866.74,2846.82,2867.91,2844.14,19071145.0,sse50,上证50,2837.7495,2828.0932000000003,2799.7498333333333,2883.994083333333,2901.6577
2020-05-22,2840.88,2775.81,2841.11,2775.31,25971302.0,sse50,上证50,2837.3135,2827.6967999999997,2797.1794999999997,2882.5480000000002,2901.0039999999995
2020-05-25,2784.43,2789.71,2789.82,2762.3,18674923.0,sse50,上证50,2836.587,2828.7056,2795.186,2881.4433333333336,2900.29665
2020-05-26,2806.25,2808.84,2811.83,2796.85,18110409.0,sse50,上证50,2837.1459999999997,2830.3288000000002,2793.6388333333334,2880.2565833333338,2899.6441000000004
2020-05-27,2810.47,2795.48,2814.56,2790.84,19759953.0,sse50,上证50,2838.1189999999997,2829.7848,2791.6961666666666,2878.9975,2898.9690499999997
2020-05-28,2797.37,2809.66,2830.46,2785.32,22943372.0,sse50,上证50,2838.341,2829.3796,2791.5065,2877.875333333333,2898.2972500000005
2020-05-29,2791.62,2806.66,2813.83,2788.87,21471026.0,sse50,上证50,2837.4170000000004,2830.2648000000004,2789.8193333333334,2876.8435000000004,2897.76725
2020-06-01,2832.22,2870.36,2873.05,2832.22,28433443.0,sse50,上证50,2838.6945,2832.9096000000004,2788.9680000000003,2876.6405,2897.6797
2020-06-02,2864.53,2885.92,2890.81,2862.68,26703943.0,sse50,上证50,2839.895,2836.44,2787.9404999999997,2876.527833333333,2897.89045
2020-06-03,2900.87,2889.11,2922.78,2889.08,27840975.0,sse50,上证50,2841.1580000000004,2840.9636000000005,2785.791166666667,2876.356916666666,2898.4024
2020-06-04,2900.96,2883.36,2902.9,2876.44,21894729.0,sse50,上证50,2842.605,2844.0892000000003,2784.4333333333334,2876.2093333333332,2899.0157999999997
2020-06-05,2886.23,2896.35,2896.35,2871.87,21269701.0,sse50,上证50,2843.772,2846.9376,2784.892,2875.996,2899.7613
2020-06-08,2907.68,2909.59,2925.2,2904.03,29300629.0,sse50,上证50,2845.659,2849.5288,2784.6481666666664,2875.7440833333335,2900.3749
2020-06-09,2911.95,2928.3,2931.54,2905.84,24400880.0,sse50,上证50,2848.594,2852.1844,2785.3138333333336,2875.704583333333,2901.15565
2020-06-10,2925.17,2908.48,2925.17,2905.21,22717666.0,sse50,上证50,2850.6325,2853.9696000000004,2786.4221666666663,2875.4669999999996,2901.57405
2020-06-11,2899.49,2876.51,2907.66,2867.2,28998543.0,sse50,上证50,2852.7315000000003,2854.8532,2787.7178333333336,2874.8575,2901.9920500000003
2020-06-12,2840.8,2884.12,2884.99,2837.55,34095944.0,sse50,上证50,2855.953,2855.2976,2790.8861666666667,2874.4081666666666,2902.3908500000002
2020-06-15,2862.49,2838.61,2875.03,2838.61,29310497.0,sse50,上证50,2856.025,2853.968,2793.4365000000003,2873.0106666666666,2902.51195
2020-06-16,2867.71,2878.99,2879.53,2861.01,24218333.0,sse50,上证50,2856.941,2854.3435999999997,2797.6571666666664,2872.0089166666667,2902.78575
2020-06-17,2879.85,2881.13,2882.1,2864.16,22244613.0,sse50,上证50,2858.1905,2854.8804000000005,2802.846166666667,2870.7421666666664,2902.8052500000003
2020-06-18,2872.17,2888.96,2892.12,2860.5,27634304.0,sse50,上证50,2860.2975,2857.0576,2807.1884999999997,2869.602,2902.8718
2020-06-19,2891.31,2925.94,2933.9,2888.92,37137361.0,sse50,上证50,2867.804,2861.3076,2813.2938333333336,2868.8372499999996,2903.1554000000006
2020-06-22,2921.3,2921.89,2947.61,2912.49,37262985.0,sse50,上证50,2874.413,2864.6964000000003,2818.002333333333,2868.0810833333335,2903.3748500000006
2020-06-23,2913.01,2925.42,2929.8,2902.12,27540128.0,sse50,上证50,2880.242,2867.2864,2821.7561666666666,2867.5909166666665,2903.41505
2020-06-24,2928.52,2943.47,2947.19,2926.84,30179573.0,sse50,上证50,2887.6415,2870.7796000000003,2825.9926666666665,2867.1468333333337,2903.815
2020-06-29,2935.54,2925.48,2942.49,2909.45,32483377.0,sse50,上证50,2893.4325,2873.926,2829.726666666667,2866.6425000000004,2904.0062000000007
2020-06-30,2933.93,2942.07,2951.12,2928.68,27015598.0,sse50,上证50,2900.203,2880.5764,2833.927166666667,2866.06275,2904.3814
2020-07-01,2950.49,3009.86,3010.36,2941.38,42668069.0,sse50,上证50,2907.178,2889.3824,2839.2685,2865.99675,2905.15345
2020-07-02,3005.36,3084.24,3088.96,3003.78,67223806.0,sse50,上证50,2917.094,2900.3983999999996,2845.9711666666667,2866.1758333333332,2906.21265
2020-07-03,3101.39,3159.16,3159.17,3101.26,78209416.0,sse50,上证50,2930.5965,2914.9456,2853.2923333333333,2866.9753333333338,2907.53365
2020-07-06,3198.74,3374.14,3384.87,3198.74,122167869.0,sse50,上证50,2955.1355,2937.5247999999997,2864.3810000000003,2869.33625,2909.94345
2020-07-07,3438.86,3381.76,3465.47,3381.76,108624139.0,sse50,上证50,2979.406,2960.5288,2874.786833333333,2871.8652500000003,2912.25385
2020-07-08,3378.11,3429.94,3466.63,3371.59,91457213.0,sse50,上证50,3005.4235,2982.9119999999994,2886.221,2874.9744166666665,2914.62435
2020-07-09,3426.6,3442.02,3451.93,3403.73,84934440.0,sse50,上证50,3031.1095,3005.156,2897.7114999999994,2878.041083333333,2916.9291
2020-07-10,3404.0,3351.78,3411.09,3338.59,79046518.0,sse50,上证50,3053.2745,3023.6627999999996,2907.743666666667,2880.6571666666664,2918.78005
2020-07-13,3338.71,3390.12,3421.94,3327.7,80024186.0,sse50,上证50,3078.955,3043.9332,2918.5928333333336,2883.34525,2920.8816500000003
2020-07-14,3374.07,3348.03,3391.9,3310.89,76786395.0,sse50,上证50,3102.1505,3062.0004000000004,2927.9646666666667,2885.6798333333336,2922.8361000000004
2020-07-15,3363.92,3313.76,3374.29,3303.15,70412031.0,sse50,上证50,3125.9080000000004,3078.1672,2937.1191666666664,2887.543416666667,2924.4071000000004
2020-07-16,3313.56,3162.03,3326.69,3162.03,74683068.0,sse50,上证50,3140.0600000000004,3087.5164,2943.682,2888.2219999999998,2925.305
2020-07-17,3181.7,3185.89,3223.54,3151.22,49449099.0,sse50,上证50,3155.298,3098.6128,2949.9621666666667,2889.2876666666666,2926.5494
2020-07-20,3219.92,3287.92,3293.63,3189.47,63047536.0,sse50,上证50,3175.246,3115.0692,2957.7643333333335,2891.3279166666666,2928.2172000000005
2020-07-21,3302.72,3286.81,3305.2,3272.47,44511981.0,sse50,上证50,3193.2895,3131.1768000000006,2966.135666666667,2893.2749166666667,2929.8670999999995
2020-07-22,3278.74,3291.36,3354.72,3273.81,54403751.0,sse50,上证50,3211.763,3149.2868,2974.2543333333333,2895.1530000000002,2931.50675
2020-07-23,3263.07,3284.11,3303.43,3224.51,55665583.0,sse50,上证50,3229.6974999999998,3165.4916,2982.361833333334,2897.4196666666667,2933.27275
2020-07-24,3265.52,3158.29,3270.56,3136.64,60638136.0,sse50,上证50,3240.4384999999997,3176.578,2988.7329999999997,2898.5897499999996,2934.3638
2020-07-27,3178.05,3163.23,3194.14,3136.03,37627456.0,sse50,上证50,3252.326,3187.5488,2994.699833333333,2900.5125833333336,2935.5357499999996
2020-07-28,3188.96,3185.89,3205.57,3168.9,35710451.0,sse50,上证50,3264.5170000000003,3197.9467999999997,3000.7123333333334,2904.3359166666664,2936.8257999999996
2020-07-29,3184.72,3243.39,3245.7,3171.04,43648691.0,sse50,上证50,3276.1935000000003,3210.8068,3007.3553333333334,2908.075333333333,2938.3954
2020-07-30,3252.2,3231.52,3263.19,3231.36,36108945.0,sse50,上证50,3283.5575000000003,3223.0508,3013.5155,2911.5638333333336,2940.0645
2020-07-31,3226.42,3249.34,3284.38,3199.91,42897905.0,sse50,上证50,3288.0665,3235.2856,3019.940333333333,2914.8509166666668,2941.69945
2020-08-03,3271.18,3281.1,3284.79,3251.82,48299026.0,sse50,上证50,3283.4145000000003,3249.5104000000006,3027.0516666666667,2918.429166666667,2943.49005
2020-08-04,3293.92,3312.13,3329.56,3279.14,62540477.0,sse50,上证50,3279.933,3264.3127999999997,3034.3703333333333,2922.27975,2945.3467
2020-08-05,3298.14,3292.31,3300.9,3257.29,45579284.0,sse50,上证50,3273.0515,3275.6108000000004,3041.3779999999997,2925.7168333333334,2946.8926500000002
2020-08-06,3295.43,3292.2,3311.36,3243.65,48945753.0,sse50,上证50,3265.5605,3283.9292,3048.421333333333,2929.0219166666666,2948.2859999999996
2020-08-07,3277.44,3263.75,3288.79,3219.42,48981049.0,sse50,上证50,3261.159,3288.1128000000003,3055.022,2932.2575,2949.5276499999995
2020-08-10,3250.54,3285.76,3309.98,3232.09,53271403.0,sse50,上证50,3255.941,3284.5776,3062.5425,2935.5133333333333,2950.9328499999997
2020-08-11,3291.34,3262.82,3333.75,3257.37,53822802.0,sse50,上证50,3251.6805,3279.82,3069.928,2938.119583333333,2952.1882
2020-08-12,3255.54,3249.74,3266.58,3199.55,51024947.0,sse50,上证50,3248.4795,3272.6119999999996,3076.8041666666672,2940.83075,2953.6210000000005
2020-08-13,3261.13,3241.84,3265.51,3230.17,37092071.0,sse50,上证50,3252.4700000000003,3264.6048000000005,3083.157,2943.481416666667,2954.98565
2020-08-14,3236.95,3288.51,3292.03,3230.21,36747477.0,sse50,上证50,3257.6009999999997,3262.074,3090.3631666666665,2946.0675,2956.5621
2020-08-17,3300.9,3368.85,3397.5,3299.21,75899031.0,sse50,上证50,3261.6475,3261.2232,3099.063666666667,2949.40675,2958.6348
2020-08-18,3369.87,3367.33,3377.52,3350.78,47444157.0,sse50,上证50,3265.6735,3261.9951999999994,3108.922333333334,2953.0509166666666,2960.6763
2020-08-19,3361.72,3307.66,3366.68,3306.33,44419447.0,sse50,上证50,3266.4885000000004,3261.7512,3117.554833333333,2956.370416666666,2962.37935
2020-08-20,3285.2,3264.53,3288.21,3252.18,37052900.0,sse50,上证50,3265.5095,3265.8512,3125.1496666666667,2959.39425,2963.7952
2020-08-21,3287.43,3284.73,3299.94,3261.55,28050142.0,sse50,上证50,3271.8315000000002,3269.8048000000003,3133.3038333333334,2962.5,2965.37745
2020-08-24,3306.56,3298.72,3320.97,3291.66,29666151.0,sse50,上证50,3278.6059999999998,3270.2368,3141.4548333333337,2966.480666666667,2967.1104499999997
2020-08-25,3312.03,3310.84,3335.03,3300.2,28449955.0,sse50,上证50,3284.8534999999997,3271.198,3149.8578333333335,2969.838583333333,2968.8910000000005
2020-08-26,3308.93,3277.89,3327.82,3269.09,32922437.0,sse50,上证50,3286.5785000000005,3270.6592000000005,3156.65,2972.809,2970.2672000000002
2020-08-27,3286.78,3290.79,3291.68,3257.57,28135800.0,sse50,上证50,3289.542,3270.9264000000003,3163.3978333333334,2975.6691666666666,2971.6097999999997
2020-08-28,3296.52,3368.44,3372.74,3286.14,39008700.0,sse50,上证50,3295.4970000000003,3279.3324,3171.3866666666663,2978.5889166666666,2973.2521
2020-08-31,3386.62,3343.89,3408.58,3343.21,47905156.0,sse50,上证50,3298.6364999999996,3286.5588000000002,3179.062166666667,2981.74775,2974.8076
2020-09-01,3333.21,3355.1,3355.1,3328.12,30466450.0,sse50,上证50,3300.785,3293.3272,3186.708,2985.8,2976.4166000000005
2020-09-02,3371.57,3347.3,3373.35,3316.5,35512308.0,sse50,上证50,3303.5345,3297.4836,3194.003166666667,2989.3256666666666,2978.0907999999995
2020-09-03,3349.26,3334.41,3374.01,3322.9,31252364.0,sse50,上证50,3305.6449999999995,3301.5991999999997,3200.7716666666665,2993.04275,2979.9343
2020-09-04,3293.49,3309.21,3314.55,3283.31,28637547.0,sse50,上证50,3307.918,3303.994,3207.4505,2996.9363333333336,2981.6235500000003
2020-09-07,3303.64,3253.43,3328.72,3243.43,32580054.0,sse50,上证50,3306.3015,3302.8871999999997,3213.7325,3000.7251666666666,2983.05235
2020-09-08,3267.31,3289.91,3296.14,3249.25,32380563.0,sse50,上证50,3307.656,3301.9984000000004,3220.4956666666667,3005.6909166666665,2984.65905
2020-09-09,3253.5,3235.7,3267.86,3217.15,30096577.0,sse50,上证50,3306.954,3299.7339999999995,3227.1138333333333,3010.275166666667,2986.0640499999995
2020-09-10,3264.32,3245.5,3273.9,3239.58,29973848.0,sse50,上证50,3307.1369999999997,3297.866,3233.222333333333,3015.43975,2987.3867999999998
2020-09-11,3238.47,3265.5,3270.59,3230.32,23510280.0,sse50,上证50,3305.9865,3297.9359999999997,3239.6285,3021.237333333333,2988.71055
2020-09-14,3283.93,3294.15,3298.93,3275.3,21125876.0,sse50,上证50,3302.2515,3298.2716000000005,3246.3816666666667,3026.7850833333337,2990.3407
2020-09-15,3291.2,3317.64,3321.18,3275.06,21316420.0,sse50,上证50,3299.767,3300.4644,3252.9100000000003,3033.1019166666665,2992.1822
2020-09-16,3314.21,3295.58,3322.32,3283.88,22229206.0,sse50,上证50,3299.1629999999996,3302.2980000000007,3259.1381666666666,3038.5702499999998,2994.04875
2020-09-17,3286.15,3264.69,3287.26,3253.52,23423082.0,sse50,上证50,3299.171,3303.2119999999995,3264.7926666666667,3043.2744166666666,2995.6159500000003
2020-09-18,3267.63,3347.78,3347.78,3264.33,44577962.0,sse50,上证50,3302.3235,3305.5827999999997,3271.5311666666666,3048.761916666667,2997.6219999999994
2020-09-21,3359.23,3311.59,3360.92,3311.11,29799599.0,sse50,上证50,3302.9669999999996,3303.2924,3277.966333333333,3053.8464999999997,2999.4583500000003
2020-09-22,3285.77,3270.52,3319.95,3260.49,26820060.0,sse50,上证50,3300.951,3299.42,3283.4405,3058.6838333333335,3001.1585500000006
2020-09-23,3271.47,3275.74,3284.4,3256.18,20467807.0,sse50,上证50,3300.8435,3298.1432,3287.871833333333,3063.5701666666664,3003.0636500000005
2020-09-24,3259.12,3218.72,3264.83,3214.7,25647587.0,sse50,上证50,3297.2400000000002,3296.3108,3290.113166666667,3068.0421666666666,3004.66005
2020-09-25,3232.69,3229.78,3244.03,3219.3,20910220.0,sse50,上证50,3290.307,3294.1128,3291.2901666666667,3072.29125,3006.26085
2020-09-28,3237.3,3250.5,3268.26,3237.3,20974373.0,sse50,上证50,3285.6375,3292.184,3289.2295,3076.80525,3008.0080000000003
2020-09-29,3266.01,3241.32,3266.94,3241.32,19027743.0,sse50,上证50,3279.9485,3289.4032,3286.8888333333334,3080.837833333333,3009.6048499999997
2020-09-30,3252.59,3232.42,3269.31,3218.55,22694946.0,sse50,上证50,3274.2045000000003,3287.5844,3283.5968333333335,3084.9089166666668,3011.0678500000004
2020-10-09,3281.46,3286.86,3296.67,3274.19,24624394.0,sse50,上证50,3271.827,3287.4272,3281.0108333333337,3089.3611666666666,3012.83695
2020-10-12,3302.98,3387.88,3388.6,3302.62,39773572.0,sse50,上证50,3275.7605,3288.2048,3281.6125,3094.6780833333332,3015.0914000000002
2020-10-13,3381.64,3386.89,3391.99,3363.98,27928262.0,sse50,上证50,3282.4335,3289.9248,3281.5586666666663,3100.0757499999995,3017.2776
2020-10-14,3380.56,3369.5,3380.56,3359.62,25822628.0,sse50,上证50,3286.4129999999996,3290.5008,3281.9165,3104.9405833333335,3019.4348999999997
2020-10-15,3369.72,3371.4,3392.93,3363.81,27385168.0,sse50,上证50,3293.1980000000003,3291.4648,3282.8771666666667,3109.9981666666667,3021.2603500000005
2020-10-16,3374.17,3380.17,3400.42,3362.18,34932345.0,sse50,上证50,3299.9315,3293.2952,3286.5128333333337,3115.0974166666665,3023.1652000000004
2020-10-19,3398.75,3354.31,3430.56,3349.16,41264704.0,sse50,上证50,3304.3720000000003,3295.0991999999997,3289.3198333333335,3119.641,3024.7710500000003
2020-10-20,3352.03,3363.5,3365.18,3340.84,26392527.0,sse50,上证50,3307.8394999999996,3299.502,3290.5795,3124.1719166666667,3026.4596500000002
2020-10-21,3372.69,3377.42,3380.05,3351.72,31329504.0,sse50,上证50,3310.8284999999996,3303.0024,3292.0896666666663,3129.1126666666664,3028.2582
2020-10-22,3370.08,3369.53,3378.65,3328.32,27398859.0,sse50,上证50,3314.5260000000003,3308.3556,3293.3925000000004,3133.8234166666666,3030.0427
2020-10-23,3364.6,3346.61,3395.41,3346.61,33911572.0,sse50,上证50,3318.6220000000003,3312.4,3294.4341666666664,3138.398,3031.85455
2020-10-26,3320.03,3304.7,3328.68,3288.58,34650144.0,sse50,上证50,3316.468,3313.968,3296.8743333333337,3142.8036666666667,3033.3942500000003
2020-10-27,3298.06,3294.09,3305.61,3281.62,25579509.0,sse50,上证50,3315.593,3313.9656,3299.0553333333332,3146.8775833333334,3034.9347000000002
2020-10-28,3295.44,3313.23,3324.8,3285.04,28279844.0,sse50,上证50,3317.7285,3313.7891999999997,3301.177666666667,3150.945,3036.44265
2020-10-29,3278.98,3324.44,3351.12,3277.57,30218954.0,sse50,上证50,3320.1635,3314.9436,3302.5285,3154.941916666667,3037.9759500000005
2020-10-30,3321.94,3280.38,3332.87,3271.27,35737111.0,sse50,上证50,3323.2465,3315.5712,3303.3428333333336,3158.429166666667,3039.0640999999996
2020-11-02,3280.62,3265.9,3298.08,3249.96,34665398.0,sse50,上证50,3325.0525000000002,3312.2960000000003,3303.6188333333334,3161.7795833333334,3040.0775
2020-11-03,3284.04,3307.48,3324.41,3282.55,34085466.0,sse50,上证50,3327.9015,3312.1315999999997,3304.0585,3165.5550833333336,3041.1607499999996
2020-11-04,3311.54,3332.19,3340.53,3301.32,28344930.0,sse50,上证50,3332.4449999999997,3314.5984000000003,3304.3928333333333,3169.3815833333338,3042.4303000000004
2020-11-05,3366.4,3369.5,3386.98,3345.2,31277108.0,sse50,上证50,3339.299,3318.3488,3305.6793333333335,3173.5286666666666,3043.9936
2020-11-06,3380.2,3359.12,3380.2,3339.47,35031944.0,sse50,上证50,3342.9120000000003,3323.9647999999997,3306.7946666666667,3177.608,3045.4191000000005
2020-11-09,3382.8,3418.28,3428.13,3382.8,43918142.0,sse50,上证50,3344.432,3331.5047999999997,3309.3701666666666,3182.1960833333333,3047.32125
2020-11-10,3439.36,3416.14,3440.56,3402.38,41761633.0,sse50,上证50,3345.8945,3338.1304,3311.5431666666673,3187.0428333333334,3049.0642000000003
2020-11-11,3415.88,3411.23,3432.27,3407.84,40415189.0,sse50,上证50,3347.9809999999998,3344.9267999999997,3314.016666666667,3191.972333333333,3050.7809500000003
2020-11-12,3413.21,3397.35,3420.65,3387.33,27098482.0,sse50,上证50,3349.2785000000003,3351.5239999999994,3316.476833333333,3196.6405000000004,3052.31705
2020-11-13,3376.91,3338.31,3377.16,3318.45,34513696.0,sse50,上证50,3347.1855000000005,3353.5819999999994,3318.0846666666666,3200.6208333333334,3053.6056
2020-11-16,3352.69,3377.11,3377.11,3344.4,32324893.0,sse50,上证50,3348.3255,3353.1512,3319.5613333333336,3204.96225,3055.2011
2020-11-17,3376.87,3379.27,3388.96,3362.5,33074229.0,sse50,上证50,3349.114,3352.8464000000004,3319.735,3209.3993333333337,3056.8819999999996
2020-11-18,3377.84,3387.04,3408.3,3373.0,43605864.0,sse50,上证50,3349.595,3353.5480000000007,3320.0634999999997,3214.492916666667,3058.55135
2020-11-19,3377.23,3410.09,3415.86,3372.84,32606150.0,sse50,上证50,3351.6230000000005,3355.0956,3321.770666666667,3219.6627500000004,3060.27185
2020-11-20,3407.73,3411.93,3415.25,3398.79,29720748.0,sse50,上证50,3354.889,3356.366,3324.2273333333333,3224.6884999999997,3062.27095
2020-11-23,3427.78,3469.8,3485.89,3426.78,49251555.0,sse50,上证50,3363.1440000000002,3360.9856,3327.311833333333,3230.3078333333333,3064.5305500000004
2020-11-24,3461.43,3442.72,3470.91,3437.73,34240109.0,sse50,上证50,3370.5755,3364.1544,3329.7118333333333,3235.5833333333335,3067.0817000000006
2020-11-25,3461.48,3420.29,3475.25,3420.29,40663779.0,sse50,上证50,3375.9285000000004,3365.8692000000005,3331.536,3240.6969166666668,3070.5476999999996
2020-11-26,3418.56,3445.74,3447.61,3414.06,33465271.0,sse50,上证50,3381.9934999999996,3368.9176,3334.3334999999997,3245.49175,3073.8031000000005
2020-11-27,3453.31,3498.66,3498.66,3447.61,53901248.0,sse50,上证50,3392.9075,3374.9996,3337.7980000000002,3250.5979166666666,3077.2319
2020-11-30,3509.66,3469.42,3570.22,3469.42,84292983.0,sse50,上证50,3403.0834999999997,3381.5884,3339.481,3255.433833333334,3080.3045500000003
2020-12-01,3480.56,3554.01,3559.07,3476.94,52488689.0,sse50,上证50,3415.41,3391.9851999999996,3342.983,3261.022583333333,3083.8160500000004
2020-12-02,3555.6,3545.34,3568.72,3527.12,39442806.0,sse50,上证50,3426.0674999999997,3401.2696,3346.1536666666666,3266.4308333333333,3087.29245
2020-12-03,3545.28,3536.81,3550.1,3519.43,35867871.0,sse50,上证50,3434.433,3409.7644,3349.312166666667,3271.6576666666665,3090.5772
2020-12-04,3535.94,3541.52,3546.71,3504.43,33238617.0,sse50,上证50,3443.553,3420.21,3352.764,3276.7678333333333,3093.80685
2020-12-07,3547.93,3509.94,3548.78,3495.65,35450745.0,sse50,上证50,3448.136,3429.9716,3356.1095,3281.78,3096.9791499999997
2020-12-08,3512.86,3499.06,3529.35,3490.89,28935941.0,sse50,上证50,3452.282,3437.6348,3360.2033333333334,3286.967916666667,3099.9991499999996
2020-12-09,3511.76,3468.53,3517.92,3468.0,30654727.0,sse50,上证50,3455.147,3443.0884,3363.1803333333332,3291.838,3102.5914499999994
2020-12-10,3464.94,3459.03,3478.91,3442.15,29228443.0,sse50,上证50,3458.2309999999998,3446.6696,3366.9024999999997,3297.008166666667,3105.2646000000004
2020-12-11,3473.87,3427.86,3477.47,3404.93,38906387.0,sse50,上证50,3462.7084999999997,3449.4192000000003,3369.9418333333333,3301.5820833333332,3107.7851
2020-12-14,3443.03,3467.77,3472.12,3435.31,24982218.0,sse50,上证50,3467.2415,3451.3988,3373.313,3306.4707500000004,3110.23305
2020-12-15,3466.49,3468.83,3476.88,3443.86,26154182.0,sse50,上证50,3471.7195,3453.5064,3376.2243333333336,3311.303,3112.7364999999995
2020-12-16,3480.93,3485.4,3494.65,3469.55,22462530.0,sse50,上证50,3476.6375,3456.4732,3379.0203333333334,3315.965166666667,3115.51335
2020-12-17,3497.39,3539.54,3543.73,3491.92,27091201.0,sse50,上证50,3483.1099999999997,3462.1608,3383.086333333333,3321.1122499999997,3118.66445
2020-12-18,3529.02,3507.97,3538.57,3493.3,26277800.0,sse50,上证50,3487.9120000000003,3468.9471999999996,3387.141,3325.9668333333334,3121.69595
2020-12-21,3505.91,3522.26,3531.42,3481.26,26717595.0,sse50,上证50,3490.535,3474.7532,3390.049,3330.7900833333333,3124.74705
2020-12-22,3519.05,3470.9,3526.11,3467.53,34878459.0,sse50,上证50,3491.9440000000004,3478.4184000000005,3392.704166666667,3335.3352499999996,3127.99635
2020-12-23,3483.19,3494.59,3516.02,3473.1,27238775.0,sse50,上证50,3495.6590000000006,3482.7203999999997,3396.4386666666664,3339.9395833333333,3130.92985
2020-12-24,3495.85,3489.27,3521.04,3474.02,20119571.0,sse50,上证50,3497.8354999999997,3485.8876,3399.9975,3343.934666666667,3133.7690000000002
2020-12-25,3476.55,3512.49,3514.51,3468.4,21054656.0,sse50,上证50,3498.5269999999996,3489.91,3404.8936666666664,3347.503416666667,3136.5935999999997
2020-12-28,3514.71,3523.84,3548.53,3503.97,26413299.0,sse50,上证50,3501.2479999999996,3492.0716,3409.7946666666667,3350.542416666666,3139.12245
2020-12-29,3533.13,3517.35,3539.67,3513.66,26014590.0,sse50,上证50,3499.415,3495.0568,3414.2421666666664,3351.7358333333336,3141.88505
2020-12-30,3513.79,3574.13,3574.21,3512.31,26787234.0,sse50,上证50,3500.8545000000004,3501.2104000000004,3419.7889999999998,3353.338916666667,3145.41155
2020-12-31,3581.45,3640.64,3646.75,3581.36,36574846.0,sse50,上证50,3506.046,3509.0064,3426.5926666666664,3355.0947499999997,3148.99365
2021-01-04,3632.69,3643.36,3659.17,3608.34,43546644.0,sse50,上证50,3511.1380000000004,3514.7944,3432.5343333333335,3356.7725833333334,3152.76865
2021-01-05,3627.65,3683.36,3683.36,3620.56,47233743.0,sse50,上证50,3519.809,3523.3520000000003,3437.459,3359.5357500000005,3156.9755500000006
2021-01-06,3688.95,3736.65,3736.65,3670.54,45166106.0,sse50,上证50,3531.6885,3530.6576,3443.2883333333334,3362.4235,3161.66495
2021-01-07,3750.88,3808.07,3808.07,3729.99,42918063.0,sse50,上证50,3548.6655000000005,3541.1668,3450.5978333333333,3366.2571666666668,3167.2352
2021-01-08,3815.57,3788.32,3833.86,3752.09,41585644.0,sse50,上证50,3565.13,3551.2272,3457.5465,3370.2118333333333,3172.74885
2021-01-11,3794.83,3776.53,3849.68,3763.15,47451000.0,sse50,上证50,3582.5635,3560.6276000000003,3464.1524999999997,3375.332666666667,3178.50275
2021-01-12,3764.65,3906.12,3906.12,3764.65,48175867.0,sse50,上证50,3604.4809999999998,3576.4748000000004,3473.349333333333,3381.3345833333337,3185.1844
2021-01-13,3914.0,3873.23,3931.95,3844.28,55273849.0,sse50,上证50,3624.701,3591.4415999999997,3481.8448333333336,3386.2121666666667,3191.40845
2021-01-14,3863.1,3811.22,3866.95,3800.79,50868859.0,sse50,上证50,3640.9920000000006,3605.1492,3489.0748333333336,3390.5822500000004,3197.6664499999997
2021-01-15,3825.54,3817.93,3866.01,3789.48,55635243.0,sse50,上证50,3654.9114999999997,3619.5051999999996,3496.5481666666665,3394.970333333333,3203.5591999999997
2021-01-18,3807.99,3849.4,3873.45,3796.43,42248384.0,sse50,上证50,3671.983,3636.3668,3504.928,3399.6810833333334,3209.3052500000003
2021-01-19,3855.75,3808.69,3862.11,3792.59,42747056.0,sse50,上证50,3686.3044999999997,3650.0036000000005,3513.3278333333333,3405.1010833333335,3214.9022999999997
2021-01-20,3813.91,3814.65,3838.31,3790.54,34372343.0,sse50,上证50,3703.4919999999997,3663.8364,3522.003833333333,3410.5295833333334,3220.46835
2021-01-21,3833.78,3850.06,3874.67,3812.81,36730229.0,sse50,上证50,3721.2655,3678.4228,3530.951,3416.0643333333337,3226.2684500000005
2021-01-22,3851.13,3846.39,3862.89,3823.33,38259480.0,sse50,上证50,3739.1215,3690.6967999999997,3539.650166666667,3421.089333333334,3232.0535
2021-01-25,3843.49,3898.15,3903.19,3828.75,37336501.0,sse50,上证50,3758.4044999999996,3706.304,3549.9463333333333,3426.6445833333332,3238.13385
2021-01-26,3878.25,3813.29,3878.25,3809.66,29584420.0,sse50,上证50,3772.8770000000004,3717.9452,3559.0695,3431.344166666667,3243.6008500000003
2021-01-27,3818.42,3818.27,3831.62,3790.81,28706054.0,sse50,上证50,3787.9230000000002,3731.84,3567.5826666666667,3435.820583333333,3249.1481
2021-01-28,3771.79,3735.03,3779.41,3720.12,30041206.0,sse50,上证50,3795.968,3741.4576,3574.2966666666666,3439.3447499999997,3254.0362000000005
2021-01-29,3758.89,3713.25,3767.01,3675.49,32742330.0,sse50,上证50,3799.5985,3750.4168,3580.025833333333,3442.8525833333333,3258.8830000000003
2021-02-01,3712.78,3746.37,3747.73,3699.2,29489016.0,sse50,上证50,3804.749,3759.772,3586.48,3446.637333333333,3263.8519
2021-02-02,3751.74,3771.47,3774.06,3731.52,28858748.0,sse50,上证50,3809.1544999999996,3769.6771999999996,3592.3664999999996,3450.868333333333,3268.96
2021-02-03,3768.71,3775.72,3796.43,3747.38,31609193.0,sse50,上证50,3811.108,3780.012,3598.3594999999996,3454.9513333333334,3274.1427500000004
2021-02-04,3764.43,3801.62,3820.34,3759.43,33163780.0,sse50,上证50,3810.7854999999995,3789.1115999999997,3604.8660000000004,3459.4413333333337,3279.22225
2021-02-05,3819.8,3840.77,3876.68,3808.17,41583746.0,sse50,上证50,3813.4080000000004,3797.1168,3612.2563333333333,3464.366583333334,3284.60365
2021-02-08,3856.94,3890.47,3896.54,3835.1,33339893.0,sse50,上证50,3819.1050000000005,3807.0012,3621.4590000000003,3469.7718333333332,3290.2146999999995
2021-02-09,3900.86,3952.83,3952.94,3871.79,32740059.0,sse50,上证50,3821.4405000000006,3817.78,3631.054333333333,3475.3078333333333,3295.9334500000004
2021-02-10,3967.68,4028.53,4039.23,3967.36,38958603.0,sse50,上证50,3829.2055,3829.4552000000003,3641.875333333333,3480.8051666666665,3301.9771499999997
2021-02-18,4097.87,4014.32,4110.18,3996.63,51203085.0,sse50,上证50,3839.3605,3837.7051999999994,3652.33,3486.19675,3308.1261000000004
2021-02-19,3994.83,4014.46,4023.88,3956.98,42899726.0,sse50,上证50,3849.1870000000004,3846.7508000000003,3662.402833333333,3492.0867500000004,3314.1771999999996
2021-02-22,4020.01,3881.87,4020.01,3879.48,58726427.0,sse50,上证50,3850.8104999999996,3850.9644,3670.235166666667,3497.23125,3319.59825
2021-02-23,3854.16,3897.72,3942.09,3854.16,43455612.0,sse50,上证50,3855.262,3850.6283999999996,3677.3671666666673,3502.3395,3325.20675
2021-02-24,3902.36,3805.47,3910.01,3766.6,39343931.0,sse50,上证50,3854.803,3847.9179999999997,3683.413,3506.5624166666666,3330.2080000000005
2021-02-25,3844.62,3851.03,3878.21,3818.71,46688986.0,sse50,上证50,3854.8514999999998,3849.5103999999997,3690.592,3511.064,3335.33745
2021-02-26,3768.9,3756.86,3819.04,3753.44,41573102.0,sse50,上证50,3850.375,3847.0676000000003,3695.7773333333334,3515.055416666667,3339.8976999999995
2021-03-01,3793.37,3787.87,3795.05,3747.58,33657707.0,sse50,上证50,3844.861,3844.6064,3700.5975000000003,3519.1977500000003,3344.5275
2021-03-02,3812.35,3718.77,3812.35,3689.01,35216197.0,sse50,上证50,3840.1349999999998,3841.0095999999994,3704.7533333333336,3522.1171666666664,3348.8020999999994
2021-03-03,3710.26,3817.41,3818.07,3708.23,36579579.0,sse50,上证50,3840.0919999999996,3841.12,3709.143333333333,3526.063166666667,3353.6170500000003
2021-03-04,3769.97,3708.66,3781.28,3686.09,36373718.0,sse50,上证50,3838.7735000000002,3835.4640000000004,3711.865333333333,3529.0095,3357.7953
2021-03-05,3655.91,3688.68,3721.28,3627.29,36137582.0,sse50,上证50,3837.5449999999996,3829.1556,3714.3965,3531.854333333333,3361.87945
2021-03-08,3713.46,3573.43,3732.78,3571.42,41752978.0,sse50,上证50,3828.8979999999997,3816.1668,3714.9283333333337,3533.8461666666667,3365.3986
2021-03-09,3570.26,3509.61,3595.19,3489.97,42344061.0,sse50,上证50,3815.8049999999994,3804.0196,3714.922833333333,3535.516166666667,3368.6081
2021-03-10,3563.56,3532.05,3572.37,3528.32,28096287.0,sse50,上证50,3803.6214999999997,3792.5707999999995,3715.472666666667,3537.838,3372.0957
2021-03-11,3554.68,3625.31,3633.77,3554.68,31056230.0,sse50,上证50,3794.8059999999996,3788.1820000000002,3718.085666666667,3540.6330000000003,3376.1238
2021-03-12,3647.51,3632.58,3647.51,3600.39,35139699.0,sse50,上证50,3784.3965,3784.9552000000003,3720.9781666666668,3543.9403333333335,3380.10085
2021-03-15,3620.04,3566.88,3627.31,3539.49,37488832.0,sse50,上证50,3768.2169999999996,3777.7756,3723.2951666666663,3546.6185,3383.6319
2021-03-16,3579.01,3599.16,3608.11,3556.62,28394041.0,sse50,上证50,3750.5335,3770.8832,3725.485,3549.399,3387.347
2021-03-17,3588.23,3590.83,3616.94,3552.49,26229565.0,sse50,上证50,3728.6485000000002,3763.4876,3727.5183333333334,3551.8713333333335,3391.06705
2021-03-18,3598.85,3605.6,3619.33,3586.5,23406869.0,sse50,上证50,3708.2125,3755.6468,3729.5216666666665,3554.271,3395.2160000000003
2021-03-19,3565.09,3512.02,3573.06,3496.38,34681298.0,sse50,上证50,3683.0905,3742.4968,3729.063,3556.074666666667,3398.82755
2021-03-22,3516.66,3538.43,3558.94,3511.72,26393423.0,sse50,上证50,3665.9184999999998,3728.4152000000004,3729.570666666667,3558.3558333333335,3402.4755
2021-03-23,3541.33,3516.36,3542.82,3482.59,25310915.0,sse50,上证50,3646.8504999999996,3710.9564,3729.472333333333,3559.7606666666666,3406.0798999999997
2021-03-24,3507.55,3466.04,3528.73,3457.44,25639804.0,sse50,上证50,3629.879,3688.4568,3729.3913333333335,3561.04775,3409.3618
2021-03-25,3454.46,3463.87,3479.13,3439.51,23261828.0,sse50,上证50,3610.5209999999997,3666.4388,3728.8793333333333,3562.659,3412.6478500000003
2021-03-26,3483.69,3529.73,3539.23,3480.33,24810847.0,sse50,上证50,3599.1645,3647.0496000000003,3729.5536666666667,3564.7755833333335,3415.9446999999996
2021-03-29,3543.25,3537.71,3563.4,3510.41,28205828.0,sse50,上证50,3586.6565,3633.2832,3729.974,3567.4338333333335,3419.20365
2021-03-30,3541.38,3577.24,3582.02,3531.63,25778955.0,sse50,上证50,3579.5800000000004,3620.4640000000004,3730.864,3570.3293333333336,3422.6443000000004
2021-03-31,3573.86,3539.37,3573.86,3518.17,29985299.0,sse50,上证50,3565.678,3609.82,3731.2309999999998,3572.7365833333333,3425.9243500000007
2021-04-01,3547.46,3582.65,3586.36,3545.09,21357739.0,sse50,上证50,3559.3774999999996,3599.0847999999996,3731.373,3575.5809999999997,3429.3558499999995
2021-04-02,3592.88,3616.76,3616.8,3583.04,23396735.0,sse50,上证50,3555.7815,3593.4808000000003,3730.975,3578.7838333333334,3432.8916999999997
2021-04-06,3624.8,3594.71,3624.8,3581.76,17974469.0,sse50,上证50,3556.8455000000004,3585.7543999999994,3730.164166666667,3581.34925,3436.22375
2021-04-07,3593.17,3558.47,3593.17,3537.06,22800013.0,sse50,上证50,3559.2885,3579.3424,3728.082666666667,3582.7708333333335,3439.4737
2021-04-08,3541.05,3573.04,3582.91,3533.32,19473454.0,sse50,上证50,3561.3380000000006,3569.5676000000003,3725.355833333333,3584.3220833333335,3442.95635
2021-04-09,3564.66,3514.11,3565.22,3504.49,19685860.0,sse50,上证50,3555.778,3561.7856,3720.4565000000002,3585.5271666666667,3446.1063
2021-04-12,3505.71,3477.07,3520.73,3465.65,24855006.0,sse50,上证50,3548.0025,3553.3212,3715.2690000000002,3586.40775,3449.2986
2021-04-13,3483.01,3461.46,3505.39,3448.57,21074331.0,sse50,上证50,3542.7315000000003,3548.8424,3710.0178333333333,3587.0851666666667,3452.2109499999997
2021-04-14,3469.4,3469.17,3484.06,3442.23,19500313.0,sse50,上证50,3536.232,3547.2248,3702.735333333333,3588.0423333333333,3455.1511499999997
2021-04-15,3456.55,3431.49,3456.55,3399.76,21262701.0,sse50,上证50,3528.2649999999994,3543.2024000000006,3695.373,3588.6089166666666,3457.8638
2021-04-16,3445.09,3448.1,3456.72,3411.1,18688056.0,sse50,上证50,3520.3900000000003,3536.1139999999996,3689.3209999999995,3589.1979166666665,3460.4745999999996
2021-04-19,3449.05,3513.4,3515.88,3426.82,27193465.0,sse50,上证50,3520.459,3531.3468,3684.2455,3590.3968333333332,3463.4321499999996
2021-04-20,3496.81,3510.12,3532.79,3491.89,21176621.0,sse50,上证50,3519.0435000000007,3529.0764,3678.5908333333336,3591.7594166666668,3466.35565
2021-04-21,3493.79,3516.1,3524.54,3488.49,20750102.0,sse50,上证50,3519.0305,3525.7540000000004,3673.714333333334,3593.521083333333,3469.2188
2021-04-22,3521.98,3487.43,3524.71,3477.06,22679141.0,sse50,上证50,3520.1,3521.618,3668.260666666667,3595.1322500000006,3472.02855
2021-04-23,3487.12,3524.02,3533.23,3482.86,20552367.0,sse50,上证50,3523.1074999999996,3518.3548000000005,3662.826666666667,3596.888833333333,3474.9383000000003
2021-04-26,3540.53,3467.66,3548.21,3462.16,25863227.0,sse50,上证50,3520.004,3516.5804,3656.5144999999998,3598.0823333333333,3477.2273
2021-04-27,3469.98,3476.3,3482.6,3450.02,20804166.0,sse50,上证50,3516.9335,3514.0951999999997,3649.483666666667,3599.7149999999997,3479.1876
2021-04-28,3457.17,3473.04,3473.04,3440.2,22451259.0,sse50,上证50,3511.723499999999,3512.3624,3643.812833333333,3601.4411666666665,3480.757
2021-04-29,3483.1,3517.21,3519.83,3468.62,31480525.0,sse50,上证50,3510.6155,3514.4092,3638.7951666666672,3603.1889166666665,3481.47235
2021-04-30,3518.86,3491.19,3522.61,3471.38,34026554.0,sse50,上证50,3506.0425000000005,3515.502,3634.7311666666665,3604.5139166666663,3482.0195000000003
2021-05-06,3475.05,3449.94,3510.4,3443.31,29933429.0,sse50,上证50,3497.7015,3512.3104,3630.3426666666664,3605.18425,3482.1195000000002
2021-05-07,3457.91,3406.31,3470.52,3402.08,30092528.0,sse50,上证50,3488.2815,3507.0544,3624.675,3605.5775,3481.94095
2021-05-10,3410.01,3399.98,3416.03,3371.13,28048889.0,sse50,上证50,3480.357,3499.9639999999995,3618.4835000000003,3605.425,3482.18195
2021-05-11,3380.63,3437.71,3443.36,3371.47,24935741.0,sse50,上证50,3473.5905,3495.8976000000002,3612.85,3605.60475,3482.4199
2021-05-12,3423.42,3447.86,3456.07,3421.66,23689680.0,sse50,上证50,3470.2780000000007,3490.5060000000003,3606.9539999999997,3605.9100000000003,3482.9190499999995
2021-05-13,3418.58,3413.89,3435.45,3395.81,21882668.0,sse50,上证50,3467.119,3482.3912,3599.839333333333,3606.047833333333,3483.4197
2021-05-14,3426.43,3503.04,3504.65,3406.71,34527248.0,sse50,上证50,3469.1979999999994,3478.7244,3593.3821666666668,3607.420583333333,3485.1247500000004
2021-05-17,3502.74,3539.91,3556.49,3502.21,30165091.0,sse50,上证50,3472.7349999999997,3477.982,3586.5001666666667,3608.77725,3486.8948499999997
2021-05-18,3543.11,3537.7,3550.08,3520.67,23782587.0,sse50,上证50,3478.0455,3476.5683999999997,3578.319666666667,3610.0974999999994,3488.14375
2021-05-19,3531.79,3511.47,3531.79,3501.38,23806633.0,sse50,上证50,3481.214,3476.4628,3569.938833333333,3611.1344166666668,3489.2670500000004
2021-05-20,3514.43,3522.45,3530.49,3496.52,23827196.0,sse50,上证50,3481.6665000000003,3478.278,3561.7386666666666,3612.07075,3490.4225
2021-05-21,3532.87,3481.86,3544.27,3475.26,20644644.0,sse50,上证50,3480.2535,3479.0939999999996,3555.0718333333334,3612.6535,3491.41125
2021-05-24,3482.99,3497.75,3499.45,3457.29,22986543.0,sse50,上证50,3479.3360000000002,3480.2371999999996,3548.405666666667,3612.8864166666667,3493.1085500000004
2021-05-25,3505.81,3641.29,3645.07,3505.63,44182865.0,sse50,上证50,3487.029,3488.6292,3545.6693333333333,3614.541166666667,3495.49885
2021-05-26,3656.34,3657.19,3678.07,3643.98,34559396.0,sse50,上证50,3493.6875,3496.9928000000004,3542.438666666667,3616.5153333333333,3497.8553500000003
2021-05-27,3645.48,3664.94,3709.0,3628.96,29879120.0,sse50,上证50,3503.5515,3503.0543999999995,3540.9066666666668,3618.3419999999996,3499.9631
2021-05-28,3663.88,3659.3,3689.25,3630.57,28682846.0,sse50,上证50,3512.7015,3509.0215999999996,3538.7638333333334,3619.6806666666666,3502.1020000000003
2021-05-31,3652.89,3650.22,3652.89,3615.42,26328401.0,sse50,上证50,3521.5605000000005,3514.3864000000003,3537.621333333333,3621.1873333333333,3504.1064
2021-06-01,3641.97,3650.9,3652.95,3608.2,28161547.0,sse50,上证50,3528.245,3520.9252,3534.846166666667,3621.99475,3505.9554
2021-06-02,3661.94,3622.4,3665.92,3604.78,27975392.0,sse50,上证50,3534.8055,3524.8603999999996,3533.4085,3622.636916666667,3507.5067500000005
2021-06-03,3620.79,3591.16,3637.0,3589.23,26020146.0,sse50,上证50,3541.8665,3529.8004000000005,3531.783166666667,3623.0898333333334,3509.0009999999997
2021-06-04,3574.3,3612.7,3655.92,3573.7,28857581.0,sse50,上证50,3552.186,3535.2564,3532.4376666666662,3623.6829999999995,3510.6035
2021-06-07,3610.89,3601.11,3613.28,3579.01,25698179.0,sse50,上证50,3562.2425000000003,3540.3792,3533.962666666667,3624.44275,3512.2903
2021-06-08,3597.94,3580.28,3634.82,3558.46,26079669.0,sse50,上证50,3569.371,3542.902,3534.7664999999997,3625.119583333333,3513.7629
2021-06-09,3575.49,3587.53,3599.62,3572.36,27296859.0,sse50,上证50,3576.3545,3546.7556,3534.136833333333,3626.1112500000004,3515.3864499999995
2021-06-10,3588.14,3607.68,3634.92,3582.16,28657592.0,sse50,上证50,3586.0439999999994,3553.0652,3533.7218333333335,3627.35,3517.17615
2021-06-11,3610.14,3576.78,3611.25,3564.65,40729745.0,sse50,上证50,3589.7309999999998,3559.884,3533.886833333333,3628.591,3518.8508500000003
2021-06-15,3570.4,3528.67,3579.09,3513.13,37547489.0,sse50,上证50,3589.1690000000003,3565.0316000000003,3532.712,3629.0985,3520.05165
2021-06-16,3525.75,3486.29,3532.85,3480.41,31629333.0,sse50,上证50,3586.5985,3566.9748,3530.9696666666664,3629.244,3520.6388500000003
2021-06-17,3477.47,3481.6,3503.55,3467.58,29446419.0,sse50,上证50,3585.1050000000005,3568.3244,3528.903,3629.2123333333334,3521.2101999999995
2021-06-18,3475.55,3454.59,3488.26,3426.03,36119342.0,sse50,上证50,3581.7120000000004,3569.9524,3527.945833333333,3628.504416666667,3521.9448500000003
2021-06-21,3440.74,3431.25,3455.56,3410.4,30456915.0,sse50,上证50,3579.1815,3567.0808,3526.1594999999998,3627.865083333333,3522.7784500000002
2021-06-22,3444.75,3464.71,3469.81,3437.95,32625885.0,sse50,上证50,3577.5294999999996,3564.0728000000004,3525.298666666667,3627.3854999999994,3523.67835
2021-06-23,3469.28,3471.34,3496.44,3460.69,29564533.0,sse50,上证50,3569.032,3561.4184000000005,3525.387,3627.389166666667,3524.54145
2021-06-24,3476.68,3483.91,3487.27,3452.61,28769183.0,sse50,上证50,3560.368,3560.3160000000003,3525.721,3627.3001666666664,3525.4067999999997
2021-06-25,3483.16,3535.02,3545.43,3479.74,36027211.0,sse50,上证50,3553.8720000000003,3560.8188,3525.8091666666664,3627.681416666667,3526.69245
2021-06-28,3541.1,3520.74,3543.7,3502.78,29701717.0,sse50,上证50,3546.9440000000004,3562.3740000000003,3525.5263333333332,3627.7501666666662,3527.8422000000005
2021-06-29,3514.32,3482.73,3517.36,3475.44,28814608.0,sse50,上证50,3538.5695,3561.7732,3523.9511666666667,3627.4075833333336,3528.41365
2021-06-30,3477.38,3498.65,3504.96,3477.38,24932786.0,sse50,上证50,3530.957,3556.0676000000003,3523.2725,3627.25175,3529.18745
2021-07-01,3510.56,3535.25,3535.33,3479.52,29553157.0,sse50,上证50,3526.5994999999994,3551.19,3522.4824999999996,3626.92775,3530.0882
2021-07-02,3495.6,3408.24,3495.6,3403.8,34710862.0,sse50,上证50,3517.4534999999996,3540.9219999999996,3519.007166666667,3624.9910833333333,3530.3929000000003
2021-07-05,3402.11,3404.79,3415.56,3376.84,30926793.0,sse50,上证50,3507.058,3530.7416000000003,3515.841833333333,3623.0029999999997,3530.7448
2021-07-06,3405.47,3405.28,3406.76,3368.14,29211833.0,sse50,上证50,3497.2665,3520.9440000000004,3513.2886666666664,3620.6856666666663,3531.2251499999998
2021-07-07,3384.57,3424.39,3433.73,3382.24,26919459.0,sse50,上证50,3489.472,3511.8835999999997,3510.811166666667,3618.0835,3532.07995
2021-07-08,3432.89,3373.26,3434.15,3365.53,33862453.0,sse50,上证50,3478.7585,3501.9179999999997,3508.463666666667,3614.4600833333334,3532.4966999999997
2021-07-09,3359.2,3361.59,3373.14,3329.74,31636606.0,sse50,上证50,3466.454,3492.7352,3506.5389999999998,3610.904,3533.12615
2021-07-12,3385.12,3384.51,3413.35,3357.13,38416319.0,sse50,上证50,3456.8405000000007,3483.6076000000003,3505.2565,3607.6371666666664,3533.8212
2021-07-13,3384.75,3391.74,3409.79,3377.2,31407675.0,sse50,上证50,3449.9939999999997,3475.2328,3503.9660000000003,3603.3506666666663,3534.4524
2021-07-14,3385.39,3339.38,3385.39,3328.88,34733676.0,sse50,上证50,3442.6485000000002,3465.5968,3502.430833333333,3598.9019166666667,3534.6785499999996
2021-07-15,3335.05,3411.29,3414.42,3332.78,31955193.0,sse50,上证50,3439.1330000000003,3458.5472000000004,3501.8173333333334,3595.5691666666667,3535.1468
2021-07-16,3405.4,3369.9,3413.27,3365.95,27229855.0,sse50,上证50,3434.8985000000002,3449.0359999999996,3499.4256666666665,3591.835583333333,3535.5184000000004
2021-07-19,3362.58,3385.37,3390.27,3322.32,29817037.0,sse50,上证50,3432.6045,3441.3795999999998,3497.3465,3587.9686666666666,3536.1218
2021-07-20,3364.31,3378.63,3382.09,3357.75,25865362.0,sse50,上证50,3428.3005,3435.3779999999997,3495.055333333333,3584.384833333333,3536.2760500000004
2021-07-21,3385.14,3388.52,3410.82,3375.63,33490582.0,sse50,上证50,3424.1595,3431.4672000000005,3493.4068333333335,3580.83375,3536.6607
2021-07-22,3386.91,3392.72,3410.63,3378.12,36955443.0,sse50,上证50,3419.6,3427.9120000000003,3491.2185000000004,3577.022583333333,3537.2717
2021-07-23,3389.4,3357.45,3389.43,3353.04,36847907.0,sse50,上证50,3410.7215000000006,3424.0264,3489.3816666666667,3572.948083333333,3537.6802499999994
2021-07-26,3339.86,3228.37,3339.86,3195.62,44339594.0,sse50,上证50,3396.103,3415.9112,3485.2494999999994,3567.3665833333334,3537.7284999999997
2021-07-27,3228.44,3126.38,3238.39,3117.61,49848732.0,sse50,上证50,3378.2855000000004,3402.3779999999997,3479.4718333333335,3561.6423333333328,3537.2114999999994
2021-07-28,3107.12,3154.64,3171.08,3098.02,40519637.0,sse50,上证50,3361.085,3389.71,3473.4289999999996,3556.1120833333334,3536.7322
2021-07-29,3206.44,3182.8,3207.9,3159.77,35649915.0,sse50,上证50,3343.4625,3377.6656,3468.289166666667,3551.5101666666665,3536.4396
2021-07-30,3160.47,3132.82,3160.47,3114.51,32388851.0,sse50,上证50,3329.6915,3361.5776,3463.0038333333337,3546.67325,3535.9415999999997
2021-08-02,3112.3,3211.14,3217.81,3082.83,45574984.0,sse50,上证50,3320.0089999999996,3349.1936,3459.7509999999997,3542.213,3535.563
2021-08-03,3197.89,3223.83,3235.4,3181.76,38895185.0,sse50,上证50,3310.9365,3338.8376000000003,3456.8151666666668,3537.6493333333337,3534.7427499999994
2021-08-04,3219.4,3233.1,3242.39,3211.4,33649542.0,sse50,上证50,3301.3720000000003,3328.2156,3453.405,3533.1275,3533.9738
2021-08-05,3214.47,3227.36,3266.3,3198.37,31843626.0,sse50,上证50,3294.0769999999998,3315.9,3449.73,3528.3419999999996,3533.2631
2021-08-06,3211.64,3195.7,3213.1,3181.38,29907723.0,sse50,上证50,3285.7825000000003,3307.3984,3446.0935000000004,3522.9664166666666,3532.3845999999994
2021-08-09,3171.1,3235.21,3253.08,3169.19,38742858.0,sse50,上证50,3278.3175,3300.6151999999997,3441.6296666666667,3517.505916666667,3531.6598
2021-08-10,3231.15,3288.65,3290.25,3193.96,32464842.0,sse50,上证50,3273.1629999999996,3295.95,3437.442,3511.971083333333,3531.3315
2021-08-11,3280.81,3262.58,3298.41,3259.53,40066318.0,sse50,上证50,3269.323,3289.4776,3432.8566666666666,3505.588166666667,3530.8269
2021-08-12,3247.8,3226.11,3262.9,3222.69,32263283.0,sse50,上证50,3260.064,3283.5916,3428.1006666666667,3499.01975,3530.0703500000004
2021-08-13,3212.33,3217.84,3242.31,3199.86,28209573.0,sse50,上证50,3252.461,3277.8416,3423.023833333333,3492.38125,3529.3119
2021-08-16,3212.66,3222.62,3246.93,3205.53,32549562.0,sse50,上证50,3244.3235,3271.366,3418.7031666666667,3486.8875,3528.69195
2021-08-17,3219.83,3149.88,3240.33,3141.66,39784669.0,sse50,上证50,3232.8859999999995,3261.6916,3412.905333333333,3480.6555000000003,3527.91785
2021-08-18,3148.38,3190.55,3204.87,3133.88,45500289.0,sse50,上证50,3222.9875,3255.7384,3405.3930000000005,3475.5311666666666,3527.40015
2021-08-19,3179.93,3144.37,3185.73,3130.47,45199623.0,sse50,上证50,3210.57,3245.0615999999995,3396.846,3469.6423333333337,3526.55585
2021-08-20,3105.16,3072.75,3118.7,3044.88,38536618.0,sse50,上证50,3196.335,3233.1756,3386.976166666667,3463.9414166666666,3525.2974
2021-08-23,3079.29,3099.89,3109.99,3069.53,31664015.0,sse50,上证50,3189.911,3221.7564,3377.6526666666664,3458.20825,3524.3949500000003
2021-08-24,3106.23,3147.77,3160.56,3104.97,38208245.0,sse50,上证50,3190.9805,3212.522,3369.2785000000003,3453.449916666667,3523.8043
2021-08-25,3160.74,3159.8,3173.37,3138.22,33666800.0,sse50,上证50,3191.2385000000004,3203.3732,3361.0935,3447.9698333333336,3523.0659
2021-08-26,3156.91,3088.83,3156.91,3087.3,31599888.0,sse50,上证50,3186.54,3191.2176,3352.2006666666666,3442.804583333333,3521.8491
2021-08-27,3086.05,3123.05,3145.98,3084.31,32613426.0,sse50,上证50,3186.0515,3181.8415999999997,3344.398833333333,3438.0910000000003,3520.61685
2021-08-30,3141.12,3112.7,3141.76,3092.83,45208788.0,sse50,上证50,3181.1295,3177.2147999999997,3336.0655,3434.251583333333,3519.3847499999997
2021-08-31,3099.47,3097.06,3122.91,3056.7,51607669.0,sse50,上证50,3174.791,3176.042,3327.6646666666666,3430.8136666666664,3517.7786499999997
2021-09-01,3087.26,3165.04,3185.82,3064.5,73041358.0,sse50,上证50,3171.388,3176.458,3320.7439999999997,3427.75525,3516.52315
2021-09-02,3166.27,3167.1,3189.25,3149.25,51786472.0,sse50,上证50,3168.375,3175.83,3313.7368333333334,3423.936833333333,3515.3025
2021-09-03,3172.5,3175.88,3203.32,3137.88,52769186.0,sse50,上证50,3167.384,3177.5524,3306.5401666666667,3420.131,3514.19515
2021-09-06,3175.88,3211.2,3228.95,3166.62,45755312.0,sse50,上证50,3166.1835,3177.5548000000003,3300.447166666667,3417.167,3513.5596
2021-09-07,3210.27,3248.05,3259.92,3192.02,46185446.0,sse50,上证50,3164.1535,3178.5236,3295.7701666666667,3414.2410833333333,3512.9143
2021-09-08,3241.0,3213.26,3254.1,3203.28,42063100.0,sse50,上证50,3161.6875,3177.73,3291.2196666666664,3411.0946666666664,3512.0842500000003
2021-09-09,3195.99,3204.28,3208.63,3183.21,52355073.0,sse50,上证50,3160.596,3176.8068,3286.597666666667,3407.750333333334,3511.1704499999996
2021-09-10,3203.06,3252.32,3268.73,3201.74,61465350.0,sse50,上证50,3162.32,3179.0715999999998,3283.2265,3405.5861666666665,3510.3816
2021-09-13,3246.86,3242.04,3271.1,3222.22,51461737.0,sse50,上证50,3163.291,3179.3448000000003,3280.073,3403.11625,3509.5321500000005
2021-09-14,3243.68,3188.26,3257.62,3182.2,56925569.0,sse50,上证50,3165.21,3175.3291999999997,3275.4655,3400.3820833333334,3508.1244499999993
2021-09-15,3180.55,3146.63,3180.55,3130.97,42821339.0,sse50,上证50,3163.014,3170.6911999999998,3270.0536666666667,3397.720333333333,3506.644
2021-09-16,3145.44,3128.59,3157.9,3113.04,45526374.0,sse50,上证50,3162.225,3166.7904,3264.1316666666667,3394.9263333333333,3505.1855000000005
2021-09-17,3117.93,3161.92,3162.05,3110.03,40028694.0,sse50,上证50,3166.6835,3164.5535999999997,3257.913333333333,3391.86125,3503.7663999999995
2021-09-22,3100.39,3122.34,3129.78,3096.03,40581640.0,sse50,上证50,3167.8059999999996,3160.5424,3251.2733333333335,3388.3998333333334,3501.8848000000003
2021-09-23,3135.75,3127.82,3159.97,3116.56,37797740.0,sse50,上证50,3166.8085,3159.66,3245.3581666666664,3384.654666666667,3500.1767999999997
2021-09-24,3120.43,3145.11,3173.05,3120.43,35382733.0,sse50,上证50,3166.0739999999996,3157.8424,3239.4658333333336,3381.3691666666664,3498.1322999999998
2021-09-27,3162.43,3199.97,3218.88,3162.43,42293473.0,sse50,上证50,3171.631,3160.0664,3233.8778333333335,3378.180166666667,3496.4054499999997
2021-09-28,3197.04,3211.15,3224.57,3173.85,38105903.0,sse50,上证50,3176.036,3165.6023999999998,3230.593,3374.8000833333335,3494.77715
2021-09-29,3186.12,3199.23,3222.28,3160.39,40812165.0,sse50,上证50,3180.3625,3169.5760000000005,3227.1670000000004,3371.504416666666,3493.0657
2021-09-30,3202.02,3196.99,3213.56,3189.18,29698160.0,sse50,上证50,3185.359,3171.5447999999997,3223.6955000000003,3368.4920833333335,3491.5009499999996
2021-10-08,3229.07,3256.26,3263.93,3215.56,38923108.0,sse50,上证50,3189.92,3175.4032,3220.8933333333334,3365.8522499999995,3490.28695
2021-10-11,3264.72,3276.41,3318.15,3263.16,38422532.0,sse50,上证50,3195.3855,3182.9063999999994,3219.279166666667,3363.871416666667,3489.3263500000003
2021-10-12,3266.02,3259.38,3280.06,3232.32,34983371.0,sse50,上证50,3199.5605000000005,3188.3596000000002,3217.575666666666,3362.057333333333,3488.3281
2021-10-13,3257.4,3292.76,3307.23,3243.61,28778537.0,sse50,上证50,3203.6385,3195.562,3216.0465,3360.6515,3487.6526
2021-10-14,3289.98,3270.69,3301.91,3264.25,24111632.0,sse50,上证50,3204.7705,3202.5071999999996,3214.029,3358.9975,3486.6672
2021-10-15,3258.57,3294.83,3301.15,3251.1,32619203.0,sse50,上证50,3208.849,3207.6988,3213.2865,3357.8586666666665,3485.7972000000004
2021-10-18,3289.32,3229.63,3289.32,3213.24,32433512.0,sse50,上证50,3210.1165,3210.2,3210.2588333333333,3356.0380833333334,3484.5183500000003
2021-10-19,3227.01,3256.67,3265.51,3226.07,29127225.0,sse50,上证50,3210.334,3213.4316000000003,3208.371666666667,3353.898666666667,3483.104
2021-10-20,3264.47,3255.0,3282.57,3242.1,27584823.0,sse50,上证50,3210.982,3215.1836,3206.1988333333334,3351.7726666666667,3481.83915
2021-10-21,3256.61,3278.54,3294.05,3253.57,31306807.0,sse50,上证50,3215.496,3216.4032,3204.530666666667,3349.793,3480.62055
2021-10-22,3287.93,3318.13,3336.73,3282.88,31297662.0,sse50,上证50,3224.0710000000004,3220.598,3203.3574999999996,3348.3821666666668,3479.8567
2021-10-25,3295.25,3312.3,3316.57,3284.89,28346014.0,sse50,上证50,3233.2565,3224.9188,3202.0171666666665,3346.6178333333332,3478.94525
2021-10-26,3312.3,3290.04,3327.66,3285.23,25983454.0,sse50,上证50,3239.6625,3226.4276,3200.8936666666673,3345.1376666666665,3477.9491
2021-10-27,3282.26,3247.1,3282.26,3236.15,28044936.0,sse50,上证50,3245.9005,3226.63,3201.2058333333334,3343.2276666666667,3476.62215
2021-10-28,3240.54,3239.61,3252.73,3223.72,29924020.0,sse50,上证50,3251.49,3228.684,3203.0930000000003,3341.282416666667,3475.2010000000005
2021-10-29,3241.91,3267.25,3267.25,3239.08,34774751.0,sse50,上证50,3257.597,3233.5088,3204.9698333333336,3339.199416666667,3473.9505000000004
2021-11-01,3239.89,3250.92,3262.49,3223.87,33431443.0,sse50,上证50,3260.1445,3238.402,3206.1051666666667,3337.1971666666664,3472.3344500000003
2021-11-02,3245.04,3212.03,3267.76,3187.35,39744123.0,sse50,上证50,3260.1885,3240.4064000000003,3207.425333333333,3335.2145833333334,3470.1914
2021-11-03,3207.74,3181.45,3220.34,3173.33,27260387.0,sse50,上证50,3259.2995,3242.7708000000002,3206.9305000000004,3333.3407500000003,3467.8818499999998
2021-11-04,3194.47,3207.26,3216.23,3187.95,26635008.0,sse50,上证50,3259.813,3245.9484,3206.6543333333334,3331.73475,3465.5013499999995
2021-11-05,3197.61,3201.55,3229.97,3189.68,26449688.0,sse50,上证50,3257.0775,3248.2059999999997,3206.1285,3329.7667500000002,3462.82585
2021-11-08,3198.69,3196.27,3214.33,3185.94,25773103.0,sse50,上证50,3253.0705000000003,3248.058,3205.610333333333,3327.6701666666663,3459.76685
2021-11-09,3206.29,3186.96,3214.89,3172.09,23635068.0,sse50,上证50,3249.4494999999997,3247.0904000000005,3205.4646666666667,3325.7790833333333,3456.76005
2021-11-10,3177.61,3170.4,3182.26,3125.29,30851773.0,sse50,上证50,3243.3315000000002,3245.9372,3204.3845,3323.0070833333334,3453.7294
2021-11-11,3169.01,3233.37,3233.59,3164.94,38061822.0,sse50,上证50,3241.4655,3247.3923999999997,3203.463166666667,3320.452583333333,3450.36565
2021-11-12,3239.35,3220.55,3241.13,3213.75,25764312.0,sse50,上证50,3237.7515,3245.9639999999995,3202.762666666667,3317.809666666667,3447.1022500000004
2021-11-15,3228.02,3221.69,3241.92,3209.48,22204240.0,sse50,上证50,3237.3545000000004,3243.7752,3202.689,3315.3948333333333,3444.1546000000003
2021-11-16,3222.51,3222.17,3243.45,3212.21,24241403.0,sse50,上证50,3235.6295,3242.2868,3202.7611666666667,3312.8925,3441.1758
2021-11-17,3217.1,3208.78,3226.11,3202.56,19800824.0,sse50,上证50,3233.3185000000003,3238.9276,3202.5305,3310.6168333333335,3437.9727
2021-11-18,3199.21,3173.38,3199.21,3164.7,20042182.0,sse50,上证50,3228.0605000000005,3235.0352000000003,3202.9221666666667,3307.91375,3434.79615
2021-11-19,3170.79,3212.91,3217.82,3168.3,25709578.0,sse50,上证50,3222.7995,3231.7584,3203.2948333333334,3304.3439166666667,3431.78745
2021-11-22,3217.33,3212.15,3228.29,3209.42,26257286.0,sse50,上证50,3217.7920000000004,3231.0591999999997,3204.4245,3300.6352500000003,3428.5978999999998
2021-11-23,3206.94,3224.15,3237.65,3206.43,26481812.0,sse50,上证50,3214.4975000000004,3229.7584,3206.947833333333,3296.962,3425.4867000000004
2021-11-24,3226.02,3231.84,3247.77,3214.09,23210253.0,sse50,上证50,3213.7345,3228.8320000000003,3209.147,3293.399833333334,3422.15515
2021-11-25,3233.26,3218.05,3236.26,3212.73,21010526.0,sse50,上证50,3212.6565,3226.4124000000006,3210.3183333333336,3289.7984166666665,3419.17895
2021-11-26,3213.63,3187.36,3214.05,3181.14,23036568.0,sse50,上证50,3208.6620000000003,3221.1816000000003,3210.777666666667,3285.9355833333334,3416.0244000000002
2021-11-29,3170.69,3187.05,3188.11,3163.96,27180793.0,sse50,上证50,3205.4685,3216.1715999999997,3212.4146666666666,3282.3076666666666,3413.2844999999998
2021-11-30,3186.25,3165.35,3196.04,3153.63,23419282.0,sse50,上证50,3203.1345,3211.184,3213.1196666666665,3278.75925,3410.545
2021-12-01,3166.61,3180.42,3182.38,3165.7,25004135.0,sse50,上证50,3203.083,3208.5168,3214.2483333333334,3275.156916666667,3407.7152499999997
2021-12-02,3179.99,3190.87,3198.03,3169.02,27417737.0,sse50,上证50,3202.2635,3206.5671999999995,3215.811833333333,3271.73825,3404.81225
2021-12-03,3191.17,3221.42,3221.42,3191.17,27269079.0,sse50,上证50,3203.2570000000005,3204.7340000000004,3216.7515000000003,3268.74775,3402.04075
2021-12-06,3234.43,3228.14,3257.19,3223.21,35412743.0,sse50,上证50,3204.8505,3203.8228000000004,3217.7688333333335,3265.752833333333,3399.17335
2021-12-07,3255.56,3254.5,3262.09,3237.16,37783743.0,sse50,上证50,3208.2275,3205.5216000000005,3219.079166666667,3262.8096666666665,3396.242
2021-12-08,3263.26,3304.71,3306.97,3247.33,32746658.0,sse50,上证50,3214.943,3210.452,3220.6376666666665,3260.5424166666667,3393.3132
2021-12-09,3312.33,3360.18,3393.16,3309.95,42556313.0,sse50,上证50,3221.2835000000005,3216.5688,3222.5065000000004,3259.1383333333333,3390.34995
2021-12-10,3339.24,3353.63,3353.63,3332.99,39390678.0,sse50,上证50,3227.9375,3222.652,3224.846,3258.032833333333,3386.9754500000004
2021-12-13,3391.62,3366.07,3428.74,3363.69,39748705.0,sse50,上证50,3235.1565,3229.4440000000004,3227.5425,3257.0700833333335,3383.7342
2021-12-14,3353.03,3350.5,3364.52,3342.12,31469833.0,sse50,上证50,3241.573,3235.9856,3229.178833333333,3256.2026666666666,3380.4144
2021-12-15,3340.75,3318.98,3359.67,3318.41,24821807.0,sse50,上证50,3247.083,3241.9288,3230.461166666667,3255.267083333333,3377.59995
2021-12-16,3312.7,3330.86,3330.86,3304.53,25337358.0,sse50,上证50,3254.957,3245.8284000000003,3232.837833333333,3254.1516666666666,3374.76565
2021-12-17,3321.67,3278.9,3330.23,3278.12,26333767.0,sse50,上证50,3258.2565000000004,3248.1624000000006,3235.0423333333333,3252.5480000000002,3372.1328
2021-12-20,3264.1,3255.35,3294.13,3247.3,27848485.0,sse50,上证50,3260.4165000000003,3249.5088,3237.1549999999997,3250.6433333333334,3369.1544
2021-12-21,3253.29,3273.03,3277.37,3251.96,24536741.0,sse50,上证50,3262.8605,3251.5432,3239.0068333333334,3248.4600833333334,3366.73525
2021-12-22,3280.69,3260.57,3287.76,3257.01,22342857.0,sse50,上证50,3264.297,3253.6148000000003,3241.3106666666663,3246.2920000000004,3364.09875
2021-12-23,3265.71,3287.19,3287.19,3246.24,21417726.0,sse50,上证50,3267.754,3258.1672000000003,3243.9668333333334,3244.6625,3361.9408500000004
2021-12-24,3293.3,3290.24,3306.91,3278.2,21806184.0,sse50,上证50,3272.898,3261.2603999999997,3246.3856666666666,3242.9257500000003,3359.305
2021-12-27,3286.11,3278.44,3291.98,3264.02,19675636.0,sse50,上证50,3277.4675,3263.9120000000003,3247.6935,3240.785666666667,3357.1539000000002
2021-12-28,3282.6,3303.4,3307.79,3280.27,26002262.0,sse50,上证50,3284.37,3267.0819999999994,3249.231,3239.912,3355.2275
2021-12-29,3308.21,3240.85,3308.23,3240.85,20098541.0,sse50,上证50,3287.3915,3267.4424,3249.9246666666663,3238.545833333333,3353.5646
2021-12-30,3240.26,3261.79,3277.0,3236.16,22285032.0,sse50,上证50,3290.9375,3269.1919999999996,3251.0046666666667,3237.3500833333333,3352.3255
2021-12-31,3269.61,3274.32,3282.68,3261.84,20549961.0,sse50,上证50,3293.5824999999995,3272.6704,3251.3056666666666,3236.0995,3351.03685
2022-01-04,3277.67,3264.07,3281.74,3224.34,29982637.0,sse50,上证50,3295.379,3275.7512000000006,3251.1,3235.1895833333333,3349.23065
2022-01-05,3259.21,3254.28,3289.16,3244.21,37064050.0,sse50,上证50,3295.368,3279.3084000000003,3251.0150000000003,3234.2953333333335,3347.3391500000002
2022-01-06,3242.53,3210.39,3251.12,3194.95,31730403.0,sse50,上证50,3290.6519999999996,3280.5072000000005,3249.6421666666665,3232.8443333333335,3345.5567000000005
2022-01-07,3213.26,3223.27,3240.74,3213.26,40694724.0,sse50,上证50,3283.8065,3281.8032000000003,3248.8518333333336,3231.440416666667,3343.67725
2022-01-10,3217.35,3236.12,3237.22,3197.9,33382804.0,sse50,上证50,3277.9309999999996,3282.3912,3247.873333333334,3230.579916666667,3341.9037
2022-01-11,3229.46,3214.53,3247.9,3210.4,30666420.0,sse50,上证50,3270.3540000000003,3281.8468,3247.621666666667,3228.94025,3339.9483499999997
2022-01-12,3220.19,3236.31,3244.23,3211.28,32441693.0,sse50,上证50,3264.6445,3281.1191999999996,3247.2823333333336,3227.827,3338.5697999999998
2022-01-13,3243.05,3184.11,3247.82,3182.85,34782304.0,sse50,上证50,3257.901,3276.2952,3246.100833333333,3226.149833333334,3336.7982
2022-01-14,3173.85,3139.05,3173.85,3136.99,34517032.0,sse50,上证50,3248.3105,3267.45,3243.776,3224.1533333333336,3334.9116500000005
2022-01-17,3139.41,3147.7,3159.19,3134.08,27036085.0,sse50,上证50,3241.7504999999996,3259.2128000000002,3240.9355,3222.1465000000003,3333.31995
2022-01-18,3147.85,3187.52,3198.47,3137.11,35057294.0,sse50,上证50,3238.359,3252.0708,3238.8558333333335,3220.4365000000003,3331.9382
2022-01-19,3194.92,3187.19,3201.94,3172.26,30991267.0,sse50,上证50,3234.067,3245.5383999999995,3237.141666666667,3219.0176666666666,3330.2255
2022-01-20,3188.14,3233.7,3251.22,3187.61,40261127.0,sse50,上证50,3232.7235,3242.1272000000004,3236.9183333333335,3219.0620833333332,3328.7054500000004
2022-01-21,3227.2,3218.74,3234.47,3202.73,32332709.0,sse50,上证50,3229.301,3237.6423999999997,3236.5705000000003,3219.83175,3326.91295
2022-01-24,3204.18,3209.74,3218.98,3185.52,28274229.0,sse50,上证50,3225.276,3234.8759999999997,3235.612,3220.290916666667,3325.2648
2022-01-25,3192.12,3144.95,3198.11,3144.73,30310006.0,sse50,上证50,3218.6014999999998,3230.46,3233.8458333333333,3219.9755,3323.0763
2022-01-26,3156.65,3163.67,3169.53,3126.55,24181727.0,sse50,上证50,3211.6150000000002,3226.0856,3233.0398333333337,3220.2325833333334,3320.8108500000003
2022-01-27,3168.14,3119.24,3168.76,3115.86,31101442.0,sse50,上证50,3205.5344999999998,3220.4323999999997,3232.0029999999997,3219.46675,3318.4334999999996
2022-01-28,3127.18,3054.02,3140.29,3048.33,33555305.0,sse50,上证50,3195.1459999999997,3211.1056,3229.449,3218.0516666666663,3315.91125
2022-02-07,3102.62,3114.26,3129.19,3096.69,36475097.0,sse50,上证50,3187.1429999999996,3204.0664,3227.9941666666664,3217.061333333333,3313.61735
2022-02-08,3107.89,3116.5,3118.58,3061.22,40365312.0,sse50,上证50,3179.7644999999998,3197.5888,3226.6646666666666,3216.1375,3311.6293
2022-02-09,3118.97,3139.56,3148.23,3110.88,39144403.0,sse50,上证50,3174.0285,3191.0352000000003,3225.874666666666,3215.6696666666667,3309.94175
2022-02-10,3145.33,3145.11,3146.96,3125.11,36505632.0,sse50,上证50,3170.7645,3187.2056,3225.4531666666667,3214.9188333333336,3308.36
2022-02-11,3133.8,3142.91,3172.09,3130.69,43597711.0,sse50,上证50,3166.7465,3182.4504,3223.9455000000003,3213.7043333333336,3306.7287
2022-02-14,3131.39,3104.0,3131.84,3093.64,38925745.0,sse50,上证50,3160.1405,3175.6376,3222.0029999999997,3212.3828333333336,3305.09125
2022-02-15,3101.36,3119.93,3126.42,3097.08,29313438.0,sse50,上证50,3155.4105,3169.8719999999994,3220.3070000000002,3211.498,3303.4504
2022-02-16,3134.88,3136.08,3150.86,3129.04,24834963.0,sse50,上证50,3150.3990000000003,3165.144,3218.8721666666665,3210.8166666666666,3301.5638
2022-02-17,3138.77,3139.18,3156.87,3132.09,25461095.0,sse50,上证50,3148.1525,3162.2956,3217.7121666666667,3210.1213333333335,3299.7091000000005
2022-02-18,3126.28,3162.82,3162.82,3121.95,23878993.0,sse50,上证50,3149.341,3159.8776000000003,3217.5361666666663,3210.2291666666665,3297.9427
2022-02-21,3155.32,3144.87,3155.88,3128.59,26359310.0,sse50,上证50,3149.1995,3156.2276,3216.4021666666667,3209.8485,3296.2299
2022-02-22,3122.04,3102.33,3122.29,3082.39,31556389.0,sse50,上证50,3144.9399999999996,3151.7395999999994,3214.5718333333334,3209.4981666666667,3294.1214499999996
2022-02-23,3108.9,3118.04,3120.34,3094.21,29689006.0,sse50,上证50,3141.4825,3147.0088,3212.8033333333337,3209.8755833333335,3292.3733500000003
2022-02-24,3098.14,3059.64,3104.7,3038.35,47071850.0,sse50,上证50,3132.7794999999996,3142.03,3209.9333333333334,3209.5401666666667,3290.29005
2022-02-25,3076.8,3075.59,3104.87,3068.18,35633018.0,sse50,上证50,3125.6220000000003,3139.4916,3207.5589999999997,3208.9386666666664,3288.3027999999995
2022-02-28,3069.1,3080.78,3081.36,3049.56,30665369.0,sse50,上证50,3119.174,3136.8147999999997,3205.7826666666665,3208.2801666666664,3286.12065
2022-03-01,3093.93,3125.69,3129.26,3093.93,27637981.0,sse50,上证50,3118.2110000000002,3134.3415999999997,3204.7599999999998,3208.587333333334,3284.29315
2022-03-02,3108.62,3107.24,3113.35,3097.89,27745652.0,sse50,上证50,3115.3895,3131.1436000000003,3203.7915000000003,3208.4555833333334,3282.57965
2022-03-03,3117.65,3097.09,3124.89,3090.2,37055877.0,sse50,上证50,3114.282,3125.6792,3202.402666666667,3208.3255000000004,3281.0335499999997
2022-03-04,3068.4,3062.38,3079.47,3052.69,30916750.0,sse50,上证50,3114.7,3119.4248000000002,3200.2611666666667,3208.0365,3279.34555
2022-03-07,3042.02,2974.68,3042.02,2965.22,42658437.0,sse50,上证50,3107.7210000000005,3110.0224,3196.148833333333,3206.450166666667,3277.0303999999996
2022-03-08,2983.05,2933.16,3005.56,2920.97,41055611.0,sse50,上证50,3098.554,3101.5508,3191.2325,3204.500666666667,3274.4569
2022-03-09,2949.33,2907.18,2965.57,2809.99,47271918.0,sse50,上证50,3086.935,3091.2912,3185.4438333333333,3202.2615,3271.92335
2022-03-10,2969.49,2933.46,2973.61,2931.09,34223800.0,sse50,上证50,3076.3525,3083.86,3179.2563333333333,3199.947,3269.07545
2022-03-11,2897.34,2935.68,2944.25,2852.79,36457746.0,sse50,上证50,3065.991,3079.1263999999996,3172.1813333333334,3197.3439166666667,3266.0543000000007
2022-03-14,2889.83,2851.88,2920.71,2851.86,32374054.0,sse50,上证50,3053.3849999999998,3068.6312,3163.818833333333,3194.3324166666666,3262.6252000000004
2022-03-15,2808.73,2702.85,2825.55,2702.85,52158420.0,sse50,上证50,3032.531,3052.0852,3152.7651666666666,3190.153833333333,3258.5821
2022-03-16,2746.15,2827.75,2836.85,2688.7,48116574.0,sse50,上证50,3017.1145,3039.6128000000003,3144.052666666667,3186.61575,3255.1086000000005
2022-03-17,2888.24,2877.22,2918.54,2861.24,43227263.0,sse50,上证50,3004.0165,3028.8972,3136.69,3183.5755833333333,3252.0854
2022-03-18,2869.7,2913.19,2925.72,2853.77,41302996.0,sse50,上证50,2991.535,3019.7083999999995,3129.7288333333336,3181.2833333333333,3249.1625999999997
2022-03-21,2919.26,2892.11,2919.26,2868.4,30484657.0,sse50,上证50,2978.897,3011.2327999999998,3123.2823333333336,3179.162333333333,3245.4167
2022-03-22,2893.57,2900.77,2921.73,2885.02,30745210.0,sse50,上证50,2968.8190000000004,3002.4664000000002,3117.372666666667,3177.2638333333334,3241.6345999999994
2022-03-23,2908.97,2916.51,2928.44,2890.49,30046700.0,sse50,上证50,2958.7425,2993.6836,3111.430666666667,3175.21875,3237.89245
2022-03-24,2898.14,2903.62,2918.3,2885.37,27733927.0,sse50,上证50,2950.9415,2984.2612,3105.4815000000003,3173.396083333333,3234.1140499999997
2022-03-25,2898.49,2856.43,2910.92,2855.33,26769999.0,sse50,上证50,2939.9835,2972.0056,3098.302166666667,3171.1345,3230.1451
2022-03-28,2817.26,2853.18,2866.07,2798.7,32136239.0,sse50,上证50,2928.6035,2960.3379999999997,3091.0178333333333,3168.70175,3226.1564999999996
2022-03-29,2854.8,2842.15,2873.61,2837.7,23659055.0,sse50,上证50,2914.4265,2949.9308,3083.7463333333335,3165.7199166666664,3222.2552499999997
2022-03-30,2864.24,2915.49,2915.49,2861.55,34005232.0,sse50,上证50,2904.839,2941.8288000000002,3077.2811666666666,3163.256083333333,3218.8769
2022-03-31,2901.07,2898.83,2915.51,2892.11,33168180.0,sse50,上证50,2894.9260000000004,2935.3964,3071.5808333333334,3160.75275,3215.30755
2022-04-01,2886.36,2943.24,2954.51,2877.07,33968847.0,sse50,上证50,2888.969,2930.1023999999998,3066.2716666666665,3158.638166666666,3212.0182
2022-04-06,2918.5,2931.2,2941.05,2910.02,43394908.0,sse50,上证50,2886.7949999999996,2924.1191999999996,3060.553,3155.9293333333335,3208.7727999999997
2022-04-07,2916.8,2902.48,2943.24,2896.73,32822742.0,sse50,上证50,2885.261,2915.1908000000003,3054.5265,3152.8132499999997,3205.34755
2022-04-08,2903.24,2925.49,2929.89,2889.2,36235320.0,sse50,上证50,2886.1765,2907.9207999999994,3049.0466666666666,3150.0308333333332,3201.9365999999995
2022-04-11,2908.54,2846.38,2908.54,2839.56,35918823.0,sse50,上证50,2881.8224999999998,2897.8923999999997,3042.9798333333333,3146.311,3198.2845999999995
2022-04-12,2854.29,2894.26,2895.53,2827.63,33993926.0,sse50,上证50,2879.7515,2891.1675999999993,3037.4963333333335,3143.174083333333,3195.11255
2022-04-13,2881.74,2882.28,2914.2,2871.05,31148190.0,sse50,上证50,2881.2715,2887.4716,3031.599,3139.736166666667,3192.0925
2022-04-14,2905.77,2928.6,2947.45,2897.05,28667727.0,sse50,上证50,2892.559,2887.2891999999997,3026.8334999999997,3137.2275833333333,3189.3275
2022-04-15,2911.14,2930.58,2943.6,2908.56,29589595.0,sse50,上证50,2897.7005,2888.2252000000003,3021.738,3134.5101666666665,3186.70745
2022-04-18,2902.44,2887.72,2902.44,2875.96,29100859.0,sse50,上证50,2898.2254999999996,2886.3956,3016.798166666667,3131.4495,3183.9898
2022-04-19,2881.9,2861.57,2899.26,2843.65,28428423.0,sse50,上证50,2895.6445,2883.4312,3012.1735,3127.97475,3180.9741
2022-04-20,2859.6,2835.35,2868.57,2828.21,29268541.0,sse50,上证50,2892.8064999999997,2882.77,3006.9676666666664,3123.9515833333335,3177.79415
2022-04-21,2821.36,2797.53,2848.82,2784.56,32855480.0,sse50,上证50,2887.6445,2886.5571999999997,3000.467833333333,3119.661833333333,3174.3622499999997
2022-04-22,2773.37,2814.13,2826.68,2769.67,30841685.0,sse50,上证50,2882.5255,2886.0124,2994.2501666666662,3115.6959166666666,3170.7578
2022-04-25,2750.56,2683.41,2772.55,2682.52,44285813.0,sse50,上证50,2871.515,2878.2599999999993,2985.078666666667,3110.9985,3166.5711499999998
2022-04-26,2685.27,2681.03,2729.19,2667.91,40300799.0,sse50,上证50,2862.745,2868.9736000000003,2976.116833333333,3106.3436666666666,3162.5626500000003
2022-04-27,2674.46,2734.54,2737.03,2674.18,42085861.0,sse50,上证50,2856.8129999999996,2862.6708000000003,2968.1968333333334,3101.9044166666667,3158.7420999999995
2022-04-28,2725.63,2769.71,2775.06,2722.24,37834530.0,sse50,上证50,2853.191,2857.4284000000002,2961.9428333333335,3097.894333333333,3154.9144
2022-04-29,2772.95,2805.34,2820.55,2742.97,41414875.0,sse50,上证50,2847.6835,2852.9816000000005,2955.9706666666666,3094.50525,3151.8999
2022-05-05,2806.04,2800.93,2824.54,2799.72,35231760.0,sse50,上证50,2842.7884999999997,2848.874,2950.6655000000005,3091.33425,3148.8806
2022-05-06,2754.97,2719.76,2760.44,2716.17,27479846.0,sse50,上证50,2831.6145,2843.4072,2945.0944999999997,3087.2717500000003,3145.453
2022-05-09,2706.42,2695.13,2716.66,2679.31,21893335.0,sse50,上证50,2819.811,2837.0851999999995,2938.109,3083.0515833333334,3141.8066999999996
2022-05-10,2653.99,2718.37,2733.11,2644.87,34330161.0,sse50,上证50,2810.6055,2832.134,2931.4735,3079.0690833333338,3138.5322499999997
2022-05-11,2714.68,2741.23,2769.48,2713.86,38132220.0,sse50,上证50,2801.3925,2825.1636,2924.834666666667,3075.3546666666666,3135.4304500000003
2022-05-12,2723.41,2721.77,2740.52,2711.35,25835635.0,sse50,上证50,2795.1620000000003,2818.0812,2917.779,3071.6160833333333,3132.1167499999997
2022-05-13,2741.77,2748.24,2760.43,2729.58,27262977.0,sse50,上证50,2787.861,2810.2812,2911.2011666666667,3067.5733333333333,3128.8992500000004
2022-05-16,2764.39,2720.41,2765.9,2710.57,27278739.0,sse50,上证50,2779.7675000000004,2801.8496,2904.8079999999995,3063.4055,3125.8044
2022-05-17,2730.42,2756.74,2756.74,2723.7,28362394.0,sse50,上证50,2771.1745,2796.02,2898.7548333333334,3059.530916666666,3122.53165
2022-05-18,2765.28,2745.53,2765.28,2720.92,25319083.0,sse50,上证50,2761.922,2788.8216,2892.245666666667,3055.558916666667,3119.4098
2022-05-19,2711.45,2744.55,2748.3,2708.81,25978539.0,sse50,上证50,2754.7635,2784.7484000000004,2885.6684999999998,3051.690333333333,3116.2057
2022-05-20,2759.83,2807.94,2807.98,2759.83,34667621.0,sse50,上证50,2752.082,2781.2956,2879.7538333333337,3048.6449999999995,3113.35225
2022-05-23,2813.93,2782.55,2813.93,2769.7,28488753.0,sse50,上证50,2749.442,2777.3064,2873.7151666666664,3045.0586666666663,3110.3224
2022-05-24,2784.65,2734.19,2786.54,2733.7,32609850.0,sse50,上证50,2746.275,2769.53,2867.5795,3041.075666666666,3107.0297499999997
2022-05-25,2737.64,2743.42,2749.07,2727.49,23772738.0,sse50,上证50,2742.7395,2762.0436,2861.335833333333,3037.0695833333334,3103.9596
2022-05-26,2749.99,2744.9,2760.8,2717.74,28441444.0,sse50,上证50,2745.8140000000003,2756.3308,2856.090166666667,3033.0117499999997,3101.5422500000004
2022-05-27,2766.32,2763.07,2789.24,2753.78,29185247.0,sse50,上证50,2749.916,2752.3908,2850.8815000000004,3029.22025,3099.7257
2022-05-30,2777.85,2778.45,2788.98,2767.09,27674307.0,sse50,上证50,2752.1115,2750.1148,2845.842666666667,3025.8126666666667,3097.84475
2022-05-31,2780.56,2813.22,2817.49,2769.56,32518688.0,sse50,上证50,2754.287,2750.7424,2840.634833333333,3022.697416666667,3095.99685
2022-06-01,2811.15,2798.07,2812.78,2783.61,26244837.0,sse50,上证50,2753.9235,2750.1,2835.4819999999995,3019.6367499999997,3094.3231
2022-06-02,2786.08,2790.32,2794.1,2776.73,25268373.0,sse50,上证50,2753.393,2754.3764,2830.3691666666664,3016.3859166666666,3092.219
2022-06-06,2792.44,2825.65,2826.6,2762.96,43391368.0,sse50,上证50,2758.6875,2760.1612,2826.4236666666666,3013.342416666667,3090.2281
2022-06-07,2828.16,2846.81,2863.14,2819.82,36678863.0,sse50,上证50,2766.2715,2764.652,2824.2925,3010.220666666667,3088.2966499999998
2022-06-08,2857.69,2879.31,2888.67,2849.26,35299288.0,sse50,上证50,2774.3185,2769.0359999999996,2823.3949999999995,3007.3137500000003,3086.5564
2022-06-09,2877.88,2868.42,2896.74,2857.82,39319631.0,sse50,上证50,2780.6780000000003,2771.5591999999997,2822.7490000000003,3004.0964166666668,3084.92
2022-06-10,2843.58,2899.58,2902.48,2836.86,43608837.0,sse50,上证50,2789.5685,2775.5052,2822.184333333333,3000.720333333333,3083.2418500000003
2022-06-13,2862.9,2844.72,2868.62,2826.98,47424830.0,sse50,上证50,2794.3925,2780.5036,2820.668333333333,2996.424833333333,3081.0222000000003
2022-06-14,2814.82,2882.7,2884.47,2808.98,49868702.0,sse50,上证50,2802.507,2788.0064,2821.1820000000002,2992.5004166666668,3079.1227999999996
2022-06-15,2882.15,2923.99,2971.36,2882.15,67945052.0,sse50,上证50,2810.8695,2796.2312,2824.8676666666665,2988.8164166666666,3077.6121999999996
2022-06-16,2927.16,2891.34,2936.47,2888.74,47081868.0,sse50,上证50,2818.16,2802.2356,2825.9275,2984.990083333333,3075.9797000000003
2022-06-17,2876.51,2936.2,2943.32,2876.51,40393929.0,sse50,上证50,2827.7425,2810.8127999999997,2826.9105,2981.8002500000002,3074.5476
2022-06-20,2935.22,2924.92,2951.07,2904.38,45610418.0,sse50,上证50,2833.5915,2817.88,2827.106,2978.4174166666667,3073.4228000000003
2022-06-21,2924.15,2926.48,2945.7,2902.38,55889183.0,sse50,上证50,2840.788,2826.1228,2827.678833333333,2975.480583333333,3072.10245
2022-06-22,2932.06,2892.29,2932.06,2890.76,56598161.0,sse50,上证50,2848.693,2831.5447999999997,2827.5375,2972.4550833333337,3070.8420499999997
2022-06-23,2896.72,2935.88,2936.64,2896.72,62859404.0,sse50,上证50,2858.316,2839.1588,2827.860333333333,2969.6454999999996,3070.1576999999997
2022-06-24,2945.29,2974.75,2983.61,2944.19,63000143.0,sse50,上证50,2869.8085,2848.3668,2829.045833333333,2967.2636666666663,3069.5319999999997
2022-06-27,2991.1,3013.95,3034.69,2991.1,61419225.0,sse50,上证50,2882.3525,2856.6072000000004,2831.6711666666665,2964.986666666666,3068.8629000000005
2022-06-28,3012.62,3039.41,3044.54,2991.54,54792326.0,sse50,上证50,2895.4005,2866.8816,2834.775,2962.896416666667,3068.26095
2022-06-29,3029.38,3009.24,3050.45,3001.28,50725385.0,sse50,上证50,2905.2015,2877.8835999999997,2837.5598333333337,2960.653083333333,3067.8630000000003
2022-06-30,3001.81,3058.4,3085.22,3001.81,43874919.0,sse50,上证50,2918.218,2890.4828,2839.9416666666666,2958.6114166666666,3067.53975
2022-07-01,3066.59,3045.27,3072.85,3033.6,45684763.0,sse50,上证50,2930.9655,2902.4975999999997,2842.3823333333335,2956.981583333333,3067.2026
2022-07-04,3031.06,3050.15,3051.06,3011.33,40903798.0,sse50,上证50,2942.1904999999997,2913.9808000000003,2844.164166666667,2955.217916666667,3066.96805
2022-07-05,3058.43,3052.11,3078.4,3018.19,45992567.0,sse50,上证50,2952.4555,2924.9272,2846.1793333333335,2953.3661666666667,3066.4033999999997
2022-07-06,3041.49,2996.73,3041.49,2979.33,44206693.0,sse50,上证50,2958.3265,2932.2676,2847.7501666666662,2951.1383333333333,3065.5515499999997
2022-07-07,2994.36,2989.21,3005.0,2968.35,36006411.0,sse50,上证50,2964.366,2939.9132,2848.812166666667,2948.929416666667,3064.6182
2022-07-08,3012.88,2993.31,3022.35,2992.63,34455297.0,sse50,上证50,2969.0525000000002,2948.0328000000004,2851.261,2947.1204166666666,3063.52875
2022-07-11,2974.36,2942.3,2974.36,2930.1,44212391.0,sse50,上证50,2973.9315,2952.6988,2852.0616666666665,2944.779,3062.0
2022-07-12,2942.52,2922.0,2953.7,2910.45,38270400.0,sse50,上证50,2975.8965,2955.7064,2852.7236666666663,2942.161333333333,3060.5437
2022-07-13,2918.35,2914.29,2930.39,2902.66,41584475.0,sse50,上证50,2975.4114999999997,2957.1056,2852.485166666667,2939.6593333333335,3059.09375
2022-07-14,2906.48,2895.3,2916.18,2882.57,47853249.0,sse50,上证50,2975.6095,2958.1808,2851.8971666666666,2936.817583333333,3057.30865
2022-07-15,2873.81,2839.39,2912.32,2839.39,46688478.0,sse50,上证50,2970.769,2955.7732,2851.0916666666667,2933.944916666667,3055.2954
2022-07-18,2849.99,2878.64,2880.75,2826.13,37044128.0,sse50,上证50,2968.455,2957.13,2851.3761666666664,2931.7748333333334,3053.7473000000005
2022-07-19,2876.32,2865.6,2876.4,2839.06,31837183.0,sse50,上证50,2965.4109999999996,2956.446,2851.8803333333335,2929.424,3052.3421500000004
2022-07-20,2883.52,2874.08,2887.94,2867.59,25435960.0,sse50,上证50,2964.5004999999996,2954.4495999999995,2853.156166666667,2926.812,3051.0696
2022-07-21,2862.87,2836.66,2866.31,2836.24,31975666.0,sse50,上证50,2959.5395,2952.2624,2853.5316666666668,2923.8909166666667,3049.4433000000004
2022-07-22,2845.92,2848.44,2869.36,2828.65,27685924.0,sse50,上证50,2953.2239999999997,2948.752,2856.2821666666664,2920.680416666667,3048.0738
2022-07-25,2846.83,2837.26,2846.98,2829.24,21598772.0,sse50,上证50,2944.3895,2945.2456,2858.886,2917.501416666667,3046.6209999999996
2022-07-26,2845.14,2854.64,2864.46,2843.0,25431635.0,sse50,上证50,2935.151,2942.3719999999994,2860.887666666667,2914.5422499999995,3045.16865
2022-07-27,2847.01,2829.92,2847.86,2825.62,22851265.0,sse50,上证50,2926.185,2939.8772,2861.891166666667,2911.9170000000004,3043.3184
2022-07-28,2839.25,2827.11,2861.52,2826.53,28466460.0,sse50,上证50,2914.6205,2935.5263999999997,2862.2540000000004,2909.112333333333,3041.3982
2022-07-29,2827.47,2792.33,2849.25,2784.57,33568668.0,sse50,上证50,2901.9735,2928.2295999999997,2862.1106666666665,2906.3880833333333,3039.3637
2022-08-01,2785.69,2781.68,2794.18,2763.58,28003765.0,sse50,上证50,2888.55,2918.9388,2863.1426666666666,2904.118583333334,3037.28715
2022-08-02,2757.19,2730.76,2757.19,2705.73,38548568.0,sse50,上证50,2872.4825,2906.5928,2863.7365,2900.92275,3034.65965
2022-08-03,2735.16,2710.72,2755.68,2705.95,30843803.0,sse50,上证50,2858.182,2894.652,2863.609,2897.54125,3031.8312
2022-08-04,2724.8,2741.09,2743.62,2717.79,26974489.0,sse50,上证50,2845.776,2881.9595999999997,2863.6066666666666,2894.220666666667,3029.2397499999997
2022-08-05,2748.65,2774.34,2777.11,2738.14,28242294.0,sse50,上证50,2834.8275000000003,2871.1224000000007,2864.4828333333335,2891.1309166666665,3026.6476500000003
2022-08-08,2762.32,2761.16,2771.36,2751.36,23846182.0,sse50,上证50,2825.7704999999996,2859.5627999999997,2864.6981666666666,2887.949666666667,3024.1
2022-08-09,2760.24,2764.07,2769.73,2752.49,21903695.0,sse50,上证50,2817.874,2848.0412,2865.4258333333337,2885.116916666667,3021.4462
2022-08-10,2762.36,2730.96,2770.5,2719.61,22936910.0,sse50,上证50,2808.7075,2837.4103999999998,2864.9961666666663,2881.8755,3018.9528499999997
2022-08-11,2744.68,2787.06,2787.37,2737.88,29472385.0,sse50,上证50,2803.2955,2829.3244,2865.688333333333,2878.9669999999996,3016.6048000000005
2022-08-12,2780.05,2796.89,2802.58,2774.96,26662477.0,sse50,上证50,2801.1705,2821.4676,2866.5606666666667,2876.1145833333335,3014.3142500000004
2022-08-15,2787.51,2782.67,2811.24,2779.63,26458290.0,sse50,上证50,2796.3720000000003,2815.0824,2866.1394999999998,2872.9466666666663,3011.8349
2022-08-16,2785.94,2769.26,2793.27,2764.66,23477494.0,sse50,上证50,2791.5550000000003,2808.9727999999996,2865.918,2869.8165833333333,3009.09055
2022-08-17,2773.39,2785.85,2791.71,2751.02,28030548.0,sse50,上证50,2787.1435,2803.8352,2866.7790000000005,2867.1792499999997,3006.4583
2022-08-18,2778.13,2759.29,2783.76,2751.48,22583132.0,sse50,上证50,2783.275,2798.3948,2867.0434999999998,2864.1896666666667,3003.8045500000003
2022-08-19,2755.09,2750.63,2772.22,2750.06,28186658.0,sse50,上证50,2778.3845,2794.8444,2867.139,2861.6145833333335,3001.3221999999996
2022-08-22,2737.4,2756.37,2767.28,2736.13,29128136.0,sse50,上证50,2774.34,2789.9536,2867.027333333333,2858.954416666667,2998.906
2022-08-23,2754.63,2735.67,2759.69,2727.74,24908538.0,sse50,上证50,2768.3915,2784.7564,2866.3143333333333,2856.0785,2996.2481
2022-08-24,2738.38,2708.09,2750.87,2706.15,30925306.0,sse50,上证50,2762.3,2778.1168000000007,2864.562166666667,2852.5985,2993.53395
2022-08-25,2715.64,2752.56,2756.94,2707.46,31964009.0,sse50,上证50,2758.5725,2774.7528,2863.8036666666667,2849.6428333333333,2991.2365999999997
2022-08-26,2758.51,2751.59,2763.64,2745.52,26031347.0,sse50,上证50,2756.5355,2770.8788,2863.1581666666666,2846.7636666666663,2989.0873000000006
2022-08-29,2721.86,2732.21,2736.6,2718.97,24890507.0,sse50,上证50,2754.062,2766.6767999999997,2861.6008333333334,2844.01225,2986.71205
2022-08-30,2731.98,2726.66,2741.6,2705.05,25930522.0,sse50,上证50,2753.857,2761.5576,2859.5983333333334,2841.9454166666665,2984.3376000000003
2022-08-31,2713.29,2761.78,2779.62,2713.29,39886395.0,sse50,上证50,2756.41,2758.8320000000003,2857.6395,2840.51725,2982.1651500000003
2022-09-01,2750.03,2732.4,2757.88,2731.7,25422479.0,sse50,上证50,2755.9755,2755.0436000000004,2855.3725,2839.0607499999996,2979.89235
2022-09-02,2737.2,2711.26,2740.66,2698.33,22781335.0,sse50,上证50,2752.8215,2751.8008,2852.233833333333,2837.209083333333,2977.59665
2022-09-05,2700.11,2697.77,2706.96,2676.6,24938690.0,sse50,上证50,2749.652,2748.4444,2849.784666666667,2835.2264999999998,2974.91865
2022-09-06,2706.1,2724.5,2726.72,2704.0,29124448.0,sse50,上证50,2747.6735,2748.1940000000004,2847.148,2834.165,2972.4383999999995
2022-09-07,2709.77,2710.69,2718.17,2703.08,23454754.0,sse50,上证50,2746.6600000000003,2748.1928000000003,2843.5930000000003,2834.2303333333334,2969.8834
2022-09-08,2714.03,2708.28,2725.25,2707.47,24209022.0,sse50,上证50,2742.721,2746.8804000000005,2840.5420000000004,2833.2347500000005,2967.3139499999997
2022-09-09,2719.01,2757.57,2763.17,2710.77,32485640.0,sse50,上证50,2740.755,2746.2095999999997,2837.5648333333334,2832.2376666666664,2965.0579000000002
2022-09-13,2769.41,2769.23,2781.4,2751.09,29928992.0,sse50,上证50,2740.083,2746.5324000000005,2834.97,2831.038,2963.03715
2022-09-14,2734.91,2745.43,2760.4,2732.78,24848499.0,sse50,上证50,2738.8915,2745.7868,2831.9525,2829.815666666667,2960.69975
2022-09-15,2753.13,2743.79,2769.46,2728.84,33698861.0,sse50,上证50,2736.7884999999997,2746.3,2829.4775,2828.5074999999997,2958.3579499999996
2022-09-16,2731.96,2678.03,2738.65,2678.03,38441774.0,sse50,上证50,2732.7255,2741.9388,2825.18,2826.520166666667,2955.6273499999998
2022-09-19,2677.33,2679.59,2695.4,2669.09,27260379.0,sse50,上证50,2729.1735,2737.2468,2820.2606666666666,2824.6532500000003,2952.8660999999997
2022-09-20,2688.17,2673.88,2691.55,2666.66,23751394.0,sse50,上证50,2725.049,2732.8952000000004,2814.5928333333336,2823.1319999999996,2950.1452499999996
2022-09-21,2667.17,2652.21,2670.06,2641.72,23960147.0,sse50,上证50,2720.876,2728.2132,2808.1394999999998,2821.45725,2947.4695
2022-09-22,2632.0,2629.37,2645.57,2621.82,24229236.0,sse50,上证50,2716.94,2721.954,2801.808333333334,2819.6840833333335,2944.6811000000002
2022-09-23,2625.25,2629.81,2649.81,2618.94,30277934.0,sse50,上证50,2710.8025000000002,2716.7748000000006,2794.6651666666667,2817.303416666667,2942.0033999999996
2022-09-26,2612.67,2614.9,2650.25,2611.53,34384533.0,sse50,上证50,2703.968,2711.3456,2787.4923333333336,2814.9373333333338,2939.1758
2022-09-27,2616.05,2642.92,2645.74,2605.24,26144970.0,sse50,上证50,2699.5035000000003,2706.8076,2780.7051666666666,2812.434666666667,2936.4360500000003
2022-09-28,2635.26,2611.98,2637.02,2608.64,24732086.0,sse50,上证50,2693.7695,2701.86,2773.3696666666665,2809.7745,2933.3888500000003
2022-09-29,2633.07,2608.98,2644.07,2596.96,25969017.0,sse50,上证50,2686.1295,2697.8956,2766.907166666667,2807.328666666667,2930.2930499999998
2022-09-30,2618.08,2610.12,2631.78,2604.93,23244464.0,sse50,上证50,2680.0155,2692.198,2760.589,2804.7005833333333,2927.0711499999998
2022-10-10,2610.76,2545.05,2611.05,2542.01,33718358.0,sse50,上证50,2671.705,2683.9364,2753.118,2802.1895,2923.2728500000003
2022-10-11,2552.17,2539.95,2553.21,2532.28,24216496.0,sse50,上证50,2663.814,2676.2459999999996,2746.412166666667,2799.236916666667,2919.1717
2022-10-12,2537.81,2555.02,2556.52,2482.55,28635606.0,sse50,上证50,2655.34,2669.3804000000005,2740.295833333333,2796.5097499999997,2915.17865
2022-10-13,2534.51,2523.63,2541.16,2517.44,28627223.0,sse50,上证50,2645.987,2659.8544,2733.784833333333,2793.135,2910.9664500000003
2022-10-14,2544.24,2584.68,2599.14,2541.38,33449619.0,sse50,上证50,2639.807,2653.9456,2728.6078333333335,2790.2525,2907.13735
2022-10-17,2572.61,2585.5,2588.34,2561.24,26826742.0,sse50,上证50,2631.2035,2648.9152000000004,2724.376333333333,2787.7339999999995,2903.46995
2022-10-18,2594.7,2569.97,2598.21,2565.04,20975050.0,sse50,上证50,2621.2405,2643.8032000000003,2719.2318333333333,2785.3040000000005,2899.6655
2022-10-19,2562.54,2519.9,2572.3,2519.9,21590683.0,sse50,上证50,2609.964,2635.6191999999996,2713.4701666666665,2782.67525,2895.8705
2022-10-20,2495.02,2501.5,2535.39,2494.29,23833182.0,sse50,上证50,2597.8495000000003,2627.2516000000005,2707.2604999999994,2780.2083333333335,2892.10125
2022-10-21,2503.11,2487.22,2510.6,2473.2,27251549.0,sse50,上证50,2588.309,2618.4092,2701.4365000000003,2777.4840833333337,2888.1722000000004
2022-10-24,2468.7,2392.6,2493.06,2386.54,39801915.0,sse50,上证50,2573.9595,2603.8104,2693.8391666666666,2775.0606666666663,2883.8323500000006
2022-10-25,2386.85,2394.92,2427.32,2376.16,28439409.0,sse50,上证50,2560.0114999999996,2588.8379999999997,2686.4668333333334,2772.676416666667,2879.3709999999996
2022-10-26,2395.87,2400.52,2438.69,2392.74,36580109.0,sse50,上证50,2547.4269999999997,2575.0416,2678.8981666666664,2769.892916666666,2874.9224
2022-10-27,2413.02,2381.26,2432.15,2379.06,35517252.0,sse50,上证50,2535.0215,2560.5404,2671.4205,2766.6558333333332,2870.4365
2022-10-28,2364.75,2326.94,2377.91,2322.64,32458223.0,sse50,上证50,2519.8779999999997,2546.4968,2663.0843333333332,2762.6691666666666,2865.5542000000005
2022-10-31,2300.88,2295.92,2327.06,2288.01,41520625.0,sse50,上证50,2503.929,2531.15,2654.8108333333334,2758.4607499999997,2860.8295499999995
2022-11-01,2306.43,2396.63,2397.0,2306.43,50098867.0,sse50,上证50,2491.6144999999997,2520.06,2648.3933333333334,2755.7679999999996,2856.50375
2022-11-02,2385.71,2418.32,2437.95,2375.51,42290890.0,sse50,上证50,2481.9315,2510.7044,2643.186,2753.46125,2852.22375
2022-11-03,2396.47,2387.45,2409.14,2376.07,28652756.0,sse50,上证50,2470.855,2501.0276,2637.7981666666665,2750.7035833333334,2847.84065
2022-11-04,2383.96,2468.28,2479.23,2383.96,40622068.0,sse50,上证50,2463.763,2494.5664,2633.2513333333336,2748.4289999999996,2843.91065
2022-11-07,2452.01,2477.77,2490.32,2449.63,40441961.0,sse50,上证50,2460.3990000000003,2489.0812,2628.3085,2746.3956666666663,2840.24755
2022-11-08,2476.65,2459.09,2482.58,2442.92,27299352.0,sse50,上证50,2456.356,2481.728,2623.274,2743.9860833333337,2836.42665
2022-11-09,2460.24,2440.35,2470.41,2435.02,25125325.0,sse50,上证50,2450.6225,2474.8628,2617.8786666666665,2741.65225,2832.4478
2022-11-10,2422.01,2440.32,2451.47,2414.35,38204021.0,sse50,上证50,2446.457,2468.1164000000003,2613.034666666667,2739.015416666667,2828.5767500000006
2022-11-11,2511.78,2518.05,2546.09,2482.11,61500881.0,sse50,上证50,2443.1255,2464.4336,2608.5511666666666,2737.11975,2824.9854499999997
2022-11-14,2550.97,2538.3,2577.2,2532.55,50342000.0,sse50,上证50,2440.7655000000004,2464.1636,2604.241333333333,2735.401,2821.7564
2022-11-15,2535.28,2583.72,2594.27,2526.62,36580901.0,sse50,上证50,2441.453,2465.9144,2600.9255,2733.5325000000003,2818.97975
2022-11-16,2581.93,2572.89,2595.3,2568.38,28836155.0,sse50,上证50,2444.1025,2466.6292000000003,2597.652666666667,2731.7853333333337,2816.1057
2022-11-17,2566.28,2560.02,2569.43,2531.3,27483703.0,sse50,上证50,2447.0285,2468.0847999999996,2593.888833333333,2730.333916666667,2812.9682000000003
2022-11-18,2563.27,2546.72,2572.71,2544.84,28456962.0,sse50,上证50,2450.0035,2466.5663999999997,2590.346,2728.69475,2809.7658500000002
2022-11-21,2523.05,2514.85,2523.05,2489.44,25530779.0,sse50,上证50,2456.116,2463.7403999999997,2586.4163333333336,2726.777666666667,2806.1715999999997
2022-11-22,2516.7,2531.34,2555.79,2508.86,37295381.0,sse50,上证50,2462.937,2462.1952,2582.6658333333335,2724.8465833333335,2802.7346
2022-11-23,2524.18,2535.52,2554.76,2520.83,35963861.0,sse50,上证50,2469.6870000000004,2462.82,2579.33,2722.8221666666664,2799.3635
2022-11-24,2550.3,2520.56,2562.08,2517.18,22319192.0,sse50,上证50,2476.652,2463.5824000000002,2576.2045000000003,2720.383333333333,2796.24155
2022-11-25,2518.88,2544.61,2554.54,2512.88,41295288.0,sse50,上证50,2487.5355,2465.878,2572.7386666666666,2718.271166666667,2793.14625
2022-11-28,2489.47,2503.62,2507.78,2458.87,32774737.0,sse50,上证50,2497.9205,2470.3188,2568.6058333333335,2715.882,2790.06815
2022-11-29,2538.61,2607.75,2611.75,2538.61,49083250.0,sse50,上证50,2508.4764999999998,2478.8320000000003,2566.5314999999996,2714.0661666666665,2787.8368
2022-11-30,2595.23,2606.54,2623.85,2593.51,40555440.0,sse50,上证50,2517.8875,2487.0728,2564.5295,2712.0639166666665,2785.2982
2022-12-01,2661.18,2631.21,2678.34,2629.89,44157533.0,sse50,上证50,2530.0755,2497.0708,2562.353333333333,2709.996416666667,2782.87175
2022-12-02,2628.11,2614.61,2630.26,2609.51,29314794.0,sse50,上证50,2537.3920000000003,2508.5776,2560.3901666666666,2707.8813333333333,2780.2470000000003
2022-12-05,2647.46,2676.14,2676.42,2635.75,54629803.0,sse50,上证50,2547.3105,2523.7864,2559.8048333333336,2706.019333333333,2777.9021500000003
2022-12-06,2663.11,2684.85,2704.9,2658.16,36256033.0,sse50,上证50,2558.5985,2535.3152,2559.5895,2704.6870833333332,2775.61185
2022-12-07,2678.64,2670.65,2705.24,2661.25,34532578.0,sse50,上证50,2570.1135000000004,2545.4084,2558.692,2702.92,2773.4451
2022-12-08,2667.36,2672.9,2681.65,2661.75,26334919.0,sse50,上证50,2581.7425000000003,2556.8264,2558.062166666666,2700.827583333333,2771.20995
2022-12-09,2676.71,2706.74,2712.88,2663.6,38346283.0,sse50,上证50,2591.177,2566.3648,2558.0365,2699.28925,2769.06325
2022-12-12,2689.57,2673.94,2700.4,2670.2,31632079.0,sse50,上证50,2597.959,2574.2116,2556.6426666666666,2697.1037499999998,2766.7370499999997
2022-12-13,2673.54,2676.9,2688.22,2668.48,28521298.0,sse50,上证50,2602.618,2582.924,2555.1038333333336,2695.0369166666665,2764.30745
2022-12-14,2678.47,2686.37,2698.01,2663.78,25966933.0,sse50,上证50,2608.2920000000004,2592.7648,2554.1195000000002,2693.036,2762.0149499999998
2022-12-15,2689.57,2675.19,2697.42,2661.85,23159163.0,sse50,上证50,2614.0505000000003,2602.1596,2552.976166666667,2691.226833333333,2759.8792500000004
2022-12-16,2662.48,2688.29,2691.19,2662.48,24961068.0,sse50,上证50,2621.129,2608.9692,2553.147166666667,2689.1635833333335,2757.7304999999997
2022-12-19,2688.12,2646.18,2696.93,2635.19,26354633.0,sse50,上证50,2627.6955,2613.2844,2552.5903333333335,2686.4255000000003,2755.6632
2022-12-20,2636.08,2599.49,2640.01,2580.87,21723971.0,sse50,上证50,2631.103,2613.9152,2551.3505,2682.971666666667,2753.2827
2022-12-21,2608.87,2607.42,2617.92,2602.61,15738830.0,sse50,上证50,2634.698,2615.2963999999997,2550.6040000000003,2679.37175,2750.9159000000004
2022-12-22,2632.2,2619.76,2645.73,2608.44,21069503.0,sse50,上证50,2639.6580000000004,2617.686,2550.443833333333,2676.1260833333336,2748.38625
2022-12-23,2602.41,2615.88,2628.39,2595.85,15929014.0,sse50,上证50,2643.2215,2620.4524,2550.2116666666666,2672.438416666667,2745.9294499999996
2022-12-26,2617.18,2607.52,2625.88,2604.9,19812417.0,sse50,上证50,2648.4165,2624.1592,2550.088666666667,2668.7905,2743.4815999999996
2022-12-27,2623.17,2632.45,2640.74,2616.93,21814661.0,sse50,上证50,2649.6515,2628.2036,2549.914166666667,2665.3096666666665,2741.3319500000002
2022-12-28,2629.98,2638.31,2646.71,2620.12,23171189.0,sse50,上证50,2651.24,2632.3152,2550.353,2661.8613333333333,2739.6501000000003
2022-12-29,2622.19,2622.07,2627.43,2605.05,22776667.0,sse50,上证50,2650.783,2636.3756,2550.5711666666666,2658.7391666666667,2738.0946500000005
2022-12-30,2633.16,2635.25,2648.41,2631.85,23889757.0,sse50,上证50,2651.8149999999996,2640.0012,2550.99,2655.7895,2736.735
2023-01-03,2628.67,2641.42,2645.99,2603.72,30230100.0,sse50,上证50,2650.0789999999997,2645.5132,2552.596166666667,2652.8570833333333,2735.2747999999997
2023-01-04,2644.29,2651.01,2659.54,2637.72,28065521.0,sse50,上证50,2648.3869999999997,2647.2436,2554.4471666666664,2650.4296666666664,2733.8514499999997
2023-01-05,2670.46,2700.31,2705.74,2668.15,27714894.0,sse50,上证50,2649.87,2650.9944,2556.8686666666667,2648.58225,2733.0935999999997
2023-01-06,2704.24,2713.63,2721.93,2698.91,28367259.0,sse50,上证50,2651.9065,2654.2912,2560.0353333333333,2646.910083333333,2733.1475
2023-01-09,2731.0,2742.2,2747.61,2722.15,29682897.0,sse50,上证50,2653.6794999999997,2659.3948,2562.660666666667,2645.63425,2732.7197499999997
2023-01-10,2742.7,2733.62,2748.64,2731.82,24212915.0,sse50,上证50,2656.6635,2661.6940000000004,2565.1293333333333,2644.752833333333,2732.00175
2023-01-11,2739.94,2740.19,2760.1,2733.43,24748045.0,sse50,上证50,2659.8280000000004,2663.9076,2567.9663333333333,2643.5990833333335,2731.1367500000006
2023-01-12,2749.69,2741.95,2752.12,2732.83,22257903.0,sse50,上证50,2662.607,2666.7596000000003,2571.6671666666666,2642.5686666666666,2730.38595
2023-01-13,2751.58,2787.36,2787.36,2747.36,24652015.0,sse50,上证50,2668.2155,2671.3379999999997,2576.4315,2641.846,2729.8189
2023-01-16,2789.87,2834.29,2864.88,2787.95,39276584.0,sse50,上证50,2675.5155000000004,2676.44,2582.2160000000003,2641.8262499999996,2729.4078000000004
2023-01-17,2833.74,2827.03,2837.59,2813.72,24969526.0,sse50,上证50,2684.558,2682.5636,2589.4565000000002,2641.6478333333334,2729.0248500000002
2023-01-18,2829.79,2810.09,2838.83,2807.55,20562468.0,sse50,上证50,2695.0879999999997,2687.8912,2596.3759999999997,2641.4214166666666,2728.79315
2023-01-19,2807.56,2820.81,2823.11,2786.08,23936652.0,sse50,上证50,2705.7575,2693.2688,2603.3808333333336,2641.1395,2728.6313
2023-01-20,2831.68,2836.81,2847.31,2822.69,34410546.0,sse50,上证50,2716.6099999999997,2699.7336,2610.9733333333334,2641.1969166666668,2728.6046
2023-01-30,2895.35,2839.12,2895.35,2835.65,42026518.0,sse50,上证50,2727.772,2705.7668,2619.5096666666664,2641.297,2728.2227500000004
2023-01-31,2842.52,2807.95,2853.9,2804.98,30032900.0,sse50,上证50,2737.7935,2712.2376,2628.0435,2641.427166666667,2727.76835
2023-02-01,2819.18,2820.87,2820.87,2780.89,37555987.0,sse50,上证50,2747.2145,2721.0928000000004,2635.1141666666667,2641.7537500000003,2727.1564999999996
2023-02-02,2828.53,2811.85,2828.53,2798.35,34064475.0,sse50,上证50,2755.8915,2729.27,2641.6730000000002,2642.4294999999997,2726.5597500000003
2023-02-03,2795.11,2774.8,2795.11,2753.06,31007460.0,sse50,上证50,2763.528,2735.4716,2648.1288333333337,2642.9635,2725.92135
2023-02-06,2744.7,2735.0,2744.7,2716.73,26304300.0,sse50,上证50,2768.5155,2740.2364000000002,2652.5741666666663,2642.91275,2724.9689000000003
2023-02-07,2744.7,2740.44,2752.79,2730.83,20708210.0,sse50,上证50,2773.4665,2745.5532000000003,2656.9519999999998,2642.63025,2724.4392000000003
2023-02-08,2744.49,2731.25,2758.04,2727.77,20115261.0,sse50,上证50,2777.4785,2749.5052,2661.488,2642.381,2723.6241500000006
2023-02-09,2725.2,2761.87,2765.62,2723.56,19825081.0,sse50,上证50,2780.5564999999997,2754.4476,2666.8466666666664,2642.3626666666664,2723.0221
2023-02-10,2757.53,2746.72,2757.53,2738.61,18510167.0,sse50,上证50,2782.2110000000002,2759.4336,2671.953333333333,2642.494,2722.1127
2023-02-13,2739.72,2767.79,2772.05,2733.21,30104364.0,sse50,上证50,2783.4905,2764.7352,2676.1156666666666,2642.333416666667,2721.29875
2023-02-14,2770.24,2776.98,2776.98,2760.59,22294840.0,sse50,上证50,2785.6585,2770.1576,2680.093666666667,2642.1675,2720.74505
2023-02-15,2776.01,2752.34,2780.59,2746.28,23919067.0,sse50,上证50,2786.266,2774.2108000000003,2682.9040000000005,2641.9147500000004,2720.1989000000003
2023-02-16,2754.95,2742.8,2787.16,2725.84,32593974.0,sse50,上证50,2786.3085,2775.9103999999998,2685.735833333333,2641.69425,2719.7361499999997
2023-02-17,2737.01,2714.29,2759.52,2712.5,27014083.0,sse50,上证50,2782.6549999999997,2775.9368,2688.3070000000002,2641.097916666667,2719.31995
2023-02-20,2720.05,2788.4,2790.98,2717.5,38545666.0,sse50,上证50,2780.3605,2777.7848000000004,2692.335,2641.3405,2719.1913
2023-02-21,2785.99,2802.14,2805.71,2779.18,35587226.0,sse50,上证50,2779.116,2780.5256,2697.1231666666663,2641.76975,2719.7849499999998
2023-02-22,2786.72,2769.34,2795.24,2766.36,21310123.0,sse50,上证50,2777.0785,2781.6915999999997,2701.0898333333334,2641.877833333333,2720.2264999999998
2023-02-23,2770.72,2767.54,2790.89,2757.49,23120961.0,sse50,上证50,2774.415,2782.7151999999996,2704.956833333333,2642.143416666667,2720.3915
2023-02-24,2762.79,2727.59,2764.65,2722.18,25062085.0,sse50,上证50,2768.954,2780.3244,2708.407333333333,2642.3059166666662,2720.1809
2023-02-27,2713.43,2723.58,2738.12,2712.79,22288276.0,sse50,上证50,2763.177,2775.896,2711.3901666666666,2642.0644166666666,2719.7721
2023-02-28,2730.52,2737.15,2740.22,2703.26,24170896.0,sse50,上证50,2759.6369999999997,2772.3008,2715.2823333333336,2641.9440833333338,2719.4531999999995
2023-03-01,2736.05,2773.65,2783.32,2729.8,35893952.0,sse50,上证50,2757.276,2770.8432000000003,2718.0473333333334,2642.2894166666665,2719.72265
2023-03-02,2766.08,2769.11,2782.79,2762.11,33747752.0,sse50,上证50,2755.139,2768.7751999999996,2720.7568333333334,2642.643166666667,2720.09255
2023-03-03,2778.89,2774.51,2784.13,2757.69,40428992.0,sse50,上证50,2755.1245,2766.2832,2723.1451666666667,2642.74925,2720.37325
2023-03-06,2773.27,2744.14,2774.0,2734.96,38301675.0,sse50,上证50,2755.5815000000002,2762.4840000000004,2725.3039999999996,2642.8470833333336,2720.3877999999995
2023-03-07,2741.79,2713.17,2761.35,2711.25,55146111.0,sse50,上证50,2754.218,2758.6928000000003,2725.921166666667,2642.863,2720.3448000000003
2023-03-08,2698.59,2691.93,2699.88,2679.17,29539308.0,sse50,上证50,2752.252,2753.5352,2726.039166666667,2642.8143333333337,2720.0632499999997
2023-03-09,2694.15,2671.84,2697.25,2660.62,27251214.0,sse50,上证50,2747.7505,2747.9348000000005,2726.059,2642.3755,2719.8204000000005
2023-03-10,2648.81,2636.39,2667.96,2636.01,28778692.0,sse50,上证50,2742.234,2742.3984,2725.4505,2641.7563333333333,2719.2186500000007
2023-03-13,2637.82,2664.04,2672.01,2637.71,34164329.0,sse50,上证50,2737.0465,2739.56,2724.7388333333333,2641.3876666666665,2718.8112
2023-03-14,2658.28,2645.11,2658.28,2627.0,33042266.0,sse50,上证50,2730.453,2735.7468,2724.258333333333,2640.4505,2718.314
2023-03-15,2666.94,2648.39,2674.08,2647.96,33345926.0,sse50,上证50,2725.2555,2732.4323999999997,2723.7831666666666,2639.4435,2717.51625
2023-03-16,2627.04,2622.82,2647.53,2621.72,39478516.0,sse50,上证50,2719.2565000000004,2726.8704000000002,2722.724,2638.42175,2716.7176
2023-03-17,2644.95,2628.59,2672.29,2620.43,43717732.0,sse50,上证50,2714.9715,2722.1452000000004,2721.947333333333,2637.4617500000004,2716.1896
2023-03-20,2632.25,2616.75,2644.83,2614.28,42916078.0,sse50,上证50,2706.389,2716.1036,2720.7549999999997,2636.9510833333334,2715.55625
2023-03-21,2623.58,2643.36,2648.05,2622.85,31161690.0,sse50,上证50,2698.45,2710.7588,2720.708,2636.649166666667,2715.04855
2023-03-22,2652.71,2651.53,2666.7,2643.12,26143513.0,sse50,上证50,2692.5595000000003,2706.7264,2721.5753333333337,2636.4629166666664,2714.49085
2023-03-23,2641.82,2668.67,2668.67,2641.07,28767182.0,sse50,上证50,2687.6160000000004,2703.7612,2722.5961666666667,2636.6000833333333,2713.9419499999995
2023-03-24,2664.53,2653.29,2664.53,2648.34,30711612.0,sse50,上证50,2683.901,2701.3212,2723.155,2636.7994166666667,2713.1423
2023-03-27,2652.79,2639.62,2652.79,2626.58,34045359.0,sse50,上证50,2679.703,2695.37,2723.550666666667,2636.8811666666666,2712.35005
2023-03-28,2646.98,2638.74,2653.57,2633.92,27215781.0,sse50,上证50,2674.7825000000003,2688.8340000000003,2724.0709999999995,2637.0798333333328,2711.5921499999995
2023-03-29,2655.41,2636.22,2658.13,2632.84,26888679.0,sse50,上证50,2667.911,2683.5092,2724.1338333333333,2637.024,2710.6450000000004
2023-03-30,2639.36,2664.21,2665.34,2628.1,33612471.0,sse50,上证50,2662.666,2679.3759999999997,2724.5655,2637.45925,2709.732
2023-03-31,2670.95,2661.92,2681.82,2657.77,28888859.0,sse50,上证50,2657.0364999999997,2676.7491999999997,2725.2296666666666,2637.900416666667,2708.6450499999996
2023-04-03,2667.18,2665.72,2673.66,2655.07,35269835.0,sse50,上证50,2653.1155,2674.4348,2725.7375,2638.3637499999995,2707.63155
2023-04-04,2668.4,2675.92,2676.06,2657.86,39497343.0,sse50,上证50,2651.2529999999997,2671.9856,2726.3125,2639.454333333333,2706.5132499999995
2023-04-06,2668.13,2666.45,2672.72,2659.91,29605541.0,sse50,上证50,2649.9790000000003,2667.6976,2726.5698333333335,2640.5084999999995,2705.6219
2023-04-07,2667.14,2684.86,2692.51,2663.61,24161042.0,sse50,上证50,2650.63,2664.3276,2726.3123333333338,2641.5905,2704.6327
2023-04-10,2690.43,2684.91,2690.43,2671.52,32266430.0,sse50,上证50,2653.0559999999996,2660.7436,2725.833666666667,2642.9345000000003,2703.4373000000005
2023-04-11,2690.63,2680.04,2694.32,2671.95,34114834.0,sse50,上证50,2653.8559999999998,2658.1796000000004,2724.7976666666664,2643.7291666666665,2702.3807999999995
2023-04-12,2684.05,2665.77,2684.44,2663.2,34962726.0,sse50,上证50,2654.889,2656.2835999999998,2723.6668333333337,2644.3980833333335,2701.0286499999997
2023-04-13,2659.94,2670.01,2675.0,2652.96,36099587.0,sse50,上证50,2655.97,2655.4067999999997,2722.4971666666665,2645.23175,2699.7540999999997
2023-04-14,2679.13,2679.01,2692.46,2668.81,30896338.0,sse50,上证50,2658.7794999999996,2655.6936,2721.448166666667,2646.557666666667,2698.51675
2023-04-17,2680.63,2732.97,2732.97,2678.14,45366139.0,sse50,上证50,2663.9985,2659.5568,2720.5416666666665,2648.4865833333333,2697.72015
2023-04-18,2724.49,2744.45,2753.81,2722.61,39615955.0,sse50,上证50,2670.3835,2662.7732,2719.0443333333333,2650.630166666667,2696.7630000000004
2023-04-19,2746.06,2720.72,2746.06,2716.75,32903094.0,sse50,上证50,2674.2515,2665.7976,2717.2725,2653.3645,2695.4928500000005
2023-04-20,2718.24,2704.86,2721.2,2693.26,35867167.0,sse50,上证50,2676.918,2668.0564,2715.5186666666664,2655.947333333333,2693.9474
2023-04-21,2703.4,2654.21,2703.4,2652.26,37325688.0,sse50,上证50,2676.195,2669.312,2712.7419999999997,2658.0614166666664,2692.0214
2023-04-24,2655.08,2618.48,2656.67,2611.38,37410502.0,sse50,上证50,2674.4545000000003,2668.9076,2709.1031666666668,2660.03825,2690.0675999999994
2023-04-25,2621.02,2619.23,2629.73,2596.56,39516242.0,sse50,上证50,2673.435,2669.0068,2705.4383333333335,2662.474,2687.8717500000002
2023-04-26,2614.96,2617.98,2627.58,2605.18,36961348.0,sse50,上证50,2672.397,2667.9916,2702.2721666666666,2665.157833333333,2685.7353000000003
2023-04-27,2618.46,2650.57,2658.78,2612.92,36174826.0,sse50,上证50,2673.1145,2667.9532,2699.4338333333335,2667.274,2683.7374
2023-04-28,2653.14,2677.76,2683.47,2653.14,40548779.0,sse50,上证50,2673.7920000000004,2668.3168,2697.199,2669.436,2681.86565
2023-05-04,2663.45,2692.69,2696.59,2654.23,54055929.0,sse50,上证50,2675.3305,2669.8927999999996,2695.8305000000005,2671.9796666666666,2680.3454500000003
2023-05-05,2698.59,2685.17,2706.33,2672.03,46797694.0,sse50,上证50,2676.3030000000003,2671.7148,2695.0,2673.7870833333336,2678.82525
2023-05-08,2694.57,2720.32,2727.73,2685.52,63882547.0,sse50,上证50,2678.523,2674.978,2694.6646666666666,2675.8083333333334,2677.4603
2023-05-09,2723.19,2703.94,2751.44,2702.77,68807967.0,sse50,上证50,2680.3975,2677.6868,2694.2095,2677.8487499999997,2676.2684999999997
2023-05-10,2698.77,2673.91,2706.2,2669.73,54524777.0,sse50,上证50,2679.85,2678.0748,2692.7435,2679.795083333333,2675.02805
2023-05-11,2682.38,2666.06,2688.69,2663.54,32992010.0,sse50,上证50,2678.9075000000003,2678.2403999999997,2691.399166666667,2681.67625,2673.7869
2023-05-12,2662.8,2630.95,2668.88,2630.29,34912863.0,sse50,上证50,2676.4530000000004,2676.8496,2689.1184999999996,2682.617083333333,2672.46515
2023-05-15,2628.46,2677.04,2677.26,2619.56,44553216.0,sse50,上证50,2677.0164999999997,2676.8944,2687.4528333333333,2683.77325,2671.6533999999997
2023-05-16,2681.39,2670.45,2685.58,2661.95,33879998.0,sse50,上证50,2677.0385,2677.0544,2686.088,2684.4959999999996,2670.61245
2023-05-17,2666.04,2649.36,2673.02,2642.63,26249927.0,sse50,上证50,2675.556,2675.6344,2684.5306666666665,2685.13325,2669.53125
2023-05-18,2653.01,2644.22,2665.28,2634.61,31967361.0,sse50,上证50,2671.1185,2674.0068,2683.362833333333,2685.8349166666667,2668.38195
2023-05-19,2632.59,2633.39,2649.69,2614.96,29813860.0,sse50,上证50,2665.5655,2672.1408,2680.7793333333334,2686.5571666666665,2667.3656
2023-05-22,2630.11,2658.79,2669.23,2628.76,28098533.0,sse50,上证50,2662.469,2671.8616,2678.3901666666666,2687.7566666666667,2666.4173499999997
2023-05-23,2657.92,2617.54,2662.39,2617.54,30513962.0,sse50,上证50,2658.103,2669.7627999999995,2675.8601666666664,2688.475,2665.31875
2023-05-24,2615.57,2577.34,2615.57,2576.83,36912434.0,sse50,上证50,2654.2595,2665.696,2672.6901666666668,2688.8235,2663.9322500000003
2023-05-25,2567.45,2564.5,2572.19,2544.27,31772049.0,sse50,上证50,2651.5605,2658.9572000000003,2669.972,2689.1896666666667,2662.6051500000003
2023-05-26,2562.55,2559.61,2569.23,2536.26,24048616.0,sse50,上证50,2648.5795000000003,2651.5636,2667.2391666666667,2689.314666666666,2661.2676500000002
2023-05-29,2565.59,2548.29,2566.83,2537.0,29439821.0,sse50,上证50,2645.0950000000003,2644.6664,2664.0915,2689.6869166666665,2660.0474500000005
2023-05-30,2546.17,2535.14,2553.95,2508.29,31874037.0,sse50,上证50,2639.3235,2637.8776000000003,2660.1163333333334,2689.081833333333,2658.8147499999995
2023-05-31,2524.79,2493.35,2525.11,2485.86,30754858.0,sse50,上证50,2630.103,2631.4432,2655.5203333333334,2688.1385833333334,2657.6277
2023-06-01,2487.76,2500.34,2522.86,2487.76,32490221.0,sse50,上证50,2620.4855,2626.7176,2650.950833333334,2687.0480000000002,2656.5758
2023-06-02,2511.69,2543.58,2547.09,2511.33,30418231.0,sse50,上证50,2613.406,2623.6915999999997,2647.6081666666664,2686.456083333333,2655.5882500000002
2023-06-05,2540.02,2528.4,2542.48,2522.71,29734417.0,sse50,上证50,2603.81,2620.1084,2644.528666666666,2685.2249166666666,2654.35855
2023-06-06,2528.17,2519.19,2560.06,2516.47,30830596.0,sse50,上证50,2594.5725,2614.8532,2641.6496666666662,2683.844416666667,2653.1487000000006
2023-06-07,2528.85,2511.39,2537.23,2506.2,23479390.0,sse50,上证50,2586.4465,2608.1983999999998,2638.9755,2682.51725,2651.8853
2023-06-08,2512.45,2540.06,2549.32,2504.1,29033281.0,sse50,上证50,2580.1465,2602.0932000000003,2637.3700000000003,2681.4102500000004,2650.9308
2023-06-09,2541.03,2543.93,2550.59,2536.18,29638600.0,sse50,上证50,2575.7954999999997,2596.4436,2635.3681666666666,2680.0535000000004,2649.71515
2023-06-12,2536.38,2542.2,2553.99,2524.31,36235161.0,sse50,上证50,2569.0535,2589.3188,2633.653,2678.955666666667,2648.4417
2023-06-13,2535.99,2544.95,2547.85,2523.97,29331674.0,sse50,上证50,2562.7785,2582.9592,2631.9289999999996,2677.856083333333,2647.2531
2023-06-14,2549.67,2541.81,2564.34,2540.58,33883066.0,sse50,上证50,2557.401,2577.6752,2630.5788333333335,2676.6514166666666,2646.11585
2023-06-15,2547.49,2576.74,2576.74,2546.21,32520795.0,sse50,上证50,2554.0269999999996,2574.1023999999998,2629.7146666666667,2675.831,2645.0703000000003
2023-06-16,2581.97,2600.92,2604.63,2581.77,35861299.0,sse50,上证50,2552.4035,2572.9012,2629.4508333333333,2675.102916666667,2644.2784500000002
2023-06-19,2591.33,2560.53,2591.33,2556.89,36473350.0,sse50,上证50,2547.4905,2568.2408,2628.0703333333327,2674.3891666666664,2643.32795
2023-06-20,2558.1,2547.25,2564.54,2544.05,28713670.0,sse50,上证50,2543.976,2563.3128,2626.332333333333,2673.953833333333,2642.28235
2023-06-21,2536.95,2519.08,2548.93,2519.08,32391757.0,sse50,上证50,2541.0629999999996,2558.1016,2623.8391666666666,2673.2176666666664,2641.1994
2023-06-26,2500.85,2488.74,2503.11,2482.61,31879471.0,sse50,上证50,2537.275,2551.8824,2621.0966666666664,2672.125833333333,2640.1026500000003
2023-06-27,2490.98,2506.6,2513.98,2481.75,32448209.0,sse50,上证50,2534.6245,2546.8107999999997,2618.8796666666667,2671.215166666667,2638.87285
2023-06-28,2501.16,2510.72,2511.62,2491.25,27910636.0,sse50,上证50,2532.746,2540.888,2616.746,2670.4085,2637.6684999999998
2023-06-29,2510.89,2490.9,2513.55,2490.64,24269593.0,sse50,上证50,2530.534,2535.8224,2614.324,2669.228916666667,2636.46195
2023-06-30,2484.65,2492.1,2508.25,2482.49,24104247.0,sse50,上证50,2530.4715,2532.4128,2611.4554999999996,2668.0105,2635.2891499999996
2023-07-03,2496.92,2534.47,2537.69,2496.43,34624875.0,sse50,上证50,2532.1780000000003,2531.2116,2609.3313333333335,2667.2805000000003,2634.1525999999994
2023-07-04,2532.59,2537.6,2539.82,2525.38,31286966.0,sse50,上证50,2531.879,2530.3312,2607.1960000000004,2666.46675,2633.1785999999997
2023-07-05,2533.19,2520.18,2537.19,2514.09,30813953.0,sse50,上证50,2531.468,2529.2068,2604.6003333333333,2665.456416666667,2632.2232
2023-07-06,2513.43,2501.32,2525.56,2495.91,26487658.0,sse50,上证50,2530.5744999999997,2527.854,2601.848166666667,2664.2090000000003,2631.2409500000003
2023-07-07,2493.49,2489.54,2500.58,2484.89,24025853.0,sse50,上证50,2529.482,2527.7016,2598.592833333333,2662.452583333333,2630.06615
2023-07-10,2501.53,2503.28,2520.15,2495.87,24539131.0,sse50,上证50,2527.643,2527.8192,2595.5656666666664,2660.699666666667,2629.0291
2023-07-11,2513.71,2518.53,2521.05,2504.2,22815691.0,sse50,上证50,2526.373,2526.8171999999995,2592.873833333333,2658.8357499999997,2628.0803499999997
2023-07-12,2516.68,2513.42,2529.53,2510.16,30323021.0,sse50,上证50,2524.934,2526.2180000000003,2590.3346666666666,2657.00075,2626.8596
2023-07-13,2519.38,2546.38,2547.78,2519.38,34374789.0,sse50,上证50,2525.0055,2527.3056,2588.274166666667,2655.385666666667,2625.7453499999997
2023-07-14,2554.64,2547.94,2556.85,2543.18,36353195.0,sse50,上证50,2525.312,2528.7676,2586.0896666666667,2653.768916666667,2624.7578999999996
2023-07-17,2535.64,2520.79,2535.64,2511.36,31735395.0,sse50,上证50,2522.5145,2527.9968,2582.5533333333337,2651.5475,2623.6429000000003
2023-07-18,2520.62,2511.64,2520.62,2503.52,26681996.0,sse50,上证50,2518.0505,2526.7052000000003,2578.6731666666665,2648.8587500000003,2622.8109499999996
2023-07-19,2506.42,2517.11,2518.9,2503.34,22119097.0,sse50,上证50,2515.8795,2525.7016,2575.279666666667,2646.276083333333,2621.99855
2023-07-20,2523.27,2506.86,2535.61,2503.48,24549000.0,sse50,上证50,2513.8599999999997,2524.1780000000003,2571.9796666666666,2643.7491666666665,2621.16345
2023-07-21,2501.4,2509.29,2527.28,2496.81,22413005.0,sse50,上证50,2513.3705,2522.8772,2569.5643333333337,2641.1531666666665,2620.44885
2023-07-24,2492.22,2500.0,2509.78,2492.19,19065789.0,sse50,上证50,2513.9335,2519.8076,2567.5896666666667,2638.3464166666663,2619.802
2023-07-25,2539.48,2578.35,2578.96,2539.48,40357653.0,sse50,上证50,2517.5209999999997,2518.9048000000003,2566.9083333333333,2636.173333333333,2619.5447
2023-07-26,2574.81,2576.39,2581.25,2564.89,26070635.0,sse50,上证50,2520.8044999999997,2519.5392,2566.215166666667,2634.2436666666667,2619.35215
2023-07-27,2580.24,2575.36,2596.33,2569.1,29762572.0,sse50,上证50,2525.0274999999997,2520.6636000000003,2564.961666666667,2632.19775,2619.01435
2023-07-28,2564.87,2647.03,2653.26,2563.16,48566528.0,sse50,上证50,2532.774,2525.7816000000003,2564.4495,2630.8242499999997,2619.1896
2023-07-31,2666.49,2653.37,2700.74,2644.09,51744806.0,sse50,上证50,2538.719,2532.3668,2563.7941666666666,2629.8123333333333,2619.41155
2023-08-01,2652.24,2645.89,2670.25,2636.15,39178875.0,sse50,上证50,2544.1335,2537.9384000000005,2563.1394999999998,2629.06975,2619.5904
2023-08-02,2635.55,2620.68,2651.18,2612.35,37123029.0,sse50,上证50,2549.1585,2542.3368,2561.478833333333,2628.07175,2619.96855
2023-08-03,2617.79,2645.15,2647.36,2612.4,34042304.0,sse50,上证50,2556.35,2548.5068,2560.4990000000003,2627.35425,2620.49455
2023-08-04,2664.59,2648.84,2680.74,2646.15,48203634.0,sse50,上证50,2564.3149999999996,2554.7764,2560.0811666666664,2626.4123333333337,2620.96365
2023-08-07,2635.78,2634.58,2636.69,2622.67,31748609.0,sse50,上证50,2570.88,2558.7808,2559.5564999999997,2625.477833333333,2621.5184000000004
2023-08-08,2625.67,2631.38,2646.6,2610.81,27366486.0,sse50,上证50,2576.5225,2562.532,2559.563666666667,2624.3410833333332,2621.7519
2023-08-09,2623.15,2628.7,2638.09,2622.06,23987307.0,sse50,上证50,2582.2865,2566.8728,2558.7580000000003,2623.1054166666668,2621.9678999999996
2023-08-10,2623.8,2629.44,2632.57,2609.82,24628325.0,sse50,上证50,2586.4394999999995,2571.9976,2558.0745,2622.08125,2622.2652500000004
2023-08-11,2630.99,2568.9,2631.8,2568.9,35996802.0,sse50,上证50,2587.4875,2575.172,2556.7335000000003,2620.6320833333334,2622.51025
2023-08-14,2538.85,2549.28,2554.39,2526.07,33544098.0,sse50,上证50,2588.9120000000003,2577.012,2555.151166666667,2619.2569999999996,2622.7491499999996
2023-08-15,2550.94,2546.44,2556.0,2522.24,27888491.0,sse50,上证50,2590.652,2578.1284,2553.7019999999998,2617.2406666666666,2623.04525
2023-08-16,2533.9,2530.81,2549.94,2529.43,25629806.0,sse50,上证50,2591.3370000000004,2578.824,2551.5690000000004,2614.9795833333333,2623.7363
2023-08-17,2516.75,2536.49,2540.54,2507.9,24783544.0,sse50,上证50,2592.8185000000003,2578.4284,2550.2181666666665,2613.039166666667,2624.44415
2023-08-18,2537.14,2507.58,2545.8,2507.58,26305781.0,sse50,上证50,2592.733,2576.814,2549.0555000000004,2610.8728333333333,2624.9794500000003
2023-08-21,2498.13,2475.09,2508.96,2475.09,28643647.0,sse50,上证50,2591.4875,2574.986,2547.5653333333335,2608.7686666666664,2625.4485999999997
2023-08-22,2485.56,2493.76,2505.03,2464.28,41261520.0,sse50,上证50,2587.2580000000003,2574.2708,2546.467833333333,2606.8534999999997,2626.2827
2023-08-23,2491.37,2461.19,2498.32,2459.33,29654617.0,sse50,上证50,2581.498,2572.034,2545.016166666667,2604.553833333333,2627.1090499999996
2023-08-24,2468.32,2480.75,2497.19,2466.86,36665820.0,sse50,上证50,2576.7675,2570.9896,2544.1096666666663,2602.113,2627.5296500000004
2023-08-25,2468.74,2485.33,2502.19,2466.55,30085353.0,sse50,上证50,2568.6825,2570.0312,2543.976,2599.7481666666663,2627.8647
2023-08-28,2612.31,2518.19,2612.98,2507.98,54527239.0,sse50,上证50,2561.9235,2570.7587999999996,2544.2735000000002,2597.612166666667,2628.5184000000004
2023-08-29,2512.32,2529.22,2546.69,2511.79,39909534.0,sse50,上证50,2556.09,2568.7936,2544.034166666667,2595.8211666666666,2628.8231
2023-08-30,2540.84,2522.54,2540.84,2518.66,35817962.0,sse50,上证50,2551.183,2566.6396,2543.9365000000003,2594.2325833333334,2629.04695
2023-08-31,2526.69,2510.46,2532.17,2505.83,29685202.0,sse50,上证50,2544.4485,2564.0436,2543.791,2592.7203333333327,2629.3038
2023-09-01,2520.7,2532.25,2544.05,2520.7,29082104.0,sse50,上证50,2538.619,2559.4524,2544.1386666666667,2591.557083333333,2629.7633
2023-09-04,2550.17,2577.47,2583.67,2547.59,40656936.0,sse50,上证50,2535.7635,2556.4164,2544.762166666667,2591.066083333333,2630.44905
2023-09-05,2569.76,2561.79,2569.76,2557.97,26684673.0,sse50,上证50,2532.284,2553.0524,2545.0598333333332,2590.214,2630.66775
2023-09-06,2553.59,2559.36,2564.43,2544.6,23862054.0,sse50,上证50,2528.817,2550.5996,2545.3458333333333,2589.499416666667,2630.77305
2023-09-07,2552.36,2534.16,2552.86,2531.1,25242432.0,sse50,上证50,2524.053,2546.16,2545.166,2588.5475,2630.52525
2023-09-08,2527.46,2519.97,2529.85,2512.41,18042629.0,sse50,上证50,2521.6065000000003,2541.0052,2544.802,2587.6904166666664,2630.26065
2023-09-11,2519.3,2536.17,2550.01,2519.3,24454024.0,sse50,上证50,2520.951,2537.0687999999996,2544.125833333333,2586.92025,2630.1414
2023-09-12,2533.6,2531.83,2538.69,2527.34,20584905.0,sse50,上证50,2520.2205000000004,2533.0868,2542.9743333333336,2586.212583333333,2630.06695
2023-09-13,2536.39,2524.54,2543.12,2510.09,24199656.0,sse50,上证50,2519.907,2528.9204,2542.3745,2585.2224166666665,2630.1154000000006
2023-09-14,2529.19,2530.98,2539.67,2519.4,31215489.0,sse50,上证50,2519.6315,2524.982,2542.1033333333335,2584.2178333333336,2630.1135999999997
2023-09-15,2538.26,2514.98,2546.42,2508.24,33666399.0,sse50,上证50,2520.0015000000003,2522.8251999999998,2542.0350000000003,2582.937083333333,2630.0108999999998
2023-09-18,2509.15,2531.9,2532.43,2503.02,25420942.0,sse50,上证50,2522.8419999999996,2522.13,2542.7543333333333,2581.9255,2630.0676000000003
2023-09-19,2529.48,2532.28,2533.79,2517.4,22940704.0,sse50,上证50,2524.768,2521.5636,2543.182333333333,2581.0310000000004,2630.0059499999998
2023-09-20,2527.75,2521.56,2529.02,2519.13,22882473.0,sse50,上证50,2527.7865,2521.1936,2543.363,2580.0545,2630.09565
2023-09-21,2515.47,2495.74,2519.91,2495.74,23891417.0,sse50,上证50,2528.536,2519.5636,2543.4436666666666,2578.8838333333333,2629.5356
2023-09-22,2498.24,2550.98,2550.98,2489.32,32978575.0,sse50,上证50,2531.8185000000003,2521.2996,2544.425,2577.94025,2629.2578000000003
2023-09-25,2548.89,2529.15,2548.89,2526.07,25569881.0,sse50,上证50,2532.3665,2523.462,2544.336333333333,2576.833833333333,2628.7475
2023-09-26,2526.35,2513.41,2534.2,2512.03,23341964.0,sse50,上证50,2531.576,2524.248,2543.9331666666667,2575.5645833333333,2628.2415
2023-09-27,2515.82,2520.14,2538.68,2514.23,27540832.0,sse50,上证50,2531.4559999999997,2526.606,2543.9325000000003,2574.266416666667,2627.4615000000003
2023-09-28,2530.23,2507.09,2531.07,2504.21,24916691.0,sse50,上证50,2531.2875,2527.6596,2544.0286666666666,2572.9384166666664,2626.5727
2023-10-09,2497.47,2499.57,2504.02,2474.81,27608360.0,sse50,上证50,2529.6535,2528.2291999999998,2544.195833333333,2571.394333333333,2625.7173
2023-10-10,2510.51,2482.53,2513.85,2481.39,28702040.0,sse50,上证50,2524.9065,2526.8028,2543.85,2569.7078333333334,2624.76545
2023-10-11,2497.56,2490.86,2502.63,2486.37,26372287.0,sse50,上证50,2521.36,2525.2684,2543.388833333333,2568.1313333333333,2623.68605
2023-10-12,2518.83,2514.39,2524.2,2504.37,33661372.0,sse50,上证50,2519.1115,2524.9424,2543.4049999999997,2566.869833333333,2622.8883
2023-10-13,2495.15,2489.13,2499.07,2482.89,25792374.0,sse50,上证50,2516.8599999999997,2524.0892000000003,2542.4508333333333,2565.3625,2621.94945
2023-10-16,2490.92,2468.44,2491.62,2461.38,25080812.0,sse50,上证50,2514.2835,2521.5368,2541.125833333333,2563.60775,2620.8598
2023-10-17,2474.12,2478.9,2480.94,2462.37,23488548.0,sse50,上证50,2511.42,2517.594,2540.427666666666,2561.4905,2619.8783500000004
2023-10-18,2471.59,2467.19,2478.68,2463.66,24591894.0,sse50,上证50,2508.1879999999996,2513.81,2539.686833333333,2559.18,2618.77285
2023-10-19,2450.17,2401.93,2450.18,2400.19,31149685.0,sse50,上证50,2502.0575,2507.5128,2537.7671666666665,2556.5234166666664,2617.5516000000002
2023-10-20,2394.62,2389.22,2402.79,2379.74,27929409.0,sse50,上证50,2494.9695,2501.7152,2535.8065,2553.8930833333334,2616.50025
2023-10-23,2380.3,2369.93,2390.8,2351.45,26469956.0,sse50,上证50,2487.7169999999996,2495.7136,2533.483833333333,2551.5240833333332,2615.3128
2023-10-24,2374.87,2378.44,2382.73,2355.59,31452286.0,sse50,上证50,2480.0440000000003,2489.4044,2531.4578333333334,2549.52375,2614.1062
2023-10-25,2402.75,2386.3,2408.89,2383.1,39991649.0,sse50,上证50,2472.745,2483.5832,2528.2569999999996,2547.5826666666667,2612.9583
2023-10-26,2375.04,2393.73,2394.99,2372.54,28462666.0,sse50,上证50,2466.3535,2478.3508,2525.212666666667,2545.713916666667,2611.88935
2023-10-27,2383.99,2414.91,2426.8,2380.34,31647536.0,sse50,上证50,2462.3120000000004,2473.708,2522.5385,2543.7500833333334,2610.80165
2023-10-30,2406.95,2414.16,2420.98,2403.27,39706697.0,sse50,上证50,2455.471,2469.6752,2518.6573333333336,2541.5534166666666,2609.6809
2023-10-31,2409.89,2411.48,2416.57,2400.26,31393681.0,sse50,上证50,2449.5875,2464.8584,2514.625833333333,2539.21,2608.62795
2023-11-01,2456.38,2420.73,2456.38,2416.68,25950506.0,sse50,上证50,2444.9535,2460.3964,2510.8731666666667,2537.0063333333333,2607.55535
2023-11-02,2429.72,2417.46,2440.34,2416.66,25313330.0,sse50,上证50,2439.8195,2456.2324000000003,2507.486166666667,2534.4825,2606.43555
2023-11-03,2419.69,2436.94,2443.3,2418.92,24430249.0,sse50,上证50,2436.312,2453.8804,2504.016,2532.2575,2605.3651999999997
2023-11-06,2452.84,2456.77,2460.76,2443.39,39448493.0,sse50,上证50,2434.1719999999996,2450.112,2500.814833333333,2530.448,2604.1475
2023-11-07,2450.27,2443.97,2450.38,2436.38,25409512.0,sse50,上证50,2432.2439999999997,2446.7048,2497.638,2528.59725,2602.7992
2023-11-08,2436.87,2436.7,2448.87,2426.2,25416171.0,sse50,上证50,2429.536,2443.6364,2494.3933333333334,2526.9785,2601.2717000000002
2023-11-09,2428.51,2436.23,2444.35,2427.64,28423914.0,sse50,上证50,2425.6279999999997,2440.28,2491.1855,2524.9717499999997,2599.7847500000003
2023-11-10,2424.49,2414.02,2428.12,2409.04,24477685.0,sse50,上证50,2421.8725000000004,2436.5572,2487.5951666666665,2522.834833333334,2598.1539000000002
2023-11-13,2415.96,2407.59,2421.17,2396.31,23455482.0,sse50,上证50,2418.83,2432.878,2484.9066666666668,2520.820083333333,2596.4820999999997
2023-11-14,2410.48,2406.4,2419.22,2397.18,23421802.0,sse50,上证50,2415.205,2429.8328,2482.525333333333,2518.8382500000002,2594.5773
2023-11-15,2428.82,2427.12,2431.83,2419.64,24622131.0,sse50,上证50,2413.2015,2427.2832,2480.5366666666664,2517.1193333333335,2592.5414499999997
2023-11-16,2422.85,2404.32,2425.3,2402.11,22200157.0,sse50,上证50,2413.3210000000004,2422.8804,2478.4285,2514.99875,2590.4279
2023-11-17,2396.59,2398.2,2401.79,2379.33,22301093.0,sse50,上证50,2413.77,2419.2432,2476.123666666667,2513.1709166666665,2588.36845
2023-11-20,2399.76,2404.77,2413.31,2383.56,21238673.0,sse50,上证50,2415.5119999999997,2416.6964000000003,2474.4101666666666,2511.7328333333335,2586.2882499999996
2023-11-21,2415.13,2416.24,2432.77,2412.01,26462616.0,sse50,上证50,2417.402,2414.19,2473.429333333333,2510.4973333333332,2584.1854000000003
2023-11-22,2408.98,2396.9,2414.24,2396.9,21724455.0,sse50,上证50,2417.932,2411.3784,2471.8150000000005,2509.141416666667,2581.9743
2023-11-23,2393.49,2405.17,2407.2,2386.58,19801601.0,sse50,上证50,2418.504,2411.508,2470.8813333333333,2507.94875,2579.9604
2023-11-24,2403.92,2391.02,2403.92,2390.17,20234203.0,sse50,上证50,2417.3095,2411.58,2469.3858333333337,2506.74775,2577.81115
2023-11-27,2387.98,2370.72,2387.98,2357.09,26821001.0,sse50,上证50,2415.1375,2411.6115999999997,2467.4756666666663,2505.725833333333,2575.6055
2023-11-28,2368.92,2371.21,2374.97,2361.74,20064514.0,sse50,上证50,2413.124,2411.3224,2465.026,2504.6497499999996,2573.58755
2023-11-29,2374.03,2358.12,2374.36,2351.1,25739104.0,sse50,上证50,2409.9935,2410.1952,2462.1743333333334,2503.10425,2571.70315
2023-11-30,2358.21,2366.0,2370.95,2354.69,25642019.0,sse50,上证50,2407.4205,2409.086,2459.5653333333335,2501.7509166666664,2569.83095
2023-12-01,2362.63,2352.0,2362.63,2330.74,28357550.0,sse50,上证50,2403.1735,2406.5696,2456.9243333333334,2500.3576666666663,2567.9347
2023-12-04,2351.31,2333.88,2353.0,2332.85,23004550.0,sse50,上证50,2397.029,2403.3584,2453.6181666666666,2498.8784166666665,2565.79475
2023-12-05,2327.34,2286.58,2327.34,2285.96,25193874.0,sse50,上证50,2389.1595,2398.3624,2448.7699999999995,2496.7660833333334,2563.49405
2023-12-06,2281.73,2284.06,2298.3,2275.28,30677731.0,sse50,上证50,2381.5274999999997,2392.8956,2444.141166666667,2494.6005,2561.0754
2023-12-07,2280.09,2274.83,2284.94,2259.82,25959560.0,sse50,上证50,2373.4575,2387.1904,2439.399,2492.372416666666,2558.56465
2023-12-08,2274.18,2281.65,2287.09,2269.28,33512910.0,sse50,上证50,2366.839,2380.9788,2435.1904999999997,2490.17825,2556.2111999999997
2023-12-11,2264.99,2292.68,2299.66,2244.28,35010082.0,sse50,上证50,2361.0935,2374.4152,2431.402333333333,2488.1021666666666,2553.9606
2023-12-12,2285.21,2305.14,2306.04,2282.09,28848714.0,sse50,上证50,2356.0305,2368.8619999999996,2427.5518333333334,2485.8388333333332,2551.9148499999997
2023-12-13,2298.27,2261.02,2298.27,2260.6,24866346.0,sse50,上证50,2347.7255,2361.8348,2423.038333333333,2483.0063333333333,2549.27795
2023-12-14,2274.25,2249.94,2280.85,2249.39,20626914.0,sse50,上证50,2340.0065,2354.3831999999998,2418.461666666667,2480.4180833333335,2546.51695
2023-12-15,2262.04,2245.29,2283.54,2244.8,27458678.0,sse50,上证50,2332.361,2347.634,2413.700166666667,2477.90175,2543.8967
2023-12-18,2237.01,2251.23,2260.35,2227.98,25881915.0,sse50,上证50,2324.684,2341.3795999999998,2409.304333333333,2475.6696666666667,2541.3151500000004
2023-12-19,2248.45,2257.21,2264.29,2238.87,22119560.0,sse50,上证50,2316.7324999999996,2335.4120000000003,2404.726166666667,2473.7402500000003,2538.96325
2023-12-20,2253.68,2237.58,2258.49,2236.88,24979420.0,sse50,上证50,2308.7665,2327.8304000000003,2399.8145,2471.498416666667,2536.53325
2023-12-21,2228.77,2261.38,2266.77,2227.97,28726944.0,sse50,上证50,2301.5769999999998,2322.1128,2395.4781666666668,2469.4205833333335,2534.1544
2023-12-22,2262.16,2270.5,2282.77,2251.45,29596181.0,sse50,上证50,2295.5510000000004,2317.0048,2391.724166666667,2467.583916666667,2531.63865
2023-12-25,2266.39,2272.96,2276.13,2263.6,19434561.0,sse50,上证50,2290.663,2311.7324,2387.0905,2465.7577499999998,2529.1578999999997
2023-12-26,2273.05,2262.21,2273.05,2255.35,19899127.0,sse50,上证50,2285.213,2305.5712,2382.6414999999997,2463.4889166666667,2526.5964
2023-12-27,2263.49,2266.54,2271.23,2250.01,26761125.0,sse50,上证50,2280.634,2300.3568,2378.527,2461.2300833333334,2524.2084
2023-12-28,2267.06,2317.7,2322.05,2265.23,42922566.0,sse50,上证50,2278.219,2296.8579999999997,2375.153,2459.54275,2522.23105
2023-12-29,2314.07,2326.17,2327.68,2309.43,30362343.0,sse50,上证50,2276.9275,2294.264,2372.1376666666665,2458.0831666666663,2520.40225
2024-01-02,2316.43,2292.23,2316.74,2292.23,31375477.0,sse50,上证50,2274.8450000000003,2291.1244,2368.6820000000002,2456.438916666667,2518.5042000000003
2024-01-03,2287.76,2294.84,2299.68,2283.59,29314375.0,sse50,上证50,2275.258,2288.0696,2365.5538333333334,2454.7019166666664,2516.79645
2024-01-04,2293.46,2279.04,2296.12,2260.35,32125788.0,sse50,上证50,2275.007,2284.9064000000003,2362.0235000000002,2452.7061666666673,2514.87145
2024-01-05,2272.94,2268.54,2295.6,2256.6,35589372.0,sse50,上证50,2274.6925,2281.0080000000003,2357.9260000000004,2450.6655,2512.9885999999997
2024-01-08,2265.24,2243.84,2272.04,2240.56,31500656.0,sse50,上证50,2272.802,2276.6816,2353.8378333333335,2448.1443333333327,2510.96585
2024-01-09,2243.41,2245.62,2251.54,2234.91,30269328.0,sse50,上证50,2270.4489999999996,2273.1512,2350.124166666667,2445.625,2509.07985
2024-01-10,2239.03,2235.21,2257.85,2233.18,25713298.0,sse50,上证50,2266.9525,2271.0964000000004,2346.0626666666667,2443.2451666666666,2507.1129499999997
2024-01-11,2234.82,2240.11,2251.08,2226.28,30524425.0,sse50,上证50,2265.907,2269.3384,2342.2780000000002,2440.9824166666663,2505.22975
2024-01-12,2231.29,2237.21,2250.73,2229.59,25893778.0,sse50,上证50,2265.2704999999996,2267.8336,2339.5326666666665,2438.6499166666667,2503.199
2024-01-15,2227.36,2238.5,2256.8,2225.24,23715095.0,sse50,上证50,2264.9309999999996,2266.1076000000003,2337.0206666666663,2436.4135833333335,2501.1338499999997
2024-01-16,2231.82,2248.98,2249.05,2223.44,28782237.0,sse50,上证50,2264.8185000000003,2264.3596,2335.004833333333,2434.244333333333,2499.0354
2024-01-17,2241.02,2199.26,2242.61,2199.26,30628292.0,sse50,上证50,2261.9210000000003,2260.1244,2332.0184999999997,2431.7381666666665,2496.76525
2024-01-18,2191.89,2238.46,2242.33,2163.87,54944741.0,sse50,上证50,2261.965,2259.2219999999998,2329.5544999999997,2428.90575,2494.75945
2024-01-19,2227.73,2243.54,2250.61,2218.17,35865114.0,sse50,上证50,2261.073,2258.966,2327.0513333333333,2426.1319999999996,2492.78345
2024-01-22,2237.77,2230.61,2257.59,2206.76,44786209.0,sse50,上证50,2259.0785000000005,2258.3788,2323.9796666666666,2423.259083333333,2490.7554
2024-01-23,2220.5,2226.37,2239.65,2204.37,34015311.0,sse50,上证50,2256.749,2257.3844,2320.849833333333,2419.7535833333336,2488.5661999999998
2024-01-24,2238.33,2260.56,2264.52,2209.51,44198033.0,sse50,上证50,2256.6665000000003,2257.5184,2318.3345,2416.480166666667,2486.5594
2024-01-25,2264.02,2312.85,2314.5,2261.37,61945377.0,sse50,上证50,2258.982,2260.5292,2316.5365,2413.7048333333337,2484.79505
2024-01-26,2303.32,2314.37,2323.35,2295.96,58316299.0,sse50,上证50,2258.8154999999997,2262.6488,2314.8183333333336,2411.15225,2482.9873
2024-01-29,2312.7,2304.44,2327.36,2304.44,59549043.0,sse50,上证50,2257.7290000000003,2264.0064,2312.61,2408.313,2481.17725
2024-01-30,2292.22,2270.98,2303.72,2270.98,43267598.0,sse50,上证50,2256.6665000000003,2263.9272,2309.5135,2405.1641666666665,2479.10785
2024-01-31,2261.12,2254.3,2273.1,2243.9,42928757.0,sse50,上证50,2254.6395,2263.6108000000004,2306.3523333333337,2401.995166666667,2476.9548
2024-02-01,2245.48,2248.27,2270.07,2238.71,39890138.0,sse50,上证50,2253.101,2262.88,2303.2118333333333,2398.802583333333,2474.7959499999997
2024-02-02,2252.65,2229.01,2264.06,2184.77,50637119.0,sse50,上证50,2251.1245,2259.3324000000002,2299.7581666666665,2395.4718333333335,2472.61215
2024-02-05,2221.94,2255.28,2270.37,2203.07,59314022.0,sse50,上证50,2251.6965,2256.4968,2297.1125,2392.3538333333336,2470.5385
2024-02-06,2250.11,2318.84,2321.45,2246.82,58385076.0,sse50,上证50,2255.3575,2257.5612,2295.633333333333,2390.2699999999995,2468.73765
2024-02-07,2323.12,2344.15,2344.79,2305.51,64784099.0,sse50,上证50,2260.8045,2259.5335999999998,2294.5958333333333,2388.5605833333334,2466.7935500000003
2024-02-08,2345.08,2352.58,2355.77,2330.83,50486201.0,sse50,上证50,2266.4280000000003,2262.4752,2293.3535,2386.945083333333,2464.8342000000002
2024-02-19,2368.45,2371.55,2371.55,2348.41,52160225.0,sse50,上证50,2273.145,2266.5956,2292.807333333333,2385.617916666667,2463.08835
2024-02-20,2367.92,2369.08,2372.86,2353.97,37486079.0,sse50,上证50,2279.674,2271.6052,2292.322,2384.2228333333333,2461.40945
2024-02-21,2359.18,2410.23,2439.21,2355.4,50005382.0,sse50,上证50,2287.7365,2278.1895999999997,2292.413,2383.4115833333335,2460.18955
2024-02-22,2403.88,2433.08,2433.23,2403.0,37555411.0,sse50,上证50,2299.4275,2286.1044,2292.693666666667,2383.0615000000003,2459.26255
2024-02-23,2431.87,2433.41,2447.8,2424.17,40063072.0,sse50,上证50,2309.175,2293.8363999999997,2293.3021666666664,2382.5585833333334,2458.33345
2024-02-26,2427.23,2393.55,2430.97,2388.39,41328340.0,sse50,上证50,2316.6755,2300.09,2293.1085000000003,2381.994916666667,2457.2113
2024-02-27,2383.14,2405.06,2405.06,2381.57,33600960.0,sse50,上证50,2325.398,2306.7524,2293.3424999999997,2381.3641666666667,2455.98375
2024-02-28,2405.88,2385.61,2417.33,2385.61,44763907.0,sse50,上证50,2333.36,2312.2176,2293.5906666666665,2380.5331666666666,2454.523
2024-02-29,2378.14,2413.14,2413.14,2378.14,35192528.0,sse50,上证50,2340.989,2320.7728,2294.2895,2379.65775,2453.12525
2024-03-01,2408.3,2414.84,2420.38,2397.64,34435007.0,sse50,上证50,2346.0885,2327.828,2295.2348333333334,2378.7045833333336,2451.7736
2024-03-04,2412.08,2418.58,2422.82,2404.92,40298113.0,sse50,上证50,2351.299,2334.8296,2296.111166666667,2377.83825,2450.2649
2024-03-05,2410.46,2446.42,2450.06,2407.05,43956093.0,sse50,上证50,2358.398,2343.462,2297.6848333333332,2377.3045833333335,2448.9773
2024-03-06,2443.85,2434.12,2450.43,2433.07,38753975.0,sse50,上证50,2366.555,2351.772,2299.3554999999997,2376.486833333334,2447.77835
2024-03-07,2430.42,2426.97,2446.3,2418.13,38335786.0,sse50,上证50,2375.1885,2358.4284,2301.6953333333336,2375.2326666666663,2446.5829
2024-03-08,2423.14,2426.17,2433.33,2410.15,34911257.0,sse50,上证50,2384.0834999999997,2362.9611999999997,2304.0638333333336,2374.1025000000004,2445.5589999999997
2024-03-11,2426.73,2443.11,2443.11,2418.34,39152145.0,sse50,上证50,2394.7885,2368.1108,2306.8684999999996,2373.13375,2444.38935
2024-03-12,2443.23,2450.47,2458.92,2436.08,50577285.0,sse50,上证50,2404.548,2373.9519999999998,2309.6821666666665,2372.436333333333,2443.2894499999998
2024-03-13,2445.8,2427.6,2445.8,2419.45,36948673.0,sse50,上证50,2409.986,2380.2168,2311.9308333333333,2371.6665833333336,2442.1806500000002
2024-03-14,2431.77,2423.86,2446.88,2415.06,36882246.0,sse50,上证50,2413.9715,2386.9991999999997,2313.9094999999998,2370.730666666667,2441.07885
2024-03-15,2417.57,2427.2,2430.59,2409.61,33007509.0,sse50,上证50,2417.7025,2394.1564000000003,2316.679166666667,2369.8587500000003,2440.0479
2024-03-18,2424.92,2438.19,2438.83,2419.88,37047252.0,sse50,上证50,2421.0345,2402.5236,2319.8166666666666,2369.139166666667,2438.9449
2024-03-19,2430.3,2416.83,2441.6,2416.03,34332515.0,sse50,上证50,2423.422,2408.9856,2322.6756666666665,2368.1879166666668,2437.94135
2024-03-20,2412.61,2426.46,2430.72,2408.48,30838610.0,sse50,上证50,2424.2335,2413.2904,2325.596166666667,2367.4502500000003,2437.1869500000003
2024-03-21,2432.93,2427.1,2441.27,2424.88,29208415.0,sse50,上证50,2423.9345000000003,2416.6084,2328.427666666666,2366.5769166666664,2436.4999500000004
2024-03-22,2417.94,2403.2,2420.77,2386.2,34073555.0,sse50,上证50,2422.424,2418.6332,2331.188,2365.50125,2435.7178999999996
2024-03-25,2398.32,2401.21,2418.31,2393.06,34383731.0,sse50,上证50,2422.807,2419.8196,2333.5184999999997,2364.4983333333334,2434.9825
2024-03-26,2404.21,2413.74,2415.71,2398.6,31362498.0,sse50,上证50,2423.241,2421.6059999999998,2335.9058333333332,2363.815,2434.3755
2024-03-27,2408.91,2398.94,2421.13,2398.94,32072916.0,sse50,上证50,2423.9075,2421.1544,2338.0055,2362.5480000000002,2433.90345
2024-03-28,2395.22,2401.99,2424.77,2387.42,36870800.0,sse50,上证50,2423.35,2419.9107999999997,2340.3351666666667,2361.4883333333332,2433.4116999999997
2024-03-29,2399.46,2414.92,2418.56,2399.28,34133586.0,sse50,上证50,2423.3540000000003,2419.1711999999998,2342.8081666666667,2360.6675833333334,2432.7684
2024-04-01,2422.73,2441.57,2448.88,2422.73,36210013.0,sse50,上证50,2424.5035,2421.092,2344.8726666666666,2360.012833333333,2432.33425
2024-04-02,2441.49,2435.76,2447.37,2428.03,35726428.0,sse50,上证50,2423.9705000000004,2422.32,2346.6991666666668,2359.418416666667,2431.9171
2024-04-03,2439.43,2430.17,2441.67,2423.88,31959986.0,sse50,上证50,2423.773,2424.1023999999998,2348.9981666666667,2358.8400833333335,2431.511
2024-04-08,2419.03,2414.09,2431.41,2407.36,39873596.0,sse50,上证50,2423.129,2424.1404,2350.985666666667,2358.26975,2430.8811499999997
2024-04-09,2411.78,2404.61,2418.6,2399.28,35622867.0,sse50,上证50,2422.051,2423.7312,2353.0785,2357.551,2430.18455
2024-04-10,2403.73,2396.74,2412.59,2388.68,33612707.0,sse50,上证50,2419.7325,2422.8576,2355.2151666666664,2356.570583333333,2429.45725
2024-04-11,2383.7,2394.87,2402.75,2380.51,31288036.0,sse50,上证50,2416.9525,2420.7956,2357.7323333333334,2355.785083333333,2428.70685
2024-04-12,2397.28,2374.05,2402.64,2370.28,32363758.0,sse50,上证50,2414.275,2418.3928,2359.8728333333333,2354.9985,2427.86805
2024-04-15,2367.86,2424.02,2424.93,2367.76,50130502.0,sse50,上证50,2414.283,2418.2748,2363.0196666666666,2354.541166666667,2427.1044500000003
2024-04-16,2414.76,2412.32,2429.39,2398.43,46952482.0,sse50,上证50,2413.5389999999998,2417.7208,2365.889833333333,2354.083916666667,2426.16145
2024-04-17,2407.96,2439.86,2440.58,2397.44,45944602.0,sse50,上证50,2413.6225,2417.5908,2369.2673333333337,2354.4,2425.5581
2024-04-18,2430.7,2445.2,2468.36,2429.63,46624462.0,sse50,上证50,2415.041,2417.38,2372.7123333333334,2354.8664999999996,2425.04785
2024-04-19,2433.98,2430.58,2444.02,2424.17,38884690.0,sse50,上证50,2415.2470000000003,2417.4992,2375.7390000000005,2355.3719166666665,2424.60535
2024-04-22,2433.18,2424.75,2450.26,2422.77,40368061.0,sse50,上证50,2415.1295,2417.5348,2379.497166666667,2355.7578333333336,2424.2854
2024-04-23,2420.62,2413.74,2426.89,2409.95,37932055.0,sse50,上证50,2415.6565,2416.9964,2382.4185,2355.9865,2423.8210999999997
2024-04-24,2422.63,2424.12,2426.96,2406.88,29386859.0,sse50,上证50,2416.8019999999997,2416.4336000000003,2385.4281666666666,2356.23975,2423.3881
2024-04-25,2419.5,2431.62,2437.31,2411.57,28317818.0,sse50,上证50,2417.696,2417.0252,2388.778333333333,2356.379,2423.0917
2024-04-26,2432.76,2461.86,2467.27,2432.76,47838029.0,sse50,上证50,2420.842,2418.4411999999998,2392.7031666666667,2356.7765,2422.9405
2024-04-29,2458.18,2474.34,2492.93,2453.48,53401197.0,sse50,上证50,2424.4595,2420.3307999999997,2396.266166666667,2357.300333333333,2422.63985
2024-04-30,2473.51,2464.24,2484.1,2464.24,46814370.0,sse50,上证50,2426.9255000000003,2422.7724,2398.789333333333,2357.6629166666667,2422.27305
2024-05-06,2495.47,2495.76,2505.6,2487.32,56007811.0,sse50,上证50,2429.6349999999998,2426.5544,2401.8125,2358.3154166666664,2422.15095
2024-05-07,2496.02,2499.77,2504.03,2489.37,38042631.0,sse50,上证50,2432.8355,2429.9956,2405.0679999999998,2358.839,2422.1432
2024-05-08,2495.62,2486.02,2497.15,2484.38,32306111.0,sse50,上证50,2435.6279999999997,2433.4788,2408.6520000000005,2359.08275,2422.1256
2024-05-09,2483.66,2501.73,2506.28,2483.66,37662111.0,sse50,上证50,2440.01,2437.4683999999997,2412.775833333333,2359.564083333333,2422.11785
2024-05-10,2508.06,2508.58,2515.02,2492.36,40528642.0,sse50,上证50,2445.2085,2441.2148,2417.1143333333334,2360.163083333333,2422.0681
2024-05-13,2499.69,2506.46,2512.24,2487.65,41036748.0,sse50,上证50,2450.6945,2443.8104000000003,2421.7385,2360.7483333333334,2422.0333
2024-05-14,2507.2,2496.74,2510.42,2491.25,33885687.0,sse50,上证50,2455.788,2446.2496,2425.762833333333,2361.4376666666662,2421.7851
2024-05-15,2494.76,2477.39,2498.95,2475.96,29457288.0,sse50,上证50,2460.955,2448.1384000000003,2428.4053333333336,2362.019333333333,2421.43235
2024-05-16,2484.27,2489.41,2498.89,2475.84,39199339.0,sse50,上证50,2464.2245000000003,2451.1512,2430.8263333333334,2362.711083333333,2421.27545
2024-05-17,2492.57,2524.17,2524.18,2485.82,44218563.0,sse50,上证50,2469.817,2455.9336,2433.6861666666664,2363.5198333333333,2421.3381
2024-05-20,2529.92,2532.82,2544.52,2524.19,46691985.0,sse50,上证50,2474.465,2461.3768,2436.3740000000003,2364.5906666666665,2421.41665
2024-05-21,2526.94,2525.23,2531.63,2518.27,33118645.0,sse50,上证50,2478.4664999999995,2466.5912,2438.9764999999998,2365.6492500000004,2421.5085
2024-05-22,2524.69,2529.04,2535.06,2519.03,38076048.0,sse50,上证50,2483.3895,2472.7908,2440.9566666666665,2366.6848333333332,2421.60725
2024-05-23,2518.14,2500.82,2519.07,2495.16,35048003.0,sse50,上证50,2487.1929999999998,2475.8628,2442.0856666666664,2367.389666666667,2421.6113499999997
2024-05-24,2494.37,2474.43,2504.41,2473.23,31294242.0,sse50,上证50,2490.2275,2478.3472,2442.769333333333,2368.03575,2421.09175
2024-05-27,2478.26,2497.6,2500.11,2478.26,35770897.0,sse50,上证50,2493.9015,2480.6567999999997,2444.5035,2368.806,2420.6978
2024-05-28,2498.03,2490.16,2505.79,2486.1,33003573.0,sse50,上证50,2496.8285,2482.4552000000003,2445.9218333333333,2369.6321666666668,2420.2718
2024-05-29,2489.52,2493.17,2510.07,2486.58,31785111.0,sse50,上证50,2498.394,2484.9588,2447.7145000000005,2370.6525833333335,2419.5025
2024-05-30,2488.32,2473.76,2500.31,2468.26,34349983.0,sse50,上证50,2498.3650000000002,2486.9192,2448.724833333333,2371.5071666666668,2418.6044500000003
2024-05-31,2480.21,2462.18,2487.13,2462.18,28593170.0,sse50,上证50,2498.2619999999997,2488.8568,2449.513833333333,2372.374333333333,2417.6859
2024-06-03,2461.35,2469.02,2476.8,2454.98,32935234.0,sse50,上证50,2496.925,2490.6528,2450.3545,2373.2328333333335,2416.9276
2024-06-04,2465.61,2483.32,2488.75,2462.67,31903183.0,sse50,上证50,2496.1025,2492.7208,2450.9695,2374.327166666667,2416.11845
2024-06-05,2477.31,2468.19,2483.33,2467.46,29453857.0,sse50,上证50,2495.2110000000002,2492.974,2451.5373333333337,2375.4464166666667,2415.2152
2024-06-06,2474.23,2467.89,2492.05,2462.13,36897263.0,sse50,上证50,2493.519,2492.716,2452.2193333333335,2376.9573333333333,2414.38175
2024-06-07,2473.17,2457.26,2476.46,2444.93,36436105.0,sse50,上证50,2490.953,2492.4368,2452.7375,2378.4006666666664,2413.5111500000003
2024-06-11,2444.55,2423.62,2449.65,2415.11,41401549.0,sse50,上证50,2486.811,2489.5512,2452.4126666666666,2379.640583333334,2412.4857500000003
2024-06-12,2420.9,2423.61,2427.84,2412.99,37949604.0,sse50,上证50,2483.1544999999996,2486.5048,2451.9649999999997,2380.8235833333333,2411.4566
2024-06-13,2425.92,2412.07,2426.33,2406.99,30851071.0,sse50,上证50,2479.8885,2483.5468,2451.7061666666664,2381.8185000000003,2410.67245
2024-06-14,2405.79,2426.51,2433.05,2399.99,41277966.0,sse50,上证50,2476.7434999999996,2480.538,2451.750333333334,2382.829916666667,2410.0586000000003
2024-06-17,2412.09,2416.34,2418.94,2408.87,37495957.0,sse50,上证50,2471.352,2476.8484,2451.5693333333334,2384.12425,2409.4081
2024-06-18,2412.55,2415.43,2424.93,2408.29,35338347.0,sse50,上证50,2465.4825,2473.2072,2451.19,2385.503333333333,2408.8312
2024-06-19,2410.47,2413.97,2418.74,2402.96,32775291.0,sse50,上证50,2459.9195000000004,2469.8964,2451.1423333333337,2386.909,2408.2186
2024-06-20,2413.39,2408.34,2422.7,2405.4,32013024.0,sse50,上证50,2453.8845,2467.1344,2450.840333333333,2388.21825,2407.7224
2024-06-21,2406.22,2398.96,2411.53,2386.48,33202039.0,sse50,上证50,2448.7915000000003,2463.5164,2450.371333333334,2389.3995,2407.34175
2024-06-24,2383.87,2404.08,2418.92,2381.28,34671331.0,sse50,上证50,2445.2740000000003,2458.7128,2450.386,2390.787,2406.89335
2024-06-25,2403.73,2394.22,2410.14,2384.2,34919135.0,sse50,上证50,2440.1050000000005,2453.1688,2450.2695000000003,2391.894,2406.5584999999996
2024-06-26,2388.5,2398.26,2404.46,2383.15,29859502.0,sse50,上证50,2435.5099999999998,2448.09,2450.0115,2392.9586666666664,2406.14605
2024-06-27,2391.69,2388.56,2395.81,2376.66,36990570.0,sse50,上证50,2430.2795,2442.4708,2449.8385,2393.922,2405.6622
2024-06-28,2382.12,2394.87,2406.36,2381.39,39898644.0,sse50,上证50,2426.335,2438.2327999999998,2449.7198333333336,2395.0274999999997,2405.0456
2024-07-01,2395.2,2405.47,2407.05,2387.62,36281247.0,sse50,上证50,2423.4995,2435.4744,2449.5623333333338,2396.1852500000005,2404.42685
2024-07-02,2400.17,2416.68,2421.75,2399.52,36866949.0,sse50,上证50,2420.8825,2432.2376,2449.1475,2397.0100833333336,2403.89755
2024-07-03,2417.18,2414.87,2421.08,2405.84,32991600.0,sse50,上证50,2417.46,2429.2259999999997,2448.7993333333334,2397.7492500000003,2403.4195999999997
2024-07-04,2417.28,2407.9,2428.94,2407.13,30511579.0,sse50,上证50,2414.4455000000003,2425.8152,2448.428166666666,2398.7131666666664,2402.79785
2024-07-05,2405.61,2386.0,2411.93,2367.02,39363439.0,sse50,上证50,2410.351,2422.3048,2447.9599999999996,2399.4728333333333,2401.8405000000002
2024-07-08,2375.68,2371.69,2387.89,2368.17,35617562.0,sse50,上证50,2406.0724999999998,2418.6852000000003,2447.411333333333,2400.244916666666,2400.89
2024-07-09,2365.93,2389.38,2396.18,2352.77,37504477.0,sse50,上证50,2404.3605,2415.4996,2447.288666666667,2401.2519166666666,2400.0400999999997
2024-07-10,2378.8,2381.83,2392.88,2378.54,34846258.0,sse50,上证50,2402.2715,2411.44,2447.0713333333333,2402.401833333334,2399.27845
2024-07-11,2387.67,2396.41,2400.23,2378.15,38295592.0,sse50,上证50,2401.4885,2408.5687999999996,2447.444,2403.658416666666,2398.66065
2024-07-12,2397.73,2412.62,2414.76,2396.53,38157098.0,sse50,上证50,2400.7940000000003,2406.3579999999997,2447.2540000000004,2405.136833333333,2398.0429
2024-07-15,2405.92,2420.52,2424.41,2405.52,34518607.0,sse50,上证50,2401.0029999999997,2404.8884000000003,2447.3906666666667,2406.64025,2397.4863499999997
2024-07-16,2412.26,2424.76,2426.59,2406.25,35688395.0,sse50,上证50,2401.4695,2404.9339999999997,2447.139,2408.2031666666667,2396.98745
2024-07-17,2422.88,2432.83,2439.32,2419.98,37750369.0,sse50,上证50,2402.4125,2405.3028,2446.9328333333333,2409.8225833333336,2396.4967
2024-07-18,2426.34,2444.51,2446.77,2421.49,34814046.0,sse50,上证50,2404.221,2406.6004000000003,2447.165,2411.452,2396.14435
2024-07-19,2429.8,2456.79,2462.74,2417.46,41315480.0,sse50,上证50,2407.1125,2407.8116,2447.699,2413.5980833333333,2395.7688
2024-07-22,2454.24,2432.55,2454.5,2416.2,41829683.0,sse50,上证50,2408.536,2408.46,2448.0125,2415.2155,2395.27015
2024-07-23,2429.09,2396.67,2431.27,2396.67,41340681.0,sse50,上证50,2408.6585,2407.7096,2447.555,2416.4915833333334,2394.6457
2024-07-24,2393.23,2390.95,2407.11,2383.0,39296668.0,sse50,上证50,2408.293,2406.7888000000003,2446.8771666666667,2417.82775,2394.12175
2024-07-25,2384.63,2369.72,2387.89,2358.54,40846894.0,sse50,上证50,2407.3509999999997,2405.244,2445.3415,2419.0223333333333,2393.21545
2024-07-26,2364.91,2355.32,2368.27,2341.45,40494016.0,sse50,上证50,2405.3735,2403.4984,2443.3578333333335,2419.812,2392.3463
2024-07-29,2352.51,2348.48,2359.98,2343.4,33671312.0,sse50,上证50,2402.5240000000003,2401.2744000000002,2441.4285,2420.1089166666666,2391.52165
2024-07-30,2341.91,2335.31,2341.91,2321.5,32432891.0,sse50,上证50,2398.4555,2398.918,2438.7543333333333,2420.2834166666667,2390.5975
2024-07-31,2332.65,2375.39,2378.88,2331.56,50066642.0,sse50,上证50,2396.4815,2398.0032,2436.6813333333334,2420.874666666667,2389.939
2024-08-01,2373.47,2360.42,2375.79,2360.05,39134152.0,sse50,上证50,2394.1074999999996,2396.8776000000003,2434.588,2421.6200000000003,2389.24325
2024-08-02,2344.42,2343.72,2360.41,2337.64,31827474.0,sse50,上证50,2391.9934999999996,2394.8316,2431.9545000000003,2422.365166666666,2388.5492
2024-08-05,2334.59,2328.92,2362.31,2327.75,39457458.0,sse50,上证50,2389.8550000000005,2391.7696,2428.9601666666663,2423.0372500000003,2387.7395
2024-08-06,2342.84,2313.34,2346.3,2296.71,34873713.0,sse50,上证50,2386.053,2387.636,2425.7414999999996,2423.74,2386.73425
2024-08-07,2311.91,2314.43,2330.15,2307.08,27145991.0,sse50,上证50,2382.683,2383.6184,2422.703,2424.2329166666664,2385.8607500000003
2024-08-08,2310.96,2320.42,2334.46,2305.89,22528936.0,sse50,上证50,2378.8835,2380.1192,2420.0868333333333,2424.2460833333334,2385.12065
2024-08-09,2332.67,2317.99,2338.24,2317.99,25988805.0,sse50,上证50,2374.1519999999996,2377.3988,2417.229833333333,2424.028083333333,2384.3161
2024-08-12,2314.26,2316.91,2323.42,2312.58,22194984.0,sse50,上证50,2368.9715,2375.2075999999997,2413.7755,2423.7308333333335,2383.5647
2024-08-13,2318.97,2317.65,2321.54,2304.6,25109218.0,sse50,上证50,2363.616,2372.3384,2410.1893333333333,2423.2816666666668,2383.1432999999997
2024-08-14,2317.89,2306.12,2317.89,2305.47,22049930.0,sse50,上证50,2357.2805,2369.31,2406.5375,2422.757,2382.7278
2024-08-15,2300.48,2335.94,2343.21,2295.75,29315620.0,sse50,上证50,2351.852,2366.8912,2403.319166666667,2422.1379166666666,2382.55785
2024-08-16,2335.04,2345.05,2348.15,2331.08,30481578.0,sse50,上证50,2346.2650000000003,2364.1884,2400.723,2421.4043333333334,2382.3909
2024-08-19,2345.64,2357.03,2367.41,2345.12,30885150.0,sse50,上证50,2342.489,2361.6488,2398.7663333333335,2420.7678333333333,2382.2445500000003
2024-08-20,2361.18,2346.64,2361.3,2337.51,29898108.0,sse50,上证50,2339.9875,2358.524,2396.250333333333,2420.3769166666666,2382.0091
2024-08-21,2341.81,2339.07,2345.97,2324.71,26550899.0,sse50,上证50,2337.3935,2354.7736,2393.7321666666667,2419.8269999999998,2381.6299
2024-08-22,2340.15,2341.15,2344.99,2332.36,31112912.0,sse50,上证50,2335.965,2350.6391999999996,2391.1984999999995,2419.4565000000002,2381.26485
2024-08-23,2338.66,2355.38,2361.06,2338.32,27900047.0,sse50,上证50,2335.968,2346.5828,2389.2255,2418.9751666666666,2380.98435
2024-08-26,2356.79,2352.27,2361.88,2341.23,26900476.0,sse50,上证50,2336.1575000000003,2343.3716,2387.3936666666673,2418.4537499999997,2380.6420500000004
2024-08-27,2348.54,2350.41,2355.57,2345.3,30952524.0,sse50,上证50,2336.9125,2341.5212,2385.4168333333337,2417.885666666667,2380.3068
2024-08-28,2349.52,2336.15,2352.7,2327.92,30092262.0,sse50,上证50,2334.9505,2339.3291999999997,2382.964,2416.9667499999996,2379.80285
2024-08-29,2329.66,2317.66,2335.67,2315.49,44246295.0,sse50,上证50,2332.8125,2337.2468,2380.4551666666666,2415.9962499999997,2379.1072999999997
2024-08-30,2313.61,2335.21,2354.63,2311.23,63786046.0,sse50,上证50,2332.387,2336.4424,2378.2438333333334,2415.2315833333337,2378.5635
2024-09-02,2321.15,2299.93,2326.08,2299.17,45499287.0,sse50,上证50,2330.9375,2334.5004,2375.6216666666664,2414.179583333333,2377.87965
2024-09-03,2299.34,2291.18,2301.69,2286.02,44158877.0,sse50,上证50,2329.8295,2332.7352,2373.414333333333,2412.9135,2377.1544
2024-09-04,2279.48,2271.81,2289.39,2268.21,35482469.0,sse50,上证50,2327.6985,2328.5919999999996,2370.8843333333334,2411.424666666667,2376.44335
2024-09-05,2272.98,2275.12,2281.53,2267.33,30352561.0,sse50,上证50,2325.4335,2325.18,2368.6018333333336,2410.154,2375.781
2024-09-06,2276.54,2263.56,2288.93,2263.32,25886004.0,sse50,上证50,2322.7120000000004,2321.9736,2365.886,2408.8181666666665,2375.0668
2024-09-09,2252.3,2232.96,2256.0,2226.63,34250688.0,sse50,上证50,2318.5145,2318.1351999999997,2362.8296666666665,2407.1995,2374.096
2024-09-10,2232.83,2235.69,2240.59,2223.9,30184005.0,sse50,上证50,2314.4165000000003,2315.0292,2359.8340000000003,2405.512,2373.25285
2024-09-11,2228.83,2220.8,2228.83,2213.82,34615529.0,sse50,上证50,2310.1505,2311.284,2356.6145,2403.878416666667,2372.36585
2024-09-12,2220.9,2209.56,2227.73,2208.25,28095301.0,sse50,上证50,2303.8315,2306.8496,2353.3015,2402.0709166666666,2371.3898
2024-09-13,2211.15,2205.81,2222.56,2204.86,27098500.0,sse50,上证50,2296.8695,2302.3624,2350.082333333333,2400.2268333333336,2370.33765
2024-09-18,2206.85,2218.66,2225.91,2203.98,26054620.0,sse50,上证50,2289.951,2298.4324,2346.9919999999997,2398.689,2369.4464500000004
2024-09-19,2224.26,2229.81,2239.98,2199.45,34968379.0,sse50,上证50,2284.1095,2294.9188,2344.2518333333333,2397.2606666666666,2368.5696500000004
2024-09-20,2227.35,2233.26,2237.98,2212.52,36902087.0,sse50,上证50,2278.819,2292.0044,2341.5018333333333,2395.7566666666667,2367.78085
2024-09-23,2233.86,2243.02,2254.16,2232.28,27207257.0,sse50,上证50,2273.9125,2288.2875999999997,2339.0761666666663,2394.4573333333333,2367.14235
2024-09-24,2270.36,2352.14,2352.32,2257.29,60159105.0,sse50,上证50,2273.7505,2288.5712,2338.364,2394.041916666667,2367.047
2024-09-25,2391.28,2386.32,2426.69,2380.59,68403102.0,sse50,上证50,2275.453,2289.7428,2338.0448333333334,2393.8035833333333,2367.188
2024-09-26,2389.27,2498.18,2498.32,2383.51,67742963.0,sse50,上证50,2282.8415,2295.8044,2339.4031666666665,2394.2753333333335,2367.8489
2024-09-27,2553.6,2571.08,2571.08,2512.82,64800776.0,sse50,上证50,2294.588,2305.0847999999996,2342.0066666666667,2395.403,2368.9443
2024-09-30,2657.55,2755.4,2778.29,2621.7,153324458.0,sse50,上证50,2316.475,2321.6548000000003,2347.7983333333336,2398.1132500000003,2371.0519
2024-10-08,3016.87,2853.14,3016.87,2780.03,165973235.0,sse50,上证50,2342.3714999999997,2341.5652,2355.5840000000003,2401.772,2373.8847
2024-10-09,2813.96,2680.71,2825.74,2674.25,124653375.0,sse50,上证50,2361.4105000000004,2354.7028,2360.7343333333333,2404.072833333333,2375.8679500000003
2024-10-10,2697.29,2739.05,2801.12,2675.44,115891754.0,sse50,上证50,2383.804,2370.2484,2366.562166666667,2406.925416666667,2378.18905
2024-10-11,2718.25,2680.39,2737.08,2653.62,75378019.0,sse50,上证50,2404.2329999999997,2384.018,2371.5381666666663,2409.3047500000002,2380.1827500000004
2024-10-14,2699.71,2723.18,2737.27,2672.81,80655001.0,sse50,上证50,2426.636,2400.2388,2376.984333333334,2412.214166666666,2382.33525
2024-10-15,2711.67,2655.12,2726.99,2655.12,58314144.0,sse50,上证50,2446.214,2413.0352,2381.026,2414.14,2384.0851500000003
2024-10-16,2629.24,2650.18,2677.22,2628.95,56259713.0,sse50,上证50,2467.075,2427.0452,2384.853666666667,2416.122166666667,2386.03095
2024-10-17,2666.37,2610.47,2680.06,2610.47,49796854.0,sse50,上证50,2485.814,2439.8168,2387.9488333333334,2417.543916666667,2387.8336
2024-10-18,2606.38,2681.91,2722.65,2583.49,70198207.0,sse50,上证50,2508.8695,2456.2208,2392.1001666666666,2419.5165,2390.0167
2024-10-21,2694.97,2681.06,2701.36,2659.67,72042226.0,sse50,上证50,2532.4445,2472.4584,2396.0426666666667,2421.6038333333336,2392.16585
2024-10-22,2672.85,2692.66,2704.35,2672.45,52208167.0,sse50,上证50,2556.787,2489.6223999999997,2399.973833333333,2423.8364166666665,2394.3431
2024-10-23,2691.13,2708.05,2728.26,2682.94,56076797.0,sse50,上证50,2581.2565000000004,2508.626,2404.5654999999997,2426.2889999999998,2396.6954499999997
2024-10-24,2695.38,2680.7,2699.0,2669.71,42253335.0,sse50,上证50,2603.801,2526.4264,2409.299333333334,2428.427166666667,2398.79205
2024-10-25,2679.35,2683.32,2705.33,2671.04,46861453.0,sse50,上证50,2626.304,2544.9271999999996,2414.1721666666663,2430.5246666666667,2400.85615
2024-10-28,2681.51,2686.29,2686.29,2656.32,53474972.0,sse50,上证50,2648.4674999999997,2563.9964,2419.4483333333333,2432.3949166666666,2402.9228
2024-10-29,2689.92,2667.94,2712.28,2665.42,50084286.0,sse50,上证50,2664.2574999999997,2582.4816,2424.6586666666667,2434.00825,2404.95145
2024-10-30,2658.26,2634.74,2674.37,2624.0,44450688.0,sse50,上证50,2676.6785,2599.1247999999996,2429.4296666666664,2435.4290833333334,2406.7924500000004
2024-10-31,2637.21,2633.12,2654.65,2613.25,54529623.0,sse50,上证50,2683.4255,2615.2572,2434.3931666666667,2436.57375,2408.3695500000003
2024-11-01,2629.04,2651.53,2674.25,2629.04,60844392.0,sse50,上证50,2687.448,2631.988,2438.9955,2437.8384166666665,2409.99635
2024-11-04,2657.31,2675.77,2675.77,2636.58,43015671.0,sse50,上证50,2683.4665,2649.298,2444.251333333333,2439.419666666667,2411.91405
2024-11-05,2666.86,2727.67,2727.67,2659.17,55642484.0,sse50,上证50,2677.193,2664.3192,2450.6505,2441.3025,2414.0782
2024-11-06,2730.46,2706.61,2743.13,2691.73,59940818.0,sse50,上证50,2678.488,2677.1308000000004,2456.9453333333336,2442.95275,2416.21605
2024-11-07,2684.81,2797.86,2800.61,2683.32,67017244.0,sse50,上证50,2681.4285,2689.118,2465.020666666667,2445.381083333333,2418.86265
2024-11-08,2825.91,2765.54,2833.07,2758.21,67861757.0,sse50,上证50,2685.686,2696.8964,2472.539166666667,2447.6210833333334,2421.47115
2024-11-11,2736.84,2753.74,2754.97,2711.76,61338658.0,sse50,上证50,2687.214,2696.83,2479.7611666666667,2449.924,2424.0117499999997
2024-11-12,2744.95,2712.27,2778.89,2701.61,60114854.0,sse50,上证50,2690.0715,2691.1952,2486.3325,2451.781166666667,2426.39705
2024-11-13,2697.19,2728.23,2737.5,2696.69,62644077.0,sse50,上证50,2693.9739999999997,2693.0959999999995,2493.187833333334,2453.4816666666666,2428.83765
2024-11-14,2719.46,2704.15,2743.75,2700.2,60469571.0,sse50,上证50,2698.658,2691.7,2499.6295000000005,2454.909416666667,2431.1723500000003
2024-11-15,2696.96,2671.45,2712.88,2671.45,70040262.0,sse50,上证50,2698.1349999999998,2691.3424,2505.718333333333,2456.1279166666664,2433.3371
2024-11-18,2683.49,2678.27,2725.3,2668.06,91045710.0,sse50,上证50,2697.9955,2689.546,2511.4238333333333,2457.3715,2435.48355
2024-11-19,2679.55,2671.19,2683.37,2637.85,67003018.0,sse50,上证50,2696.922,2690.1888,2516.8595,2458.79125,2437.8432000000003
2024-11-20,2667.45,2676.21,2686.38,2657.58,45017622.0,sse50,上证50,2695.33,2691.23,2522.179166666667,2460.4727500000004,2440.03195
2024-11-21,2674.43,2680.8,2686.31,2666.57,37202384.0,sse50,上证50,2695.335,2694.0432,2527.7485,2461.9994166666665,2442.21825
2024-11-22,2679.65,2601.56,2683.74,2601.55,48551764.0,sse50,上证50,2691.2470000000003,2690.8291999999997,2532.1233333333334,2462.9277500000003,2444.073
2024-11-25,2610.96,2582.05,2620.03,2568.95,45593530.0,sse50,上证50,2686.035,2686.8688,2536.138333333334,2463.668416666667,2445.8514
2024-11-26,2576.81,2592.74,2607.12,2573.97,39931653.0,sse50,上证50,2682.275,2682.8720000000003,2540.0943333333335,2464.6599166666665,2447.5123
2024-11-27,2588.89,2625.76,2626.33,2583.47,41079054.0,sse50,上证50,2681.826,2679.5804,2544.6524999999997,2466.0230833333335,2449.07685
2024-11-28,2625.51,2610.12,2630.8,2598.75,34308739.0,sse50,上证50,2680.6760000000004,2676.7572000000005,2548.9809999999998,2467.1989166666667,2450.5556
2024-11-29,2612.23,2624.96,2660.39,2610.71,43001561.0,sse50,上证50,2679.3475,2674.4228000000003,2553.7944999999995,2468.37925,2452.1582
2024-12-02,2621.14,2639.04,2643.87,2613.62,44608836.0,sse50,上证50,2677.511,2672.5328000000004,2559.150833333333,2469.803,2453.9984999999997
2024-12-03,2638.81,2652.9,2658.15,2626.21,47373156.0,sse50,上证50,2673.7725,2671.9312,2564.4456666666665,2471.3447499999997,2455.9915
2024-12-04,2651.79,2648.76,2660.8,2638.11,48088171.0,sse50,上证50,2670.88,2672.492,2570.2595,2472.940583333334,2457.99395
2024-12-05,2637.63,2635.56,2647.98,2629.63,33676521.0,sse50,上证50,2662.7650000000003,2672.5896000000002,2575.999166666667,2474.70675,2460.0267000000003
2024-12-06,2636.61,2665.43,2682.69,2636.61,43894491.0,sse50,上证50,2657.7595,2673.1456,2582.5595000000003,2476.721916666667,2462.0774499999998
2024-12-09,2666.29,2667.59,2686.52,2658.43,45926353.0,sse50,上证50,2653.452,2672.8183999999997,2589.1006666666663,2478.8512499999997,2463.8212000000003
2024-12-10,2741.75,2689.33,2747.07,2684.72,59443899.0,sse50,上证50,2652.305,2671.2848,2596.1968333333334,2481.0414166666665,2465.5471
2024-12-11,2684.59,2676.55,2696.01,2671.52,40802387.0,sse50,上证50,2649.7210000000005,2670.0824,2603.5899999999997,2483.2098333333333,2467.16695
2024-12-12,2673.94,2702.27,2704.03,2667.64,41273831.0,sse50,上证50,2649.627,2666.2588,2611.366333333333,2485.6001666666666,2468.82055
2024-12-13,2684.29,2638.03,2684.41,2636.97,61597705.0,sse50,上证50,2647.956,2661.1584000000003,2618.320166666667,2487.467333333333,2470.1653
2024-12-16,2637.74,2641.56,2647.7,2635.25,54098120.0,sse50,上证50,2646.1205,2656.6711999999998,2625.520166666667,2489.4108333333334,2471.32195
2024-12-17,2637.35,2652.35,2672.96,2637.35,44279234.0,sse50,上证50,2645.1785,2654.2744000000002,2632.9625,2491.5224166666667,2472.4183
2024-12-18,2662.03,2671.35,2681.12,2661.9,44259056.0,sse50,上证50,2644.9355,2651.9991999999997,2640.5073333333335,2493.749666666666,2473.6079999999997
2024-12-19,2652.19,2661.72,2672.58,2642.68,40214140.0,sse50,上证50,2643.9815000000003,2650.302,2647.7058333333334,2495.9788333333336,2474.94885
2024-12-20,2654.85,2648.46,2670.32,2644.84,42493510.0,sse50,上证50,2646.3265,2649.3824,2654.625833333333,2498.063833333333,2476.1658500000003
2024-12-23,2648.92,2671.2,2688.89,2648.92,56629099.0,sse50,上证50,2650.784,2649.0996,2661.762166666667,2500.4191666666666,2477.5937999999996
2024-12-24,2671.91,2702.28,2704.58,2666.34,46469198.0,sse50,上证50,2656.261,2650.3432000000003,2667.5978333333333,2502.980916666667,2479.0395000000003
2024-12-25,2706.57,2710.16,2726.14,2700.68,51010381.0,sse50,上证50,2660.481,2651.7012,2672.9951666666666,2505.5199999999995,2480.5161
2024-12-26,2709.59,2702.6,2709.59,2692.87,41770736.0,sse50,上证50,2665.105,2652.5732000000003,2676.4021666666667,2507.902666666667,2481.9362
2024-12-27,2701.21,2701.7,2713.84,2686.5,44894855.0,sse50,上证50,2668.942,2656.5788000000002,2678.579166666667,2510.2929166666663,2483.2126000000003
2024-12-30,2700.22,2718.75,2724.73,2700.22,44994763.0,sse50,上证50,2672.9275,2662.0468,2677.968333333333,2512.883333333333,2484.63575
2024-12-31,2715.21,2684.77,2725.79,2684.77,50745554.0,sse50,上证50,2674.5209999999997,2665.728,2675.162166666667,2515.3730833333334,2485.92475
2025-01-02,2682.42,2610.34,2684.25,2595.4,61160984.0,sse50,上证50,2672.6,2665.1112,2673.9893333333334,2517.361833333334,2486.8456
2025-01-03,2615.35,2587.13,2620.65,2579.44,50804858.0,sse50,上证50,2670.1785,2664.1916,2671.4573333333333,2519.0097499999997,2487.5657
2025-01-06,2589.34,2579.96,2591.89,2555.93,44486402.0,sse50,上证50,2665.9049999999997,2662.3916,2669.7835,2520.6608333333334,2488.21315
2025-01-07,2576.68,2593.97,2595.66,2566.68,39218598.0,sse50,上证50,2662.224,2660.5888,2667.6299999999997,2522.307166666667,2489.045
2025-01-08,2587.53,2597.45,2611.15,2565.6,46257463.0,sse50,上证50,2657.63,2658.3708,2666.6688333333336,2523.8474166666665,2489.91295
2025-01-09,2595.69,2579.58,2597.06,2574.6,34356506.0,sse50,上证50,2652.7815,2655.6036,2665.4921666666664,2525.172916666667,2490.67485
2025-01-10,2585.2,2560.25,2593.09,2560.25,36166878.0,sse50,上证50,2645.6805,2652.5912,2664.6551666666664,2526.302,2491.2851499999997
2025-01-13,2545.38,2553.36,2561.24,2533.31,39699495.0,sse50,上证50,2641.447,2648.1084,2662.5126666666665,2527.3064166666663,2491.9678
2025-01-14,2556.42,2598.81,2606.09,2549.17,42688184.0,sse50,上证50,2639.3095000000003,2645.3572,2661.1418333333336,2528.5922499999997,2492.8295500000004
2025-01-15,2592.32,2591.5,2606.07,2587.46,41213511.0,sse50,上证50,2636.267,2641.4440000000004,2659.4558333333334,2529.714833333333,2493.65155
2025-01-16,2601.12,2580.12,2614.6,2572.11,38987110.0,sse50,上证50,2631.7055,2637.5868,2657.3236666666667,2530.944583333333,2494.5361500000004
2025-01-17,2572.97,2582.49,2595.16,2561.97,34250232.0,sse50,上证50,2627.7439999999997,2632.7956,2655.686833333333,2532.4930833333337,2495.44255
2025-01-20,2595.32,2589.07,2609.65,2585.13,36261216.0,sse50,上证50,2624.7745,2630.8372,2654.1160000000004,2534.1440833333336,2496.3192
2025-01-21,2598.83,2584.89,2599.89,2579.67,34366587.0,sse50,上证50,2620.459,2628.5703999999996,2652.426,2535.937166666666,2497.24895
2025-01-22,2580.11,2551.35,2580.19,2544.26,39846158.0,sse50,上证50,2612.9125,2624.5303999999996,2650.4828333333335,2537.57075,2497.99575
2025-01-23,2571.83,2567.48,2605.86,2564.75,51323995.0,sse50,上证50,2605.7785,2620.3756,2649.361833333334,2539.39575,2498.75855
2025-01-24,2562.87,2579.1,2594.58,2559.49,37663633.0,sse50,上证50,2599.6035,2617.0708,2648.4615,2541.427333333333,2499.4462000000003
2025-01-27,2582.84,2583.65,2597.35,2582.09,39196764.0,sse50,上证50,2593.701,2614.4784,2647.3301666666666,2543.1628333333333,2500.18565
2025-02-05,2604.14,2561.94,2604.32,2556.48,43535465.0,sse50,上证50,2585.8605000000002,2610.1079999999997,2645.433,2544.842166666667,2500.8444999999997
2025-02-06,2559.83,2580.43,2585.29,2554.48,39895336.0,sse50,上证50,2580.6434999999997,2605.234,2642.979,2546.81475,2501.6762
2025-02-07,2578.68,2608.09,2624.68,2570.18,58337411.0,sse50,上证50,2580.531,2601.1512,2641.337,2549.141166666667,2502.6936
2025-02-10,2612.06,2621.04,2628.39,2606.29,56063207.0,sse50,上证50,2582.2264999999998,2597.8887999999997,2638.39,2551.7053333333333,2503.8151
2025-02-11,2625.18,2614.32,2626.17,2607.24,51712769.0,sse50,上证50,2583.9445,2594.3936,2635.8696666666665,2554.204416666667,2504.91235
2025-02-12,2611.96,2640.05,2641.73,2607.27,44301409.0,sse50,上证50,2586.2485,2591.2456,2633.974833333333,2556.868,2506.24235
2025-02-13,2638.98,2641.13,2663.79,2635.45,46344081.0,sse50,上证50,2588.4325,2589.5,2632.789166666667,2559.5608333333334,2507.3278999999998
2025-02-14,2638.21,2660.85,2662.29,2633.71,56371426.0,sse50,上证50,2592.496,2591.5204,2631.666166666667,2562.427,2508.5705500000004
2025-02-17,2665.55,2664.48,2672.03,2647.45,69410594.0,sse50,上证50,2597.7075,2594.6144,2631.0049999999997,2565.31725,2509.6936499999997
2025-02-18,2659.09,2651.11,2679.82,2644.29,65094963.0,sse50,上证50,2602.5950000000003,2597.4604,2630.666,2568.1921666666667,2510.7232
2025-02-19,2648.36,2663.6,2673.52,2643.96,56214330.0,sse50,上证50,2605.8345,2600.2456,2630.4214999999995,2570.9226666666664,2511.8883
2025-02-20,2659.13,2648.17,2659.6,2641.91,48099429.0,sse50,上证50,2608.668,2602.2744000000002,2630.0378333333333,2573.4486666666667,2513.0054
2025-02-21,2657.8,2682.24,2686.33,2649.2,68488623.0,sse50,上证50,2613.774,2606.3808000000004,2630.1383333333333,2576.15875,2514.3479
2025-02-24,2674.69,2674.12,2692.81,2661.32,68521481.0,sse50,上证50,2618.3555,2610.9356,2630.027,2578.8877500000003,2515.5979
2025-02-25,2654.13,2643.23,2664.16,2636.9,53327168.0,sse50,上证50,2621.0634999999997,2614.5304,2630.7215,2581.422416666667,2516.65595
2025-02-26,2649.9,2666.66,2667.02,2645.99,51923039.0,sse50,上证50,2625.152,2617.2443999999996,2632.1316666666667,2584.135,2517.6799499999997
2025-02-27,2664.32,2679.08,2681.51,2655.0,53673004.0,sse50,上证50,2631.5385,2620.7475999999997,2633.5706666666665,2586.8324999999995,2518.7036500000004
2025-02-28,2670.43,2638.96,2691.29,2638.96,56335229.0,sse50,上证50,2635.1125,2623.1012,2633.7906666666668,2589.2215833333335,2519.5772500000003
2025-03-03,2645.01,2628.52,2655.31,2619.19,49692811.0,sse50,上证50,2637.5834999999997,2624.9424,2634.097333333333,2591.539166666667,2520.24105
2025-03-04,2617.92,2621.22,2629.67,2609.34,41851280.0,sse50,上证50,2639.462,2626.2283999999995,2634.0350000000003,2593.9147500000004,2520.8482999999997
2025-03-05,2623.72,2641.45,2644.75,2619.79,48397500.0,sse50,上证50,2643.4375,2628.4907999999996,2634.075166666667,2596.613,2521.62545
2025-03-06,2655.54,2683.95,2689.45,2655.54,57714226.0,sse50,上证50,2648.6135000000004,2633.7947999999997,2634.5926666666664,2599.5191666666665,2522.53655
2025-03-07,2677.57,2682.02,2695.38,2675.42,44317393.0,sse50,上证50,2652.31,2638.3764,2635.147,2602.7032499999996,2523.40375
2025-03-10,2682.88,2668.81,2683.61,2653.03,50838623.0,sse50,上证50,2654.6985,2641.9647999999997,2635.7011666666667,2605.850166666666,2524.2155000000002
2025-03-11,2644.82,2682.22,2682.22,2644.08,42194461.0,sse50,上证50,2658.0935,2645.9076,2635.981,2609.27025,2525.1429
2025-03-12,2684.72,2669.01,2686.78,2666.49,43449533.0,sse50,上证50,2659.5415,2650.1904,2636.0046666666667,2612.552666666667,2526.101
2025-03-13,2670.99,2664.62,2684.12,2655.33,42495068.0,sse50,上证50,2660.716,2653.558,2635.592833333333,2615.8948333333333,2526.97705
2025-03-14,2674.49,2740.51,2748.1,2674.03,65485152.0,sse50,上证50,2664.6989999999996,2658.8547999999996,2636.6588333333334,2620.1244166666665,2528.05875
2025-03-17,2755.49,2737.92,2755.94,2734.5,44380739.0,sse50,上证50,2668.371,2663.53,2637.253,2624.3096666666665,2529.08425
2025-03-18,2749.32,2739.75,2751.73,2737.01,38611198.0,sse50,上证50,2672.803,2668.5472000000004,2638.9483333333333,2628.63425,2530.15685
2025-03-19,2737.31,2746.96,2757.62,2733.57,46328423.0,sse50,上证50,2676.971,2672.8235999999997,2640.705,2633.1125833333335,2531.24645
2025-03-20,2748.29,2718.19,2749.22,2713.47,39710765.0,sse50,上证50,2680.472,2675.9060000000004,2641.8023333333335,2637.382416666667,2532.3333000000002
2025-03-21,2712.74,2675.36,2722.49,2669.79,46810782.0,sse50,上证50,2680.1279999999997,2676.4864000000002,2641.8691666666664,2641.18825,2533.3379499999996
2025-03-24,2675.46,2693.33,2696.34,2675.46,44923932.0,sse50,上证50,2681.0885,2677.6403999999998,2642.396,2645.050916666667,2534.3166
2025-03-25,2695.3,2691.9,2698.55,2685.29,37096214.0,sse50,上证50,2683.522,2679.272,2643.1200000000003,2648.8729166666667,2535.3253
2025-03-26,2692.42,2677.31,2696.54,2675.7,37833189.0,sse50,上证50,2684.0544999999997,2679.8203999999996,2643.2218333333335,2652.4919999999997,2536.2459999999996
2025-03-27,2673.93,2690.84,2704.74,2673.77,36473723.0,sse50,上证50,2684.6425,2681.5272000000004,2643.0311666666666,2655.3145,2537.3314
2025-03-28,2691.67,2679.74,2692.7,2673.24,35920053.0,sse50,上证50,2686.6814999999997,2681.4271999999996,2642.524166666667,2657.759666666667,2538.4192
2025-03-31,2676.05,2665.63,2692.44,2657.3,49951364.0,sse50,上证50,2688.5370000000003,2681.0876000000003,2641.908,2659.155083333333,2539.40225
2025-04-01,2669.0,2662.71,2674.11,2659.02,40847477.0,sse50,上证50,2690.6115,2681.8668,2641.258166666667,2659.9186666666665,2540.2992
2025-04-02,2659.1,2658.62,2669.36,2653.45,32168634.0,sse50,上证50,2691.4700000000003,2681.5452,2640.2560000000003,2659.112166666667,2541.25135
2025-04-03,2631.47,2662.25,2671.71,2631.47,42173571.0,sse50,上证50,2690.3849999999998,2680.8720000000003,2639.8806666666665,2657.521416666667,2542.22315
2025-04-07,2555.71,2516.97,2579.6,2457.08,102701231.0,sse50,上证50,2682.1325,2675.9924,2638.3245,2656.156916666667,2542.5217
2025-04-08,2526.51,2574.35,2574.35,2510.64,90153523.0,sse50,上证50,2677.4094999999998,2673.8256,2638.1115,2654.7844166666664,2543.27535
2025-04-09,2548.49,2597.1,2597.1,2541.55,77718696.0,sse50,上证50,2673.1535,2672.8607999999995,2638.3971666666666,2654.0903333333335,2544.1428
2025-04-10,2628.52,2612.62,2628.52,2590.76,61119831.0,sse50,上证50,2670.334,2671.7076,2638.708,2653.1690000000003,2545.1455499999997
2025-04-11,2620.77,2619.58,2621.16,2595.5,44939276.0,sse50,上证50,2668.082,2669.1328000000003,2639.076833333333,2652.872833333334,2546.1109
2025-04-14,2623.57,2628.21,2636.79,2615.39,45123283.0,sse50,上证50,2662.467,2666.9804,2639.887333333333,2652.6897499999995,2547.17025
2025-04-15,2624.2,2634.59,2637.75,2615.37,42005386.0,sse50,上证50,2657.3005,2665.6115999999997,2641.126333333333,2652.89075,2548.26605
2025-04-16,2639.2,2658.5,2661.78,2616.87,51224732.0,sse50,上证50,2653.238,2664.6627999999996,2642.8786666666665,2652.6956666666665,2549.4887
2025-04-17,2648.05,2659.9,2661.8,2639.97,37879985.0,sse50,上证50,2648.8849999999998,2664.2983999999997,2643.8968333333332,2652.5193333333327,2550.7464999999997
2025-04-18,2648.66,2657.64,2666.27,2645.87,30353172.0,sse50,上证50,2645.8574999999996,2664.0191999999997,2644.9991666666665,2652.2275,2552.0398999999998
2025-04-21,2655.54,2652.81,2671.34,2652.65,34411982.0,sse50,上证50,2644.73,2660.5112,2646.2106666666664,2651.7671666666665,2553.2835499999997
2025-04-22,2651.49,2656.54,2667.84,2650.33,37220822.0,sse50,上证50,2642.8905,2657.256,2647.4448333333335,2651.5658333333336,2554.59515
2025-04-23,2662.93,2648.83,2664.47,2646.36,33046358.0,sse50,上证50,2640.737,2653.6191999999996,2648.440833333333,2651.2784166666665,2555.848
2025-04-24,2648.77,2655.36,2665.73,2648.76,31252679.0,sse50,上证50,2639.6395,2649.9552000000003,2649.6153333333336,2651.020666666667,2557.1820000000002
2025-04-25,2660.16,2648.81,2663.35,2643.4,32380960.0,sse50,上证50,2637.5379999999996,2647.18,2651.239666666667,2650.8612500000004,2558.4517
2025-04-28,2643.14,2651.23,2658.46,2636.41,32909451.0,sse50,上证50,2636.1125,2646.2147999999997,2652.6355,2650.998666666667,2559.6805
2025-04-29,2650.43,2645.51,2655.34,2639.8,28042631.0,sse50,上证50,2635.1065,2644.302,2653.7423333333336,2651.101916666667,2560.82465
2025-04-30,2646.06,2633.16,2651.3,2631.84,43217657.0,sse50,上证50,2633.629,2641.9524,2654.5674999999997,2650.9488333333334,2561.9161
2025-05-06,2650.46,2647.72,2650.46,2633.41,40705260.0,sse50,上证50,2633.084,2640.7688,2655.9971666666665,2650.7150833333335,2563.1151999999997
2025-05-07,2685.56,2670.7,2685.56,2656.2,47055825.0,sse50,上证50,2633.5065000000004,2639.9632,2657.5016666666666,2650.240333333333,2564.5387
2025-05-08,2661.27,2679.51,2695.78,2658.67,33449077.0,sse50,上证50,2641.6335,2639.9539999999997,2658.692,2650.0144999999998,2566.0778
2025-05-09,2676.12,2684.01,2689.6,2676.12,32778706.0,sse50,上证50,2647.1165,2640.6892,2659.7414999999996,2649.06575,2567.55095
2025-05-12,2688.75,2702.62,2710.61,2681.96,39123990.0,sse50,上证50,2652.3925000000004,2642.2856,2661.213166666667,2648.5414166666665,2569.1549
2025-05-13,2713.11,2708.06,2713.11,2702.06,39965507.0,sse50,上证50,2657.1645,2644.2632,2662.3466666666664,2648.16075,2570.7131499999996
2025-05-14,2708.56,2753.79,2766.25,2708.42,46485155.0,sse50,上证50,2663.875,2647.9248,2664.224333333333,2648.50675,2572.419
2025-05-15,2748.54,2740.3,2758.08,2735.9,37878448.0,sse50,上证50,2669.4795,2656.8579999999997,2665.5484999999994,2648.6073333333334,2574.0179000000003
2025-05-16,2734.74,2716.66,2739.06,2706.47,37006336.0,sse50,上证50,2673.583,2662.5503999999996,2666.418166666667,2648.711583333333,2575.4773999999998
2025-05-19,2710.32,2705.09,2716.86,2701.25,26951611.0,sse50,上证50,2675.9125,2666.87,2667.317833333333,2648.991916666667,2576.8387
2025-05-20,2710.39,2716.63,2729.76,2710.39,29309796.0,sse50,上证50,2678.7490000000003,2671.0303999999996,2668.201666666667,2649.3115833333336,2578.1992999999998
2025-05-21,2716.84,2728.43,2740.77,2716.84,31426341.0,sse50,上证50,2682.2885,2675.3844,2669.539333333333,2649.7885833333335,2579.5575
2025-05-22,2725.45,2733.63,2738.24,2718.79,27835070.0,sse50,上证50,2686.3295,2679.6012,2670.3958333333335,2650.267083333333,2581.0629
2025-05-23,2731.18,2711.85,2742.12,2711.85,33668536.0,sse50,上证50,2689.0950000000003,2682.6915999999997,2671.0246666666667,2650.525833333333,2582.6387999999997
2025-05-26,2708.22,2699.42,2719.7,2692.68,30713381.0,sse50,上证50,2691.6245000000004,2684.3284000000003,2671.961166666667,2651.341333333333,2584.1811500000003
2025-05-27,2699.69,2685.28,2709.29,2684.71,27096687.0,sse50,上证50,2693.1205,2685.3435999999997,2672.2715000000003,2652.2015833333335,2585.75895
2025-05-28,2686.73,2683.06,2691.48,2681.86,25171734.0,sse50,上证50,2694.833,2686.3603999999996,2672.3378333333335,2652.9542500000002,2587.39765
2025-05-29,2684.49,2690.89,2703.99,2677.81,27471836.0,sse50,上证50,2696.816,2687.8835999999997,2673.203333333333,2653.4970000000003,2589.1097
2025-05-30,2688.96,2678.7,2696.14,2669.17,32151692.0,sse50,上证50,2698.4754999999996,2688.77,2674.0396666666666,2654.0685000000003,2590.82665
2025-06-03,2674.77,2687.3,2697.39,2671.34,33608484.0,sse50,上证50,2701.1825,2690.3088000000002,2675.141,2654.588,2592.3862
2025-06-04,2688.74,2690.82,2699.67,2687.3,27603830.0,sse50,上证50,2703.3375,2691.7272,2675.9638333333332,2655.0195000000003,2594.0382
2025-06-05,2692.54,2692.13,2695.88,2682.54,30779056.0,sse50,上证50,2704.4090000000006,2693.46,2676.1001666666666,2655.3464166666668,2595.78025
2025-06-06,2691.63,2688.85,2700.81,2685.25,29849881.0,sse50,上证50,2704.876,2694.9647999999997,2676.214,2655.6805,2597.5798999999997
2025-06-09,2689.73,2686.83,2698.36,2681.69,35686891.0,sse50,上证50,2705.017,2696.6176,2676.514333333333,2656.10775,2599.4473500000004
2025-06-10,2690.87,2676.4,2700.18,2670.15,41460515.0,sse50,上证50,2703.7059999999997,2698.3471999999997,2676.417333333333,2656.1991666666663,2601.2572
2025-06-11,2676.67,2692.14,2704.45,2676.67,35573426.0,sse50,上证50,2702.91,2700.124,2676.8028333333336,2656.40375,2603.1158
2025-06-12,2689.68,2691.28,2696.78,2674.31,34480625.0,sse50,上证50,2699.7845,2700.9472000000005,2677.247166666667,2656.42,2604.98225
2025-06-13,2684.88,2676.43,2690.35,2669.11,47991048.0,sse50,上证50,2696.5910000000003,2700.824,2676.179166666667,2656.4190000000003,2606.7798500000004
2025-06-16,2666.82,2685.01,2687.11,2664.43,39935905.0,sse50,上证50,2695.0085,2700.864,2675.2973333333334,2656.275166666667,2608.61665
2025-06-17,2685.39,2683.95,2688.61,2672.68,33121607.0,sse50,上证50,2693.9515,2700.1172,2674.367333333333,2656.657833333333,2610.5058000000004
2025-06-18,2685.47,2679.92,2690.9,2668.87,36667203.0,sse50,上证50,2692.116,2698.9916000000003,2673.25,2656.9775000000004,2612.2257
2025-06-19,2678.36,2665.52,2680.87,2658.49,37645030.0,sse50,上证50,2688.9705,2695.4608000000003,2672.3721666666665,2657.0872499999996,2613.82805
2025-06-20,2661.21,2673.72,2681.53,2661.21,36316506.0,sse50,上证50,2685.975,2692.7976,2672.3448333333336,2657.1070000000004,2615.4115
2025-06-23,2664.64,2684.78,2692.91,2656.68,42959546.0,sse50,上证50,2684.6215,2691.5224,2672.202333333333,2657.299166666666,2617.1022
2025-06-24,2685.85,2715.92,2731.18,2685.85,49028263.0,sse50,上证50,2685.4465,2691.9556,2672.6026666666667,2657.8613333333337,2618.98645
2025-06-25,2714.63,2747.73,2750.39,2707.4,50864894.0,sse50,上证50,2688.569,2693.1996000000004,2673.7763333333337,2658.4990833333336,2621.01935
2025-06-26,2740.23,2738.47,2747.61,2734.95,42840625.0,sse50,上证50,2691.3395,2693.6012,2674.5701666666664,2658.8006666666665,2622.9348
2025-06-27,2738.93,2707.57,2749.55,2705.78,57081832.0,sse50,上证50,2692.1735,2692.5588000000002,2675.0339999999997,2658.7790833333333,2624.7113
2025-06-30,2702.12,2711.99,2716.3,2695.42,38305020.0,sse50,上证50,2693.838,2692.5644,2675.806666666667,2658.857333333333,2626.5191999999997
2025-07-01,2714.97,2717.71,2721.4,2708.19,33030057.0,sse50,上证50,2695.3585,2693.296,2676.7233333333334,2658.99075,2628.427
2025-07-02,2720.85,2722.55,2729.71,2711.6,35177495.0,sse50,上证50,2696.945,2694.7868,2677.788833333333,2659.0224166666667,2630.45145
2025-07-03,2726.11,2724.55,2728.17,2713.97,32268510.0,sse50,上证50,2698.566,2696.4464000000003,2678.827166666667,2659.3539166666665,2632.39815
2025-07-04,2722.18,2740.44,2761.92,2715.55,39311129.0,sse50,上证50,2701.1454999999996,2698.4284,2682.5516666666667,2660.438083333333,2634.6007
2025-07-07,2736.01,2731.53,2736.26,2723.96,29319003.0,sse50,上证50,2703.3805,2700.5416000000005,2685.171333333333,2661.641416666667,2636.80245
2025-07-08,2732.05,2747.19,2750.46,2730.19,34080449.0,sse50,上证50,2706.92,2702.9372,2687.6728333333335,2663.0350000000003,2639.17935
2025-07-09,2746.14,2739.92,2759.06,2739.21,47838115.0,sse50,上证50,2709.309,2704.9012,2689.7944999999995,2664.25125,2641.5033500000004
2025-07-10,2739.23,2756.93,2777.42,2739.23,54142012.0,sse50,上证50,2712.5914999999995,2707.4932,2692.0836666666664,2665.58025,2643.9701999999997
2025-07-11,2754.66,2756.77,2805.56,2754.66,76454518.0,sse50,上证50,2716.6085,2710.21,2694.2263333333335,2667.0568333333335,2646.58925
2025-07-14,2761.48,2757.81,2774.23,2757.81,51490402.0,sse50,上证50,2720.2485,2713.0492,2696.28,2668.7031666666667,2649.1998500000004
2025-07-15,2758.72,2747.23,2765.5,2731.32,41172447.0,sse50,上证50,2723.4125,2715.8824,2697.7588333333333,2670.31875,2651.8320000000003
2025-07-16,2748.17,2740.9,2754.06,2729.91,34245931.0,sse50,上证50,2726.4615,2717.8328,2699.108833333333,2671.5028333333335,2654.4887
2025-07-17,2737.35,2744.26,2744.74,2732.35,36151094.0,sse50,上证50,2730.3985000000002,2719.952,2700.5525,2672.7758333333336,2657.1809500000004
2025-07-18,2746.33,2764.52,2768.9,2746.33,42130803.0,sse50,上证50,2734.9385,2723.4755999999998,2702.4143333333336,2674.3125,2659.9102499999995
2025-07-21,2770.36,2772.24,2777.05,2763.35,49954337.0,sse50,上证50,2739.3115000000003,2726.9647999999997,2704.3426666666664,2675.89375,2662.6223999999997
2025-07-22,2773.4,2792.18,2795.49,2760.31,68310030.0,sse50,上证50,2743.1245,2731.2940000000003,2706.7318333333333,2677.5863333333336,2665.417
2025-07-23,2798.96,2801.2,2824.86,2794.81,67929831.0,sse50,上证50,2745.798,2736.1452000000004,2709.1625,2679.3889166666672,2668.2079
2025-07-24,2797.26,2812.44,2819.13,2791.78,60282800.0,sse50,上证50,2749.4965,2742.022,2711.889666666667,2681.564666666666,2670.5094
2025-07-25,2807.63,2795.51,2810.11,2788.19,51692557.0,sse50,上证50,2753.8935,2746.8936,2714.294333333333,2683.4649166666663,2672.5553500000005
2025-07-28,2799.26,2802.77,2811.24,2788.02,49737265.0,sse50,上证50,2758.4325,2751.6132000000002,2716.9153333333334,2685.3288333333335,2674.0783
2025-07-29,2802.78,2808.59,2813.74,2795.6,47051664.0,sse50,上证50,2762.9765,2755.32,2719.8391666666666,2687.2033333333334,2675.2658500000002
2025-07-30,2809.44,2819.35,2842.47,2802.74,52185198.0,sse50,上证50,2767.8165,2758.1848000000005,2722.699666666667,2689.3484166666667,2675.5856
2025-07-31,2807.3,2775.99,2807.94,2766.93,61515847.0,sse50,上证50,2770.3885,2759.6856,2724.4545,2690.9780833333334,2675.19985
2025-08-01,2771.76,2754.13,2780.16,2749.46,48962531.0,sse50,上证50,2771.073,2761.548,2725.698166666667,2692.195083333333,2675.56695
2025-08-04,2748.62,2769.39,2769.39,2748.62,41967961.0,sse50,上证50,2772.9659999999994,2763.844,2727.1211666666663,2693.4313333333334,2675.71865
2025-08-05,2773.38,2790.73,2794.6,2768.02,41264765.0,sse50,上证50,2775.143,2766.7648,2728.5896666666667,2694.9014166666666,2676.27035
2025-08-06,2789.27,2797.42,2800.76,2787.54,41182917.0,sse50,上证50,2778.018,2769.7595999999994,2730.079,2696.212833333333,2676.6415500000003
2025-08-07,2797.71,2798.31,2808.92,2787.83,42338294.0,sse50,上证50,2780.0870000000004,2772.71,2730.8210000000004,2697.5226666666663,2677.3575
2025-08-08,2795.78,2789.17,2801.08,2784.38,38923878.0,sse50,上证50,2781.707,2774.6592000000005,2731.6355,2698.592,2678.05245
2025-08-11,2791.35,2789.9,2800.89,2783.65,43484703.0,sse50,上证50,2783.3115000000003,2776.994,2732.8561666666665,2699.6371666666664,2678.9496000000004
2025-08-12,2791.2,2807.01,2816.59,2791.2,42603267.0,sse50,上证50,2786.3005,2779.3867999999998,2734.5548333333336,2700.936333333333,2679.5751
2025-08-13,2809.05,2812.98,2828.86,2806.66,54720114.0,sse50,上证50,2789.9045,2782.3092000000006,2736.160666666667,2702.1811666666667,2680.2347000000004
2025-08-14,2815.49,2829.47,2858.01,2815.49,50008770.0,sse50,上证50,2794.165,2785.2108000000003,2737.844666666667,2703.692,2680.91875
2025-08-15,2821.97,2832.88,2847.61,2813.09,71117777.0,sse50,上证50,2797.5829999999996,2788.2551999999996,2739.4988333333336,2704.947333333333,2681.5429
2025-08-18,2843.09,2838.87,2861.98,2832.46,73385466.0,sse50,上证50,2800.9145,2791.4976,2741.6158333333337,2706.3202499999998,2682.33375
2025-08-19,2843.28,2812.42,2858.41,2812.3,62843222.0,sse50,上证50,2801.9265,2794.1052,2743.4991666666665,2707.7301666666667,2682.97925
2025-08-20,2808.44,2846.99,2848.03,2799.4,58597343.0,sse50,上证50,2804.216,2798.3488,2746.1943333333334,2709.2329166666664,2683.7827500000003
2025-08-21,2853.79,2862.18,2872.96,2850.63,65309499.0,sse50,上证50,2806.703,2803.0656,2749.1796666666664,2710.7587500000004,2684.75395
2025-08-22,2868.59,2928.61,2928.88,2868.59,67741563.0,sse50,上证50,2813.3579999999997,2809.6292,2753.141666666667,2713.1725,2686.2233
2025-08-25,2950.65,2989.85,2989.85,2943.98,86358967.0,sse50,上证50,2822.712,2818.3336,2758.3275,2716.183583333333,2688.00695
2025-08-26,2975.7,2969.78,2985.54,2964.21,54565823.0,sse50,上证50,2830.7715,2825.4376,2763.0355,2719.0882500000002,2689.5981999999995
2025-08-27,2974.41,2918.38,2983.02,2918.38,71005356.0,sse50,上证50,2835.723,2830.1247999999996,2766.8281666666667,2721.396,2690.81125
2025-08-28,2918.53,2960.73,2963.07,2906.65,65993248.0,sse50,上证50,2844.96,2836.0564,2771.3048333333336,2723.7025,2691.9765500000003
2025-08-29,2954.93,2976.47,2989.0,2954.93,84761466.0,sse50,上证50,2856.077,2843.2947999999997,2776.0985,2726.15625,2693.32585
2025-09-01,2986.65,2981.2,2988.55,2965.45,72800163.0,sse50,上证50,2866.6675,2850.4320000000002,2781.0046666666667,2728.7595,2694.24255
2025-09-02,2983.72,2992.88,3006.46,2967.52,77445856.0,sse50,上证50,2876.775,2857.8035999999997,2786.2793333333334,2731.3483333333334,2695.37925
2025-09-03,2995.46,2960.99,3002.18,2939.81,63723571.0,sse50,上证50,2884.9535,2863.4692,2790.7601666666665,2733.7814999999996,2696.4155
2025-09-04,2949.97,2910.47,2949.97,2879.41,91920544.0,sse50,上证50,2890.5615,2868.8484000000003,2794.413333333333,2735.83025,2697.4065
2025-09-05,2908.51,2942.22,2949.82,2899.69,62380387.0,sse50,上证50,2898.214,2876.3720000000003,2798.8431666666665,2737.511166666666,2698.47645
2025-09-08,2940.98,2939.88,2953.91,2926.39,67340772.0,sse50,上证50,2905.7129999999997,2883.1915999999997,2803.091,2739.1941666666667,2699.6551
2025-09-09,2928.53,2928.63,2949.54,2915.04,55723378.0,sse50,上证50,2911.7940000000003,2888.7076,2807.1690000000003,2740.7681666666667,2700.9410000000003
2025-09-10,2928.11,2939.59,2954.44,2923.56,56404895.0,sse50,上证50,2918.1245,2894.3944,2811.496833333333,2742.373416666667,2702.2476
2025-09-11,2925.66,2983.08,2983.2,2917.81,68326502.0,sse50,上证50,2925.805,2901.7852,2816.7895,2744.580833333333,2703.8070499999994
2025-09-12,2986.02,2968.54,2998.98,2964.58,61709804.0,sse50,上证50,2932.588,2908.96,2821.7031666666667,2747.024,2705.2687
2025-09-15,2976.35,2962.62,2984.86,2957.72,52551778.0,sse50,上证50,2938.7754999999997,2915.8688,2826.333833333333,2749.2680833333334,2706.6777999999995
2025-09-16,2969.23,2947.82,2974.95,2942.3,57639416.0,sse50,上证50,2945.5455,2921.5012,2830.1988333333334,2751.4007500000002,2708.4091
2025-09-17,2942.88,2952.78,2960.31,2935.78,56668537.0,sse50,上证50,2950.835,2927.0932000000003,2833.616333333333,2753.6963333333333,2710.26275
2025-09-18,2959.39,2912.83,2971.56,2890.6,74860029.0,sse50,上证50,2953.3675,2930.4275999999995,2836.522333333334,2755.54625,2711.8632000000002
2025-09-19,2914.36,2909.74,2930.47,2906.17,57236551.0,sse50,上证50,2952.424,2933.502,2839.8918333333336,2757.4629166666664,2713.2831
2025-09-22,2911.02,2922.18,2929.52,2901.12,46979876.0,sse50,上证50,2949.0405,2936.8344,2843.3949999999995,2759.600833333333,2714.8433999999997
2025-09-23,2917.99,2919.51,2938.12,2891.78,62896875.0,sse50,上证50,2946.5269999999996,2941.118,2846.758333333333,2761.7408333333337,2716.31615
2025-09-24,2908.07,2939.51,2942.59,2908.07,51462065.0,sse50,上证50,2947.5834999999997,2944.8188,2850.3743333333337,2764.081583333333,2717.8185
2025-09-25,2944.73,2952.74,2962.18,2941.87,54322268.0,sse50,上证50,2947.184,2948.4411999999998,2854.1775,2766.502333333333,2719.3177
2025-09-26,2941.17,2941.02,2962.75,2938.32,48141612.0,sse50,上证50,2945.4115,2948.9376,2857.5204999999996,2770.0360833333334,2720.7790000000005
2025-09-29,2940.04,2973.04,3000.48,2922.01,70632299.0,sse50,上证50,2945.0035,2948.2652000000003,2861.5456666666664,2773.3585000000003,2722.4664000000002
2025-09-30,2985.1,2988.94,2992.54,2976.59,59065266.0,sse50,上证50,2944.8064999999997,2949.0316,2865.574833333333,2776.623833333333,2724.08395
2025-10-09,3004.45,3020.6,3030.72,2984.83,76369809.0,sse50,上证50,2947.7870000000003,2953.1204000000002,2870.2528333333335,2780.0236666666665,2725.8489999999997
2025-10-10,3000.56,2974.85,3012.59,2966.58,67283722.0,sse50,上证50,2951.0060000000003,2953.6851999999994,2873.884833333333,2782.98425,2727.2766
2025-10-13,2917.88,2967.21,2972.19,2917.88,70163467.0,sse50,上证50,2952.2555,2953.3148000000006,2877.3921666666665,2785.80925,2728.7299
2025-10-14,2986.58,2961.1,2996.68,2949.91,86183399.0,sse50,上证50,2953.3165,2952.5107999999996,2880.7803333333336,2788.5301666666664,2730.0240499999995
2025-10-15,2962.75,3001.35,3003.0,2958.45,63376996.0,sse50,上证50,2956.9525,2952.8496,2885.0156666666667,2791.3872499999998,2731.84065
2025-10-16,2994.22,3019.2,3028.57,2992.55,63410921.0,sse50,上证50,2960.933,2955.178,2889.654,2794.3814166666666,2733.72885
2025-10-17,3017.43,2967.77,3022.81,2963.94,62678056.0,sse50,上证50,2960.1675,2957.47,2893.3791666666666,2796.9658333333336,2735.3059500000004
2025-10-20,2984.31,2974.86,2995.02,2967.69,53180976.0,sse50,上证50,2960.4835,2958.7756,2896.884833333333,2799.6495833333333,2736.8235000000004
2025-10-21,2983.28,3007.26,3014.1,2979.12,55301752.0,sse50,上证50,2962.7155000000002,2961.4708,2900.801833333333,2802.5722499999997,2738.5512000000003
2025-10-22,2987.35,3010.1,3015.17,2987.35,51417563.0,sse50,上证50,2965.8295000000003,2964.7296,2904.4338333333335,2805.5828333333334,2740.3594
2025-10-23,3002.0,3026.9,3030.8,2985.43,60206654.0,sse50,上证50,2969.5355,2968.222,2908.1955,2808.6789999999996,2742.1379
2025-10-24,3031.92,3045.82,3052.82,3028.38,55120382.0,sse50,上证50,2976.1850000000004,2970.7316000000005,2912.0851666666663,2811.9874166666664,2743.8556
2025-10-27,3064.38,3069.53,3078.78,3052.4,70405039.0,sse50,上证50,2984.1745,2974.7712,2916.6521666666667,2815.47325,2745.65245
2025-10-28,3059.88,3050.42,3075.25,3044.56,54626241.0,sse50,上证50,2990.5865,2978.2832,2920.779666666667,2818.8475000000003,2747.39155
2025-10-29,3049.45,3063.02,3064.56,3048.59,60144586.0,sse50,上证50,2997.762,2982.8912000000005,2925.0201666666667,2822.4296666666664,2749.19815
2025-10-30,3053.79,3046.61,3076.87,3043.57,65736103.0,sse50,上证50,3003.117,2986.6444,2928.8078333333333,2825.7537499999994,2750.83745
2025-10-31,3046.18,3011.55,3046.24,3011.55,69318922.0,sse50,上证50,3006.0575,2990.5932000000003,2932.733833333333,2828.594166666667,2752.4713500000003
2025-11-03,3009.16,3016.35,3017.45,2990.28,54900375.0,sse50,上证50,3009.8239999999996,2994.8576000000003,2937.1041666666665,2831.401166666667,2754.5014
2025-11-04,3014.83,3012.97,3029.92,2999.25,55980900.0,sse50,上证50,3011.8205,2998.4892,2941.1638333333335,2834.1425000000004,2756.6306
2025-11-05,2985.76,3007.97,3018.35,2981.82,46871754.0,sse50,上证50,3012.772,3002.0276,2944.7845,2836.6870833333332,2758.77065
2025-11-06,3015.35,3044.74,3049.49,3012.44,50629447.0,sse50,上证50,3013.979,3006.2368,2948.9064999999996,2839.49275,2761.0245
2025-11-07,3036.01,3038.35,3050.01,3034.72,47669347.0,sse50,上证50,3017.154,3009.6612,2952.9071666666664,2841.8640833333334,2763.2290000000003
2025-11-10,3043.51,3053.86,3054.55,3030.23,49079644.0,sse50,上证50,3021.4865,3014.1748,2957.3186666666666,2844.477083333333,2765.6004
2025-11-11,3059.76,3034.63,3060.28,3023.92,41042551.0,sse50,上证50,3025.163,3016.6384000000003,2961.3975,2847.1268333333337,2767.9723
2025-11-12,3035.03,3044.3,3059.95,3035.03,57517235.0,sse50,上证50,3027.3105,3018.8527999999997,2965.3523333333337,2849.9535833333334,2770.427
2025-11-13,3044.92,3073.67,3075.21,3044.92,54126408.0,sse50,上证50,3030.034,3020.9755999999998,2969.6971666666664,2852.9289166666663,2772.8013
2025-11-14,3058.12,3038.43,3073.71,3037.88,48802756.0,sse50,上证50,3033.567,3023.5188,2973.179833333333,2855.5122499999998,2775.0359500000004
2025-11-17,3033.02,3012.07,3037.23,3001.2,48233902.0,sse50,上证50,3035.4275000000002,3025.3132,2976.166333333333,2857.8325833333333,2777.1957
2025-11-18,3005.74,3003.02,3023.03,2995.17,43587327.0,sse50,上证50,3035.2155,3026.99,2978.9021666666667,2860.259,2779.29835
2025-11-19,3004.65,3020.35,3033.22,3004.2,48200355.0,sse50,上证50,3035.728,3027.75,2982.3676666666665,2862.9334166666667,2781.45475
2025-11-20,3030.04,3008.29,3038.91,3004.24,54043554.0,sse50,上证50,3034.7974999999997,3027.3136,2985.0559999999996,2865.6251666666667,2783.57175
2025-11-21,2989.87,2955.85,2998.81,2953.46,60393126.0,sse50,上证50,3030.299,3026.8368,2986.6171666666664,2867.8984166666664,2785.59425
2025-11-24,2967.16,2950.56,2970.2,2942.29,50801706.0,sse50,上证50,3024.3505,3025.8648,2986.983,2870.0623333333333,2787.5096500000004
2025-11-25,2963.69,2968.2,2974.77,2952.35,42405177.0,sse50,上证50,3020.2395,3024.3024,2986.622166666667,2872.474833333333,2789.4551500000002
2025-11-26,2969.78,2971.8,2979.98,2968.02,40057977.0,sse50,上证50,3015.6785,3022.7704,2986.6558333333332,2874.8456666666666,2791.3959000000004
2025-11-27,2976.08,2972.27,2988.2,2965.55,39287797.0,sse50,上证50,3011.9615,3020.5852,2987.5539999999996,2877.191083333333,2793.44755
2025-11-28,2969.23,2969.62,2973.32,2954.71,37274314.0,sse50,上证50,3009.8650000000002,3017.5371999999998,2987.7021666666665,2879.5035,2795.3935
2025-12-01,2975.27,2993.68,2994.45,2972.79,46519461.0,sse50,上证50,3008.7315000000003,3014.5032,2987.989,2882.04375,2797.3214500000004
2025-12-02,2992.38,2978.47,2994.71,2970.95,33481828.0,sse50,上证50,3007.0065000000004,3011.6252000000004,2987.9435000000003,2884.474083333333,2799.1086
2025-12-03,2976.11,2963.08,2983.61,2957.79,38519732.0,sse50,上证50,3004.7619999999997,3007.6275999999993,2987.4468333333334,2886.863083333333,2800.8523999999998
2025-12-04,2968.56,2974.34,2980.24,2958.61,36282556.0,sse50,上证50,3001.242,3004.7368,2987.6693333333333,2889.21475,2802.52385
2025-12-05,2970.62,3002.01,3010.72,2969.09,44603491.0,sse50,上证50,2999.425,3004.3552,2989.195,2891.804166666667,2804.32825
2025-12-08,3006.63,3019.36,3030.57,3005.38,44895792.0,sse50,上证50,2997.7,3004.4755999999998,2990.480666666667,2894.6619166666665,2806.1208
2025-12-09,3012.24,2997.96,3015.45,2991.65,43425923.0,sse50,上证50,2995.8665,3003.8752000000004,2991.4486666666667,2897.269833333333,2807.7882
2025-12-10,2994.15,2988.64,2996.21,2970.59,41511589.0,sse50,上证50,2993.0835,3003.1020000000003,2992.4488333333334,2899.808916666667,2809.47585
2025-12-11,2995.63,2977.03,2998.98,2966.18,39399027.0,sse50,上证50,2988.2515,3000.3936000000003,2993.072833333333,2902.284833333333,2811.0429999999997
2025-12-12,2981.97,2994.64,2994.87,2965.69,57188912.0,sse50,上证50,2986.062,2998.6452000000004,2993.2655000000004,2905.0274999999997,2812.7753500000003
2025-12-15,2979.76,2987.07,3015.39,2978.13,38490227.0,sse50,上证50,2984.812,2995.9736,2993.574333333333,2907.6387499999996,2814.2994999999996
2025-12-16,2980.94,2954.79,2986.08,2946.6,38302165.0,sse50,上证50,2982.4005,2992.78,2993.4438333333333,2909.8888333333334,2815.7028499999997
2025-12-17,2955.47,2991.68,3005.87,2948.74,38500743.0,sse50,上证50,2980.967,2990.6752,2994.174833333333,2912.186833333333,2817.4451
2025-12-18,2983.77,2998.52,3002.02,2980.95,32545683.0,sse50,上证50,2980.4785,2987.6692,2994.937166666667,2914.27675,2819.1044
2025-12-19,2993.93,3004.34,3016.38,2987.71,36605533.0,sse50,上证50,2982.9030000000002,2986.3056,2996.4623333333334,2916.4923333333336,2820.7307
2025-12-22,3010.8,3020.23,3025.55,3010.8,34728192.0,sse50,上证50,2986.3864999999996,2986.6319999999996,2998.3038333333334,2919.0978333333333,2822.6370500000003
2025-12-23,3023.91,3027.52,3041.67,3019.61,35889709.0,sse50,上证50,2989.3525,2987.612,3000.0595000000003,2921.7272500000004,2824.63205
2025-12-24,3028.37,3025.18,3032.01,3012.2,31799441.0,sse50,上证50,2992.0215,2987.8052000000002,3001.8206666666665,2924.2895,2826.65185
2025-12-25,3020.91,3032.84,3039.54,3018.58,28270647.0,sse50,上证50,2995.05,2988.7872,3003.3761666666664,2926.87525,2828.6088
2025-12-26,3032.47,3045.4,3057.95,3031.26,34100689.0,sse50,上证50,2998.839,2992.3691999999996,3004.9204999999997,2929.549,2830.41605
2025-12-29,3048.98,3034.63,3057.36,3030.38,43153415.0,sse50,上证50,3000.8864999999996,2995.732,3006.480666666667,2932.0005833333335,2832.1791
2025-12-30,3023.32,3036.55,3049.32,3022.28,38538285.0,sse50,上证50,3003.7905,2998.4660000000003,3007.539166666667,2934.542416666666,2834.0178
2025-12-31,3038.6,3031.13,3051.43,3026.49,37358980.0,sse50,上证50,3007.193,3000.8392,3008.2423333333336,2936.908583333333,2835.76235
2026-01-05,3052.13,3099.75,3105.4,3052.13,53501398.0,sse50,上证50,3013.4635,3005.9383999999995,3009.5615000000003,2939.9071666666664,2837.91605
2026-01-06,3106.52,3158.76,3158.76,3106.09,57494272.0,sse50,上证50,3021.301,3013.5040000000004,3012.6266666666666,2943.25575,2840.3867499999997
2026-01-07,3162.02,3145.12,3162.44,3132.23,52139422.0,sse50,上证50,3027.5890000000004,3019.5615999999995,3015.591833333333,2946.4919999999997,2842.4098000000004
2026-01-08,3137.81,3122.06,3142.85,3107.02,53427374.0,sse50,上证50,3033.794,3025.3052000000002,3018.2744999999995,2949.5274166666663,2844.3305
2026-01-09,3121.16,3134.32,3146.73,3112.46,60149277.0,sse50,上证50,3041.078,3032.1548000000003,3020.4906666666666,2952.753166666667,2846.30335
2026-01-12,3146.51,3143.74,3148.11,3125.17,64461913.0,sse50,上证50,3049.4134999999997,3038.9307999999996,3022.5663333333337,2956.1101666666664,2848.2872500000003
2026-01-13,3150.73,3132.93,3177.74,3123.17,63160096.0,sse50,上证50,3056.328,3044.1676,3025.3190000000004,2959.3490833333335,2850.36095
2026-01-14,3136.84,3112.07,3169.75,3106.13,71957426.0,sse50,上证50,3062.578,3047.8759999999997,3027.6058333333335,2962.2453333333333,2852.5445
2026-01-15,3104.33,3105.58,3130.99,3097.11,54417665.0,sse50,上证50,3070.1175,3052.1807999999996,3029.2445000000002,2965.0231666666664,2854.60575
2026-01-16,3117.93,3079.76,3127.85,3066.09,72454154.0,sse50,上证50,3074.5215,3055.8256,3030.4055000000003,2967.4196666666667,2856.54505
2026-01-19,3077.81,3075.94,3094.97,3065.94,55866599.0,sse50,上证50,3078.3925000000004,3059.7819999999997,3031.2228333333337,2969.7091666666665,2858.5382
2026-01-20,3077.94,3070.65,3090.09,3058.61,60002533.0,sse50,上证50,3081.7079999999996,3062.8224,3031.6366666666668,2971.860916666667,2860.43725
2026-01-21,3073.77,3067.18,3097.66,3060.65,65664880.0,sse50,上证50,3084.0555,3066.0268,3031.5975000000003,2974.1248333333338,2862.3744500000003
2026-01-22,3080.2,3053.13,3089.67,3046.43,62918454.0,sse50,上证50,3085.3360000000002,3069.9604,3031.6426666666666,2976.211166666667,2864.3119500000003
2026-01-23,3055.69,3032.19,3063.26,3019.76,69020151.0,sse50,上证50,3085.6865,3071.5808,3031.1288333333337,2978.0745,2866.15935
2026-01-26,3042.37,3049.59,3088.57,3039.64,89102472.0,sse50,上证50,3086.5240000000003,3073.6236,3031.1785,2979.9931666666666,2868.1142000000004
2026-01-27,3054.4,3052.39,3080.82,3046.19,75135914.0,sse50,上证50,3086.8735,3075.5456,3031.8591666666666,2982.2965,2870.0649000000003
2026-01-28,3066.43,3060.56,3074.98,3047.79,96366780.0,sse50,上证50,3088.17,3077.1588,3032.596,2984.8500833333333,2872.7828499999996
2026-01-29,3074.49,3110.91,3122.14,3048.41,100710154.0,sse50,上证50,3091.888,3080.4944,3034.228333333333,2987.6960833333333,2875.46565
2026-01-30,3088.79,3066.5,3106.33,3040.42,79014687.0,sse50,上证50,3093.6565,3082.1472,3035.203833333333,2989.9941666666664,2877.8126500000003
2026-02-02,3036.84,3003.14,3076.02,2997.85,80803317.0,sse50,上证50,3088.826,3080.9592,3034.5105,2991.7085,2879.7652500000004
2026-02-03,3033.47,3034.58,3037.0,2987.41,64830347.0,sse50,上证50,3082.6169999999997,3080.5264,3034.4476666666665,2993.677416666667,2881.84025
2026-02-04,3033.55,3069.24,3070.17,3030.34,61043659.0,sse50,上证50,3078.823,3081.9108,3034.704,2996.0113333333334,2884.0454
2026-02-05,3048.87,3059.01,3066.51,3030.85,53716009.0,sse50,上证50,3075.6705,3082.8091999999997,3035.110333333333,2998.253916666667,2886.1675
2026-02-06,3027.17,3037.86,3056.0,3015.63,46789818.0,sse50,上证50,3070.8475,3083.0784000000003,3035.0029999999997,3000.177666666667,2888.0643
2026-02-09,3066.32,3081.78,3081.87,3059.03,41923930.0,sse50,上证50,3067.7495000000004,3082.3596000000002,3035.1381666666666,3002.4176666666667,2890.1737
2026-02-10,3086.33,3087.41,3091.35,3080.0,38162332.0,sse50,上证50,3065.4735,3079.5056,3035.9545000000003,3004.5671666666667,2892.32255
2026-02-11,3082.7,3088.46,3094.25,3076.55,36847609.0,sse50,上证50,3064.293,3077.2392,3037.2276666666667,3006.697,2894.5008000000003
2026-02-12,3091.53,3079.73,3094.33,3075.76,44400996.0,sse50,上证50,3063.0005,3075.5460000000003,3038.5061666666666,3008.704166666667,2896.6167499999997
2026-02-13,3062.21,3034.35,3066.04,3032.66,45953549.0,sse50,上证50,3060.73,3071.5471999999995,3038.7395,3010.5535833333333,2898.54435
2026-02-24,3075.47,3041.32,3075.9,3039.41,43898842.0,sse50,上证50,3058.9990000000003,3067.4504,3039.29,3012.1730000000002,2900.4741500000005
2026-02-25,3045.45,3054.92,3080.08,3041.59,56685897.0,sse50,上证50,3058.2125,3064.33,3040.9411666666665,3013.7791666666667,2902.5046999999995
2026-02-26,3059.6,3035.07,3060.34,3023.43,43952257.0,sse50,上证50,3056.607,3061.25,3042.349666666667,3014.666333333333,2904.4239000000002
2026-02-27,3026.08,3039.43,3049.36,3025.72,43909783.0,sse50,上证50,3055.9219999999996,3058.6040000000003,3043.536833333333,3015.0795000000003,2906.3934999999997
2026-03-02,3031.45,3046.47,3050.92,3010.05,83545593.0,sse50,上证50,3056.636,3057.2724,3044.7813333333334,3015.7185833333333,2908.46005
2026-03-03,3045.75,3014.27,3056.99,3008.0,104832996.0,sse50,上证50,3054.87,3054.8056,3045.4813333333336,3016.5176666666666,2910.2927999999997
2026-03-04,2985.63,2974.21,2991.03,2953.32,86833095.0,sse50,上证50,3050.9610000000002,3050.948,3045.5578333333333,3016.6299999999997,2911.81035
2026-03-05,2993.59,2988.45,3001.02,2978.09,63797904.0,sse50,上证50,3047.3555,3047.7988,3045.4706666666666,3016.7298333333333,2913.35505
2026-03-06,2972.59,2992.7,2999.72,2970.58,50536462.0,sse50,上证50,3041.4449999999997,3045.3815999999997,3045.7078333333334,3016.8256666666666,2914.8985000000002
2026-03-09,2963.2,2962.99,2970.95,2933.92,78658126.0,sse50,上证50,3036.2695,3042.6135999999997,3045.7063333333335,3016.5765833333335,2916.2003500000005
2026-03-10,2973.82,2981.84,2985.31,2969.91,54226915.0,sse50,上证50,3035.2045,3039.9035999999996,3045.8313333333335,3016.750333333334,2917.56925
2026-03-11,2983.46,2985.34,2988.75,2970.83,56031984.0,sse50,上证50,3032.7425,3037.2216000000003,3045.5535,3017.37425,2918.7270000000003
2026-03-12,2978.12,2971.56,2985.55,2954.3,55644111.0,sse50,上证50,3027.8585,3033.6616000000004,3044.7568333333334,3017.61875,2919.8833
2026-03-13,2961.73,2956.85,2977.84,2951.7,68633013.0,sse50,上证50,3022.7505,3027.4991999999997,3044.0716666666663,3017.760166666667,2921.08425
2026-03-16,2952.42,2954.09,2955.0,2927.94,59596018.0,sse50,上证50,3018.5620000000004,3023.0028,3043.4958333333334,3017.972333333333,2922.32925
2026-03-17,2957.01,2963.58,2995.23,2956.16,62604978.0,sse50,上证50,3012.6519999999996,3021.4204,3043.271666666667,3018.17225,2923.5640000000003
2026-03-18,2965.86,2961.43,2970.19,2939.75,54413790.0,sse50,上证50,3006.353,3018.4944,3042.7181666666665,3017.9918333333335,2924.729
2026-03-19,2933.58,2916.23,2942.46,2908.44,67079441.0,sse50,上证50,2997.7415,3012.374,3041.5375,3017.5559166666662,2925.6419999999994
2026-03-20,2914.85,2883.86,2924.38,2881.95,66097073.0,sse50,上证50,2987.948,3005.368,3040.3553333333334,3016.8995833333333,2926.5020499999996
2026-03-23,2847.52,2792.33,2847.78,2779.6,86976633.0,sse50,上证50,2975.847,2995.5468,3037.032833333333,3015.603833333333,2926.9666
2026-03-24,2813.5,2830.85,2831.27,2790.8,63312736.0,sse50,上证50,2965.3235,2985.5096000000003,3034.2383333333332,3014.58775,2927.69445
2026-03-25,2845.41,2859.53,2862.57,2842.19,63965550.0,sse50,上证50,2955.554,2976.3944,3031.824833333333,3014.143583333333,2928.5768
2026-03-26,2854.5,2824.67,2862.33,2819.07,52322127.0,sse50,上证50,2945.034,2965.8428000000004,3028.5654999999997,3013.434666666667,2929.2456999999995
2026-03-27,2803.5,2837.31,2845.83,2803.5,46525441.0,sse50,上证50,2934.9280000000003,2956.1459999999997,3025.3953333333334,3012.727416666667,2930.03875
2026-03-30,2814.83,2833.21,2835.83,2806.03,49112625.0,sse50,上证50,2924.2650000000003,2948.1004000000003,3022.195833333333,3012.00825,2930.7682999999997
2026-03-31,2844.41,2826.12,2865.52,2826.12,57096016.0,sse50,上证50,2914.8574999999996,2939.4924,3018.7505,3011.063333333333,2931.4447999999998
2026-04-01,2863.49,2878.79,2882.67,2856.97,50695580.0,sse50,上证50,2910.0865,2932.4471999999996,3015.9736666666668,3010.4470833333335,2932.3781
2026-04-02,2873.83,2853.45,2873.83,2840.64,46918994.0,sse50,上证50,2903.3365000000003,2925.1824000000006,3012.954,3009.717333333333,2933.2010999999998
2026-04-03,2856.56,2830.6,2857.51,2827.09,36331378.0,sse50,上证50,2895.2315000000003,2916.8291999999997,3009.5215,3008.5303333333336,2933.9199500000004
2026-04-07,2830.13,2830.52,2843.17,2824.18,36809593.0,sse50,上证50,2888.6079999999997,2908.1911999999998,3006.178,3007.2101666666667,2934.69055
2026-04-08,2872.03,2907.07,2907.79,2872.03,58736612.0,sse50,上证50,2884.8695,2903.9031999999993,3002.9666666666667,3006.2640833333335,2935.7652000000003
2026-04-09,2888.4,2884.76,2891.87,2877.55,38673621.0,sse50,上证50,2879.8405,2900.3252,2998.4,3005.5133333333333,2936.7326000000003
2026-04-10,2900.5,2899.58,2915.7,2894.68,42529531.0,sse50,上证50,2876.2415,2896.7704000000003,2994.307666666667,3004.94975,2937.84835
2026-04-13,2888.42,2899.47,2902.71,2884.66,40492045.0,sse50,上证50,2873.3725000000004,2893.0412000000006,2990.5978333333337,3004.4361666666664,2938.92065
2026-04-14,2918.51,2924.18,2924.22,2899.86,41834366.0,sse50,上证50,2871.8769999999995,2891.4888,2987.0955000000004,3003.7930833333335,2940.1218
2026-04-15,2939.52,2934.22,2953.07,2931.63,47270766.0,sse50,上证50,2870.409,2889.5840000000003,2983.6034999999997,3003.0849166666667,2941.3933
2026-04-16,2937.76,2939.76,2948.12,2930.77,41117930.0,sse50,上证50,2869.3255,2887.7607999999996,2980.384,3002.8514999999998,2942.7645
2026-04-17,2920.85,2910.87,2924.13,2906.95,41874842.0,sse50,上证50,2869.0575,2885.3332,2977.0306666666665,3002.31825,2943.95025
2026-04-20,2911.86,2933.65,2935.29,2911.74,47728324.0,sse50,上证50,2871.547,2884.4052,2974.1651666666667,3001.7048333333337,2945.1946000000003
2026-04-21,2931.61,2932.07,2937.42,2920.28,46327358.0,sse50,上证50,2878.534,2883.5244000000002,2971.703666666667,3001.054583333333,2946.27535
2026-04-22,2927.86,2930.58,2935.11,2922.33,45443426.0,sse50,上证50,2883.5204999999996,2882.2044,2969.281,3000.2519166666666,2947.1896
2026-04-23,2938.17,2927.93,2941.2,2912.56,53650898.0,sse50,上证50,2886.9404999999997,2880.8644,2966.902333333333,2999.2695,2948.1369
2026-04-24,2925.9,2945.04,2948.41,2914.26,42443653.0,sse50,上证50,2892.959,2882.0168,2964.866666666667,2998.232083333334,2949.3242499999997
2026-04-27,2944.03,2939.05,2955.45,2934.67,43975110.0,sse50,上证50,2898.046,2884.2244,2962.965333333333,2997.3039999999996,2950.45955
2026-04-28,2938.06,2950.42,2963.36,2937.55,49049059.0,sse50,上证50,2903.9065,2890.548,2961.6025,2996.3656666666666,2951.6231
2026-04-29,2937.81,2967.5,2968.96,2937.29,61159880.0,sse50,上证50,2910.9755,2896.0139999999997,2960.2343333333333,2995.706416666667,2952.8478499999997
2026-04-30,2972.05,2985.5,2989.05,2971.29,62185756.0,sse50,上证50,2916.311,2901.0527999999995,2959.1195000000002,2995.489333333333,2954.1526
2026-05-06,3010.32,3026.44,3037.26,3001.98,67902951.0,sse50,上证50,2924.9605,2909.1236,2958.5508333333332,2995.5734166666666,2955.5826
2026-05-07,3034.98,3029.19,3040.4,3020.9,58400076.0,sse50,上证50,2934.89,2916.7988,2957.1888333333336,2995.708583333333,2957.0708999999997
2026-05-08,3014.47,3003.58,3015.41,2990.01,50496714.0,sse50,上证50,2943.543,2923.6135999999997,2956.1401666666666,2995.672,2958.35285
2026-05-11,3021.74,3041.63,3047.9,3009.54,69411115.0,sse50,上证50,2950.2709999999997,2932.2340000000004,2956.7816666666668,2995.6460833333335,2959.8614
2026-05-12,3045.22,3043.56,3058.38,3036.17,66094509.0,sse50,上证50,2958.2110000000002,2938.8248000000003,2956.9313333333334,2995.6895,2961.29455
2026-05-13,3029.12,3047.25,3049.17,3018.85,64397463.0,sse50,上证50,2965.5945,2946.5768,2956.564833333333,2995.6344166666668,2962.74695
2026-05-14,3056.85,2996.57,3059.79,2995.82,63245575.0,sse50,上证50,2970.4494999999997,2953.2156,2955.524166666667,2995.31725,2963.9407499999998
2026-05-15,2992.26,2957.6,3001.63,2945.65,63890671.0,sse50,上证50,2972.1205,2958.2988,2954.1865000000003,2994.5947499999997,2964.9926
2026-05-18,2947.25,2934.96,2954.63,2921.18,59652492.0,sse50,上证50,2972.1575000000003,2959.4144,2951.7395,2993.4388333333336,2965.9629
2026-05-19,2929.07,2954.06,2955.07,2918.97,58276856.0,sse50,上证50,2972.8725,2962.1864,2949.517,2992.7357500000003,2967.0118999999995
2026-05-20,2940.26,2953.75,2964.78,2937.57,57517820.0,sse50,上证50,2975.0165,2964.3531999999996,2947.2718333333332,2992.2497500000004,2967.9580499999997
2026-05-21,2972.53,2920.93,2998.9,2920.41,63684730.0,sse50,上证50,2974.3805,2965.2115999999996,2944.6251666666662,2991.565666666667,2968.7015
2026-05-22,2937.12,2923.52,2939.6,2908.09,52383259.0,sse50,上证50,2973.953,2965.1852000000003,2942.778,2990.75875,2969.3582
2026-05-25,2932.24,2968.7,2969.76,2929.38,48439446.0,sse50,上证50,2975.859,2966.5644,2941.567666666667,2990.428833333333,2970.1957
2026-05-26,2954.49,2973.39,2976.95,2945.55,55109956.0,sse50,上证50,2978.132,2967.9096000000004,2940.208833333333,2990.575,2971.00045
2026-05-27,2969.8,2934.71,2975.97,2921.82,56055809.0,sse50,上证50,2977.6155,2968.8631999999993,2938.5361666666663,2990.442916666667,2971.6964499999995
2026-05-28,2923.21,2914.19,2928.18,2893.57,51956901.0,sse50,上证50,2976.3725,2968.0847999999996,2936.4488333333334,2989.9928333333332,2972.25355
2026-05-29,2919.64,2921.08,2938.49,2910.57,68498404.0,sse50,上证50,2974.9055,2967.6451999999995,2934.3589999999995,2989.5701666666664,2972.816
2026-06-01,2918.12,2893.72,2922.82,2887.76,59735341.0,sse50,上证50,2971.2165,2966.1708000000003,2932.349833333333,2988.9155833333334,2973.1878500000003
2026-06-02,2897.97,2920.27,2931.57,2892.26,59976138.0,sse50,上证50,2967.955,2965.8644,2931.450833333334,2988.5043333333333,2973.9092499999997
2026-06-03,2913.21,2920.92,2939.72,2906.83,55851090.0,sse50,上证50,2962.6789999999996,2964.8996,2930.325333333333,2987.898,2974.7432
2026-06-04,2902.27,2891.35,2918.66,2884.2,44658739.0,sse50,上证50,2955.7870000000003,2962.9916000000003,2928.636166666666,2987.172,2975.353
2026-06-05,2883.28,2865.87,2908.68,2859.21,53324704.0,sse50,上证50,2948.9015,2959.6096000000002,2927.0175,2986.3619166666667,2975.7287
2026-06-08,2818.68,2825.01,2846.51,2806.33,64588253.0,sse50,上证50,2938.0705,2953.91,2924.4036666666666,2985.1175,2975.86665
2026-06-09,2830.88,2842.69,2844.23,2814.83,54030711.0,sse50,上证50,2928.027,2948.1976,2922.026166666667,2983.7898333333333,2976.0885500000004
2026-06-10,2829.65,2850.37,2859.92,2826.86,58977177.0,sse50,上证50,2918.183,2941.1548,2920.0063333333333,2982.3815833333333,2976.39455
2026-06-11,2842.67,2845.92,2852.21,2827.86,51843492.0,sse50,上证50,2910.6504999999997,2933.824,2918.1575000000003,2981.1145833333335,2976.6746499999995
2026-06-12,2864.99,2890.8,2901.65,2851.54,80282609.0,sse50,上证50,2907.3105,2929.3127999999997,2917.1026666666667,2980.2992500000005,2977.0935999999997
2026-06-15,2919.69,2938.65,2946.02,2915.15,77484232.0,sse50,上证50,2907.495,2925.1936000000005,2916.687166666666,2979.9794166666666,2977.72195
2026-06-16,2933.96,2913.99,2936.7,2904.36,57244026.0,sse50,上证50,2905.4914999999996,2920.0107999999996,2915.8965000000003,2979.307333333333,2978.14455
2026-06-17,2905.21,2934.47,2936.61,2901.42,53482882.0,sse50,上证50,2904.5275,2915.4995999999996,2916.2005000000004,2978.869,2978.6525
2026-06-18,2926.49,2928.75,2956.23,2924.34,70913574.0,sse50,上证50,2904.9185,2912.7868,2916.948666666666,2978.652,2979.1019
2026-06-22,2929.73,3012.65,3015.16,2915.54,81229823.0,sse50,上证50,2909.375,2914.9888,2920.620666666667,2978.8267499999997,2980.1030499999997
2026-06-23,2998.03,2926.83,3019.34,2913.24,78188130.0,sse50,上证50,2907.2815,2914.6636000000003,2922.220333333333,2978.229333333333,2980.5022499999995
2026-06-24,2919.85,2943.9,2948.06,2919.85,64239800.0,sse50,上证50,2905.807,2914.2571999999996,2923.6265,2977.7256666666667,2980.91085
2026-06-25,2944.45,2977.57,2993.02,2942.55,70442506.0,sse50,上证50,2907.95,2915.2099999999996,2926.174833333333,2977.370166666667,2981.1556499999992
2026-06-26,2961.04,2906.94,2965.41,2887.76,63782469.0,sse50,上证50,2907.5875,2914.6504,2927.3353333333334,2976.3653333333336,2980.7410999999997
2026-06-29,2911.34,2991.08,2991.52,2904.93,64564586.0,sse50,上证50,2911.0875,2917.3527999999997,2929.9665,2976.0811666666664,2980.8476
2026-06-30,2972.35,2989.4,2993.48,2963.45,60119438.0,sse50,上证50,2915.8715,2918.1808,2932.687833333334,2975.7191666666668,2981.2027000000003
2026-07-01,2976.36,2985.24,3015.63,2966.36,63271373.0,sse50,上证50,2919.12,2918.6548,2934.462,2975.2178333333336,2981.32525
2026-07-02,2938.77,2912.28,2957.88,2905.85,65860430.0,sse50,上证50,2918.688,2917.7576,2935.4424999999997,2974.1982500000004,2981.0043
2026-07-03,2917.52,2931.28,2957.26,2917.48,59887384.0,sse50,上证50,2920.6845,2918.4411999999998,2937.1205,2973.3210000000004,2980.7547000000004
2026-07-06,2949.92,2957.97,2966.28,2920.83,60119225.0,sse50,上证50,2925.2895,2919.9168,2939.2446666666665,2972.7113333333336,2980.5801500000002
2026-07-07,2932.81,2921.89,2952.49,2910.66,52000887.0,sse50,上证50,2930.1335,2921.0436,2939.491666666667,2971.2291666666665,2980.3846500000004
2026-07-08,2929.9,2920.84,2955.52,2915.8,51438184.0,sse50,上证50,2934.041,2921.0664,2940.0930000000003,2969.2465,2980.4365
2026-07-09,2926.14,2995.79,2999.49,2921.88,57288370.0,sse50,上证50,2941.3120000000004,2924.0612,2941.6964999999996,2968.0020833333333,2980.70435
2026-07-10,2996.84,2955.52,3026.43,2955.49,60340926.0,sse50,上证50,2946.7920000000004,2926.6279999999997,2942.6306666666665,2966.61425,2980.78255
2026-07-13,2931.5,2913.19,2952.93,2901.46,63724276.0,sse50,上证50,2947.9115,2928.5208000000002,2942.4475,2964.7715000000003,2980.7053499999997
2026-07-14,2909.93,2955.55,2955.55,2875.36,66998208.0,sse50,上证50,2948.7565,2933.7424,2942.803,2963.20325,2980.78515
2026-07-15,2955.76,2967.07,2983.41,2948.09,61948548.0,sse50,上证50,2951.4105,2938.7176,2943.2581666666665,2961.8210833333333,2980.7051
2026-07-16,2927.32,2904.12,2948.95,2892.05,56028390.0,sse50,上证50,2949.893,2940.8676,2943.1456666666663,2960.088166666667,2980.383
2026-07-17,2887.09,2827.67,2890.1,2814.36,71440659.0,sse50,上证50,2944.839,2940.1375999999996,2941.3793333333333,2957.77225,2979.70825
2026-07-20,2852.25,2912.85,2912.85,2852.25,89029484.0,sse50,上证50,2939.8489999999997,2941.0196,2941.0589999999997,2956.3813333333333,2979.5334000000003
2026-07-21,2953.01,2973.81,2973.83,2904.48,81847855.0,sse50,上证50,2942.198,2942.426,2941.7794999999996,2955.5302500000003,2979.6385500000006
2026-07-22,2954.88,2991.05,3008.38,2954.88,68932547.0,sse50,上证50,2944.5555,2945.5084,2942.8315000000002,2954.8669166666664,2980.0296499999995
2026-07-23,3003.5,2978.77,3003.5,2966.9,57487362.0,sse50,上证50,2944.6155000000003,2947.2804000000006,2943.3936666666664,2954.130166666667,2980.3747999999996
2026-07-24,2971.51,2956.35,2971.95,2941.3,58354918.0,sse50,上证50,2947.0860000000002,2948.3844,2943.6820000000002,2953.323666666666,2980.54565
2026-07-27,2976.92,2950.43,2976.92,2919.46,50914045.0,sse50,上证50,2945.0535,2945.8956,2943.6821666666665,2952.6423333333328,2980.7002500000003
2026-07-28,2921.31,2923.21,2931.15,2901.73,57573435.0,sse50,上证50,2941.7439999999997,2945.7508,2942.9440000000004,2951.5891666666666,2980.61875
2026-07-29,2948.71,2915.19,2948.71,2885.19,59101624.0,sse50,上证50,2938.2415,2944.6023999999998,2941.7721666666666,2950.445833333333,2980.4310000000005
2026-07-30,2902.38,2926.48,2932.72,2881.52,67933842.0,sse50,上证50,2938.9515,2942.5588000000002,2940.1061666666665,2949.3285,2980.3583000000003
2026-07-31,2944.94,2922.97,2946.17,2919.41,71093350.0,sse50,上证50,2938.536,2943.2,2938.335833333333,2947.7623333333336,2980.1079499999996
