date,open,close,high,low,amount,instrument_key,instrument_name,ma20,ma25,ma60,ma120,ma200
2020-01-02,1005.62,1019.72,1019.91,1005.62,1659069.87,star50,科创50,,,,,
2020-01-03,1021.67,1024.48,1029.07,1018.68,1661490.31,star50,科创50,,,,,
2020-01-06,1020.0,1027.28,1040.14,1020.0,1843350.92,star50,科创50,,,,,
2020-01-07,1025.66,1043.08,1043.08,1019.86,1874966.02,star50,科创50,,,,,
2020-01-08,1035.84,1051.16,1059.44,1034.51,2379123.51,star50,科创50,,,,,
2020-01-09,1060.58,1078.31,1081.4,1060.58,2113303.02,star50,科创50,,,,,
2020-01-10,1082.31,1076.44,1088.54,1076.44,1903194.03,star50,科创50,,,,,
2020-01-13,1076.76,1105.85,1105.85,1069.78,1859663.16,star50,科创50,,,,,
2020-01-14,1107.78,1118.31,1133.9,1107.78,2453502.28,star50,科创50,,,,,
2020-01-15,1113.25,1114.77,1120.35,1105.58,1799323.86,star50,科创50,,,,,
2020-01-16,1116.51,1154.3,1161.48,1116.51,2243416.7,star50,科创50,,,,,
2020-01-17,1159.37,1238.66,1252.56,1159.37,4408889.69,star50,科创50,,,,,
2020-01-20,1239.44,1240.51,1270.36,1208.69,3681522.83,star50,科创50,,,,,
2020-01-21,1233.65,1195.01,1247.84,1194.8,2747565.49,star50,科创50,,,,,
2020-01-22,1178.78,1244.52,1247.61,1157.29,3421028.13,star50,科创50,,,,,
2020-01-23,1219.23,1202.1,1262.44,1177.09,2735159.4,star50,科创50,,,,,
2020-02-03,1018.28,1030.55,1082.79,1015.6,3860472.6,star50,科创50,,,,,
2020-02-04,1049.96,1153.23,1153.23,1049.96,3479659.65,star50,科创50,,,,,
2020-02-05,1166.97,1203.61,1240.37,1166.97,3920359.99,star50,科创50,,,,,
2020-02-06,1191.73,1238.76,1251.84,1191.73,3684341.13,star50,科创50,1128.0325,,,,
2020-02-07,1240.04,1307.76,1307.76,1234.23,3745513.41,star50,科创50,1142.4344999999998,,,,
2020-02-10,1310.53,1322.25,1336.53,1293.43,4394873.78,star50,科创50,1157.3229999999999,,,,
2020-02-11,1318.42,1283.57,1318.42,1266.21,3304646.13,star50,科创50,1170.1375,,,,
2020-02-12,1274.8,1348.7,1360.55,1274.8,3113607.71,star50,科创50,1185.4185,,,,
2020-02-13,1360.13,1360.71,1409.68,1353.04,3998880.22,star50,科创50,1200.896,1167.3455999999999,,,
2020-02-14,1359.37,1327.22,1382.96,1305.97,3537072.54,star50,科创50,1213.3415,1179.6456,,,
2020-02-17,1332.97,1381.55,1381.55,1332.97,3279010.95,star50,科创50,1228.597,1193.9284,,,
2020-02-18,1381.58,1399.38,1404.71,1372.53,3235240.83,star50,科创50,1243.2735,1208.8124,,,
2020-02-19,1398.78,1373.44,1412.17,1373.44,3209051.08,star50,科创50,1256.03,1222.0267999999999,,,
2020-02-20,1377.76,1348.34,1390.02,1321.73,2829190.53,star50,科创50,1267.7085,1233.914,,,
2020-02-21,1337.56,1346.86,1373.67,1337.56,2419279.63,star50,科创50,1277.3365,1244.656,,,
2020-02-24,1341.99,1351.71,1359.23,1328.75,2511362.26,star50,科创50,1282.989,1255.6668,,,
2020-02-25,1312.48,1367.37,1371.58,1312.48,2923589.49,star50,科创50,1289.3319999999999,1266.1276,,,
2020-02-26,1348.08,1288.24,1361.01,1286.35,3155495.37,star50,科创50,1293.9935,1272.9248,,,
2020-02-27,1293.19,1264.94,1293.19,1251.45,2182398.27,star50,科创50,1295.0144999999998,1278.9316,,,
2020-02-28,1206.86,1191.05,1231.09,1187.1,2606738.72,star50,科创50,1294.462,1280.4016,,,
2020-03-02,1202.96,1252.62,1259.08,1194.94,2928260.72,star50,科创50,1305.5655000000002,1280.96,,,
2020-03-03,1278.27,1285.03,1332.84,1272.06,2967961.36,star50,科创50,1312.1555,1282.7408,,,
2020-03-04,1268.83,1255.72,1277.69,1226.8,1932420.42,star50,科创50,1314.761,1285.1692,,,
2020-03-05,1277.71,1264.79,1277.71,1246.71,2621459.59,star50,科创50,1316.0624999999998,1285.9799999999998,,,
2020-03-06,1246.1,1243.37,1255.07,1237.62,1829908.2,star50,科创50,1312.843,1287.6308,,,
2020-03-09,1216.04,1171.86,1223.25,1171.86,2345172.51,star50,科创50,1305.3235,1293.2832,,,
2020-03-10,1148.4,1216.33,1216.33,1135.21,2430773.26,star50,科创50,1301.9615,1295.8072,,,
2020-03-11,1218.52,1184.71,1233.43,1184.71,2842993.05,star50,科创50,1293.762,1295.0511999999999,,,
2020-03-12,1161.92,1167.06,1177.36,1151.79,1752732.09,star50,科创50,1284.0795,1292.1832,,,
2020-03-13,1103.96,1175.28,1187.7,1103.96,2010674.15,star50,科创50,1276.4824999999998,1286.884,,,
2020-03-16,1188.08,1115.08,1200.46,1115.08,1920521.79,star50,科创50,1263.159,1278.5972,,,
2020-03-17,1132.95,1131.55,1141.39,1079.84,1712221.18,star50,科创50,1249.7675,1272.5164,,,
2020-03-18,1145.3,1115.02,1173.23,1115.02,1771201.22,star50,科创50,1236.8465,1263.1692,,,
2020-03-19,1116.26,1128.97,1133.69,1091.24,1624408.73,star50,科创50,1225.878,1253.8996,,,
2020-03-20,1140.09,1127.37,1148.09,1114.29,1238238.48,star50,科创50,1214.9035,1245.9056,,,
2020-03-23,1092.5,1039.88,1096.4,1037.53,1609856.05,star50,科创50,1199.312,1232.2387999999999,,,
2020-03-24,1067.01,1060.84,1071.34,1020.25,1286895.86,star50,科创50,1183.9855,1218.6971999999998,,,
2020-03-25,1097.31,1101.32,1110.1,1094.16,1489274.43,star50,科创50,1174.6394999999998,1207.8123999999998,,,
2020-03-26,1093.33,1095.34,1111.48,1091.0,1061916.61,star50,科创50,1166.1595,1197.6924,,,
2020-03-27,1109.54,1084.51,1110.54,1082.93,1314576.05,star50,科创50,1160.8325,1187.1984,,,
2020-03-30,1062.9,1035.83,1062.9,1021.5,1223683.63,star50,科创50,1149.993,1174.5631999999998,,,
2020-03-31,1048.74,1029.75,1055.27,1027.22,906230.43,star50,科创50,1137.2289999999998,1161.0584,,,
2020-04-01,1026.58,1037.93,1060.71,1026.58,980422.8,star50,科创50,1126.3394999999998,1151.0459999999998,,,
2020-04-02,1033.56,1094.83,1094.83,1033.56,1101783.25,star50,科创50,1117.8415,1144.2416,1187.3121666666666,,
2020-04-03,1089.24,1080.53,1095.31,1074.19,949516.58,star50,科创50,1109.6995,1139.8208,1188.3256666666666,,
2020-04-07,1109.61,1111.65,1117.79,1108.78,1114525.91,star50,科创50,1106.6889999999999,1134.182,1189.7785000000001,,
2020-04-08,1104.96,1104.14,1117.81,1100.31,898135.4,star50,科创50,1101.0795,1126.9464,1191.0595,,
2020-04-09,1107.47,1101.28,1110.06,1094.92,821338.7,star50,科创50,1096.908,1120.7687999999998,1192.0295,,
2020-04-10,1100.37,1058.44,1100.37,1054.35,1009643.72,star50,科创50,1091.477,1112.5148000000002,1192.1508333333334,,
2020-04-13,1048.21,1042.15,1052.01,1038.82,676188.53,star50,科创50,1084.8205,1104.466,1191.5481666666667,,
2020-04-14,1049.21,1073.22,1073.22,1049.21,705676.12,star50,科创50,1082.7275,1100.5204,1191.4945,,
2020-04-15,1076.94,1088.2,1101.67,1076.94,818561.29,star50,科创50,1080.56,1095.3952,1191.2003333333332,,
2020-04-16,1080.87,1091.93,1097.2,1080.87,730030.11,star50,科创50,1079.4055,1091.6840000000002,1190.7606666666666,,
2020-04-17,1102.66,1117.07,1129.12,1102.66,1443511.18,star50,科创50,1078.8105,1089.6844,1190.799,,
2020-04-20,1119.26,1133.36,1133.36,1115.72,938727.71,star50,科创50,1079.11,1088.0076000000001,1190.45,,
2020-04-21,1127.66,1119.23,1127.66,1108.48,884065.6,star50,科创50,1083.0775,1088.1736,1188.4595,,
2020-04-22,1108.68,1135.85,1135.85,1108.68,855650.78,star50,科创50,1086.828,1088.3455999999999,1186.7151666666666,,
2020-04-23,1140.8,1149.72,1157.87,1140.55,1188320.48,star50,科创50,1089.248,1089.7336,1185.9603333333332,,
2020-04-24,1148.59,1144.15,1155.54,1139.31,1290375.93,star50,科创50,1091.6885,1090.3408,1184.2875,,
2020-04-27,1140.19,1138.1,1145.75,1136.23,883700.33,star50,科创50,1094.368,1090.77,1183.2208333333333,,
2020-04-28,1130.61,1113.51,1130.61,1037.26,1582965.96,star50,科创50,1098.252,1093.7152,1184.6035,,
2020-04-29,1105.6,1102.7,1125.19,1102.57,899789.97,star50,科创50,1101.8995,1095.3896,1183.7613333333331,,
2020-04-30,1107.43,1166.35,1171.8,1107.43,1387471.71,star50,科创50,1108.3205,1097.9908,1183.1403333333333,,
2020-05-06,1155.12,1247.51,1252.75,1155.12,2171814.85,star50,科创50,1115.9545,1104.0776,1183.2861666666665,,
2020-05-07,1249.64,1224.1,1249.64,1218.24,1619519.36,star50,科创50,1123.133,1109.6612,1181.8918333333334,,
2020-05-08,1230.91,1240.25,1272.62,1230.91,1440638.4,star50,科创50,1129.5629999999999,1117.838,1180.5251666666666,,
2020-05-11,1244.3,1226.06,1268.08,1215.97,1166807.49,star50,科创50,1135.659,1125.6904000000002,1179.5666666666666,,
2020-05-12,1222.39,1233.59,1233.64,1203.15,1083142.34,star50,科创50,1142.2745,1133.5168,1177.6481666666666,,
2020-05-13,1227.72,1247.03,1252.58,1227.72,1098200.2,star50,科创50,1151.704,1139.6048,1175.7534999999998,,
2020-05-14,1241.84,1242.17,1258.25,1238.23,1277441.98,star50,科创50,1161.705,1146.0704,1174.336,,
2020-05-15,1244.74,1270.48,1280.05,1244.74,1286872.38,star50,科创50,1171.568,1152.4236,1172.4848333333332,,
2020-05-18,1279.29,1254.3,1279.29,1253.33,1517739.63,star50,科创50,1179.873,1158.43,1170.0668333333335,,
2020-05-19,1260.22,1324.42,1324.42,1260.22,1484170.94,star50,科创50,1191.4975,1167.3555999999999,1169.2498333333335,,
2020-05-20,1317.4,1307.0,1348.58,1297.67,2016168.1,star50,科创50,1200.994,1177.2979999999998,1168.5608333333332,,
2020-05-21,1305.91,1251.93,1309.5,1251.52,1529176.71,star50,科创50,1206.9225,1185.6892,1166.9786666666666,,
2020-05-22,1247.6,1230.66,1258.31,1208.82,1334373.6,star50,科创50,1212.494,1191.9868,1164.9611666666667,,
2020-05-25,1223.87,1212.09,1227.56,1205.73,997245.88,star50,科创50,1216.306,1196.9424,1162.3731666666667,,
2020-05-26,1217.62,1272.66,1272.92,1217.62,1436230.33,star50,科创50,1222.453,1204.1716,1162.1135,,
2020-05-27,1271.46,1253.27,1281.21,1251.08,1472296.34,star50,科创50,1227.909,1209.6196,1161.919,,
2020-05-28,1251.06,1232.22,1256.22,1206.62,1270099.14,star50,科创50,1232.615,1213.5739999999998,1162.6051666666667,,
2020-05-29,1227.2,1246.11,1267.43,1227.2,1258818.8,star50,科创50,1239.2450000000001,1218.6492,1162.4966666666667,,
2020-06-01,1257.97,1300.74,1309.96,1257.97,1685506.36,star50,科创50,1249.147,1225.2448,1162.7585,,
2020-06-02,1305.8,1305.64,1312.52,1294.22,1603707.41,star50,科创50,1256.1115,1231.4815999999998,1163.5904999999998,,
2020-06-03,1305.73,1294.28,1314.14,1293.6,1578917.95,star50,科创50,1258.45,1237.4868000000001,1164.0819999999999,,
2020-06-04,1295.16,1299.8,1306.07,1291.21,1865732.06,star50,科创50,1262.2350000000001,1243.9548,1165.0224999999998,,
2020-06-05,1300.25,1297.31,1307.89,1292.05,1597262.28,star50,科创50,1265.0880000000002,1251.3068,1167.1133333333332,,
2020-06-08,1306.5,1280.05,1311.68,1277.29,1494183.46,star50,科创50,1267.7875,1258.4008000000001,1168.1753333333334,,
2020-06-09,1277.45,1278.51,1278.85,1269.11,1202087.71,star50,科创50,1270.0335,1262.8872000000001,1169.7386666666669,,
2020-06-10,1278.07,1269.98,1278.07,1265.11,1074194.96,star50,科创50,1271.181,1263.7859999999998,1171.4540000000002,,
2020-06-11,1270.72,1273.59,1294.34,1265.38,1309438.37,star50,科创50,1272.752,1265.7656,1173.0925,,
2020-06-12,1246.8,1262.29,1268.46,1246.8,1044287.96,star50,科创50,1272.3425,1266.6472,1175.546,,
2020-06-15,1262.48,1249.91,1271.91,1249.58,1225673.6,star50,科创50,1272.123,1267.6012,1177.5186666666666,,
2020-06-16,1259.09,1289.13,1289.13,1259.09,1338497.68,star50,科创50,1270.3585,1269.8228,1180.4205,,
2020-06-17,1291.04,1291.12,1299.78,1280.52,1513914.84,star50,科创50,1269.5645,1271.5864,1183.1229999999998,,
2020-06-18,1289.77,1302.37,1304.49,1286.47,1393446.74,star50,科创50,1272.0865,1273.9943999999998,1186.0396666666668,,
2020-06-19,1301.02,1325.15,1329.2,1301.02,1229628.22,star50,科创50,1276.8110000000001,1276.1812,1190.7941666666666,,
2020-06-22,1347.94,1371.21,1380.37,1347.94,2034944.54,star50,科创50,1284.767,1280.8576,1195.967,,
2020-06-23,1365.33,1407.19,1407.19,1365.33,1413524.99,star50,科创50,1291.4935,1284.1684,1201.0648333333334,,
2020-06-24,1408.55,1424.28,1432.99,1406.87,1894034.95,star50,科创50,1300.044,1288.8596,1206.5471666666665,,
2020-06-29,1415.91,1401.64,1415.91,1393.71,1577558.77,star50,科创50,1308.5149999999999,1294.848,1211.8326666666667,,
2020-06-30,1410.58,1447.89,1454.31,1410.58,1559247.89,star50,科创50,1318.6039999999998,1303.5372,1218.7003333333334,,
2020-07-01,1453.25,1439.88,1459.77,1417.6,1671002.56,star50,科创50,1325.5610000000001,1312.6488,1225.5358333333331,,
2020-07-02,1439.01,1437.05,1452.75,1424.15,1776616.87,star50,科创50,1332.1315,1319.2244,1232.1878333333334,,
2020-07-03,1435.08,1438.59,1441.09,1408.08,1812360.89,star50,科创50,1339.347,1326.6372000000001,1237.9171666666666,1212.6146666666668,
2020-07-06,1445.61,1538.4,1547.14,1444.69,3517577.06,star50,科创50,1351.277,1338.8844,1245.5483333333334,1216.9370000000001,
2020-07-07,1550.3,1572.19,1617.6,1550.3,3576657.43,star50,科创50,1365.021,1351.9276,1253.224,1221.50125,
2020-07-08,1572.78,1599.91,1608.19,1555.31,2528919.96,star50,科创50,1381.014,1363.8944000000001,1261.4868333333332,1226.2731666666666,
2020-07-09,1596.98,1666.85,1681.91,1594.26,3487582.04,star50,科创50,1400.431,1378.3428,1270.913,1231.4712499999998,
2020-07-10,1653.5,1654.83,1682.62,1633.18,2748905.21,star50,科创50,1419.6735,1392.7648000000002,1280.8528333333334,1236.5018333333333,
2020-07-13,1647.18,1721.98,1721.98,1640.98,3048119.79,star50,科创50,1442.093,1409.652,1292.1833333333334,1241.8657500000002,
2020-07-14,1714.87,1701.58,1726.19,1647.64,3482677.63,star50,科创50,1464.0575000000001,1425.8228,1302.656,1247.07525,
2020-07-15,1702.58,1612.03,1707.63,1611.91,2926989.54,star50,科创50,1482.1635,1439.102,1311.3865,1251.2934166666666,
2020-07-16,1606.44,1469.8,1612.33,1460.64,2569123.29,star50,科创50,1491.197,1446.7535999999998,1317.6843333333334,1254.2224999999999,
2020-07-17,1475.46,1443.4,1495.91,1425.64,1546350.54,star50,科创50,1498.8110000000001,1453.6904000000002,1323.1231666666667,1256.9610833333334,
2020-07-20,1459.78,1459.03,1463.71,1388.28,1732561.66,star50,科创50,1506.644,1461.108,1328.551,1259.5004999999999,
2020-07-21,1456.49,1490.17,1499.85,1454.59,1642256.76,star50,科创50,1514.895,1470.2232000000001,1334.7333333333333,1261.5964166666668,
2020-07-22,1474.02,1497.23,1519.12,1468.11,3012607.84,star50,科创50,1521.1960000000001,1480.116,1340.7563333333335,1263.73575,
2020-07-23,1487.2,1494.14,1512.47,1459.73,2324465.83,star50,科创50,1525.5435,1488.3164000000002,1346.4966666666667,1266.2285,
2020-07-24,1467.1,1389.31,1474.46,1389.31,3177586.82,star50,科创50,1523.795,1492.244,1350.5826666666667,1267.4350833333333,
2020-07-27,1396.49,1374.52,1403.11,1361.98,1579656.56,star50,科创50,1522.4389999999999,1495.13,1354.5230000000001,1268.8719166666667,
2020-07-28,1385.79,1400.54,1404.9,1383.28,1442737.62,star50,科创50,1520.0715,1498.1456000000003,1359.3068333333333,1271.9551666666669,
2020-07-29,1400.92,1476.92,1476.92,1395.97,1950157.29,star50,科创50,1521.9235,1502.374,1365.5438333333334,1274.6525833333333,
2020-07-30,1484.43,1472.79,1496.27,1467.8,1706308.39,star50,科创50,1523.7105,1504.9980000000003,1370.6511666666668,1276.89575,
2020-07-31,1469.1,1512.98,1513.76,1467.78,1718355.9,star50,科创50,1527.43,1508.546,1375.0756666666668,1279.1809166666667,
2020-08-03,1533.23,1622.81,1622.81,1533.23,2627404.74,star50,科创50,1531.6505,1517.3928,1381.7208333333333,1281.8063333333334,
2020-08-04,1620.79,1566.06,1628.14,1555.9,2036275.56,star50,科创50,1531.344,1522.1196,1387.151,1283.8380833333333,
2020-08-05,1592.39,1588.62,1597.47,1556.68,1730971.26,star50,科创50,1530.7795,1528.0692000000001,1393.1936666666668,1286.3801666666666,
2020-08-06,1582.47,1573.87,1589.75,1552.54,1754448.78,star50,科创50,1526.1304999999998,1533.542,1398.8650000000002,1288.2565833333333,
2020-08-07,1561.86,1526.8,1568.56,1492.25,1925968.09,star50,科创50,1519.729,1537.0704,1403.5278333333333,1289.6406666666664,
2020-08-10,1520.1,1535.6,1555.68,1507.27,1773991.38,star50,科创50,1510.41,1536.9584,1408.4183333333333,1291.3771666666667,
2020-08-11,1531.6,1491.84,1539.84,1490.84,1613333.38,star50,科创50,1499.923,1533.7443999999998,1412.1076666666665,1292.2962499999999,
2020-08-12,1485.56,1458.64,1488.88,1422.73,1724485.46,star50,科创50,1492.2535,1528.0936,1415.513333333333,1292.7900833333333,
2020-08-13,1465.6,1468.23,1482.63,1453.38,1348561.42,star50,科创50,1492.175,1520.1488,1417.9101666666668,1293.5799999999997,
2020-08-14,1466.8,1484.04,1486.4,1453.74,1253298.96,star50,科创50,1494.2069999999999,1513.3172,1420.8608333333332,1294.7108333333333,
2020-08-17,1486.81,1496.4,1501.25,1471.92,1652967.71,star50,科创50,1496.0755000000001,1504.2939999999999,1424.9353333333336,1295.9569999999999,
2020-08-18,1496.42,1512.51,1512.76,1492.96,1550875.09,star50,科创50,1497.1924999999999,1496.7312,1429.6328333333333,1297.2969999999998,
2020-08-19,1516.98,1472.02,1517.89,1470.34,1683598.12,star50,科创50,1495.932,1491.1308000000001,1433.9650000000001,1298.1690833333332,
2020-08-20,1460.03,1442.58,1473.05,1438.46,1173351.5,star50,科创50,1493.3539999999998,1490.0420000000001,1436.797,1299.45525,
2020-08-21,1447.8,1447.71,1467.98,1443.52,1208539.04,star50,科创50,1496.274,1490.2144,1440.0376666666666,1300.9783333333332,
2020-08-24,1453.49,1450.67,1457.58,1421.89,1197420.53,star50,科创50,1500.0815,1489.88,1443.6784999999998,1303.1418333333336,
2020-08-25,1449.54,1427.7,1462.9,1424.42,1177618.81,star50,科创50,1501.4395,1487.3812,1446.7049999999997,1304.6008333333334,
2020-08-26,1422.0,1383.31,1430.79,1377.21,1543257.11,star50,科创50,1496.759,1482.8244,1448.0811666666668,1305.4198333333334,
2020-08-27,1389.94,1417.56,1429.96,1380.13,1331965.18,star50,科创50,1493.9975,1479.7612,1449.9465000000002,1306.7685,
2020-08-28,1415.65,1413.64,1416.82,1393.85,1301781.02,star50,科创50,1489.0304999999998,1480.7344,1451.9358333333334,1308.0089166666667,
2020-08-31,1417.66,1423.24,1441.46,1417.66,1464192.52,star50,科创50,1479.0520000000001,1482.6831999999997,1453.9931666666666,1309.5078333333333,
2020-09-01,1424.43,1426.65,1435.65,1419.6,1149985.9,star50,科创50,1472.0814999999998,1483.7275999999997,1456.1488333333334,1311.6310833333332,
2020-09-02,1430.87,1422.95,1434.92,1411.84,1127651.41,star50,科创50,1463.798,1481.5688,1458.5305,1313.3529166666667,
2020-09-03,1422.42,1402.14,1423.89,1396.11,1069831.09,star50,科创50,1455.2115000000001,1478.7428,1460.591,1315.1648333333333,
2020-09-04,1377.39,1390.28,1396.0,1371.16,1025495.65,star50,科创50,1448.3854999999999,1473.8348,1462.596,1317.025,
2020-09-07,1387.49,1356.7,1394.9,1349.77,1271365.42,star50,科创50,1439.4405000000002,1463.1903999999997,1463.9811666666667,1318.536833333333,
2020-09-08,1356.82,1344.61,1363.28,1328.92,1078629.48,star50,科创50,1432.079,1454.3324,1465.3531666666665,1320.4495833333335,
2020-09-09,1331.43,1298.08,1332.07,1289.35,2003777.32,star50,科创50,1424.051,1442.7107999999998,1466.156,1321.8373333333334,
2020-09-10,1309.32,1280.19,1321.06,1276.5,1317597.67,star50,科创50,1414.649,1430.9636,1466.007,1323.21375,
2020-09-11,1279.84,1312.51,1313.85,1272.84,883608.99,star50,科创50,1406.0725,1422.3919999999998,1466.3635,1324.74325,
2020-09-14,1334.98,1348.07,1372.83,1334.98,1358842.52,star50,科创50,1398.6560000000002,1414.8908,1467.1251666666665,1326.5824166666666,
2020-09-15,1348.79,1364.6,1372.44,1334.82,1103974.44,star50,科创50,1391.2604999999999,1409.8012000000003,1467.7826666666667,1329.2884166666665,
2020-09-16,1363.32,1349.67,1364.42,1341.68,851506.85,star50,科创50,1385.143,1405.4424,1467.4236666666666,1331.6953333333333,
2020-09-17,1347.45,1383.59,1393.85,1335.03,2117389.87,star50,科创50,1382.1935,1402.0567999999998,1467.0303333333334,1334.0475833333333,
2020-09-18,1386.38,1403.9,1403.92,1379.92,1599854.61,star50,科创50,1380.003,1398.8512,1466.6906666666666,1336.6189166666666,
2020-09-21,1407.07,1397.75,1411.5,1390.9,1249804.77,star50,科创50,1377.357,1394.9052,1466.625833333333,1339.22925,
2020-09-22,1389.78,1390.09,1403.26,1379.01,1204430.15,star50,科创50,1375.4765,1390.0084000000002,1465.6625,1342.1814166666666,
2020-09-23,1401.37,1423.9,1440.64,1400.28,2050419.36,star50,科创50,1377.506,1388.0836,1465.3961666666667,1345.466,
2020-09-24,1412.16,1394.93,1416.38,1392.01,1514239.23,star50,科创50,1376.3745000000001,1386.1775999999998,1464.6941666666667,1348.441,
2020-09-25,1399.39,1364.02,1402.68,1360.55,1085228.27,star50,科创50,1373.8935000000001,1382.83,1463.4513333333334,1350.6842499999998,
2020-09-28,1367.46,1338.95,1369.04,1335.99,911115.09,star50,科创50,1369.6789999999999,1378.3612,1460.1271666666664,1352.83775,
2020-09-29,1345.99,1389.96,1403.43,1345.99,1103075.99,star50,科创50,1367.8445000000002,1376.8516,1457.09,1355.157,
2020-09-30,1394.86,1418.8,1431.88,1393.91,1140647.05,star50,科创50,1367.6370000000002,1378.2712,1454.0715000000002,1357.7791666666667,
2020-10-09,1446.52,1465.96,1467.98,1446.52,1545003.33,star50,科创50,1370.828,1380.2072,1450.7233333333331,1360.818166666667,
2020-10-12,1475.26,1490.58,1491.61,1469.65,1918963.23,star50,科创50,1375.843,1383.2848000000001,1447.9858333333332,1364.4193333333335,
2020-10-13,1491.85,1497.6,1498.83,1485.13,1387848.33,star50,科创50,1382.888,1386.2592000000002,1444.2461666666668,1368.2147499999999,
2020-10-14,1495.34,1488.67,1498.0,1481.12,1386507.12,star50,科创50,1390.091,1388.74,1440.6976666666667,1371.6768333333334,
2020-10-15,1489.38,1453.79,1493.0,1451.88,1047854.57,star50,科创50,1397.8764999999999,1389.9735999999998,1438.0603333333333,1374.7234166666667,
2020-10-16,1457.15,1438.53,1461.83,1429.08,1042630.73,star50,科创50,1405.7935000000002,1391.4291999999998,1437.5391666666665,1377.61175,
2020-10-19,1444.84,1412.15,1446.49,1411.27,1005070.57,star50,科创50,1410.7755,1392.3039999999999,1437.0183333333334,1380.0707499999999,
2020-10-20,1413.87,1426.18,1428.08,1402.71,891259.95,star50,科创50,1414.681,1395.0832,1436.4708333333333,1382.5109166666666,
2020-10-21,1427.24,1396.98,1429.45,1396.12,1077825.28,star50,科创50,1416.3,1397.178,1434.917666666667,1384.8255,
2020-10-22,1395.13,1376.58,1395.13,1373.51,856252.78,star50,科创50,1417.6455,1400.318,1432.9068333333332,1386.8315833333334,
2020-10-23,1380.37,1336.53,1389.52,1336.37,993895.55,star50,科创50,1415.2925,1402.5716,1430.28,1388.3883333333333,
2020-10-26,1332.68,1356.11,1364.97,1313.45,837511.67,star50,科创50,1412.903,1404.3156,1429.7266666666665,1390.1546666666666,
2020-10-27,1359.18,1385.75,1386.8,1354.81,833262.48,star50,科创50,1412.303,1405.8228,1429.913833333333,1392.2184166666666,
2020-10-28,1396.56,1406.07,1413.66,1392.07,1030594.19,star50,科创50,1413.102,1407.4815999999998,1430.006,1394.6564166666665,
2020-10-29,1394.28,1412.06,1418.41,1387.38,1099257.95,star50,科创50,1412.51,1409.9772,1428.925,1397.2344166666667,
2020-10-30,1413.51,1393.91,1430.12,1393.91,1435777.96,star50,科创50,1412.459,1410.39,1427.6103333333333,1399.13075,
2020-11-02,1402.08,1400.91,1406.94,1370.9,1230176.38,star50,科创50,1414.3035,1410.2704,1425.7425,1400.4090833333332,1308.03455
2020-11-03,1403.64,1449.01,1451.63,1402.26,1131252.7,star50,科创50,1419.8065000000001,1412.3208000000002,1422.8458333333333,1402.2833333333333,1310.181
2020-11-04,1454.73,1458.9,1462.67,1443.42,936211.16,star50,科创50,1423.2535,1415.0731999999998,1421.0598333333332,1404.1054166666665,1312.3531
2020-11-05,1477.61,1475.38,1479.47,1453.72,1201756.34,star50,科创50,1426.0825,1417.1324000000002,1419.1725,1406.1830833333333,1314.5936
2020-11-06,1477.53,1441.47,1477.53,1429.12,1166554.18,star50,科创50,1424.858,1418.9940000000001,1416.9658333333332,1407.9154166666667,1316.58555
2020-11-09,1446.47,1485.15,1491.52,1442.62,1824999.32,star50,科创50,1424.5865,1423.8392,1416.2716666666665,1409.89975,1318.7555000000002
2020-11-10,1483.66,1441.97,1483.66,1438.59,1172149.32,star50,科创50,1421.8049999999998,1427.96,1414.7111666666667,1411.5647500000002,1320.5737999999997
2020-11-11,1440.78,1395.51,1441.0,1393.73,1030103.4,star50,科创50,1417.1470000000002,1428.182,1413.1056666666668,1412.6066666666666,1322.1691500000002
2020-11-12,1404.81,1413.29,1421.74,1404.57,826334.13,star50,科创50,1415.122,1427.9616,1412.3498333333334,1413.9315833333335,1323.7063500000002
2020-11-13,1406.68,1436.89,1441.01,1401.46,954381.49,star50,科创50,1415.04,1426.7988,1411.8274999999999,1414.8688333333334,1325.2992499999998
2020-11-16,1520.27,1446.95,1520.27,1444.39,1519221.26,star50,科创50,1416.7800000000002,1425.0536,1411.2093333333332,1416.0350833333332,1326.9601499999999
2020-11-17,1455.23,1430.81,1455.23,1425.26,1164002.19,star50,科创50,1417.0115,1422.382,1410.1161666666667,1417.52575,1328.3427
2020-11-18,1431.66,1419.23,1441.22,1418.36,1030158.93,star50,科创50,1418.124,1419.6044,1408.5615,1419.0971666666667,1329.2455499999999
2020-11-19,1415.64,1435.92,1436.49,1408.22,877729.78,star50,科创50,1421.091,1418.8896,1407.9598333333333,1420.9624166666665,1330.2226
2020-11-20,1433.95,1430.72,1442.31,1427.31,921453.65,star50,科创50,1425.8005,1418.5772,1407.7621666666666,1422.2795833333332,1331.40115
2020-11-23,1429.39,1418.1,1429.39,1412.02,1101889.03,star50,科创50,1428.9,1418.8152000000002,1407.2686666666666,1423.6531666666667,1332.2690499999999
2020-11-24,1412.02,1412.75,1420.34,1409.4,959108.18,star50,科创50,1430.25,1418.2779999999998,1406.6366666666668,1425.1575833333334,1333.3223
2020-11-25,1414.19,1388.36,1414.51,1387.56,1005049.26,star50,科创50,1429.3645000000001,1417.9331999999997,1405.981,1426.343,1335.1113500000001
2020-11-26,1386.21,1385.31,1398.57,1380.13,858311.94,star50,科创50,1428.0269999999998,1418.2824000000003,1406.0143333333333,1427.0477500000002,1336.2717499999999
2020-11-27,1386.65,1387.77,1398.14,1380.64,835076.87,star50,科创50,1427.7199999999998,1420.3319999999999,1405.517833333333,1427.7321666666664,1337.19255
2020-11-30,1392.95,1385.48,1397.01,1380.22,1157617.91,star50,科创50,1426.9485,1421.5068,1405.0485,1428.4921666666667,1337.92615
2020-12-01,1386.58,1404.24,1408.04,1381.96,896516.49,star50,科创50,1424.71,1422.2464000000002,1404.7318333333335,1429.3625,1338.40855
2020-12-02,1408.67,1408.49,1419.11,1403.73,1123402.53,star50,科创50,1422.1895,1422.3432,1404.4291666666666,1430.289,1338.83975
2020-12-03,1410.44,1410.83,1418.12,1398.1,916087.67,star50,科创50,1418.962,1422.2939999999999,1404.2271666666668,1431.3788333333332,1339.4760500000002
2020-12-04,1409.59,1404.87,1410.93,1401.53,812794.78,star50,科创50,1417.132,1422.7324,1404.2726666666667,1432.4318333333333,1339.7569
2020-12-07,1410.5,1406.19,1417.78,1403.42,1140117.9,star50,科创50,1413.184,1422.9435999999998,1404.5378333333333,1433.5669166666667,1339.9842999999998
2020-12-08,1405.72,1398.73,1408.79,1397.55,1263647.49,star50,科创50,1411.022,1420.9324,1405.2383333333335,1434.60975,1340.34185
2020-12-09,1400.57,1365.04,1404.23,1364.2,1518534.14,star50,科创50,1409.4985000000001,1417.178,1405.5788333333335,1435.466,1340.2593000000002
2020-12-10,1363.0,1360.18,1370.83,1355.88,1689303.35,star50,科创50,1406.843,1412.57,1406.6138333333333,1436.3849166666666,1340.0633000000003
2020-12-11,1362.34,1362.96,1365.43,1345.32,2493088.84,star50,科创50,1403.1465,1409.4296,1407.9933333333333,1437.000166666667,1340.0109
2020-12-14,1361.61,1375.06,1380.05,1353.9,1929921.96,star50,科创50,1399.552,1405.026,1409.0358333333336,1437.6996666666666,1340.1444999999999
2020-12-15,1373.96,1363.18,1379.77,1357.36,2023103.35,star50,科创50,1396.1705,1401.8744,1409.2876666666666,1438.2064166666667,1340.2261
2020-12-16,1357.22,1345.13,1357.22,1339.96,2196789.34,star50,科创50,1392.4655,1399.8592,1408.9631666666667,1438.3729166666667,1340.1932000000002
2020-12-17,1343.28,1363.36,1364.88,1339.9,1755183.37,star50,科创50,1388.8375,1397.8619999999999,1409.1913333333332,1438.3075,1340.17315
2020-12-18,1381.48,1361.11,1381.48,1357.77,1646915.83,star50,科创50,1385.357,1394.8308,1408.8166666666666,1437.9235,1340.5375
2020-12-21,1359.69,1388.67,1390.59,1355.93,1983814.84,star50,科创50,1383.8854999999999,1392.4996,1408.5628333333334,1437.6267500000001,1341.1561499999998
2020-12-22,1383.29,1358.62,1390.99,1355.97,1850442.45,star50,科创50,1381.1789999999999,1389.6119999999999,1407.9106666666667,1437.26825,1341.994
2020-12-23,1359.73,1376.6,1378.61,1355.25,1765752.7,star50,科创50,1380.591,1387.9068,1407.6858333333332,1436.6741666666667,1342.6139
2020-12-24,1378.38,1348.01,1384.31,1347.8,1580885.01,star50,科创50,1378.726,1384.3904,1406.4209999999998,1435.9085833333334,1342.9288000000001
2020-12-25,1348.47,1349.79,1357.65,1340.79,1519537.08,star50,科创50,1376.827,1381.1532,1405.668666666667,1435.1814166666666,1343.3991500000002
2020-12-28,1345.3,1339.01,1349.35,1335.25,1641143.55,star50,科创50,1374.5035,1377.9895999999999,1405.2518333333333,1434.3515833333333,1343.77025
2020-12-29,1338.24,1337.47,1353.06,1336.09,1407437.2,star50,科创50,1371.165,1374.9784000000002,1405.2271666666668,1432.6771666666668,1344.24075
2020-12-30,1336.72,1362.91,1367.76,1335.21,1981357.48,star50,科创50,1368.886,1373.9604000000002,1404.7763333333335,1430.9331666666665,1345.1960000000001
2020-12-31,1370.44,1393.03,1394.74,1368.47,2268773.86,star50,科创50,1367.9959999999999,1374.2691999999997,1404.3468333333333,1429.2091666666665,1346.0794999999998
2021-01-04,1398.96,1422.12,1425.7,1389.59,2262090.84,star50,科创50,1368.8585,1375.6432,1403.6161666666667,1427.1697500000002,1347.26655
2021-01-05,1413.18,1425.16,1427.12,1409.54,2435167.4,star50,科创50,1369.807,1377.2303999999997,1402.5258333333334,1425.2558333333332,1348.5570500000001
2021-01-06,1430.07,1415.02,1434.19,1408.06,2559387.45,star50,科创50,1370.6215,1377.6616000000001,1401.1495,1422.6978333333332,1349.7557499999998
2021-01-07,1414.9,1381.94,1417.43,1370.19,2413622.08,star50,科创50,1371.4665,1376.5996000000002,1399.3706666666667,1420.0341666666668,1351.0900499999998
2021-01-08,1382.15,1378.74,1385.12,1366.18,2334937.3,star50,科创50,1372.3945,1375.316,1398.1198333333334,1418.0900833333333,1352.326
2021-01-11,1385.35,1390.66,1407.91,1378.12,2619264.66,star50,科创50,1373.7795,1374.7475999999997,1397.3220000000001,1417.4305833333335,1353.7042000000001
2021-01-12,1389.47,1405.22,1408.42,1379.8,1874068.71,star50,科创50,1375.2875,1374.7088,1397.2065,1417.1124166666666,1355.0854499999998
2021-01-13,1412.07,1407.41,1416.66,1389.77,2418648.7,star50,科创50,1377.499,1375.056,1396.8936666666668,1416.68225,1356.48565
2021-01-14,1406.05,1447.27,1478.75,1399.56,4218893.09,star50,科创50,1382.606,1378.3452,1397.731833333333,1416.32475,1358.5226
2021-01-15,1450.86,1447.58,1465.69,1431.45,3118571.85,star50,科创50,1386.817,1381.8411999999998,1398.9151666666667,1415.911,1360.4563
2021-01-18,1443.82,1481.25,1496.37,1437.02,2696406.19,star50,科创50,1392.824,1386.5728,1401.3271666666665,1415.8035833333336,1362.3559500000001
2021-01-19,1485.46,1443.92,1489.22,1441.62,2488800.02,star50,科创50,1395.5865,1389.3272,1402.7906666666668,1416.2586666666668,1364.09885
2021-01-20,1450.72,1481.45,1482.11,1444.74,2190186.9,star50,科创50,1401.728,1394.0580000000002,1404.3856666666668,1417.14975,1366.0835499999998
2021-01-21,1485.65,1482.28,1492.95,1465.89,2194825.34,star50,科创50,1407.012,1399.5439999999999,1405.6558333333335,1417.8309166666666,1368.3158
2021-01-22,1482.65,1486.31,1487.61,1456.02,2274716.69,star50,科创50,1413.9270000000001,1404.4620000000002,1406.8933333333334,1417.9091666666668,1370.5986000000003
2021-01-25,1481.74,1498.6,1513.73,1471.18,2156204.88,star50,科创50,1421.3674999999998,1409.9616,1408.6381666666666,1418.12425,1372.9019499999997
2021-01-26,1498.0,1478.45,1509.41,1471.31,1947464.65,star50,科创50,1428.3395,1413.5528,1409.9305,1417.8365000000001,1374.82005
2021-01-27,1481.49,1458.37,1489.76,1441.18,1636435.32,star50,科创50,1434.3845000000001,1417.5428,1410.0865000000001,1416.4661666666664,1376.7092499999999
2021-01-28,1441.4,1421.59,1461.84,1418.94,1493447.43,star50,科创50,1437.3184999999999,1419.3424000000002,1409.4646666666667,1415.26225,1378.2589500000001
2021-01-29,1435.28,1421.96,1440.25,1400.67,1729044.65,star50,科创50,1438.7649999999999,1422.3004,1408.5743333333335,1413.8734166666666,1379.8480499999998
2021-02-01,1419.18,1421.48,1439.04,1412.16,1408896.23,star50,科创50,1438.733,1425.168,1408.2411666666667,1412.6035,1381.44905
2021-02-02,1419.71,1438.06,1438.09,1414.36,1437986.05,star50,科创50,1439.378,1429.13,1407.4563333333333,1411.8640000000003,1383.34715
2021-02-03,1436.0,1410.15,1443.98,1410.15,1979201.35,star50,科创50,1439.1345,1432.0372,1406.9260000000002,1410.8185833333334,1385.18715
2021-02-04,1402.09,1394.1,1412.71,1367.71,1863705.1,star50,科创50,1439.7424999999998,1433.2848000000001,1406.9025,1410.0040833333335,1386.79155
2021-02-05,1396.12,1368.8,1407.32,1368.65,1692143.76,star50,科创50,1439.2455,1432.3156,1406.161,1409.2554166666666,1388.19455
2021-02-08,1371.75,1382.48,1395.14,1367.33,1305264.1,star50,科创50,1438.8365,1430.73,1405.2541666666666,1408.5408333333335,1389.6472999999999
2021-02-09,1389.07,1427.68,1434.87,1383.86,1428354.0,star50,科创50,1439.9595000000002,1430.8308000000002,1404.9330000000002,1408.0711666666668,1391.2003499999998
2021-02-10,1424.77,1437.02,1440.21,1407.64,1526938.35,star50,科创50,1441.44,1431.7107999999998,1405.0364999999997,1407.5763333333334,1392.7186499999998
2021-02-18,1457.8,1429.74,1465.68,1429.09,2135316.02,star50,科创50,1440.5635,1433.6228,1405.2116666666666,1406.8865833333334,1394.2712
2021-02-19,1426.1,1427.91,1430.72,1404.15,1703315.64,star50,科创50,1439.58,1435.5896,1405.0781666666667,1406.519,1395.7315000000003
2021-02-22,1431.56,1389.92,1436.8,1388.52,2296797.04,star50,科创50,1435.0135,1435.56,1404.3981666666666,1406.0801666666666,1396.9325
2021-02-23,1371.63,1390.53,1401.51,1370.91,1698552.55,star50,科创50,1432.344,1434.9723999999999,1403.9386666666667,1405.6036666666666,1398.1644000000001
2021-02-24,1393.72,1365.64,1398.33,1358.41,1798925.05,star50,科创50,1426.5535,1433.3016,1403.1535000000001,1404.8950833333333,1399.3020999999999
2021-02-25,1373.84,1349.71,1375.61,1349.71,1609499.55,star50,科创50,1419.925,1429.3992,1402.5093333333336,1404.2451666666668,1400.4831
2021-02-26,1319.89,1325.59,1344.15,1319.65,1589023.25,star50,科创50,1411.889,1424.5195999999999,1401.514,1403.7641666666668,1401.5975499999997
2021-03-01,1339.99,1358.14,1359.72,1337.19,1778285.61,star50,科创50,1404.8660000000002,1419.5952,1401.0201666666667,1403.269,1402.5565
2021-03-02,1373.03,1352.04,1373.66,1342.9,1773727.64,star50,科创50,1398.5455,1415.92,1400.4628333333333,1402.7556666666667,1403.07915
2021-03-03,1350.01,1359.4,1359.79,1340.32,1331521.05,star50,科创50,1393.5970000000002,1411.0379999999998,1399.7155,1402.2236666666665,1403.75565
2021-03-04,1358.28,1324.16,1362.99,1322.34,2044397.08,star50,科创50,1388.7255,1404.7132000000001,1398.3100000000002,1401.3695833333334,1404.1752000000001
2021-03-05,1307.06,1329.84,1338.83,1305.92,1379375.18,star50,科创50,1384.1195,1398.4544,1396.9601666666667,1400.5936666666666,1404.6941
2021-03-08,1337.02,1275.46,1340.42,1275.46,1946557.99,star50,科创50,1376.8184999999999,1389.5288,1394.8033333333333,1399.538,1404.90345
2021-03-09,1275.32,1230.14,1278.32,1227.18,1810494.36,star50,科创50,1366.4225000000001,1379.5964,1391.8691666666666,1398.2034999999998,1404.8190000000002
2021-03-10,1251.18,1232.74,1258.88,1227.42,1331603.01,star50,科创50,1357.5520000000001,1370.5711999999999,1389.1026666666667,1397.1705,1404.77185
2021-03-11,1241.1,1267.3,1273.96,1227.33,1578835.47,star50,科创50,1351.212,1364.3996,1387.4736666666665,1396.52625,1404.75595
2021-03-12,1268.44,1261.32,1269.21,1251.2,1254992.49,star50,科创50,1345.838,1357.974,1385.826,1396.2199166666667,1404.79105
2021-03-15,1254.68,1223.39,1254.68,1213.43,1426027.96,star50,科创50,1337.8835,1350.0504,1383.499833333333,1395.7465833333333,1404.2859000000003
2021-03-16,1223.8,1220.37,1231.99,1212.34,1342894.05,star50,科创50,1327.518,1341.3428,1380.9216666666666,1394.9787499999998,1403.8527500000002
2021-03-17,1220.45,1236.54,1237.91,1213.35,1148637.13,star50,科创50,1317.494,1334.3984,1378.8110000000001,1394.0493333333334,1403.7758
2021-03-18,1241.56,1241.31,1251.56,1237.62,1207126.9,star50,科创50,1308.0725,1328.2867999999999,1377.0806666666665,1393.0219166666668,1403.82905
2021-03-19,1226.41,1231.29,1242.13,1221.42,1462464.81,star50,科创50,1298.2415,1322.7864,1374.8795,1392.0354166666666,1403.9250499999998
2021-03-22,1229.47,1242.76,1247.49,1227.84,1128746.85,star50,科创50,1290.8835,1317.1976000000002,1372.907,1390.8618333333334,1403.7755499999998
2021-03-23,1246.36,1236.47,1257.38,1232.26,1267095.55,star50,科创50,1283.1805,1309.5492,1370.3703333333333,1389.4665833333333,1403.69155
2021-03-24,1228.61,1221.45,1244.45,1219.51,1254985.47,star50,科创50,1275.971,1300.9264,1368.0841666666668,1387.9974166666666,1403.6377000000002
2021-03-25,1212.83,1219.71,1231.96,1212.38,1135865.03,star50,科创50,1269.471,1292.5252,1365.4693333333335,1386.5775833333332,1403.5057000000002
2021-03-26,1224.64,1256.66,1258.16,1224.64,1325868.57,star50,科创50,1266.0245,1285.6752000000001,1363.9468333333332,1385.1839166666666,1403.2853
2021-03-29,1262.29,1250.77,1263.44,1248.33,1160668.0,star50,科创50,1260.656,1280.1091999999999,1362.2965,1383.9825833333334,1403.01095
2021-03-30,1250.28,1248.34,1259.28,1245.01,1125395.1,star50,科创50,1255.471,1274.4216000000001,1360.7853333333333,1383.0185833333335,1402.78125
2021-03-31,1248.16,1248.33,1253.79,1236.26,1112125.3,star50,科创50,1249.9175,1269.7292,1359.2996666666666,1382.2634166666664,1402.5239000000001
2021-04-01,1251.0,1266.75,1269.88,1248.96,1528579.63,star50,科创50,1247.047,1266.4108,1357.697,1381.2366666666667,1402.3711
2021-04-02,1276.03,1299.92,1302.62,1274.38,2185275.02,star50,科创50,1245.551,1265.384,1356.1451666666665,1380.246,1402.47045
2021-04-06,1304.64,1296.62,1309.95,1291.92,1235305.07,star50,科创50,1246.609,1262.9232,1354.0535000000002,1378.8348333333333,1402.5610000000001
2021-04-07,1296.82,1298.78,1300.77,1283.16,1337245.19,star50,科创50,1250.041,1260.7928,1351.9471666666666,1377.2365,1402.705
2021-04-08,1293.64,1291.86,1305.43,1287.01,1399544.81,star50,科创50,1252.9969999999998,1258.0911999999998,1349.8944999999999,1375.522,1402.79635
2021-04-09,1290.31,1271.44,1296.86,1269.92,1224994.61,star50,科创50,1253.2040000000002,1255.9824,1348.0528333333334,1373.71175,1402.8421000000003
2021-04-12,1269.02,1243.5,1280.08,1240.44,1326301.79,star50,科创50,1252.313,1252.5288,1345.7988333333335,1371.9593333333332,1402.81005
2021-04-13,1242.76,1241.4,1259.04,1239.46,1021683.87,star50,科创50,1253.2135,1251.1664,1343.3111666666666,1370.3165833333335,1402.5713999999998
2021-04-14,1243.24,1254.71,1258.17,1243.24,1138840.36,star50,科创50,1254.9305,1252.1492,1340.8026666666667,1369.0045833333336,1402.38935
2021-04-15,1250.36,1264.16,1266.58,1245.18,1198954.38,star50,科创50,1256.3115000000003,1253.406,1338.4151666666664,1367.6544166666667,1402.1982999999998
2021-04-16,1265.15,1274.7,1279.29,1255.84,1335545.36,star50,科创50,1257.981,1253.702,1335.5390000000002,1366.6354166666667,1401.94605
2021-04-19,1273.08,1299.01,1300.54,1268.99,1673052.04,star50,科创50,1261.367,1255.2096000000001,1333.0628333333334,1365.989,1401.5850500000001
2021-04-20,1295.61,1290.5,1304.76,1290.02,1617733.29,star50,科创50,1263.7540000000001,1257.894,1329.8836666666668,1365.6054166666665,1401.0016
2021-04-21,1285.31,1286.86,1291.53,1275.61,1354532.96,star50,科创50,1266.2735,1260.5536,1327.266,1365.0283333333332,1400.3144999999997
2021-04-22,1288.58,1305.18,1308.34,1288.58,1325430.57,star50,科创50,1270.4599999999998,1263.2992000000002,1324.3281666666664,1364.3569166666668,1399.8322
2021-04-23,1303.29,1311.83,1318.3,1300.1,1172945.09,star50,科创50,1275.066,1266.12,1321.4873333333333,1363.5715833333334,1399.1519
2021-04-26,1315.51,1314.91,1335.47,1313.06,2015841.98,star50,科创50,1277.9785,1269.4648,1318.6306666666667,1362.762,1398.5270500000001
2021-04-27,1310.66,1311.91,1316.2,1297.27,1433022.85,star50,科创50,1281.0355,1272.2308,1315.5191666666667,1362.0786666666668,1397.90135
2021-04-28,1318.55,1324.24,1326.01,1304.33,1269629.82,star50,科创50,1284.8305,1275.7416,1312.9489999999998,1361.43975,1397.3296
2021-04-29,1320.89,1324.05,1337.85,1312.94,1494305.4,star50,科创50,1288.6165,1279.8455999999999,1310.7103333333332,1360.3984166666667,1396.25785
2021-04-30,1319.01,1322.24,1327.37,1313.83,1812213.44,star50,科创50,1291.391,1283.9468,1309.0545,1359.2595833333332,1395.0081
2021-05-06,1321.21,1310.13,1322.68,1298.91,1435736.4,star50,科创50,1291.9015,1286.0855999999999,1307.1906666666666,1357.8825,1393.5592
2021-05-07,1311.66,1263.9,1315.75,1263.69,1602941.35,star50,科创50,1290.2655,1286.6108,1304.5643333333333,1356.40275,1391.54445
2021-05-10,1262.48,1254.49,1265.8,1249.49,1488203.71,star50,科创50,1288.051,1286.8568,1301.5048333333334,1354.4805833333332,1389.5427499999998
2021-05-11,1243.81,1258.11,1260.82,1240.2,1192370.04,star50,科创50,1286.3635,1287.248,1298.9708333333333,1352.9484166666666,1387.2233999999999
2021-05-12,1254.74,1270.91,1273.69,1251.81,1312706.29,star50,科创50,1286.337,1287.4144000000001,1296.9176666666667,1351.9100833333334,1385.07005
2021-05-13,1257.87,1275.48,1287.92,1257.87,1420646.85,star50,科创50,1287.936,1286.4368,1295.3623333333335,1350.7616666666665,1383.3872999999999
2021-05-14,1277.97,1300.54,1301.37,1273.96,1496624.41,star50,科创50,1290.893,1286.5936,1293.9966666666667,1349.6254166666665,1382.5410000000002
2021-05-17,1303.08,1328.92,1338.29,1301.06,1747210.19,star50,科创50,1294.6035000000002,1287.7992000000002,1292.3506666666665,1348.6418333333336,1381.9686000000002
2021-05-18,1330.47,1321.64,1332.32,1316.38,1290098.41,star50,科创50,1297.4775000000002,1288.9904000000001,1290.4276666666667,1347.7320833333333,1381.2816500000001
2021-05-19,1320.68,1326.14,1335.25,1318.16,1256949.35,star50,科创50,1300.0495,1291.1784,1288.701,1346.9563333333333,1380.4615
2021-05-20,1322.05,1329.79,1339.97,1321.04,1299748.24,star50,科创50,1301.5885,1294.63,1287.0656666666666,1346.0719166666668,1379.6243000000002
2021-05-21,1334.6,1315.21,1341.28,1314.4,1505741.36,star50,科创50,1302.824,1297.5824,1285.8205,1345.1093333333336,1378.72965
2021-05-24,1314.79,1330.87,1333.42,1304.64,1609869.98,star50,科创50,1305.0245,1300.6288,1284.8261666666667,1344.3824166666668,1378.43745
2021-05-25,1329.68,1370.12,1371.59,1329.68,1803236.96,star50,科创50,1308.2715,1304.8672,1284.9008333333334,1344.0271666666667,1378.4154499999997
2021-05-26,1371.78,1364.04,1375.81,1360.59,1676950.31,star50,科创50,1310.882,1308.4408,1285.1396666666665,1343.8245,1378.23295
2021-05-27,1362.95,1397.77,1400.38,1361.01,2885859.62,star50,科创50,1315.025,1312.3912,1286.3426666666667,1343.9283333333333,1377.8372
2021-05-28,1395.43,1386.04,1414.61,1381.45,2164641.52,star50,科创50,1318.7315,1316.2128,1286.8076666666666,1343.9139166666669,1377.40345
2021-05-31,1398.19,1442.67,1442.67,1398.19,2388637.07,star50,科创50,1324.6529999999998,1322.4451999999999,1288.318166666667,1344.3905,1377.0519
2021-06-01,1437.32,1460.54,1467.94,1432.97,3159742.51,star50,科创50,1331.4775,1328.6596,1290.0038333333332,1344.8596666666667,1376.2405500000002
2021-06-02,1461.74,1426.85,1465.16,1423.45,2707879.79,star50,科创50,1336.708,1333.2604000000001,1291.7153333333335,1345.0126666666667,1375.5445000000002
2021-06-03,1425.8,1414.53,1438.64,1410.12,2045244.52,star50,科创50,1341.928,1337.2451999999998,1293.1268333333333,1345.0435,1374.67405
2021-06-04,1406.31,1431.52,1445.14,1405.51,2186028.04,star50,科创50,1350.309,1342.0295999999998,1295.7278333333334,1345.2655833333333,1373.9623000000001
2021-06-07,1443.86,1433.56,1451.39,1425.11,2633241.19,star50,科创50,1359.2625,1346.4024,1299.1181666666669,1345.4936666666665,1373.4960999999998
2021-06-08,1443.74,1419.08,1446.38,1411.23,2363102.14,star50,科创50,1367.3110000000001,1350.2035999999998,1302.2238333333332,1345.66325,1372.9135
2021-06-09,1420.31,1427.32,1442.16,1417.77,2067887.76,star50,科创50,1375.1315,1354.4068,1304.8908333333334,1346.18225,1372.5909
2021-06-10,1427.87,1450.4,1455.83,1426.49,2779995.22,star50,科创50,1383.8775,1360.0176000000001,1308.0421666666666,1346.9340833333333,1372.5497
2021-06-11,1453.6,1436.28,1455.66,1433.06,3139378.66,star50,科创50,1390.6645,1366.9128,1311.5903333333333,1347.5450833333334,1372.38995
2021-06-15,1442.09,1448.2,1467.47,1435.05,2468902.53,star50,科创50,1396.6285,1374.6612,1315.3875,1348.1545833333332,1372.2107500000002
2021-06-16,1452.95,1406.47,1454.92,1404.69,2269828.53,star50,科创50,1400.87,1380.5955999999999,1318.2196666666669,1348.5153333333333,1371.7611
2021-06-17,1409.05,1473.51,1477.05,1409.05,3783995.56,star50,科创50,1408.2385,1388.6996,1322.0896666666667,1349.5851666666667,1371.5661000000002
2021-06-18,1475.21,1494.7,1499.82,1474.68,3202433.23,star50,科创50,1416.484,1397.4684,1326.4798333333333,1350.679666666667,1371.6795000000002
2021-06-21,1485.66,1528.13,1529.28,1482.49,2916197.77,star50,科创50,1427.1299999999999,1406.5720000000001,1331.236,1352.0714999999998,1372.10725
2021-06-22,1531.52,1523.36,1534.43,1506.31,2636882.35,star50,科创50,1436.7545,1414.3496000000002,1336.0175000000002,1353.1939166666666,1372.4854999999998
2021-06-23,1530.64,1534.3,1551.92,1516.69,3111912.99,star50,科创50,1444.9635,1422.856,1341.2316666666668,1354.6579166666666,1372.90365
2021-06-24,1531.24,1504.81,1537.58,1496.94,2505630.79,star50,科创50,1452.002,1430.0027999999998,1345.9833333333333,1355.7263333333333,1373.2892
2021-06-25,1505.29,1534.85,1536.5,1502.89,2807654.54,star50,科创50,1458.856,1438.2052,1350.6198333333332,1357.2833333333333,1374.0469
2021-06-28,1538.02,1562.98,1579.22,1536.71,2828585.84,star50,科创50,1467.703,1448.1159999999998,1355.8233333333335,1359.0599166666666,1374.774
2021-06-29,1567.88,1562.08,1576.87,1546.68,2396724.54,star50,科创50,1473.6735,1457.3644,1361.0523333333333,1360.9188333333332,1375.5162000000003
2021-06-30,1564.32,1588.22,1603.35,1558.96,3154459.1,star50,科创50,1480.0575000000001,1466.0883999999999,1366.7171666666666,1363.0084166666666,1376.3410999999999
2021-07-01,1587.53,1579.8,1594.11,1569.9,2788407.91,star50,科创50,1487.7050000000002,1474.7187999999996,1371.9346666666668,1364.8158333333336,1377.10685
2021-07-02,1563.83,1538.16,1564.88,1527.2,2637687.07,star50,科创50,1493.8865,1480.3344,1375.9053333333334,1366.02525,1377.6829
2021-07-05,1545.68,1575.89,1581.07,1545.68,2801804.05,star50,科创50,1501.105,1487.9284,1380.5598333333332,1367.3066666666666,1378.55165
2021-07-06,1580.28,1532.79,1584.69,1510.71,3053579.89,star50,科创50,1506.0665000000001,1491.5332,1384.4599999999998,1368.2035833333334,1379.2642
2021-07-07,1523.83,1570.03,1573.15,1519.41,2759692.23,star50,科创50,1513.614,1495.9128,1389.0961666666667,1369.4953333333333,1380.3308499999998
2021-07-08,1577.5,1610.77,1616.7,1577.41,3279945.6,star50,科创50,1522.7865,1503.2696000000003,1394.7516666666666,1371.4022499999999,1381.66165
2021-07-09,1598.28,1583.71,1602.0,1556.58,2553282.74,star50,科创50,1529.452,1510.0368000000003,1400.4218333333333,1373.1103333333333,1383.0898000000002
2021-07-12,1593.57,1601.61,1611.6,1576.72,2726764.7,star50,科创50,1537.7185,1516.8404,1406.4253333333334,1374.86825,1384.6969
2021-07-13,1602.12,1590.98,1621.71,1573.78,2601576.89,star50,科创50,1544.8574999999998,1523.1372000000001,1412.0298333333333,1376.41625,1386.08925
2021-07-14,1579.03,1556.72,1585.6,1556.69,2205857.86,star50,科创50,1552.3700000000001,1528.6428,1416.9058333333335,1377.6604999999997,1387.1325
2021-07-15,1549.28,1560.7,1567.27,1536.9,2401388.12,star50,科创50,1556.7295,1533.9779999999998,1421.6725,1378.60575,1388.1130000000003
2021-07-16,1568.17,1525.23,1569.25,1523.64,2775001.21,star50,科创50,1558.2559999999999,1536.9712,1425.4428333333333,1379.2528333333332,1388.9908000000003
2021-07-19,1514.83,1514.18,1530.59,1503.11,2650438.07,star50,科创50,1557.5585,1540.0872,1429.1708333333333,1379.5272499999999,1389.64375
2021-07-20,1505.08,1522.63,1529.27,1501.92,2041918.68,star50,科创50,1557.5220000000002,1543.0644,1433.1003333333333,1380.1831666666667,1390.2374
2021-07-21,1528.6,1565.64,1576.77,1527.6,2691883.82,star50,科创50,1559.0890000000002,1549.4312,1437.4413333333334,1380.88475,1391.07685
2021-07-22,1570.49,1582.13,1584.32,1549.45,3383589.85,star50,科创50,1562.955,1553.776,1441.9463333333333,1381.7168333333332,1392.0370500000001
2021-07-23,1593.31,1563.49,1593.7,1548.39,3052487.46,star50,科创50,1564.3870000000002,1556.5276000000001,1446.0893333333333,1382.3600000000001,1392.735
2021-07-26,1559.84,1556.98,1566.68,1496.65,4258197.23,star50,科创50,1564.087,1557.6816000000001,1450.1738333333333,1382.8464999999999,1393.54525
2021-07-27,1556.93,1545.29,1627.85,1541.36,7374109.55,star50,科创50,1563.2475,1558.5587999999998,1453.8580000000002,1383.4035000000001,1394.4515999999996
2021-07-28,1532.42,1518.7,1555.25,1476.59,4978661.97,star50,科创50,1559.7715,1557.9348,1457.1021666666668,1383.90625,1395.35035
2021-07-29,1554.13,1588.47,1598.34,1545.11,4575620.0,star50,科创50,1560.205,1561.2812000000004,1461.5393333333334,1385.2969166666664,1396.3429
2021-07-30,1582.58,1591.22,1608.96,1570.45,4539331.35,star50,科创50,1562.858,1563.536,1466.2241666666666,1386.7074166666666,1397.205
2021-08-02,1594.03,1599.47,1619.36,1572.11,4703182.83,star50,科创50,1564.037,1564.9956,1471.817,1388.1906666666666,1397.87255
2021-08-03,1586.35,1564.19,1593.03,1558.1,4229138.1,star50,科创50,1565.607,1565.08,1476.9786666666666,1389.24175,1398.2406
2021-08-04,1566.45,1605.89,1608.5,1564.46,3496257.44,star50,科创50,1567.4,1565.7867999999999,1482.775,1390.8729166666667,1398.7820499999998
2021-08-05,1606.65,1604.81,1616.05,1584.31,3683289.53,star50,科创50,1567.102,1566.7872,1488.3400000000001,1392.6288333333332,1399.36275
2021-08-06,1630.3,1586.67,1639.19,1575.42,4216382.53,star50,科创50,1567.25,1568.7276000000002,1493.5265,1394.4444166666665,1400.02715
2021-08-09,1567.44,1574.44,1582.92,1548.69,3178352.21,star50,科创50,1565.8915000000002,1568.6696,1498.0915,1396.0440833333332,1400.7067000000002
2021-08-10,1574.01,1588.19,1592.83,1569.28,3435645.27,star50,科创50,1565.752,1570.8856,1502.4126666666668,1397.3816666666667,1401.5869
2021-08-11,1589.43,1578.79,1593.15,1564.97,2948450.43,star50,科创50,1566.8555000000001,1571.236,1506.6985,1398.5630833333335,1402.34995
2021-08-12,1572.15,1586.5,1604.73,1570.35,2797001.88,star50,科创50,1568.1455,1570.2652000000003,1511.0378333333333,1399.8694166666667,1403.29755
2021-08-13,1580.12,1552.78,1588.23,1549.68,3332210.47,star50,科创50,1569.523,1569.0279999999998,1514.7543333333333,1400.91,1404.17855
2021-08-16,1547.39,1547.93,1566.0,1535.35,2567163.33,star50,科创50,1571.2105,1566.8808,1518.6330000000003,1402.22675,1405.2355500000003
2021-08-17,1544.4,1509.25,1555.45,1506.72,2439983.99,star50,科创50,1570.5415,1563.6116,1521.606,1403.2160833333332,1406.00125
2021-08-18,1514.46,1507.99,1530.24,1501.18,2205343.49,star50,科创50,1567.659,1561.6624,1523.9038333333333,1404.4023333333332,1406.6124499999999
2021-08-19,1509.72,1546.11,1553.16,1508.17,2566232.98,star50,科创50,1565.8580000000002,1561.0788,1526.9383333333333,1406.039,1407.31265
2021-08-20,1537.91,1529.09,1557.11,1514.07,2549585.44,star50,科创50,1564.1380000000001,1561.2332000000001,1529.127,1407.7348333333332,1407.8978
2021-08-23,1534.39,1564.11,1568.84,1524.2,2403202.01,star50,科创50,1564.4945,1563.2304000000001,1532.0948333333333,1409.4512500000003,1408.7488
2021-08-24,1567.7,1578.03,1586.52,1550.88,2651868.19,star50,科创50,1566.1315,1565.4464,1534.3508333333332,1411.3345000000002,1409.6344
2021-08-25,1573.74,1542.78,1574.4,1535.09,2670028.5,star50,科创50,1567.3355,1564.5320000000002,1535.7214999999999,1412.8626666666669,1410.1032500000001
2021-08-26,1546.32,1497.34,1555.04,1494.89,2881524.59,star50,科创50,1562.779,1561.1403999999998,1536.8963333333334,1414.3058333333333,1410.2954499999998
2021-08-27,1491.34,1480.31,1506.65,1476.56,2660488.99,star50,科创50,1557.2334999999998,1557.8132,1537.9926666666665,1415.5597500000001,1410.3201
2021-08-30,1487.9,1471.46,1508.78,1463.4,3213278.33,star50,科创50,1550.833,1554.3924,1538.6583333333333,1417.193083333333,1410.4700500000001
2021-08-31,1463.13,1441.17,1463.56,1423.51,3075396.56,star50,科创50,1544.682,1550.2276000000002,1538.7851666666668,1418.9516666666668,1410.2501499999998
2021-09-01,1437.26,1424.66,1438.38,1400.16,2968492.08,star50,科创50,1535.6205,1546.4660000000001,1538.8781666666666,1420.5510000000002,1410.1636
2021-09-02,1416.16,1399.48,1424.17,1395.51,2513722.79,star50,科创50,1525.3539999999998,1538.9063999999998,1538.4141666666667,1421.6525,1410.18345
2021-09-03,1399.47,1400.89,1415.24,1382.64,2754737.92,star50,科创50,1516.065,1531.2931999999998,1537.5890000000002,1422.8155833333333,1410.1214499999999
2021-09-06,1398.24,1439.0,1441.71,1393.54,2228395.68,star50,科创50,1509.2930000000001,1524.8744,1537.6343333333336,1424.6123333333335,1410.132
2021-09-07,1435.73,1438.57,1443.34,1426.03,1961250.79,star50,科创50,1501.8120000000001,1519.8496,1537.4738333333332,1426.4306666666669,1410.0901000000001
2021-09-08,1439.66,1412.72,1439.66,1408.72,2061860.98,star50,科创50,1493.5085,1512.1228,1537.578,1427.8988333333334,1409.99965
2021-09-09,1414.07,1402.19,1425.28,1393.61,2277798.02,star50,科创50,1484.2930000000001,1504.0180000000003,1536.3893333333333,1429.2395,1409.91445
2021-09-10,1398.33,1426.81,1431.71,1392.21,2753404.99,star50,科创50,1477.9945,1497.6236,1535.2578333333333,1430.8688333333334,1409.8689
2021-09-13,1426.54,1384.43,1426.76,1384.02,2311703.77,star50,科创50,1469.8195,1490.0232,1532.8628333333334,1432.0494166666665,1409.63745
2021-09-14,1384.28,1396.67,1414.09,1383.41,2261559.79,star50,科创50,1464.1905000000002,1482.3624,1530.7513333333334,1433.3844166666668,1409.5303
2021-09-15,1395.61,1384.52,1395.99,1378.95,1768496.81,star50,科创50,1458.017,1474.5916,1528.2549999999999,1434.7433333333333,1409.3891499999997
2021-09-16,1378.18,1351.43,1380.16,1347.9,2071482.45,star50,科创50,1448.283,1465.1888000000001,1525.6986666666667,1435.8410000000001,1409.2044999999998
2021-09-17,1349.34,1349.68,1360.91,1332.1,1960210.56,star50,科创50,1439.3125,1457.0648,1522.6125,1436.6161666666667,1409.02635
2021-09-22,1338.01,1355.28,1361.21,1335.5,1818481.23,star50,科创50,1428.871,1449.3588,1519.1508333333331,1437.4870833333332,1408.8638999999998
2021-09-23,1359.67,1363.79,1376.57,1354.21,1672292.08,star50,科创50,1418.159,1443.5404,1515.8460000000002,1438.4491666666665,1408.7554499999999
2021-09-24,1362.98,1375.0,1390.5,1359.85,1869470.14,star50,科创50,1409.77,1438.2208,1512.2923333333335,1439.50475,1408.60925
2021-09-27,1386.52,1368.69,1397.18,1354.2,1944758.87,star50,科创50,1403.3375,1431.1240000000003,1508.7738333333334,1440.35425,1408.41025
2021-09-28,1362.33,1354.1,1379.59,1350.79,1597093.37,star50,科创50,1397.027,1424.1244,1505.7061666666666,1440.80575,1408.1266
2021-09-29,1344.89,1345.77,1356.64,1336.51,1924417.49,star50,科创50,1390.7424999999998,1415.3908,1501.8708333333334,1441.2153333333333,1407.8311
2021-09-30,1348.65,1368.72,1371.49,1348.65,1448579.23,star50,科创50,1387.1200000000001,1407.0184,1499.1363333333334,1441.7981666666667,1407.64375
2021-10-08,1378.53,1364.46,1388.02,1361.04,1541231.36,star50,科创50,1384.1100000000001,1399.8856,1495.7101666666667,1442.4031666666667,1407.4724
2021-10-11,1367.21,1349.77,1377.31,1348.05,1513014.76,star50,科创50,1381.6245000000001,1393.9828000000002,1491.3601666666666,1443.055916666667,1407.3960499999998
2021-10-12,1348.22,1319.39,1355.92,1312.44,1624645.85,star50,科创50,1377.5494999999999,1387.546,1486.9548333333332,1443.6883333333333,1407.1921
2021-10-13,1322.89,1344.76,1349.17,1322.89,1565538.36,star50,科创50,1372.8375,1382.4779999999998,1482.674,1444.5496666666666,1407.1011
2021-10-14,1346.99,1347.27,1356.21,1339.56,1300761.15,star50,科创50,1368.2725,1378.7220000000002,1478.6121666666666,1445.321,1406.9621500000003
2021-10-15,1349.4,1363.16,1367.23,1341.75,1580866.73,star50,科创50,1365.7945000000002,1376.2619999999997,1475.3861666666667,1446.146,1406.9620499999999
2021-10-18,1366.55,1352.58,1366.55,1338.89,1593947.84,star50,科创50,1363.3139999999999,1374.386,1471.9175,1446.7950000000003,1406.9993
2021-10-19,1355.07,1366.79,1369.16,1352.01,1363856.19,star50,科创50,1360.313,1373.0220000000002,1469.2768333333333,1447.3598333333332,1407.0164499999998
2021-10-20,1370.21,1373.59,1381.06,1363.65,1571714.92,star50,科创50,1359.7710000000002,1370.4056,1466.9336666666668,1448.05225,1407.07885
2021-10-21,1374.65,1362.4,1379.19,1355.93,1533767.83,star50,科创50,1358.0575,1367.3588,1464.2631666666666,1448.6817500000002,1406.9475
2021-10-22,1367.06,1368.14,1379.19,1359.27,2044367.22,star50,科创50,1357.2385,1365.5756,1460.9714999999999,1449.2064166666667,1406.9951
2021-10-25,1366.21,1380.31,1381.24,1359.63,1735638.75,star50,科创50,1358.6825,1364.7004000000002,1457.6078333333332,1449.7770833333334,1407.0136499999999
2021-10-26,1379.79,1376.13,1389.48,1372.66,1774272.93,star50,科创50,1360.0049999999999,1362.6732000000002,1454.4851666666666,1450.28725,1407.1542499999998
2021-10-27,1371.79,1361.82,1374.36,1354.3,2184986.84,star50,科创50,1360.3319999999999,1361.7688,1451.2325000000003,1450.7031666666667,1407.2144
2021-10-28,1359.07,1356.37,1371.17,1354.72,1956515.54,star50,科创50,1359.9609999999998,1360.1568,1448.0838333333334,1450.9709166666667,1407.3011999999999
2021-10-29,1363.25,1396.2,1398.42,1355.37,2409817.7,star50,科创50,1361.021,1360.624,1446.0421666666666,1451.5721666666666,1407.5948500000002
2021-11-01,1398.59,1404.21,1415.58,1392.4,2349330.12,star50,科创50,1362.797,1362.7351999999998,1442.9711666666667,1452.25525,1407.8013499999997
2021-11-02,1405.87,1405.64,1423.93,1395.7,2819338.44,star50,科创50,1365.3740000000003,1364.9735999999998,1439.8781666666666,1453.0511666666666,1407.8644
2021-11-03,1408.2,1399.55,1416.47,1386.4,2098887.87,star50,科创50,1368.063,1366.7444,1436.5461666666665,1454.1815833333335,1407.75155
2021-11-04,1404.66,1410.74,1420.33,1404.66,2038347.96,star50,科创50,1370.164,1368.6224,1433.9886666666666,1455.4836666666667,1407.67945
2021-11-05,1416.24,1396.74,1418.88,1396.03,2172884.95,star50,科创50,1371.778,1369.4919999999997,1430.5028333333332,1456.6389166666665,1407.5880500000003
2021-11-08,1398.57,1400.8,1401.05,1381.62,2005434.16,star50,科创50,1374.3295,1370.7764000000002,1427.1026666666667,1457.7213333333334,1407.68235
2021-11-09,1404.89,1420.51,1422.9,1397.82,2502743.27,star50,科创50,1379.3854999999999,1373.4328,1424.3333333333333,1458.9299166666667,1407.8912
2021-11-10,1417.66,1420.45,1423.31,1398.88,2386315.68,star50,科创50,1383.1699999999998,1376.42,1421.7668333333334,1459.9291666666666,1408.04015
2021-11-11,1418.48,1437.15,1443.6,1416.18,2986363.69,star50,科创50,1387.664,1379.1572,1419.2494999999997,1460.8310833333333,1408.1998
2021-11-12,1432.71,1440.16,1444.41,1425.58,2913610.06,star50,科创50,1391.514,1382.1852000000001,1416.9389999999999,1461.81875,1408.36355
2021-11-15,1441.41,1432.6,1448.03,1429.32,2296383.31,star50,科创50,1395.5149999999999,1385.4984,1414.374,1462.7059166666666,1408.2902
2021-11-16,1428.48,1421.27,1438.61,1418.2,2055118.45,star50,科创50,1398.239,1389.5736,1412.1821666666667,1463.4682500000001,1408.1586500000003
2021-11-17,1420.99,1436.16,1438.8,1414.12,1812232.0,star50,科创50,1401.3674999999998,1393.2296000000001,1410.3193333333331,1464.4761666666666,1407.9332000000002
2021-11-18,1433.51,1423.97,1433.64,1417.17,1854732.96,star50,科创50,1404.4460000000001,1396.2976,1408.898,1465.252,1407.83345
2021-11-19,1424.76,1444.78,1447.19,1424.76,1940821.86,star50,科创50,1408.2779999999998,1399.5624000000003,1407.8445,1465.8741666666667,1407.6501
2021-11-22,1449.45,1479.99,1483.48,1449.38,2722068.12,star50,科创50,1413.2620000000002,1404.6588000000002,1406.7425,1466.8404166666664,1407.6386499999999
2021-11-23,1477.67,1476.25,1485.8,1473.55,2420503.34,star50,科创50,1418.268,1409.0372,1405.8618333333334,1467.4944166666667,1407.58835
2021-11-24,1477.96,1472.22,1489.71,1471.62,2274515.37,star50,科创50,1423.788,1412.9824,1404.3303333333336,1468.2125833333332,1407.4564500000001
2021-11-25,1472.64,1468.07,1477.74,1465.64,2073798.13,star50,科创50,1429.373,1417.2092000000002,1402.4976666666666,1468.42425,1407.4045500000002
2021-11-26,1466.36,1459.93,1470.53,1450.93,2002441.94,star50,科创50,1432.5595,1420.8808000000001,1401.1168333333335,1468.4191666666666,1407.41235
2021-11-29,1448.5,1471.23,1474.44,1444.3,2416956.64,star50,科创50,1435.9105000000002,1424.5176,1400.6816666666666,1468.789,1407.6605499999998
2021-11-30,1477.8,1475.71,1479.93,1463.15,2150293.88,star50,科创50,1439.414,1428.5007999999998,1400.605,1469.2988333333333,1407.9293000000002
2021-12-01,1473.52,1456.48,1479.09,1452.75,1915389.59,star50,科创50,1442.2604999999999,1432.2872,1400.3553333333334,1469.5068333333334,1408.1043
2021-12-02,1454.74,1429.5,1458.08,1427.98,1882169.45,star50,科创50,1443.1985,1435.2124,1400.1608333333331,1469.4730000000002,1408.0615
2021-12-03,1432.23,1444.83,1444.99,1431.59,2070180.94,star50,科创50,1445.603,1437.1576,1400.497,1469.6875833333331,1408.2349000000002
2021-12-06,1444.93,1405.77,1445.16,1405.51,2143150.65,star50,科创50,1445.8515,1437.22,1400.6018333333334,1469.5080000000003,1408.2932499999997
2021-12-07,1413.0,1389.44,1415.05,1380.51,1931767.91,star50,科创50,1444.298,1436.5720000000001,1400.4109999999998,1469.0,1408.39645
2021-12-08,1394.99,1415.37,1416.69,1394.99,1900681.27,star50,科创50,1444.044,1437.2048000000002,1400.0171666666668,1468.82575,1408.5609
2021-12-09,1417.34,1434.52,1438.49,1410.15,2592607.43,star50,科创50,1443.9125,1438.156,1399.9496666666666,1468.71175,1408.5951
2021-12-10,1431.85,1435.7,1442.62,1425.0,3874003.12,star50,科创50,1443.6895,1439.7144,1400.3326666666667,1468.9553333333336,1408.5885
2021-12-13,1439.19,1445.71,1450.83,1434.15,2561892.86,star50,科创50,1444.345,1441.5108000000002,1401.058,1468.7236666666665,1408.6683500000001
2021-12-14,1445.05,1439.47,1451.68,1435.89,1926378.74,star50,科创50,1445.255,1442.2691999999997,1401.269,1468.2634166666664,1408.72615
2021-12-15,1439.12,1424.9,1443.55,1424.77,1926027.85,star50,科创50,1444.692,1442.4472,1401.9435,1467.4031666666667,1408.9010500000002
2021-12-16,1425.53,1425.93,1436.06,1419.7,1775541.1,star50,科创50,1444.79,1441.9984,1402.4311666666665,1466.5912500000002,1409.0780500000003
2021-12-17,1426.79,1399.06,1430.39,1395.64,1942680.68,star50,科创50,1442.5040000000001,1440.3544,1402.6735,1465.4642500000002,1409.2451500000002
2021-12-20,1389.18,1363.96,1401.34,1363.11,2052235.51,star50,科创50,1436.7024999999999,1437.6088,1402.8823333333335,1464.2905,1409.3164
2021-12-21,1366.27,1374.65,1378.49,1363.97,1661277.65,star50,科创50,1431.6225,1435.744,1403.2985,1462.9555,1409.5617000000002
2021-12-22,1378.31,1375.03,1386.24,1373.53,1515653.88,star50,科创50,1426.763,1433.2988,1403.6276666666668,1461.38925,1409.6461500000003
2021-12-23,1375.83,1375.97,1380.15,1366.99,1451665.16,star50,科创50,1422.158,1431.3787999999997,1403.8306666666665,1459.8383333333334,1409.7658
2021-12-24,1375.18,1358.73,1378.3,1353.65,1630218.52,star50,科创50,1417.098,1427.9368,1403.5594999999998,1457.9259166666668,1409.76245
2021-12-27,1356.41,1355.64,1369.21,1349.11,1342783.29,star50,科创50,1411.3184999999999,1422.9628,1403.342,1456.0579166666664,1409.9198499999998
2021-12-28,1355.65,1369.62,1370.31,1355.65,1323696.09,star50,科创50,1406.014,1418.6976000000002,1403.6006666666667,1454.6534166666668,1410.11875
2021-12-29,1370.49,1356.21,1370.49,1352.0,1288042.94,star50,科创50,1401.0005,1414.0572,1403.7746666666667,1452.82275,1410.5225
2021-12-30,1355.97,1375.56,1381.44,1355.41,1461676.49,star50,科创50,1398.3035,1410.3568,1403.8886666666667,1451.5125,1411.2495999999999
2021-12-31,1384.28,1398.19,1399.75,1383.84,1746652.38,star50,科创50,1395.9715,1407.8872000000001,1404.450833333333,1450.0805,1412.07685
2022-01-04,1403.39,1364.99,1405.51,1361.43,2305360.84,star50,科创50,1393.9325000000001,1403.6376,1404.7045,1448.0323333333333,1412.5653
2022-01-05,1364.01,1333.33,1365.77,1328.29,2054154.51,star50,科创50,1391.127,1397.9424000000001,1404.9368333333334,1445.9458333333334,1412.92535
2022-01-06,1327.7,1320.94,1331.43,1309.9,1755662.33,star50,科创50,1386.4055,1392.5208000000002,1404.5398333333333,1443.6069166666666,1413.4131
2022-01-07,1322.89,1305.49,1331.91,1305.14,1783158.03,star50,科创50,1379.9540000000002,1387.5604,1403.8435,1441.2278333333334,1413.8387
2022-01-10,1306.6,1318.27,1323.15,1291.41,1782000.75,star50,科创50,1374.0825,1382.4979999999998,1403.0953333333334,1439.2407500000002,1414.24735
2022-01-11,1317.92,1294.4,1317.93,1291.51,1695863.44,star50,科创50,1366.517,1378.0432,1402.1256666666668,1437.0215833333334,1414.5128
2022-01-12,1298.62,1316.35,1317.52,1298.62,1743012.61,star50,科创50,1360.3609999999999,1375.1196,1401.285,1435.2809166666666,1414.9381000000003
2022-01-13,1319.19,1294.65,1319.19,1294.65,1700527.89,star50,科创50,1353.8485,1370.2907999999998,1399.9693333333335,1433.4515,1415.19755
2022-01-14,1289.38,1312.29,1316.33,1288.85,2215187.46,star50,科创50,1348.1665,1365.4016000000001,1399.1341666666667,1431.6986666666667,1415.5766499999997
2022-01-17,1317.39,1338.32,1341.17,1313.62,2199861.14,star50,科创50,1345.1295,1361.5063999999998,1398.6371666666666,1429.8043333333335,1416.1609999999998
2022-01-18,1340.41,1342.36,1362.48,1328.4,2273902.95,star50,科创50,1344.0495,1357.3724,1398.0046666666667,1427.80625,1416.7742500000002
2022-01-19,1340.71,1324.09,1343.3,1318.31,1662278.99,star50,科创50,1341.5215,1352.7572,1397.1373333333333,1425.81125,1417.1113999999998
2022-01-20,1326.64,1306.02,1329.81,1304.69,1702964.26,star50,科创50,1338.071,1348.0020000000002,1396.207333333333,1423.7199166666667,1417.3876500000001
2022-01-21,1304.16,1290.41,1308.44,1288.78,1869001.92,star50,科创50,1333.7930000000001,1342.5811999999999,1395.108,1421.5959166666667,1417.598
2022-01-24,1286.14,1307.74,1311.51,1285.04,1819019.37,star50,科创50,1331.2435,1338.9284,1393.6336666666668,1419.8379166666668,1417.8950499999999
2022-01-25,1303.93,1277.0,1311.73,1276.2,1907159.0,star50,科创50,1327.3115,1335.45,1391.5135,1417.2423333333334,1417.9462999999998
2022-01-26,1281.51,1276.36,1289.41,1261.95,1630927.84,star50,科创50,1322.6485,1331.5184,1389.3588333333332,1414.6185,1417.8285
2022-01-27,1274.63,1240.55,1280.25,1239.49,1753624.14,star50,科创50,1316.8654999999999,1326.1392,1386.7088333333336,1411.6275,1417.54815
2022-01-28,1253.94,1229.22,1255.19,1229.22,1551733.15,star50,科创50,1309.5485,1320.2691999999997,1383.6834999999999,1408.8360833333334,1417.20035
2022-02-07,1247.58,1233.62,1263.97,1230.7,1421715.29,star50,科创50,1301.32,1315.2648000000002,1380.9648333333332,1405.7338333333332,1416.9091499999997
2022-02-08,1233.66,1204.05,1233.66,1191.49,1563285.91,star50,科创50,1293.273,1309.2012,1377.6856666666667,1402.3941666666665,1416.5722
2022-02-09,1204.24,1210.29,1212.45,1195.09,1499083.35,star50,科创50,1287.1209999999999,1302.828,1374.182,1399.2576666666669,1416.4061499999998
2022-02-10,1214.98,1188.2,1215.28,1182.4,1812965.3,star50,科创50,1280.484,1296.1076,1370.3111666666666,1396.0390000000002,1416.1401500000002
2022-02-11,1182.87,1169.59,1188.52,1168.9,1687300.11,star50,科创50,1273.6889999999999,1287.8688,1365.8518333333334,1392.5506666666668,1415.71455
2022-02-14,1161.84,1169.44,1179.89,1148.7,1338539.77,star50,科创50,1266.2475,1278.7187999999999,1361.3398333333332,1389.1394166666666,1415.24095
2022-02-15,1172.77,1203.12,1204.34,1171.68,1647383.86,star50,科创50,1261.6834999999999,1272.244,1357.5151666666668,1385.9445833333334,1414.88305
2022-02-16,1210.42,1197.56,1211.55,1195.97,1181411.06,star50,科创50,1255.7440000000001,1266.8131999999998,1353.7866666666666,1382.9844166666667,1414.3757999999998
2022-02-17,1196.6,1207.82,1217.47,1191.45,1434037.65,star50,科创50,1251.4025,1262.2884,1349.981,1380.1501666666668,1413.9624
2022-02-18,1200.34,1204.37,1206.01,1195.24,1331421.38,star50,科创50,1246.0065,1258.2435999999998,1346.3210000000001,1377.6095,1413.5499499999999
2022-02-21,1207.15,1193.6,1212.49,1191.84,1456113.52,star50,科创50,1238.7705,1253.2568,1342.1346666666666,1374.9895833333333,1412.99205
2022-02-22,1184.84,1183.98,1186.78,1168.57,1633863.46,star50,科创50,1230.8515,1248.84,1337.2011666666665,1371.9718333333333,1412.3528
2022-02-23,1182.42,1231.08,1233.44,1181.4,2322761.3,star50,科创50,1226.2009999999998,1245.4292,1333.115,1369.4884166666668,1411.93365
2022-02-24,1226.95,1214.99,1240.35,1199.07,2433315.93,star50,科创50,1221.6495,1242.2428,1328.8278333333333,1366.5790833333333,1411.44905
2022-02-25,1231.54,1240.88,1253.46,1230.61,1975666.71,star50,科创50,1219.173,1239.3864,1325.0413333333336,1363.7694999999999,1411.03225
2022-02-28,1243.98,1249.59,1249.59,1230.65,2156087.79,star50,科创50,1216.2655,1235.8372,1321.5356666666667,1361.3262499999998,1410.65995
2022-03-01,1254.57,1239.02,1259.68,1232.09,1762914.41,star50,科创50,1214.3664999999999,1231.7035999999998,1317.6655,1359.1735833333332,1410.24385
2022-03-02,1233.1,1230.28,1233.92,1216.47,1490622.14,star50,科创50,1212.0625,1227.9512,1313.575,1357.09,1409.8446000000001
2022-03-03,1235.96,1209.82,1237.2,1208.82,1726799.64,star50,科创50,1210.526,1224.1032,1309.464,1354.9096666666667,1409.5742
2022-03-04,1201.12,1203.09,1228.19,1197.83,1758402.39,star50,科创50,1209.2195,1220.6104,1305.6905,1352.9256666666665,1409.3172
2022-03-07,1198.01,1169.98,1198.01,1164.98,1901070.08,star50,科创50,1206.0375,1215.1,1301.1096666666667,1350.8033333333333,1408.87655
2022-03-08,1167.59,1137.08,1179.2,1135.52,2414422.32,star50,科创50,1202.6889999999999,1209.5031999999999,1296.6315,1348.6166666666666,1408.2074
2022-03-09,1148.18,1129.65,1156.4,1097.07,2753929.06,star50,科创50,1198.657,1203.6348,1292.3016666666667,1346.3563333333334,1407.4782500000001
2022-03-10,1161.99,1153.36,1168.14,1149.42,2465658.5,star50,科创50,1196.915,1200.1472,1287.9348333333332,1343.9759999999999,1406.7423499999998
2022-03-11,1137.61,1161.21,1162.6,1125.34,2621609.79,star50,科创50,1196.4959999999999,1197.4268,1283.379666666667,1341.6646666666666,1405.9038
2022-03-14,1151.97,1126.28,1154.7,1126.26,2247694.57,star50,科创50,1194.338,1193.1332,1278.2226666666668,1339.2776666666664,1404.927
2022-03-15,1115.19,1093.43,1142.81,1093.43,2836715.67,star50,科创50,1188.8535,1188.7084,1272.3513333333333,1336.704666666667,1403.76345
2022-03-16,1115.84,1125.48,1128.12,1070.77,2888873.85,star50,科创50,1185.2495,1185.3159999999998,1267.1181666666666,1334.1935833333332,1402.7419
2022-03-17,1144.98,1142.71,1163.51,1138.01,2996237.24,star50,科创50,1181.9940000000001,1183.4964,1262.415,1332.17925,1401.8794
2022-03-18,1136.98,1144.32,1144.32,1124.85,1961700.1,star50,科创50,1178.9915,1182.4856,1257.7214999999999,1330.0763333333334,1400.94665
2022-03-21,1143.55,1152.33,1160.71,1137.81,2082383.77,star50,科创50,1176.9279999999999,1181.8011999999999,1253.6093333333333,1328.1414166666666,1399.8577000000002
2022-03-22,1145.08,1134.32,1149.47,1131.88,1839397.77,star50,科创50,1174.445,1179.0492,1249.782,1326.3321666666666,1398.7091
2022-03-23,1138.73,1144.09,1150.2,1130.22,1634121.99,star50,科创50,1170.0955,1176.9104,1245.9393333333333,1324.6189166666668,1397.4406999999999
2022-03-24,1135.85,1134.57,1141.76,1121.64,1574074.25,star50,科创50,1166.0745,1173.9804,1241.9316666666668,1322.7796666666666,1396.18335
2022-03-25,1137.8,1106.86,1140.92,1106.36,1602709.55,star50,科创50,1159.3735,1170.08,1237.4465000000002,1320.6385833333334,1394.5042999999998
2022-03-28,1097.87,1090.73,1101.33,1085.27,1450974.72,star50,科创50,1151.4305,1165.9651999999999,1232.9798333333335,1318.2696666666666,1392.65525
2022-03-29,1097.36,1079.93,1099.24,1078.34,1398627.53,star50,科创50,1143.476,1161.8031999999998,1228.3846666666664,1315.8633333333335,1390.92065
2022-03-30,1084.76,1112.52,1112.63,1084.76,1618272.87,star50,科创50,1137.588,1157.0608,1224.0996666666665,1313.8501666666666,1389.4106000000002
2022-03-31,1109.55,1091.06,1109.55,1086.99,1606409.49,star50,科创50,1131.65,1152.1036,1219.6805,1311.7275833333333,1387.7083000000002
2022-04-01,1085.31,1089.19,1095.46,1074.79,1448344.46,star50,科创50,1125.955,1146.0359999999998,1214.9076666666665,1309.3981666666666,1385.98645
2022-04-06,1087.76,1058.49,1087.76,1054.7,1881249.46,star50,科创50,1120.3805,1138.392,1209.246,1306.8484166666667,1384.1835
2022-04-07,1050.43,1036.07,1059.36,1036.07,1678890.9,star50,科创50,1115.3300000000002,1130.2740000000001,1203.764,1304.23425,1382.2272500000001
2022-04-08,1032.84,1027.24,1039.1,1017.18,1650744.55,star50,科创50,1110.2095,1122.1524,1198.6625,1301.7996666666666,1380.11145
2022-04-11,1022.91,988.76,1022.91,985.59,1902675.04,star50,科创50,1101.9795,1113.31,1193.1261666666664,1298.8329999999999,1377.8738500000002
2022-04-12,987.45,994.44,994.83,970.05,1651166.61,star50,科创50,1093.641,1104.964,1187.942,1295.89275,1375.6050500000001
2022-04-13,989.66,964.83,989.66,964.83,1350494.4,star50,科创50,1085.5685,1096.758,1182.0513333333333,1292.5733333333333,1373.39685
2022-04-14,972.24,975.57,982.7,961.54,1714628.59,star50,科创50,1079.6755,1090.2976,1176.7374999999997,1289.4315833333333,1370.90715
2022-04-15,968.91,973.36,980.15,955.77,1541255.24,star50,科创50,1072.0695,1084.046,1171.021,1286.153,1368.3004499999997
2022-04-18,969.06,1004.61,1005.89,964.49,1694079.67,star50,科创50,1065.1644999999999,1078.096,1166.1869999999997,1283.0781666666667,1365.6828500000001
2022-04-19,1002.98,989.93,1010.58,987.77,1382969.93,star50,科创50,1057.445,1071.2448,1160.8143333333333,1279.9742499999998,1363.0157000000002
2022-04-20,988.75,973.51,992.47,973.05,1280572.98,star50,科创50,1048.5040000000001,1065.134,1154.7341666666666,1276.6856666666667,1360.2117500000002
2022-04-21,968.48,957.72,989.25,954.84,1685147.53,star50,科创50,1039.674,1059.7056,1148.3235,1273.1640833333333,1357.4763
2022-04-22,953.64,942.07,959.73,940.26,1502890.82,star50,科创50,1029.5729999999999,1052.3692,1141.9565,1269.5469166666667,1354.5123999999998
2022-04-25,924.96,884.3,924.96,884.3,2329353.86,star50,科创50,1017.0595000000001,1042.0328,1134.9278333333334,1265.5675833333332,1351.119
2022-04-26,884.18,868.07,901.76,865.65,2092079.91,star50,科创50,1005.1200000000001,1030.9828,1127.8888333333334,1261.4984166666666,1347.6489499999998
2022-04-27,857.38,906.43,910.07,853.21,2372278.68,star50,科创50,995.9050000000001,1021.1468000000001,1121.2003333333332,1257.417,1344.24
2022-04-28,899.66,903.06,908.45,885.25,2147136.91,star50,科创50,987.0615,1011.8964,1114.968,1253.24075,1340.8563000000001
2022-04-29,910.14,947.15,949.06,902.58,2418939.0,star50,科创50,978.793,1004.0188,1109.4811666666667,1249.4199999999998,1337.90125
2022-05-05,944.55,956.13,967.25,944.06,2306439.53,star50,科创50,972.0465,996.8812000000001,1104.7408333333333,1245.7248333333332,1334.80245
2022-05-06,933.01,942.23,960.04,929.82,1755901.33,star50,科创50,964.6985000000001,990.296,1099.9576666666665,1241.8205833333334,1331.8496499999999
2022-05-09,938.39,946.72,953.6,937.43,1603950.69,star50,科创50,959.1099999999999,984.5355999999999,1095.176,1238.0704166666667,1328.7331
2022-05-10,935.06,972.14,983.68,931.58,2178714.41,star50,科创50,955.9135,980.224,1091.3108333333334,1234.4982499999999,1325.5399499999999
2022-05-11,974.54,1002.46,1026.49,972.86,2754439.02,star50,科创50,954.6745000000001,975.8216,1087.847,1231.0145000000002,1322.6336999999999
2022-05-12,999.54,1013.06,1021.96,996.47,2011076.08,star50,科创50,955.8894999999999,972.7015999999999,1084.928,1227.6195833333334,1319.69095
2022-05-13,1020.39,1010.8,1021.37,1002.27,1697873.41,star50,科创50,956.7075000000001,969.566,1082.2815,1224.0666666666666,1316.79005
2022-05-16,1016.94,996.51,1025.6,995.25,1773900.39,star50,科创50,958.2914999999999,967.0867999999999,1079.3993333333333,1220.3695833333334,1313.989
2022-05-17,995.97,1010.37,1013.95,993.38,1886231.18,star50,科创50,960.0314999999998,966.0587999999999,1076.1868333333334,1216.8509999999999,1311.23735
2022-05-18,1011.53,1014.0,1023.93,1007.57,1734876.19,star50,科创50,962.0634999999999,965.5292,1073.1274999999998,1213.4570833333335,1308.6812
2022-05-19,1002.66,1036.34,1036.67,999.4,2170723.0,star50,科创50,963.65,967.4323999999999,1070.2694999999999,1210.12525,1306.292
2022-05-20,1045.69,1045.38,1049.04,1028.95,2207609.81,star50,科创50,966.4225,969.47,1067.6196666666667,1206.9703333333334,1303.90575
2022-05-23,1044.18,1046.15,1050.06,1033.79,2002307.71,star50,科创50,970.0545,972.7228,1065.1621666666667,1203.6484166666667,1301.3083
2022-05-24,1045.01,996.65,1045.03,996.65,2587625.0,star50,科创50,972.001,973.5659999999999,1062.04,1199.6205833333333,1298.3808999999999
2022-05-25,996.75,1006.52,1008.58,991.97,1721443.01,star50,科创50,975.2234999999998,974.8924,1058.2973333333332,1195.7061666666668,1295.59605
2022-05-26,1006.1,1004.26,1014.85,986.42,1689204.32,star50,科创50,981.2215,974.8784,1054.7851666666668,1191.8065,1292.8324499999999
2022-05-27,1008.06,993.7,1015.46,988.21,1698407.94,star50,科创50,987.5029999999999,975.0292,1050.6655,1187.8534166666666,1290.0745
2022-05-30,995.96,1001.54,1007.12,984.28,1915873.66,star50,科创50,992.2584999999999,976.1504,1046.5313333333334,1184.0335000000002,1287.4887
2022-05-31,1004.08,1035.32,1035.32,991.75,3172392.46,star50,科创50,998.8715,979.2544,1043.1363333333334,1180.4009166666667,1284.72295
2022-06-01,1029.09,1031.58,1038.7,1024.76,2803365.01,star50,科创50,1003.0930000000001,982.8348000000001,1039.8246666666666,1176.6998333333333,1281.9247500000001
2022-06-02,1028.69,1079.85,1081.92,1023.99,4333626.44,star50,科创50,1009.2789999999999,990.6568,1037.6585,1173.56125,1279.32665
2022-06-06,1084.66,1121.54,1130.76,1081.45,4640004.16,star50,科创50,1018.2445,1000.7955999999999,1036.2993333333334,1170.9949166666665,1277.1134
2022-06-07,1124.16,1111.4,1124.52,1104.43,3367303.49,star50,科创50,1026.4785,1008.9944,1035.323,1168.2163333333335,1274.64095
2022-06-08,1108.59,1111.67,1126.46,1091.68,2892851.42,star50,科创50,1033.455,1017.3388,1034.8995,1165.7655,1272.17525
2022-06-09,1108.93,1081.17,1109.73,1073.66,2597796.69,star50,科创50,1037.3905,1022.6995999999999,1034.0915,1163.1965833333334,1269.64775
2022-06-10,1074.07,1102.85,1103.15,1072.18,4166523.7,star50,科创50,1041.88,1028.5683999999999,1033.2496666666666,1160.5922500000001,1267.2898
2022-06-13,1088.76,1088.38,1094.79,1080.39,3537999.78,star50,科创50,1045.759,1034.4144000000001,1032.0358333333334,1157.70775,1264.79075
2022-06-14,1073.75,1070.54,1076.82,1039.0,3740946.63,star50,科创50,1049.4605,1039.3672,1031.1068333333335,1154.66475,1262.2495
2022-06-15,1069.94,1062.71,1085.88,1061.46,3600207.95,star50,科创50,1052.0775,1042.99,1030.5948333333333,1151.4730833333333,1259.6305499999999
2022-06-16,1065.69,1078.95,1094.7,1065.44,3011199.44,star50,科创50,1055.325,1046.0495999999998,1029.8193333333334,1148.46875,1257.2614
2022-06-17,1070.62,1092.09,1094.27,1066.17,3299868.0,star50,科创50,1058.1125,1049.2108,1028.9756666666667,1145.6953333333333,1254.9822
2022-06-20,1099.46,1095.33,1109.74,1086.75,3490743.14,star50,科创50,1060.6100000000001,1052.5919999999999,1028.1591666666666,1142.9403333333332,1252.9126
2022-06-21,1094.33,1083.02,1098.9,1073.5,3413289.55,star50,科创50,1062.4535,1056.0524,1027.004,1140.3066666666666,1250.78775
2022-06-22,1084.71,1063.69,1090.02,1063.59,3110467.35,star50,科创50,1065.8055,1058.1852000000001,1025.8268333333333,1137.8044166666666,1248.37565
2022-06-23,1064.73,1081.84,1083.1,1054.91,3051190.82,star50,科创50,1069.5715,1060.8988,1024.7893333333334,1135.3643333333334,1246.1394
2022-06-24,1084.61,1101.48,1107.33,1084.61,3374570.99,star50,科创50,1074.4325,1063.5044,1024.2378333333334,1133.0847500000002,1243.82625
2022-06-27,1113.22,1103.4,1121.45,1101.32,3675787.67,star50,科创50,1079.9175,1065.8252,1024.1801666666665,1130.8133333333333,1241.4531
2022-06-28,1105.11,1117.28,1119.18,1084.59,3608098.83,star50,科创50,1085.7045,1068.6704,1024.6226666666666,1128.80125,1239.3256
2022-06-29,1112.59,1090.68,1121.24,1089.25,3561841.74,star50,科创50,1088.4725,1072.4316000000001,1024.8018333333334,1126.5932500000001,1237.2923
2022-06-30,1092.46,1105.67,1116.95,1090.5,3365766.38,star50,科创50,1092.1770000000001,1076.3976,1024.6876666666667,1124.3936666666668,1235.4191
2022-07-01,1105.97,1089.03,1107.86,1086.25,3674076.85,star50,科创50,1092.636,1079.7884,1024.6538333333333,1122.1671666666666,1233.50695
2022-07-04,1087.34,1095.09,1098.64,1073.04,3950759.54,star50,科创50,1091.3135,1083.844,1024.7521666666667,1119.8299166666666,1231.77655
2022-07-05,1100.18,1090.93,1106.99,1077.35,3321180.76,star50,科创50,1090.2900000000002,1087.4196000000002,1025.2928333333334,1117.2694166666665,1230.1079
2022-07-06,1092.7,1101.75,1116.14,1091.41,3284101.26,star50,科创50,1089.794,1090.0768,1026.3875,1115.07575,1228.61925
2022-07-07,1103.78,1111.67,1113.73,1087.59,3139913.85,star50,科创50,1091.319,1093.2803999999999,1027.7946666666667,1113.2285833333335,1227.17315
2022-07-08,1117.18,1104.02,1120.87,1100.55,2863540.73,star50,科创50,1091.3775,1094.2472,1029.7156666666667,1111.4209166666667,1225.4982499999999
2022-07-11,1098.67,1081.16,1098.67,1070.66,2817168.12,star50,科创50,1091.0165,1092.632,1031.161,1109.5515,1223.7112
2022-07-12,1081.9,1049.24,1084.94,1049.21,2602142.42,star50,科创50,1089.9515000000001,1090.1456,1032.5678333333333,1107.3095833333332,1221.8937999999998
2022-07-13,1051.78,1052.79,1061.41,1041.65,2525526.67,star50,科创50,1089.4555,1087.7904,1033.8548333333333,1105.2961666666667,1220.1468
2022-07-14,1052.43,1076.81,1086.33,1049.65,2898869.82,star50,科创50,1089.3485,1087.616,1035.579,1103.3,1218.3968
2022-07-15,1072.99,1072.26,1093.82,1071.97,2527506.57,star50,科创50,1088.3570000000002,1086.3924,1036.7065,1101.44675,1216.83595
2022-07-18,1075.71,1069.33,1078.3,1053.35,3094644.13,star50,科创50,1087.057,1085.6304,1038.0298333333333,1099.4220833333334,1215.1992500000001
2022-07-19,1068.69,1061.85,1073.06,1052.95,2850353.59,star50,科创50,1085.9985,1085.2828,1039.5021666666667,1097.1181666666666,1213.5859
2022-07-20,1066.2,1079.53,1082.62,1066.2,2622833.51,star50,科创50,1086.7905,1085.9556,1041.5323333333333,1094.9279166666668,1212.2264
2022-07-21,1080.65,1091.41,1109.54,1075.67,3624161.35,star50,科创50,1087.269,1086.4540000000002,1044.0213333333334,1092.9889166666665,1210.93505
2022-07-22,1099.62,1084.97,1101.37,1076.35,2782866.58,star50,科创50,1086.4435,1086.1692,1047.3658333333333,1091.1468333333335,1209.5835
2022-07-25,1082.62,1073.76,1095.69,1070.81,2460302.25,star50,科创50,1084.9615,1085.3064,1050.794,1089.3414166666666,1208.1333499999998
2022-07-26,1072.54,1084.66,1087.86,1066.13,2667264.45,star50,科创50,1083.3305,1085.372,1053.7645,1087.4824166666667,1206.68165
2022-07-27,1083.67,1095.7,1098.37,1083.32,2725636.47,star50,科创50,1083.5815,1086.6524,1056.9751666666666,1085.9715833333332,1205.3167
2022-07-28,1102.44,1108.79,1116.16,1094.66,3282049.7,star50,科创50,1083.7375,1087.7304000000001,1059.6691666666668,1084.5751666666665,1204.09015
2022-07-29,1113.08,1088.91,1113.32,1086.71,2538296.67,star50,科创50,1083.7315,1087.2276000000002,1061.8821666666668,1083.3115,1202.80585
2022-08-01,1081.62,1100.18,1100.96,1068.19,2770214.72,star50,科创50,1083.986,1087.0988,1064.5146666666667,1082.2361666666668,1201.46315
2022-08-02,1084.98,1094.91,1107.24,1074.97,3573009.65,star50,科创50,1084.185,1086.2040000000002,1066.9845,1081.08025,1200.1154000000001
2022-08-03,1099.44,1100.35,1127.0,1090.61,4332724.27,star50,科创50,1084.115,1086.5908,1069.1213333333333,1080.2160833333332,1198.8682999999999
2022-08-04,1106.15,1110.92,1119.5,1099.1,3089983.52,star50,科创50,1084.0775,1086.8008,1070.9289999999999,1079.388,1197.82595
2022-08-05,1115.02,1157.33,1158.51,1112.92,4618204.58,star50,科创50,1086.743,1089.5328,1073.3335,1079.13075,1196.8888
2022-08-08,1161.04,1152.58,1161.04,1144.32,4235986.15,star50,科创50,1090.3139999999999,1091.8324,1075.6965,1078.989,1195.91535
2022-08-09,1152.91,1162.32,1163.7,1141.34,3898550.89,star50,科创50,1095.968,1094.688,1078.46,1078.9296666666667,1194.9111500000001
2022-08-10,1154.17,1156.16,1170.52,1152.97,3706962.29,star50,科创50,1101.1365,1096.8644,1080.8898333333334,1078.5383333333332,1193.92905
2022-08-11,1163.54,1173.14,1176.06,1150.98,3563010.38,star50,科创50,1105.953,1099.3232,1083.5421666666666,1078.3348333333333,1192.9608
2022-08-12,1169.66,1146.19,1174.4,1146.02,2950962.16,star50,科创50,1109.6495,1101.01,1085.373,1077.82125,1191.8238000000001
2022-08-15,1145.02,1143.75,1155.45,1138.06,2883078.84,star50,科创50,1113.3705,1103.5136,1087.0125,1077.3160833333334,1190.73055
2022-08-16,1143.7,1137.3,1154.43,1134.21,2976090.93,star50,科创50,1117.143,1107.0359999999998,1088.5316666666668,1076.8469166666666,1189.57635
2022-08-17,1136.8,1132.31,1140.66,1127.89,2963718.52,star50,科创50,1119.782,1110.2168000000001,1090.7926666666667,1076.4163333333333,1188.33635
2022-08-18,1132.6,1146.63,1148.38,1129.32,3528308.33,star50,科创50,1122.5430000000001,1113.0096,1093.1278333333332,1075.7125833333334,1187.18885
2022-08-19,1146.33,1108.45,1155.78,1108.16,4409685.52,star50,科创50,1123.717,1114.4572,1094.8643333333334,1074.82475,1185.922
2022-08-22,1103.15,1107.28,1111.4,1096.99,3520066.74,star50,科创50,1125.393,1115.9752,1096.7573333333335,1073.7114166666665,1184.67655
2022-08-23,1109.25,1107.3,1117.71,1105.68,2777314.46,star50,科创50,1126.525,1117.7932,1098.52,1072.5256666666667,1183.2320499999998
2022-08-24,1110.01,1068.98,1112.75,1068.98,3162474.08,star50,科创50,1125.1889999999999,1117.3712,1099.081,1071.1086666666665,1181.5559
2022-08-25,1071.98,1055.89,1077.66,1044.77,2729849.26,star50,科创50,1122.5439999999999,1115.9504,1099.4861666666666,1069.6554166666667,1179.80715
2022-08-26,1064.71,1045.99,1069.26,1044.4,2279837.55,star50,科创50,1120.398,1114.3912,1098.9218333333333,1068.2901666666667,1178.03935
2022-08-29,1032.04,1054.28,1058.72,1029.89,2878619.57,star50,科创50,1118.1029999999998,1113.612,1097.8008333333335,1067.0500833333333,1176.25705
2022-08-30,1054.26,1050.28,1064.76,1047.73,2392004.42,star50,科创50,1115.8715,1112.2368000000001,1096.7821666666666,1066.0525833333334,1174.52475
2022-08-31,1048.4,1029.66,1057.84,1023.47,2710980.21,star50,科创50,1112.337,1109.5952,1095.4153333333334,1065.1574166666667,1172.66905
2022-09-01,1032.78,1025.66,1041.92,1023.54,2613958.18,star50,科创50,1108.074,1106.27,1094.4901666666667,1064.2908333333332,1170.6948000000002
2022-09-02,1027.47,1030.12,1040.46,1022.58,2475024.93,star50,科创50,1101.7135,1103.9184,1093.278,1063.2638333333334,1168.74315
2022-09-05,1030.6,1024.39,1034.95,1018.56,2634220.6,star50,科创50,1095.304,1100.8868,1092.2115000000001,1062.1236666666666,1166.6793499999999
2022-09-06,1025.86,1035.78,1038.97,1016.65,2722983.32,star50,科创50,1088.9769999999999,1098.5215999999998,1091.6321666666668,1061.3695,1164.65745
2022-09-07,1032.02,1049.58,1065.17,1031.9,2870024.3,star50,科创50,1083.648,1096.4908,1091.4133333333332,1061.0040833333335,1162.74235
2022-09-08,1050.32,1040.77,1054.74,1040.05,2298621.55,star50,科创50,1077.0295,1093.6848,1090.777,1060.2981666666667,1160.83985
2022-09-09,1039.59,1033.78,1042.11,1022.68,2161855.0,star50,科创50,1071.409,1088.7428,1089.8051666666665,1059.3904166666666,1158.8279499999999
2022-09-13,1034.5,1031.17,1046.18,1028.77,2001101.59,star50,科创50,1065.7800000000002,1083.8864,1088.7358333333334,1058.4475,1156.86395
2022-09-14,1018.07,1031.3,1033.45,1016.87,1927936.8,star50,科创50,1060.48,1078.6456,1087.8738333333333,1057.4389166666667,1154.79655
2022-09-15,1035.76,1000.08,1037.63,990.85,2888894.67,star50,科创50,1053.8685,1072.4024,1086.8136666666667,1056.32025,1152.3970000000002
2022-09-16,997.36,998.52,1018.72,997.36,2497458.53,star50,科创50,1046.463,1065.4176,1085.425,1055.1071666666667,1150.00835
2022-09-19,997.53,975.55,1003.15,970.87,2251571.21,star50,科创50,1039.8179999999998,1058.5919999999999,1083.3261666666667,1053.782,1147.525
2022-09-20,982.37,985.15,997.22,977.27,2061724.73,star50,科创50,1033.7115,1052.248,1081.3553333333334,1052.76775,1145.1104
2022-09-21,980.62,970.39,983.8,968.71,1970718.93,star50,科创50,1026.866,1045.5716,1078.9071666666666,1051.7649166666665,1142.6627
2022-09-22,964.96,975.87,986.43,963.89,1763697.45,star50,科创50,1022.2104999999999,1039.3139999999999,1076.9936666666665,1050.89775,1140.1859
2022-09-23,975.58,960.94,984.11,956.11,2165903.52,star50,科创50,1017.4630000000001,1031.8864,1074.5815,1049.6345833333332,1137.61205
2022-09-26,955.04,961.83,978.49,952.18,2078896.84,star50,科创50,1013.2549999999999,1026.0215999999998,1072.4615000000001,1048.5576666666666,1135.1388
2022-09-27,963.49,976.45,976.45,959.2,2116590.73,star50,科创50,1009.3635,1020.7883999999999,1070.4841666666666,1047.6181666666666,1132.87355
2022-09-28,973.47,956.19,977.66,955.32,1791062.69,star50,科创50,1004.659,1014.7440000000001,1068.2385000000002,1046.7656666666667,1130.43035
2022-09-29,962.45,961.47,970.11,955.61,1849813.27,star50,科创50,1001.2494999999999,1010.4436000000001,1065.9005000000002,1046.144,1128.20885
2022-09-30,956.4,939.38,961.89,937.86,1786436.51,star50,科创50,996.9354999999999,1005.7832000000001,1063.029,1045.4118333333333,1125.95855
2022-10-10,933.02,897.34,934.96,895.2,2278138.61,star50,科创50,990.2965,999.8372,1059.5843333333332,1044.65,1123.3684
2022-10-11,898.37,892.74,904.47,889.45,2092808.42,star50,科创50,983.7139999999999,993.3756,1056.444,1043.8025,1120.6595
2022-10-12,890.29,924.91,926.19,871.45,2718473.21,star50,科创50,978.1705000000002,988.3607999999999,1054.3718333333334,1043.4698333333333,1118.10555
2022-10-13,917.4,926.52,942.87,916.37,2471873.24,star50,科创50,972.0174999999999,984.2351999999998,1052.2673333333335,1043.0610833333333,1115.5096
2022-10-14,936.42,954.92,961.5,925.93,3456919.52,star50,科创50,967.725,981.4055999999999,1050.2358333333334,1042.9074166666667,1113.08685
2022-10-17,948.64,963.22,964.95,946.94,3108377.19,star50,科创50,964.1970000000001,978.7296000000001,1048.4185,1042.5625,1110.77845
2022-10-18,964.97,960.0,968.13,952.99,2473815.97,star50,科创50,960.6385,976.1540000000001,1046.5963333333334,1042.3130833333332,1108.4488
2022-10-19,957.73,949.5,963.11,949.5,2422821.83,star50,科创50,956.5485000000001,972.7028000000001,1044.7238333333332,1042.113,1106.201
2022-10-20,944.16,963.95,976.71,938.33,3296684.26,star50,科创50,954.742,969.2775999999999,1042.7975,1042.1649166666668,1104.20095
2022-10-21,961.48,967.98,972.81,951.67,3024322.56,star50,科创50,953.2149999999999,966.3659999999999,1040.7403333333334,1042.3808333333334,1102.1676
2022-10-24,967.56,969.49,989.65,960.62,3071168.6,star50,科创50,952.912,963.7944,1038.8156666666666,1043.09075,1100.1399000000001
2022-10-25,962.97,971.33,984.48,955.57,2930993.2,star50,科创50,952.2210000000001,961.4008,1037.1085,1043.9512499999998,1098.1167
2022-10-26,972.45,1003.25,1010.98,963.36,3743083.01,star50,科创50,953.8640000000001,960.2788,1035.7516666666668,1044.7580833333334,1096.3392999999999
2022-10-27,1008.71,1004.91,1021.56,995.55,4138659.02,star50,科创50,955.3160000000001,960.4720000000001,1034.2385,1045.6068333333333,1094.58565
2022-10-28,996.61,993.72,1015.42,989.23,3895787.74,star50,科创50,956.9549999999999,960.28,1032.3206666666667,1045.9949166666668,1092.70615
2022-10-31,991.89,1010.33,1022.23,991.89,4428040.8,star50,科创50,959.3800000000001,961.6712000000001,1031.011,1046.4465833333334,1090.9767499999998
2022-11-01,1011.96,1024.52,1029.64,1000.97,4028960.98,star50,科创50,961.7835000000001,963.2460000000001,1029.75,1047.1323333333335,1089.22155
2022-11-02,1020.07,1037.18,1046.82,1017.99,4190214.74,star50,科创50,965.833,965.9176000000001,1028.7878333333333,1047.8861666666667,1087.4165
2022-11-03,1028.43,1048.07,1055.12,1027.04,3759979.41,star50,科创50,970.1630000000001,968.8056000000001,1027.9165,1048.5189166666667,1085.8319000000001
2022-11-04,1048.89,1072.87,1077.49,1048.89,3956616.15,star50,科创50,976.8375,973.2828,1027.2823333333333,1049.1056666666668,1084.5296
2022-11-07,1070.14,1061.35,1080.79,1058.13,3562502.65,star50,科创50,985.0379999999999,977.2636,1025.6826666666666,1049.5080833333334,1083.2316500000002
2022-11-08,1061.71,1051.71,1062.72,1040.87,2700419.87,star50,科创50,992.9865000000002,980.2740000000001,1024.0014999999999,1049.849,1081.96275
2022-11-09,1049.72,1037.53,1053.14,1036.95,2343890.44,star50,科创50,998.6175,983.5275999999999,1021.9216666666666,1050.1908333333333,1080.55905
2022-11-10,1033.13,1023.06,1044.72,1021.11,2585425.45,star50,科创50,1003.4445,985.9911999999999,1019.7033333333334,1050.2965833333333,1079.20235
2022-11-11,1053.86,1023.26,1059.76,1023.26,3424747.19,star50,科创50,1006.8615,989.3464,1017.2053333333333,1050.37375,1077.7369
2022-11-14,1021.41,1022.91,1031.71,1012.67,3145272.08,star50,科创50,1009.8459999999999,994.3692,1015.1506666666667,1050.2618333333332,1076.3782
2022-11-15,1022.04,1052.04,1054.36,1021.14,3946417.35,star50,科创50,1014.448,1000.7412,1013.6221666666667,1050.3173333333334,1075.07695
2022-11-16,1052.41,1036.49,1054.34,1034.2,2734881.84,star50,科创50,1018.7974999999999,1005.2044000000001,1011.9419999999999,1050.2368333333334,1073.5678
2022-11-17,1029.31,1041.67,1041.75,1015.05,3066426.39,star50,科创50,1022.6835000000001,1009.8104000000001,1010.4313333333333,1050.612,1072.0643499999999
2022-11-18,1039.85,1031.99,1045.95,1030.74,3235674.88,star50,科创50,1025.884,1012.8932,1008.5206666666668,1050.82425,1070.6038500000002
2022-11-21,1023.9,1032.47,1032.95,1020.06,2516825.16,star50,科创50,1029.033,1015.6632,1007.2543333333334,1051.0593333333334,1069.2361
2022-11-22,1029.5,1017.82,1030.37,1015.14,3432003.48,star50,科创50,1031.3574999999998,1017.9759999999999,1005.7633333333334,1051.2603333333334,1067.87315
2022-11-23,1014.74,1017.02,1021.91,994.5,3273035.85,star50,科创50,1032.0459999999998,1020.6768,1004.2586666666666,1051.3893333333333,1066.41955
2022-11-24,1019.18,1015.36,1024.24,1013.48,2879463.93,star50,科创50,1032.5684999999999,1022.7332000000001,1003.365,1051.223,1065.11135
2022-11-25,1012.8,999.99,1012.8,999.84,2947828.54,star50,科创50,1032.882,1024.0136,1002.4333333333333,1050.95975,1063.7295000000001
2022-11-28,983.59,992.81,997.9,980.76,2983372.09,star50,科创50,1032.0059999999999,1024.9464,1001.5470000000001,1050.2344166666667,1062.4908
2022-11-29,995.34,1002.45,1003.61,988.07,3168636.2,star50,科创50,1030.9025,1026.1912,1000.6831666666666,1049.242,1061.3569499999999
2022-11-30,999.61,1000.26,1003.73,991.49,3077889.27,star50,科创50,1029.0565,1026.0716,999.8495,1048.3158333333333,1060.19015
2022-12-01,1008.71,1009.33,1017.01,1004.32,3084518.41,star50,科创50,1027.1195,1026.2484,999.5106666666667,1047.4630000000002,1059.21655
2022-12-02,1005.63,1008.14,1021.4,1005.16,2948412.0,star50,科创50,1023.883,1026.8252,999.2186666666665,1046.8544166666666,1058.2058
2022-12-05,1011.28,1003.6,1011.29,999.49,3925537.65,star50,科创50,1020.9955,1026.5559999999998,998.7766666666668,1046.0273333333332,1057.2828
2022-12-06,1003.31,1003.14,1014.33,999.52,3842281.46,star50,科创50,1018.567,1025.7008,998.4225,1045.317,1056.45055
2022-12-07,999.28,1000.47,1008.85,996.94,3287630.14,star50,科创50,1016.7139999999999,1024.2323999999999,997.8340000000001,1044.7330833333333,1055.6056999999998
2022-12-08,999.75,997.31,1005.88,995.88,3659584.09,star50,科创50,1015.4265000000001,1022.202,996.9628333333334,1044.1880833333332,1054.57665
2022-12-09,998.74,1001.69,1004.36,992.63,6088980.39,star50,科创50,1014.348,1019.3548,996.3115,1043.54425,1053.5973
2022-12-12,1000.29,1004.62,1011.76,996.23,3903176.37,star50,科创50,1013.4335000000001,1017.0856000000001,995.8255,1042.8153333333335,1052.5812999999998
2022-12-13,1002.54,989.31,1004.21,989.18,3022278.31,star50,科创50,1010.2969999999999,1014.5895999999999,995.1278333333335,1041.9318333333333,1051.5059999999999
2022-12-14,1003.57,984.22,1004.74,983.09,3266898.56,star50,科创50,1007.6835000000001,1012.4572000000001,994.3431666666667,1041.1085,1050.4590999999998
2022-12-15,985.15,989.2,992.97,979.53,2420035.4,star50,科创50,1005.0600000000001,1011.1028000000001,994.1618333333333,1040.48775,1049.4852
2022-12-16,984.25,978.36,985.87,973.7,2680629.84,star50,科创50,1002.3785,1009.3068,993.8258333333334,1039.6254166666668,1048.2215999999999
2022-12-19,973.6,956.19,980.47,954.02,2543419.26,star50,科创50,998.5645000000001,1006.638,993.5031666666666,1038.4146666666668,1046.9276
2022-12-20,955.08,952.77,959.96,950.47,2250868.48,star50,科创50,995.3120000000001,1002.6672,992.9635,1037.1594166666666,1045.48705
2022-12-21,950.56,940.84,954.62,937.52,1810951.66,star50,科创50,991.503,998.8412000000001,992.4709999999999,1035.6890833333334,1043.9433
2022-12-22,944.57,930.8,946.04,928.91,2121058.91,star50,科创50,987.275,994.4064,991.7198333333333,1034.35675,1042.4022
2022-12-23,925.14,920.35,930.06,915.35,2040232.47,star50,科创50,983.293,989.9408,991.0433333333333,1032.8124166666666,1040.85255
2022-12-26,920.74,951.11,951.66,920.56,2553547.02,star50,科创50,981.208,986.6864,990.8646666666666,1031.6630833333334,1039.5590000000002
2022-12-27,951.86,963.14,965.49,947.17,2368372.43,star50,科创50,979.2425,984.4992,990.6428333333333,1030.5635,1038.35925
2022-12-28,960.39,957.27,963.36,955.49,2007107.0,star50,科创50,977.0930000000001,982.1092,990.6608333333334,1029.4496666666666,1037.2957
2022-12-29,956.1,962.25,970.57,954.74,1975230.02,star50,科创50,974.7389999999999,979.9848,990.6738333333334,1028.2871666666667,1036.42155
2022-12-30,963.29,959.9,971.04,958.99,1795900.04,star50,科创50,972.327,978.3812000000001,991.0158333333333,1027.0224166666667,1035.5728
2023-01-03,960.51,979.91,982.24,956.7,2522453.77,star50,科创50,971.1425000000002,977.8652000000001,992.392,1025.9881666666668,1034.70555
2023-01-04,982.03,972.38,983.84,966.29,2321619.41,star50,科创50,969.6045,976.6624,993.7193333333332,1025.0816666666667,1033.7614
2023-01-05,972.61,983.52,985.82,969.32,2598134.94,star50,科创50,968.757,975.9928,994.6961666666667,1024.534,1033.0476
2023-01-06,985.99,991.1,1003.05,984.02,3438375.31,star50,科创50,968.4465,975.2636,995.7724999999999,1024.0199166666666,1032.53595
2023-01-09,994.74,988.67,1000.07,986.17,2530880.59,star50,科创50,967.7955,974.4848,996.3349999999999,1023.2854166666667,1031.8519000000001
2023-01-10,989.85,990.32,998.16,985.22,2124064.46,star50,科创50,967.0804999999998,973.9536,996.7866666666666,1022.6025833333334,1031.08995
2023-01-11,990.15,973.96,993.47,973.56,2184618.19,star50,科创50,966.3130000000001,972.7864,997.0193333333333,1021.8078333333334,1030.2381500000001
2023-01-12,978.36,974.19,979.36,971.5,2229529.48,star50,科创50,965.8115,971.7352000000001,997.4308333333333,1021.0773333333333,1029.34745
2023-01-13,976.58,974.31,977.06,967.11,2037772.39,star50,科创50,965.067,970.8152,997.6034999999999,1020.2005,1028.5474000000002
2023-01-16,972.7,992.61,1000.27,971.9,3580937.41,star50,科创50,965.7795,970.452,998.0139999999999,1019.3771666666667,1027.79
2023-01-17,994.64,1003.68,1006.59,993.45,2423561.38,star50,科创50,968.1539999999999,970.4143999999999,998.5838333333334,1018.69975,1027.13555
2023-01-18,1006.69,1006.75,1009.87,1001.75,1973210.23,star50,科创50,970.8529999999998,971.112,999.1741666666666,1018.1413333333334,1026.635
2023-01-19,1004.79,1023.65,1023.71,1004.08,2243892.73,star50,科创50,974.9934999999999,972.6892,999.5141666666666,1017.6329166666667,1026.2996
2023-01-20,1025.0,1029.14,1034.59,1024.16,2211790.06,star50,科创50,979.9105,974.2868,999.918,1017.07825,1026.04565
2023-01-30,1046.44,1031.61,1051.67,1031.36,4229142.68,star50,科创50,985.4735000000001,976.4168,1000.5495,1016.4350833333334,1025.6411
2023-01-31,1027.82,1014.36,1029.62,1014.13,3018699.21,star50,科创50,988.6360000000001,978.7436,1000.6166666666667,1015.8138333333334,1025.2576
2023-02-01,1016.31,1026.4,1026.87,1010.4,3188567.69,star50,科创50,991.799,981.6887999999999,1000.648,1015.199,1024.9436500000002
2023-02-02,1030.33,1031.68,1041.24,1028.37,3587092.99,star50,科创50,995.5195,985.3223999999999,1000.5563333333334,1014.6720833333334,1024.8096
2023-02-03,1029.12,1033.87,1034.26,1016.91,2605814.32,star50,科创50,999.1005000000001,989.4452,1000.3196666666666,1014.1180833333333,1024.7986
2023-02-06,1031.92,1024.43,1038.27,1020.81,2713237.63,star50,科创50,1002.327,993.6084,999.5123333333333,1013.3973333333334,1024.78455
2023-02-07,1024.24,1020.17,1027.76,1014.48,2488063.45,star50,科创50,1004.3399999999999,996.3708,998.8259999999999,1012.2543333333334,1024.9416
2023-02-08,1021.16,1010.69,1026.22,1010.69,2294143.83,star50,科创50,1006.2554999999999,998.2728,998.1423333333333,1011.0719166666667,1025.02285
2023-02-09,1007.84,1036.86,1037.7,1004.67,3328658.99,star50,科创50,1008.9225,1001.4564,998.1311666666667,1010.0264166666668,1025.383
2023-02-10,1034.22,1024.54,1038.6,1018.76,3149442.8,star50,科创50,1010.5944999999999,1003.948,998.1558333333334,1008.9295833333333,1025.62785
2023-02-13,1020.55,1024.04,1031.47,1017.59,3011048.83,star50,科创50,1012.363,1006.5136,998.1688333333334,1007.6870833333334,1025.88125
2023-02-14,1026.45,1022.67,1032.59,1016.93,2655467.06,star50,科创50,1013.9805,1008.2239999999999,998.1648333333334,1006.6577500000001,1025.97155
2023-02-15,1022.79,1024.22,1026.2,1016.25,3423963.88,star50,科创50,1016.4934999999999,1010.2976,997.7011666666666,1005.6616666666666,1026.143
2023-02-16,1024.12,1005.18,1030.43,998.96,3805857.69,star50,科创50,1018.043,1011.1640000000001,997.1793333333334,1004.5606666666666,1026.30135
2023-02-17,1002.08,986.33,1005.38,986.33,2858350.35,star50,科创50,1018.6439999999999,1010.9731999999999,996.2570000000001,1003.3441666666666,1026.4444
2023-02-20,985.11,998.83,999.98,979.83,2741887.08,star50,科创50,1018.9550000000002,1011.3796000000001,995.7043333333332,1002.1125,1026.7282
2023-02-21,997.55,995.73,1003.18,989.98,2576217.65,star50,科创50,1018.5575000000001,1011.596,995.092,1001.1731666666667,1027.28535
2023-02-22,988.79,989.65,993.52,987.28,1930714.38,star50,科创50,1017.7025,1012.2235999999998,994.6225,1000.1929166666666,1027.89325
2023-02-23,988.2,992.46,997.76,988.2,2558408.85,star50,科创50,1016.143,1012.9544000000001,994.2131666666667,999.2359166666666,1028.3234
2023-02-24,996.03,990.63,999.8,988.33,2437148.18,star50,科创50,1014.2175,1013.6071999999999,993.8009999999999,998.5830000000001,1028.76125
2023-02-27,988.11,986.28,996.12,983.92,2781204.28,star50,科创50,1011.951,1013.354,993.5725,998.0029166666667,1028.9569000000001
2023-02-28,991.44,990.47,994.73,980.1,2981129.61,star50,科创50,1010.7564999999998,1012.8256,993.5334999999999,997.54025,1029.1286
2023-03-01,989.11,994.63,998.06,984.59,3715505.26,star50,科创50,1009.168,1012.3408000000001,993.4031666666667,997.0431666666666,1029.3906
2023-03-02,994.54,988.89,997.46,987.91,2949840.95,star50,科创50,1007.0285,1010.9504,993.2136666666667,996.5315833333333,1029.60145
2023-03-03,996.1,998.9,1002.48,990.27,3574535.18,star50,科创50,1005.28,1009.7408,993.0398333333334,996.27525,1029.7352500000002
2023-03-06,999.72,1007.63,1011.03,991.66,3896094.64,star50,科创50,1004.4399999999999,1008.7816,993.0313333333335,996.125,1029.7611
2023-03-07,1005.62,990.58,1008.08,990.21,3594451.78,star50,科创50,1002.9604999999999,1007.8303999999999,992.8143333333334,995.7955,1029.6487
2023-03-08,989.71,994.89,996.81,987.97,2674681.85,star50,科创50,1002.1705,1006.57,992.6768333333333,995.5496666666666,1029.56915
2023-03-09,996.56,998.3,1003.2,992.21,2916139.44,star50,科创50,1000.2425,1005.2348,992.6406666666666,995.2373333333333,1029.5781
2023-03-10,990.9,993.55,1003.89,987.5,3999466.91,star50,科创50,998.693,1003.622,992.578,994.7704166666666,1029.494
2023-03-13,992.94,998.91,1000.02,991.16,3508582.05,star50,科创50,997.4365,1002.6012000000001,992.5316666666665,994.4215833333334,1029.4185499999999
2023-03-14,997.77,1013.39,1017.69,989.33,5563032.88,star50,科创50,996.9725000000001,1002.33,992.6778333333333,994.2516666666667,1029.3038000000001
2023-03-15,1016.18,1007.3,1027.17,1007.18,4692416.49,star50,科创50,996.1265,1002.1944,992.9776666666666,994.0527500000001,1029.1134
2023-03-16,1001.52,992.44,1010.28,990.16,4875863.52,star50,科创50,995.4894999999999,1000.4176,993.1146666666667,993.7289166666667,1028.84485
2023-03-17,1002.37,1015.76,1021.83,995.08,6152273.86,star50,科创50,996.961,1000.0664,993.5573333333333,993.8595833333334,1028.9404000000002
2023-03-20,1016.23,1025.32,1035.28,1012.45,5856381.08,star50,科创50,998.2855,1000.1175999999999,994.3399999999999,994.0829166666666,1029.0344
2023-03-21,1024.53,1030.19,1030.19,1020.52,4157270.39,star50,科创50,1000.0084999999999,1000.4184,995.5733333333334,994.53825,1029.16405
2023-03-22,1031.61,1034.05,1039.16,1028.31,4352786.0,star50,科创50,1002.2284999999999,1000.8115999999999,996.928,994.9457500000001,1029.3658
2023-03-23,1030.47,1058.99,1058.99,1030.47,5698293.72,star50,科创50,1005.555,1002.9639999999999,998.8971666666667,995.6840833333333,1029.65305
2023-03-24,1058.12,1060.99,1064.12,1051.05,4965464.04,star50,科创50,1009.0730000000001,1005.9504000000001,1001.0669999999999,996.3934166666666,1029.7814
2023-03-27,1057.17,1057.49,1070.18,1044.7,5320190.58,star50,科创50,1012.6334999999999,1008.2968,1003.3526666666668,997.1980000000001,1029.91095
2023-03-28,1059.67,1038.63,1065.95,1037.01,4278644.89,star50,科创50,1015.0415,1010.0128,1004.8113333333333,997.838,1029.70485
2023-03-29,1039.79,1062.14,1076.06,1035.68,5108397.6,star50,科创50,1018.417,1012.9124,1006.4613333333333,998.5520833333334,1029.40785
2023-03-30,1065.39,1065.69,1070.11,1053.53,4512360.1,star50,科创50,1022.257,1015.8415999999999,1008.2683333333333,999.4645833333333,1029.1793
2023-03-31,1063.29,1081.54,1083.16,1059.36,4486298.4,star50,科创50,1026.389,1019.4780000000001,1010.2565,1000.4651666666667,1029.02865
2023-04-03,1093.08,1126.49,1128.23,1090.75,6877674.04,star50,科创50,1032.3319999999999,1025.0864,1013.033,1002.0244166666666,1029.25525
2023-04-04,1122.38,1129.08,1147.73,1115.74,8163471.82,star50,科创50,1039.257,1030.6308,1015.5191666666667,1003.9555833333333,1029.3864
2023-04-06,1127.03,1146.96,1165.34,1127.03,8038899.66,star50,科创50,1046.8605,1036.724,1018.4288333333334,1006.0740833333333,1029.6793
2023-04-07,1149.54,1161.02,1162.57,1141.83,5884504.25,star50,科创50,1054.9965,1043.6091999999999,1021.3871666666666,1008.0416666666666,1030.1317
2023-04-10,1164.98,1129.17,1171.3,1126.05,6701198.91,star50,科创50,1061.7775,1048.82,1023.6883333333333,1009.7304166666668,1030.4640000000002
2023-04-11,1132.22,1121.74,1138.62,1109.22,5812648.51,star50,科创50,1067.9189999999999,1053.3844,1025.9061666666666,1011.1205833333333,1030.67795
2023-04-12,1118.13,1129.41,1139.09,1112.45,5762071.75,star50,科创50,1073.72,1058.9376000000002,1028.2243333333333,1012.5055,1030.86455
2023-04-13,1122.37,1100.13,1124.71,1098.12,4985496.41,star50,科创50,1078.3615,1063.1472,1030.3271666666667,1013.67325,1030.88855
2023-04-14,1107.62,1136.21,1137.95,1095.96,6335469.53,star50,科创50,1085.55,1068.6636,1033.0275,1015.2291666666666,1031.1544999999999
2023-04-17,1134.05,1140.13,1151.4,1134.05,5577303.83,star50,科创50,1091.7685,1074.5267999999999,1035.7911666666666,1016.6973333333333,1031.5366999999999
2023-04-18,1130.81,1129.82,1137.83,1114.83,5137961.11,star50,科创50,1096.9935,1079.7631999999999,1038.078,1018.046,1031.7766000000001
2023-04-19,1131.74,1134.4,1151.68,1127.71,5907546.9,star50,科创50,1102.2040000000002,1084.6036,1040.2566666666667,1019.4202499999999,1031.9412
2023-04-20,1134.94,1164.95,1165.68,1134.94,8457167.98,star50,科创50,1108.7490000000003,1090.9096,1042.8933333333332,1021.03375,1032.2489500000001
2023-04-21,1162.94,1116.83,1167.54,1116.83,7960047.25,star50,科创50,1111.641,1095.8852,1044.4463333333333,1021.9802500000001,1032.2467
2023-04-24,1116.67,1096.38,1118.77,1089.96,6894186.75,star50,科创50,1113.4105,1099.11,1045.567,1022.7425000000001,1032.2752
2023-04-25,1095.95,1076.86,1102.39,1068.72,6697340.35,star50,科创50,1114.3790000000001,1101.1716000000001,1046.3211666666666,1023.4353333333333,1032.13115
2023-04-26,1072.7,1069.01,1085.97,1060.13,7161554.37,star50,科创50,1115.898,1102.7244,1047.232,1023.9243333333333,1032.03105
2023-04-27,1063.53,1068.01,1082.03,1059.95,5312034.2,star50,科创50,1116.1915000000001,1104.0828000000001,1047.9255,1024.28675,1031.89565
2023-04-28,1060.71,1087.87,1089.74,1060.71,5779924.39,star50,科创50,1117.3005,1105.238,1048.8619999999999,1024.7091666666668,1031.8803500000001
2023-05-04,1077.85,1064.2,1082.84,1060.3,5476593.81,star50,科创50,1116.4335,1105.3663999999999,1049.3675,1024.8435833333333,1031.6925999999999
2023-05-05,1062.66,1049.09,1067.41,1047.09,4311877.63,star50,科创50,1112.5635,1105.0304,1049.7785,1024.6454166666667,1031.3797
2023-05-08,1050.1,1057.21,1063.89,1046.26,4056241.14,star50,科创50,1108.97,1105.7736,1050.3958333333333,1024.6109166666668,1031.14565
2023-05-09,1058.37,1034.21,1063.02,1034.19,5384214.5,star50,科创50,1103.3325,1104.6564,1050.7878333333333,1024.4650833333333,1030.9108999999999
2023-05-10,1031.13,1025.71,1038.11,1018.08,4876000.9,star50,科创50,1096.567,1103.0572,1050.602,1024.3665833333334,1030.79325
2023-05-11,1035.18,1025.97,1042.32,1025.57,3317289.5,star50,科创50,1091.407,1100.8344,1050.6258333333333,1024.3908333333334,1030.65915
2023-05-12,1028.36,1014.11,1036.88,1014.02,3807196.0,star50,科创50,1086.0255000000002,1096.3392,1050.4603333333332,1024.3145833333333,1030.34565
2023-05-15,1013.53,1025.79,1025.91,1006.3,4093599.26,star50,科创50,1080.8445,1092.2076000000002,1050.5123333333333,1024.3385833333334,1030.1133
2023-05-16,1029.33,1025.87,1033.82,1022.34,3336123.58,star50,科创50,1077.1315,1087.364,1050.5398333333333,1024.1205,1029.896
2023-05-17,1025.45,1029.65,1035.15,1024.18,2977814.28,star50,科创50,1071.8035,1082.1092,1050.9476666666667,1024.0635,1029.735
2023-05-18,1031.4,1034.82,1038.52,1027.76,3364497.0,star50,科创50,1066.538,1078.3352,1051.7558333333334,1024.0064166666666,1029.51145
2023-05-19,1040.35,1040.16,1048.9,1036.97,3274827.96,star50,科创50,1062.055,1075.0720000000001,1052.4446666666668,1024.0745,1029.2552
2023-05-22,1040.83,1032.11,1048.47,1027.44,2725465.46,star50,科创50,1056.9405000000002,1071.18,1053.051,1024.0715,1028.9909
2023-05-23,1029.14,1016.11,1029.33,1016.11,2750318.01,star50,科创50,1049.4985,1067.8192,1053.492,1024.05725,1028.7026500000002
2023-05-24,1011.12,1011.77,1024.07,1006.71,4235249.11,star50,科创50,1044.2455,1062.8416,1053.8138333333334,1024.0135,1028.3382000000001
2023-05-25,1016.92,1021.72,1023.42,1006.79,3925165.83,star50,科创50,1040.5125,1058.1052,1054.3319999999999,1024.0665000000001,1027.9683
2023-05-26,1023.86,1038.66,1040.67,1022.11,3421354.82,star50,科创50,1038.6025,1054.4588,1055.2050000000002,1024.3887499999998,1027.61765
2023-05-29,1041.27,1028.38,1047.36,1026.83,5032420.07,star50,科创50,1036.5710000000001,1050.218,1055.8368333333333,1024.6851666666666,1027.315
2023-05-30,1025.83,1044.43,1047.47,1022.15,3913136.43,star50,科创50,1035.392,1045.3972,1056.6668333333332,1025.035,1027.03625
2023-05-31,1040.34,1053.91,1053.91,1037.63,4829285.11,star50,科创50,1033.694,1042.8804,1057.7504999999999,1025.4820833333333,1026.83125
2023-06-01,1048.95,1053.55,1067.23,1044.98,3934001.68,star50,科创50,1033.1615,1041.1672,1058.6613333333332,1025.8505833333334,1026.59725
2023-06-02,1055.95,1053.29,1059.25,1047.37,3758792.73,star50,科创50,1033.3715,1040.2244,1059.4223333333332,1026.2268333333334,1026.3091
2023-06-05,1063.15,1051.73,1068.3,1049.45,3735234.39,star50,科创50,1033.0975,1039.5332,1060.4415,1026.6279166666668,1025.7811
2023-06-06,1047.92,1022.98,1048.3,1021.0,3681389.88,star50,科创50,1032.536,1037.732,1060.9096666666667,1026.79325,1025.1331
2023-06-07,1023.95,1019.05,1026.46,1015.34,3250142.41,star50,科创50,1032.203,1034.9792,1061.2555,1026.9480833333334,1024.41675
2023-06-08,1012.66,1007.12,1014.57,1001.75,4100227.89,star50,科创50,1031.2604999999999,1032.696,1061.4816666666668,1027.0298333333333,1023.67155
2023-06-09,1008.9,1032.55,1032.55,1003.32,6871911.58,star50,科创50,1032.1825000000001,1032.0344,1062.0423333333333,1027.287,1022.9686
2023-06-12,1030.26,1026.64,1032.09,1022.4,4377578.23,star50,科创50,1032.225,1030.8116,1062.2631666666666,1027.4705,1022.37085
2023-06-13,1025.21,1039.46,1043.96,1021.27,3988240.69,star50,科创50,1032.9045,1031.0216,1062.7991666666667,1027.8884166666667,1021.8494000000001
2023-06-14,1038.89,1035.31,1040.33,1031.07,3294447.79,star50,科创50,1033.1875,1031.4056,1063.5136666666667,1028.3141666666666,1021.33945
2023-06-15,1036.31,1033.85,1038.72,1029.74,4031350.11,star50,科创50,1033.139,1031.7208,1063.8151666666668,1028.68625,1020.84715
2023-06-16,1034.42,1052.88,1055.08,1032.31,4229049.37,star50,科创50,1033.775,1033.2716,1064.2745,1029.30725,1020.3784
2023-06-19,1053.34,1055.45,1059.98,1044.98,3736427.0,star50,科创50,1034.942,1034.458,1064.6955,1030.1344166666665,1020.1134
2023-06-20,1054.51,1055.41,1058.6,1043.5,4149603.36,star50,科创50,1036.9070000000002,1035.6396,1065.0515,1030.98975,1019.85405
2023-06-21,1050.12,1020.22,1051.02,1020.14,3353382.25,star50,科创50,1037.3295,1035.2623999999998,1064.4053333333334,1031.65125,1019.4186500000001
2023-06-26,1011.15,1010.31,1029.94,1006.35,3939414.36,star50,科创50,1036.759,1034.282,1063.5606666666667,1032.3138333333334,1019.1253
2023-06-27,1011.08,1011.35,1018.9,1006.79,3431992.76,star50,科创50,1035.3935,1033.1296,1062.7916666666667,1033.0721666666666,1018.9025999999999
2023-06-28,1017.08,1008.22,1019.67,996.14,3444329.03,star50,科创50,1034.3854999999999,1032.174,1062.2848333333334,1033.5480833333334,1018.71375
2023-06-29,1004.54,1001.46,1012.06,1001.46,3121909.77,star50,科创50,1032.2369999999999,1031.588,1061.2735,1033.8674166666667,1018.44965
2023-06-30,999.18,1005.15,1009.1,997.54,3094198.01,star50,科创50,1029.799,1031.3232,1060.2645,1034.2664166666666,1018.2239999999999
2023-07-03,1006.58,1008.4,1013.19,999.16,4218681.11,star50,科创50,1027.5415,1030.7904,1059.0455,1034.651,1018.1177
2023-07-04,1008.43,1015.4,1022.46,1004.12,3525085.94,star50,科创50,1025.647,1029.86,1057.194,1035.1135000000002,1018.0664
2023-07-05,1013.38,1005.73,1016.81,1004.54,2851577.17,star50,科创50,1023.347,1028.954,1055.1381666666666,1035.3286666666668,1017.94445
2023-07-06,1004.67,1002.11,1012.85,1001.37,2851424.75,star50,科创50,1022.3035,1027.2612,1052.724,1035.5764166666665,1017.8330500000001
2023-07-07,1001.02,991.85,1002.45,989.66,2877104.62,star50,科创50,1020.9435000000001,1024.7788,1049.9045,1035.6458333333333,1017.6134000000001
2023-07-10,992.74,993.73,1001.03,990.25,2750745.99,star50,科创50,1020.2740000000001,1022.3860000000001,1047.6471666666666,1035.66775,1017.3341499999999
2023-07-11,996.56,1001.41,1003.22,994.26,2971280.31,star50,科创50,1018.717,1020.3108,1045.6416666666667,1035.7739166666665,1017.13735
2023-07-12,999.24,984.98,1000.01,984.03,3492460.13,star50,科创50,1016.634,1017.6408,1043.2345,1035.7294166666666,1016.89335
2023-07-13,988.7,995.97,997.7,988.59,2933534.25,star50,科创50,1014.4594999999999,1016.5604,1041.4985,1035.9128333333333,1016.71735
2023-07-14,999.79,991.56,1002.82,990.62,3202731.14,star50,科创50,1012.2719999999999,1015.4608000000001,1039.0876666666668,1036.0575833333335,1016.5186500000001
2023-07-17,988.88,984.82,988.88,982.05,2745770.57,star50,科创50,1009.8205,1014.5688,1036.4991666666667,1036.1451666666667,1016.44235
2023-07-18,985.24,980.02,987.71,980.02,2593200.15,star50,科创50,1006.1775,1012.4676,1034.0025,1036.04025,1016.3498500000001
2023-07-19,987.0,975.11,988.55,973.34,2227854.43,star50,科创50,1002.1605,1010.4064,1031.3476666666668,1035.8021666666666,1016.34765
2023-07-20,978.38,961.13,978.63,960.29,2229589.21,star50,科创50,997.4465,1007.2732000000001,1027.9506666666666,1035.422,1016.22755
2023-07-21,958.89,955.55,963.97,953.93,2313989.93,star50,科创50,994.2130000000001,1004.0828,1025.2626666666667,1034.8545,1016.15335
2023-07-24,953.96,950.55,961.4,949.64,1945775.55,star50,科创50,991.225,1000.7508,1022.8321666666668,1034.1995833333333,1016.02675
2023-07-25,961.52,964.4,965.69,956.37,2363364.5,star50,科创50,988.8775000000002,997.2116000000001,1020.9578333333334,1033.6395,1016.04405
2023-07-26,963.55,961.6,967.67,959.32,2118614.21,star50,科创50,986.5465,993.4576,1019.1676666666666,1033.1998333333333,1016.0428999999999
2023-07-27,962.61,952.3,964.62,950.81,2361108.18,star50,科创50,984.0885000000001,989.3331999999999,1017.2391666666666,1032.5823333333333,1015.9221500000001
2023-07-28,950.51,962.64,963.01,948.2,2597667.65,star50,科创50,981.963,987.03,1015.152,1032.007,1015.9544000000001
2023-07-31,961.69,968.99,973.9,961.69,3218418.46,star50,科创50,979.9925,985.3772,1013.5651666666666,1031.4663333333333,1015.992
2023-08-01,969.41,969.68,971.52,966.13,2867515.2,star50,科创50,977.7065,983.7104,1012.2416666666667,1031.0100833333333,1016.1435
2023-08-02,967.69,968.44,973.39,965.99,2601847.67,star50,科创50,975.842,982.1192,1010.7621666666668,1030.579,1016.4990000000001
2023-08-03,962.55,970.37,972.16,962.05,2746951.9,star50,科创50,974.2549999999999,980.8756,1009.6981666666667,1030.243,1016.8871500000001
2023-08-04,972.48,975.78,976.98,968.82,2850332.18,star50,科创50,973.4515000000001,979.7008000000001,1008.866,1029.734,1017.1415000000001
2023-08-07,973.29,968.9,977.41,967.16,2386455.3,star50,科创50,972.2099999999998,978.1207999999999,1007.9148333333334,1029.2703333333334,1017.3534
2023-08-08,967.43,965.53,971.72,965.04,2117119.15,star50,科创50,970.4159999999999,976.1260000000001,1007.1051666666667,1028.78275,1017.4064500000001
2023-08-09,961.5,957.37,966.7,956.4,1870171.09,star50,科创50,969.0355,974.1916,1005.9648333333333,1028.2385833333333,1017.3772
2023-08-10,957.22,959.17,961.86,954.42,1879083.88,star50,科创50,967.1955,972.4739999999999,1004.8531666666667,1027.6965,1017.37305
2023-08-11,960.1,938.77,960.65,938.77,2462445.24,star50,科创50,964.5559999999999,970.3508,1003.3385,1027.1430833333334,1017.3194
2023-08-14,932.09,930.5,934.25,919.94,2719076.42,star50,科创50,961.8399999999999,967.8215999999999,1001.5998333333333,1026.6778333333334,1017.15215
2023-08-15,933.06,917.45,935.01,911.59,3526147.53,star50,科创50,958.7115,964.4631999999999,999.5546666666668,1025.9996666666666,1016.8995000000001
2023-08-16,916.59,901.79,920.35,901.68,2694768.47,star50,科创50,955.0455,961.1356,997.3826666666666,1025.2168333333334,1016.5609999999999
2023-08-17,899.8,910.38,913.85,896.44,2654127.42,star50,科创50,952.508,957.7120000000001,995.6205000000001,1024.55625,1016.25625
2023-08-18,924.3,904.25,924.3,904.25,2615781.08,star50,科创50,949.943,954.2196,993.8285,1023.8211666666666,1015.76125
2023-08-21,900.22,892.09,907.6,891.74,2467794.69,star50,科创50,947.0200000000001,950.5104000000001,991.668,1023.0,1015.19715
2023-08-22,896.74,901.13,903.78,877.62,3194958.89,star50,科创50,943.8564999999999,947.3548,989.3758333333334,1022.2904166666666,1014.7342
2023-08-23,899.96,879.46,899.96,879.46,2350496.77,star50,科创50,939.7495000000001,943.5288,986.8938333333334,1021.3653333333333,1014.07985
2023-08-24,883.8,885.48,895.91,880.03,3138871.01,star50,科创50,936.4085000000001,940.5028,984.2446666666667,1020.45575,1013.38465
2023-08-25,880.17,870.4,882.44,865.09,2827519.49,star50,科创50,931.7965,937.0967999999999,981.1861666666666,1019.4683333333335,1012.55075
2023-08-28,926.0,880.19,927.63,878.26,4240096.7,star50,科创50,927.3565000000001,934.2824,978.2968333333334,1018.4790833333333,1011.7113499999999
2023-08-29,878.78,916.46,920.54,878.78,4704472.22,star50,科创50,924.6955,932.3648,976.0163333333334,1017.7193333333333,1010.9292999999999
2023-08-30,935.82,939.65,950.7,928.42,5518983.43,star50,科创50,923.256,931.4867999999999,974.1483333333333,1017.2949166666666,1010.3208
2023-08-31,936.19,942.61,949.46,932.34,4913875.92,star50,科创50,921.868,931.0992,972.8088333333334,1016.85925,1009.7753
2023-09-01,944.25,934.79,945.72,927.21,3136859.75,star50,科创50,919.8185,929.9852000000001,971.4045000000001,1016.33,1009.2616
2023-09-04,935.82,942.43,942.45,927.58,3747208.49,star50,科创50,918.4950000000001,928.9227999999999,970.3263333333332,1015.904,1008.8584500000001
2023-09-05,942.56,930.63,947.95,929.25,3798576.36,star50,科创50,916.75,927.3608,968.6276666666668,1015.3349999999999,1008.3953
2023-09-06,926.25,934.6,936.88,920.25,3663715.87,star50,科创50,915.6115,926.0072,967.0936666666668,1014.6784166666667,1007.95375
2023-09-07,929.36,899.83,929.36,899.3,4226815.92,star50,科创50,912.6445000000001,923.1856000000001,964.7665,1013.7828333333332,1007.1927000000001
2023-09-08,895.5,901.51,906.34,894.4,2845406.18,star50,科创50,910.7815,920.2148,962.5365,1013.0250833333334,1006.5178
2023-09-11,901.54,907.51,915.99,895.62,3308971.15,star50,科创50,909.632,917.7592000000001,960.4308333333333,1012.1229999999999,1005.8470000000001
2023-09-12,905.92,901.62,909.84,901.38,2273159.37,star50,科创50,908.8405,915.2028,957.9098333333334,1011.0921666666667,1005.19515
2023-09-13,900.0,889.13,902.52,882.91,2430378.52,star50,科创50,908.2075000000001,912.4732,955.1378333333333,1009.9166666666666,1004.4784500000001
2023-09-14,888.26,880.8,892.79,877.82,2208300.0,star50,科创50,906.7284999999999,909.3384000000001,952.2276666666668,1008.6395833333333,1003.79335
2023-09-15,883.07,887.01,893.91,876.62,3266678.26,star50,科创50,905.8664999999999,907.268,950.0075,1007.2064166666667,1003.1433000000001
2023-09-18,881.38,879.53,888.68,876.91,2785976.5,star50,科创50,905.2384999999998,905.2292,947.8278333333333,1005.69425,1002.4641500000001
2023-09-19,879.35,873.62,880.26,870.66,2000764.05,star50,科创50,903.863,903.4760000000001,945.5323333333332,1004.162,1001.8322999999999
2023-09-20,870.03,866.02,876.9,865.79,1739036.68,star50,科创50,903.191,902.0452,943.1623333333333,1002.7235833333333,1001.1983499999999
2023-09-21,862.64,860.39,869.86,860.31,1802359.72,star50,科创50,901.9365,900.0455999999999,940.8111666666666,1001.0423333333332,1000.48805
2023-09-22,860.73,882.88,883.26,859.09,2827573.95,star50,科创50,902.5604999999999,899.1907999999999,938.7733333333333,999.5189166666667,999.90115
2023-09-25,880.32,874.55,881.7,874.21,2340697.41,star50,科创50,902.2785,898.4892,936.5425,997.794,999.22725
2023-09-26,876.26,876.05,884.02,873.98,2230990.59,star50,科创50,900.258,897.4860000000001,934.2199999999999,995.7070000000001,998.5668
2023-09-27,875.43,880.17,886.67,875.43,2753426.1,star50,科创50,897.284,897.5143999999999,932.1273333333334,993.6327500000001,997.94965
2023-09-28,880.39,887.8,890.07,878.59,2437334.79,star50,科创50,894.5435000000001,897.6072,930.2221666666666,991.4730833333334,997.37295
2023-10-09,884.2,887.21,890.95,880.34,2476842.26,star50,科创50,892.1645000000001,898.2796000000001,928.4781666666665,989.1913333333333,996.8066500000001
2023-10-10,888.15,882.04,892.48,881.84,3050811.27,star50,科创50,889.1450000000001,898.3535999999999,926.6166666666667,987.1319166666667,996.2302999999999
2023-10-11,885.63,893.45,895.16,883.66,3471046.13,star50,科创50,887.2859999999998,897.4331999999999,924.8173333333333,985.2295,995.6891
2023-10-12,896.0,899.98,901.47,891.17,3229279.36,star50,科创50,885.555,895.8464,923.4006666666667,983.3175833333333,995.1659000000001
2023-10-13,895.47,891.72,897.15,888.54,2727265.14,star50,科创50,885.1494999999999,893.8108,921.6631666666667,981.5808333333333,994.6779500000001
2023-10-16,890.48,874.03,890.94,870.61,2721302.72,star50,科创50,883.7755,891.3803999999999,919.7043333333332,979.3960000000001,994.1270000000001
2023-10-17,874.28,882.19,884.91,871.79,2398021.35,star50,科创50,882.5095000000001,888.9708,917.9938333333333,977.2465,993.5919499999999
2023-10-18,884.71,869.76,884.93,869.45,2912512.7,star50,科创50,880.9164999999999,886.536,916.1561666666668,975.0793333333332,993.04895
2023-10-19,864.46,870.1,879.55,864.06,4130300.14,star50,科创50,879.9649999999999,883.956,914.4060000000001,972.8768333333334,992.6185
2023-10-20,865.78,861.81,872.8,861.08,3921391.6,star50,科创50,879.0154999999999,882.4351999999999,912.7506666666667,970.3506666666667,992.1637
2023-10-23,857.48,840.14,859.99,836.64,3359593.29,star50,科创50,876.6719999999999,879.9803999999999,910.8271666666666,968.0449166666666,991.6602
2023-10-24,844.09,850.61,858.29,839.08,3343726.3,star50,科创50,875.226,877.7044000000001,909.1615,965.9968333333333,991.2592500000001
2023-10-25,859.77,848.65,862.2,848.65,2931698.09,star50,科创50,873.9775,875.5856,907.2323333333334,964.0950833333333,990.90075
2023-10-26,841.99,849.31,850.99,837.47,2820963.29,star50,科创50,873.1419999999998,873.9928,905.3608333333333,962.2642500000001,990.3917499999999
2023-10-27,843.88,861.85,866.54,842.6,3626486.05,star50,科创50,873.2149999999999,873.2348,903.8533333333332,960.54625,989.8853
2023-10-30,862.12,878.13,881.88,860.4,4938750.51,star50,科创50,872.9775000000002,872.8796000000001,902.4448333333333,958.7984166666666,989.4896000000001
2023-10-31,882.43,874.41,882.56,869.02,3780108.33,star50,科创50,872.9705,872.6748000000001,900.8685,957.2168333333334,989.0504000000001
2023-11-01,874.04,869.92,878.33,868.45,3550634.35,star50,科创50,872.664,872.5268,899.2058333333334,955.72375,988.6004999999999
2023-11-02,871.55,859.93,875.26,859.89,3074923.43,star50,科创50,871.652,872.2832,897.3973333333334,954.07975,988.0006000000001
2023-11-03,861.54,875.37,877.09,861.54,3629716.28,star50,科创50,871.0304999999998,872.8824,895.814,952.7560833333334,987.5155500000001
2023-11-06,880.6,890.21,891.56,880.6,5026304.38,star50,科创50,871.1805,873.1756000000001,894.3878333333333,951.6269166666666,987.049
2023-11-07,887.2,891.46,892.99,883.75,4104059.04,star50,科创50,871.6514999999999,873.852,893.0971666666666,950.506,986.5508
2023-11-08,890.87,899.63,905.94,889.89,5469783.24,star50,科创50,871.9605000000001,874.7952,891.9988333333333,949.5519999999999,986.1056
2023-11-09,897.93,893.8,904.59,891.49,5226809.78,star50,科创50,871.6515000000002,875.3404,890.9393333333334,948.4520833333333,985.623
2023-11-10,888.99,889.75,894.63,885.3,3607259.44,star50,科创50,871.5530000000001,875.4184,889.7823333333332,947.31775,985.2019500000001
2023-11-13,893.5,896.55,897.11,888.55,3236849.82,star50,科创50,872.6790000000001,875.7919999999999,889.0786666666667,946.2085833333333,984.81375
2023-11-14,895.81,904.34,904.71,893.28,4118500.32,star50,科创50,873.7864999999999,876.6840000000001,888.6426666666666,945.12125,984.4639
2023-11-15,912.63,902.18,913.2,900.62,4045405.39,star50,科创50,875.4075,877.0332000000001,888.3881666666665,943.9714166666668,984.0117499999999
2023-11-16,898.74,887.11,900.15,886.77,3109482.67,star50,科创50,876.258,876.5184000000002,888.1435,942.7630833333334,983.4289
2023-11-17,886.67,891.38,891.95,884.51,2410327.68,star50,科创50,877.7365,876.5047999999999,887.8268333333333,941.7236666666666,982.85205
2023-11-20,890.9,892.63,896.07,883.03,3393776.06,star50,科创50,880.3610000000001,877.2488000000001,887.6331666666666,940.7308333333333,982.19695
2023-11-21,892.92,884.89,896.96,884.6,3056169.4,star50,科创50,882.075,877.3567999999999,887.5131666666667,939.5905833333333,981.4757
2023-11-22,881.96,870.76,884.71,870.76,2664143.51,star50,科创50,883.1805,877.3968000000001,887.007,938.1914166666666,980.67145
2023-11-23,869.85,877.77,878.45,866.63,2705539.77,star50,科创50,884.6035000000002,877.7036,886.9788333333332,936.9363333333333,979.9885
2023-11-24,875.58,864.77,876.26,863.85,2546493.25,star50,科创50,884.7494999999999,877.822,886.6336666666667,935.4391666666667,979.1803499999999
2023-11-27,864.27,868.03,869.87,861.38,3849636.73,star50,科创50,884.2445,878.9376000000001,886.5941666666666,933.8901666666667,978.3620999999999
2023-11-28,868.81,871.91,873.66,863.81,3614161.31,star50,科创50,884.1195,879.7896000000001,886.4561666666666,932.3765000000001,977.5523
2023-11-29,870.4,862.04,872.9,862.04,3644852.54,star50,科创50,883.7255000000001,880.3251999999999,885.5491666666666,930.78275,976.74035
2023-11-30,861.51,865.68,865.68,857.63,4469156.32,star50,科创50,884.0129999999999,880.98,884.3163333333333,929.2323333333334,975.9679
2023-12-01,863.33,867.54,869.82,856.44,3641116.15,star50,科创50,883.6215,881.2076,883.0651666666666,927.937,975.2521499999999
2023-12-04,867.83,861.92,873.51,861.92,3321884.82,star50,科创50,882.207,880.5592,881.8506666666666,926.6275833333333,974.3774500000001
2023-12-05,859.49,845.8,859.49,845.6,3351163.71,star50,科创50,879.924,879.4148,880.2401666666667,925.2832500000001,973.48375
2023-12-06,843.82,848.79,852.31,842.59,3927120.97,star50,科创50,877.382,878.5696,878.8761666666667,923.7519166666666,972.6075
2023-12-07,847.1,847.48,850.08,839.03,4578669.52,star50,科创50,875.066,878.0716,877.4241666666666,922.2589166666668,971.73155
2023-12-08,849.16,868.23,868.23,847.93,7657725.28,star50,科创50,873.99,877.7860000000001,876.8974999999999,920.832,970.9516
2023-12-11,859.97,878.52,880.03,854.81,4731028.03,star50,科创50,873.0885000000001,877.3184,876.5143333333332,919.5254166666667,970.3183
2023-12-12,876.69,869.97,877.83,866.84,3348071.87,star50,科创50,871.3699999999999,876.4587999999999,875.8886666666666,918.15975,969.7365
2023-12-13,868.87,861.25,875.19,861.03,3289831.64,star50,科创50,869.3234999999999,874.9235999999999,875.2158333333333,916.5628333333334,969.0486
2023-12-14,865.09,855.9,869.29,855.43,2636430.73,star50,科创50,867.7629999999999,873.4076,874.662,914.8999166666667,968.3494499999999
2023-12-15,857.01,847.51,859.25,846.82,2752036.35,star50,科创50,865.5695,871.7179999999998,874.1071666666667,913.1674166666667,967.63875
2023-12-18,845.54,840.68,847.59,838.32,2574398.94,star50,科创50,862.972,869.4831999999999,873.3349999999999,911.67125,966.87985
2023-12-19,839.64,845.86,850.41,838.21,2494530.26,star50,科创50,861.0205,867.1439999999999,872.7738333333333,910.3008333333333,966.1560000000001
2023-12-20,847.27,835.71,847.59,835.31,2302437.19,star50,科创50,859.268,864.4851999999998,872.142,908.8371666666666,965.40315
2023-12-21,832.37,847.82,850.99,831.93,3167905.1,star50,科创50,857.7705,862.9135999999999,871.8386666666667,907.5005,964.6899000000001
2023-12-22,846.67,843.32,851.48,839.79,3296478.59,star50,科创50,856.698,860.9912,871.5541666666667,906.1826666666667,963.93335
2023-12-25,840.38,837.22,845.56,834.43,2755846.35,star50,科创50,855.1575,858.7747999999999,870.7931666666667,904.78325,963.175
2023-12-26,836.53,825.26,836.66,822.44,2304131.04,star50,科创50,852.825,856.3896000000001,869.9716666666666,903.2570833333334,962.3068
2023-12-27,826.83,830.06,833.81,826.17,2655369.51,star50,科创50,851.226,854.7615999999999,869.2051666666667,901.7125833333333,961.4189499999999
2023-12-28,828.4,850.39,853.49,828.34,4551351.7,star50,科创50,850.4615,853.6663999999998,868.7088333333334,900.4180833333334,960.7180000000001
2023-12-29,849.61,852.0,854.88,848.33,3366221.23,star50,科创50,849.6845000000001,853.1555999999999,868.1121666666667,899.1671666666666,960.0035499999999
2024-01-02,850.97,839.8,850.97,839.8,2755957.47,star50,科创50,848.5785,852.0264,867.322,897.9000833333334,959.21105
2024-01-03,838.3,829.77,842.2,827.18,2570182.26,star50,科创50,847.777,850.3408000000001,866.4508333333334,896.5337499999999,958.3921500000001
2024-01-04,831.23,823.85,831.55,817.75,2626625.2,star50,科创50,846.53,848.8132,865.2908333333332,895.0540833333333,957.51685
2024-01-05,820.4,807.73,825.94,803.4,2760403.75,star50,科创50,844.5425000000001,846.4952000000001,863.7533333333334,893.5769999999999,956.4885499999999
2024-01-08,802.9,784.43,804.6,783.74,2952396.08,star50,科创50,840.3525,843.1708,861.9651666666667,891.8141666666667,955.3742
2024-01-09,786.48,782.93,793.6,777.56,2975490.41,star50,科创50,835.573,840.0111999999999,860.4468333333333,890.0755833333333,954.3266500000001
2024-01-10,779.08,777.15,790.36,771.58,2814458.1,star50,科创50,830.932,837.2651999999999,858.6961666666666,888.345,953.1336
2024-01-11,775.37,789.86,793.14,775.18,2833624.27,star50,科创50,827.3625,834.9079999999999,857.3644999999999,886.7603333333334,951.9562999999999
2024-01-12,788.03,778.36,790.38,778.11,2998294.0,star50,科创50,823.4855,832.1432,855.8354999999999,885.12075,950.69715
2024-01-15,774.96,773.41,784.19,770.98,2604400.86,star50,科创50,819.7805000000001,828.3503999999999,854.3621666666667,883.5564166666666,949.39395
2024-01-16,771.84,777.4,777.53,765.43,3065150.34,star50,科创50,816.6165,824.3056,853.3165,882.0718333333334,947.9860000000001
2024-01-17,775.86,757.04,776.23,757.04,2496748.07,star50,科创50,812.1755,819.7884000000001,851.757,880.45925,946.46625
2024-01-18,752.29,768.28,769.12,741.34,4107359.21,star50,科创50,808.804,816.0696,850.4174999999999,878.8249166666666,945.0202
2024-01-19,767.24,765.47,773.15,762.26,3162089.54,star50,科创50,804.6865,812.4524,849.0201666666667,877.1905,943.6544
2024-01-22,763.6,742.23,764.62,735.41,3586378.23,star50,科创50,799.632,808.2412,847.0265,875.4399166666666,942.05485
2024-01-23,738.38,749.74,754.65,733.48,3594882.49,star50,科创50,795.258,804.6036,844.8866666666667,873.66575,940.4751000000001
2024-01-24,753.01,750.27,754.22,728.37,3594056.75,star50,科创50,791.5085,800.78,842.8176666666667,871.8430833333333,938.81875
2024-01-25,749.13,765.79,768.02,742.93,4508049.12,star50,科创50,788.295,797.9832000000001,841.0821666666666,870.144,937.01525
2024-01-26,759.94,746.1,762.18,742.93,3472791.73,star50,科创50,783.0805,793.9144,839.185,868.2911666666666,935.1003499999999
2024-01-29,748.26,725.31,754.59,725.31,4505827.09,star50,科创50,776.746,789.194,836.684,866.249,932.9920999999999
2024-01-30,720.19,697.85,722.63,696.56,3432377.41,star50,科创50,769.6485,783.6192,833.478,863.9329166666668,930.67625
2024-01-31,693.85,684.85,699.67,681.38,4010582.8,star50,科创50,762.4024999999999,778.0028,830.0345,861.5658333333333,928.45465
2024-02-01,680.72,690.01,704.66,678.97,3534587.57,star50,科创50,755.7104999999999,772.4008,826.5408333333332,859.2698333333334,926.296
2024-02-02,693.02,673.41,694.75,653.62,4216346.29,star50,科创50,748.9945,765.3215999999999,822.8676666666668,856.9035,924.0160000000001
2024-02-05,675.4,676.79,687.62,635.74,5453440.75,star50,科创50,743.6125,758.3132,819.3183333333333,854.5503333333334,921.8992999999999
2024-02-06,675.45,720.8,721.38,665.63,5198761.1,star50,科创50,740.506,753.5532,816.3891666666666,852.7339166666667,919.82225
2024-02-07,723.31,743.42,744.34,717.7,6166345.35,star50,科创50,738.8195,750.0992,813.7071666666667,851.1749166666667,917.8386999999999
2024-02-08,749.64,751.5,767.86,745.24,5549636.82,star50,科创50,736.9014999999999,747.2052,811.1958333333333,849.792,915.9470999999999
2024-02-19,762.64,763.32,763.36,748.29,4928676.9,star50,科创50,736.1495,745.4288,809.1326666666666,848.6380833333333,914.0917
2024-02-20,756.08,754.7,758.06,748.6,3342941.27,star50,科创50,735.214,744.2395999999999,806.8546666666666,847.34075,912.04045
2024-02-21,747.25,755.16,769.15,744.26,4045667.8,star50,科创50,734.102,743.1288000000001,804.5635,846.0983333333334,910.2321000000001
2024-02-22,757.26,762.38,768.66,755.9,3560743.32,star50,科创50,734.369,742.5379999999999,802.5216666666668,845.0174166666667,908.5620999999999
2024-02-23,768.51,764.48,769.81,754.35,3702730.08,star50,科创50,734.179,741.5228,800.7503333333333,843.8786666666667,907.0002000000001
2024-02-26,764.03,768.49,776.98,761.22,4596373.45,star50,科创50,734.33,741.128,798.929,842.9539166666667,905.4975999999999
2024-02-27,763.66,796.91,797.15,761.26,4806642.64,star50,科创50,737.0640000000001,742.068,797.798,842.2158333333333,904.1420999999999
2024-02-28,797.83,771.59,811.65,771.59,6029716.87,star50,科创50,738.1565,741.8356,796.1906666666666,841.3924166666667,902.5606999999999
2024-02-29,769.56,807.71,807.71,769.56,5927305.07,star50,科创50,741.0285,743.8623999999999,795.1206666666668,840.7884166666666,901.2782500000001
2024-03-01,809.4,815.49,818.11,803.53,5254231.15,star50,科创50,743.5135,745.7508,794.3448333333333,839.947,900.11025
2024-03-04,819.96,818.51,822.65,807.39,4769154.23,star50,科创50,747.1339999999999,747.8723999999999,793.5586666666667,838.9375,898.91675
2024-03-05,812.62,817.77,824.12,810.32,4716739.08,star50,科创50,751.757,750.8939999999999,792.7291666666666,837.8971666666667,897.83455
2024-03-06,816.14,811.9,822.79,803.99,4448131.63,star50,科创50,757.4594999999999,753.3804000000001,791.8955000000001,836.8730833333333,896.7655
2024-03-07,814.17,794.24,817.78,793.59,5009575.04,star50,科创50,762.929,755.1392,791.0361666666666,835.6381666666667,895.6068500000001
2024-03-08,795.32,803.2,805.57,791.73,4813705.02,star50,科创50,768.5885000000001,756.6356,790.2763333333334,834.57625,894.5523
2024-03-11,800.9,818.44,818.71,797.26,5073975.88,star50,科创50,775.84,759.5292,789.7923333333333,833.6082499999999,893.51555
2024-03-12,818.52,817.75,827.63,813.05,4780205.5,star50,科创50,782.888,763.2267999999999,788.9509999999999,832.92425,892.4749499999999
2024-03-13,821.32,814.93,824.81,813.09,4049839.11,star50,科创50,787.5945,767.91,787.8911666666667,832.20275,891.40135
2024-03-14,811.51,804.86,815.55,797.78,3739209.1,star50,科创50,790.6665,772.7103999999999,786.806,831.3473333333334,890.25155
2024-03-15,802.91,808.67,809.4,794.75,3672167.74,star50,科创50,793.525,777.4568,785.9296666666667,830.57275,889.0940999999999
2024-03-18,810.39,825.4,825.9,809.83,4277648.69,star50,科创50,796.629,783.5364,785.4213333333333,830.0416666666666,888.06055
2024-03-19,822.18,811.77,823.9,811.77,3730216.11,star50,科创50,799.4825,788.9356,784.8256666666667,829.4664166666666,887.0388499999999
2024-03-20,810.69,814.03,815.73,806.58,3178285.99,star50,科创50,802.426,792.6648,784.3815,828.85825,886.05015
2024-03-21,820.14,806.14,824.18,805.55,3782515.87,star50,科创50,804.6139999999999,795.1736,783.7194999999999,828.2466666666667,884.9722499999999
2024-03-22,804.02,794.2,808.71,793.1,3938780.64,star50,科创50,806.1,796.8815999999999,783.0276666666666,827.5848333333332,883.7499499999999
2024-03-25,792.85,781.65,797.66,781.62,3507847.1,star50,科创50,806.758,797.6148,781.9248333333333,826.88175,882.5162999999999
2024-03-26,781.73,772.09,787.6,768.68,3320159.81,star50,科创50,805.517,798.3104,780.7376666666665,826.1459166666667,881.1546
2024-03-27,771.54,752.82,772.47,752.72,3385648.39,star50,科创50,804.5785,798.2167999999999,779.331,825.0620833333334,879.64915
2024-03-28,753.9,763.27,771.48,753.23,3349295.22,star50,科创50,802.3565000000001,798.2524000000001,778.2978333333334,824.1347499999999,878.1977499999999
2024-03-29,761.65,762.74,763.56,751.24,2773787.01,star50,科创50,799.7189999999999,798.1828,777.1758333333332,823.1905,876.745
2024-04-01,765.63,775.53,776.74,765.63,3360251.8,star50,科创50,797.57,798.4644000000001,775.9281666666666,822.3185,875.364
2024-04-02,774.73,768.79,774.73,764.32,2941043.33,star50,科创50,795.121,797.3396,774.5413333333332,821.32675,874.0930500000001
2024-04-03,768.21,756.76,769.23,755.21,3259924.67,star50,科创50,792.364,796.7464,773.1573333333333,820.2396666666666,872.7815999999999
2024-04-08,753.83,740.67,757.13,740.67,3384411.8,star50,科创50,789.6855,794.0648,771.6723333333333,819.0615833333334,871.44935
2024-04-09,739.39,749.63,749.86,736.89,2849718.86,star50,科创50,787.007,791.4304,770.4353333333333,817.8630833333333,870.03475
2024-04-10,749.22,735.73,749.58,732.47,2716848.42,star50,科创50,782.8715,788.1192,769.2353333333333,816.4943333333334,868.5801999999999
2024-04-11,735.67,738.67,746.91,735.67,3488041.18,star50,科创50,778.9174999999999,784.9552,768.4726666666667,815.2189166666667,867.07625
2024-04-12,742.93,738.43,747.5,738.33,3771824.35,star50,科创50,775.0925,782.0164,767.731,814.0889166666667,865.59185
2024-04-15,739.2,750.9,755.18,738.54,4124980.49,star50,科创50,772.3945,780.2828,767.2935,812.9948333333334,864.1770999999999
2024-04-16,746.88,733.15,749.12,732.89,3434063.35,star50,科创50,768.6185,777.4808,766.3483333333334,811.8564166666667,862.5784499999999
2024-04-17,737.66,750.89,751.2,735.21,3633331.17,star50,科创50,764.893,774.7788,765.8905,810.8629999999999,861.05565
2024-04-18,747.13,745.69,757.75,741.2,3382155.19,star50,科创50,761.589,771.8964,765.4285,809.8953333333334,859.50705
2024-04-19,741.29,730.56,741.92,729.57,3383407.11,star50,科创50,757.4155,768.5216,764.6478333333333,808.9821666666667,858.05875
2024-04-22,723.41,731.81,735.97,719.12,3165778.82,star50,科创50,753.699,765.5996,764.2273333333334,807.9921666666667,856.66625
2024-04-23,732.87,727.85,736.36,724.9,2812687.45,star50,科创50,750.3815,762.3667999999999,763.5535000000001,806.9855000000001,855.24875
2024-04-24,731.71,738.63,739.01,728.38,3059971.94,star50,科创50,748.2305,758.8960000000001,763.1061666666667,806.0631666666666,853.9008
2024-04-25,735.56,733.34,740.47,730.61,2931310.54,star50,科创50,746.2929999999999,755.7588000000001,762.958,804.99225,852.5602
2024-04-26,733.02,752.25,753.15,733.02,4731268.01,star50,科创50,746.2645,753.2876000000001,762.9998333333333,803.94325,851.2957000000001
2024-04-29,752.92,776.15,780.2,752.62,6150289.95,star50,科创50,746.9085,752.0879999999999,763.4311666666666,803.1244166666667,850.1344499999999
2024-04-30,773.84,767.46,775.92,765.6,4396129.11,star50,科创50,747.1445,751.0184000000002,763.4590000000001,802.2705833333333,848.8947499999999
2024-05-06,778.99,777.66,785.07,774.04,4485596.84,star50,科创50,747.251,750.8588000000001,763.985,801.5849999999999,847.7544
2024-05-07,776.82,769.79,779.59,768.4,3567658.8,star50,科创50,747.301,750.7667999999999,764.7263333333334,800.7051666666666,846.5928
2024-05-08,769.69,761.66,769.7,760.57,3107833.41,star50,科创50,747.546,751.1203999999999,765.7898333333334,799.6339166666668,845.4418499999999
2024-05-09,762.4,778.87,779.48,762.4,4734200.0,star50,科创50,749.4559999999999,751.7444,767.3568333333334,798.6956666666666,844.36755
2024-05-10,778.15,767.17,778.56,764.44,3634849.71,star50,科创50,750.333,751.9216,768.6428333333333,797.5918333333334,843.19635
2024-05-13,760.1,763.69,769.21,757.96,3503130.05,star50,科创50,751.731,751.4479999999999,770.1474999999999,796.5075833333334,842.0899
2024-05-14,766.65,760.3,769.42,759.43,2655766.51,star50,科创50,752.8125,751.1084,771.5393333333334,795.4288333333334,840.91155
2024-05-15,758.8,749.47,760.08,749.22,2634280.38,star50,科创50,753.3645,750.8168,772.0171666666666,794.2031666666667,839.7011
2024-05-16,753.45,746.47,755.17,745.02,2885701.33,star50,科创50,753.1429999999999,751.0488,772.068,792.8875833333334,838.5093499999999
2024-05-17,743.79,754.42,754.56,741.86,3681129.76,star50,科创50,754.2065,751.2404000000001,772.1166666666667,791.65625,837.38135
2024-05-20,752.2,753.54,761.17,749.81,3995797.88,star50,科创50,754.339,751.9528,771.9536666666667,790.5431666666666,836.2735
2024-05-21,752.29,748.24,755.46,747.31,2666328.43,star50,科创50,754.4665,752.3356,771.8459999999999,789.3503333333334,835.2090499999999
2024-05-22,749.91,754.97,756.7,743.68,5290420.26,star50,科创50,755.687,752.9972,771.8428333333334,788.2031666666667,834.2061499999999
2024-05-23,754.4,742.4,755.4,741.41,3850866.87,star50,科创50,756.2165,752.6572,771.5098333333333,787.01575,833.1654000000001
2024-05-24,741.68,727.21,746.4,726.87,3825927.64,star50,科创50,756.1845000000001,752.4196,770.8886666666666,785.8195000000001,831.97945
2024-05-27,726.37,738.65,739.45,719.54,4062382.73,star50,科创50,756.1855,751.93,770.3913333333334,784.6601666666667,830.8647
2024-05-28,736.7,734.85,746.3,734.58,3601483.14,star50,科创50,756.2610000000001,751.4964,769.357,783.5775,829.7774499999999
2024-05-29,734.29,734.33,741.34,731.53,4155514.55,star50,科创50,755.365,751.6472,768.7360000000001,782.4633333333333,828.6359
2024-05-30,733.55,742.7,746.26,730.34,4103311.89,star50,科创50,753.6924999999999,752.0828,767.6524999999999,781.3865833333333,827.50445
2024-05-31,743.18,743.23,751.4,741.35,3973938.72,star50,科创50,752.481,752.698,766.4481666666667,780.3965000000001,826.3721999999999
2024-06-03,743.61,750.43,754.65,742.2,6255872.97,star50,科创50,751.1195,753.17,765.3135,779.4360833333333,825.28215
2024-06-04,748.3,753.64,755.25,746.53,4153150.93,star50,科创50,750.312,753.982,764.2446666666667,778.4869166666666,824.1985
2024-06-05,752.05,752.04,762.26,751.35,4006234.51,star50,科创50,749.8309999999999,753.9736,763.247,777.5712500000001,823.0798
2024-06-06,756.79,743.23,759.24,741.68,4769920.33,star50,科创50,748.0490000000001,752.6568000000001,762.3968333333333,776.7165,821.95145
2024-06-07,744.39,737.93,749.42,731.52,3893142.42,star50,科创50,746.587,751.4756,761.3089999999999,775.7926666666667,820.81345
2024-06-11,735.84,755.83,756.53,734.76,5128074.89,star50,科创50,746.194,750.6023999999999,760.2655,775.0289166666666,819.80575
2024-06-12,758.38,754.93,761.6,753.61,4829195.39,star50,科创50,745.9255,750.008,759.2185000000001,774.08475,818.78455
2024-06-13,758.61,758.98,765.95,755.61,5719283.62,star50,科创50,746.4010000000001,749.9008,758.2860000000001,773.0885833333333,817.8856
2024-06-14,756.41,754.26,756.53,750.49,9174225.37,star50,科创50,746.7905,748.9164,757.4426666666666,772.1243333333333,817.0044
2024-06-17,749.94,757.11,759.93,748.7,6431348.46,star50,科创50,746.925,748.5140000000001,756.5833333333334,771.2565,816.2026999999999
2024-06-18,757.85,756.9,763.82,753.55,4995782.85,star50,科创50,747.093,748.2424000000001,755.4416666666667,770.4315,815.4782500000001
2024-06-19,758.41,751.69,759.14,747.74,4887360.63,star50,科创50,747.2655,747.8979999999999,754.4403333333333,769.633,814.6848
2024-06-20,752.15,755.15,766.12,749.82,6131198.84,star50,科创50,747.2745,748.1252000000001,753.4590000000001,768.9202499999999,813.9393000000001
2024-06-21,749.73,758.37,758.67,744.5,4484967.4,star50,科创50,748.0730000000001,748.6012,752.6628333333333,768.1911666666667,813.2707
2024-06-24,754.41,739.14,762.15,738.21,6032543.44,star50,科创50,748.6695,747.99,751.7451666666667,767.3864166666667,812.46075
2024-06-25,738.32,717.75,738.8,713.42,5391761.36,star50,科创50,747.6245,746.5584000000001,750.6801666666667,766.3025,811.6522
2024-06-26,719.84,729.64,732.13,713.0,4749645.59,star50,科创50,747.3639999999999,745.8144,749.9726666666667,765.3551666666667,810.873
2024-06-27,725.52,715.36,727.39,715.17,3609830.11,star50,科创50,746.4155,744.23,749.3483333333332,764.3396666666667,810.0978
2024-06-28,713.36,712.08,724.9,710.54,4363865.7,star50,科创50,744.8845,743.0172,748.4951666666667,763.3965000000001,809.2572500000001
2024-07-01,711.65,709.6,714.13,699.42,3616060.95,star50,科创50,743.203,742.3128,747.6095,762.3926666666666,808.2229500000001
2024-07-02,709.15,699.12,709.17,697.54,3337305.08,star50,科创50,740.6375,740.7316000000001,746.336,761.1320833333333,807.0203
2024-07-03,698.96,701.78,707.36,692.81,3651574.94,star50,科创50,738.0445,739.4088,745.2191666666666,759.88025,805.8161500000001
2024-07-04,702.09,690.38,704.78,689.92,3214600.85,star50,科创50,734.9615000000001,737.6508,744.1128333333332,758.6350833333332,804.5941
2024-07-05,688.53,698.85,699.97,683.4,3309481.43,star50,科创50,732.7425,735.8968,743.4158333333334,757.5440833333334,803.3761999999999
2024-07-08,700.02,692.49,703.63,689.85,4069669.69,star50,科创50,730.4705,733.8672,742.4635,756.4494166666666,802.1855
2024-07-09,689.79,709.89,712.19,689.42,5162517.3,star50,科创50,728.1735000000001,732.2456,742.0328333333333,755.6340833333333,801.0619499999999
2024-07-10,707.19,710.37,715.71,706.79,3819612.72,star50,科创50,725.9455,730.5147999999999,741.5611666666667,755.0169166666667,800.11465
2024-07-11,722.04,718.04,725.02,712.0,4629140.72,star50,科创50,723.8985,729.1547999999999,741.2213333333333,754.4761666666667,799.1972999999999
2024-07-12,713.31,718.37,721.46,711.16,3760649.41,star50,科创50,722.104,728.1604,740.6791666666667,753.9863333333334,798.2515999999999
2024-07-15,716.48,715.86,720.42,712.79,3558115.73,star50,科创50,720.0415,727.2775999999999,740.391,753.3696666666667,797.3228
2024-07-16,712.76,732.06,732.69,711.71,4501738.2,star50,科创50,718.7995,726.3268,740.0771666666666,752.9838333333333,796.5374499999999
2024-07-17,733.07,729.0,735.71,729.0,4486988.56,star50,科创50,717.665,725.2896000000001,739.7989999999999,752.6137500000001,795.77845
2024-07-18,721.76,735.41,738.73,718.52,5243330.46,star50,科创50,716.678,724.3468,739.8798333333333,752.2638333333332,795.02045
2024-07-19,731.41,749.47,751.2,731.4,5798443.64,star50,科创50,716.233,724.1551999999999,740.1741666666668,752.20075,794.37015
2024-07-22,749.32,752.0,756.68,747.38,4805975.61,star50,科创50,716.876,723.9507999999998,740.5766666666666,752.0650833333333,793.76205
2024-07-23,750.13,721.11,750.13,720.88,4280816.33,star50,科创50,717.0440000000001,722.5192,740.2846666666667,751.6954166666667,793.0375
2024-07-24,720.47,713.32,726.31,712.33,3735102.87,star50,科创50,716.2280000000001,720.9844,739.9510000000001,751.4545,792.30215
2024-07-25,708.94,713.88,722.6,708.94,3822185.73,star50,科创50,716.154,719.3336,739.3115,751.1556666666668,791.45715
2024-07-26,713.89,719.87,723.49,710.33,3235309.0,star50,科创50,716.5435,717.7936,738.3735,750.9023333333333,790.68375
2024-07-29,719.55,707.6,721.22,707.6,3422028.55,star50,科创50,716.4435,716.5319999999999,737.3758333333334,750.4174166666667,789.8415000000001
2024-07-30,706.86,710.01,712.15,699.9,3247732.41,star50,科创50,716.988,716.2223999999999,736.2483333333333,750.1166666666667,788.9907
2024-07-31,707.66,743.37,744.0,707.2,4984922.35,star50,科创50,719.0675,716.7715999999999,735.8079999999999,750.2671666666666,788.2685500000001
2024-08-01,745.96,738.87,748.77,735.58,4276191.29,star50,科创50,721.492,717.712,735.4281666666667,750.6089999999999,787.52685
2024-08-02,730.65,725.66,742.23,723.56,3681618.76,star50,科创50,722.8325000000001,718.2552000000001,734.5413333333332,750.9490833333333,786.7449500000001
2024-08-05,719.16,704.3,730.29,704.26,4559448.96,star50,科创50,723.423,718.0432000000001,733.4935,751.0681666666666,785.7991999999999
2024-08-06,714.49,713.86,717.19,705.02,3806705.97,star50,科创50,723.6215,718.6328,732.663,751.40525,784.8685999999999
2024-08-07,712.74,707.59,716.26,706.83,2723499.75,star50,科创50,723.4825000000001,718.8652000000001,731.7845,751.6619166666666,783.94795
2024-08-08,703.06,708.92,716.6,699.7,3154692.87,star50,科创50,723.0264999999999,719.6067999999999,731.1086666666667,751.5629166666665,783.1223999999999
2024-08-09,717.14,705.55,719.43,705.55,2925715.29,star50,科创50,722.3855000000001,719.8747999999999,730.4266666666666,751.2473333333332,782.2392000000001
2024-08-12,704.37,707.33,709.21,702.95,2686666.17,star50,科创50,721.9590000000001,720.4684,729.6418333333334,750.87925,781.42705
2024-08-13,707.7,710.75,710.89,702.91,2627610.72,star50,科创50,720.8935,720.5028,728.9286666666667,750.4411666666667,780.6303
2024-08-14,711.66,700.93,711.94,700.85,2440185.95,star50,科创50,719.49,720.1252000000001,728.1401666666667,749.9930833333333,779.8258999999999
2024-08-15,699.09,707.55,714.46,697.86,3436488.4,star50,科创50,718.097,719.7056,727.3498333333334,749.5963333333333,779.16295
2024-08-16,707.39,705.22,710.99,703.58,2701078.0,star50,科创50,715.8844999999999,719.1796,726.7301666666666,749.12,778.436
2024-08-19,705.04,703.32,712.01,703.0,2732887.47,star50,科创50,713.4505,718.678,726.332,748.6103333333334,777.70935
2024-08-20,704.12,693.52,705.01,691.65,2517646.3,star50,科创50,712.071,717.1364,725.5798333333333,747.9855833333332,776.9304000000001
2024-08-21,691.13,691.64,698.52,689.38,2279157.81,star50,科创50,710.987,715.6419999999999,724.8596666666667,747.1083333333333,776.07935
2024-08-22,692.19,685.53,695.48,683.88,2814610.16,star50,科创50,709.5695,713.6468,724.0463333333333,746.3911666666667,775.1163499999999
2024-08-23,683.59,685.76,688.33,676.23,2502243.73,star50,科创50,707.8639999999999,711.0984000000001,723.0973333333334,745.3749166666668,774.1731
2024-08-26,684.77,682.5,688.92,679.61,2649569.7,star50,科创50,706.609,708.3184000000001,722.0851666666666,744.2666666666667,773.2360000000001
2024-08-27,679.75,674.35,679.75,672.46,2741121.98,star50,科创50,704.826,706.448,720.8171666666666,743.0653333333335,772.3081
2024-08-28,672.97,671.22,675.11,669.13,2429832.03,star50,科创50,701.2185,704.7640000000001,719.4435,741.8440833333333,771.2873500000001
2024-08-29,667.88,679.59,683.33,666.41,2962574.23,star50,科创50,698.2545,703.3924000000001,718.236,740.7415000000001,770.23425
2024-08-30,678.61,694.16,700.03,677.54,4662045.47,star50,科创50,696.6795,702.364,717.4181666666667,739.9074999999999,769.2477500000001
2024-09-02,693.67,670.01,694.42,670.01,4081798.47,star50,科创50,694.9649999999999,700.8603999999999,716.2861666666668,738.7975833333334,768.09965
2024-09-03,670.06,674.96,681.48,670.06,3065558.68,star50,科创50,693.02,699.4584,714.9383333333334,737.6019166666666,767.00545
2024-09-04,668.93,672.28,679.17,666.9,2410357.93,star50,科创50,691.2544999999999,696.6148000000001,713.5608333333333,736.3896666666666,765.9181
2024-09-05,673.0,671.26,680.79,668.46,2428292.93,star50,科创50,689.3715,693.9104,712.0988333333333,735.1924166666666,764.7916499999999
2024-09-06,672.62,662.34,673.97,662.34,2469389.06,star50,科创50,687.211,691.3775999999999,710.5668333333334,734.00475,763.5816500000001
2024-09-09,659.5,654.94,665.67,652.93,2497327.04,star50,科创50,684.5915,689.4032000000001,708.864,732.7236666666666,762.34545
2024-09-10,656.04,660.01,663.83,648.62,2494265.07,star50,科创50,682.0545,687.2492,707.2491666666666,731.3454166666667,761.2099499999999
2024-09-11,657.39,664.33,665.77,656.82,2923350.92,star50,科创50,680.2245,685.5187999999999,705.7931666666666,730.1167499999999,760.0747
2024-09-12,666.22,658.85,671.87,658.67,3008276.53,star50,科创50,677.7895000000001,683.5160000000001,704.1881666666666,728.8235833333333,758.9057999999999
2024-09-13,658.98,655.05,662.89,650.7,3463604.91,star50,科创50,675.281,681.4960000000001,702.4661666666667,727.5645000000001,757.7566
2024-09-18,654.51,647.41,654.51,641.91,2991564.33,star50,科创50,672.4855,679.0992,700.9373333333334,726.34125,756.63985
2024-09-19,649.73,651.47,658.36,642.79,3470595.92,star50,科创50,670.383,676.7280000000001,699.8326666666667,725.2564166666667,755.5083500000001
2024-09-20,651.82,648.36,654.16,642.6,2868887.78,star50,科创50,668.2189999999999,674.6252000000001,698.478,724.2253333333333,754.4263000000001
2024-09-23,649.0,643.04,654.24,643.04,2757706.2,star50,科创50,666.0945,672.0448,697.2726666666666,723.3105,753.3013500000001
2024-09-24,648.13,667.05,667.27,640.35,5112010.2,star50,科创50,665.159,670.518,696.5221666666667,722.5086666666666,752.27705
2024-09-25,673.18,667.34,684.43,667.07,5226222.88,star50,科创50,664.4010000000001,669.0788,695.8178333333333,721.7136666666667,751.30355
2024-09-26,667.55,693.15,693.46,663.16,5363971.29,star50,科创50,665.341,669.0640000000001,695.7183333333334,721.0271666666666,750.4409
2024-09-27,704.52,740.02,742.96,704.29,5008501.83,star50,科创50,668.7810000000001,670.9992,696.3556666666666,720.7874166666667,749.8033
2024-09-30,782.31,872.37,872.37,776.45,16375278.56,star50,科创50,678.4200000000001,678.4728,699.3888333333333,721.7508333333334,749.8555499999999
2024-10-08,1045.05,1023.97,1045.05,972.34,22913905.63,star50,科创50,694.9105000000001,692.0011999999999,704.8075,724.1116666666666,750.7464
2024-10-09,993.78,997.85,1084.68,958.46,23675125.12,star50,科创50,711.3025,704.6152000000001,709.8968333333333,726.1801666666668,751.4917
2024-10-10,1014.36,954.17,1016.57,940.09,15416339.47,star50,科创50,725.263,715.8079999999999,713.9681666666667,728.0005,752.0251499999999
2024-10-11,939.57,898.9,946.52,889.11,10576824.33,star50,科创50,736.594,724.9152,717.1103333333333,729.33575,752.1785000000001
2024-10-14,904.14,925.96,931.81,873.52,10766266.78,star50,科创50,749.329,734.77,720.5756666666667,730.8985,752.4157
2024-10-15,920.99,898.83,942.25,898.83,9319970.92,star50,科创50,761.1535,742.9568,723.5833333333334,732.13125,752.56
2024-10-16,874.27,875.69,896.31,872.16,7331046.96,star50,科创50,772.191,751.184,726.2471666666667,733.3190833333333,752.6322
2024-10-17,897.2,879.1,901.12,878.74,7469985.68,star50,科创50,783.1455,759.3495999999999,728.6978333333334,734.3875,752.7482000000001
2024-10-18,879.95,978.66,1008.07,876.68,15263470.34,star50,科创50,798.862,771.6048000000001,732.8588333333335,736.3289166666667,753.40395
2024-10-21,999.54,1000.37,1063.85,977.88,18482344.44,star50,科创50,815.938,784.7692,737.2748333333333,738.5773333333333,754.2024
2024-10-22,988.7,985.83,1002.96,969.86,12992852.99,star50,科创50,832.4770000000001,797.7087999999999,741.2141666666666,740.6941666666667,754.9022499999999
2024-10-23,976.25,979.15,1003.96,971.69,12618162.18,star50,科创50,849.064,810.6772,745.0,742.7883333333333,755.61945
2024-10-24,968.99,977.6,988.04,968.49,8686647.19,star50,科创50,865.3705,823.3808,749.2748333333333,744.77975,756.2683499999999
2024-10-25,981.41,991.22,1016.08,974.48,11573895.43,star50,科创50,882.5135,836.4564,753.9064999999999,746.9287499999999,757.0078499999998
2024-10-28,988.43,986.56,991.13,976.52,9078481.56,star50,科创50,899.6895000000001,849.5648000000001,758.4511666666666,748.8813333333333,757.75455
2024-10-29,988.5,975.37,1006.86,975.03,10392134.35,star50,科创50,915.1054999999999,862.3775999999999,762.7095,750.5414999999999,758.5051000000001
2024-10-30,967.84,958.82,976.4,949.33,9628935.41,star50,科创50,929.6795,874.834,766.8965000000001,752.1361666666667,759.1489
2024-10-31,960.68,969.45,978.18,947.58,10800360.35,star50,科创50,943.4945,887.5532000000001,771.2204999999999,753.7344166666667,759.7442
2024-11-01,960.21,939.76,967.84,939.76,8677599.33,star50,科创50,953.4815000000001,899.2092,774.4936666666667,755.1508333333333,760.183
2024-11-04,938.19,954.67,955.9,937.97,6225984.93,star50,科创50,957.5965,911.6744,778.0903333333333,756.75925,760.75735
2024-11-05,954.14,996.17,997.89,950.39,11675702.1,star50,科创50,956.2065,924.8392,782.5988333333333,758.5700833333334,761.58935
2024-11-06,1002.06,998.09,1017.12,986.43,12651364.78,star50,科创50,956.2185000000002,938.0692,787.4953333333334,760.4944166666667,762.4605500000001
2024-11-07,986.5,1028.44,1038.03,984.56,12841138.36,star50,科创50,959.932,951.4808,792.7383333333333,762.7006666666667,763.5641
2024-11-08,1053.45,1025.64,1070.95,1025.43,16971439.8,star50,科创50,966.269,962.9055999999999,798.0391666666668,764.9118333333333,764.77015
2024-11-11,1033.55,1073.84,1074.52,1028.1,18141670.34,star50,科创50,973.6629999999999,970.9644000000001,804.1211666666666,767.6149166666667,766.2247
2024-11-12,1070.64,1050.54,1080.57,1040.91,15145699.84,star50,科创50,981.2485,972.0272,809.871,770.1488333333332,767.59165
2024-11-13,1042.2,1061.37,1062.65,1039.58,10914572.43,star50,科创50,990.5324999999999,974.568,815.7716666666668,772.7067499999999,768.9492
2024-11-14,1056.21,1027.32,1065.2,1024.55,9515900.28,star50,科创50,997.9435,977.4940000000001,821.0478333333334,774.98825,770.194
2024-11-15,1024.6,986.88,1030.27,986.86,9688502.59,star50,科创50,998.3545,981.0131999999999,825.8136666666667,776.9769166666666,771.26135
2024-11-18,989.4,968.71,1001.99,962.83,8659257.6,star50,科创50,996.7715000000001,982.7232,830.1663333333332,778.7580833333334,772.2179
2024-11-19,974.0,998.01,999.96,960.01,7589636.3,star50,科创50,997.3805,986.6904,835.0461666666667,780.8881666666667,773.42275
2024-11-20,992.67,1002.54,1008.56,988.26,6814794.98,star50,科创50,998.55,991.7644,840.0331666666667,783.1825833333332,774.59405
2024-11-21,1002.97,1011.46,1020.0,999.56,7302215.61,star50,科创50,1000.243,997.0588,845.3321666666667,785.456,775.824
2024-11-22,1011.64,969.35,1018.51,968.96,7970465.74,star50,科创50,999.1494999999999,996.6864,849.9606666666666,787.4101666666667,776.9596
2024-11-25,970.82,957.92,974.29,941.21,6822988.64,star50,科创50,997.7175000000001,994.9884,854.5005,789.2734166666668,778.0004999999999
2024-11-26,955.58,951.59,967.92,950.51,5165968.89,star50,科创50,996.5285,993.6188000000001,858.931,791.0141666666666,779.0070999999999
2024-11-27,947.95,985.97,987.98,940.87,7326822.82,star50,科创50,997.8859999999999,993.8916,863.9888333333333,793.037,780.1079999999998
2024-11-28,985.79,983.68,1003.42,981.37,7028521.83,star50,科创50,998.5975000000001,994.1348000000002,869.1443333333334,794.9807500000001,781.2959000000001
2024-11-29,980.43,1007.39,1024.53,978.39,8800844.99,star50,科创50,1001.9789999999999,994.7816,874.7471666666667,797.0953333333333,782.7063
2024-12-02,1008.71,1015.79,1022.59,1002.06,8820938.02,star50,科创50,1005.0350000000001,995.9507999999998,880.3505,799.2932500000001,784.296
2024-12-03,1017.07,1005.26,1021.7,997.11,7720460.2,star50,科创50,1005.4894999999999,997.1464,885.5355,801.4768333333334,785.8980500000001
2024-12-04,1020.08,999.36,1023.06,995.2,8857068.63,star50,科创50,1005.5529999999999,998.768,891.0246666666666,803.6554166666666,787.4448
2024-12-05,993.17,1001.84,1006.57,992.89,5908006.06,star50,科创50,1004.223,1000.0636,896.4726666666667,805.7054999999999,789.0869499999999
2024-12-06,1004.77,1014.45,1024.84,994.63,8098860.55,star50,科创50,1003.6635,1003.0512000000001,902.1754999999999,807.8681666666668,790.7752500000001
2024-12-09,1012.88,1003.38,1016.94,995.41,6743423.15,star50,科创50,1000.1405000000001,1004.9995999999999,907.7108333333332,809.9048333333334,792.1881500000001
2024-12-10,1051.53,1010.91,1051.9,1008.5,8977200.09,star50,科创50,998.159,1005.5892,913.5203333333334,812.0435833333333,793.5255999999999
2024-12-11,1007.55,1007.19,1016.83,1004.36,8299324.54,star50,科创50,995.45,1005.9532,919.3911666666667,814.1275833333333,794.80405
2024-12-12,1008.14,1010.9,1014.56,999.06,7958719.97,star50,科创50,994.6290000000001,1005.2515999999999,925.2393333333333,816.24425,796.04195
2024-12-13,1003.99,989.78,1009.35,988.73,14934245.3,star50,科创50,994.774,1003.8172,930.6635000000001,818.2283333333332,797.21735
2024-12-16,990.57,975.27,992.36,971.1,8349274.56,star50,科创50,995.1020000000001,999.8743999999999,935.9371666666667,820.0626666666667,798.3178999999999
2024-12-17,974.04,967.28,980.57,965.49,5402826.05,star50,科创50,993.5654999999999,996.5440000000001,941.141,821.8035833333332,799.3424
2024-12-18,970.46,981.51,984.76,965.56,5571287.91,star50,科创50,992.5140000000001,993.3495999999999,946.7093333333333,823.8233333333333,800.42755
2024-12-19,969.38,993.0,997.8,967.86,6598085.29,star50,科创50,991.591,991.9767999999999,952.4015,826.1170833333332,801.5501
2024-12-20,990.06,1011.21,1024.72,989.41,9476242.95,star50,科创50,993.684,992.95,958.4490000000001,828.4635,802.6216000000001
2024-12-23,1011.19,998.61,1025.81,996.89,8787624.26,star50,科创50,995.7185,994.146,964.3751666666667,830.8239166666666,803.7567
2024-12-24,1002.5,1014.02,1015.87,991.3,6766240.72,star50,科创50,998.8399999999999,994.7864,970.1579999999999,833.3400833333333,804.78825
2024-12-25,1018.57,1017.36,1024.95,1009.71,6963058.01,star50,科创50,1000.4095000000001,995.3792,975.9916666666667,835.90475,805.7976
2024-12-26,1014.07,1027.02,1030.67,1010.94,7254163.93,star50,科创50,1002.5764999999999,996.0016,981.5561666666667,838.63725,806.84015
2024-12-27,1026.71,1018.58,1044.15,1016.98,8452292.94,star50,科创50,1003.1360000000001,997.9707999999998,986.1988333333334,841.2772499999999,807.8442
2024-12-30,1014.78,1020.63,1031.46,1011.1,6874282.91,star50,科创50,1003.378,1000.4792,988.6698333333334,844.0293333333334,808.8878500000001
2024-12-31,1020.52,988.93,1021.41,988.93,7291412.42,star50,科创50,1002.5615000000001,1001.9728,988.0858333333333,846.4466666666666,809.8612999999999
2025-01-02,986.82,955.33,986.82,945.45,7463455.56,star50,科创50,1000.36,1000.7472,987.3771666666668,848.6370000000001,810.6219500000001
2025-01-03,955.72,941.82,963.23,941.25,6029273.67,star50,科创50,997.359,999.0728,987.1713333333335,850.5697500000001,811.23885
2025-01-06,943.76,938.71,949.59,931.0,4947653.89,star50,科创50,993.5719999999999,996.3256,987.8348333333334,852.4725833333333,811.84365
2025-01-07,938.6,965.53,966.07,936.65,5607802.32,star50,科创50,991.6795,994.3151999999999,988.4943333333334,854.535,812.5966500000001
2025-01-08,956.71,965.12,976.62,937.82,6176724.16,star50,科创50,989.39,992.7095999999999,989.5991666666666,856.59125,813.39795
2025-01-09,962.23,961.44,972.47,960.54,5458853.78,star50,科创50,987.1025,991.1928,991.0283333333333,858.63775,814.1618000000001
2025-01-10,962.22,950.59,980.75,950.59,6531860.2,star50,科创50,984.0869999999999,989.1428,992.2198333333333,860.4588333333334,814.78775
2025-01-13,938.38,952.19,955.08,936.78,5182653.63,star50,科创50,982.2075000000001,986.6524,991.7786666666666,862.31875,815.48985
2025-01-14,958.49,981.78,984.03,946.63,7176697.91,star50,科创50,982.533,985.7884000000001,991.4688333333335,864.3718333333334,816.3286
2025-01-15,976.13,977.66,988.86,970.82,6572546.31,star50,科创50,983.052,984.4584000000001,991.3326666666667,866.2734166666668,817.1862000000001
2025-01-16,982.09,956.4,991.9,954.15,7474260.43,star50,科创50,981.7965,982.4268,990.9535,867.97675,817.9972
2025-01-17,949.84,965.9,977.81,947.84,6647670.47,star50,科创50,980.4414999999999,980.6268000000001,990.7585,870.0166666666667,818.91845
2025-01-20,969.84,968.27,978.22,962.4,5655719.26,star50,科创50,978.2945,979.7664,990.376,872.14125,819.8993500000001
2025-01-21,973.91,976.3,980.15,964.86,6415707.62,star50,科创50,977.1789999999999,979.8076000000001,990.205,874.3280833333333,821.01675
2025-01-22,972.21,975.34,980.41,967.67,5477721.68,star50,科创50,975.2449999999999,980.13,990.2044999999999,876.457,822.0771000000001
2025-01-23,987.26,966.11,994.77,966.11,6628418.22,star50,科创50,972.6824999999999,979.5140000000001,990.3259999999999,878.61125,823.0939500000001
2025-01-24,966.09,974.83,980.43,966.09,5455819.53,star50,科创50,970.0730000000001,978.7872,990.4156666666667,880.8180833333333,824.09045
2025-01-27,972.19,955.09,975.96,954.9,5341055.84,star50,科创50,966.8985,976.5424,990.6711666666666,882.5824166666666,825.02195
2025-02-05,989.12,982.83,989.53,974.99,7878300.14,star50,科创50,965.0084999999999,975.9112000000001,991.1405,884.6154166666668,826.1523000000001
2025-02-06,977.02,1011.22,1012.88,975.37,9018979.26,star50,科创50,966.1229999999999,975.7991999999999,991.3913333333334,886.9950833333334,827.5050499999999
2025-02-07,1011.06,1018.8,1035.17,1003.24,10436939.29,star50,科创50,969.2965,975.8568,991.7365000000001,889.6159166666667,828.8508999999999
2025-02-10,1023.02,1036.77,1038.02,1018.37,8218048.21,star50,科创50,974.0440000000001,976.2467999999999,991.8753333333333,892.3068333333333,830.3561
2025-02-11,1034.95,1024.41,1038.6,1018.39,7222297.78,star50,科创50,978.3290000000001,976.48,991.8548333333332,894.947,831.7847999999999
2025-02-12,1026.87,1041.14,1042.13,1021.57,8170072.54,star50,科创50,982.1094999999999,977.3004000000001,991.3098333333334,897.7155,833.29835
2025-02-13,1040.42,1017.09,1041.98,1016.23,7066338.08,star50,科创50,984.708,978.4268000000001,990.7523333333334,900.3116666666667,834.6293000000001
2025-02-14,1012.61,1022.46,1024.96,1008.28,7301721.73,star50,科创50,987.759,981.112,990.1038333333332,902.9377499999999,836.0758500000001
2025-02-17,1030.86,1037.31,1039.75,1026.89,7969161.74,star50,科创50,992.095,984.9316,990.2703333333334,905.6590833333333,837.5079499999999
2025-02-18,1034.63,1011.17,1036.5,1006.94,7837464.91,star50,科创50,995.0439999999999,987.83,990.6751666666667,908.2444166666667,838.8353500000001
2025-02-19,1010.67,1034.57,1035.06,1010.37,9609046.89,star50,科创50,997.6834999999999,990.5916000000001,991.7728333333333,910.9695833333334,840.3553999999999
2025-02-20,1034.79,1033.09,1041.62,1025.92,8316918.95,star50,科创50,1000.4549999999999,993.3104,992.3575,913.7018333333333,841.8618000000001
2025-02-21,1042.4,1094.77,1098.6,1038.85,12631891.68,star50,科创50,1007.3734999999999,998.6436,993.8946666666667,916.9639166666667,843.6964
2025-02-24,1093.03,1100.05,1110.06,1084.57,10077046.69,star50,科创50,1014.0810000000001,1004.622,995.3711666666666,920.3516666666668,845.5034999999999
2025-02-25,1083.94,1102.9,1119.3,1079.49,9926744.42,star50,科创50,1020.8125,1010.6504000000001,997.597,923.7788333333334,847.3513
2025-02-26,1108.58,1126.82,1129.63,1093.27,11777277.72,star50,科创50,1028.3385,1016.452,1000.412,927.45625,849.2241499999999
2025-02-27,1127.25,1126.29,1140.37,1101.52,10598242.13,star50,科创50,1035.886,1022.3971999999999,1003.3236666666667,931.1273333333334,850.9748500000001
2025-02-28,1118.52,1078.8,1123.56,1076.01,11002781.72,star50,科创50,1041.5205,1027.2932,1004.8708333333333,934.4298333333334,852.53155
2025-03-03,1079.64,1062.35,1087.72,1055.77,8962839.15,star50,科创50,1045.8965,1031.1512,1006.182,937.6631666666666,853.955
2025-03-04,1052.47,1080.66,1088.53,1050.25,8109146.21,star50,科创50,1052.175,1035.6468,1007.4031666666666,941.0751666666667,855.5093499999999
2025-03-05,1081.1,1083.82,1090.47,1072.06,7153384.29,star50,科创50,1057.2245,1039.9476,1008.5369999999999,944.44375,857.12015
2025-03-06,1100.44,1121.58,1125.64,1099.72,9563054.94,star50,科创50,1062.7424999999998,1045.7972,1010.4756666666667,948.0055833333334,858.8336999999999
2025-03-07,1113.84,1107.62,1120.98,1102.61,8072358.65,star50,科创50,1067.1834999999999,1051.4576,1012.2800000000001,951.6523333333333,860.5359499999998
2025-03-10,1107.31,1105.16,1111.74,1088.34,7400800.48,star50,科创50,1070.6029999999998,1056.6708,1014.002,955.2373333333334,862.2433
2025-03-11,1086.38,1100.74,1102.91,1085.46,6881114.74,star50,科创50,1074.4195,1062.4968,1015.4401666666668,958.8078333333334,863.9455
2025-03-12,1107.96,1092.71,1112.16,1092.67,6586258.2,star50,科创50,1076.998,1066.892,1016.9290000000001,962.3199166666667,865.6617
2025-03-13,1093.59,1069.7,1094.89,1064.25,7234027.21,star50,科创50,1079.6285,1069.2312000000002,1017.9088333333333,965.7145833333333,867.2778500000001
2025-03-14,1070.8,1088.11,1089.26,1069.01,7303539.08,star50,科创50,1082.911,1072.0035999999998,1019.2574999999999,969.3243333333334,868.9463000000001
2025-03-17,1090.0,1083.21,1090.11,1077.49,6401706.01,star50,科创50,1085.206,1073.8612,1020.4626666666667,972.8510000000001,870.59465
2025-03-18,1087.34,1089.83,1103.48,1087.34,6479306.05,star50,科创50,1089.1390000000001,1076.478,1022.1301666666666,976.3968333333333,872.3026000000001
2025-03-19,1084.9,1076.94,1089.63,1075.1,5410794.08,star50,科创50,1091.2575,1077.91,1023.8246666666666,979.8809166666666,873.9124500000001
2025-03-20,1075.13,1064.79,1076.37,1064.25,5090898.78,star50,科创50,1092.8425000000002,1079.818,1025.4498333333333,983.2954166666666,875.5243999999999
2025-03-21,1063.33,1042.89,1065.41,1036.37,6215120.87,star50,科创50,1090.2485000000001,1080.6352,1026.4728333333333,986.5910833333334,877.1028
2025-03-24,1042.33,1045.94,1048.17,1029.91,5958455.76,star50,科创50,1087.543,1080.9804000000001,1027.3551666666667,989.8783333333334,878.6392500000001
2025-03-25,1045.85,1031.7,1049.31,1028.54,5034329.23,star50,科创50,1083.983,1081.8016,1027.6966666666667,993.0728333333334,880.1234999999999
2025-03-26,1029.81,1029.05,1040.22,1028.8,4228901.73,star50,科创50,1079.0945,1081.5808,1028.204,996.2895833333333,881.5971000000001
2025-03-27,1028.69,1040.57,1053.22,1026.2,5310085.1,star50,科创50,1074.8084999999999,1081.88,1028.6465,999.40225,883.08645
2025-03-28,1037.76,1029.48,1044.92,1029.46,4253169.68,star50,科创50,1072.3425,1079.2684,1028.8485,1002.4200833333332,884.5177
2025-03-31,1024.26,1022.71,1031.34,1011.97,5109654.4,star50,科创50,1070.3605000000002,1076.1748,1028.7766666666666,1005.1664166666667,885.8790999999999
2025-04-01,1027.96,1024.38,1037.32,1022.78,5082442.61,star50,科创50,1067.5465,1073.0339999999999,1028.8733333333334,1007.5360833333333,887.2328
2025-04-02,1021.82,1022.75,1030.91,1020.38,3548016.8,star50,科创50,1064.493,1068.8712,1028.9086666666667,1008.78925,888.5863499999999
2025-04-03,1011.6,1018.07,1030.55,1011.6,4636223.67,star50,科创50,1059.3175,1064.5424,1029.3943333333332,1008.7400833333334,889.9605499999999
2025-04-07,960.49,924.17,982.77,877.71,11689397.92,star50,科创50,1050.145,1058.3572,1028.875,1008.1260833333332,890.89175
2025-04-08,932.24,940.09,950.74,923.67,8946768.93,star50,科创50,1041.8915000000002,1053.4668000000001,1028.8461666666667,1008.0087500000001,891.8130500000001
2025-04-09,922.86,980.57,992.34,917.35,9253875.97,star50,科创50,1035.883,1049.4632000000001,1029.5438333333334,1008.6893333333334,892.94125
2025-04-10,1003.68,991.22,1006.15,985.71,6985864.29,star50,科创50,1030.8085,1045.7592,1029.972,1009.2331666666666,894.10245
2025-04-11,990.83,1011.71,1027.54,987.83,7564116.66,star50,科创50,1027.909,1041.3644,1030.7485,1010.1738333333334,895.3897000000001
2025-04-14,1018.26,1014.28,1025.44,1006.17,5538086.71,star50,科创50,1024.2175,1037.6308,1031.6291666666666,1011.3287500000001,896.67555
2025-04-15,1011.67,1006.34,1012.02,995.82,4102085.46,star50,科创50,1020.374,1033.678,1032.5583333333334,1012.3890833333334,897.92275
2025-04-16,1016.76,1014.51,1017.14,996.4,4615820.74,star50,科创50,1016.608,1030.2287999999999,1033.597,1012.6878333333333,899.2368500000001
2025-04-17,1007.63,1016.81,1024.04,1006.77,3748532.89,star50,科创50,1013.6015,1027.1928,1034.1808333333333,1012.8248333333333,900.54515
2025-04-18,1011.51,1008.6,1012.93,1003.43,3000959.71,star50,科创50,1010.792,1024.7487999999998,1034.6965,1013.0145833333333,901.7962999999999
2025-04-21,1012.81,1019.41,1021.38,1008.56,3394109.0,star50,科创50,1009.618,1022.0008,1035.7466666666667,1013.3500833333334,903.19765
2025-04-22,1018.42,1016.22,1023.5,1012.6,4275467.0,star50,科创50,1008.1320000000002,1019.3212,1036.5853333333332,1013.6719166666667,904.69
2025-04-23,1019.02,1012.65,1022.66,1010.09,4055068.0,star50,科创50,1007.1795,1016.234,1037.325,1013.8505,906.10505
2025-04-24,1012.33,1003.32,1012.4,1000.46,3606206.0,star50,科创50,1005.893,1013.2892000000002,1037.7753333333333,1013.9901666666667,907.54485
2025-04-25,1003.87,1004.57,1011.59,997.98,3886927.0,star50,科创50,1004.0930000000001,1010.8804000000001,1038.2625,1014.2335,909.0073
2025-04-28,1004.05,1002.83,1008.59,997.9,3572348.0,star50,科创50,1002.7605,1009.278,1038.8745000000001,1014.60025,910.4734499999998
2025-04-29,996.97,1003.87,1005.71,994.22,4004222.0,star50,科创50,1001.8185,1007.5952000000001,1039.3585,1014.8870833333333,911.9972
2025-04-30,1000.65,1012.42,1014.37,1000.65,5521387.0,star50,科创50,1001.2205,1006.824,1040.314,1015.4925833333333,913.5504
2025-05-06,1016.44,1026.52,1027.02,1013.58,5396841.0,star50,科创50,1001.409,1006.7228,1041.0421666666666,1016.0913333333333,915.2311
2025-05-07,1044.17,1030.19,1044.57,1021.79,5556163.0,star50,科创50,1002.015,1006.3076,1041.3583333333333,1016.3748333333333,916.8878
2025-05-08,1024.97,1026.44,1030.09,1022.49,4399338.0,star50,科创50,1007.1285,1006.186,1041.4856666666667,1016.6110833333333,918.5575499999999
2025-05-09,1020.79,1006.32,1020.79,1006.32,4559588.0,star50,科创50,1010.4399999999999,1005.5304000000001,1040.9781666666668,1016.42675,920.0397
2025-05-12,1008.96,1011.23,1016.73,1004.49,5127871.0,star50,科创50,1011.973,1005.0044,1040.7585000000001,1016.3066666666667,921.5440000000001
2025-05-13,1020.34,1009.68,1021.53,1009.63,5850734.0,star50,科创50,1012.896,1004.4816000000001,1040.2341666666666,1015.772,923.0022
2025-05-14,1014.1,1013.77,1021.39,1006.51,4867945.0,star50,科创50,1012.999,1004.3096,1040.1788333333334,1015.4655833333334,924.4792
2025-05-15,1011.57,1000.97,1011.69,999.26,3808564.0,star50,科创50,1012.3335000000001,1007.3815999999999,1039.8206666666667,1014.96225,925.9047499999999
2025-05-16,997.45,995.24,999.41,991.42,3635157.0,star50,科创50,1011.7785,1009.5876,1039.1195,1014.6949166666667,927.22065
2025-05-19,994.28,995.25,998.62,985.98,4313331.0,star50,科创50,1010.8154999999999,1010.1748,1038.8541666666667,1014.7646666666666,928.5519
2025-05-20,995.75,997.68,1002.0,993.69,3659943.0,star50,科创50,1009.859,1010.4332,1038.2393333333334,1015.0060833333333,929.86325
2025-05-21,996.66,995.49,999.96,993.74,3985852.0,star50,科创50,1009.2035,1009.7843999999999,1037.6126666666667,1014.9850833333333,931.0933499999999
2025-05-22,994.08,990.71,1000.38,989.06,3483059.0,star50,科创50,1007.7684999999999,1008.8416000000001,1035.8783333333333,1014.8865000000001,932.2869000000001
2025-05-23,989.71,980.58,997.02,980.58,3966570.0,star50,科创50,1005.9865,1007.8112,1033.8871666666666,1014.6291666666667,933.58425
2025-05-26,982.07,982.26,985.47,978.14,3329971.0,star50,科创50,1004.467,1006.5212000000001,1031.8765,1014.7367499999999,934.92895
2025-05-27,982.02,972.92,983.43,972.67,3462665.0,star50,科创50,1002.9470000000001,1004.7656,1029.3115,1014.8617499999999,936.2241499999999
2025-05-28,973.9,970.64,975.86,969.68,2998876.0,star50,科创50,1001.2505000000001,1003.2472,1026.7173333333333,1015.0205,937.4780000000001
2025-05-29,972.26,986.3,986.45,970.69,3588304.0,star50,科创50,1000.424,1001.9227999999999,1025.1756666666665,1015.02325,938.8715
2025-05-30,981.35,977.03,981.35,974.11,3491034.0,star50,科创50,999.082,1000.3552000000001,1023.7536666666667,1014.9678333333334,940.2066
2025-06-03,977.23,981.71,987.62,976.11,5885200.0,star50,科创50,997.5465,999.1175999999999,1022.1045,1014.7538333333334,941.3982999999998
2025-06-04,982.36,986.11,988.16,981.62,3883379.0,star50,科创50,995.5260000000001,998.4292,1020.4760000000001,1014.5065,942.6345
2025-06-05,987.53,996.41,997.93,982.85,4160004.0,star50,科创50,993.8369999999999,998.1028,1018.3898333333333,1014.43275,943.98825
2025-06-06,995.31,991.64,995.7,989.15,3692986.0,star50,科创50,992.0970000000001,997.6552,1016.4568333333333,1014.3684166666667,945.42495
2025-06-09,991.31,997.61,1002.4,989.53,4288596.0,star50,科创50,991.6614999999999,997.4047999999999,1014.6643333333334,1014.3331666666668,946.8437000000001
2025-06-10,1004.55,982.9,1004.78,978.79,5790864.0,star50,科创50,990.2450000000001,996.224,1012.7003333333333,1014.07025,948.22025
2025-06-11,982.6,980.93,990.14,980.29,4316856.0,star50,科创50,988.8075000000001,994.4004,1010.8373333333333,1013.8831666666666,949.5803
2025-06-12,978.69,977.97,982.12,974.63,4688914.0,star50,科创50,987.0175000000002,992.3116,1009.3085,1013.6086666666666,950.9423999999999
2025-06-13,971.69,972.94,978.42,966.87,9098951.0,star50,科创50,985.616,990.1716,1007.3889999999999,1013.3232499999999,952.27045
2025-06-16,968.19,970.89,975.54,968.19,4908353.0,star50,科创50,984.3985,988.7544,1005.517,1012.9898333333333,953.5711500000001
2025-06-17,971.53,963.08,972.2,960.64,4445141.0,star50,科创50,982.7900000000002,986.8284,1003.4045,1012.7673333333333,954.8819
2025-06-18,962.24,968.18,971.8,960.02,4188414.0,star50,科创50,981.3150000000002,985.1684,1001.5918333333334,1012.70825,956.1850499999999
2025-06-19,966.92,962.94,974.48,960.54,4056253.0,star50,科创50,979.6875,983.1351999999999,999.8943333333334,1012.6720833333333,957.4736499999999
2025-06-20,963.78,957.87,967.98,956.87,4374142.0,star50,科创50,978.0455,981.4112000000001,998.4773333333335,1012.4750833333334,958.7464
2025-06-23,952.33,961.49,966.19,952.33,4664690.0,star50,科创50,977.091,980.0612,997.0698333333333,1012.2125,960.08625
2025-06-24,963.79,978.71,980.52,963.79,4955202.0,star50,科创50,976.9135,979.3996000000001,996.1866666666666,1011.9416666666667,961.5216
2025-06-25,979.97,995.61,996.66,976.16,5760879.0,star50,科创50,978.048,979.3168,995.6293333333334,1011.9166666666666,963.072
2025-06-26,995.57,989.97,1005.89,989.97,5250056.0,star50,科创50,979.0145,979.096,994.7860000000001,1011.71625,964.59305
2025-06-27,996.68,988.21,998.58,987.83,4973668.0,star50,科创50,979.11,978.9959999999999,994.0981666666667,1011.4733333333332,966.1216000000001
2025-06-30,992.3,1003.41,1004.47,992.3,5736739.0,star50,科创50,980.4290000000001,979.9091999999999,993.7764999999999,1011.2765833333334,967.7669000000001
2025-07-01,1002.09,994.8,1002.09,992.55,4880849.0,star50,科创50,981.0835,980.4108,993.2835,1011.0784166666667,969.3847999999999
2025-07-02,992.38,982.64,992.47,981.22,5951274.0,star50,科创50,980.9100000000001,980.7996,992.615,1010.7618333333334,970.9000500000001
2025-07-03,984.34,984.95,987.09,980.81,4610810.0,star50,科创50,980.3370000000001,981.3720000000001,992.0630000000001,1010.7286666666666,972.3539999999999
2025-07-04,984.53,984.8,997.41,976.83,5304787.0,star50,科创50,979.9949999999999,981.312,993.0735,1010.97425,973.9279500000001
2025-07-07,983.2,978.29,987.11,976.9,3791107.0,star50,科创50,979.0290000000001,981.3623999999999,993.7101666666666,1011.2781666666666,975.4445999999999
2025-07-08,978.9,991.95,993.19,977.6,6157517.0,star50,科创50,979.4815000000001,981.7719999999999,993.8998333333333,1011.7218333333334,977.04295
2025-07-09,991.34,983.11,993.61,981.5,4702308.0,star50,科创50,979.5905,981.6519999999999,993.7646666666666,1011.8683333333335,978.6022
2025-07-10,981.74,979.99,986.31,978.89,5437181.0,star50,科创50,979.6914999999999,980.9952000000001,993.2360000000001,1011.9922499999999,980.1904499999999
2025-07-11,980.38,994.45,1000.03,979.18,6002557.0,star50,科创50,980.767,981.1076,992.9055000000001,1012.2673333333332,981.888
2025-07-14,995.29,992.39,998.97,992.39,4576455.0,star50,科创50,981.842,980.8988,992.673,1012.6156666666667,983.5499000000001
2025-07-15,990.73,996.25,998.08,986.5,5167869.0,star50,科创50,983.5004999999999,981.4328,992.3686666666667,1012.9828333333334,985.2094999999999
2025-07-16,996.33,997.63,1008.47,994.38,4262078.0,star50,科创50,984.973,982.1008,992.0489999999999,1013.1149166666667,986.9034000000001
2025-07-17,997.71,1005.65,1005.67,992.56,5353465.0,star50,科创50,987.1084999999999,983.2080000000001,991.9998333333333,1013.3481666666667,988.6564
2025-07-18,1008.13,1007.53,1013.12,1003.09,4976351.0,star50,科创50,989.5915000000001,984.5916000000001,991.8018333333333,1013.77425,990.457
2025-07-21,1007.58,1007.89,1010.34,1005.03,5808705.0,star50,科创50,991.9114999999999,986.0715999999999,991.663,1014.1241666666667,992.2390999999999
2025-07-22,1007.51,1016.27,1019.03,1005.84,6977007.0,star50,科创50,993.7895000000001,988.1992,991.7233333333334,1014.5241666666666,994.07865
2025-07-23,1016.58,1020.86,1030.54,1014.84,7053932.0,star50,科创50,995.052,990.3063999999999,992.0156666666667,1014.8955,995.9677499999999
2025-07-24,1019.72,1032.84,1032.84,1019.31,7214478.0,star50,科创50,997.1955,993.1024000000001,992.4868333333333,1015.3746666666667,997.7967
2025-07-25,1032.45,1054.2,1059.73,1028.79,7433888.0,star50,科创50,1000.4949999999999,996.9556,993.3430000000001,1016.10875,999.7310000000001
2025-07-28,1054.91,1055.11,1059.05,1048.55,6319298.0,star50,科创50,1003.0799999999999,1000.7004000000001,994.197,1016.77775,1001.5407999999999
2025-07-29,1053.12,1070.45,1071.44,1051.55,6913306.0,star50,科创50,1006.8625,1004.37,995.1641666666667,1017.7390833333334,1003.19295
2025-07-30,1065.94,1058.57,1073.82,1051.11,6832508.0,star50,科创50,1010.659,1006.8884000000002,995.6983333333334,1018.37025,1004.12395
2025-07-31,1057.32,1047.87,1070.76,1045.45,8360018.0,star50,科创50,1013.805,1009.2044000000001,995.993,1018.6756666666666,1004.24345
2025-08-01,1047.38,1036.77,1056.42,1029.53,6263113.0,star50,科创50,1016.4035,1011.1468000000001,996.1651666666666,1018.8254166666667,1004.43805
2025-08-04,1034.13,1049.41,1049.46,1033.85,5928392.0,star50,科创50,1019.9594999999999,1012.9868000000001,996.8833333333333,1018.93075,1004.91425
2025-08-05,1048.71,1053.65,1054.11,1046.53,5487126.0,star50,科创50,1023.0445,1015.3407999999998,997.5903333333333,1019.1744166666667,1005.6879999999999
2025-08-06,1051.87,1059.76,1060.4,1049.6,6070429.0,star50,科创50,1026.877,1018.4256,998.425,1019.3295833333334,1006.357
2025-08-07,1059.84,1058.21,1069.04,1053.73,6183818.0,star50,科创50,1030.788,1021.3559999999999,999.1656666666665,1019.67225,1007.1539
2025-08-08,1052.46,1043.54,1052.74,1042.84,6792742.0,star50,科创50,1033.2424999999998,1023.7056,999.8751666666667,1019.8479166666667,1007.99315
2025-08-11,1043.23,1049.73,1053.7,1043.08,6343111.0,star50,科创50,1036.1095,1026.5632,1000.7833333333333,1019.9514166666667,1008.8463
2025-08-12,1048.21,1069.81,1077.88,1044.33,7744626.0,star50,科创50,1039.7875,1029.6776,1002.026,1020.4400833333334,1009.30205
2025-08-13,1069.52,1077.7,1079.14,1067.5,7496928.0,star50,科创50,1043.791,1033.4612,1003.3596666666666,1020.7995,1009.6886999999999
2025-08-14,1079.22,1085.74,1109.85,1079.22,9639960.0,star50,科创50,1047.7955000000002,1037.6912,1004.8638333333333,1021.23825,1010.1882500000002
2025-08-15,1079.16,1101.29,1104.5,1077.0,9527128.0,star50,科创50,1052.4834999999998,1041.9648000000002,1006.7068333333334,1021.2925833333334,1010.7989499999999
2025-08-18,1114.32,1124.82,1138.42,1105.58,12605477.0,star50,科创50,1058.33,1047.262,1009.1108333333334,1021.4989999999999,1011.5350500000001
2025-08-19,1122.64,1112.27,1133.63,1111.66,8425769.0,star50,科创50,1063.1299999999999,1051.9028,1011.2776666666666,1021.5770833333333,1012.1403000000001
2025-08-20,1109.7,1148.15,1148.74,1105.27,10004872.0,star50,科创50,1069.4945,1057.9236,1014.1981666666667,1021.7548333333332,1012.9482499999999
2025-08-21,1150.98,1149.15,1173.28,1143.16,9811302.0,star50,科创50,1075.31,1063.6636,1017.1733333333334,1021.9453333333333,1013.81715
2025-08-22,1162.29,1247.86,1248.07,1162.29,16247841.0,star50,科创50,1084.993,1073.2768,1021.5326666666667,1023.3541666666666,1015.26235
2025-08-25,1282.05,1287.73,1320.72,1252.84,18838045.0,star50,科创50,1096.624,1084.4704000000002,1026.711,1025.2323333333334,1016.85375
2025-08-26,1266.59,1270.87,1284.07,1257.44,11376356.0,star50,科创50,1106.645,1094.6544000000001,1031.5303333333334,1026.8174166666665,1018.5092999999999
2025-08-27,1285.44,1272.56,1332.82,1272.55,16118948.0,star50,科创50,1117.3445,1104.7224,1036.3045,1028.39025,1020.09875
2025-08-28,1280.24,1364.6,1365.92,1275.5,19009401.0,star50,科创50,1133.181,1117.9928,1042.441,1030.4154166666665,1021.9408999999999
2025-08-29,1335.65,1341.31,1346.76,1314.74,15616830.0,star50,科创50,1148.408,1129.4772,1048.2688333333333,1032.3628333333334,1023.6569999999999
2025-09-01,1348.53,1357.15,1366.92,1322.8,15438179.0,star50,科创50,1163.795,1141.5587999999998,1054.2611666666667,1034.46275,1025.30055
2025-09-02,1353.94,1328.28,1364.2,1314.12,13393638.0,star50,科创50,1177.5265,1151.872,1060.0175000000002,1036.3589166666668,1026.81375
2025-09-03,1318.51,1306.48,1325.75,1296.71,10937923.0,star50,科创50,1189.8625,1161.7884,1065.4433333333334,1038.1403333333333,1027.97695
2025-09-04,1301.98,1226.98,1304.05,1210.87,15296053.0,star50,科创50,1198.301,1168.9528,1069.5935,1039.451,1028.85915
2025-09-05,1232.21,1268.55,1275.1,1220.78,13659157.0,star50,科创50,1209.5515,1178.224,1074.5203333333332,1040.9546666666668,1029.89505
2025-09-08,1266.47,1275.87,1280.82,1253.73,12953551.0,star50,科创50,1220.8585,1187.2823999999998,1079.6033333333332,1042.5601666666666,1031.1378
2025-09-09,1250.96,1245.53,1271.96,1239.94,11206187.0,star50,科创50,1229.6444999999999,1194.9576000000002,1084.3108333333334,1043.8576666666668,1032.43105
2025-09-10,1253.5,1259.1,1272.91,1246.26,9896437.0,star50,科创50,1238.7145,1202.9312,1089.1595,1045.3756666666666,1033.883
2025-09-11,1254.19,1326.03,1332.76,1244.14,13543504.0,star50,科创50,1250.729,1213.644,1095.211,1047.5526666666667,1035.5230999999999
2025-09-12,1324.84,1338.02,1360.07,1323.45,13696011.0,star50,科创50,1262.5655000000002,1225.4232,1101.5468333333333,1050.0120833333333,1037.2005
2025-09-15,1362.85,1340.4,1366.46,1332.43,14248895.0,star50,科创50,1273.3445,1237.05,1107.862,1052.4659166666665,1038.8452
2025-09-16,1347.2,1358.05,1370.29,1347.2,11586109.0,star50,科创50,1285.6335000000001,1248.5796,1114.1843333333334,1055.1855,1040.7887
2025-09-17,1351.64,1370.43,1378.87,1338.95,12560120.0,star50,科创50,1296.7475,1260.2888,1120.4313333333334,1058.0303333333334,1042.85125
2025-09-18,1385.5,1380.35,1433.57,1351.14,17429025.0,star50,科创50,1308.3075000000001,1272.0731999999998,1126.9376666666665,1060.8618333333334,1044.99505
2025-09-19,1388.86,1362.65,1400.69,1359.29,12139062.0,star50,科创50,1314.047,1282.5276,1133.1783333333335,1063.6382500000002,1046.87845
2025-09-22,1361.25,1408.64,1422.74,1353.71,12651973.0,star50,科创50,1320.0925000000002,1293.8804,1139.9321666666667,1066.8543333333334,1049.00325
2025-09-23,1406.61,1407.3,1419.28,1364.44,15183674.0,star50,科创50,1326.914,1305.6816,1146.8071666666665,1070.0453333333332,1051.0028
2025-09-24,1395.37,1456.47,1479.7,1394.68,19780341.0,star50,科创50,1336.1095,1318.0144,1154.7043333333334,1073.6596666666667,1053.2061999999999
2025-09-25,1449.65,1474.49,1486.43,1448.69,16547220.0,star50,科创50,1341.6039999999998,1331.0279999999998,1162.8633333333335,1077.4631666666667,1055.55235
2025-09-26,1461.95,1450.82,1485.88,1448.96,17251029.0,star50,科创50,1347.0795,1339.1463999999999,1170.6303333333335,1081.8519166666667,1057.80965
2025-09-29,1448.55,1470.41,1470.41,1424.84,15414107.0,star50,科创50,1352.7424999999998,1346.4535999999998,1178.8323333333333,1086.27125,1060.1525
2025-09-30,1488.29,1495.29,1505.91,1478.42,14731506.0,star50,科创50,1361.093,1355.4304000000002,1187.2213333333334,1090.5605833333334,1062.5567
2025-10-09,1526.92,1539.08,1588.83,1522.79,22149716.0,star50,科创50,1372.723,1366.0911999999998,1196.4875,1095.1260833333333,1065.2351999999998
2025-10-10,1511.16,1452.68,1512.34,1444.99,17976513.0,star50,科创50,1384.008,1369.6144,1204.3656666666668,1098.8008333333335,1067.44405
2025-10-13,1409.68,1473.02,1476.13,1409.68,16773966.0,star50,科创50,1394.2314999999999,1374.8828,1212.3418333333332,1102.6236666666666,1069.7732
2025-10-14,1488.05,1410.3,1489.17,1399.97,18468908.0,star50,科创50,1400.953,1377.0088,1219.307,1105.99,1071.7702
2025-10-15,1409.53,1430.0,1430.28,1390.99,12889308.0,star50,科创50,1410.1765,1381.0776,1226.5361666666665,1109.4524166666665,1073.9713
2025-10-16,1419.55,1416.58,1444.23,1409.7,10898137.0,star50,科创50,1418.0504999999998,1385.4816,1233.5186666666666,1112.7838333333334,1076.17785
2025-10-17,1411.74,1363.17,1415.66,1360.45,11679231.0,star50,科创50,1419.9075,1390.9292,1239.4773333333333,1115.7385833333333,1078.1572999999999
2025-10-20,1390.71,1367.9,1397.73,1358.69,9369503.0,star50,科创50,1421.4015,1394.9032,1245.4834999999998,1118.6426666666669,1080.08925
2025-10-21,1374.98,1406.32,1410.07,1368.01,9513313.0,star50,科创50,1424.6975,1400.1212,1252.124,1121.8935,1082.1558499999999
2025-10-22,1392.59,1405.41,1424.23,1380.98,8166757.0,star50,科创50,1427.0655,1406.5163999999997,1258.6096666666667,1125.1664999999998,1084.1268499999999
2025-10-23,1396.09,1401.26,1403.94,1375.75,7774473.0,star50,科创50,1428.607,1412.2028,1264.9496666666669,1128.4826666666668,1086.1401
2025-10-24,1421.21,1462.22,1466.85,1416.46,10817862.0,star50,科创50,1432.7005,1417.6504,1272.106,1132.2964166666668,1088.3811
2025-10-27,1489.66,1484.21,1491.11,1457.65,13207003.0,star50,科创50,1438.7785000000001,1423.4979999999998,1279.2728333333332,1136.3079166666669,1090.71535
2025-10-28,1470.48,1471.73,1496.06,1463.46,10854806.0,star50,科创50,1441.933,1428.7512000000002,1286.2164999999998,1140.20675,1092.9389
2025-10-29,1466.44,1489.12,1495.38,1465.31,12665859.0,star50,科创50,1446.024,1433.994,1293.1943333333334,1144.1792500000001,1095.2916
2025-10-30,1485.94,1461.3,1494.4,1461.3,13581418.0,star50,科创50,1446.2655,1437.6288,1299.9065,1147.8024166666664,1097.49495
2025-10-31,1451.06,1415.53,1452.24,1415.53,14075252.0,star50,科创50,1443.3174999999999,1439.036,1306.0341666666668,1151.0135833333334,1099.62795
2025-11-03,1403.46,1400.86,1406.01,1372.25,13433442.0,star50,科创50,1440.8195,1440.5644,1312.1023333333333,1154.1337500000002,1101.8555999999999
2025-11-04,1406.86,1387.24,1415.73,1378.64,10782302.0,star50,科创50,1436.661,1439.7084,1317.7328333333332,1157.3080833333333,1104.0827
2025-11-05,1355.72,1390.39,1398.37,1355.72,11805661.0,star50,科创50,1431.416,1439.032,1323.3451666666665,1160.46775,1106.3411
2025-11-06,1405.15,1436.86,1442.81,1403.07,13704385.0,star50,科创50,1426.3049999999998,1438.2475999999997,1329.6301666666666,1164.0275833333333,1108.69775
2025-11-07,1420.23,1415.69,1434.39,1414.47,13199185.0,star50,科创50,1424.4555,1435.8956,1335.5881666666667,1167.3769166666668,1110.9506
2025-11-10,1422.32,1407.56,1431.77,1389.77,13447623.0,star50,科创50,1421.1825000000001,1434.1652,1341.6551666666667,1170.7651666666668,1113.1812
2025-11-11,1416.86,1387.53,1423.68,1385.07,11752127.0,star50,科创50,1420.0439999999999,1430.85,1347.2851666666668,1174.03425,1115.3659
2025-11-12,1377.15,1379.45,1388.51,1362.38,12724041.0,star50,科创50,1417.5165,1426.2164000000002,1352.4458333333334,1177.2359166666668,1117.5022
2025-11-13,1376.37,1399.29,1404.63,1373.49,12111630.0,star50,科创50,1416.652,1420.6248,1357.8056666666666,1180.5826666666665,1119.5897499999999
2025-11-14,1379.44,1361.23,1390.62,1361.23,11525900.0,star50,科创50,1416.555,1416.9668,1362.3971666666666,1183.6305,1121.5076
2025-11-17,1363.48,1354.04,1377.55,1344.91,11305955.0,star50,科创50,1415.862,1412.2076000000002,1366.6096666666667,1186.65825,1123.4958
2025-11-18,1350.51,1357.93,1374.03,1348.1,11535985.0,star50,科创50,1413.4425,1410.1127999999999,1370.4948333333334,1189.8028333333334,1125.45595
2025-11-19,1355.13,1344.8,1363.86,1338.45,9006130.0,star50,科创50,1410.412,1406.7048000000002,1374.3703333333333,1192.8239999999998,1127.3385999999998
2025-11-20,1362.85,1328.19,1364.48,1327.29,7747039.0,star50,科创50,1406.7585,1403.1691999999998,1377.371,1195.7845833333333,1129.0980499999998
2025-11-21,1300.48,1285.83,1311.32,1282.45,10070649.0,star50,科创50,1397.939,1400.0756,1379.6490000000001,1198.4111666666665,1130.6505
2025-11-24,1295.88,1296.6,1306.04,1273.49,8813653.0,star50,科创50,1388.5584999999999,1397.2235999999998,1380.4613333333332,1200.997,1132.30295
2025-11-25,1309.67,1302.17,1323.21,1298.85,8273023.0,star50,科创50,1380.0805,1393.0576,1380.702,1203.7065,1133.93965
2025-11-26,1296.46,1315.04,1327.54,1293.18,7815827.0,star50,科创50,1371.3764999999999,1389.4428,1381.4381666666668,1206.4842500000002,1135.7394
2025-11-27,1325.85,1310.7,1351.44,1308.85,8030489.0,star50,科创50,1363.8465,1385.8204,1382.0738333333331,1209.1891666666668,1137.37875
2025-11-28,1307.96,1327.15,1329.33,1303.2,8824692.0,star50,科创50,1359.4275000000002,1380.4176,1381.4496666666666,1211.9453333333333,1138.9584000000002
2025-12-01,1329.42,1336.76,1341.95,1310.42,11191986.0,star50,科创50,1356.2225,1374.5195999999999,1381.3738333333336,1214.8213333333333,1140.5482
2025-12-02,1334.0,1320.16,1335.75,1315.46,7621464.0,star50,科创50,1352.8685,1368.4568,1380.7573333333335,1217.5092499999998,1141.96515
2025-12-03,1317.58,1308.37,1324.71,1303.34,7027058.0,star50,科创50,1348.7675,1361.2268,1380.4255,1220.2214999999999,1143.38495
2025-12-04,1303.99,1326.16,1326.23,1294.76,6778771.0,star50,科创50,1343.2325,1355.8211999999999,1380.7535,1223.0984166666667,1144.8100499999998
2025-12-05,1319.72,1326.1,1330.59,1303.72,7091686.0,star50,科创50,1338.7530000000002,1352.244,1382.4055,1225.9995000000001,1146.3551
2025-12-08,1325.97,1350.8,1360.71,1325.74,8311050.0,star50,科创50,1335.915,1350.2416,1383.7763333333335,1229.1483333333335,1147.9968000000001
2025-12-09,1338.85,1347.11,1358.9,1337.32,7057057.0,star50,科创50,1333.894,1348.6364,1384.9636666666668,1232.2835,1149.5458
2025-12-10,1337.52,1346.7,1350.65,1317.71,8273640.0,star50,科创50,1332.2565,1346.8888,1386.6498333333332,1235.4803333333334,1151.22345
2025-12-11,1349.67,1325.83,1350.87,1325.83,8124996.0,star50,科创50,1328.5835,1342.4476000000002,1387.762,1238.46075,1152.67975
2025-12-12,1324.3,1348.88,1351.56,1314.01,12189711.0,star50,科创50,1327.966,1339.7751999999998,1388.1428333333336,1241.6769166666668,1154.2586999999999
2025-12-15,1333.36,1318.91,1343.78,1318.53,8470120.0,star50,科创50,1326.2095,1336.2292000000002,1387.8243333333332,1244.6855833333334,1155.3794
2025-12-16,1313.53,1293.38,1317.15,1286.25,7330726.0,star50,科创50,1322.982,1332.4632000000001,1387.0406666666668,1247.4513333333334,1156.34605
2025-12-17,1294.7,1325.33,1327.76,1289.24,7738921.0,star50,科创50,1322.0085,1330.2984,1386.4953333333333,1250.3398333333332,1157.4582
2025-12-18,1314.67,1305.97,1323.68,1305.97,6270465.0,star50,科创50,1320.8975,1326.5656,1385.4209999999998,1252.9261666666669,1158.35395
2025-12-19,1314.75,1308.59,1323.86,1306.8,6436585.0,star50,科创50,1322.0355,1324.46,1384.225,1255.5813333333333,1159.2654499999999
2025-12-22,1314.07,1335.25,1338.14,1314.07,8018670.0,star50,科创50,1323.968,1323.7084,1383.7683333333332,1258.4733333333331,1160.5477
2025-12-23,1333.54,1340.02,1348.54,1331.39,7627586.0,star50,科创50,1325.8605000000002,1322.9920000000002,1382.6246666666666,1261.2784166666665,1161.93605
2025-12-24,1342.13,1352.13,1352.74,1332.92,7339090.0,star50,科创50,1327.7150000000001,1323.2852000000003,1381.7051666666669,1264.2561666666666,1163.2934
2025-12-25,1347.78,1349.06,1356.6,1339.97,7262305.0,star50,科创50,1329.633,1324.12,1379.9150000000002,1267.3096666666665,1164.6196
2025-12-26,1346.11,1345.83,1356.11,1339.14,8521601.0,star50,科创50,1330.567,1326.52,1377.7706666666668,1270.317,1165.7408500000001
2025-12-29,1345.98,1346.32,1364.27,1341.94,10390297.0,star50,科创50,1331.045,1328.5088,1376.0289999999998,1273.3296666666668,1166.9343500000002
2025-12-30,1346.13,1359.87,1367.01,1346.03,7941505.0,star50,科创50,1333.0305,1330.8167999999998,1374.1866666666667,1276.5095000000001,1168.2079
2025-12-31,1367.17,1344.2,1368.48,1342.68,7306915.0,star50,科创50,1334.8220000000001,1331.9832000000001,1371.6685,1279.4449166666666,1169.4252
2026-01-05,1360.9,1403.41,1403.53,1360.9,10345466.0,star50,科创50,1338.6844999999998,1335.6916,1369.407333333333,1282.9474166666666,1170.9787
2026-01-06,1401.79,1429.3,1442.1,1400.4,11820332.0,star50,科创50,1343.8445,1339.7776000000001,1369.0176666666666,1286.6916666666666,1172.7767
2026-01-07,1442.51,1443.39,1452.04,1427.98,12338548.0,star50,科创50,1348.474,1344.0428,1368.5238333333332,1290.4328333333333,1174.5531
2026-01-08,1441.19,1455.17,1483.23,1441.19,13482288.0,star50,科创50,1353.877,1349.4432000000002,1369.2716666666665,1294.2893333333334,1176.4129
2026-01-09,1442.22,1475.97,1477.24,1437.58,13306405.0,star50,科创50,1360.3404999999998,1356.1472,1370.037833333333,1298.287,1178.3436
2026-01-12,1490.5,1511.84,1515.11,1478.85,15675919.0,star50,科创50,1369.641,1363.5744,1371.6255000000003,1302.5720833333332,1180.5181
2026-01-13,1508.18,1469.57,1511.65,1460.41,15234747.0,star50,科创50,1375.6754999999998,1369.3132,1373.3988333333332,1306.4380833333335,1182.5420000000001
2026-01-14,1479.3,1500.91,1532.58,1479.3,17779745.0,star50,科创50,1384.7755,1375.3175999999999,1375.6156666666668,1310.5495833333332,1184.8320999999999
2026-01-15,1491.23,1493.95,1504.84,1468.02,14088173.0,star50,科创50,1394.8039999999999,1381.1912,1377.0761666666665,1314.6000833333335,1187.07215
2026-01-16,1509.7,1514.07,1528.78,1495.68,16765776.0,star50,科创50,1404.241,1387.886,1378.8871666666669,1318.7484166666666,1189.4840000000002
2026-01-19,1513.59,1506.86,1525.12,1502.72,12876257.0,star50,科创50,1414.2855,1395.1272,1380.6471666666666,1322.7984166666668,1191.87305
2026-01-20,1508.37,1482.99,1525.81,1473.19,14030658.0,star50,科创50,1423.0055,1400.4916,1380.993333333333,1326.5496666666668,1194.0851499999999
2026-01-21,1482.66,1535.39,1546.05,1482.66,14447414.0,star50,科创50,1433.0125,1409.1508,1381.8463333333334,1330.5595833333332,1196.6147
2026-01-22,1563.38,1541.64,1574.97,1530.25,15212194.0,star50,科创50,1443.0935,1419.0811999999999,1383.0115,1334.6140000000003,1199.20935
2026-01-23,1530.28,1553.71,1553.71,1523.5,21244687.0,star50,科创50,1453.1725,1428.2163999999998,1384.088,1338.6411666666668,1201.856
2026-01-26,1556.57,1532.8,1575.45,1529.32,21231612.0,star50,科创50,1462.3595,1437.2895999999998,1385.2796666666666,1342.5930833333332,1204.40625
2026-01-27,1530.07,1555.98,1562.58,1507.41,19787281.0,star50,科创50,1472.867,1447.1852000000001,1387.6205,1346.8273333333334,1207.0958
2026-01-28,1566.19,1554.8,1569.44,1535.9,15543610.0,star50,科创50,1483.291,1455.9672,1390.1861666666666,1351.14425,1210.24895
2026-01-29,1550.99,1507.64,1560.64,1507.3,16408344.0,star50,科创50,1490.6795,1462.6719999999998,1392.1928333333335,1354.9628333333335,1213.0867
2026-01-30,1501.51,1509.4,1522.33,1465.32,14865583.0,star50,科创50,1498.9395,1468.9628,1394.1763333333333,1358.7607500000001,1215.73085
2026-02-02,1492.81,1450.9,1508.54,1450.1,13153967.0,star50,科创50,1501.3139999999999,1473.0364000000002,1394.4103333333335,1362.02025,1218.02925
2026-02-03,1475.57,1471.07,1478.05,1430.0,13891459.0,star50,科创50,1503.4025,1478.046,1395.3333333333333,1365.46075,1220.32605
2026-02-04,1452.98,1453.48,1455.12,1432.6,15639050.0,star50,科创50,1503.907,1482.3324,1396.0986666666665,1368.8769166666668,1222.52205
2026-02-05,1423.66,1432.52,1441.16,1416.26,15199278.0,star50,科创50,1502.7745,1485.2384,1396.8485,1372.0668333333333,1224.65295
2026-02-06,1415.05,1422.41,1440.81,1405.87,13035099.0,star50,科创50,1500.0965,1488.3668,1397.5645,1375.0051666666666,1226.69245
2026-02-09,1453.54,1458.16,1458.93,1441.9,15747839.0,star50,科创50,1497.4125,1490.5567999999998,1398.5456666666666,1378.1756666666668,1228.8992
2026-02-10,1463.35,1471.5,1485.97,1463.35,11770391.0,star50,科创50,1497.509,1492.2448000000002,1400.3835000000001,1381.3903333333333,1231.2137
2026-02-11,1462.0,1455.11,1467.28,1453.01,8978509.0,star50,科创50,1495.219,1492.7136,1402.068,1384.3388333333335,1233.3922
2026-02-12,1463.61,1480.99,1481.98,1454.63,10015209.0,star50,科创50,1494.5710000000001,1493.7463999999998,1404.119,1387.306916666667,1235.71605
2026-02-13,1470.26,1470.33,1492.09,1466.71,9896616.0,star50,科创50,1492.384,1493.5208000000002,1406.2111666666667,1390.29075,1238.00445
2026-02-24,1493.45,1465.37,1493.77,1453.55,10295969.0,star50,科创50,1490.3095,1491.662,1408.4975,1392.9342499999998,1240.3147
2026-02-25,1468.51,1473.28,1481.29,1454.41,11075883.0,star50,科创50,1489.824,1491.8104,1411.6216666666664,1395.6353333333332,1242.65825
2026-02-26,1478.73,1485.86,1494.75,1456.03,11154134.0,star50,科创50,1487.3475,1491.2084000000002,1414.776,1397.6186666666667,1245.0734000000002
2026-02-27,1468.08,1488.02,1493.52,1463.73,9999772.0,star50,科创50,1484.6665,1490.9712,1417.8735000000001,1399.28775,1247.49415
2026-03-02,1459.78,1464.77,1486.55,1459.51,13427348.0,star50,科创50,1480.2195,1488.9991999999997,1420.369,1400.9035833333332,1249.7558999999999
2026-03-03,1467.76,1388.41,1469.6,1385.59,14302403.0,star50,科创50,1473.0,1484.2612,1421.6641666666667,1401.869,1251.5653499999999
2026-03-04,1380.13,1381.56,1407.0,1376.11,10705585.0,star50,科创50,1464.279,1480.204,1422.5710000000001,1402.0103333333332,1253.3222
2026-03-05,1418.88,1405.35,1423.61,1397.76,11006986.0,star50,科创50,1456.8065,1475.0023999999999,1423.7141666666664,1402.544,1255.21675
2026-03-06,1396.59,1414.39,1422.0,1396.59,9690549.0,star50,科创50,1452.144,1469.9124000000002,1425.2846666666665,1403.0210000000002,1257.2571
2026-03-09,1373.82,1390.48,1398.25,1351.88,11840094.0,star50,科创50,1446.1979999999999,1463.3832,1426.6531666666667,1403.5393333333334,1259.1533499999998
2026-03-10,1417.26,1420.54,1424.72,1402.63,12153403.0,star50,科创50,1444.68,1458.8928,1428.2261666666666,1404.4898333333333,1261.20765
2026-03-11,1421.35,1401.08,1427.1,1400.45,12973679.0,star50,科创50,1441.1805,1452.6968,1429.4758333333334,1405.9406666666666,1263.1442000000002
2026-03-12,1397.78,1383.65,1412.53,1372.97,11759193.0,star50,科创50,1437.689,1445.8508000000002,1430.0233333333333,1406.8998333333334,1265.0576
2026-03-13,1374.65,1373.64,1392.43,1365.62,12002263.0,star50,科创50,1434.7450000000001,1440.4908000000003,1430.4654999999998,1407.7145833333334,1266.9496
2026-03-16,1370.7,1384.99,1386.55,1349.27,10953762.0,star50,科创50,1432.874,1435.5144,1431.1036666666666,1408.8767500000001,1268.8983
2026-03-17,1386.26,1354.15,1390.84,1354.15,9184655.0,star50,科创50,1427.6735,1431.6444000000001,1431.5756666666668,1409.6688333333334,1270.68065
2026-03-18,1363.54,1372.58,1373.86,1348.23,9799866.0,star50,科创50,1422.7275000000002,1427.7048000000002,1431.9706666666666,1410.05675,1272.5661
2026-03-19,1348.55,1339.03,1354.72,1333.68,11052923.0,star50,科创50,1416.9235,1423.1268000000002,1432.3059999999998,1410.0651666666668,1274.3076999999998
2026-03-20,1344.93,1318.31,1347.37,1317.4,14091098.0,star50,科创50,1408.7895,1418.5584,1432.7215,1409.8810833333332,1275.99635
2026-03-23,1292.89,1261.44,1305.79,1254.85,14248101.0,star50,科创50,1398.345,1412.1196000000002,1431.6566666666665,1409.076,1277.3922499999999
2026-03-24,1281.58,1290.79,1291.92,1249.01,11716630.0,star50,科创50,1389.616,1405.4248,1431.4036666666666,1408.4123333333334,1278.9816
2026-03-25,1299.63,1315.41,1326.65,1299.63,11005705.0,star50,科创50,1381.7225,1399.1812,1431.5173333333335,1407.8711666666668,1280.70545
2026-03-26,1313.97,1288.81,1316.46,1285.38,8631770.0,star50,科创50,1371.87,1392.5292,1430.7433333333333,1407.2558333333334,1282.218
2026-03-27,1265.53,1300.76,1308.94,1265.53,8603070.0,star50,科创50,1362.507,1385.32,1430.089,1406.3568333333335,1283.8366500000002
2026-03-30,1278.99,1289.78,1294.54,1269.32,9357204.0,star50,科创50,1353.7575000000002,1378.098,1429.0498333333333,1405.3775,1285.3770000000002
2026-03-31,1283.9,1256.33,1296.03,1256.33,9583190.0,star50,科创50,1347.1535,1369.7363999999998,1427.5043333333333,1403.7096666666666,1286.7281
2026-04-01,1290.64,1298.2,1302.87,1282.31,9826461.0,star50,科创50,1342.9855,1362.7331999999997,1426.7105,1402.2405833333332,1288.23705
2026-04-02,1294.63,1262.18,1294.63,1254.62,7588114.0,star50,科创50,1335.827,1353.786,1425.3081666666667,1400.6685833333333,1289.58975
2026-04-03,1270.94,1256.21,1272.84,1254.76,6706421.0,star50,科创50,1327.9180000000001,1344.5136000000002,1423.5805,1398.8835833333333,1290.88275
2026-04-07,1261.71,1274.01,1286.53,1261.71,6322349.0,star50,科创50,1322.0945,1336.8832,1422.4106666666667,1397.0395833333334,1292.3383000000001
2026-04-08,1317.28,1352.69,1352.69,1316.63,11422568.0,star50,科创50,1318.7019999999998,1335.4544,1421.5653333333335,1395.4863333333335,1294.1971
2026-04-09,1335.29,1343.95,1362.91,1333.01,7846510.0,star50,科创50,1315.8455,1333.95,1420.1428333333336,1394.5802499999998,1296.027
2026-04-10,1363.58,1364.49,1382.94,1362.4,8471659.0,star50,科创50,1314.8875,1332.3156,1418.8278333333333,1393.6758333333335,1297.98475
2026-04-13,1358.46,1375.29,1396.0,1358.46,9018894.0,star50,科创50,1314.97,1330.7516,1417.4965000000002,1393.3840833333334,1300.0067499999998
2026-04-14,1398.4,1405.07,1409.85,1387.42,9302659.0,star50,科创50,1315.9740000000002,1331.3352000000002,1416.3148333333334,1393.1763333333333,1302.2167
2026-04-15,1415.39,1406.32,1433.35,1399.75,9547663.0,star50,科创50,1318.5825,1330.7664000000002,1414.5561666666665,1393.0908333333332,1304.4074
2026-04-16,1406.32,1422.23,1424.17,1402.2,10005771.0,star50,科创50,1321.065,1331.6124,1413.7671666666668,1393.583,1306.70385
2026-04-17,1414.87,1423.35,1433.8,1413.58,9635053.0,star50,科创50,1325.281,1333.2004000000002,1412.4745,1394.0450833333332,1309.03125
2026-04-20,1426.89,1450.52,1451.39,1426.03,11275846.0,star50,科创50,1331.8915,1336.2756,1411.7506666666668,1394.4134166666668,1311.4763999999998
2026-04-21,1445.2,1426.68,1445.54,1415.6,9651570.0,star50,科创50,1340.1535,1337.9432000000002,1410.2941666666666,1394.5906666666667,1313.71625
2026-04-22,1420.78,1451.14,1451.46,1420.24,9805961.0,star50,科创50,1348.1709999999998,1341.8228,1409.3654999999999,1395.0063333333335,1315.9939000000002
2026-04-23,1466.12,1432.59,1467.7,1419.01,11446540.0,star50,科创50,1354.03,1344.2232000000001,1408.5255,1394.7594166666668,1318.2069999999999
2026-04-24,1443.04,1453.69,1472.96,1417.21,11413406.0,star50,科创50,1362.274,1348.8095999999998,1407.1638333333333,1394.5050833333335,1320.5344
2026-04-27,1478.31,1508.38,1515.28,1466.66,13560538.0,star50,科创50,1372.655,1356.4124,1406.6095,1394.8104999999998,1323.0592499999998
2026-04-28,1497.32,1488.66,1525.34,1479.67,11925508.0,star50,科创50,1382.599,1365.5012,1405.5253333333335,1394.8066666666666,1325.52855
2026-04-29,1474.12,1493.5,1495.01,1451.71,11457221.0,star50,科创50,1394.4575,1373.6096,1404.8703333333333,1395.075,1328.08285
2026-04-30,1511.39,1571.07,1580.52,1511.39,15109612.0,star50,科创50,1408.101,1383.8359999999998,1405.1218333333334,1396.3711666666668,1331.01345
2026-05-06,1634.31,1656.95,1715.08,1631.65,18301048.0,star50,科创50,1427.8395,1398.5616,1406.8243333333332,1398.50525,1334.3741999999997
2026-05-07,1663.16,1678.89,1682.22,1646.94,13930063.0,star50,科创50,1448.9734999999998,1413.6868,1409.6784999999998,1400.9356666666667,1337.8772
2026-05-08,1653.31,1640.46,1655.57,1625.61,15005074.0,star50,科创50,1467.296,1427.714,1411.8628333333334,1403.0195833333332,1341.11975
2026-05-11,1687.64,1716.69,1727.3,1669.73,18294058.0,star50,科创50,1485.496,1446.1284,1416.2926666666667,1405.3515,1344.7876500000002
2026-05-12,1708.21,1723.78,1747.17,1687.96,16927089.0,star50,科创50,1504.4875,1463.1516000000001,1420.5045,1407.9189166666665,1348.5066
2026-05-13,1684.37,1770.15,1771.49,1677.54,17773247.0,star50,科创50,1524.7705,1483.4704000000002,1425.7823333333333,1410.9405000000002,1352.3851000000002
2026-05-14,1792.34,1725.09,1800.61,1723.7,21071023.0,star50,科创50,1542.2605,1502.2256,1430.6585,1413.7535,1356.0485999999999
2026-05-15,1724.36,1696.26,1769.8,1669.99,21601214.0,star50,科创50,1556.82,1519.1156,1435.2226666666668,1416.3935833333333,1359.54865
2026-05-18,1690.38,1709.96,1748.1,1684.9,15913956.0,star50,科创50,1572.002,1533.4064,1439.419333333333,1418.9825000000003,1363.1103
2026-05-19,1697.4,1775.13,1776.26,1670.36,17104368.0,star50,科创50,1589.647,1550.6535999999999,1444.4798333333333,1422.4316666666668,1366.9577000000002
2026-05-20,1764.21,1832.02,1835.22,1764.21,18452542.0,star50,科创50,1610.0805,1569.3548,1450.7616666666665,1426.4148333333333,1371.0801499999998
2026-05-21,1866.29,1764.17,1892.6,1759.94,21274038.0,star50,科创50,1625.7630000000001,1584.91,1455.4813333333334,1429.8001666666667,1374.86155
2026-05-22,1790.74,1790.77,1797.65,1747.14,17603919.0,star50,科创50,1643.9675,1600.338,1460.8220000000001,1433.5165833333335,1378.73405
2026-05-25,1791.67,1896.04,1899.97,1774.19,21497937.0,star50,科创50,1666.2125,1619.9268,1467.9998333333335,1438.2486666666668,1383.10995
2026-05-26,1877.39,1867.71,1880.65,1824.32,19408885.0,star50,科创50,1687.9685000000002,1637.7459999999999,1474.573666666667,1443.0976666666668,1387.2843
2026-05-27,1875.42,1815.45,1901.97,1809.7,21609699.0,star50,科创50,1706.0565000000001,1653.43,1480.0668333333335,1447.4214166666666,1391.09055
2026-05-28,1805.11,1844.25,1854.52,1796.04,21540080.0,star50,科创50,1722.85,1669.1792,1486.0040000000001,1451.93875,1395.03625
2026-05-29,1850.27,1751.32,1855.26,1727.62,23431374.0,star50,科创50,1735.9829999999997,1682.1648,1490.7798333333333,1455.5744166666666,1398.4406
2026-06-01,1751.23,1663.69,1753.02,1662.82,16941834.0,star50,科创50,1744.4924999999998,1690.6668000000002,1495.3678333333332,1458.5159999999998,1401.4661999999998
2026-06-02,1676.31,1690.56,1710.98,1641.17,15576220.0,star50,科创50,1750.4669999999999,1700.9856,1500.517833333333,1461.5444166666666,1404.67965
2026-06-03,1697.66,1726.18,1776.2,1697.36,16825554.0,star50,科创50,1753.9285,1711.8852000000002,1505.8650000000002,1464.7895833333334,1408.1266999999998
2026-06-04,1700.31,1738.06,1759.98,1697.22,14967701.0,star50,科创50,1756.887,1721.0724,1511.2595000000001,1468.2720833333333,1411.56995
2026-06-05,1706.53,1668.33,1735.08,1659.48,16835709.0,star50,科创50,1758.2805,1728.2592000000002,1515.8903333333333,1471.27175,1414.6433499999998
2026-06-08,1587.97,1596.57,1634.03,1578.18,15707499.0,star50,科创50,1752.2745,1732.382,1518.8241666666665,1473.5251666666668,1417.3274
2026-06-09,1630.23,1663.11,1666.48,1607.58,14098958.0,star50,科创50,1749.241,1736.0636000000002,1523.1913333333332,1476.3335833333333,1420.3519000000001
2026-06-10,1662.85,1652.22,1722.33,1632.33,15911725.0,star50,科创50,1743.3445,1735.8744,1527.6675,1478.8454166666666,1423.3953
2026-06-11,1644.6,1662.44,1676.53,1631.94,14220694.0,star50,科创50,1740.2120000000002,1735.2163999999998,1532.4808333333335,1481.4731666666667,1426.45885
2026-06-12,1726.01,1663.22,1730.89,1656.85,21018567.0,star50,科创50,1738.5600000000002,1736.1268,1537.118,1484.1108333333332,1429.4259
2026-06-15,1687.67,1748.33,1748.51,1658.32,16140938.0,star50,科创50,1740.4785,1737.3924,1543.6876666666665,1487.6316666666667,1432.77905
2026-06-16,1751.71,1758.42,1766.14,1729.04,15018218.0,star50,科创50,1739.643,1738.7779999999998,1550.1183333333333,1491.0445,1436.14245
2026-06-17,1729.23,1840.82,1841.37,1725.9,18018313.0,star50,科创50,1740.083,1741.6047999999998,1558.4815000000003,1495.39375,1439.8401000000001
2026-06-18,1837.07,1911.51,1937.3,1836.04,17710999.0,star50,科创50,1747.45,1749.0616,1568.3681666666666,1500.5448333333331,1443.7735500000001
2026-06-22,1922.47,1948.93,1963.33,1879.59,19191334.0,star50,科创50,1755.3579999999997,1759.1684,1579.8263333333334,1505.7415,1447.95685
2026-06-23,1929.27,1916.21,1982.91,1890.16,18137295.0,star50,科创50,1756.3664999999996,1767.4184,1590.25,1510.8268333333333,1451.7971499999999
2026-06-24,1896.34,1989.43,1997.9,1886.74,18532528.0,star50,科创50,1762.4524999999999,1775.9904000000001,1601.4836666666665,1516.5004999999999,1455.99855
2026-06-25,2004.77,2066.33,2076.88,2000.8,18510032.0,star50,科创50,1774.9965,1785.3627999999999,1614.4423333333332,1522.5928333333334,1460.0909
2026-06-26,2034.43,2032.28,2076.47,1976.92,19695170.0,star50,科创50,1784.398,1796.0872,1626.6343333333332,1528.361666666667,1463.8136499999998
2026-06-29,2039.67,2126.01,2127.8,2013.51,20661484.0,star50,科创50,1803.1325000000002,1809.4968000000001,1640.5715000000002,1534.8106666666667,1468.08935
2026-06-30,2132.88,2207.86,2214.61,2113.95,19617861.0,star50,科创50,1830.341,1821.9696000000001,1656.4303333333335,1541.9673333333335,1472.76585
2026-07-01,2205.66,2153.04,2255.25,2120.36,22580954.0,star50,科创50,1853.4650000000001,1833.3828,1670.6776666666667,1548.6940833333333,1476.70805
2026-07-02,2059.9,1987.29,2105.29,1978.32,20913363.0,star50,科创50,1866.5205,1840.2563999999998,1682.7628333333334,1554.0354999999997,1479.9379500000002
2026-07-03,1978.75,1975.6,2039.31,1948.17,17583808.0,star50,科创50,1878.3975000000003,1845.5104000000001,1694.7526666666668,1559.1665833333332,1483.0302
2026-07-06,2015.18,1996.1,2022.91,1913.82,16511997.0,star50,科创50,1894.786,1855.3016,1706.7875,1564.5990833333335,1486.3692999999998
2026-07-07,1965.8,2001.59,2039.6,1950.98,13973250.0,star50,科创50,1915.0370000000003,1868.8175999999999,1717.6025,1569.5839166666667,1489.84485
2026-07-08,2022.45,2016.23,2078.64,1961.64,15720588.0,star50,科创50,1932.693,1881.8444,1728.8071666666665,1574.475,1493.7911
2026-07-09,2047.24,2185.83,2188.98,2023.54,18580605.0,star50,科创50,1959.3735000000001,1900.2304000000001,1742.4961666666668,1580.662,1498.3775
2026-07-10,2190.18,2064.98,2233.54,2064.98,23073429.0,star50,科创50,1979.5004999999996,1913.3072,1753.9909999999998,1585.74375,1502.32305
2026-07-13,2038.36,1994.32,2110.18,1974.05,18337937.0,star50,科创50,1996.0554999999997,1926.3468,1763.8118333333334,1590.063333333333,1506.0669999999998
2026-07-14,1994.44,2009.73,2026.47,1895.56,16013950.0,star50,科创50,2009.1255,1942.8732,1773.8686666666665,1594.2124166666665,1509.8201500000002
2026-07-15,2021.58,1924.27,2028.65,1908.18,14281933.0,star50,科创50,2017.4179999999997,1953.3195999999998,1782.236,1598.0015833333332,1512.8113499999997
2026-07-16,1869.94,1846.88,1947.25,1828.57,14226782.0,star50,科创50,2017.721,1961.106,1789.2948333333334,1600.8846666666666,1515.35565
2026-07-17,1829.98,1715.4,1844.38,1698.32,16629024.0,star50,科创50,2007.9155000000003,1963.2244,1793.7095000000002,1602.7300833333334,1517.23065
2026-07-20,1764.59,1718.69,1776.07,1646.39,17984793.0,star50,科创50,1996.4035,1965.4432000000002,1798.5763333333334,1604.4352499999998,1519.03385
2026-07-21,1747.49,1903.16,1904.86,1663.85,19512745.0,star50,科创50,1995.7510000000002,1971.6364,1806.1100000000001,1607.73775,1521.6975
2026-07-22,1874.78,1860.08,1934.61,1836.11,16238611.0,star50,科创50,1989.2835000000002,1975.7028,1813.2348333333334,1610.8801666666666,1524.0961499999999
2026-07-23,1876.61,1789.69,1876.99,1770.53,11924269.0,star50,科创50,1975.4515,1973.6576,1818.8348333333333,1612.9993333333334,1526.23135
2026-07-24,1766.26,1787.2,1831.28,1748.8,10177526.0,star50,科创50,1963.1975000000002,1968.6852,1823.4818333333335,1615.0456666666664,1528.12415
2026-07-27,1780.72,1807.95,1816.43,1724.47,10347297.0,star50,科创50,1947.2945,1963.046,1828.8033333333333,1617.1643333333334,1530.1273999999999
2026-07-28,1755.87,1693.48,1797.58,1675.99,10883944.0,star50,科创50,1921.5755000000001,1954.1368,1832.1363333333331,1618.5033333333336,1531.31245
2026-07-29,1704.58,1678.74,1711.58,1608.14,14218535.0,star50,科创50,1897.8605,1941.7092000000002,1833.9308333333333,1619.5263333333335,1532.3337
2026-07-30,1653.47,1588.41,1671.51,1562.0,14695675.0,star50,科创50,1877.9165,1922.5924,1832.7884999999999,1619.8064166666668,1533.0216499999997
2026-07-31,1721.36,1635.96,1731.21,1635.68,14507410.0,star50,科创50,1860.9345,1906.7395999999999,1832.073,1620.87575,1533.8494
