timestamp,open,high,low,close,volume
2024-01-01 00:00:00,42500.000000,42595.172713,42403.604902,42500.000000,5522.958596
2024-01-01 01:00:00,42532.978550,42867.185549,42273.401377,42653.177404,45161.291285
2024-01-01 02:00:00,42642.049184,43010.017405,41703.082471,42024.667477,163677.211447
2024-01-01 03:00:00,42051.633796,42278.597285,41909.681716,42079.571202,14704.470399
2024-01-01 04:00:00,42049.740309,42254.953448,41804.702943,42091.761087,45856.303565
2024-01-01 05:00:00,42090.027375,42596.685505,41822.104794,42227.408628,53764.261552
2024-01-01 06:00:00,42222.025190,42501.728318,41921.824624,42211.746912,33040.493139
2024-01-01 07:00:00,42224.473389,42405.206128,41967.872847,42168.451000,18993.597107
2024-01-01 08:00:00,42154.312239,42509.548964,41892.909132,42258.579606,82441.395864
2024-01-01 09:00:00,42297.939338,42446.289036,41960.801401,42201.802183,158583.211242
2024-01-01 10:00:00,42224.453538,42567.077121,41729.369983,42233.091123,12667.521657
2024-01-01 11:00:00,42241.180157,42694.266188,42026.221529,42397.789801,40113.198315
2024-01-01 12:00:00,42405.610766,42754.911540,42249.144852,42466.671624,75085.787170
2024-01-01 13:00:00,42488.788810,42872.849052,42239.550087,42656.302869,20810.178059
2024-01-01 14:00:00,42633.819832,42893.885260,42223.355927,42363.758561,35605.830769
2024-01-01 15:00:00,42397.599987,42444.873113,42331.688345,42407.312085,13469.716229
2024-01-01 16:00:00,42427.821679,43004.475651,41567.552105,42110.234063,68524.202386
2024-01-01 17:00:00,42094.171526,42603.577130,41830.491627,42240.799099,47708.478777
2024-01-01 18:00:00,42201.305559,42509.791403,42128.460659,42419.601068,44053.918786
2024-01-01 19:00:00,42443.765411,42564.350496,42076.656703,42341.444392,42380.203111
2024-01-01 20:00:00,42330.638394,42623.704286,42083.661327,42299.290675,51833.819119
2024-01-01 21:00:00,42285.969200,42796.616784,41989.269487,42443.635032,105649.004437
2024-01-01 22:00:00,42444.072526,42651.146884,42090.652385,42298.080049,21122.989190
2024-01-01 23:00:00,42294.643308,42717.477708,42153.194020,42418.733926,22707.064414
2024-01-02 00:00:00,42368.091566,42537.713317,42130.404651,42331.809139,38575.076026
2024-01-02 01:00:00,42300.186422,42672.194077,41562.665019,41970.270676,66453.032374
2024-01-02 02:00:00,41995.807502,42341.280973,41696.660474,41994.668832,41642.914690
2024-01-02 03:00:00,41982.922827,42299.619716,41538.220259,41840.203046,67207.830342
2024-01-02 04:00:00,41848.409243,42603.872942,41484.729639,42248.264157,90907.447901
2024-01-02 05:00:00,42229.808785,42721.887013,41870.390078,42063.285877,70239.000327
2024-01-02 06:00:00,42054.979708,42314.331935,41884.572184,42144.370833,25317.060029
2024-01-02 07:00:00,42191.628570,42353.883603,41935.245067,42056.561368,45006.021953
2024-01-02 08:00:00,42015.315257,42506.664191,41814.991247,42199.716136,57414.533396
2024-01-02 09:00:00,42151.787130,42248.696600,41804.528424,42021.248128,61589.948515
2024-01-02 10:00:00,41986.040510,42299.751217,41862.905034,42160.555767,27171.996159
2024-01-02 11:00:00,42261.907068,42595.000674,42052.656834,42351.543649,32154.042301
2024-01-02 12:00:00,42360.897494,42608.776102,42301.027973,42523.442887,15865.683965
2024-01-02 13:00:00,42518.503684,42700.870828,42246.468178,42381.648003,37843.449660
2024-01-02 14:00:00,42345.436515,42796.336324,42126.431718,42579.998897,36674.131002
2024-01-02 15:00:00,42589.859002,42759.991004,42043.081860,42249.691225,36117.331022
2024-01-02 16:00:00,42232.287780,42878.567662,42040.937336,42594.087398,64258.249171
2024-01-02 17:00:00,42668.882084,42873.250576,42180.129735,42375.269137,39735.609962
2024-01-02 18:00:00,42407.836554,42511.281060,42230.904182,42330.083362,7503.465796
2024-01-02 19:00:00,42307.216658,42509.264414,42241.477098,42423.893763,47242.504852
2024-01-02 20:00:00,42379.166315,42832.340056,42086.913811,42518.550094,75324.431164
2024-01-02 21:00:00,42514.388522,42747.296692,42365.492658,42572.466197,18681.609245
2024-01-02 22:00:00,42558.033494,42943.581226,42227.018095,42631.068705,74597.495662
2024-01-02 23:00:00,42637.513176,43121.820380,42492.456427,42855.971234,48137.914991
2024-01-03 00:00:00,42916.913463,43145.612172,42226.203716,42526.175769,60741.151673
2024-01-03 01:00:00,42487.336073,42799.602343,42188.874455,42481.678758,29808.177666
2024-01-03 02:00:00,42481.499250,42672.235182,42281.474895,42377.416877,17546.070908
2024-01-03 03:00:00,42380.583850,42637.522983,42243.224325,42384.519872,23786.283781
2024-01-03 04:00:00,42355.034446,43024.446600,42091.635329,42725.236958,75044.501972
2024-01-03 05:00:00,42757.520984,42997.234260,42089.107638,42455.407690,65542.293180
2024-01-03 06:00:00,42472.518247,42545.071454,42191.835665,42252.112509,16404.814702
2024-01-03 07:00:00,42270.870133,42424.883686,42016.584648,42194.178688,57849.651665
2024-01-03 08:00:00,42186.386118,42661.202674,42079.520973,42479.760861,70080.340574
2024-01-03 09:00:00,42482.932148,42824.313352,42318.062747,42550.634864,28101.031701
2024-01-03 10:00:00,42520.682376,42859.030601,42197.449470,42565.187831,44915.834107
2024-01-03 11:00:00,42576.270704,42835.598917,42159.465454,42493.385946,36988.183286
2024-01-03 12:00:00,42418.108341,42888.160380,42239.125270,42745.368795,78266.504058
2024-01-03 13:00:00,42823.341034,43063.486245,42476.997895,42794.423479,33228.760186
2024-01-03 14:00:00,42732.366177,42888.900027,42377.223112,42606.511508,52813.132752
2024-01-03 15:00:00,42567.959087,42824.595977,42204.494026,42435.102898,29898.999490
2024-01-03 16:00:00,42422.210885,42751.506928,42214.702328,42595.435716,72181.153096
2024-01-03 17:00:00,42586.816349,42825.764540,42385.591907,42639.929785,12329.905452
2024-01-03 18:00:00,42635.222169,43057.931910,42400.345355,42776.343821,36475.934960
2024-01-03 19:00:00,42784.537209,43013.751810,42357.764501,42510.326002,44800.394851
2024-01-03 20:00:00,42515.777067,42798.935832,42242.481752,42436.964296,13447.977887
2024-01-03 21:00:00,42411.702192,42725.023033,42041.746135,42486.929597,43246.174461
2024-01-03 22:00:00,42542.078387,42866.481479,42282.373774,42613.143431,86894.000693
2024-01-03 23:00:00,42622.324651,42986.602380,42430.112102,42729.693429,28799.618161
2024-01-04 00:00:00,42746.619443,43045.355348,42235.868326,42607.772340,67027.122583
2024-01-04 01:00:00,42568.739133,43064.205211,41985.347605,42329.559219,89935.769863
2024-01-04 02:00:00,42319.356050,42823.293345,41913.498506,42242.545330,56869.554289
2024-01-04 03:00:00,42293.826972,42583.153718,41948.354449,42275.822323,96332.003851
2024-01-04 04:00:00,42286.145869,42412.559647,41547.400756,41762.245084,66497.104516
2024-01-04 05:00:00,41821.758953,41995.322979,41388.210193,41665.127152,39133.788556
2024-01-04 06:00:00,41663.019205,41877.887854,41059.992974,41449.289298,87926.392593
2024-01-04 07:00:00,41469.213581,41638.088267,41091.541943,41248.536467,49893.303986
2024-01-04 08:00:00,41307.882633,41876.737339,40943.955936,41527.752823,81603.230933
2024-01-04 09:00:00,41530.032709,41961.527958,41245.907866,41590.770571,64636.829491
2024-01-04 10:00:00,41617.614877,41784.504590,41266.905316,41521.602468,27310.020840
2024-01-04 11:00:00,41583.969289,41753.039961,41444.445851,41557.007082,8432.460805
2024-01-04 12:00:00,41516.825365,41951.166226,41147.522710,41791.392789,49433.426322
2024-01-04 13:00:00,41767.295136,41895.447996,41580.755293,41703.012461,12288.923232
2024-01-04 14:00:00,41679.921890,41906.006275,41155.056384,41489.722183,64632.752492
2024-01-04 15:00:00,41411.293587,41626.558509,41177.254088,41446.910542,39329.191765
2024-01-04 16:00:00,41502.174733,41704.910767,41225.153671,41552.532933,41111.434027
2024-01-04 17:00:00,41498.314549,41687.246007,40697.615913,41014.436409,43404.474969
2024-01-04 18:00:00,40995.117440,41620.133117,40763.662906,41228.735380,91382.451484
2024-01-04 19:00:00,41236.708223,41464.467951,41070.470426,41337.925427,52630.844860
2024-01-04 20:00:00,41332.723831,41652.433892,40957.720078,41398.203095,49167.507955
2024-01-04 21:00:00,41393.933597,41556.305153,41202.516631,41439.815747,22060.030679
2024-01-04 22:00:00,41446.732161,41979.987619,41139.026144,41811.784016,176927.136721
2024-01-04 23:00:00,41841.338886,42241.857145,41698.366417,41993.406434,27757.003975
2024-01-05 00:00:00,41986.298698,42245.142140,41788.030637,42112.033151,15578.089049
2024-01-05 01:00:00,42115.781180,42245.060820,41663.143183,41880.170620,90094.644246
2024-01-05 02:00:00,41824.844640,42721.074539,41600.208847,42331.447112,92322.517986
2024-01-05 03:00:00,42341.095557,42610.878877,41933.278554,42207.324688,35978.543138
2024-01-05 04:00:00,42231.767445,42485.492955,41659.475413,41909.062259,36677.818303
2024-01-05 05:00:00,41927.389234,42230.603846,41760.736744,41943.499212,30391.595846
2024-01-05 06:00:00,41971.892276,42228.919938,41444.568955,41827.276326,19052.969416
2024-01-05 07:00:00,41823.220239,42082.985616,41584.183493,41758.484697,43242.819732
2024-01-05 08:00:00,41707.422298,42409.038318,41491.167408,42119.011168,138031.050094
2024-01-05 09:00:00,42109.111964,42238.008235,41421.464245,41537.067617,103133.931540
2024-01-05 10:00:00,41534.698393,41645.226069,41357.818388,41559.088203,31171.030191
2024-01-05 11:00:00,41538.708445,41978.955910,41295.660374,41781.683733,39256.094913
2024-01-05 12:00:00,41809.383219,42255.578827,40992.563538,41414.137655,259137.801157
2024-01-05 13:00:00,41378.585740,42357.101640,41142.003621,41967.089970,62790.071189
2024-01-05 14:00:00,41999.230257,42259.415525,41826.182760,42094.013218,20881.208695
2024-01-05 15:00:00,42071.291555,42171.577451,41716.445695,41933.620948,21300.760561
2024-01-05 16:00:00,41946.141720,42164.517436,41736.399111,42034.980713,32643.841736
2024-01-05 17:00:00,42071.990769,42466.628083,41849.679991,42359.078442,56195.627867
2024-01-05 18:00:00,42354.495679,42704.192625,41932.048625,42314.979266,41504.009130
2024-01-05 19:00:00,42317.401352,42492.594888,42200.309441,42359.688520,17508.295494
2024-01-05 20:00:00,42371.328245,42608.675844,42167.703170,42398.934307,40135.637749
2024-01-05 21:00:00,42343.332634,42569.515865,42175.101701,42345.955439,48528.590376
2024-01-05 22:00:00,42335.712670,42516.230896,41611.483123,41720.511672,109201.196461
2024-01-05 23:00:00,41732.479596,42237.166019,41422.489919,41995.566969,106167.249369
2024-01-06 00:00:00,42017.018983,42157.684736,41810.644579,41941.721199,87705.794360
2024-01-06 01:00:00,41941.940543,42150.137127,41687.983031,41907.336606,26146.050611
2024-01-06 02:00:00,41910.500784,42647.807479,41748.840976,42374.353705,27896.452825
2024-01-06 03:00:00,42347.103903,42634.000347,42093.733290,42471.993933,75981.855728
2024-01-06 04:00:00,42493.455068,42929.613307,42111.805489,42622.397914,48148.937225
2024-01-06 05:00:00,42612.332413,42795.050918,42480.911951,42716.347504,61944.077206
2024-01-06 06:00:00,42651.806947,43138.886045,42270.398376,42764.440634,59438.337893
2024-01-06 07:00:00,42812.558599,43146.947179,42492.128137,42658.185794,45559.418333
2024-01-06 08:00:00,42553.855121,43048.519558,42150.580013,42798.073752,37309.216251
2024-01-06 09:00:00,42778.316144,43076.212207,42536.621486,42744.143774,30881.365875
2024-01-06 10:00:00,42747.651740,43186.806381,42505.178153,42947.131279,93140.582808
2024-01-06 11:00:00,42970.810995,43210.196464,42556.209354,42977.824763,52511.641543
2024-01-06 12:00:00,42943.426458,43260.329139,42683.023686,42865.517578,48787.747424
2024-01-06 13:00:00,42915.162391,43091.129352,42448.862205,42824.479898,79149.675758
2024-01-06 14:00:00,42833.603173,43165.718629,42559.860908,42801.605731,39404.928482
2024-01-06 15:00:00,42785.766335,43277.929903,42667.536276,43153.035827,34033.202416
2024-01-06 16:00:00,43133.854892,43558.525493,43032.667643,43335.175042,121542.353296
2024-01-06 17:00:00,43274.881244,44545.039927,43072.131881,44112.551292,115967.759353
2024-01-06 18:00:00,44103.330159,44267.605505,43639.183375,43979.524708,74962.512036
2024-01-06 19:00:00,44005.171410,44439.694600,43757.050519,44001.880173,43235.515974
2024-01-06 20:00:00,44015.575269,44364.049249,43892.938551,44152.219232,23686.227056
2024-01-06 21:00:00,44117.285821,44868.706690,43666.063404,44639.199567,35843.336413
2024-01-06 22:00:00,44615.118523,44961.119302,43921.554587,44162.494506,52219.546665
2024-01-06 23:00:00,44164.865995,44414.888098,43524.788902,43928.895825,98171.841048
2024-01-07 00:00:00,43921.531992,44412.415912,43423.772401,43772.187428,213096.528071
2024-01-07 01:00:00,43705.630345,44018.128233,43366.753492,43564.343285,80510.991912
2024-01-07 02:00:00,43573.027208,43827.022265,43234.746529,43551.191964,19265.627362
2024-01-07 03:00:00,43539.644661,43720.816026,42985.345449,43296.955036,75302.140783
2024-01-07 04:00:00,43329.432788,43724.022910,42975.974150,43423.479360,221585.005517
2024-01-07 05:00:00,43434.214547,44822.658614,42833.964622,44249.094018,179674.196119
2024-01-07 06:00:00,44333.714383,45388.911740,43994.353065,45018.301613,38052.336542
2024-01-07 07:00:00,44993.693807,45104.489556,44059.003207,44258.606915,41215.429200
2024-01-07 08:00:00,44282.558828,44776.048662,44130.914984,44464.962047,60853.761535
2024-01-07 09:00:00,44435.239619,44822.157317,44095.592110,44331.540384,46954.394473
2024-01-07 10:00:00,44253.079002,44724.233919,44065.149009,44352.751416,110507.231633
2024-01-07 11:00:00,44286.447549,44572.131958,44137.445922,44488.787798,34108.782763
2024-01-07 12:00:00,44522.132640,45152.018788,44060.732447,44672.002892,87544.677621
2024-01-07 13:00:00,44651.333825,45328.497225,43931.100590,44722.470777,99520.245892
2024-01-07 14:00:00,44744.594675,44963.367722,44419.815496,44744.762504,10676.903800
2024-01-07 15:00:00,44695.873689,44944.644569,44242.039839,44529.947373,61330.787780
2024-01-07 16:00:00,44510.998423,44783.829691,43911.837270,44131.005107,61884.009304
2024-01-07 17:00:00,44122.204501,44523.446547,43297.738448,43571.118146,70480.937845
2024-01-07 18:00:00,43502.749576,43691.737726,43014.654758,43268.171903,55223.419431
2024-01-07 19:00:00,43252.846688,43587.480354,42861.817489,43337.928311,25596.320215
2024-01-07 20:00:00,43280.101595,43578.904471,42898.706394,43241.967251,34829.193684
2024-01-07 21:00:00,43325.866019,43864.459576,42437.223223,42915.106757,292864.247515
2024-01-07 22:00:00,42941.569161,43155.227853,42760.413465,42905.106230,20671.648705
2024-01-07 23:00:00,42959.730642,43342.370155,42837.338186,43059.362737,39005.937429
2024-01-08 00:00:00,43018.562085,43265.889907,42665.855085,42833.130716,26266.443592
2024-01-08 01:00:00,42760.466826,42999.031042,42181.334622,42662.024586,24403.754088
2024-01-08 02:00:00,42697.181773,43143.085886,42327.136933,42827.173115,61706.972887
2024-01-08 03:00:00,42864.758169,43157.523000,42576.053595,42938.701984,52294.914418
2024-01-08 04:00:00,42956.181828,43180.032418,42605.739142,42984.406822,34884.881581
2024-01-08 05:00:00,43040.901712,43286.288967,42621.606539,42993.884706,28943.909706
2024-01-08 06:00:00,43029.584326,43392.273826,42476.683927,42862.650640,19505.836925
2024-01-08 07:00:00,42876.785931,43574.601466,42597.432502,43297.099499,55428.917757
2024-01-08 08:00:00,43259.515872,43564.449283,42847.148658,43196.901137,133397.077464
2024-01-08 09:00:00,43155.392634,43385.605469,42271.808212,42486.472160,33939.708638
2024-01-08 10:00:00,42440.486740,42638.638527,42226.454081,42386.988134,21462.914839
2024-01-08 11:00:00,42346.461780,42572.995664,42184.052988,42316.406473,40980.962620
2024-01-08 12:00:00,42315.800116,42653.949753,42079.091762,42440.893975,89929.797921
2024-01-08 13:00:00,42431.505009,42865.493563,42122.634039,42670.604836,131684.737247
2024-01-08 14:00:00,42654.880718,42808.696717,41702.604476,42037.458624,57964.470785
2024-01-08 15:00:00,41936.788380,42026.780285,41453.621786,41661.934289,64347.259959
2024-01-08 16:00:00,41674.296066,41760.196361,40974.747593,41136.813293,127897.457913
2024-01-08 17:00:00,41156.156004,41700.311937,40882.438555,41423.529700,109971.268035
2024-01-08 18:00:00,41435.627480,41569.119274,41164.392610,41421.971361,23557.526730
2024-01-08 19:00:00,41351.518155,41587.993258,41128.372238,41354.576488,20802.436881
2024-01-08 20:00:00,41310.258684,41623.477704,40543.011190,40904.060796,40785.487218
2024-01-08 21:00:00,40981.266157,41220.264393,40224.193782,40538.442990,94099.684234
2024-01-08 22:00:00,40538.930419,41004.006429,40171.995864,40649.066213,43455.016298
2024-01-08 23:00:00,40725.259913,41042.872065,40406.098556,40592.187983,51975.082986
2024-01-09 00:00:00,40619.450010,41242.055355,39973.946992,40975.091356,151155.982943
2024-01-09 01:00:00,41006.929614,41362.377690,40626.822459,41047.543297,34964.461313
2024-01-09 02:00:00,41051.147359,41432.189123,40662.428822,41153.925569,69887.448511
2024-01-09 03:00:00,41228.638262,41561.243544,40719.983431,40972.726588,207309.320203
2024-01-09 04:00:00,40973.245132,41446.676062,40682.636339,41233.494996,107383.623885
2024-01-09 05:00:00,41236.109415,41527.251996,40952.536576,41280.553873,27961.586741
2024-01-09 06:00:00,41358.468409,41618.666603,40832.550196,41016.467215,62722.409130
2024-01-09 07:00:00,41018.371323,41482.740221,40642.447325,41195.309212,22456.293637
2024-01-09 08:00:00,41163.036676,41912.006078,40576.518161,41056.886292,57823.440472
2024-01-09 09:00:00,40979.861812,41236.756102,40529.160131,40704.320628,32396.427650
2024-01-09 10:00:00,40748.164419,41002.565502,40171.391016,40696.050065,44251.729291
2024-01-09 11:00:00,40710.775327,41070.020827,40303.547790,40691.854695,60528.979315
2024-01-09 12:00:00,40686.205034,40993.967718,40247.048701,40713.144257,34907.591305
2024-01-09 13:00:00,40704.505441,40894.825918,40156.489854,40349.664028,73854.237230
2024-01-09 14:00:00,40323.054659,40492.122489,39981.892594,40170.782374,11915.647754
2024-01-09 15:00:00,40182.305934,40395.587145,39833.151596,40234.235616,12873.120071
2024-01-09 16:00:00,40185.142466,40455.056290,39411.120714,39842.439424,46182.918317
2024-01-09 17:00:00,39843.732835,40027.217432,38341.602592,38660.647449,82219.616872
2024-01-09 18:00:00,38676.719862,39025.213463,38464.422373,38629.871785,41184.584580
2024-01-09 19:00:00,38599.333461,39275.518385,38444.735116,39125.382369,59793.766820
2024-01-09 20:00:00,39200.865248,39660.377809,38516.727772,38947.216273,64379.479897
2024-01-09 21:00:00,39018.932726,39504.074385,38744.361321,38948.192509,62742.501029
2024-01-09 22:00:00,39078.193644,39568.621904,38774.330900,39030.344193,36846.041667
2024-01-09 23:00:00,39015.515622,39425.174812,38800.016844,39238.574574,12733.671348
2024-01-10 00:00:00,39250.052042,39437.955507,39052.698774,39141.750142,72237.406825
2024-01-10 01:00:00,39062.143053,39260.913602,38842.632173,39038.434927,27674.468518
2024-01-10 02:00:00,39036.040630,39562.198240,38414.414313,39232.522177,40070.855023
2024-01-10 03:00:00,39177.232415,39302.833420,39047.697342,39176.569970,41161.320407
2024-01-10 04:00:00,39188.041164,39389.388013,38872.104054,39049.797731,19922.971171
2024-01-10 05:00:00,38972.223607,39187.292957,38385.374184,38773.457902,37556.750468
2024-01-10 06:00:00,38769.247449,38945.523066,38115.937026,38315.252224,121584.941355
2024-01-10 07:00:00,38270.551347,38504.708764,37851.449477,38243.200675,31640.258653
2024-01-10 08:00:00,38293.191986,38559.842284,37669.745711,37870.945989,76001.902147
2024-01-10 09:00:00,37854.706622,38055.038275,37402.132158,37705.228946,37461.331701
2024-01-10 10:00:00,37678.465089,37943.615827,37479.767043,37668.894284,75407.929005
2024-01-10 11:00:00,37684.307502,38033.031064,37319.396772,37509.807145,33203.996517
2024-01-10 12:00:00,37485.301320,37687.671442,37304.651797,37491.429415,38662.536229
2024-01-10 13:00:00,37494.181869,38197.312121,37340.581791,37958.794025,47035.122442
2024-01-10 14:00:00,37980.937712,38383.052909,37280.668014,37653.392826,52555.982389
2024-01-10 15:00:00,37710.178542,37712.480433,37596.753150,37599.263974,5755.494608
2024-01-10 16:00:00,37586.713269,37914.639806,37428.338399,37647.583946,64034.464735
2024-01-10 17:00:00,37641.015733,37874.106137,37252.891576,37451.450185,42052.585958
2024-01-10 18:00:00,37442.316421,38086.248097,37336.100498,37860.344374,69939.810663
2024-01-10 19:00:00,37906.669266,38355.113455,37674.408987,37912.816399,47751.937785
2024-01-10 20:00:00,37867.002258,38472.266975,37736.405160,38177.744310,34531.698019
2024-01-10 21:00:00,38186.227031,38188.062533,38163.212060,38164.066674,741.527931
2024-01-10 22:00:00,38175.661953,38507.860006,37761.685423,38331.716880,32864.349510
2024-01-10 23:00:00,38347.127381,38577.042951,38009.962615,38272.125986,71134.563697
2024-01-11 00:00:00,38291.315852,38554.688980,36331.107349,36551.279887,108561.866157
2024-01-11 01:00:00,36532.703370,36702.962582,35977.892964,36210.097401,58257.259346
2024-01-11 02:00:00,36271.571940,36943.169966,36006.454672,36734.852156,82515.784422
2024-01-11 03:00:00,36733.478593,36869.247089,36610.021833,36773.141210,9504.521585
2024-01-11 04:00:00,36808.832325,37167.785513,36308.028924,36495.016106,116719.855256
2024-01-11 05:00:00,36503.566089,36895.874427,36103.030707,36511.682766,30814.604810
2024-01-11 06:00:00,36554.033147,37055.265602,36361.989418,36749.450497,43904.626755
2024-01-11 07:00:00,36767.330512,37006.781891,36417.602625,36608.397751,45701.571178
2024-01-11 08:00:00,36622.788723,36871.174948,36036.541437,36332.629475,136150.906185
2024-01-11 09:00:00,36321.084755,36858.729406,36130.508672,36568.068366,93145.028487
2024-01-11 10:00:00,36636.965845,36771.828225,36400.588190,36565.945257,35322.443362
2024-01-11 11:00:00,36595.386841,37062.056890,36195.462986,36886.786759,44399.105810
2024-01-11 12:00:00,36884.490676,37187.636159,36608.658238,36914.923932,43500.671942
2024-01-11 13:00:00,36915.039954,37138.484076,36569.513471,36743.045953,47063.376234
2024-01-11 14:00:00,36772.222157,36997.322380,36620.581558,36836.712617,20822.664015
2024-01-11 15:00:00,36817.344537,37113.874428,36559.393106,36960.563152,40089.824741
2024-01-11 16:00:00,36962.587925,37135.996844,36287.282678,36437.762181,211206.700369
2024-01-11 17:00:00,36450.765693,36604.616536,36075.358685,36395.713587,19671.040499
2024-01-11 18:00:00,36315.157098,36489.441425,36210.460685,36381.777136,9330.972136
2024-01-11 19:00:00,36381.600153,36598.294726,35743.465836,36162.313406,101878.374563
2024-01-11 20:00:00,36143.314481,36600.883009,35817.097967,36301.822449,35471.476262
2024-01-11 21:00:00,36339.410922,36750.378820,36062.015932,36473.848992,98774.074125
2024-01-11 22:00:00,36437.282813,36571.416912,36247.869385,36360.362079,14899.334896
2024-01-11 23:00:00,36331.257804,36762.151879,36122.151175,36502.948369,69153.145680
2024-01-12 00:00:00,36466.321076,36564.246984,36175.798631,36259.676884,23473.222265
2024-01-12 01:00:00,36263.851466,36662.467801,36038.987462,36430.326819,49795.150092
2024-01-12 02:00:00,36436.058568,37523.494683,36160.865215,37388.258838,136595.174928
2024-01-12 03:00:00,37382.225519,37652.675038,37090.656601,37479.172127,33828.892877
2024-01-12 04:00:00,37453.814263,38163.977704,37053.573135,37837.748312,125318.378431
2024-01-12 05:00:00,37895.162640,38145.055579,37683.972910,37888.095272,63414.991604
2024-01-12 06:00:00,37878.973437,38085.735382,37571.881920,37874.258442,29752.182997
2024-01-12 07:00:00,37926.712921,38396.099174,37205.851631,37444.324799,70623.909641
2024-01-12 08:00:00,37453.908304,38538.640993,37245.985218,38226.652611,35392.261368
2024-01-12 09:00:00,38231.083673,38347.567340,38025.969164,38215.640185,30107.356948
2024-01-12 10:00:00,38241.852565,38439.195238,37870.103930,38090.414848,47023.168316
2024-01-12 11:00:00,38122.208113,38582.232144,37760.515977,38058.882495,29638.136715
2024-01-12 12:00:00,38078.645883,38415.665690,37887.809770,38130.673352,11020.766181
2024-01-12 13:00:00,38155.260168,38526.636269,37848.017117,38309.887766,111656.489830
2024-01-12 14:00:00,38338.074622,38725.104871,38099.734373,38458.794332,61126.621675
2024-01-12 15:00:00,38492.723879,38622.517144,37832.615009,38097.297058,22847.899144
2024-01-12 16:00:00,38092.488054,38431.761505,37911.876644,38298.633706,22079.867191
2024-01-12 17:00:00,38291.369720,38407.948564,38214.946350,38328.983962,32567.233845
2024-01-12 18:00:00,38329.046514,38429.623674,38320.659571,38413.028087,15855.086693
2024-01-12 19:00:00,38407.579912,38518.809809,38149.786861,38343.795762,49124.954559
2024-01-12 20:00:00,38301.573040,38606.747039,38178.492793,38527.059801,60043.045951
2024-01-12 21:00:00,38555.007195,38739.928503,38340.906205,38471.141326,69475.223054
2024-01-12 22:00:00,38471.893229,38657.494942,38324.451888,38483.233176,119398.749663
2024-01-12 23:00:00,38436.368463,38611.456964,38264.563376,38449.208330,39676.672743
2024-01-13 00:00:00,38463.138663,38517.822848,38149.836141,38215.449230,172093.745239
2024-01-13 01:00:00,38236.118155,38396.000194,38117.603855,38316.405891,89305.230826
2024-01-13 02:00:00,38305.111035,38404.353506,38211.238980,38339.618142,37353.395289
2024-01-13 03:00:00,38369.266193,38665.272926,38147.463640,38461.508831,137833.233169
2024-01-13 04:00:00,38454.173766,38522.470694,37896.235540,37973.771776,95158.388692
2024-01-13 05:00:00,37956.609839,38135.412587,37805.124394,37919.388285,48603.596551
2024-01-13 06:00:00,37912.150186,38265.181476,37822.768034,38082.681144,70207.577414
2024-01-13 07:00:00,38062.730683,38150.071362,37659.062617,37765.758864,38440.202771
2024-01-13 08:00:00,37768.705697,37893.342659,37679.758769,37763.548346,16792.881203
2024-01-13 09:00:00,37780.493228,37905.715637,37679.331711,37827.347980,64002.873469
2024-01-13 10:00:00,37800.013808,37947.810522,37657.203107,37742.238794,57285.693101
2024-01-13 11:00:00,37739.445164,37886.876830,37620.115434,37720.219850,69397.932627
2024-01-13 12:00:00,37735.074599,37993.669809,37641.808675,37863.625015,24371.389453
2024-01-13 13:00:00,37845.207016,38007.071726,37792.083771,37970.599055,17193.793478
2024-01-13 14:00:00,37960.906987,38301.282121,37895.390720,38218.628605,45250.723700
2024-01-13 15:00:00,38205.100680,38338.099454,38052.939437,38259.187835,115717.616421
2024-01-13 16:00:00,38265.163664,38330.194110,38084.737008,38160.156416,25818.591502
2024-01-13 17:00:00,38145.861017,38498.327195,37966.601237,38266.739218,127042.638113
2024-01-13 18:00:00,38221.540976,38460.407775,37564.929699,37700.987417,103468.146750
2024-01-13 19:00:00,37726.531569,37818.720864,37600.335985,37644.521724,24724.345416
2024-01-13 20:00:00,37654.876762,37926.754397,37387.835371,37690.471408,128213.023945
2024-01-13 21:00:00,37701.674846,37859.163327,37651.240417,37800.246302,35034.716159
2024-01-13 22:00:00,37801.963015,38038.301187,37476.859316,37707.032917,49661.495286
2024-01-13 23:00:00,37718.327378,37971.294650,37530.750550,37765.399464,27790.335820
2024-01-14 00:00:00,37745.547024,37853.376091,37600.543212,37784.765703,34732.994916
2024-01-14 01:00:00,37786.114354,38136.444922,37686.952052,38006.020911,47240.746828
2024-01-14 02:00:00,37974.906286,38140.659573,37762.261637,37866.476347,27523.438488
2024-01-14 03:00:00,37872.479495,38050.139603,37768.627115,37933.370674,21458.428352
2024-01-14 04:00:00,37932.603184,38166.162145,37612.851161,37827.417637,100842.996453
2024-01-14 05:00:00,37829.352209,38113.404841,37736.607838,38049.289490,55714.371438
2024-01-14 06:00:00,38046.982299,38316.082937,37928.775257,38142.606482,70762.702850
2024-01-14 07:00:00,38154.492337,38299.207842,37992.418845,38074.586517,29538.349028
2024-01-14 08:00:00,38082.043519,38270.913142,37905.989660,38180.514167,198943.769843
2024-01-14 09:00:00,38212.988104,38448.241431,37982.441721,38137.356377,13050.174874
2024-01-14 10:00:00,38093.896072,38231.257948,37930.005369,38127.639639,18523.720569
2024-01-14 11:00:00,38132.652825,38223.690967,37911.928849,37955.653743,61909.853103
2024-01-14 12:00:00,37972.077337,38080.191540,37633.811609,37818.056169,95938.081513
2024-01-14 13:00:00,37775.782053,37833.332275,37723.239348,37787.130494,14922.453157
2024-01-14 14:00:00,37774.009144,38039.665546,37678.158006,37784.418838,35215.939175
2024-01-14 15:00:00,37743.070928,37789.870218,37491.561383,37547.971858,208320.084350
2024-01-14 16:00:00,37499.070433,37645.816749,37383.225682,37539.082604,20473.915924
2024-01-14 17:00:00,37532.233606,37664.451592,37354.028574,37449.070082,67716.258471
2024-01-14 18:00:00,37457.012126,37559.200329,37149.627207,37349.412007,29608.544519
2024-01-14 19:00:00,37356.785651,37476.861959,37191.771191,37380.033072,43130.573291
2024-01-14 20:00:00,37369.028543,37519.184888,37137.168760,37249.548381,44513.355566
2024-01-14 21:00:00,37268.468164,37534.188604,37019.491810,37252.172443,66723.088639
2024-01-14 22:00:00,37266.684592,37365.182869,37205.771597,37319.228606,18299.622893
2024-01-14 23:00:00,37324.520476,37397.528051,36932.738671,37002.084667,108104.442106
2024-01-15 00:00:00,37014.864862,37218.687418,36802.423583,37028.531065,30042.738872
2024-01-15 01:00:00,37036.847418,37389.260885,36966.050857,37336.060253,44627.110042
2024-01-15 02:00:00,37381.336511,37524.648708,37254.201449,37427.568143,18630.059981
2024-01-15 03:00:00,37425.423498,37614.023959,37253.145510,37461.204285,32114.391530
2024-01-15 04:00:00,37468.139451,37494.227259,37397.406133,37435.367749,7089.683845
2024-01-15 05:00:00,37425.401321,37635.516823,37368.582311,37589.160974,32085.447037
2024-01-15 06:00:00,37607.243748,37658.957892,37505.991289,37549.159675,71246.530655
2024-01-15 07:00:00,37556.590564,37594.851140,37352.135677,37407.886580,18966.674175
2024-01-15 08:00:00,37426.732113,37535.810589,37267.424458,37338.696135,79307.511662
2024-01-15 09:00:00,37307.228299,37332.987212,37151.751412,37176.585051,41480.193643
2024-01-15 10:00:00,37180.044787,37308.591541,37055.523133,37169.742321,54338.467675
2024-01-15 11:00:00,37113.794281,37266.610726,37006.276121,37125.773318,40250.804961
2024-01-15 12:00:00,37127.609043,37170.245591,37064.759844,37085.031337,27815.448794
2024-01-15 13:00:00,37067.200582,37371.878911,36958.253288,37268.818341,95869.149524
2024-01-15 14:00:00,37277.862051,37360.147216,37122.301645,37226.900058,26943.091978
2024-01-15 15:00:00,37223.333259,37310.152556,36980.350640,37104.621407,13412.827277
2024-01-15 16:00:00,37098.310208,37310.826792,36938.226344,37206.967032,19474.814858
2024-01-15 17:00:00,37220.536490,37286.716566,37158.699918,37190.459584,15386.177694
2024-01-15 18:00:00,37200.479806,37285.027278,37133.504136,37218.905072,20384.102190
2024-01-15 19:00:00,37243.543693,37451.372595,37054.176350,37217.590472,19853.764037
2024-01-15 20:00:00,37237.041590,37547.411112,37137.651660,37440.035842,31571.919849
2024-01-15 21:00:00,37435.919698,37693.946408,37298.411183,37537.092852,54209.100288
2024-01-15 22:00:00,37519.131057,37613.697227,37469.098550,37545.450149,30908.940690
2024-01-15 23:00:00,37560.144947,37816.096361,37306.276493,37625.474629,178804.149777
2024-01-16 00:00:00,37593.168712,37800.734578,37333.488188,37551.599547,46557.521304
2024-01-16 01:00:00,37493.330735,37674.975242,37333.688722,37520.836917,54334.765830
2024-01-16 02:00:00,37527.940011,37641.016173,37280.794421,37437.154429,112879.311183
2024-01-16 03:00:00,37442.855030,37571.470038,37227.839111,37350.987731,162747.185622
2024-01-16 04:00:00,37339.355117,37648.869976,37156.001605,37498.024274,77964.977380
2024-01-16 05:00:00,37490.243314,37603.341007,37344.407746,37465.227078,67211.010674
2024-01-16 06:00:00,37467.011916,37768.959165,37355.337880,37635.207230,41920.117895
2024-01-16 07:00:00,37620.890015,37879.847326,37418.883761,37795.528516,141127.580582
2024-01-16 08:00:00,37796.327312,37929.089469,37605.390032,37724.087683,43351.667420
2024-01-16 09:00:00,37689.079669,37899.493313,37323.349364,37446.500907,71973.872943
2024-01-16 10:00:00,37402.062480,37491.136580,37363.869153,37417.392507,15336.460271
2024-01-16 11:00:00,37388.768298,37545.760440,37256.159679,37374.974484,33177.657188
2024-01-16 12:00:00,37386.027735,37485.958703,37266.286695,37369.503087,27186.341881
2024-01-16 13:00:00,37353.621784,37498.690881,37185.830322,37373.231873,87888.837178
2024-01-16 14:00:00,37376.738940,37756.923831,37178.253866,37556.813817,95028.359051
2024-01-16 15:00:00,37535.682732,37709.148857,37357.660200,37479.086149,65213.687398
2024-01-16 16:00:00,37456.456468,37630.423312,37208.904744,37406.687055,77590.615889
2024-01-16 17:00:00,37394.420775,37678.148492,37324.189640,37530.202467,40137.100152
2024-01-16 18:00:00,37540.028914,37874.895801,37381.578213,37677.226252,62528.234302
2024-01-16 19:00:00,37679.844138,37795.120016,37276.054886,37462.237617,36148.785797
2024-01-16 20:00:00,37422.952092,37641.330569,37219.230141,37440.287848,43713.742808
2024-01-16 21:00:00,37466.077215,37549.654213,37169.734722,37311.498166,67483.073018
2024-01-16 22:00:00,37332.631828,37378.792269,37284.082659,37308.467685,11950.269288
2024-01-16 23:00:00,37320.558346,37715.143676,37180.458382,37468.159351,57211.148533
2024-01-17 00:00:00,37445.246269,37531.707945,37421.606296,37510.390820,20297.553451
2024-01-17 01:00:00,37477.161957,37955.777799,37388.393442,37808.179467,73766.462962
2024-01-17 02:00:00,37824.851338,38056.007438,37458.646706,37774.327080,123895.529957
2024-01-17 03:00:00,37769.633775,37875.875480,37704.955117,37808.250936,12145.565485
2024-01-17 04:00:00,37816.101527,37930.011303,37327.967782,37564.654217,33581.183116
2024-01-17 05:00:00,37557.446629,37769.312293,37134.677913,37346.807808,106780.346646
2024-01-17 06:00:00,37361.935318,37438.339259,37100.563183,37187.046836,36255.557699
2024-01-17 07:00:00,37189.778606,37550.888337,37031.852864,37291.667233,219784.359365
2024-01-17 08:00:00,37279.238781,37388.083578,37034.649314,37150.136576,16588.639862
2024-01-17 09:00:00,37119.182093,37256.546401,36935.138040,37014.287555,54839.874145
2024-01-17 10:00:00,37014.036122,37194.546083,36893.318218,37027.501582,49476.860565
2024-01-17 11:00:00,37047.500506,37161.696856,36685.840095,36794.872514,73274.365405
2024-01-17 12:00:00,36791.916466,36879.486122,36475.118675,36596.728695,44034.906178
2024-01-17 13:00:00,36565.585626,36721.495673,36396.455890,36650.577065,33425.555446
2024-01-17 14:00:00,36641.812002,36724.820372,36395.599188,36471.339530,25298.437999
2024-01-17 15:00:00,36457.369985,36636.983579,36114.298935,36198.847614,53818.192939
2024-01-17 16:00:00,36203.382077,36388.439701,35961.616026,36244.510680,61893.354046
2024-01-17 17:00:00,36266.063919,36646.391421,36082.107829,36528.377471,68785.943925
2024-01-17 18:00:00,36554.422700,36926.592631,36445.167024,36808.508900,132917.825959
2024-01-17 19:00:00,36801.092151,37115.282867,36595.902457,36856.918622,98238.621625
2024-01-17 20:00:00,36858.439497,37104.416166,36704.715753,36897.163992,93382.635753
2024-01-17 21:00:00,36862.741964,37057.764235,36582.649397,36808.293280,62709.444442
2024-01-17 22:00:00,36809.192973,36886.265070,36792.671457,36859.304608,7140.289997
2024-01-17 23:00:00,36881.211105,37145.509934,36791.521948,36939.678358,38295.940135
2024-01-18 00:00:00,36960.581331,37202.516178,36589.150148,36812.053763,95608.014728
2024-01-18 01:00:00,36811.724483,37045.556187,36453.541115,36635.587196,32754.218694
2024-01-18 02:00:00,36654.317323,36818.667846,36575.396584,36676.326104,22779.751903
2024-01-18 03:00:00,36686.012341,36920.112567,36515.801187,36687.331706,44133.108242
2024-01-18 04:00:00,36688.361351,36878.209506,36244.207559,36485.876866,50488.000501
2024-01-18 05:00:00,36472.580583,36596.748642,36385.125362,36462.866859,27174.908295
2024-01-18 06:00:00,36455.484742,36527.804683,36283.753754,36418.334453,31276.741318
2024-01-18 07:00:00,36384.687436,36628.711018,36097.990655,36332.132887,160784.577299
2024-01-18 08:00:00,36311.148495,36531.427545,36172.884075,36381.793282,29551.696841
2024-01-18 09:00:00,36381.831471,36454.824554,36183.636193,36363.443630,35344.403668
2024-01-18 10:00:00,36332.935519,36404.886530,36257.264845,36366.159152,57993.816869
2024-01-18 11:00:00,36335.324223,36439.019435,36234.021388,36341.296333,23542.680864
2024-01-18 12:00:00,36326.765060,36706.591630,36196.626566,36588.888396,56603.710910
2024-01-18 13:00:00,36652.937233,36952.634379,35798.827021,36024.882071,196500.826428
2024-01-18 14:00:00,36037.610573,36762.776141,35193.252270,35909.515653,87671.125946
2024-01-18 15:00:00,35829.047716,36127.431185,35417.453114,35814.009312,14836.865374
2024-01-18 16:00:00,35834.944467,36183.397488,35046.705802,35381.903530,69933.751250
2024-01-18 17:00:00,35392.170554,35985.878799,34797.020049,35340.371359,61833.139418
2024-01-18 18:00:00,35223.265588,35465.065364,34586.171771,34866.321713,131987.909551
2024-01-18 19:00:00,34879.230139,35098.071872,34754.311052,34926.724251,21887.184493
2024-01-18 20:00:00,34813.459525,35334.284644,34575.618539,35117.991850,85269.315726
2024-01-18 21:00:00,35124.327147,35496.433061,34834.253876,35316.108847,23767.267095
2024-01-18 22:00:00,35248.754143,35720.192765,34627.628164,35064.011922,28437.072962
2024-01-18 23:00:00,35160.094269,35899.196299,34793.375543,35699.191876,38680.558588
2024-01-19 00:00:00,35672.267080,36144.105619,35444.327815,35982.039086,53669.001751
2024-01-19 01:00:00,35980.458168,36321.491907,35763.843996,36008.750834,58861.659395
2024-01-19 02:00:00,36055.682453,36327.226143,35750.632144,35950.475528,84836.319318
2024-01-19 03:00:00,35956.179946,36208.439582,35130.929617,35558.349429,60284.974003
2024-01-19 04:00:00,35491.879513,35670.835788,35197.604875,35431.344100,26466.281947
2024-01-19 05:00:00,35447.188717,36138.024922,35022.163195,35704.992526,106411.189098
2024-01-19 06:00:00,35673.500764,36226.333184,35076.595587,35578.788996,68101.961007
2024-01-19 07:00:00,35610.668826,35883.268916,35098.716546,35392.611330,83258.907541
2024-01-19 08:00:00,35396.162882,35975.514698,34952.931049,35645.896594,63878.353700
2024-01-19 09:00:00,35592.197987,35786.457185,34845.138891,35159.462424,98437.349331
2024-01-19 10:00:00,35201.654865,35311.079489,34852.697119,34906.960523,24454.043593
2024-01-19 11:00:00,34891.491183,35193.474674,34243.404586,34783.143782,44744.869547
2024-01-19 12:00:00,34867.707892,35235.288716,34091.118766,34754.825170,81990.804697
2024-01-19 13:00:00,34765.258579,35417.934195,34203.853730,35042.595122,113386.411619
2024-01-19 14:00:00,35047.360937,35451.164923,34370.843344,34860.337942,41701.291387
2024-01-19 15:00:00,34920.589130,35335.081897,33445.792725,33954.715451,72020.088735
2024-01-19 16:00:00,34003.851631,34908.284844,33393.662500,34616.079879,71735.369854
2024-01-19 17:00:00,34601.243790,34793.768083,33946.743125,34165.648156,31134.815309
2024-01-19 18:00:00,34158.439095,34635.785428,33329.935675,33616.770358,29621.169823
2024-01-19 19:00:00,33637.965658,33913.875067,33013.861950,33471.323639,69118.270925
2024-01-19 20:00:00,33379.702411,33880.077965,32728.222252,33294.661894,361420.241048
2024-01-19 21:00:00,33340.243831,33654.726340,33241.390572,33470.181287,30934.933783
2024-01-19 22:00:00,33469.841848,33673.685180,31846.544841,32175.519899,73595.321537
2024-01-19 23:00:00,32218.281498,32597.466227,32003.739557,32276.339701,26717.803914
2024-01-20 00:00:00,32311.719785,32800.733897,32097.000745,32453.075419,76077.134293
2024-01-20 01:00:00,32484.235467,32863.673459,32292.565973,32740.549306,41358.363503
2024-01-20 02:00:00,32743.227789,33277.985313,32477.705160,32989.933210,32602.615070
2024-01-20 03:00:00,32994.068404,33499.985445,32158.520791,32758.034845,140496.660496
2024-01-20 04:00:00,32715.990354,32977.784208,32488.600715,32787.546901,27275.085411
2024-01-20 05:00:00,32717.586251,32994.314581,32292.247009,32581.188273,38547.132616
2024-01-20 06:00:00,32529.267354,33054.935868,31274.376653,31648.032525,43677.310888
2024-01-20 07:00:00,31658.462985,32000.704627,31340.151890,31595.322559,43943.627990
2024-01-20 08:00:00,31564.169396,31680.595409,31424.170253,31518.749621,25814.460538
2024-01-20 09:00:00,31456.006162,31707.960529,31129.921480,31440.254871,51754.884099
2024-01-20 10:00:00,31486.136919,31985.279666,31265.434892,31752.473727,37002.800837
2024-01-20 11:00:00,31783.175086,32285.715738,31544.486088,31865.797287,21199.421645
2024-01-20 12:00:00,31840.286348,32226.993143,31405.306566,31772.567645,68331.947187
2024-01-20 13:00:00,31689.785386,31870.422768,31109.421806,31456.845177,24424.903019
2024-01-20 14:00:00,31383.954307,31781.164783,30911.526524,31504.569009,42418.097678
2024-01-20 15:00:00,31509.123391,31837.190508,31300.312235,31641.289563,42690.427689
2024-01-20 16:00:00,31650.290873,31989.075300,30867.198846,31225.809422,76332.312931
2024-01-20 17:00:00,31190.960441,31479.099297,30440.874567,30899.790388,87737.821422
2024-01-20 18:00:00,30874.181527,31234.227928,29954.221695,30092.488133,147424.907617
2024-01-20 19:00:00,30046.358643,30314.772462,29332.853689,29760.837192,104542.397396
2024-01-20 20:00:00,29755.322891,29934.575842,29508.705606,29686.908813,18678.118533
2024-01-20 21:00:00,29693.141114,30375.023841,29248.956026,29948.913596,65470.236409
2024-01-20 22:00:00,29970.671318,30091.172797,29640.882029,29900.868359,56781.862707
2024-01-20 23:00:00,29838.396026,30333.746750,29467.327529,29954.413616,60161.832431
2024-01-21 00:00:00,30002.604645,30263.190371,29513.090068,29846.654425,106348.521068
2024-01-21 01:00:00,29803.390366,30057.939919,29181.906157,29808.533740,96053.417491
2024-01-21 02:00:00,29791.390293,30246.873210,29531.150123,29975.150727,32477.195325
2024-01-21 03:00:00,30043.674715,30253.378980,29800.759019,29938.696598,21275.801799
2024-01-21 04:00:00,29904.497420,30140.096714,29646.625691,29920.778859,68005.852039
2024-01-21 05:00:00,29827.814346,30105.764049,29203.739569,29574.772478,41075.491552
2024-01-21 06:00:00,29536.459200,29913.877115,29127.885117,29363.736714,77232.926548
2024-01-21 07:00:00,29374.003853,29626.353329,28888.919265,29295.317023,112200.312850
2024-01-21 08:00:00,29252.547216,29496.201114,28345.408165,28769.248687,70864.709108
2024-01-21 09:00:00,28745.222809,29436.193512,28553.083257,29115.655382,30978.447484
2024-01-21 10:00:00,29105.858389,29393.586198,28964.550772,29186.092821,12669.293708
2024-01-21 11:00:00,29182.407351,29370.255994,28828.406455,29075.857123,107036.681984
2024-01-21 12:00:00,29063.149705,29503.613654,28668.310728,29022.909874,54914.556589
2024-01-21 13:00:00,29054.749343,29450.107886,28813.271925,29103.426555,37668.494356
2024-01-21 14:00:00,29123.692803,29437.587885,28469.088176,28766.882407,92606.768770
2024-01-21 15:00:00,28756.549645,29231.078687,28456.517805,28839.155049,37265.716675
2024-01-21 16:00:00,28807.625653,29032.860639,28404.475962,28649.250730,100503.597524
2024-01-21 17:00:00,28671.513652,28988.078298,28038.819658,28385.702193,21679.696111
2024-01-21 18:00:00,28401.558889,28753.072809,28076.804974,28475.265785,17011.882026
2024-01-21 19:00:00,28565.110018,28999.162495,28400.691205,28671.724294,18162.326995
2024-01-21 20:00:00,28682.014362,28970.978481,28319.785843,28589.803262,24438.163956
2024-01-21 21:00:00,28544.543408,28705.313002,28142.487824,28366.779564,76592.223609
2024-01-21 22:00:00,28438.618024,28942.200192,28249.375251,28689.246579,60617.757495
2024-01-21 23:00:00,28695.759019,29128.341721,28436.576874,28881.564780,47989.319630
2024-01-22 00:00:00,28901.179961,29295.035317,28565.179153,28932.344021,52860.136696
2024-01-22 01:00:00,28929.466316,29259.384192,28761.999130,28973.535767,49633.830728
2024-01-22 02:00:00,28866.110854,29068.611054,27907.800896,28337.846135,78576.487763
2024-01-22 03:00:00,28317.919183,28533.062144,28197.351621,28411.050623,38040.598677
2024-01-22 04:00:00,28440.882000,28912.870331,28015.492788,28649.293585,59516.873918
2024-01-22 05:00:00,28661.320409,29077.399992,28218.346023,28626.906151,54191.200997
2024-01-22 06:00:00,28595.762910,29294.365314,28364.214335,28799.368010,93282.740729
2024-01-22 07:00:00,28819.802319,28951.206908,28218.520404,28400.254092,40411.716009
2024-01-22 08:00:00,28350.689846,28564.585801,28227.987107,28425.944367,8563.448770
2024-01-22 09:00:00,28428.123052,28663.620271,28273.419686,28583.794274,17674.001395
2024-01-22 10:00:00,28559.244365,28942.958193,28428.844630,28754.623468,21780.162459
2024-01-22 11:00:00,28765.804102,28970.581754,28052.940008,28346.942308,41707.521859
2024-01-22 12:00:00,28385.904747,28620.290902,28327.129257,28518.401379,14681.151004
2024-01-22 13:00:00,28504.496723,28650.473607,28366.659888,28537.266811,19922.058223
2024-01-22 14:00:00,28539.564283,29094.895572,27233.114869,27770.963060,191005.826683
2024-01-22 15:00:00,27685.642014,27915.051766,27140.058823,27445.397730,32709.858586
2024-01-22 16:00:00,27400.277860,27559.408944,26950.500896,27268.716675,34601.634190
2024-01-22 17:00:00,27265.014067,27470.088511,27131.565369,27324.883528,27866.607460
2024-01-22 18:00:00,27332.480478,27614.937741,27026.180477,27241.836718,34194.072013
2024-01-22 19:00:00,27245.508764,27535.745872,27080.553885,27407.343032,13093.941782
2024-01-22 20:00:00,27336.725127,27787.002846,26935.590118,27496.384141,99479.488649
2024-01-22 21:00:00,27468.415018,27954.165248,27144.024494,27804.036558,43984.553435
2024-01-22 22:00:00,27859.540551,28400.438036,27425.179262,28079.158004,20191.634708
2024-01-22 23:00:00,28094.781199,28238.813743,27664.533767,27817.553816,15155.745682
2024-01-23 00:00:00,27836.953003,28078.613803,27709.985302,27949.782501,11048.110107
2024-01-23 01:00:00,27958.349524,28166.299227,27710.953292,27936.642166,35338.226667
2024-01-23 02:00:00,27904.431091,28290.620792,27775.002147,28075.177778,43399.111671
2024-01-23 03:00:00,28163.454520,28458.159567,27959.913492,28210.424401,46418.447654
2024-01-23 04:00:00,28214.364064,28627.006345,27869.321526,28147.306337,63750.572126
2024-01-23 05:00:00,28115.266309,28881.637620,27958.047952,28738.369797,75980.005083
2024-01-23 06:00:00,28751.437425,28876.385428,28627.964297,28710.817522,14687.322110
2024-01-23 07:00:00,28821.445435,29426.092468,28425.916995,29143.540459,87856.056366
2024-01-23 08:00:00,29104.391391,29441.153898,28789.477074,29252.495703,38240.737860
2024-01-23 09:00:00,29249.848356,29819.015267,29073.291465,29523.199595,48335.291250
2024-01-23 10:00:00,29532.635908,29929.546315,29287.003898,29797.556764,28586.893143
2024-01-23 11:00:00,29826.323799,30413.378556,29411.052236,29978.547069,58193.628468
2024-01-23 12:00:00,30034.131811,30263.310496,29526.161272,29851.822668,17325.319191
2024-01-23 13:00:00,29971.469525,30133.963140,29949.806497,30118.642945,1969.676602
2024-01-23 14:00:00,30082.126561,30276.922850,29312.261586,29580.665852,181717.551223
2024-01-23 15:00:00,29594.788708,29910.464277,29194.578884,29345.971951,46853.997130
2024-01-23 16:00:00,29371.188498,29765.190090,29009.028414,29405.876984,57211.661449
2024-01-23 17:00:00,29327.832588,29599.263231,29021.741106,29306.336630,31088.608744
2024-01-23 18:00:00,29301.249858,29719.207017,28504.690850,28816.590562,103723.089343
2024-01-23 19:00:00,28846.406805,29077.334877,28552.942033,28811.102760,35191.994658
2024-01-23 20:00:00,28818.205710,29118.034981,28364.682645,28528.422033,66670.761898
2024-01-23 21:00:00,28519.675574,28621.720012,27931.653659,28106.779515,56288.079842
2024-01-23 22:00:00,28110.416252,28331.821922,27739.225745,27913.677113,28567.860214
2024-01-23 23:00:00,27895.532593,28254.782700,27645.540001,28007.166088,82400.857449
2024-01-24 00:00:00,28038.710859,28602.446484,27831.625377,28134.909603,81780.143999
2024-01-24 01:00:00,28100.173033,28413.631282,27935.067644,28260.651816,42032.991588
2024-01-24 02:00:00,28234.505070,28369.502604,28054.474220,28255.590569,14348.694684
2024-01-24 03:00:00,28259.053029,28412.035984,27889.861174,27964.682830,16968.545018
2024-01-24 04:00:00,27970.697004,28163.796052,27477.117689,27716.888916,25938.274225
2024-01-24 05:00:00,27736.047980,27996.659114,27564.748336,27818.397793,25932.822465
2024-01-24 06:00:00,27781.789931,27933.736607,27219.492856,27397.490356,119216.317538
2024-01-24 07:00:00,27362.255217,27460.487254,27065.536541,27154.889075,59423.984720
2024-01-24 08:00:00,27109.475049,27159.631149,26976.359661,27052.910019,31052.765688
2024-01-24 09:00:00,27001.547352,27349.970569,26639.795724,27121.275267,37246.518048
2024-01-24 10:00:00,27087.539157,27391.101426,26597.638545,26933.496565,89241.038636
2024-01-24 11:00:00,26966.908737,27085.087349,26767.348732,26934.244893,18677.087850
2024-01-24 12:00:00,26969.299911,27221.534972,26545.568898,26764.293993,46715.805431
2024-01-24 13:00:00,26768.732748,27319.809486,26625.150881,27092.452500,73107.939673
2024-01-24 14:00:00,27112.233839,27392.484203,26785.690052,27061.606955,112879.879484
2024-01-24 15:00:00,27082.106925,27297.493624,26818.002587,27027.903014,18254.904748
2024-01-24 16:00:00,26986.450156,27434.165008,26611.644079,27117.526378,43448.442459
2024-01-24 17:00:00,27157.722602,27724.111895,26980.969748,27550.268196,70621.081752
2024-01-24 18:00:00,27565.428309,27735.448024,27289.943230,27545.016343,16344.619068
2024-01-24 19:00:00,27577.112005,27779.293364,27293.584493,27606.592401,34111.460053
2024-01-24 20:00:00,27646.435366,27783.785572,27220.066893,27381.925122,62009.217429
2024-01-24 21:00:00,27466.453697,27700.502927,27124.875420,27392.098873,30594.790144
2024-01-24 22:00:00,27375.985016,27570.720186,26752.528028,27192.605798,34543.067510
2024-01-24 23:00:00,27255.759467,27454.232357,26882.543989,27095.969267,42882.558181
2024-01-25 00:00:00,27122.840036,27295.281574,26958.850229,27103.204082,13835.596244
2024-01-25 01:00:00,27119.339835,27419.437631,26957.980686,27130.430824,24733.289639
2024-01-25 02:00:00,27203.174657,27484.024709,26964.480014,27254.516473,50981.649150
2024-01-25 03:00:00,27291.808936,27386.981995,27089.511206,27229.656662,9186.958988
2024-01-25 04:00:00,27157.134035,27212.705445,27018.127591,27144.245029,26376.604499
2024-01-25 05:00:00,27114.860478,27593.087658,26741.890370,27339.800991,35338.511350
2024-01-25 06:00:00,27323.674637,27562.005714,26923.258872,27053.480538,129596.227064
2024-01-25 07:00:00,27087.551646,27350.864833,26944.998543,27075.148508,148216.256591
2024-01-25 08:00:00,27008.388947,27216.307419,26816.726727,27083.385115,25298.681011
2024-01-25 09:00:00,27077.653210,27244.090059,26746.248245,27033.691513,28227.213146
2024-01-25 10:00:00,27054.827771,27295.182613,26674.991136,26960.228329,35396.266574
2024-01-25 11:00:00,26921.884912,27386.012283,26643.515827,27014.618383,86469.003891
2024-01-25 12:00:00,27053.819768,27125.046566,26592.217915,26674.549875,83158.146501
2024-01-25 13:00:00,26663.274061,26953.026159,26393.634202,26815.402994,35948.808406
2024-01-25 14:00:00,26851.423497,27113.016298,26710.357429,26876.145010,78403.095524
2024-01-25 15:00:00,26840.647172,26977.398468,26539.525963,26728.147588,31081.658663
2024-01-25 16:00:00,26716.771106,26811.266681,26535.070969,26658.296797,17741.314460
2024-01-25 17:00:00,26659.660562,26772.717991,26155.716733,26291.416523,92088.798310
2024-01-25 18:00:00,26243.055096,26523.304619,25857.718138,26212.541257,38435.827337
2024-01-25 19:00:00,26161.936163,26298.537092,25836.417156,26078.480592,18368.586342
2024-01-25 20:00:00,26017.117543,26238.867108,25768.862340,26083.080334,22189.219340
2024-01-25 21:00:00,26055.302986,26412.348022,25985.658102,26300.884695,23243.374534
2024-01-25 22:00:00,26280.552798,26430.962387,25703.326872,26034.858419,13602.855857
2024-01-25 23:00:00,26043.642783,26434.516974,25788.044829,26150.356186,29877.273675
2024-01-26 00:00:00,26159.479517,26280.307793,25792.986981,25980.352990,40235.519188
2024-01-26 01:00:00,25952.261972,26303.178502,25422.113671,25729.465037,71498.734492
2024-01-26 02:00:00,25763.735747,26532.057613,25507.645622,26342.217815,116635.754129
2024-01-26 03:00:00,26361.697424,26907.401065,26007.201044,26666.205603,82030.711219
2024-01-26 04:00:00,26715.801243,26823.614095,25619.477450,25738.618796,102046.263649
2024-01-26 05:00:00,25803.692759,25956.516683,25629.609135,25724.351604,26376.042911
2024-01-26 06:00:00,25677.362497,25891.963262,25367.218933,25572.184272,44738.523175
2024-01-26 07:00:00,25564.739113,26065.510081,25129.589645,25818.304432,87830.884879
2024-01-26 08:00:00,25849.148197,25959.782869,25495.667974,25601.122852,29750.803796
2024-01-26 09:00:00,25571.273415,25720.465470,25303.784174,25542.870886,53540.425034
2024-01-26 10:00:00,25531.342749,25780.842108,25237.650949,25618.157043,46685.380031
2024-01-26 11:00:00,25601.707507,25773.075038,25370.967472,25535.943586,23593.726755
2024-01-26 12:00:00,25523.363539,25651.975402,25275.004328,25461.321645,31098.810253
2024-01-26 13:00:00,25405.030193,25716.452889,25042.798538,25409.592548,58110.746682
2024-01-26 14:00:00,25404.878232,25648.493015,24559.570007,24860.643561,39737.602811
2024-01-26 15:00:00,24847.501990,25021.635888,24442.795680,24589.673575,111068.709930
2024-01-26 16:00:00,24576.069792,24920.587024,24440.459406,24740.541419,124112.359579
2024-01-26 17:00:00,24713.595481,25000.791106,24492.688828,24646.377936,32572.104857
2024-01-26 18:00:00,24668.918998,24960.213156,24510.973575,24679.886338,111057.943625
2024-01-26 19:00:00,24686.326024,24803.285644,24477.477261,24655.308451,31945.621942
2024-01-26 20:00:00,24658.477300,24804.761928,24523.306098,24647.652022,37627.480016
2024-01-26 21:00:00,24654.448862,24849.160013,24482.559517,24738.206619,85956.462961
2024-01-26 22:00:00,24760.944656,25030.691901,24627.415677,24755.852310,80425.900177
2024-01-26 23:00:00,24752.225561,24918.714446,24471.416680,24661.149344,67257.367333
2024-01-27 00:00:00,24677.516755,24981.129355,24040.252702,24241.651417,163572.614262
2024-01-27 01:00:00,24277.075021,24582.068873,24116.731409,24300.613673,26253.278152
2024-01-27 02:00:00,24327.011703,24619.327612,24057.940881,24413.274249,69980.447744
2024-01-27 03:00:00,24419.608166,24533.378983,24206.081383,24352.982270,75471.993474
2024-01-27 04:00:00,24353.303229,24700.492500,24094.612260,24470.317126,95272.533804
2024-01-27 05:00:00,24463.996606,24867.217995,24282.168513,24648.477872,202002.454378
2024-01-27 06:00:00,24704.470800,25113.435856,24572.581133,25010.531868,19802.644099
2024-01-27 07:00:00,25043.016105,25259.890390,24953.433555,25151.223075,22208.388721
2024-01-27 08:00:00,25158.607934,25344.560710,24984.367256,25090.944838,21283.692268
2024-01-27 09:00:00,25064.751172,25248.938783,24843.512870,25083.484490,64694.923511
2024-01-27 10:00:00,25102.484878,25327.203001,24513.019230,24800.635838,67871.610372
2024-01-27 11:00:00,24824.071924,25094.487015,24408.604091,24884.311474,65239.741235
2024-01-27 12:00:00,24944.650147,25060.245980,24808.807213,24928.156771,29193.817267
2024-01-27 13:00:00,24924.919101,25185.809173,24361.243181,24681.062202,180016.286592
2024-01-27 14:00:00,24669.806510,25071.500280,24225.172760,24464.443042,53962.702705
2024-01-27 15:00:00,24508.189117,24731.830636,23920.732061,24247.121894,58073.909658
2024-01-27 16:00:00,24296.073445,24416.837423,24155.297205,24342.775475,32106.417965
2024-01-27 17:00:00,24355.614327,24722.151674,24198.204446,24611.262720,74237.138192
2024-01-27 18:00:00,24630.162285,24861.878314,24245.777591,24374.504314,46169.069951
2024-01-27 19:00:00,24385.656275,24760.998932,24190.261528,24594.845735,177538.528345
2024-01-27 20:00:00,24635.348793,24745.684267,24285.962770,24430.745619,35814.499213
2024-01-27 21:00:00,24440.707751,24554.743975,24228.763993,24314.247011,11230.077495
2024-01-27 22:00:00,24355.391443,24545.163940,24228.506641,24395.920598,41362.647900
2024-01-27 23:00:00,24459.115567,24707.885184,24165.791225,24486.055263,107266.543811
2024-01-28 00:00:00,24461.881590,24683.415208,24305.595439,24507.278013,62065.483909
2024-01-28 01:00:00,24537.812805,25123.830655,24364.845876,24702.792062,63356.116693
2024-01-28 02:00:00,24708.860254,24916.751998,24516.467474,24637.704294,42708.846664
2024-01-28 03:00:00,24631.894770,25184.518275,24449.725289,24889.711315,50529.476391
2024-01-28 04:00:00,24914.313926,25225.827729,24756.969437,25138.118430,123212.828218
2024-01-28 05:00:00,25117.636515,25426.339063,24690.060837,24986.592046,74969.132069
2024-01-28 06:00:00,25036.286663,25210.097918,24891.292678,25017.649989,35490.617685
2024-01-28 07:00:00,25023.998272,25209.196519,24750.412836,24860.341954,72980.401691
2024-01-28 08:00:00,24904.082318,25015.746817,24517.948529,24790.769888,51809.464246
2024-01-28 09:00:00,24761.430306,25082.028354,24387.729604,24608.894663,54550.357838
2024-01-28 10:00:00,24644.550737,24958.909618,24308.392270,24615.627288,82935.522336
2024-01-28 11:00:00,24598.341551,24699.642007,24319.946190,24520.840447,19553.552147
2024-01-28 12:00:00,24492.685519,24733.841548,24359.523996,24568.414283,29157.731928
2024-01-28 13:00:00,24553.271208,24967.352931,24399.133498,24777.111552,88801.187411
2024-01-28 14:00:00,24720.684718,24926.660725,24589.125248,24721.735917,12870.871676
2024-01-28 15:00:00,24704.354018,25396.355613,24496.361744,24970.862042,102995.255317
2024-01-28 16:00:00,24984.340774,25314.983362,24671.556054,25024.651513,80669.730386
2024-01-28 17:00:00,24981.744783,25088.893271,24568.313918,24742.291161,104049.700062
2024-01-28 18:00:00,24734.233790,24983.729197,24252.643390,24644.339587,177270.069265
2024-01-28 19:00:00,24686.806066,24791.885687,24477.024024,24657.274678,22714.889610
2024-01-28 20:00:00,24668.088984,24831.612207,24382.078176,24579.239595,26324.106373
2024-01-28 21:00:00,24592.630236,24948.698696,24344.428162,24777.487650,51499.416256
2024-01-28 22:00:00,24756.968455,25124.473976,24487.075243,24946.133634,124061.833043
2024-01-28 23:00:00,24938.956003,25212.716812,24427.499190,24683.573029,42598.413517
2024-01-29 00:00:00,24653.003937,25399.295168,24340.172691,25149.656657,113682.780794
2024-01-29 01:00:00,25178.458496,25551.090206,24869.573572,25137.844980,35433.528429
2024-01-29 02:00:00,25111.842925,25339.375230,25037.386948,25159.617016,10747.280634
2024-01-29 03:00:00,25195.428486,25591.817713,24910.118788,25390.753243,34528.411320
2024-01-29 04:00:00,25303.565915,25391.031862,25174.797933,25310.630091,25058.010367
2024-01-29 05:00:00,25332.089430,25487.358670,25150.062828,25353.700763,26779.394827
2024-01-29 06:00:00,25355.756101,25717.875916,24943.614837,25305.284594,61507.351118
2024-01-29 07:00:00,25272.305698,25607.907569,24921.257743,25259.430426,39557.735422
2024-01-29 08:00:00,25264.875753,25643.930629,25072.589931,25253.213027,78679.981491
2024-01-29 09:00:00,25248.074986,25366.083671,25027.400258,25106.880724,30073.417250
2024-01-29 10:00:00,25067.655705,25797.120602,24831.935484,25558.690124,95483.868373
2024-01-29 11:00:00,25546.336598,25936.896054,25356.584065,25859.021213,37205.620704
2024-01-29 12:00:00,25902.218323,26114.580164,25456.780380,25697.322329,58210.578169
2024-01-29 13:00:00,25642.544859,25753.045885,25365.274994,25496.690527,46600.885808
2024-01-29 14:00:00,25482.314516,25745.069711,25204.127006,25567.514390,53076.533916
2024-01-29 15:00:00,25555.437192,25684.302685,25315.412548,25502.181871,70309.385180
2024-01-29 16:00:00,25465.532534,25604.897421,24936.895766,25178.265832,73736.115091
2024-01-29 17:00:00,25204.611629,25691.363333,24814.328253,25266.869194,50459.379143
2024-01-29 18:00:00,25293.827750,25673.050714,24721.273790,25024.925505,26145.442365
2024-01-29 19:00:00,25077.557355,25278.783312,24685.318645,24931.124758,28326.648965
2024-01-29 20:00:00,24948.378344,25323.856349,24535.486626,25022.002922,40461.527272
2024-01-29 21:00:00,25101.114711,25531.141521,24619.833059,25028.676905,57989.946383
2024-01-29 22:00:00,24998.316051,25176.185248,24766.817174,25076.543367,18405.626675
2024-01-29 23:00:00,25108.620608,25532.675900,24928.994744,25399.177994,63027.759585
2024-01-30 00:00:00,25397.457725,25702.519846,25105.081705,25429.279426,78304.524933
2024-01-30 01:00:00,25425.967416,25579.847140,25080.189394,25283.897603,33260.102349
2024-01-30 02:00:00,25304.395965,25489.102830,24973.344755,25118.602889,34717.034753
2024-01-30 03:00:00,25099.204461,25266.261364,24976.241896,25171.873824,26796.649823
2024-01-30 04:00:00,25151.482703,25274.988753,24962.658697,25127.664717,69048.865952
2024-01-30 05:00:00,25087.954432,25224.924330,24893.791366,24993.811193,26091.732051
2024-01-30 06:00:00,24986.296717,25127.774411,24839.072787,25041.673210,64468.235689
2024-01-30 07:00:00,25030.615162,25335.399616,24800.563213,24971.859899,168494.804755
2024-01-30 08:00:00,24989.230794,25091.718496,24756.526600,24862.926184,42794.667002
2024-01-30 09:00:00,24841.774256,24923.609934,24591.061217,24688.247522,31278.160057
2024-01-30 10:00:00,24727.445281,24757.693157,24707.109304,24729.212499,3712.487178
2024-01-30 11:00:00,24749.219803,24845.536262,24485.553893,24659.772715,62449.487373
2024-01-30 12:00:00,24657.585015,24924.151569,24505.389942,24821.395662,83577.863917
2024-01-30 13:00:00,24822.939668,24993.793961,24741.037729,24882.302143,23393.000863
2024-01-30 14:00:00,24897.324735,24960.725302,24803.159630,24887.426074,15464.219402
2024-01-30 15:00:00,24874.679291,25092.158659,24618.839125,24764.700319,45940.207348
2024-01-30 16:00:00,24793.935250,24911.962922,24746.845805,24862.080301,48670.948395
2024-01-30 17:00:00,24894.393192,25125.243921,24811.231253,25039.887045,30692.182655
2024-01-30 18:00:00,25021.505839,25209.194968,24937.404539,25020.987142,32889.760086
2024-01-30 19:00:00,25084.142948,25237.906479,24742.813364,24958.091585,139810.002057
2024-01-30 20:00:00,24989.580801,25119.715126,24636.693557,24789.456978,38734.772539
2024-01-30 21:00:00,24775.600984,24953.371380,24674.690404,24789.548060,130134.706164
2024-01-30 22:00:00,24743.679146,24838.542370,24343.474762,24457.954202,57304.561615
2024-01-30 23:00:00,24465.952859,24527.816698,24183.048538,24297.911286,72432.487438
2024-01-31 00:00:00,24320.779764,24519.465293,24180.134746,24355.574099,51878.242995
2024-01-31 01:00:00,24358.420456,24468.369894,24211.064069,24368.909658,35630.306611
2024-01-31 02:00:00,24377.385990,24518.722580,24172.209106,24339.734897,47467.833699
2024-01-31 03:00:00,24315.429750,24388.922365,24137.521993,24314.171762,53459.578289
2024-01-31 04:00:00,24330.390576,24700.780491,24162.959775,24446.830614,25241.659583
2024-01-31 05:00:00,24435.998100,24539.569427,24098.676853,24335.784867,71312.663133
2024-01-31 06:00:00,24336.187156,24468.940984,24222.634585,24306.353904,49631.683942
2024-01-31 07:00:00,24344.211957,24454.839245,24189.560700,24250.517201,56304.755198
2024-01-31 08:00:00,24289.422141,24504.000983,24170.675487,24304.217102,32138.364735
2024-01-31 09:00:00,24322.506651,24553.648219,24123.562672,24437.622270,234768.247421
2024-01-31 10:00:00,24424.629372,24519.399705,24292.574792,24368.297444,13604.839324
2024-01-31 11:00:00,24373.862585,24482.897736,24213.334264,24335.940668,20767.123869
2024-01-31 12:00:00,24353.401279,24431.719665,24054.123370,24206.107677,94357.655133
2024-01-31 13:00:00,24151.399094,24349.352610,23991.020014,24260.021862,126701.389080
2024-01-31 14:00:00,24244.996471,24334.355971,24095.122248,24140.518488,36601.795603
2024-01-31 15:00:00,24134.675093,24343.157288,24068.459338,24272.772563,44526.226459
2024-01-31 16:00:00,24281.232489,24417.521332,24186.642827,24287.353201,15148.045193
2024-01-31 17:00:00,24302.478419,24604.492020,24111.828602,24376.739609,80604.214343
2024-01-31 18:00:00,24356.264439,24472.265610,24116.629641,24247.177520,18514.578051
2024-01-31 19:00:00,24286.204040,24438.431358,24201.583890,24362.227458,24289.874538
2024-01-31 20:00:00,24347.429225,24501.469906,23989.078508,24229.165048,63415.500840
2024-01-31 21:00:00,24228.515917,24363.690905,24150.024642,24253.673848,48822.225815
2024-01-31 22:00:00,24241.987841,24457.850021,24129.894901,24377.350561,25056.995933
2024-01-31 23:00:00,24350.309507,24507.928489,24289.581316,24383.707437,16212.477063
2024-02-01 00:00:00,24429.968764,24524.051848,24276.821360,24362.476605,24527.673657
2024-02-01 01:00:00,24367.688039,24529.696214,24280.846674,24383.809531,27487.945754
2024-02-01 02:00:00,24415.714604,24529.810944,24184.060517,24267.516542,83259.175848
2024-02-01 03:00:00,24300.098258,24381.787005,24214.845063,24338.214818,11458.933320
2024-02-01 04:00:00,24322.825010,24483.788383,24229.983617,24342.131907,31872.802157
2024-02-01 05:00:00,24335.422008,24389.031887,24184.930738,24290.623336,21510.286667
2024-02-01 06:00:00,24259.605131,24505.075837,24098.535007,24390.165708,38734.496009
2024-02-01 07:00:00,24411.501492,24558.748404,24277.958980,24399.685430,44327.066045
2024-02-01 08:00:00,24392.574726,24524.455642,24274.487183,24392.223426,54773.925522
2024-02-01 09:00:00,24380.819128,24460.450114,24238.902159,24359.475523,24880.212268
2024-02-01 10:00:00,24318.383504,24454.338086,24190.816613,24292.094972,24290.607695
2024-02-01 11:00:00,24276.819820,24422.834429,24044.801707,24215.554784,70987.647301
2024-02-01 12:00:00,24188.419625,24325.100890,24055.402300,24192.220781,36428.976851
2024-02-01 13:00:00,24203.634280,24311.942922,24078.343032,24143.010774,52867.955492
2024-02-01 14:00:00,24152.707217,24394.335000,23959.909839,24057.371309,74301.663237
2024-02-01 15:00:00,24055.942329,24286.015003,23871.717838,24092.908437,26042.515202
2024-02-01 16:00:00,24083.124214,24317.861651,24012.535228,24246.542711,102550.882690
2024-02-01 17:00:00,24257.001363,24338.338945,24229.039477,24303.247688,25738.143447
2024-02-01 18:00:00,24284.516027,24480.092893,24071.660811,24367.526531,25962.961090
2024-02-01 19:00:00,24344.642511,24523.601954,24165.692952,24264.313109,69444.034665
2024-02-01 20:00:00,24257.991617,24345.723783,24071.801120,24220.771536,29893.270518
2024-02-01 21:00:00,24224.178654,24469.498638,24127.102913,24363.322344,15366.723245
2024-02-01 22:00:00,24372.070836,24518.564345,24235.507821,24360.096105,56088.719284
2024-02-01 23:00:00,24364.271285,24900.895550,24191.667121,24703.935138,150935.212962
2024-02-02 00:00:00,24686.465243,24746.868675,24532.288984,24571.478154,35652.785578
2024-02-02 01:00:00,24592.723254,24796.295286,24493.268412,24609.066260,44067.147693
2024-02-02 02:00:00,24598.459992,24768.442975,24383.380126,24534.945291,60017.958641
2024-02-02 03:00:00,24516.619495,24694.113308,24332.895653,24493.884639,85102.909449
2024-02-02 04:00:00,24480.445434,24629.202706,24336.950541,24509.896380,23682.806166
2024-02-02 05:00:00,24486.970777,24838.096796,24336.005119,24644.556744,102776.384930
2024-02-02 06:00:00,24656.579335,25081.949861,24511.861478,24863.257247,59490.198857
2024-02-02 07:00:00,24884.849286,25097.876253,24557.040735,24762.901523,124632.811372
2024-02-02 08:00:00,24765.594085,24891.114376,24605.799059,24773.321622,37349.645638
2024-02-02 09:00:00,24798.163640,25079.671310,24364.923356,24615.044783,58441.083669
2024-02-02 10:00:00,24630.251255,24817.189633,24588.873809,24782.535414,49701.729284
2024-02-02 11:00:00,24757.004132,24845.032130,24499.361366,24693.005535,30148.250527
2024-02-02 12:00:00,24704.130778,24831.198805,24614.389502,24752.130340,19521.926542
2024-02-02 13:00:00,24760.561792,24868.423352,24669.281156,24795.837768,25314.633262
2024-02-02 14:00:00,24782.138386,24907.827903,24622.315042,24723.990829,51366.534876
2024-02-02 15:00:00,24701.045316,24899.528935,24563.263124,24720.406548,28432.683163
2024-02-02 16:00:00,24760.628173,24912.667131,24721.358835,24871.942738,37087.554179
2024-02-02 17:00:00,24877.179140,25085.127623,24715.476962,24879.160924,58587.943375
2024-02-02 18:00:00,24876.822755,24915.193224,24760.469590,24848.748247,25178.888529
2024-02-02 19:00:00,24830.113597,25229.890454,24615.252595,25022.491161,74447.215772
2024-02-02 20:00:00,25006.461969,25107.960296,24939.183365,25065.672289,11153.760289
2024-02-02 21:00:00,25051.233642,25547.318956,24977.110442,25393.214526,92374.362586
2024-02-02 22:00:00,25407.389196,25548.212504,25333.128326,25411.905502,50870.129999
2024-02-02 23:00:00,25398.914797,25492.168701,25218.496312,25342.942933,83171.273157
2024-02-03 00:00:00,25357.340377,25493.701813,25057.937331,25194.081349,30938.783012
2024-02-03 01:00:00,25157.472743,25358.587167,25005.958064,25274.269411,35025.282682
2024-02-03 02:00:00,25282.193380,25533.004304,25126.376116,25381.982253,78729.547722
2024-02-03 03:00:00,25393.811698,25546.492552,25061.840491,25183.282010,88521.519936
2024-02-03 04:00:00,25168.255915,25419.712100,24937.906505,25317.452831,71807.914789
2024-02-03 05:00:00,25300.287241,25418.066260,25168.218522,25234.259777,58857.940096
2024-02-03 06:00:00,25256.297010,25356.930574,25167.305922,25279.382890,18618.762088
2024-02-03 07:00:00,25270.659698,25412.151590,25037.688963,25119.219799,70946.444076
2024-02-03 08:00:00,25142.108643,25416.760790,24839.059413,25104.255283,114078.533894
2024-02-03 09:00:00,25110.892117,25317.351077,24959.420229,25172.236137,33877.452094
2024-02-03 10:00:00,25170.958635,25487.884997,25074.516268,25319.816995,90179.571020
2024-02-03 11:00:00,25329.558066,25571.609363,25067.844777,25458.198775,18760.056828
2024-02-03 12:00:00,25479.240308,25592.981129,25244.420638,25383.524348,95265.179211
2024-02-03 13:00:00,25344.905870,25618.626931,25276.717937,25508.508505,44308.344679
2024-02-03 14:00:00,25507.188031,25715.485415,25250.199182,25550.189477,62173.384074
2024-02-03 15:00:00,25582.015900,25950.228136,25491.062339,25723.037956,32714.871553
2024-02-03 16:00:00,25734.620522,25856.668537,25500.784460,25648.277459,15906.884188
2024-02-03 17:00:00,25623.909937,25870.872829,25499.997821,25728.916864,22912.530838
2024-02-03 18:00:00,25734.398489,26028.194777,25532.013992,25922.599412,44530.064329
2024-02-03 19:00:00,25893.730953,26093.642368,25758.359391,25950.639681,37124.080139
2024-02-03 20:00:00,25949.681981,26121.573474,25844.389360,26051.721786,14162.646107
2024-02-03 21:00:00,26059.072353,26182.992555,25832.083226,25947.058008,28260.760421
2024-02-03 22:00:00,25939.834878,26101.458171,25759.064816,25901.878686,112187.955615
2024-02-03 23:00:00,25936.323681,26072.539671,25780.438363,25963.808077,31529.404556
2024-02-04 00:00:00,25962.974208,26086.837932,25851.774439,25921.424517,77020.593644
2024-02-04 01:00:00,25914.447738,26111.353068,25771.859920,25872.455873,86179.728801
2024-02-04 02:00:00,25848.293876,26051.399181,25696.891126,25833.322373,40063.615430
2024-02-04 03:00:00,25824.803343,26182.720635,25778.662288,26157.398392,111890.623957
2024-02-04 04:00:00,26185.549607,26474.145973,26076.250913,26353.786934,51885.188269
2024-02-04 05:00:00,26377.121570,26558.133788,26120.554917,26324.169786,81911.602210
2024-02-04 06:00:00,26330.192992,26515.640625,26089.963592,26267.425666,42115.400475
2024-02-04 07:00:00,26280.869524,26378.785992,26181.641417,26243.544711,32060.993271
2024-02-04 08:00:00,26246.825710,26445.108993,26077.866779,26311.192162,99448.474843
2024-02-04 09:00:00,26322.391935,26516.329135,26171.784323,26381.376743,120665.366509
2024-02-04 10:00:00,26371.715385,26478.705484,26276.174862,26429.201787,6840.592671
2024-02-04 11:00:00,26432.215623,26619.843368,26195.424342,26396.910877,36944.975821
2024-02-04 12:00:00,26382.320092,26649.092894,26253.281491,26492.416688,37399.172173
2024-02-04 13:00:00,26485.572320,26752.540809,26303.579226,26603.680885,21144.973838
2024-02-04 14:00:00,26609.912065,26899.346396,26490.418641,26639.579582,47345.304461
2024-02-04 15:00:00,26633.837604,26823.451437,26527.949987,26717.040340,21362.229352
2024-02-04 16:00:00,26708.279188,26884.428534,26551.695514,26726.158348,37052.877898
2024-02-04 17:00:00,26736.918109,26859.653155,26512.456875,26760.532785,42359.055033
2024-02-04 18:00:00,26777.402475,27004.286111,26391.720418,26522.975879,71631.375542
2024-02-04 19:00:00,26517.891346,26758.330934,26441.867775,26689.946077,26215.524009
2024-02-04 20:00:00,26669.753387,26892.794507,26508.708189,26716.267057,54737.642171
2024-02-04 21:00:00,26698.508287,26886.288873,26603.835533,26723.534128,28218.574101
2024-02-04 22:00:00,26751.309933,26889.668840,26350.389219,26570.649463,64853.829065
2024-02-04 23:00:00,26569.423095,26795.344367,26196.775305,26493.798334,38213.790546
2024-02-05 00:00:00,26507.309466,26766.215941,26026.492699,26191.999798,98697.007408
2024-02-05 01:00:00,26200.335584,26304.924852,25933.146064,26011.106412,12294.796788
2024-02-05 02:00:00,25970.761407,26144.815267,25789.201495,25990.594300,143973.117390
2024-02-05 03:00:00,26007.656411,26213.411507,25730.791227,25921.202240,29274.342063
2024-02-05 04:00:00,25927.349527,26117.486561,25605.379831,25866.691887,27140.553473
2024-02-05 05:00:00,25864.696205,26197.430043,25522.933731,25892.960066,57122.759142
2024-02-05 06:00:00,25850.839469,26104.624039,25666.843423,25915.472696,109540.369738
2024-02-05 07:00:00,25893.821283,25987.049252,25635.276345,25778.004310,58559.735286
2024-02-05 08:00:00,25753.539096,25951.890623,25453.624148,25630.046255,32663.643058
2024-02-05 09:00:00,25640.783475,25858.214365,25301.964775,25551.030457,45229.504742
2024-02-05 10:00:00,25510.366592,25876.098448,25349.676845,25672.476908,57409.548045
2024-02-05 11:00:00,25662.592473,25833.077414,25349.666435,25522.366721,117586.911150
2024-02-05 12:00:00,25480.944563,25855.476122,25310.174601,25689.874113,96088.551796
2024-02-05 13:00:00,25693.364853,25877.161703,25515.918245,25678.845476,43641.453316
2024-02-05 14:00:00,25681.949739,25909.547308,25435.582041,25602.770599,63899.178684
2024-02-05 15:00:00,25602.985502,25877.084191,25305.434274,25738.481387,99417.197958
2024-02-05 16:00:00,25814.542971,26126.035331,25664.214815,25806.842666,135272.556533
2024-02-05 17:00:00,25857.707780,26041.601595,25777.004578,25910.632128,21487.088750
2024-02-05 18:00:00,25875.828535,26057.550989,25816.511193,26013.432290,26208.447690
2024-02-05 19:00:00,26005.672380,26203.168364,25887.283279,26111.133923,16686.035926
2024-02-05 20:00:00,26112.887980,26546.192593,25976.715708,26277.437527,61364.185766
2024-02-05 21:00:00,26265.812280,26397.344432,25959.331088,26231.514305,43577.390180
2024-02-05 22:00:00,26187.960119,26628.051801,25962.771688,26372.937701,54561.169243
2024-02-05 23:00:00,26413.417237,26784.280276,26090.530412,26477.828007,44960.835169
2024-02-06 00:00:00,26471.495733,26590.906251,26212.916321,26359.217903,42260.080663
2024-02-06 01:00:00,26322.821607,26668.655599,25929.701289,26439.174638,52488.851571
2024-02-06 02:00:00,26476.998023,26673.697358,26120.909469,26306.141334,45965.285001
2024-02-06 03:00:00,26263.457912,26539.432695,25902.375295,26086.158520,56216.760087
2024-02-06 04:00:00,26050.301796,26250.961204,25769.733844,26022.708673,21950.594206
2024-02-06 05:00:00,26053.802027,26538.538455,25940.888763,26326.678141,31805.105256
2024-02-06 06:00:00,26353.623218,26737.160452,26059.342229,26360.500662,75939.214173
2024-02-06 07:00:00,26380.786490,26718.516302,25999.369557,26532.046795,142019.346611
2024-02-06 08:00:00,26498.271852,26781.227724,26242.049718,26539.960983,67255.959348
2024-02-06 09:00:00,26580.112048,26717.653490,26339.600206,26422.599295,75433.088535
2024-02-06 10:00:00,26416.178097,26716.629977,26122.789698,26413.737693,39859.105985
2024-02-06 11:00:00,26431.372442,26749.946236,26272.856132,26531.114781,122453.839167
2024-02-06 12:00:00,26526.066107,26778.836653,26231.425599,26358.162000,21721.769284
2024-02-06 13:00:00,26372.296389,26522.931242,26228.243499,26428.860315,35478.662318
2024-02-06 14:00:00,26438.760410,26577.088477,26096.473351,26172.500693,138854.363363
2024-02-06 15:00:00,26172.846364,26375.301050,25823.495426,26133.612938,114411.726695
2024-02-06 16:00:00,26125.044207,26292.114408,26056.725275,26254.715428,17210.150761
2024-02-06 17:00:00,26265.321269,26478.752174,25694.421723,25921.102854,66650.320731
2024-02-06 18:00:00,25963.593914,26080.084085,25381.376221,25572.708114,58901.043501
2024-02-06 19:00:00,25585.361822,25835.399832,25327.110591,25564.623257,64803.613477
2024-02-06 20:00:00,25587.791122,25911.281161,25297.626842,25441.591556,121427.567568
2024-02-06 21:00:00,25437.476761,25580.652250,25127.113231,25323.090342,38444.573862
2024-02-06 22:00:00,25365.778932,25568.670779,25222.273258,25425.677510,16344.678142
2024-02-06 23:00:00,25405.850241,25659.661049,25339.527198,25606.652420,16122.131679
2024-02-07 00:00:00,25631.572782,25809.420506,25428.164214,25502.064266,27379.322333
2024-02-07 01:00:00,25517.627124,25643.871499,25338.116874,25471.228689,69441.033411
2024-02-07 02:00:00,25437.635767,25580.159668,25130.884749,25336.237223,59526.442916
2024-02-07 03:00:00,25355.320879,25607.681156,25186.928354,25331.245840,37613.674183
2024-02-07 04:00:00,25350.548082,25453.943178,24962.941190,25196.950871,24567.098428
2024-02-07 05:00:00,25195.760087,25528.955578,24903.480393,25285.563171,102077.026956
2024-02-07 06:00:00,25250.051598,25426.195941,25021.075463,25158.086472,38976.032407
2024-02-07 07:00:00,25156.457521,25343.492399,24813.201679,25195.992616,38390.271075
2024-02-07 08:00:00,25201.368617,25447.784186,25018.680807,25213.986006,79797.507306
2024-02-07 09:00:00,25249.655965,25420.365971,24883.408557,25095.667857,55411.523305
2024-02-07 10:00:00,25161.352651,25444.336500,25089.306597,25370.064219,33224.549664
2024-02-07 11:00:00,25407.254098,25549.894264,25084.642245,25316.230762,29256.421945
2024-02-07 12:00:00,25337.658552,25530.549801,25254.324455,25411.906522,39095.065855
2024-02-07 13:00:00,25410.868305,25606.432527,25059.352839,25244.684432,44664.816770
2024-02-07 14:00:00,25232.399943,25655.076232,24828.208375,25342.269359,208824.453193
2024-02-07 15:00:00,25323.607024,25550.407055,24944.081159,25106.611648,52125.393250
2024-02-07 16:00:00,25090.067493,25234.316142,24935.252840,25127.667220,18217.407624
2024-02-07 17:00:00,25181.018645,25423.334974,24811.229335,25073.054604,28427.903028
2024-02-07 18:00:00,25089.661495,25194.901375,24831.209417,25080.737527,35178.437978
2024-02-07 19:00:00,25077.386340,25405.838521,24934.309562,25129.307574,45007.351593
2024-02-07 20:00:00,25164.568979,25348.122674,24938.683415,25101.922801,66494.382434
2024-02-07 21:00:00,25145.801335,25363.945405,24798.297975,25186.537219,42856.760204
2024-02-07 22:00:00,25147.468539,25233.575900,25016.014166,25109.901181,12559.639115
2024-02-07 23:00:00,25111.262999,25633.153805,24874.137461,25326.717137,60831.246398
2024-02-08 00:00:00,25345.840016,25734.684573,25163.100999,25512.626073,179163.791384
2024-02-08 01:00:00,25563.937230,25775.783297,25470.801471,25621.535027,39811.217797
2024-02-08 02:00:00,25632.361735,25834.091358,25256.911395,25477.491141,34205.946331
2024-02-08 03:00:00,25435.171750,25533.415946,25285.810389,25356.055162,25906.506982
2024-02-08 04:00:00,25359.699258,25614.993431,25025.670431,25338.024661,31134.425145
2024-02-08 05:00:00,25286.608273,25687.723008,24992.655560,25321.141852,28248.301759
2024-02-08 06:00:00,25337.382404,25455.876439,25068.316075,25203.721608,39989.164120
2024-02-08 07:00:00,25218.582182,25396.202977,25011.297085,25098.387001,63914.526883
2024-02-08 08:00:00,25105.443736,25325.980435,24978.585452,25103.767014,56274.643118
2024-02-08 09:00:00,25139.356086,25234.704735,24741.801776,24965.126310,23952.702761
2024-02-08 10:00:00,24930.464711,25186.021986,24646.745520,25010.593504,59860.471585
2024-02-08 11:00:00,25006.243336,25363.534446,24793.364530,25232.289241,51619.336152
2024-02-08 12:00:00,25208.669146,25418.928483,24607.539652,24927.114654,206766.974960
2024-02-08 13:00:00,24921.039119,25183.667457,24500.961507,24752.562200,201828.862131
2024-02-08 14:00:00,24745.330331,24921.426818,24508.745654,24699.483552,28115.297940
2024-02-08 15:00:00,24701.574071,24817.822479,24614.964367,24729.121143,31851.525717
2024-02-08 16:00:00,24740.674320,24989.678308,24407.758076,24560.123511,39513.499214
2024-02-08 17:00:00,24578.082671,24787.460524,24396.881291,24610.673690,118744.512620
2024-02-08 18:00:00,24646.515256,24841.376380,24571.140925,24718.855750,56099.902619
2024-02-08 19:00:00,24725.266759,24754.112983,24691.014703,24726.151587,7603.856137
2024-02-08 20:00:00,24716.420985,24889.940217,24448.944238,24609.856006,31273.558457
2024-02-08 21:00:00,24649.765119,24732.030137,24465.059972,24636.876304,35536.008033
2024-02-08 22:00:00,24617.277859,24857.472605,24363.397613,24480.179787,72589.493078
2024-02-08 23:00:00,24470.754606,24576.308010,24139.409658,24255.337916,59003.512021
2024-02-09 00:00:00,24288.429820,24507.413160,23914.176133,24093.995622,43752.092509
2024-02-09 01:00:00,24113.166386,24316.024461,23785.308561,24040.556338,58470.053123
2024-02-09 02:00:00,24036.900759,24259.682453,23723.609926,23976.554243,68424.308730
2024-02-09 03:00:00,23965.373316,24183.889749,23523.266213,23792.438996,43165.768804
2024-02-09 04:00:00,23790.814021,23994.759789,23685.427577,23861.540134,13465.078484
2024-02-09 05:00:00,23884.779438,24160.756660,23770.704763,23980.990623,56883.693799
2024-02-09 06:00:00,23991.575358,24216.100405,23797.987746,24091.681656,72429.007072
2024-02-09 07:00:00,24068.752335,24230.271733,23925.865191,24100.629260,21746.467885
2024-02-09 08:00:00,24110.121620,24335.754279,23994.726416,24154.472302,52169.312063
2024-02-09 09:00:00,24200.755241,24421.166618,23560.589528,23808.316416,273126.428722
2024-02-09 10:00:00,23852.844831,24122.761311,23447.322282,23647.795804,115900.926888
2024-02-09 11:00:00,23638.489720,23821.400402,23389.643853,23540.566968,23769.931397
2024-02-09 12:00:00,23514.479183,23708.264322,23372.989225,23575.024681,73385.074232
2024-02-09 13:00:00,23556.490301,23776.498528,23388.011253,23653.765546,144585.169253
2024-02-09 14:00:00,23588.566211,23850.208238,23389.946140,23545.042530,46309.136461
2024-02-09 15:00:00,23555.014916,23763.814031,23330.249182,23433.667758,22243.237552
2024-02-09 16:00:00,23427.627108,23468.865376,23411.991463,23451.937885,3889.858727
2024-02-09 17:00:00,23456.452601,23654.214219,23452.140748,23647.108108,15532.590439
2024-02-09 18:00:00,23677.697496,24011.583222,23509.283941,23899.244714,95221.018079
2024-02-09 19:00:00,23892.825035,24165.971431,23607.689955,23869.248997,104161.586716
2024-02-09 20:00:00,23841.047845,24129.936563,23646.948462,23934.450167,23014.210149
2024-02-09 21:00:00,23914.979238,23975.305873,23773.059338,23831.586613,24660.727933
2024-02-09 22:00:00,23828.132238,24272.741974,23516.925103,23992.083944,108262.769925
2024-02-09 23:00:00,23989.868904,24060.389324,23757.817395,23931.772659,38222.025319
2024-02-10 00:00:00,23873.118615,24149.008420,23612.189596,23885.029150,56040.471630
2024-02-10 01:00:00,23864.692639,23919.121518,23796.752794,23848.101204,11107.032963
2024-02-10 02:00:00,23839.377859,24162.796797,23641.482378,23937.225716,42975.300662
2024-02-10 03:00:00,23937.485491,24054.492968,23808.484532,23958.611308,26474.621180
2024-02-10 04:00:00,23976.575940,24041.275639,23871.945471,23919.118330,18357.022829
2024-02-10 05:00:00,23891.678748,24157.412500,23519.658504,23785.969435,51643.799506
2024-02-10 06:00:00,23800.026962,24003.526877,23673.854625,23826.341099,33753.074178
2024-02-10 07:00:00,23796.021956,24022.194566,23628.943571,23792.400943,62838.897401
2024-02-10 08:00:00,23800.384048,24082.291031,23485.940694,23643.437170,85926.130600
2024-02-10 09:00:00,23678.357258,23874.656878,23409.849547,23514.597835,77789.832750
2024-02-10 10:00:00,23515.984033,23700.983034,23178.425830,23539.599293,28219.165994
2024-02-10 11:00:00,23521.658560,23531.966738,23355.720234,23363.321804,20508.291779
2024-02-10 12:00:00,23337.408053,23388.715185,22960.704795,23033.480234,73628.511817
2024-02-10 13:00:00,23049.503530,23223.004411,22895.002648,23118.891635,70001.627568
2024-02-10 14:00:00,23178.275600,23403.188212,22773.986702,22956.713716,138551.216376
2024-02-10 15:00:00,22920.637389,23039.763006,22399.955391,22597.803711,29705.354164
2024-02-10 16:00:00,22566.473115,22931.073418,22432.639944,22650.656764,60571.383922
2024-02-10 17:00:00,22635.166864,22686.786780,22192.862276,22319.166311,50787.848857
2024-02-10 18:00:00,22311.757885,22418.367394,22155.493370,22333.792356,79420.607479
2024-02-10 19:00:00,22354.624768,22417.856867,22214.158415,22240.608641,32465.524220
2024-02-10 20:00:00,22231.786706,22376.326906,22187.770637,22333.706697,24429.181517
2024-02-10 21:00:00,22346.594845,22379.163072,22222.117229,22302.668226,46241.824917
2024-02-10 22:00:00,22308.168217,22405.042945,22227.373219,22340.020056,24241.159760
2024-02-10 23:00:00,22336.450594,22395.901317,22308.959504,22347.823657,20115.713065
2024-02-11 00:00:00,22347.230135,22410.288959,22222.811071,22313.913267,29422.018665
2024-02-11 01:00:00,22313.443563,22605.281888,22180.196275,22541.251977,219295.870721
2024-02-11 02:00:00,22536.426827,22589.085552,22434.307343,22521.884407,71895.056933
2024-02-11 03:00:00,22512.083796,22649.703779,22394.869086,22522.396985,50974.245978
2024-02-11 04:00:00,22517.015560,22611.860040,22486.599557,22581.376101,45005.739539
2024-02-11 05:00:00,22568.994311,22670.219124,22451.261811,22556.939771,26290.816357
2024-02-11 06:00:00,22559.538023,22575.461549,22493.240547,22507.798972,12306.672280
2024-02-11 07:00:00,22511.297873,22598.186964,22449.907956,22529.368611,15418.339206
2024-02-11 08:00:00,22538.537959,22664.824889,22396.598094,22569.625320,42364.050209
2024-02-11 09:00:00,22553.418731,22634.332118,22507.904331,22585.488354,27609.473948
2024-02-11 10:00:00,22590.704700,22764.742860,22377.060559,22533.573403,155516.324279
2024-02-11 11:00:00,22521.339738,22710.627478,22374.206470,22641.309033,76328.772463
2024-02-11 12:00:00,22633.240490,22647.065008,22600.462276,22616.022940,17387.340140
2024-02-11 13:00:00,22601.141930,22764.505740,22557.885225,22680.900775,31657.196604
2024-02-11 14:00:00,22707.559603,22823.558052,22649.940234,22727.961572,46127.404324
2024-02-11 15:00:00,22733.566078,22920.003611,22605.741557,22845.565258,21387.820823
2024-02-11 16:00:00,22848.641206,22957.472444,22744.063237,22818.852609,45492.365831
2024-02-11 17:00:00,22817.498397,22903.046736,22758.520007,22851.496690,39103.579260
2024-02-11 18:00:00,22851.558912,22971.951589,22823.029287,22930.523609,29790.450403
2024-02-11 19:00:00,22911.954370,23001.455253,22849.903603,22930.114550,55381.064841
2024-02-11 20:00:00,22937.755394,23033.121793,22778.697039,22858.438394,64975.913902
2024-02-11 21:00:00,22852.898374,22918.337595,22771.576796,22848.902541,27672.186836
2024-02-11 22:00:00,22850.841791,22961.425749,22808.484027,22887.994587,90778.808447
2024-02-11 23:00:00,22885.906623,23055.844096,22868.106921,23035.983186,80641.208340
2024-02-12 00:00:00,23018.526298,23053.924538,22997.822330,23030.116445,18580.625818
2024-02-12 01:00:00,23023.270757,23091.655762,22861.112958,22961.586092,111066.214356
2024-02-12 02:00:00,22960.390111,23024.303476,22878.982158,22953.504044,38126.238997
2024-02-12 03:00:00,22958.031816,23054.848422,22922.755516,22994.220776,34788.291521
2024-02-12 04:00:00,22993.032685,23104.269551,22941.307943,23041.348607,51838.531187
2024-02-12 05:00:00,23033.746941,23159.004911,22946.674211,23048.376569,42438.445118
2024-02-12 06:00:00,23047.471912,23152.863108,22934.056136,23060.601896,57390.958339
2024-02-12 07:00:00,23058.697278,23121.507723,22967.053056,23041.770523,22938.986492
2024-02-12 08:00:00,23031.795122,23148.412078,22930.190866,23027.026264,118445.711785
2024-02-12 09:00:00,23020.861054,23097.229886,22775.757859,22817.642100,88780.548701
2024-02-12 10:00:00,22813.202429,22941.520093,22651.744310,22868.619341,39727.971878
2024-02-12 11:00:00,22848.014016,23055.247975,22777.663494,22916.046845,25186.733056
2024-02-12 12:00:00,22916.788074,23044.945162,22803.696763,22894.783963,53889.852940
2024-02-12 13:00:00,22873.573698,22961.276500,22743.559270,22791.305528,78029.191354
2024-02-12 14:00:00,22788.677180,22872.895464,22740.321635,22815.548918,72718.888188
2024-02-12 15:00:00,22837.713459,22933.641013,22740.754834,22871.526296,13891.594714
2024-02-12 16:00:00,22886.853585,22932.681806,22838.618778,22868.044756,8786.777166
2024-02-12 17:00:00,22874.750135,23105.421259,22738.073136,22968.021741,56260.556427
2024-02-12 18:00:00,22960.681221,23070.375739,22869.996805,22924.056813,57513.508569
2024-02-12 19:00:00,22915.228126,23038.132857,22847.329633,22966.721258,84292.170251
2024-02-12 20:00:00,22971.022331,23060.564920,22835.377291,22935.587724,39523.366763
2024-02-12 21:00:00,22931.923470,23023.649544,22900.390879,22979.594680,26039.160702
2024-02-12 22:00:00,22970.347157,23083.261399,22805.689607,22946.515522,97755.983686
2024-02-12 23:00:00,22939.177705,23045.005451,22869.261268,22959.415541,78095.631139
2024-02-13 00:00:00,22963.095875,23136.775803,22890.102539,23043.934256,112512.287883
2024-02-13 01:00:00,23039.329432,23108.311850,22956.735843,23031.834952,27383.080478
2024-02-13 02:00:00,23055.951010,23410.371025,22982.194543,23277.350721,96596.422736
2024-02-13 03:00:00,23295.125818,23431.828816,23118.016734,23273.809264,71664.485647
2024-02-13 04:00:00,23266.970426,23382.781362,23186.580250,23297.751034,150043.347326
2024-02-13 05:00:00,23303.328664,23455.043268,23215.163008,23314.811122,79216.405209
2024-02-13 06:00:00,23298.342184,23362.206868,23058.477763,23137.282768,61912.954775
2024-02-13 07:00:00,23124.840978,23206.663329,23064.414270,23107.124648,11756.245823
2024-02-13 08:00:00,23114.488959,23230.022868,22994.884147,23104.866994,38191.104136
2024-02-13 09:00:00,23098.670026,23170.923358,22967.132410,23100.764740,80969.636217
2024-02-13 10:00:00,23091.236127,23154.454555,23060.095725,23110.797699,9798.267733
2024-02-13 11:00:00,23139.381275,23235.566286,23095.795627,23212.187245,36255.228353
2024-02-13 12:00:00,23207.707580,23353.748910,23115.448936,23201.730832,45702.150064
2024-02-13 13:00:00,23211.742774,23340.214547,23095.468347,23181.690643,154430.825058
2024-02-13 14:00:00,23171.429392,23242.598618,23156.315297,23224.916201,23626.695742
2024-02-13 15:00:00,23228.797151,23336.799888,23169.332353,23264.635183,22307.293179
2024-02-13 16:00:00,23290.529708,23390.945276,23067.850807,23144.731364,30015.177419
2024-02-13 17:00:00,23155.517868,23279.600023,23123.828870,23252.909943,43419.683924
2024-02-13 18:00:00,23256.579782,23382.997038,23155.578702,23337.882994,27100.899370
2024-02-13 19:00:00,23338.508111,23468.232787,23203.953530,23374.062659,79895.386240
2024-02-13 20:00:00,23395.158505,23524.593736,23301.010307,23455.007270,80193.358780
2024-02-13 21:00:00,23495.286289,23598.845807,23374.853389,23477.042708,59748.836304
2024-02-13 22:00:00,23481.938795,23559.986463,23320.716461,23375.449119,76153.627047
2024-02-13 23:00:00,23389.714994,23576.949665,23346.727064,23557.289152,111654.357348
2024-02-14 00:00:00,23572.492922,23739.610287,23462.053326,23641.255064,49851.459255
2024-02-14 01:00:00,23640.277822,23761.495132,23566.367314,23676.770694,44209.762593
2024-02-14 02:00:00,23662.834101,23805.378712,23594.679729,23704.891253,57217.077908
2024-02-14 03:00:00,23707.655704,23780.839471,23549.262675,23619.115831,88569.613755
2024-02-14 04:00:00,23611.337029,23725.940216,23528.576189,23609.938033,87127.725240
2024-02-14 05:00:00,23615.917315,23776.953872,23526.912800,23725.718870,17609.451604
2024-02-14 06:00:00,23704.077538,23786.120543,23478.042242,23535.987003,30328.931077
2024-02-14 07:00:00,23539.592757,23694.418084,23459.231891,23588.373796,40525.101415
2024-02-14 08:00:00,23580.062359,23744.705855,23517.534475,23672.269111,47747.063889
2024-02-14 09:00:00,23686.660282,23744.793158,23590.582834,23645.185831,16446.137300
2024-02-14 10:00:00,23650.084279,23726.228289,23596.006215,23632.036342,64063.677592
2024-02-14 11:00:00,23641.542248,23829.751051,23594.760889,23753.978874,40166.102272
2024-02-14 12:00:00,23771.543412,23823.509475,23715.101378,23757.375275,24538.828051
2024-02-14 13:00:00,23752.257250,23847.926641,23473.760705,23625.889397,144901.439115
2024-02-14 14:00:00,23624.272040,23861.455796,23543.007202,23781.327155,37445.129770
2024-02-14 15:00:00,23770.518743,23982.186398,23602.239996,23809.923466,42218.730153
2024-02-14 16:00:00,23806.655646,23937.958565,23741.936486,23898.144604,30936.173716
2024-02-14 17:00:00,23892.581852,24007.367642,23755.912989,23873.110018,183880.235352
2024-02-14 18:00:00,23873.238444,24136.551284,23760.447747,23980.650223,114151.985921
2024-02-14 19:00:00,23984.883535,24070.166104,23934.516223,23993.570654,54776.264142
2024-02-14 20:00:00,23994.117978,24110.664051,23725.682900,23858.877864,160615.746052
2024-02-14 21:00:00,23866.556802,23933.259750,23831.543795,23893.223220,25859.817084
2024-02-14 22:00:00,23884.243546,23954.218577,23807.774704,23840.336469,7800.219834
2024-02-14 23:00:00,23828.656053,23972.410476,23717.292115,23852.819912,57648.653930
2024-02-15 00:00:00,23859.937952,23928.886049,23788.674733,23849.952428,17272.481239
2024-02-15 01:00:00,23869.091882,23915.673901,23773.375159,23811.738920,21059.510380
2024-02-15 02:00:00,23813.633969,23965.759650,23707.820598,23883.144444,31411.046688
2024-02-15 03:00:00,23857.583019,23948.245098,23762.327827,23838.993022,30907.583243
2024-02-15 04:00:00,23831.980263,23933.837985,23824.561873,23923.978384,14290.143943
2024-02-15 05:00:00,23929.091970,24077.199425,23866.465076,23978.265349,78043.401395
2024-02-15 06:00:00,23979.384922,24078.673183,23943.473856,24032.082847,22924.921175
2024-02-15 07:00:00,24042.730694,24094.182060,23844.581294,23904.764807,94012.041905
2024-02-15 08:00:00,23909.188212,23978.498893,23827.931632,23895.263807,37569.891987
2024-02-15 09:00:00,23867.835309,23999.020661,23733.357804,23910.036146,51603.398759
2024-02-15 10:00:00,23908.313571,24052.470873,23848.207864,23981.001618,50633.109908
2024-02-15 11:00:00,23966.695535,24143.124207,23857.214242,24084.854514,48731.061054
2024-02-15 12:00:00,24065.713682,24216.330893,23985.835851,24173.825894,82784.512369
2024-02-15 13:00:00,24198.507375,24336.507990,24052.437378,24204.844243,351526.621517
2024-02-15 14:00:00,24214.022573,24374.584646,24109.160674,24249.878034,132399.675752
2024-02-15 15:00:00,24229.138963,24289.886982,24160.995263,24217.774322,23617.222897
2024-02-15 16:00:00,24204.101078,24413.778715,24155.488673,24325.447951,24393.348852
2024-02-15 17:00:00,24326.290615,24389.138428,24189.752227,24240.190188,28956.705965
2024-02-15 18:00:00,24239.573177,24291.014230,24165.856283,24209.189391,16820.966438
2024-02-15 19:00:00,24208.143046,24272.401301,24134.923338,24184.547088,23930.514839
2024-02-15 20:00:00,24183.842715,24432.234096,24057.936121,24309.997454,77024.481693
2024-02-15 21:00:00,24319.523803,24380.679359,24114.379244,24262.850628,200595.875730
2024-02-15 22:00:00,24278.594772,24374.707310,24165.673372,24242.057476,53737.933078
2024-02-15 23:00:00,24256.774324,24469.378167,24076.004339,24294.308537,91333.045565
2024-02-16 00:00:00,24281.504434,24550.360053,24153.094196,24399.439285,125482.679980
2024-02-16 01:00:00,24397.021527,24516.840930,24293.960162,24463.196175,70233.757697
2024-02-16 02:00:00,24469.988000,24525.665139,24300.139220,24382.634448,68532.805658
2024-02-16 03:00:00,24377.220772,24432.418717,24329.404544,24410.391598,5962.516812
2024-02-16 04:00:00,24414.660971,24632.298185,24331.143725,24538.214691,98319.261362
2024-02-16 05:00:00,24539.519785,24618.656518,24327.094652,24405.223400,112242.259513
2024-02-16 06:00:00,24423.165927,24524.987978,24278.054920,24376.191160,81215.180444
2024-02-16 07:00:00,24358.988295,24427.122025,24331.536547,24376.986189,29096.775595
2024-02-16 08:00:00,24369.027984,24558.164810,24255.720525,24409.182598,38551.212441
2024-02-16 09:00:00,24414.073894,24498.765873,24339.351063,24407.565234,62053.121101
2024-02-16 10:00:00,24420.202040,24537.287060,24367.543744,24433.975873,27101.937124
2024-02-16 11:00:00,24465.104773,24580.642360,24354.844102,24518.815142,30197.313907
2024-02-16 12:00:00,24541.800327,24580.480234,24431.479229,24506.069601,36664.259055
2024-02-16 13:00:00,24509.385034,24719.728994,24404.601754,24605.516857,69910.597216
2024-02-16 14:00:00,24608.303230,24654.324957,24504.252006,24594.935994,15783.192881
2024-02-16 15:00:00,24595.699027,24753.211041,24463.980894,24607.405574,40030.613276
2024-02-16 16:00:00,24622.400875,24880.127404,24293.060702,24579.216690,33037.948969
2024-02-16 17:00:00,24553.463812,24820.524748,24403.942135,24546.815726,31517.177742
2024-02-16 18:00:00,24530.077176,24648.381190,24237.268538,24394.825606,41206.696897
2024-02-16 19:00:00,24343.096845,24502.576333,23698.732058,24001.457956,78508.192000
2024-02-16 20:00:00,23977.480904,24524.361103,23712.613685,24361.512149,51455.018171
2024-02-16 21:00:00,24329.675486,24782.751979,24127.460197,24592.043878,27121.447171
2024-02-16 22:00:00,24636.627787,25025.732736,24465.412645,24790.228375,38793.836761
2024-02-16 23:00:00,24818.811320,24901.691282,24547.441164,24705.869608,15811.672235
2024-02-17 00:00:00,24668.683590,24931.882616,24271.759952,24659.628970,89277.398257
2024-02-17 01:00:00,24696.148312,24927.749967,24622.555036,24784.303400,37744.814074
2024-02-17 02:00:00,24759.434138,25024.999398,24329.597992,24536.187795,229011.140870
2024-02-17 03:00:00,24598.921436,25069.183788,24413.926015,24824.642528,30291.459269
2024-02-17 04:00:00,24792.290038,24935.945442,24234.438662,24528.151846,50954.258488
2024-02-17 05:00:00,24565.125939,24938.658267,24345.779107,24677.351347,142861.558524
2024-02-17 06:00:00,24697.209502,25151.153883,24344.953055,24844.196795,43799.834525
2024-02-17 07:00:00,24879.421189,25109.346349,24708.675660,24903.336085,34606.298690
2024-02-17 08:00:00,24966.540249,25060.262151,24728.859824,24814.988913,46086.837083
2024-02-17 09:00:00,24842.977391,25351.335561,24573.982094,25138.163890,34398.989894
2024-02-17 10:00:00,25149.572374,25504.105146,24503.784481,24971.674266,73763.309748
2024-02-17 11:00:00,24862.321603,24994.469130,24730.464876,24842.658620,20395.054552
2024-02-17 12:00:00,24810.858562,24952.407992,24644.879548,24854.902906,13655.986248
2024-02-17 13:00:00,24865.931193,25367.488230,24386.877023,24970.749808,106590.177962
2024-02-17 14:00:00,24938.795356,25156.176104,24795.198206,25014.176952,21740.799334
2024-02-17 15:00:00,25001.590762,25279.585676,24121.657274,24456.908903,139632.967726
2024-02-17 16:00:00,24446.620278,24810.990133,24272.095119,24604.021501,95833.451092
2024-02-17 17:00:00,24544.185550,24804.535566,24403.659039,24631.796359,13262.274866
2024-02-17 18:00:00,24640.222944,24803.897420,24433.041726,24586.613707,24117.110260
2024-02-17 19:00:00,24574.012627,24746.000724,24380.043365,24542.510964,79418.648189
2024-02-17 20:00:00,24568.482146,24854.550159,24356.271433,24622.670729,38772.834720
2024-02-17 21:00:00,24618.612080,24816.340184,24366.247453,24637.713394,46166.278197
2024-02-17 22:00:00,24597.682943,25036.803439,24282.282917,24663.724268,34309.972437
2024-02-17 23:00:00,24648.868733,24906.284557,24292.328364,24579.042605,53904.458710
2024-02-18 00:00:00,24480.539770,24615.757531,24079.690757,24334.092476,43974.445381
2024-02-18 01:00:00,24295.741251,24575.589665,24089.005643,24216.136499,116008.023693
2024-02-18 02:00:00,24279.614024,24398.628285,24026.278498,24279.886903,23868.272249
2024-02-18 03:00:00,24255.728171,24580.937190,24128.203913,24353.095772,44442.234109
2024-02-18 04:00:00,24321.986291,24478.496995,23745.726822,23889.512022,38261.147606
2024-02-18 05:00:00,23782.493590,24064.226600,23276.140991,23595.979543,43465.380109
2024-02-18 06:00:00,23647.072452,23816.920894,23253.673170,23426.043401,57019.564008
2024-02-18 07:00:00,23424.631180,23736.916597,23074.156334,23347.553907,28730.183438
2024-02-18 08:00:00,23353.210661,23637.139729,23034.555666,23205.480215,57237.026489
2024-02-18 09:00:00,23219.594894,23561.955289,22919.646723,23162.697876,72387.670557
2024-02-18 10:00:00,23134.061437,23284.020575,22955.241049,23063.356239,18395.284561
2024-02-18 11:00:00,23010.023532,23311.904750,22792.174683,23030.980605,71295.658105
2024-02-18 12:00:00,23113.708115,23409.531117,22831.510451,23065.810843,58231.393644
2024-02-18 13:00:00,23126.712255,23294.176660,23097.172115,23236.704938,18614.932263
2024-02-18 14:00:00,23245.826471,23364.774976,23033.529281,23133.910938,35046.286827
2024-02-18 15:00:00,23102.937479,23528.038095,22842.992084,23314.979694,73939.718660
2024-02-18 16:00:00,23294.273624,23459.629338,23041.647434,23178.827221,33442.332397
2024-02-18 17:00:00,23136.445068,23229.812948,22905.152173,22998.269206,9000.454506
2024-02-18 18:00:00,23034.553621,23189.772012,22672.585867,22754.151074,32883.409055
2024-02-18 19:00:00,22750.226768,23081.748094,22629.942464,22801.840791,28029.311182
2024-02-18 20:00:00,22836.904353,23000.977506,22638.112777,22891.864401,37886.447925
2024-02-18 21:00:00,22832.736125,23047.474446,22577.506507,22838.704625,78613.129809
2024-02-18 22:00:00,22852.444755,23227.995663,22634.489474,22894.709397,88543.310326
2024-02-18 23:00:00,22908.622227,23131.835190,22400.467133,22828.756371,31267.137572
2024-02-19 00:00:00,22809.773785,22978.052372,22577.029762,22746.024961,81185.527134
2024-02-19 01:00:00,22755.339856,23138.560186,22419.513018,22978.251940,146864.547294
2024-02-19 02:00:00,22976.587018,23321.684097,22746.951397,23122.115478,54674.226881
2024-02-19 03:00:00,23111.521190,23293.264437,22873.091924,23059.475101,28387.045528
2024-02-19 04:00:00,23054.346893,23199.643073,22738.520477,22893.303025,23321.971702
2024-02-19 05:00:00,22880.634425,23054.831176,22665.723182,22860.457556,38205.944667
2024-02-19 06:00:00,22886.950362,23168.422320,22739.895721,22893.186652,45618.808223
2024-02-19 07:00:00,22889.768219,23035.352855,22577.019664,22887.915363,119931.247912
2024-02-19 08:00:00,22912.481585,23243.492244,22472.995636,22905.487029,124251.088136
2024-02-19 09:00:00,22933.766516,23117.102649,22392.545678,22607.038134,207011.807109
2024-02-19 10:00:00,22664.540290,22819.613654,22517.637953,22710.021085,24675.746602
2024-02-19 11:00:00,22678.080663,22871.588222,22402.879273,22586.822200,73685.883787
2024-02-19 12:00:00,22596.514268,22770.067208,22406.715275,22516.585074,40231.335731
2024-02-19 13:00:00,22484.845607,22822.131245,22147.885688,22685.746009,81169.020365
2024-02-19 14:00:00,22692.211618,23186.734912,22530.191756,23068.794342,21444.420994
2024-02-19 15:00:00,23061.002649,23404.304291,22336.674791,22541.480759,134037.228195
2024-02-19 16:00:00,22539.185818,22860.723556,22234.051770,22726.505627,42286.231111
2024-02-19 17:00:00,22698.971431,22790.969353,22607.351758,22716.982326,9270.465626
2024-02-19 18:00:00,22674.283077,22903.878232,22425.076575,22740.030521,23996.579248
2024-02-19 19:00:00,22684.112113,22707.549442,22678.512124,22697.912231,3419.662705
2024-02-19 20:00:00,22734.825937,23090.305363,22083.893247,22323.927639,168921.998525
2024-02-19 21:00:00,22338.280272,22776.446351,22017.650548,22217.475309,63391.450139
2024-02-19 22:00:00,22230.414453,22400.974327,22036.029605,22153.993461,61465.158284
2024-02-19 23:00:00,22139.410425,22488.291142,21958.153401,22247.079446,36094.307996
2024-02-20 00:00:00,22229.058645,22413.918229,21999.737101,22116.909447,19475.071301
2024-02-20 01:00:00,22116.359990,22281.978087,21928.678449,22120.454346,44719.610805
2024-02-20 02:00:00,22179.742665,22393.609731,21970.678520,22188.890087,54277.447812
2024-02-20 03:00:00,22173.997451,22353.947238,21991.906816,22169.251963,43869.910108
2024-02-20 04:00:00,22193.200607,22470.360013,21946.656337,22136.563047,18953.871648
2024-02-20 05:00:00,22177.061431,22487.647639,21751.874623,22061.776171,109137.979882
2024-02-20 06:00:00,22027.587246,22169.309506,21334.710132,21482.483959,79600.270351
2024-02-20 07:00:00,21420.808432,21559.597493,21013.296091,21158.601370,37172.043644
2024-02-20 08:00:00,21164.253709,21416.770711,20886.568264,21067.967473,53547.032531
2024-02-20 09:00:00,21066.670234,21359.847053,20630.198305,20760.305508,78873.002129
2024-02-20 10:00:00,20738.486042,21013.997999,20457.397464,20859.774212,44086.990792
2024-02-20 11:00:00,20920.328202,21260.437793,20634.308777,20942.710113,71370.088313
2024-02-20 12:00:00,20898.962983,21034.706053,20418.498771,20608.968209,29780.203309
2024-02-20 13:00:00,20562.098490,20723.151246,20204.118097,20455.150135,90942.318628
2024-02-20 14:00:00,20429.779970,20889.938431,20187.783631,20523.350584,114634.115783
2024-02-20 15:00:00,20586.330421,20839.319690,20442.412167,20624.806963,47317.672259
2024-02-20 16:00:00,20585.077208,20964.275325,20282.137656,20629.140986,107423.474413
2024-02-20 17:00:00,20656.684619,20900.586602,20155.910041,20382.811323,61648.560115
2024-02-20 18:00:00,20367.088574,20771.320080,20104.238880,20462.383445,81910.834105
2024-02-20 19:00:00,20475.252978,20688.494841,20272.411471,20549.565262,88836.233995
2024-02-20 20:00:00,20544.532699,20810.943088,20341.657277,20512.841274,60302.862425
2024-02-20 21:00:00,20480.624928,20803.454440,20260.376423,20655.035187,52242.837190
2024-02-20 22:00:00,20673.126266,21125.089471,20280.370918,20505.498677,134653.486263
2024-02-20 23:00:00,20444.654889,20781.217765,20328.014669,20643.031516,99791.180301
2024-02-21 00:00:00,20704.989354,21012.375134,20497.963363,20735.953201,107181.105821
2024-02-21 01:00:00,20720.794856,21012.539756,20618.762215,20894.355075,34306.027449
2024-02-21 02:00:00,20904.981842,21184.262846,20632.155688,20904.047957,46673.624862
2024-02-21 03:00:00,20852.541922,21119.706959,20429.359811,20752.793469,45398.076290
2024-02-21 04:00:00,20742.813370,20989.538971,20587.033962,20755.034558,55292.535997
2024-02-21 05:00:00,20713.179692,21058.377560,20637.149488,20857.149070,28397.340879
2024-02-21 06:00:00,20901.603623,21317.745279,20601.733054,21045.635520,21707.689350
2024-02-21 07:00:00,21097.561121,21495.743420,20942.859379,21254.737011,61179.679453
2024-02-21 08:00:00,21262.514478,21656.315140,21082.309242,21384.418505,65360.092874
2024-02-21 09:00:00,21395.711970,21516.858384,21029.090875,21197.715443,50069.753179
2024-02-21 10:00:00,21192.845227,21369.941648,20869.223746,21118.009525,55348.592108
2024-02-21 11:00:00,21117.248341,21487.211630,20976.570774,21337.343102,25602.787542
2024-02-21 12:00:00,21334.988518,21673.116945,21113.840112,21451.103883,63547.921825
2024-02-21 13:00:00,21453.551835,21713.160181,21032.735647,21262.412875,113251.890048
2024-02-21 14:00:00,21242.314091,21514.214931,20872.734257,20978.418742,26964.821361
2024-02-21 15:00:00,20958.999271,21122.536000,20893.334993,21069.757427,18176.029626
2024-02-21 16:00:00,21059.772415,21342.602879,20917.385331,21101.239075,39209.267435
2024-02-21 17:00:00,21130.979522,21372.535647,20984.717552,21207.538209,14951.569314
2024-02-21 18:00:00,21212.016285,21487.194686,20410.159565,20703.324274,97628.529148
2024-02-21 19:00:00,20720.629765,20930.328172,20515.232864,20799.713405,37933.897398
2024-02-21 20:00:00,20757.068698,21187.191186,20584.513240,20842.784253,50673.254865
2024-02-21 21:00:00,20828.094841,21123.286379,20673.309730,20902.805465,41047.937385
2024-02-21 22:00:00,20886.009613,21400.886626,20661.693988,21173.658647,69822.143548
2024-02-21 23:00:00,21163.301775,21468.300070,20751.992113,21083.069652,66288.143290
2024-02-22 00:00:00,21075.319901,21364.654337,20886.618788,21215.200241,29036.798479
2024-02-22 01:00:00,21222.293985,21353.437215,20862.218141,21172.085944,38707.043519
2024-02-22 02:00:00,21147.488571,21259.038279,20475.931471,20612.804893,93252.557650
2024-02-22 03:00:00,20571.343461,20730.183600,20470.318637,20621.573899,36003.812973
2024-02-22 04:00:00,20594.129365,21134.743524,20315.496356,20844.035745,47300.382954
2024-02-22 05:00:00,20820.964099,21048.793030,20375.246624,20697.639237,40989.900290
2024-02-22 06:00:00,20685.065840,21003.372729,20471.076413,20901.511898,65470.708284
2024-02-22 07:00:00,20926.076576,21071.095116,20394.177557,20499.134326,179530.783174
2024-02-22 08:00:00,20535.708104,20665.819216,20093.945521,20341.216592,60862.179515
2024-02-22 09:00:00,20361.885155,20612.843889,20123.095935,20366.577772,138718.221012
2024-02-22 10:00:00,20366.738299,20696.878056,19855.869863,20119.216154,51581.262965
2024-02-22 11:00:00,20058.232516,20276.213896,19804.934368,19956.192516,18116.118610
2024-02-22 12:00:00,19956.120682,20171.024134,19856.993866,20072.404100,59627.167558
2024-02-22 13:00:00,20098.782951,20322.589773,19910.927402,20197.310218,57962.317143
2024-02-22 14:00:00,20190.699346,20496.583142,19937.416433,20078.729345,81312.053482
2024-02-22 15:00:00,20053.468031,20272.223340,19825.146926,19986.430495,45140.805531
2024-02-22 16:00:00,19979.348572,20346.010635,19818.479613,20117.609814,50440.683678
2024-02-22 17:00:00,20101.266501,20421.172052,19929.821689,20219.852908,73235.891331
2024-02-22 18:00:00,20266.288675,20621.215186,20096.373310,20441.422804,25391.367573
2024-02-22 19:00:00,20451.612907,20476.741665,20389.461004,20407.585046,9527.266652
2024-02-22 20:00:00,20383.486581,20532.110741,20153.564176,20371.173734,71111.049768
2024-02-22 21:00:00,20388.536693,20490.776242,20191.842202,20287.542614,47061.323309
2024-02-22 22:00:00,20252.577291,20679.345698,20068.417823,20491.035720,61747.766556
2024-02-22 23:00:00,20458.081011,20759.944953,20354.805923,20682.092811,25789.328615
2024-02-23 00:00:00,20708.790223,20983.062055,20394.426268,20688.220876,22112.126908
2024-02-23 01:00:00,20666.429822,21247.642431,20409.318607,21108.454247,53597.541424
2024-02-23 02:00:00,21109.380308,21419.029815,20998.164041,21246.234089,131042.798535
2024-02-23 03:00:00,21239.603313,21367.666919,20885.469090,21134.250877,33408.926493
2024-02-23 04:00:00,21134.519076,21385.084613,20974.828490,21202.959603,53209.388150
2024-02-23 05:00:00,21223.398770,21401.746308,21096.663224,21268.469809,119767.442061
2024-02-23 06:00:00,21272.840245,21392.599970,21078.765588,21214.785748,9122.219062
2024-02-23 07:00:00,21201.790643,21259.737229,20852.598636,20959.855176,43537.158529
2024-02-23 08:00:00,20966.480802,21284.055374,20801.408077,21117.204703,86387.661804
2024-02-23 09:00:00,21117.535498,21200.582825,20974.225249,21112.595823,19734.590508
2024-02-23 10:00:00,21123.071375,21268.070055,20798.685086,20872.009273,93472.172604
2024-02-23 11:00:00,20867.448849,21237.283144,20727.527516,20925.089494,100369.417518
2024-02-23 12:00:00,20882.859171,21117.927676,20162.976427,20398.497299,47173.517924
2024-02-23 13:00:00,20398.549904,20526.205499,20122.382849,20387.587237,29353.827525
2024-02-23 14:00:00,20388.727968,20580.679354,20017.775990,20263.863598,58973.813095
2024-02-23 15:00:00,20248.123976,20447.255586,20125.741436,20371.671893,44425.368350
2024-02-23 16:00:00,20370.370368,20573.353814,20215.940011,20434.600363,64178.189026
2024-02-23 17:00:00,20412.404095,20608.663448,19970.054329,20273.573231,70653.829344
2024-02-23 18:00:00,20298.298635,20415.883471,19895.679714,20051.771812,55610.306281
2024-02-23 19:00:00,20041.377951,20335.458696,19967.846546,20252.373598,38090.599327
2024-02-23 20:00:00,20303.789429,20474.292836,19969.334905,20216.619316,49593.306473
2024-02-23 21:00:00,20200.388319,20663.125993,20126.510175,20599.718484,42901.690538
2024-02-23 22:00:00,20609.243059,20763.873803,20452.803150,20580.404878,39034.725220
2024-02-23 23:00:00,20580.366055,20680.481370,20298.485163,20430.426918,38691.885565
2024-02-24 00:00:00,20442.964638,20562.375411,20183.790340,20448.587244,48517.264842
2024-02-24 01:00:00,20471.578814,20672.849819,20371.006817,20490.941502,25302.698985
2024-02-24 02:00:00,20485.540963,20663.521978,20307.520228,20484.988087,128575.773399
2024-02-24 03:00:00,20455.779804,20676.087515,20291.622870,20480.430945,20422.082986
2024-02-24 04:00:00,20455.841508,20718.431554,19979.346895,20202.600013,74355.792591
2024-02-24 05:00:00,20220.545330,20332.625112,19887.200169,20113.605432,37661.669040
2024-02-24 06:00:00,20096.372214,20408.802432,19800.512959,19997.846376,77772.160863
2024-02-24 07:00:00,20012.282021,20188.713875,19768.780956,19929.399149,36300.832143
2024-02-24 08:00:00,19938.775424,20392.680637,19675.589133,20244.641894,124108.645809
2024-02-24 09:00:00,20237.953651,20371.872130,20198.909072,20342.069530,36377.346595
2024-02-24 10:00:00,20303.343356,20613.919225,20176.184822,20345.875858,29359.139196
2024-02-24 11:00:00,20340.048383,20442.604499,20194.277843,20289.375024,12331.578900
2024-02-24 12:00:00,20284.855908,20367.401514,20062.943215,20170.740780,33435.486819
2024-02-24 13:00:00,20190.642749,20449.264264,20115.163012,20327.732563,23571.503694
2024-02-24 14:00:00,20322.109014,20616.617353,20187.691563,20445.314286,34621.201618
2024-02-24 15:00:00,20442.933001,20697.118770,20189.185118,20559.201310,86432.620209
2024-02-24 16:00:00,20578.572822,20719.853792,20513.787296,20683.897568,29717.105831
2024-02-24 17:00:00,20646.977526,20955.403459,20259.115060,20496.658100,66667.463188
2024-02-24 18:00:00,20508.885658,20666.350728,20394.224606,20528.051302,21563.228090
2024-02-24 19:00:00,20490.925498,20743.105148,20328.093659,20590.478916,34185.513724
2024-02-24 20:00:00,20612.037110,20752.163963,20099.832216,20396.877142,87237.352631
2024-02-24 21:00:00,20380.694503,20777.650524,20271.723662,20562.808987,79344.379300
2024-02-24 22:00:00,20551.949627,20692.124482,20156.571577,20312.053458,70325.577944
2024-02-24 23:00:00,20287.805564,21030.750736,20172.820902,20807.450077,184942.545426
2024-02-25 00:00:00,20783.857185,21157.409757,20545.895247,20890.480536,58821.744783
2024-02-25 01:00:00,20902.521169,21004.671882,20672.736590,20822.060956,62383.828550
2024-02-25 02:00:00,20824.620140,21037.595176,20585.499409,20713.727425,79749.301723
2024-02-25 03:00:00,20729.127631,21221.393248,20489.136815,20992.572274,57874.046544
2024-02-25 04:00:00,21017.468232,21219.346571,20897.959269,21089.107597,30284.782914
2024-02-25 05:00:00,21092.514402,21452.814255,20680.168124,21193.583325,46154.193231
2024-02-25 06:00:00,21168.597229,21326.098263,20921.246249,21139.283980,37395.172969
2024-02-25 07:00:00,21138.613528,21334.701954,20860.237179,21018.059176,72051.340024
2024-02-25 08:00:00,20969.342608,21220.469033,20739.426374,21082.931520,65342.202979
2024-02-25 09:00:00,21066.362976,21183.349348,20834.670716,21093.921492,65362.682717
2024-02-25 10:00:00,21145.118703,21452.261193,20740.367611,21031.201197,60696.076455
2024-02-25 11:00:00,21040.983880,21258.995523,20838.505316,20948.831898,38566.875435
2024-02-25 12:00:00,20976.546361,21123.953347,20865.358890,21026.649367,71575.330973
2024-02-25 13:00:00,21034.596615,21280.930082,20634.679256,20924.851079,45375.897945
2024-02-25 14:00:00,20927.895407,21209.235552,20779.144784,21074.136550,27035.981558
2024-02-25 15:00:00,21044.132510,21346.239377,20551.041866,20763.666181,218493.598674
2024-02-25 16:00:00,20749.593315,21050.303671,20471.132019,20915.313874,78064.349399
2024-02-25 17:00:00,20937.100934,21184.640854,20811.003295,20982.951575,25223.591652
2024-02-25 18:00:00,20979.581800,21228.933364,20478.450539,20714.230655,48222.161045
2024-02-25 19:00:00,20706.178889,20827.354832,20398.377073,20644.670371,11668.411081
2024-02-25 20:00:00,20689.626420,21035.474288,20345.392000,20714.246559,50583.712033
2024-02-25 21:00:00,20721.880381,20873.956502,20430.605334,20725.219189,62047.369093
2024-02-25 22:00:00,20747.536805,20963.841104,20549.343151,20739.225787,54416.565598
2024-02-25 23:00:00,20763.925623,20936.423008,20612.218963,20764.959839,22693.398555
2024-02-26 00:00:00,20774.412686,21145.137365,20566.784279,20993.760340,126093.091037
2024-02-26 01:00:00,20987.107603,21254.791854,20898.214378,21135.279083,39266.562326
2024-02-26 02:00:00,21099.198609,21331.085675,20807.705909,20961.614964,52146.822421
2024-02-26 03:00:00,20977.229392,21064.784067,20569.544506,20674.126949,46161.895455
2024-02-26 04:00:00,20703.608334,21021.046219,20518.516983,20746.941021,44203.873495
2024-02-26 05:00:00,20747.064425,21057.444965,20525.528880,20716.735211,80655.557008
2024-02-26 06:00:00,20717.499721,20817.310603,20613.020718,20742.018785,33491.208044
2024-02-26 07:00:00,20774.056996,20903.758188,20415.510569,20653.349249,18174.948139
2024-02-26 08:00:00,20612.622984,20825.451975,20394.340444,20561.769886,32665.877763
2024-02-26 09:00:00,20531.895109,20900.023921,20399.576953,20593.676594,103940.578774
2024-02-26 10:00:00,20592.685032,20986.674307,20436.490638,20805.825389,38745.276213
2024-02-26 11:00:00,20808.295011,20986.322510,20694.830767,20933.674598,44076.246772
2024-02-26 12:00:00,20941.596119,21181.012801,20722.511067,21013.659204,30535.088094
2024-02-26 13:00:00,20996.647011,21139.059029,20646.416643,20890.848893,24739.173977
2024-02-26 14:00:00,20902.974813,21062.609530,20668.534386,20821.098871,15416.994333
2024-02-26 15:00:00,20819.775682,21051.397729,20660.740646,20818.294696,54931.822917
2024-02-26 16:00:00,20817.444660,21129.120278,20753.082076,21026.061874,36373.217145
2024-02-26 17:00:00,21004.101909,21403.084795,20700.190610,21170.992140,19031.754207
2024-02-26 18:00:00,21185.473968,21673.438923,21081.130802,21558.506740,30287.044552
2024-02-26 19:00:00,21581.770035,21723.422400,21313.570852,21406.329400,44630.934372
2024-02-26 20:00:00,21402.731198,21599.044009,21202.565750,21482.953044,24144.716089
2024-02-26 21:00:00,21521.024497,21687.602116,21152.497993,21402.940110,48067.724368
2024-02-26 22:00:00,21390.656266,21645.424280,21234.444234,21425.589798,60101.263361
2024-02-26 23:00:00,21398.305796,21613.169588,21163.720506,21470.855764,14732.360116
2024-02-27 00:00:00,21445.460306,21562.916491,21225.011045,21342.029461,14810.111610
2024-02-27 01:00:00,21378.318024,21705.873762,21175.002926,21488.176795,19536.396506
2024-02-27 02:00:00,21470.026695,21650.955129,21374.670222,21551.316467,31155.049668
2024-02-27 03:00:00,21490.424068,21734.969216,21108.620202,21301.760099,91714.288431
2024-02-27 04:00:00,21310.768682,21583.424516,20977.538461,21268.748501,57703.067875
2024-02-27 05:00:00,21249.133292,21375.835298,21011.113326,21174.152260,100275.904952
2024-02-27 06:00:00,21155.286864,21229.445347,20763.335886,20934.402472,39169.308723
2024-02-27 07:00:00,20903.620593,21174.179998,20667.900857,20910.348139,37878.122987
2024-02-27 08:00:00,20910.658310,21069.198356,20748.387779,20922.074831,27369.952408
2024-02-27 09:00:00,20911.949501,21168.169881,20465.968693,20637.539413,79230.280080
2024-02-27 10:00:00,20613.083489,20814.941976,20505.768834,20609.891545,14364.735766
2024-02-27 11:00:00,20630.885587,20869.127967,20547.291791,20694.167635,28982.252087
2024-02-27 12:00:00,20699.555448,20839.977028,20507.387522,20648.654130,45498.197898
2024-02-27 13:00:00,20663.772178,20802.840678,20561.151955,20621.541632,27425.612056
2024-02-27 14:00:00,20592.970430,20807.179973,20333.937863,20575.744878,51019.393053
2024-02-27 15:00:00,20545.814329,20738.015067,19802.106633,20163.991802,148634.918973
2024-02-27 16:00:00,20134.858458,20315.564343,19974.623917,20137.653469,11927.886738
2024-02-27 17:00:00,20161.512314,20203.428688,20066.471165,20143.418911,26067.455392
2024-02-27 18:00:00,20139.599205,20297.854356,20071.961267,20193.221881,23834.698553
2024-02-27 19:00:00,20197.199477,20487.176619,19965.489099,20277.779080,51734.596051
2024-02-27 20:00:00,20245.092489,20333.322392,20070.251326,20258.128980,69317.073908
2024-02-27 21:00:00,20270.505503,20707.649568,20150.978126,20639.841510,73317.136703
2024-02-27 22:00:00,20644.694318,21090.775704,20543.770224,20933.373158,55305.379617
2024-02-27 23:00:00,20948.977671,21425.146558,20562.565240,21067.244054,204544.974096
2024-02-28 00:00:00,21055.248587,21344.623980,20794.300901,21197.845844,44094.145543
2024-02-28 01:00:00,21210.319554,21313.174851,20953.655269,21109.792957,65994.838698
2024-02-28 02:00:00,21113.793685,21687.418210,20787.561201,21418.653654,114916.022474
2024-02-28 03:00:00,21393.143194,21658.349997,20946.976735,21314.882876,66114.428259
2024-02-28 04:00:00,21324.938578,21454.491102,21144.327971,21315.450775,40952.258789
2024-02-28 05:00:00,21297.130936,21496.385049,21183.202964,21335.958203,20698.080384
2024-02-28 06:00:00,21370.322298,21487.861677,21213.845226,21397.196361,21659.710302
2024-02-28 07:00:00,21364.814947,21620.603764,21104.873930,21423.162592,117996.806442
2024-02-28 08:00:00,21431.461229,21498.871987,21324.308966,21413.823767,27935.642189
2024-02-28 09:00:00,21439.455188,21647.371865,21379.498391,21557.980805,53148.394596
2024-02-28 10:00:00,21556.154003,21730.782918,21521.215331,21644.495207,56585.786570
2024-02-28 11:00:00,21647.883634,21727.340630,21585.198603,21652.384450,34482.515811
2024-02-28 12:00:00,21674.335039,21935.642817,21528.925556,21816.830913,103037.062784
2024-02-28 13:00:00,21780.906801,21969.117107,21604.500571,21813.929972,151498.819943
2024-02-28 14:00:00,21821.958888,22018.018520,21771.764050,21972.827988,46851.972348
2024-02-28 15:00:00,21965.365295,22182.263017,21743.979118,22066.896733,227850.995315
2024-02-28 16:00:00,22087.460967,22179.102143,21851.147355,21943.805593,97098.440827
2024-02-28 17:00:00,21914.966940,21992.051327,21438.698697,21535.470385,102452.584317
2024-02-28 18:00:00,21549.277443,21696.057094,21471.153594,21554.746083,27389.309263
2024-02-28 19:00:00,21520.073421,21864.232149,21310.227807,21593.517588,119015.034738
2024-02-28 20:00:00,21600.267148,21792.107849,21438.803530,21570.237913,97982.673933
2024-02-28 21:00:00,21588.069519,21908.622927,21390.737245,21616.163197,78329.564947
2024-02-28 22:00:00,21604.629329,21756.018484,21417.081303,21598.592560,46089.288206
2024-02-28 23:00:00,21599.096038,21880.084786,21434.870739,21664.182558,74543.028204
2024-02-29 00:00:00,21634.767235,21705.272482,21535.967377,21604.126881,32382.417473
2024-02-29 01:00:00,21594.654509,21752.833337,21369.105924,21631.549207,47243.247213
2024-02-29 02:00:00,21613.815878,21862.445808,21585.268691,21829.329558,69883.887696
2024-02-29 03:00:00,21840.148496,22015.865171,21571.840877,21738.046141,63127.096245
2024-02-29 04:00:00,21733.221462,21788.795625,21611.688882,21686.271449,48854.685346
2024-02-29 05:00:00,21690.721382,21951.385210,21491.809199,21806.603261,76588.993330
2024-02-29 06:00:00,21801.591199,22029.049008,21617.386941,21756.685161,65714.154023
2024-02-29 07:00:00,21738.826818,21888.895385,21698.792101,21834.385061,14568.495586
2024-02-29 08:00:00,21837.388522,22074.615744,21634.189900,21858.199404,220545.048703
2024-02-29 09:00:00,21865.103266,22031.289856,21609.975593,21811.759735,54113.508554
2024-02-29 10:00:00,21811.617379,22546.653661,21654.005820,22315.938667,59328.214784
2024-02-29 11:00:00,22318.742615,22455.401612,22187.335048,22291.761603,34907.054979
2024-02-29 12:00:00,22294.544980,22470.123131,22191.411925,22380.086187,35136.200670
2024-02-29 13:00:00,22401.270877,22545.527763,22310.598628,22451.507386,27358.728168
2024-02-29 14:00:00,22476.896992,22566.458319,22011.335647,22084.861491,96066.980648
2024-02-29 15:00:00,22093.101566,22271.738795,21902.814441,22105.385951,116165.066898
2024-02-29 16:00:00,22119.349897,22535.375143,21907.460740,22279.373343,180605.573564
2024-02-29 17:00:00,22288.944445,22494.187568,22149.030285,22390.190479,52679.984416
2024-02-29 18:00:00,22376.595009,22824.925605,22146.152053,22592.577459,36390.733707
2024-02-29 19:00:00,22613.399056,22707.268358,22483.827809,22611.275054,34252.572097
2024-02-29 20:00:00,22595.459349,22883.503181,22386.982170,22771.081449,88707.769121
2024-02-29 21:00:00,22816.379422,22864.310296,22747.427802,22809.471047,28000.062762
2024-02-29 22:00:00,22802.933152,23009.685136,22659.013401,22886.550580,75898.690725
2024-02-29 23:00:00,22884.568321,22994.007618,22773.844438,22912.012946,15626.130322
2024-03-01 00:00:00,22910.985636,23018.857922,22733.871910,22932.932501,51763.993654
2024-03-01 01:00:00,22935.141564,23131.548716,22806.232520,23002.774877,26721.037340
2024-03-01 02:00:00,22997.493164,23068.846064,22955.973749,23021.411411,23203.585558
2024-03-01 03:00:00,23020.349019,23186.838263,22523.591221,22772.687833,231348.508882
2024-03-01 04:00:00,22759.010924,23069.028208,22555.040491,22922.440277,136567.386036
2024-03-01 05:00:00,22914.071653,23221.905820,22788.809606,23025.836360,65399.995197
2024-03-01 06:00:00,23069.008506,23490.024230,22819.985871,23258.222997,66878.765181
2024-03-01 07:00:00,23249.204454,23425.247585,23098.668673,23292.422717,59253.088146
2024-03-01 08:00:00,23286.448257,23358.381844,23113.391066,23186.228669,13738.751483
2024-03-01 09:00:00,23175.471327,23397.845921,22978.600351,23132.096502,71662.799459
2024-03-01 10:00:00,23143.020078,23300.837660,22962.357125,23098.322747,40979.439019
2024-03-01 11:00:00,23103.516541,23386.661811,22909.165106,23189.336267,98814.788289
2024-03-01 12:00:00,23182.015516,23242.011050,23102.426340,23173.296626,21018.656287
2024-03-01 13:00:00,23137.156547,23239.373289,22958.014942,23022.342586,26212.072321
2024-03-01 14:00:00,23014.912402,23177.971352,22790.540795,23068.621520,78669.512377
2024-03-01 15:00:00,23072.471962,23140.465357,22940.398630,22999.696686,15566.373772
2024-03-01 16:00:00,23017.274453,23125.950013,22897.463973,22944.086366,37300.912585
2024-03-01 17:00:00,22933.063070,23065.903401,22791.324279,22868.906594,15061.451780
2024-03-01 18:00:00,22896.057404,23064.611710,22738.209661,22883.108538,62338.404555
2024-03-01 19:00:00,22893.863805,23059.882623,22747.965946,22964.625396,30959.214260
2024-03-01 20:00:00,22976.913005,23166.111201,22852.580420,22990.064855,62290.934924
2024-03-01 21:00:00,23004.851773,23120.257883,22738.370690,22811.498120,35186.389258
2024-03-01 22:00:00,22834.065891,22936.742556,22703.006054,22848.259043,88393.031137
2024-03-01 23:00:00,22839.450427,23203.933701,22686.176822,23045.347720,66187.204945
2024-03-02 00:00:00,23039.882200,23162.991841,22965.621220,23118.695776,19380.489598
2024-03-02 01:00:00,23122.076073,23309.485805,23082.418022,23254.977485,29391.311473
2024-03-02 02:00:00,23230.431930,23596.046452,23085.152842,23486.033918,92001.637876
2024-03-02 03:00:00,23510.859013,23764.311357,23369.939471,23668.500635,29923.326049
2024-03-02 04:00:00,23667.505254,23854.750158,23563.119875,23768.498611,29801.526204
2024-03-02 05:00:00,23775.717601,23999.023639,23570.245525,23786.084962,63543.542258
2024-03-02 06:00:00,23802.347197,24158.324264,23620.680947,23974.675446,136463.380981
2024-03-02 07:00:00,23986.069586,24306.231309,23895.826203,24182.936494,43721.381125
2024-03-02 08:00:00,24183.961929,24491.898473,24120.778651,24355.129534,55951.075046
2024-03-02 09:00:00,24389.651286,24548.361355,24201.705002,24366.188819,102969.472014
2024-03-02 10:00:00,24380.594612,24516.364187,24259.366051,24369.069471,22125.496779
2024-03-02 11:00:00,24380.616566,24561.067536,24273.645866,24485.325457,92941.541837
2024-03-02 12:00:00,24486.502421,24567.726779,24450.623931,24485.839676,20889.446232
2024-03-02 13:00:00,24480.941042,24522.418520,24456.063186,24506.818017,18716.273995
2024-03-02 14:00:00,24481.353871,24883.281679,24312.593040,24582.004561,48040.748588
2024-03-02 15:00:00,24593.995262,24708.386693,24303.881918,24497.037568,53285.147689
2024-03-02 16:00:00,24492.103833,24614.213428,24375.868402,24519.435304,25571.167783
2024-03-02 17:00:00,24496.747667,24544.291765,24448.916617,24503.322082,4686.996535
2024-03-02 18:00:00,24466.133013,24672.232584,24311.337561,24553.527453,23159.866664
2024-03-02 19:00:00,24578.334354,24770.403336,24367.138939,24458.242299,31074.292912
2024-03-02 20:00:00,24479.407131,24525.248621,24224.111910,24338.181922,29824.374238
2024-03-02 21:00:00,24334.030144,25361.251248,24166.868981,25179.675619,137498.471228
2024-03-02 22:00:00,25149.588545,25344.220372,25025.072444,25179.451987,94520.528356
2024-03-02 23:00:00,25212.583686,25492.539390,25138.976763,25384.779824,15477.154729
2024-03-03 00:00:00,25368.064703,25501.892261,25258.431682,25371.350518,45236.082953
2024-03-03 01:00:00,25380.508361,25545.689090,25231.665211,25378.314118,20968.822369
2024-03-03 02:00:00,25405.628505,25525.965917,25302.854994,25433.661915,32226.055448
2024-03-03 03:00:00,25422.042387,25618.215178,25321.173421,25428.416050,50880.698107
2024-03-03 04:00:00,25424.081919,25618.272442,25051.013153,25215.423840,46683.577916
2024-03-03 05:00:00,25212.067264,25625.584879,25112.582505,25528.763591,24744.707161
2024-03-03 06:00:00,25484.032173,25506.136714,25399.498199,25436.796330,7310.118101
2024-03-03 07:00:00,25416.520585,25701.485060,25301.942751,25516.490851,50093.697799
2024-03-03 08:00:00,25520.767730,25735.629504,25249.254940,25369.292113,128267.808338
2024-03-03 09:00:00,25387.376257,25467.029008,25092.693073,25245.286679,79317.233292
2024-03-03 10:00:00,25241.361276,25480.858058,25091.496848,25347.130798,32310.370988
2024-03-03 11:00:00,25363.093269,25593.680614,25299.880394,25463.694791,47962.192578
2024-03-03 12:00:00,25485.247110,25668.548104,25311.398395,25493.740251,40506.219270
2024-03-03 13:00:00,25491.724628,25574.676753,25240.903086,25370.131006,18560.619127
2024-03-03 14:00:00,25342.159464,25512.150172,24972.330160,25138.703602,121116.733838
2024-03-03 15:00:00,25156.429035,25438.708364,24985.646269,25210.246629,32490.447294
2024-03-03 16:00:00,25240.195220,25360.432937,24863.974927,25019.894227,45224.620684
2024-03-03 17:00:00,25013.641410,25189.322086,24854.152204,25061.092155,138106.144309
2024-03-03 18:00:00,25105.196104,25358.649661,24804.619055,25187.924129,86245.167799
2024-03-03 19:00:00,25204.061190,25284.433788,25044.007945,25189.367385,33980.983978
2024-03-03 20:00:00,25206.628762,25421.383306,25092.083599,25199.070456,52334.099730
2024-03-03 21:00:00,25174.184614,25295.932465,25054.892999,25147.547138,25610.903386
2024-03-03 22:00:00,25160.434113,25651.877099,24898.585751,25390.085217,108951.070127
2024-03-03 23:00:00,25385.186164,25620.982123,25242.826133,25471.923911,58625.458130
2024-03-04 00:00:00,25475.190889,25859.938205,25280.802060,25625.258390,32137.275400
2024-03-04 01:00:00,25638.872935,25753.079118,25560.783928,25669.690359,16040.791668
2024-03-04 02:00:00,25646.736152,25822.254139,25571.372306,25777.284402,53387.399911
2024-03-04 03:00:00,25778.974986,25961.317059,25546.302071,25657.027723,75861.555349
2024-03-04 04:00:00,25700.458542,25755.711733,25417.597096,25533.734829,47496.717271
2024-03-04 05:00:00,25541.363112,25621.556336,25227.239178,25308.737698,121787.689365
2024-03-04 06:00:00,25324.968645,25461.461070,25019.555149,25126.207589,67684.077986
2024-03-04 07:00:00,25130.743522,25286.618885,24995.736096,25172.833756,47130.538557
2024-03-04 08:00:00,25182.479261,25261.798436,24951.560023,25014.063270,18847.230143
2024-03-04 09:00:00,25034.668255,25228.639670,24882.815438,25113.063095,80364.073255
2024-03-04 10:00:00,25101.462190,25260.995908,24983.744185,25091.677695,43452.247784
2024-03-04 11:00:00,25086.249019,25465.674401,24975.210259,25258.266482,61039.883052
2024-03-04 12:00:00,25252.564872,25515.835379,25150.501489,25432.491001,38326.353852
2024-03-04 13:00:00,25441.698164,25740.538287,25250.187418,25414.797745,96214.405693
2024-03-04 14:00:00,25404.667259,25792.738822,25237.991257,25694.386041,65452.215571
2024-03-04 15:00:00,25714.403662,25818.559689,25537.112718,25683.239516,87316.045397
2024-03-04 16:00:00,25699.803553,25876.634966,25528.123524,25662.990569,99932.895317
2024-03-04 17:00:00,25659.988825,25897.655559,25550.308389,25694.878043,28078.324004
2024-03-04 18:00:00,25710.481163,25905.778505,25587.144616,25722.721234,36880.051666
2024-03-04 19:00:00,25719.825092,25935.653844,25510.483303,25714.193612,101786.813086
2024-03-04 20:00:00,25755.816012,25911.268635,25678.395639,25854.710153,41125.037856
2024-03-04 21:00:00,25843.733690,25911.528839,25789.885631,25838.990218,20068.339768
2024-03-04 22:00:00,25825.312432,26091.865566,25481.053704,25606.985651,113369.907816
2024-03-04 23:00:00,25644.240772,25728.711548,25389.765523,25492.926538,42521.976874
2024-03-05 00:00:00,25471.172272,26212.866396,25256.007143,25989.498808,237904.633808
2024-03-05 01:00:00,25991.054872,26305.342976,25841.729573,26096.119690,77189.519946
2024-03-05 02:00:00,26110.540519,26296.989927,25955.414001,26078.089129,17008.442170
2024-03-05 03:00:00,26106.620032,26361.373613,25575.974616,25791.885959,138283.073950
2024-03-05 04:00:00,25838.225122,25942.981652,25310.994344,25516.978368,90406.272502
2024-03-05 05:00:00,25447.119674,25728.740850,25264.121930,25478.213461,72412.951376
2024-03-05 06:00:00,25426.279185,25576.365048,25106.721819,25255.676867,47210.306245
2024-03-05 07:00:00,25261.754443,25476.004465,24888.098545,25206.769339,42230.889851
2024-03-05 08:00:00,25202.227567,25409.071613,25056.438108,25193.051231,68667.738094
2024-03-05 09:00:00,25207.133044,25712.668119,24995.800471,25412.146240,108797.352455
2024-03-05 10:00:00,25434.784061,25589.546286,25245.897437,25383.260319,26492.391255
2024-03-05 11:00:00,25422.984200,25757.551043,25197.041275,25518.335808,63923.962916
2024-03-05 12:00:00,25516.647635,25895.135408,25157.505992,25390.239180,180527.942386
2024-03-05 13:00:00,25417.594004,25534.691207,25027.736395,25254.741925,55747.328360
2024-03-05 14:00:00,25281.097239,25413.852820,25028.141195,25156.729200,21606.325519
2024-03-05 15:00:00,25156.508173,25317.407350,25011.768253,25169.973466,26479.486360
2024-03-05 16:00:00,25209.223880,25233.315669,25105.322140,25129.727958,15886.652200
2024-03-05 17:00:00,25130.357649,25204.527221,24981.163606,25077.353644,34132.517186
2024-03-05 18:00:00,25059.899935,25173.777440,24820.463740,25009.535753,148736.215366
2024-03-05 19:00:00,25006.913812,25168.132000,24829.601612,24982.299469,20562.187131
2024-03-05 20:00:00,24977.813054,25332.412236,24883.213271,25245.397175,37979.811545
2024-03-05 21:00:00,25275.505375,25440.535214,24848.655168,24980.674817,58132.252013
2024-03-05 22:00:00,25021.361741,25107.909897,24902.197548,25011.104894,32820.011665
2024-03-05 23:00:00,25058.736615,25367.734232,24943.338331,25308.724655,37731.430927
2024-03-06 00:00:00,25335.492782,25613.446581,25142.813058,25370.693045,32880.704411
2024-03-06 01:00:00,25339.783891,25399.550566,25163.829103,25261.118059,10851.065511
2024-03-06 02:00:00,25246.182295,25504.324060,25005.115686,25247.150390,57724.827060
2024-03-06 03:00:00,25248.517077,25452.634340,25075.584197,25324.760741,31013.678982
2024-03-06 04:00:00,25322.654626,25492.490870,25064.184992,25179.907124,10362.465591
2024-03-06 05:00:00,25194.099988,25351.799585,24914.652119,25168.624390,42161.660734
2024-03-06 06:00:00,25188.275734,25836.614791,24993.389091,25658.101719,55329.358563
2024-03-06 07:00:00,25673.280251,26024.466891,25531.450840,25850.230796,37796.590026
2024-03-06 08:00:00,25857.880424,26392.979915,25593.085570,26168.320060,56854.720691
2024-03-06 09:00:00,26170.360033,26477.504460,25702.060633,26043.924190,43513.224475
2024-03-06 10:00:00,26046.753342,26190.079390,25655.130213,25893.025273,91682.380804
2024-03-06 11:00:00,25859.005860,26129.009737,25508.580949,25729.199127,71013.520398
2024-03-06 12:00:00,25771.628397,26020.498050,25680.036139,25787.332713,34177.553899
2024-03-06 13:00:00,25814.159270,26006.206968,25535.543160,25703.475017,74041.484230
2024-03-06 14:00:00,25737.609716,26532.044509,25596.923786,26454.792758,110904.869183
2024-03-06 15:00:00,26456.965762,26504.493562,26189.891401,26282.861188,31400.154204
2024-03-06 16:00:00,26281.151078,26435.189071,26175.505638,26334.980214,20350.789261
2024-03-06 17:00:00,26297.048248,26407.484171,26043.625420,26187.012237,38879.334025
2024-03-06 18:00:00,26194.706276,26335.671267,26015.861857,26164.359595,20715.050910
2024-03-06 19:00:00,26192.253377,26878.331334,26037.638136,26601.056337,163086.625297
2024-03-06 20:00:00,26594.117601,26777.411825,26483.811982,26623.775541,31129.836060
2024-03-06 21:00:00,26634.379954,26796.763577,25923.850296,26079.660157,77650.329006
2024-03-06 22:00:00,26072.973430,26221.626135,25758.010375,25943.966777,46662.269073
2024-03-06 23:00:00,25917.123932,26069.312445,25674.903302,25823.066866,63984.558751
2024-03-07 00:00:00,25840.458821,26267.516098,25572.134886,26002.144849,186477.460988
2024-03-07 01:00:00,26058.671394,26191.129185,25980.532184,26066.626440,19720.413326
2024-03-07 02:00:00,26088.716654,26284.699790,25842.185717,26042.182990,25870.560322
2024-03-07 03:00:00,26071.595479,26285.234860,25863.642014,26154.004309,25962.228247
2024-03-07 04:00:00,26139.629572,26739.207482,26008.402349,26450.499172,124894.912315
2024-03-07 05:00:00,26424.333683,26549.512401,26217.101645,26399.962126,26784.724493
2024-03-07 06:00:00,26387.475985,26758.095104,26159.348994,26590.719986,27371.005345
2024-03-07 07:00:00,26541.186752,26941.516853,26392.520473,26572.285284,21900.486581
2024-03-07 08:00:00,26561.393768,26823.909767,26426.484346,26660.206533,36192.234455
2024-03-07 09:00:00,26674.536147,26763.335836,26525.983021,26574.100618,13335.658318
2024-03-07 10:00:00,26559.124120,26971.162324,26331.030585,26763.655967,91851.342594
2024-03-07 11:00:00,26774.484054,27052.004005,26537.626844,26845.812968,27049.417273
2024-03-07 12:00:00,26878.736768,27057.540622,26638.657870,26882.940779,29256.955618
2024-03-07 13:00:00,26913.531342,27011.864137,26507.091157,26622.658721,43799.576456
2024-03-07 14:00:00,26617.592940,26866.023094,26150.085405,26478.534482,100690.732665
2024-03-07 15:00:00,26447.123390,26774.615530,26300.238174,26600.042671,95316.381790
2024-03-07 16:00:00,26572.048170,26829.096586,26281.352907,26517.826870,137276.862246
2024-03-07 17:00:00,26555.703787,26697.994375,26275.115568,26460.362052,43869.514731
2024-03-07 18:00:00,26459.362442,26512.492761,26384.467154,26449.646802,6199.227170
2024-03-07 19:00:00,26448.286343,26964.188907,26402.074837,26907.168992,64649.573951
2024-03-07 20:00:00,26942.262547,27315.491187,26712.873291,27110.801468,70616.379136
2024-03-07 21:00:00,27105.029366,27358.928956,26840.761997,27047.628911,46585.665238
2024-03-07 22:00:00,27073.207298,27529.759238,26961.775350,27284.976780,64795.705264
2024-03-07 23:00:00,27302.415060,27597.842195,27216.666435,27433.570999,17087.684034
2024-03-08 00:00:00,27434.528673,27563.795848,27275.450059,27451.509693,75194.005410
2024-03-08 01:00:00,27438.436484,27758.459411,27209.691684,27601.485578,93063.211235
2024-03-08 02:00:00,27592.157205,27961.591880,27435.585761,27767.091568,48485.637077
2024-03-08 03:00:00,27770.853855,28013.517213,27617.119031,27821.162627,21115.098842
2024-03-08 04:00:00,27858.812284,27960.204961,27764.205184,27904.153130,10492.566410
2024-03-08 05:00:00,27906.437349,28281.248228,27742.605571,28073.828940,34366.935049
2024-03-08 06:00:00,28150.280304,28238.521116,27885.851294,27988.289872,52938.907823
2024-03-08 07:00:00,27993.101293,28476.507604,27857.504004,28171.647743,43395.433926
2024-03-08 08:00:00,28170.236263,28491.161509,27467.085242,27804.004570,140108.293987
2024-03-08 09:00:00,27797.715363,27864.770618,27292.697715,27383.517330,20196.995701
2024-03-08 10:00:00,27402.555790,27690.374327,27117.949455,27278.714138,86478.475109
2024-03-08 11:00:00,27256.717860,27605.317398,26978.822019,27160.459856,51913.837651
2024-03-08 12:00:00,27129.240776,27267.945742,26895.951344,27035.870543,44842.373720
2024-03-08 13:00:00,27034.713850,27253.035803,26831.907208,27019.897991,19809.377505
2024-03-08 14:00:00,27055.393084,27292.600059,26920.373318,27161.008946,25273.713789
2024-03-08 15:00:00,27165.659555,27544.159570,26822.553561,27259.572810,105942.097519
2024-03-08 16:00:00,27241.033192,27567.987106,27145.696155,27418.882800,23966.508524
2024-03-08 17:00:00,27430.786624,27624.863256,27201.911620,27500.344608,43829.975361
2024-03-08 18:00:00,27467.216872,27502.318902,27377.588009,27401.181814,25561.867544
2024-03-08 19:00:00,27431.831223,27738.016261,27073.736577,27300.948123,40592.330677
2024-03-08 20:00:00,27306.958789,27527.125674,27061.719609,27377.773111,40253.134971
2024-03-08 21:00:00,27414.312184,27593.986362,27332.049832,27528.929667,22358.528015
2024-03-08 22:00:00,27562.248399,27667.415346,26995.459101,27142.343413,18654.470789
2024-03-08 23:00:00,27108.957857,27727.909249,27019.675216,27560.897655,28063.641990
2024-03-09 00:00:00,27515.798707,27655.124943,27073.576896,27307.870542,69105.812881
2024-03-09 01:00:00,27295.441963,27507.475403,27219.393747,27361.843028,50784.932913
2024-03-09 02:00:00,27280.415359,27603.062591,27006.962878,27259.841667,55874.821127
2024-03-09 03:00:00,27252.447806,27421.775009,26954.785999,27090.248117,26329.122177
2024-03-09 04:00:00,27108.115672,27335.973442,26855.711037,27068.157650,18187.219546
2024-03-09 05:00:00,27067.946297,27105.793725,26938.926622,27009.737752,17366.614303
2024-03-09 06:00:00,27045.515170,27227.369607,26568.924809,26802.832817,69155.499174
2024-03-09 07:00:00,26792.380892,27099.749275,26628.396183,26839.290763,52613.010723
2024-03-09 08:00:00,26881.210115,27078.566447,26485.059189,26615.992053,88226.947793
2024-03-09 09:00:00,26632.357852,26816.819411,26210.789456,26410.665485,35292.924391
2024-03-09 10:00:00,26356.616309,26574.900074,25639.926409,25799.020727,129314.095421
2024-03-09 11:00:00,25795.181730,25958.432556,25625.396479,25718.425218,13804.652642
2024-03-09 12:00:00,25700.952957,25874.631668,25499.284954,25645.578714,40936.722331
2024-03-09 13:00:00,25666.752726,25883.559601,25503.367656,25656.691141,94311.968444
2024-03-09 14:00:00,25650.350115,25930.405706,25605.250508,25861.327351,29090.723703
2024-03-09 15:00:00,25885.314229,25983.504398,25658.952527,25838.387834,37242.665238
2024-03-09 16:00:00,25857.916988,25913.627017,25753.384283,25806.951435,24023.677771
2024-03-09 17:00:00,25823.850451,26015.068867,25331.146168,25601.858521,65359.292914
2024-03-09 18:00:00,25647.120956,25839.846758,25349.519802,25539.245161,14181.429159
2024-03-09 19:00:00,25568.855172,25827.679704,25287.290264,25637.129062,121599.225350
2024-03-09 20:00:00,25675.324574,25790.992284,25458.703774,25570.808667,36765.937573
2024-03-09 21:00:00,25584.492459,25760.347249,25519.960560,25646.450397,18065.982660
2024-03-09 22:00:00,25655.578225,25872.986472,25428.132479,25597.172389,49024.571256
2024-03-09 23:00:00,25599.259138,25686.374264,25362.605331,25524.174004,79906.470796
2024-03-10 00:00:00,25544.220751,25659.589414,25340.874871,25501.691514,107578.896730
2024-03-10 01:00:00,25486.509126,25708.794053,25328.082793,25558.437784,80906.778927
2024-03-10 02:00:00,25537.336727,25646.492853,25238.550236,25334.883436,23028.487797
2024-03-10 03:00:00,25356.680973,25470.195434,25235.843600,25365.544510,27963.964068
2024-03-10 04:00:00,25376.811575,25652.569427,24972.701072,25269.679097,47998.634652
2024-03-10 05:00:00,25298.112879,25841.076106,25044.206698,25518.705397,81585.153844
2024-03-10 06:00:00,25446.190056,25703.216006,24992.876064,25289.561709,52518.982292
2024-03-10 07:00:00,25278.451895,25451.344212,25112.858191,25249.692823,27355.145913
2024-03-10 08:00:00,25245.127819,25489.200822,25146.449421,25357.157889,18985.027667
2024-03-10 09:00:00,25410.214698,25631.333111,25331.037231,25524.224673,51263.020060
2024-03-10 10:00:00,25538.913662,25621.196384,25274.086343,25432.068288,75412.493669
2024-03-10 11:00:00,25395.107111,25811.421545,25186.558410,25597.995314,36546.919806
2024-03-10 12:00:00,25620.017474,25832.350065,25229.645877,25547.830599,61214.602700
2024-03-10 13:00:00,25541.171143,25766.623022,25166.376402,25434.302981,67584.718219
2024-03-10 14:00:00,25420.998245,25700.739313,25167.597264,25521.768550,36589.854930
2024-03-10 15:00:00,25513.054975,25568.181545,25287.550503,25331.283259,43398.093557
2024-03-10 16:00:00,25296.039525,25627.335315,25077.894412,25477.748871,36636.160701
2024-03-10 17:00:00,25464.635322,25929.673173,25395.528719,25817.922444,125427.488845
2024-03-10 18:00:00,25850.196162,26073.427984,25593.239769,25806.179644,65065.288631
2024-03-10 19:00:00,25779.312113,26107.557861,25459.074581,25718.968723,47027.784946
2024-03-10 20:00:00,25667.340313,25748.054294,25353.322801,25466.037365,89884.009155
2024-03-10 21:00:00,25450.389930,25492.911374,25383.113196,25442.341139,9922.868828
2024-03-10 22:00:00,25471.998305,25604.779941,25159.900501,25296.290533,34152.793414
2024-03-10 23:00:00,25320.677511,25592.620129,25056.444331,25299.917971,26823.104248
2024-03-11 00:00:00,25307.830967,25373.523425,25220.400854,25308.444933,28846.688454
2024-03-11 01:00:00,25300.553885,25341.959682,25296.974827,25338.231359,6377.609165
2024-03-11 02:00:00,25327.879640,25415.261405,25144.780629,25206.036944,29233.743082
2024-03-11 03:00:00,25201.976103,25459.895034,25141.119240,25300.793950,64291.911684
2024-03-11 04:00:00,25310.038923,25404.192677,25266.916762,25368.184183,24712.510096
2024-03-11 05:00:00,25367.332003,25457.281266,25234.832165,25363.616694,87098.570042
2024-03-11 06:00:00,25386.720763,25501.749231,25284.105663,25439.662242,130326.680507
2024-03-11 07:00:00,25435.651249,25601.866704,25292.239047,25530.787277,42483.044566
2024-03-11 08:00:00,25555.882080,25763.194692,25425.387079,25682.515497,107160.835028
2024-03-11 09:00:00,25689.502350,25803.919163,25571.769457,25699.236094,80649.479214
2024-03-11 10:00:00,25683.480669,25935.586236,25550.620456,25845.641894,73242.059115
2024-03-11 11:00:00,25828.890979,26070.868563,25714.710622,25949.540779,106734.096556
2024-03-11 12:00:00,25933.817221,26075.954309,25856.378119,26025.876422,54344.653012
2024-03-11 13:00:00,26001.799573,26233.184783,25931.710429,26145.202149,31510.966956
2024-03-11 14:00:00,26155.420075,26317.253856,25955.656422,26076.532562,99071.688038
2024-03-11 15:00:00,26077.424738,26195.926010,25952.449752,26065.576662,50276.573495
2024-03-11 16:00:00,26044.153318,26317.549070,25990.458787,26219.796723,137371.859646
2024-03-11 17:00:00,26218.101098,26485.657831,26146.903208,26367.513711,170421.686549
2024-03-11 18:00:00,26382.628912,26520.394101,26262.232537,26432.248232,51469.532412
2024-03-11 19:00:00,26437.099023,26562.632356,26296.929318,26405.886694,45642.233130
2024-03-11 20:00:00,26409.318598,26561.827584,26276.666181,26388.016847,61927.029662
2024-03-11 21:00:00,26389.873306,26589.880189,26262.092135,26406.604587,66225.068131
2024-03-11 22:00:00,26439.124580,26604.145713,26283.808607,26403.064246,204147.549418
2024-03-11 23:00:00,26375.628623,26545.223767,26259.150774,26460.261622,49641.248106
2024-03-12 00:00:00,26456.974784,26495.584383,26153.681917,26245.957775,84557.467283
2024-03-12 01:00:00,26251.464337,26459.294462,26138.053549,26274.604202,155623.727505
2024-03-12 02:00:00,26293.683399,26379.493235,26219.888362,26306.134801,39323.688329
2024-03-12 03:00:00,26316.393782,26362.237226,26281.347029,26323.042724,22288.522842
2024-03-12 04:00:00,26318.908267,26461.843666,26216.144176,26324.707299,80239.131945
2024-03-12 05:00:00,26320.532482,26380.893062,26110.552166,26196.276784,38327.073528
2024-03-12 06:00:00,26190.506228,26511.622788,26045.779262,26342.456365,98836.434437
2024-03-12 07:00:00,26373.428218,26413.588070,26313.810549,26384.402482,12326.650101
2024-03-12 08:00:00,26405.823392,26564.259711,26284.360452,26451.151576,30774.480063
2024-03-12 09:00:00,26443.017885,26549.030943,26364.070053,26458.176363,10955.207127
2024-03-12 10:00:00,26456.726037,26581.529192,26345.205170,26485.957437,22034.923588
2024-03-12 11:00:00,26469.100009,26627.971595,26391.034365,26571.004068,55832.041129
2024-03-12 12:00:00,26571.018676,26725.223011,26471.027642,26660.276569,44404.807091
2024-03-12 13:00:00,26671.407124,26782.400380,26557.906763,26698.402453,25990.001431
2024-03-12 14:00:00,26696.636908,26781.822275,26607.693282,26671.478652,23158.543297
2024-03-12 15:00:00,26656.759534,26723.260417,26507.358117,26583.125171,32678.089964
2024-03-12 16:00:00,26581.836207,26660.063822,26378.024002,26534.725549,39100.148704
2024-03-12 17:00:00,26520.328201,26583.896679,26397.330698,26462.463730,31437.670629
2024-03-12 18:00:00,26452.278668,26576.001144,26173.963466,26284.791218,213657.673149
2024-03-12 19:00:00,26270.631784,26395.333627,26201.887494,26322.247890,105650.264710
2024-03-12 20:00:00,26330.959850,26407.697751,26272.826773,26335.926541,28544.183374
2024-03-12 21:00:00,26313.394604,26438.970961,26176.594945,26279.519093,57879.215324
2024-03-12 22:00:00,26274.928133,26339.864820,26143.259687,26206.955230,33388.597210
2024-03-12 23:00:00,26204.200572,26332.450161,26027.464119,26141.466640,74141.562349
2024-03-13 00:00:00,26122.957051,26354.749755,25963.132796,26200.920636,160538.835436
2024-03-13 01:00:00,26181.642998,26260.663540,26029.182484,26157.076988,85422.938432
2024-03-13 02:00:00,26176.866525,26409.706969,26004.837706,26232.893337,77805.107217
2024-03-13 03:00:00,26230.241810,26302.652013,26076.895035,26183.883268,32526.400180
2024-03-13 04:00:00,26176.172436,26288.669311,26058.575128,26163.181152,21838.993196
2024-03-13 05:00:00,26190.041070,26265.168309,26102.488416,26211.355613,30702.632229
2024-03-13 06:00:00,26234.885471,26323.110684,26157.738049,26266.794577,109874.230231
2024-03-13 07:00:00,26263.964411,26508.661570,26105.413834,26359.990783,69649.225948
2024-03-13 08:00:00,26350.021890,26397.134672,26252.293116,26340.189100,23486.065397
2024-03-13 09:00:00,26337.140246,26393.564483,26227.313467,26279.972505,41900.551943
2024-03-13 10:00:00,26299.900094,26417.179193,26212.245537,26313.985220,33592.250090
2024-03-13 11:00:00,26316.875319,26382.078637,26118.907192,26261.750059,88918.811846
2024-03-13 12:00:00,26281.662544,26531.018534,26108.636446,26448.176099,107967.277604
2024-03-13 13:00:00,26475.519376,26493.551570,26325.255764,26350.001828,37375.855464
2024-03-13 14:00:00,26343.818011,26414.598943,26174.097311,26261.308457,91475.891622
2024-03-13 15:00:00,26245.972529,26349.123338,26006.425263,26091.972185,338661.888455
2024-03-13 16:00:00,26084.742104,26307.593527,25923.860615,26145.035593,73295.272347
2024-03-13 17:00:00,26154.591837,26215.724931,26115.349046,26170.774184,13330.271709
2024-03-13 18:00:00,26171.819696,26321.397539,26107.105867,26250.355306,49014.014671
2024-03-13 19:00:00,26240.443877,26417.287824,26184.889847,26295.201083,90412.840949
2024-03-13 20:00:00,26273.042250,26398.321931,26179.847371,26238.987503,39025.816161
2024-03-13 21:00:00,26218.949102,26298.214304,26004.824908,26072.366533,77035.447498
2024-03-13 22:00:00,26074.445485,26139.582115,25912.937684,26008.418163,68874.419628
2024-03-13 23:00:00,25997.397497,26119.682557,25857.083217,25952.440344,74456.251299
2024-03-14 00:00:00,25944.260115,26058.815781,25795.940803,25936.644900,87902.500072
2024-03-14 01:00:00,25954.222631,26077.980760,25871.267414,25995.483078,75456.412978
2024-03-14 02:00:00,25993.020364,26023.161175,25947.111397,25994.246480,25634.975817
2024-03-14 03:00:00,25987.974123,26136.965600,25926.007155,26093.909128,43769.269934
2024-03-14 04:00:00,26108.952993,26214.547291,25930.636264,26019.233490,79776.178207
2024-03-14 05:00:00,25989.833585,26035.000308,25837.893056,25883.358740,61877.101812
2024-03-14 06:00:00,25891.124028,26193.805007,25791.128030,26050.981929,66939.757155
2024-03-14 07:00:00,26058.081137,26211.761259,25962.767652,26091.437480,100881.441978
2024-03-14 08:00:00,26103.780462,26406.197310,25939.398182,26197.774060,109422.949054
2024-03-14 09:00:00,26218.343520,26341.356006,26025.928453,26137.995488,8656.248683
2024-03-14 10:00:00,26146.582235,26245.855473,26056.181445,26132.395968,33130.418382
2024-03-14 11:00:00,26145.236641,26213.553537,26074.705903,26118.109311,18469.767773
2024-03-14 12:00:00,26121.175520,26192.998035,25809.174216,25940.526099,36475.777157
2024-03-14 13:00:00,25956.612962,26061.261629,25877.939775,26023.019846,22084.419442
2024-03-14 14:00:00,26010.555678,26107.192043,25794.808552,25857.847805,55457.781700
2024-03-14 15:00:00,25856.013595,25905.425606,25819.709275,25858.089779,5972.501416
2024-03-14 16:00:00,25848.680866,25908.467885,25821.696185,25882.679368,5355.584492
2024-03-14 17:00:00,25868.463418,26028.780941,25688.057779,25818.851486,162108.272569
2024-03-14 18:00:00,25823.329858,25926.987570,25637.982430,25715.609091,100423.249579
2024-03-14 19:00:00,25713.304601,26010.563332,25580.084987,25860.250597,85339.650785
2024-03-14 20:00:00,25867.986534,26049.289937,25640.274434,25873.728667,47066.984002
2024-03-14 21:00:00,25879.412761,26005.896313,25843.315730,25948.100322,68859.871123
2024-03-14 22:00:00,25934.723156,26061.992430,25866.041387,25943.284755,33773.392094
2024-03-14 23:00:00,25922.934024,26105.096372,25831.480947,25961.465795,64048.405637
2024-03-15 00:00:00,25956.557196,26019.827767,25899.592689,25937.275473,13835.487550
2024-03-15 01:00:00,25914.864729,26067.584996,25662.892323,25819.549042,42093.944261
2024-03-15 02:00:00,25814.241717,25992.132672,25657.668332,25830.326796,81067.132283
2024-03-15 03:00:00,25830.582081,25901.669849,25693.836908,25740.920867,48583.958352
2024-03-15 04:00:00,25736.172009,25782.834828,25688.119906,25738.710730,8961.937871
2024-03-15 05:00:00,25783.219998,26064.100827,25756.281602,26026.059508,75106.971179
2024-03-15 06:00:00,26013.625027,26134.092200,25959.075792,26062.816927,48837.878810
2024-03-15 07:00:00,26084.835097,26244.740624,25962.344924,26150.530030,43314.557584
2024-03-15 08:00:00,26144.428238,26251.463225,26066.947297,26168.487440,32979.159723
2024-03-15 09:00:00,26193.239228,26329.303197,26102.259037,26218.296909,103138.050690
2024-03-15 10:00:00,26220.185924,26427.637590,26074.162044,26273.791124,86662.878541
2024-03-15 11:00:00,26268.051754,26343.568302,26126.735870,26167.028203,77786.659088
2024-03-15 12:00:00,26176.137835,26329.047362,26089.703435,26197.208493,46908.738110
2024-03-15 13:00:00,26195.256990,26274.972491,26132.158309,26214.763041,53217.312385
2024-03-15 14:00:00,26236.013527,26316.762978,26081.061614,26226.702159,82706.337549
2024-03-15 15:00:00,26235.226806,26417.607213,26165.584926,26322.451613,47758.684099
2024-03-15 16:00:00,26316.355127,26359.162515,26276.905137,26321.295876,11962.934512
2024-03-15 17:00:00,26312.740220,26414.394082,26257.394523,26330.062367,50910.195621
2024-03-15 18:00:00,26322.750886,26491.010451,26224.458724,26400.258530,39374.288628
2024-03-15 19:00:00,26390.571455,26564.466990,26119.740848,26333.892523,21032.561384
2024-03-15 20:00:00,26319.900925,26563.506430,26254.046861,26439.406028,53175.286894
2024-03-15 21:00:00,26446.867312,26548.063093,26406.499946,26497.015152,22652.927630
2024-03-15 22:00:00,26514.958941,26612.125624,26462.159182,26525.145516,15803.596917
2024-03-15 23:00:00,26520.966202,26714.045761,26452.952339,26601.050722,166267.889358
2024-03-16 00:00:00,26587.748022,26653.031493,26427.192845,26512.535402,16441.208643
2024-03-16 01:00:00,26511.350958,26609.003726,26156.334775,26291.190732,13846.123013
2024-03-16 02:00:00,26299.153408,26417.548877,26133.336811,26252.643906,99518.575646
2024-03-16 03:00:00,26235.240920,26342.544187,26079.971903,26223.242335,44661.793624
2024-03-16 04:00:00,26218.582746,26387.597788,26121.025427,26285.018816,40567.243151
2024-03-16 05:00:00,26290.275579,26538.693819,26179.227032,26426.026341,77277.421746
2024-03-16 06:00:00,26451.522606,26594.893048,26383.508339,26513.260147,71860.042193
2024-03-16 07:00:00,26519.109112,26632.568155,26390.141213,26512.912394,21354.503104
2024-03-16 08:00:00,26494.644192,26547.616448,26114.997669,26222.807990,104332.801827
2024-03-16 09:00:00,26209.468440,26437.067571,26023.052279,26243.264508,296962.155834
2024-03-16 10:00:00,26244.671084,26324.311464,26059.351189,26202.664914,67872.411480
2024-03-16 11:00:00,26221.806024,26398.372358,26102.618432,26219.129754,36292.377765
2024-03-16 12:00:00,26234.702934,26317.613141,26104.089524,26170.579256,36249.696959
2024-03-16 13:00:00,26163.160733,26250.208056,26047.928818,26149.117912,29856.686771
2024-03-16 14:00:00,26156.893015,26227.772911,26102.008531,26195.439036,19117.003688
2024-03-16 15:00:00,26181.455943,26470.201883,26049.976177,26290.164531,50995.954221
2024-03-16 16:00:00,26279.948399,26318.009983,26221.277634,26269.382130,12061.236917
2024-03-16 17:00:00,26286.608341,26574.034747,26180.414820,26427.295151,95117.071469
2024-03-16 18:00:00,26421.794452,26498.978077,26324.661052,26441.874498,27304.524210
2024-03-16 19:00:00,26466.524710,26659.775502,26429.993763,26627.668032,19308.748254
2024-03-16 20:00:00,26595.136539,26791.967933,26118.011495,26439.287896,39869.169406
2024-03-16 21:00:00,26441.131698,26911.553879,26050.783157,26532.579373,71413.419494
2024-03-16 22:00:00,26511.588927,26956.928255,26197.853926,26556.908491,32974.570075
2024-03-16 23:00:00,26569.167532,26694.004345,26377.290433,26576.123439,12490.969545
2024-03-17 00:00:00,26543.701522,26776.963456,25804.858280,26082.416360,52685.063607
2024-03-17 01:00:00,26064.455910,26783.893444,25615.428305,26423.655758,94962.454236
2024-03-17 02:00:00,26388.373915,26501.879662,26290.993317,26414.519297,34067.316632
2024-03-17 03:00:00,26464.168848,26641.842542,26289.309947,26459.723918,46549.927705
2024-03-17 04:00:00,26420.614260,26984.893023,26089.342636,26679.288888,92634.966990
2024-03-17 05:00:00,26665.408598,27107.722454,26547.415901,26929.013363,36520.154179
2024-03-17 06:00:00,26994.121947,27519.631872,26947.821487,27465.658183,42699.100501
2024-03-17 07:00:00,27417.519924,27590.106291,27011.785889,27189.869732,52451.609675
2024-03-17 08:00:00,27211.421532,27847.356349,26916.951421,27394.540249,62007.477495
2024-03-17 09:00:00,27415.323715,27511.430157,27082.542287,27185.875159,48239.395254
2024-03-17 10:00:00,27103.605715,27479.518879,26867.307499,27219.725251,23007.804356
2024-03-17 11:00:00,27225.446135,27668.629152,26909.625089,27267.730287,34320.222587
2024-03-17 12:00:00,27245.825892,27584.869636,26936.865777,27140.407924,62064.657140
2024-03-17 13:00:00,27138.825489,27456.901887,26905.788456,27067.618676,18885.987632
2024-03-17 14:00:00,27119.663703,27306.721381,26981.622835,27169.267157,41540.347109
2024-03-17 15:00:00,27115.829399,27632.485280,26941.642255,27253.563110,62732.047593
2024-03-17 16:00:00,27212.220402,27796.783585,26651.298861,27043.480380,89681.610619
2024-03-17 17:00:00,27040.804899,27064.801840,26337.584467,26374.385740,72892.541281
2024-03-17 18:00:00,26415.373312,26698.746111,26001.259299,26286.097189,110307.809523
2024-03-17 19:00:00,26233.578849,26615.709748,25987.274849,26234.640240,77874.617363
2024-03-17 20:00:00,26206.783999,26362.941044,26003.839421,26202.166268,44236.483059
2024-03-17 21:00:00,26111.021884,26524.615762,25989.077160,26275.799764,49550.680093
2024-03-17 22:00:00,26276.464414,26510.893174,26181.718141,26388.704113,16238.979013
2024-03-17 23:00:00,26354.443101,26778.426267,26097.334172,26403.061846,51775.764329
2024-03-18 00:00:00,26381.143768,27143.839203,26278.886470,27046.704505,75401.852406
2024-03-18 01:00:00,27011.567621,27333.255069,26293.180606,26510.625976,104581.106150
2024-03-18 02:00:00,26482.204539,26649.552516,25973.266044,26335.588920,54863.901595
2024-03-18 03:00:00,26329.988469,26581.323508,25862.783924,26250.454229,95023.787364
2024-03-18 04:00:00,26196.352358,26561.680519,25953.765983,26322.800487,26064.973031
2024-03-18 05:00:00,26362.120874,26962.875422,26095.697092,26498.315757,79979.016334
2024-03-18 06:00:00,26526.740972,26961.301826,26055.551073,26452.228584,318432.770025
2024-03-18 07:00:00,26456.427180,26610.785189,25574.737678,25869.924612,30263.572029
2024-03-18 08:00:00,25854.288280,26045.888448,25501.597963,25772.442305,18361.501032
2024-03-18 09:00:00,25812.441664,26204.619113,25637.820917,26000.086829,69204.503216
2024-03-18 10:00:00,26000.373535,26274.071209,25698.363022,26048.590256,67808.790205
2024-03-18 11:00:00,25991.046100,26336.351832,24998.436452,25274.304959,71432.552799
2024-03-18 12:00:00,25253.595116,25446.397518,24997.314244,25215.154759,72608.618916
2024-03-18 13:00:00,25209.612425,25405.817759,24915.623665,25099.919255,24119.262741
2024-03-18 14:00:00,25042.911243,25477.512075,24854.727267,25341.369077,140885.452113
2024-03-18 15:00:00,25346.748186,25769.524500,25022.152651,25465.446575,27219.842823
2024-03-18 16:00:00,25442.498178,25904.306320,25238.738702,25604.382572,189535.663983
2024-03-18 17:00:00,25567.058414,25782.549113,25141.239030,25499.066544,47784.700694
2024-03-18 18:00:00,25503.351039,25702.386314,25386.423581,25545.481058,22642.692597
2024-03-18 19:00:00,25562.418685,25892.891881,24589.942063,24896.261124,364330.348373
2024-03-18 20:00:00,24849.001365,25112.389952,24758.675470,25064.522170,60877.371053
2024-03-18 21:00:00,25054.858550,25294.848220,24725.799531,25007.477663,22355.334995
2024-03-18 22:00:00,25040.836668,25258.676946,24864.302861,25107.356338,32796.638570
2024-03-18 23:00:00,25085.535721,25335.388629,24440.894004,24583.460020,58223.492480
2024-03-19 00:00:00,24555.396576,24878.555076,24343.485031,24627.725608,21094.048258
2024-03-19 01:00:00,24585.134814,24926.625457,24163.977799,24406.012640,65567.027695
2024-03-19 02:00:00,24401.382504,24801.559841,24049.264346,24468.602158,36309.096578
2024-03-19 03:00:00,24416.197971,25084.798972,23976.654951,24589.119697,104669.797783
2024-03-19 04:00:00,24605.781058,24825.064355,23956.293022,24183.053614,64263.471593
2024-03-19 05:00:00,24197.557463,24296.450646,24008.406863,24148.829181,9409.715123
2024-03-19 06:00:00,24126.351454,24467.785650,23615.190117,24205.422084,172335.721744
2024-03-19 07:00:00,24221.049397,24405.305637,23911.084900,24060.711247,31184.654665
2024-03-19 08:00:00,24053.994396,25058.430854,23847.091538,24589.792541,68929.880615
2024-03-19 09:00:00,24569.222940,24925.941669,24214.532881,24368.535848,26407.037820
2024-03-19 10:00:00,24360.706294,24725.356334,24021.682379,24213.432305,141069.972330
2024-03-19 11:00:00,24237.067575,24500.952616,24099.104835,24371.430780,43694.132199
2024-03-19 12:00:00,24377.081886,24457.841537,24348.296694,24410.778382,8227.074824
2024-03-19 13:00:00,24424.390366,24887.813308,24110.346432,24412.147347,95117.129107
2024-03-19 14:00:00,24399.837787,24648.691939,24178.274749,24512.895205,23010.898116
2024-03-19 15:00:00,24522.194607,24764.167158,24192.518613,24358.640800,65709.840254
2024-03-19 16:00:00,24380.901134,24690.762920,24241.529259,24593.561667,36808.096106
2024-03-19 17:00:00,24586.808770,24711.811118,24395.567255,24510.894944,11321.363452
2024-03-19 18:00:00,24510.208253,24563.060320,24483.071829,24505.607316,3126.202796
2024-03-19 19:00:00,24443.217711,24980.226166,24117.106562,24609.779889,109981.771411
2024-03-19 20:00:00,24575.674197,25396.023278,24286.491497,24845.122453,100761.453014
2024-03-19 21:00:00,24885.699556,24991.714159,24545.468105,24775.080001,17121.817501
2024-03-19 22:00:00,24729.145525,24996.006250,24494.712595,24772.091029,40209.648924
2024-03-19 23:00:00,24804.754316,24974.141191,24590.208402,24817.433961,20094.877542
2024-03-20 00:00:00,24817.182879,25176.064694,24612.762558,24929.090508,48733.032144
2024-03-20 01:00:00,24887.681609,25060.626456,24631.649565,24824.186184,44644.849815
2024-03-20 02:00:00,24809.855805,25480.618581,24534.100065,25186.916406,88320.384662
2024-03-20 03:00:00,25162.557744,25627.342251,24840.409097,25463.866978,97067.620333
2024-03-20 04:00:00,25513.696928,25905.149886,25376.550711,25732.906655,19474.147050
2024-03-20 05:00:00,25744.982536,26075.171650,25479.871947,25930.094620,35076.628154
2024-03-20 06:00:00,25867.760569,25976.131244,25631.552823,25723.173775,27250.951614
2024-03-20 07:00:00,25655.562773,25979.376481,25480.285420,25634.771779,15640.084295
2024-03-20 08:00:00,25633.181042,25930.283673,25222.775801,25564.165159,49215.535035
2024-03-20 09:00:00,25572.895671,25888.888397,25565.450111,25880.952528,45915.078924
2024-03-20 10:00:00,25850.574326,26252.186163,25425.680523,25820.291993,105619.765370
2024-03-20 11:00:00,25870.864171,26233.507479,25694.949441,25956.308994,17530.134426
2024-03-20 12:00:00,25899.740459,26142.279680,25690.470043,25854.547415,51453.435758
2024-03-20 13:00:00,25834.302808,26146.409813,25647.889709,25854.911372,10260.660760
2024-03-20 14:00:00,25863.413791,25970.472258,25528.536114,25630.795161,28813.402368
2024-03-20 15:00:00,25599.029706,26067.315759,25289.041940,25508.523365,37442.776561
2024-03-20 16:00:00,25483.278045,25806.073652,25027.478853,25433.682189,24606.327412
2024-03-20 17:00:00,25478.400338,25777.526440,25186.026249,25602.727246,32053.615009
2024-03-20 18:00:00,25555.935034,26116.206648,25427.688689,25843.492143,107203.491670
2024-03-20 19:00:00,25815.875777,26238.843698,25346.640732,25791.522984,81364.266263
2024-03-20 20:00:00,25723.001824,26273.039426,25457.982603,25703.660946,61464.936899
2024-03-20 21:00:00,25722.096312,25914.808419,25234.176191,25458.808842,24329.547834
2024-03-20 22:00:00,25441.753659,25703.075458,25342.871442,25539.887304,8454.298767
2024-03-20 23:00:00,25574.421728,25685.258965,25192.246490,25428.710742,13932.669130
2024-03-21 00:00:00,25452.390959,25575.961107,25271.677842,25400.074146,54297.579180
2024-03-21 01:00:00,25389.146366,25670.071501,25129.530697,25310.582665,32810.719182
2024-03-21 02:00:00,25268.655326,25735.324839,25068.667163,25319.864899,67528.758621
2024-03-21 03:00:00,25357.079115,25768.613876,24819.561462,25228.789045,47883.712915
2024-03-21 04:00:00,25187.189084,25762.736166,25051.890980,25600.758489,30169.128395
2024-03-21 05:00:00,25549.827281,25900.452666,25365.471695,25762.554352,78256.875920
2024-03-21 06:00:00,25686.702788,25941.780084,25045.369972,25475.940455,98145.203958
2024-03-21 07:00:00,25530.019107,25808.407552,25189.641415,25523.738322,41221.707039
2024-03-21 08:00:00,25519.057541,26090.073523,25304.680078,25754.045994,29349.955631
2024-03-21 09:00:00,25718.177332,26015.627853,25245.730164,25470.667769,262522.049066
2024-03-21 10:00:00,25491.060306,25888.323212,25271.164778,25776.335228,81674.699614
2024-03-21 11:00:00,25792.486242,26132.279440,25368.816394,25727.805057,140587.530672
2024-03-21 12:00:00,25750.619724,26105.346870,25062.866506,25255.258338,33457.082887
2024-03-21 13:00:00,25261.960012,25667.860440,24428.369465,24882.109451,89042.458365
2024-03-21 14:00:00,24872.073800,24936.611972,24468.237803,24515.336530,20922.115552
2024-03-21 15:00:00,24447.697004,24885.523002,24199.828216,24571.830703,50159.178185
2024-03-21 16:00:00,24588.607170,24977.321947,24440.266081,24658.524730,110166.361265
2024-03-21 17:00:00,24607.768040,25131.443039,24479.136391,24915.041582,89662.177071
2024-03-21 18:00:00,24895.853179,25048.577440,24790.526642,24976.921105,59933.857622
2024-03-21 19:00:00,24937.455098,25296.207987,24757.334803,24937.045231,38277.418412
2024-03-21 20:00:00,24949.364895,26184.744568,24674.531882,25766.592109,152785.947037
2024-03-21 21:00:00,25757.966024,26180.544685,25489.463196,25848.685506,57648.798402
2024-03-21 22:00:00,25870.673088,26055.970443,25505.599475,25785.054928,36741.917725
2024-03-21 23:00:00,25728.107854,25972.549369,25488.604014,25685.182697,24256.187428
2024-03-22 00:00:00,25641.381815,26072.734505,25274.729509,25636.935551,41582.653670
2024-03-22 01:00:00,25605.173771,25814.229951,25359.601000,25473.409547,30308.098389
2024-03-22 02:00:00,25423.431846,25916.428274,25236.817580,25536.019188,108195.296283
2024-03-22 03:00:00,25550.284576,25750.253163,25206.620805,25379.553196,48417.032222
2024-03-22 04:00:00,25345.786186,25634.016010,25119.315362,25396.450631,13353.300710
2024-03-22 05:00:00,25296.922916,25423.652039,24959.780967,25177.594364,21275.396366
2024-03-22 06:00:00,25227.566126,25652.506351,24815.375426,25452.890266,125882.629636
2024-03-22 07:00:00,25510.466912,25725.518945,25303.386326,25542.746562,15932.292424
2024-03-22 08:00:00,25535.815876,25957.561949,24838.947803,25355.862462,135318.077222
2024-03-22 09:00:00,25432.541923,26043.102714,25153.344715,25729.771966,97147.457964
2024-03-22 10:00:00,25686.243463,25954.166466,25477.976249,25761.238948,23423.247860
2024-03-22 11:00:00,25752.923994,26085.261629,25368.543683,25605.892478,116690.735791
2024-03-22 12:00:00,25578.415010,25914.017737,25288.496537,25613.584181,35146.082862
2024-03-22 13:00:00,25628.018167,25956.282572,25508.432802,25786.788084,48757.905486
2024-03-22 14:00:00,25832.544149,26064.349070,25454.353421,25615.100572,96336.358083
2024-03-22 15:00:00,25588.006713,27061.443263,25117.948776,26548.422217,176744.381495
2024-03-22 16:00:00,26581.159747,26806.795972,26393.565882,26601.913613,33800.984568
2024-03-22 17:00:00,26590.411129,26765.830854,26072.789401,26288.979408,67683.276062
2024-03-22 18:00:00,26264.167392,26498.226649,25793.842164,26041.383582,129419.649155
2024-03-22 19:00:00,26035.288340,26374.363575,25879.375693,26175.923598,110729.403470
2024-03-22 20:00:00,26198.295573,26393.123965,26033.322931,26181.503241,49043.057600
2024-03-22 21:00:00,26205.350943,26293.000664,26027.215092,26134.285828,33867.961374
2024-03-22 22:00:00,26181.984676,26511.816826,25952.057682,26094.352571,40386.605632
2024-03-22 23:00:00,26050.995940,26156.765037,25509.031550,25662.397772,24850.523892
2024-03-23 00:00:00,25647.626056,25792.570690,25195.618071,25446.995991,53061.351118
2024-03-23 01:00:00,25424.536298,25522.236965,25240.500417,25328.976978,16900.064764
2024-03-23 02:00:00,25390.945040,25525.846051,25054.334077,25208.110010,58218.499877
2024-03-23 03:00:00,25192.339741,25369.305674,24837.550714,25110.866117,69284.003784
2024-03-23 04:00:00,25068.360147,25271.259369,24666.493705,24956.975571,56154.145346
2024-03-23 05:00:00,24906.319576,25023.195807,24573.777619,24688.215825,40334.969686
2024-03-23 06:00:00,24691.706820,25086.396979,24049.257990,24462.864124,110453.706173
2024-03-23 07:00:00,24495.607256,24705.463428,24344.419199,24525.219445,95940.274504
2024-03-23 08:00:00,24478.198074,24591.659908,24097.757918,24174.189770,85447.232706
2024-03-23 09:00:00,24224.550171,24348.457249,24112.309115,24207.856130,19492.816136
2024-03-23 10:00:00,24186.690300,24239.529316,23904.578248,23987.733565,44981.075011
2024-03-23 11:00:00,23997.659643,24393.670062,23820.486146,24205.211704,67637.126527
2024-03-23 12:00:00,24220.566040,24506.727348,23999.247572,24271.251159,71331.987687
2024-03-23 13:00:00,24229.156219,24611.166676,24082.972924,24316.345534,69795.517825
2024-03-23 14:00:00,24353.630264,24703.019839,24218.396712,24424.068310,17711.240978
2024-03-23 15:00:00,24433.374413,24605.257519,24130.125006,24272.633798,44828.789280
2024-03-23 16:00:00,24282.383967,24408.682358,23924.015197,24124.108037,31760.686400
2024-03-23 17:00:00,24079.478591,24400.684374,23831.450997,24169.075150,154281.445056
2024-03-23 18:00:00,24141.983934,24983.403274,23857.550002,24630.890710,65457.785711
2024-03-23 19:00:00,24677.951923,24889.643479,24165.175974,24628.203770,199142.267771
2024-03-23 20:00:00,24647.671487,24694.736151,24583.774191,24631.531054,7430.406738
2024-03-23 21:00:00,24613.453604,25179.441345,24431.657198,24852.795036,40427.504394
2024-03-23 22:00:00,24859.171559,25108.304449,24575.955676,24936.201081,39484.021189
2024-03-23 23:00:00,24940.578567,25239.121900,24764.998294,24914.227802,33858.283088
2024-03-24 00:00:00,24903.234660,25126.515983,24582.392412,24862.860755,48596.134828
2024-03-24 01:00:00,24872.306106,25010.532695,24706.137254,24872.774922,34737.799660
2024-03-24 02:00:00,24933.678202,25166.511093,24426.188262,24619.844835,120941.765115
2024-03-24 03:00:00,24629.700719,24967.119580,24234.823726,24419.130257,53212.963810
2024-03-24 04:00:00,24424.815542,25050.259578,23897.357397,24529.724549,127228.784245
2024-03-24 05:00:00,24524.238257,24713.617299,24018.562995,24210.224381,81850.848130
2024-03-24 06:00:00,24214.532386,24444.482080,23665.211140,23956.206784,97384.790950
2024-03-24 07:00:00,23973.107925,24116.458865,23449.109116,23676.726233,174752.486439
2024-03-24 08:00:00,23719.315123,23872.644315,23624.057112,23800.724275,32015.062146
2024-03-24 09:00:00,23774.154095,24028.178011,23288.427024,23569.569492,47644.936340
2024-03-24 10:00:00,23575.646478,23706.437013,23471.660109,23616.458963,13978.021628
2024-03-24 11:00:00,23631.800853,23787.049097,23381.101301,23620.226825,52962.436937
2024-03-24 12:00:00,23616.505974,23795.650662,23302.329357,23611.783498,119163.544151
2024-03-24 13:00:00,23598.350713,23819.069333,23245.056763,23378.300052,39127.848607
2024-03-24 14:00:00,23363.652785,23620.937339,23082.945259,23350.716217,184893.382043
2024-03-24 15:00:00,23381.563204,23833.498372,23141.475417,23688.744315,67271.629724
2024-03-24 16:00:00,23694.858975,23949.372838,23530.055134,23802.775010,17206.080008
2024-03-24 17:00:00,23784.712406,24033.006436,23671.516573,23853.519658,32735.843833
2024-03-24 18:00:00,23841.837861,24093.394043,23670.544532,23936.822281,85817.898435
2024-03-24 19:00:00,23946.260599,24095.404626,23660.992258,23819.600851,13831.538394
2024-03-24 20:00:00,23837.724585,24244.020069,23418.645074,23725.892332,48615.103958
2024-03-24 21:00:00,23686.544699,23868.859748,23549.313781,23789.158438,36470.692376
2024-03-24 22:00:00,23787.468982,24035.039668,23514.523454,23777.261566,57663.667461
2024-03-24 23:00:00,23756.350813,24035.866500,23657.877489,23907.995534,45164.790017
2024-03-25 00:00:00,23902.350340,24273.712501,23542.696917,23772.360780,99308.214425
2024-03-25 01:00:00,23785.399395,24038.614815,23454.890542,23752.734040,44135.197816
2024-03-25 02:00:00,23782.192651,23996.013313,23513.624746,23714.958852,69779.019529
2024-03-25 03:00:00,23678.024331,23956.679883,23421.277732,23736.803301,79530.110006
2024-03-25 04:00:00,23736.345337,23879.456694,23399.488305,23606.193977,61350.366312
2024-03-25 05:00:00,23571.966508,23933.810661,23470.134924,23732.884975,28175.749842
2024-03-25 06:00:00,23753.174601,24099.951765,23509.436010,23941.070617,22335.865797
2024-03-25 07:00:00,23926.253587,24258.576898,23607.437952,24070.084146,53122.833995
2024-03-25 08:00:00,24085.740907,24270.994603,23765.577435,23961.438224,25412.277910
2024-03-25 09:00:00,23968.699112,24045.442201,23465.481343,23636.614942,51830.658400
2024-03-25 10:00:00,23675.210288,24070.837628,23326.827148,23829.259800,39266.615193
2024-03-25 11:00:00,23853.854155,23932.026342,23615.107074,23674.965538,57542.504081
2024-03-25 12:00:00,23638.173514,23894.385324,23318.769326,23472.257016,68473.521208
2024-03-25 13:00:00,23442.693947,23633.705121,23149.561850,23306.056114,29160.539034
2024-03-25 14:00:00,23321.973305,23554.504454,23198.951069,23391.461405,16629.694555
2024-03-25 15:00:00,23355.332344,23686.316210,23268.149289,23474.366159,46930.004426
2024-03-25 16:00:00,23486.870108,23759.242020,23246.421125,23450.710056,43588.552649
2024-03-25 17:00:00,23430.005985,23748.036888,23180.494736,23497.770227,53286.056780
2024-03-25 18:00:00,23492.308757,23888.568005,23345.704122,23624.903433,90376.279963
2024-03-25 19:00:00,23608.617361,24002.978260,22961.295227,23330.379515,216790.458981
2024-03-25 20:00:00,23391.599593,24075.814014,23119.997803,23772.728510,187222.681633
2024-03-25 21:00:00,23733.872589,23944.645368,23642.003038,23887.810842,30214.694526
2024-03-25 22:00:00,23878.456945,23961.534321,23645.375961,23780.648234,23010.736544
2024-03-25 23:00:00,23761.179195,24118.569401,23472.212362,23734.201671,27558.774057
2024-03-26 00:00:00,23740.816296,23838.870307,23563.850713,23701.285886,15009.022870
2024-03-26 01:00:00,23697.727052,23905.674408,23264.877876,23471.018615,68440.173122
2024-03-26 02:00:00,23489.629411,23640.855604,23275.976013,23368.890847,12474.174254
2024-03-26 03:00:00,23384.640700,23581.974558,23265.465497,23398.080210,18494.148480
2024-03-26 04:00:00,23402.672542,23552.821031,23116.997250,23332.189189,38626.997275
2024-03-26 05:00:00,23342.495111,23436.691489,22942.754474,23032.730415,90388.411027
2024-03-26 06:00:00,23068.100066,23179.135840,22666.927888,22843.809802,75519.481046
2024-03-26 07:00:00,22818.693445,22938.750483,22613.452623,22725.659801,23583.396416
2024-03-26 08:00:00,22741.798683,23252.747436,22364.049692,22921.053226,56430.152057
2024-03-26 09:00:00,22890.806493,23288.251959,22292.806657,22622.537596,88689.665479
2024-03-26 10:00:00,22588.499829,22696.497457,22183.489378,22457.954796,136583.463258
2024-03-26 11:00:00,22482.371366,22586.112748,22259.370417,22344.124242,25051.575857
2024-03-26 12:00:00,22326.088615,22588.817354,21951.265226,22268.313993,73022.499737
2024-03-26 13:00:00,22274.941405,22421.293110,22150.316787,22280.639007,79278.334872
2024-03-26 14:00:00,22269.242063,22544.390377,22069.595635,22274.217834,84300.709449
2024-03-26 15:00:00,22242.715041,22569.685792,21919.794074,22264.988185,92386.873951
2024-03-26 16:00:00,22269.060419,22388.676036,21854.285710,22136.754871,80131.491996
2024-03-26 17:00:00,22111.693984,22306.526219,21814.538605,22050.628348,66896.989696
2024-03-26 18:00:00,22032.914005,22134.839769,21769.499386,21918.941375,24754.699217
2024-03-26 19:00:00,21913.621909,22074.833521,21671.502230,21878.360864,20333.810197
2024-03-26 20:00:00,21883.446519,22186.769251,21526.227694,21895.580930,25845.688802
2024-03-26 21:00:00,21894.378546,22275.630098,21638.703630,21967.381311,51447.975806
2024-03-26 22:00:00,22002.634825,22209.822947,21690.948681,22014.978482,49761.699355
2024-03-26 23:00:00,22027.683569,22188.807472,21625.454700,21830.408913,100286.405716
2024-03-27 00:00:00,21860.035515,22203.034609,21629.464926,21884.509927,29149.430152
2024-03-27 01:00:00,21903.207007,22065.316787,21536.066230,21831.418701,107695.895137
2024-03-27 02:00:00,21821.625931,22320.048262,21558.166282,21865.816112,80781.966367
2024-03-27 03:00:00,21839.413358,21976.498409,21452.345182,21813.194782,52209.104293
2024-03-27 04:00:00,21808.169919,22161.701237,21545.230055,21941.858812,71183.757493
2024-03-27 05:00:00,21957.830549,22280.492530,21870.716397,22214.934237,33239.524416
2024-03-27 06:00:00,22201.237038,22308.507216,21885.260424,22065.440830,58845.053857
2024-03-27 07:00:00,22080.438478,22181.482843,21890.236040,22029.449788,27483.413046
2024-03-27 08:00:00,21992.083086,22347.691626,21750.694439,22068.405419,121842.347270
2024-03-27 09:00:00,22034.130186,22308.766168,21771.193887,22136.509801,90125.215701
2024-03-27 10:00:00,22120.381129,22330.391559,21971.773187,22125.884711,12104.613416
2024-03-27 11:00:00,22179.395890,22488.349139,21951.396839,22227.299666,23405.539594
2024-03-27 12:00:00,22177.812268,22381.573949,22001.007783,22230.194615,28777.057847
2024-03-27 13:00:00,22223.891131,22468.488836,22083.567029,22337.199600,60003.222621
2024-03-27 14:00:00,22360.369234,22504.498963,22154.592191,22322.407812,30977.944951
2024-03-27 15:00:00,22366.142755,22544.649150,22129.631095,22266.940513,54101.856424
2024-03-27 16:00:00,22264.370646,22623.453072,22120.617261,22446.136477,24459.830054
2024-03-27 17:00:00,22445.292347,22673.203175,21996.620313,22293.394725,77616.837082
2024-03-27 18:00:00,22318.677597,22659.301264,21880.434571,22086.458746,86616.441045
2024-03-27 19:00:00,22048.645754,22245.247643,21571.409446,21831.472172,121383.830051
2024-03-27 20:00:00,21798.263745,22182.900323,21625.415363,21825.982832,62785.733410
2024-03-27 21:00:00,21873.079612,22078.941137,21380.449234,21477.200061,77985.320488
2024-03-27 22:00:00,21469.508245,21908.836887,21233.316584,21741.362083,63369.584679
2024-03-27 23:00:00,21741.029282,22192.383001,21503.768336,21880.310780,87950.411745
2024-03-28 00:00:00,21854.661240,21968.728903,21651.409866,21743.757410,8556.990907
2024-03-28 01:00:00,21779.868466,21960.968462,21570.908272,21844.083608,132878.451531
2024-03-28 02:00:00,21831.754029,22189.357319,21624.574567,21801.160158,168016.059920
2024-03-28 03:00:00,21798.643174,21923.804070,21627.559198,21787.561308,51928.434286
2024-03-28 04:00:00,21796.234648,22238.626321,21608.892856,22066.829192,35112.405016
2024-03-28 05:00:00,22101.988877,22238.455259,21903.794011,22104.130620,20712.285360
2024-03-28 06:00:00,22073.385461,22347.112238,21806.610701,21989.562496,28924.763220
2024-03-28 07:00:00,22002.720832,22189.052492,21871.557329,22067.916706,12236.357231
2024-03-28 08:00:00,22098.611319,22287.011496,21784.753483,21956.397208,44507.540061
2024-03-28 09:00:00,21975.997294,22077.943538,21770.922571,21915.059326,15589.170836
2024-03-28 10:00:00,21912.753434,22079.287167,21789.427987,21930.550788,19573.036473
2024-03-28 11:00:00,21906.476427,22074.422724,21823.051597,21979.599364,64922.381587
2024-03-28 12:00:00,21976.368016,22286.553220,21679.536697,22053.954493,135434.072234
2024-03-28 13:00:00,22047.149542,22232.533576,21937.221462,22139.563465,33211.131911
2024-03-28 14:00:00,22149.265441,22283.163635,21996.087317,22169.802647,22740.635042
2024-03-28 15:00:00,22191.782394,22306.614812,22068.823412,22200.689955,37625.788995
2024-03-28 16:00:00,22197.521883,22245.455099,22164.188186,22209.080582,22262.798220
2024-03-28 17:00:00,22188.756192,22374.106186,22026.449364,22215.985774,169705.680632
2024-03-28 18:00:00,22240.479285,22478.477794,22143.600598,22344.835855,55584.986327
2024-03-28 19:00:00,22358.983390,22603.495375,22148.677685,22496.351597,46875.115627
2024-03-28 20:00:00,22533.652604,22785.476395,22390.226954,22647.734902,68589.342891
2024-03-28 21:00:00,22657.167029,22874.567143,22531.719922,22792.219793,40795.926186
2024-03-28 22:00:00,22781.568657,22962.436639,22587.544479,22759.533481,71895.322342
2024-03-28 23:00:00,22762.276665,22850.206767,22537.422310,22666.203381,59176.295052
2024-03-29 00:00:00,22677.534088,22820.349744,22407.850256,22531.448737,77359.926608
2024-03-29 01:00:00,22541.877464,22595.232108,22367.082962,22414.811496,61303.593720
2024-03-29 02:00:00,22442.593383,22586.485648,22351.637514,22495.044167,63850.162070
2024-03-29 03:00:00,22532.976761,22667.199069,22406.896597,22579.616073,20810.612003
2024-03-29 04:00:00,22581.402198,22630.104372,22389.973793,22456.110782,84332.226664
2024-03-29 05:00:00,22479.773665,22550.991492,22397.472806,22496.279601,27237.468815
2024-03-29 06:00:00,22462.555500,22564.538531,22317.141827,22452.080487,60802.241753
2024-03-29 07:00:00,22464.801085,22541.095848,22346.760712,22483.061529,58015.352390
2024-03-29 08:00:00,22520.319835,22691.749917,22298.722448,22478.057976,78402.739154
2024-03-29 09:00:00,22481.947087,22725.829303,22386.781795,22600.238300,105991.186472
2024-03-29 10:00:00,22601.166832,22808.763271,22275.266660,22460.372207,38473.956884
2024-03-29 11:00:00,22454.471755,22520.640023,22278.390382,22401.863336,34721.634972
2024-03-29 12:00:00,22390.466934,22613.440369,22122.378207,22259.796295,86084.386315
2024-03-29 13:00:00,22259.856637,22611.623994,22194.324567,22496.432637,79440.734244
2024-03-29 14:00:00,22479.396378,22634.474170,22365.158392,22492.298902,49809.176380
2024-03-29 15:00:00,22486.282493,22588.211073,22336.921371,22490.210510,32130.528738
2024-03-29 16:00:00,22500.529680,22631.257588,22348.539856,22503.001437,39898.079493
2024-03-29 17:00:00,22506.600087,22707.976636,22323.856922,22563.113882,46666.031187
2024-03-29 18:00:00,22600.876250,22709.051073,22518.481405,22619.426757,52898.741581
2024-03-29 19:00:00,22603.207042,22910.387402,22422.163145,22719.773523,84925.721837
2024-03-29 20:00:00,22705.324551,22810.138898,22628.843154,22692.603922,104258.190796
2024-03-29 21:00:00,22726.739808,22854.020319,22498.628744,22707.807630,101477.445277
2024-03-29 22:00:00,22725.465403,22834.618749,22636.664943,22752.341078,39932.984348
2024-03-29 23:00:00,22769.517726,23132.236221,22697.028906,22991.053354,110512.464640
2024-03-30 00:00:00,23011.983234,23100.591597,22913.594154,23004.528496,15128.778450
2024-03-30 01:00:00,22987.533400,23174.084626,22869.311862,22953.840198,80783.252411
2024-03-30 02:00:00,22940.281858,23203.905726,22758.585940,22962.529077,49576.955125
2024-03-30 03:00:00,22943.365670,23038.551181,22680.424525,22860.258481,96156.326580
2024-03-30 04:00:00,22860.856885,22929.766815,22648.058261,22707.277929,33772.473350
2024-03-30 05:00:00,22712.868186,22957.942620,22568.797427,22824.466739,56158.886503
2024-03-30 06:00:00,22847.595689,23127.574739,22554.260723,22692.086915,260991.298652
2024-03-30 07:00:00,22650.082515,22954.869513,22406.966530,22743.124751,41073.216862
2024-03-30 08:00:00,22739.319074,22787.834851,22603.019290,22645.770302,33265.531139
2024-03-30 09:00:00,22655.861439,22798.593910,22462.693257,22653.982699,93227.496434
2024-03-30 10:00:00,22669.422564,22948.452972,22546.091417,22700.255683,62785.194103
2024-03-30 11:00:00,22679.603500,22706.991278,22603.812254,22636.621225,16181.591944
2024-03-30 12:00:00,22618.876225,23070.710166,22499.115366,22963.688908,203657.542664
2024-03-30 13:00:00,22956.665057,23385.544672,22823.046279,23246.883363,135910.840845
2024-03-30 14:00:00,23179.197779,23398.251888,23036.671961,23207.074938,48863.497902
2024-03-30 15:00:00,23232.138005,23503.806129,22992.834717,23255.320380,75226.871833
2024-03-30 16:00:00,23270.042333,23378.233269,23148.025652,23273.005549,7980.705864
2024-03-30 17:00:00,23299.894941,23431.214559,23031.759428,23219.849905,16976.177660
2024-03-30 18:00:00,23239.922935,23442.278199,23086.390441,23270.775353,59252.858404
2024-03-30 19:00:00,23283.474929,23340.001359,23190.140918,23240.387331,14006.212313
2024-03-30 20:00:00,23273.588936,23458.244533,23202.893353,23328.743461,15900.299775
2024-03-30 21:00:00,23322.369492,23411.731396,23080.845707,23197.423624,42063.077951
2024-03-30 22:00:00,23192.278369,23395.747415,23092.447935,23202.076474,45153.126809
2024-03-30 23:00:00,23178.423564,23299.470258,23062.917155,23193.371337,35331.957171
2024-03-31 00:00:00,23163.477392,23248.659531,23006.100146,23067.829730,23980.788136
2024-03-31 01:00:00,23073.418348,23203.558212,22991.729466,23148.019388,90362.601609
2024-03-31 02:00:00,23098.256341,23263.846004,23032.309481,23136.940245,26507.339703
2024-03-31 03:00:00,23137.631280,23234.620729,23036.153672,23140.030344,12065.641851
2024-03-31 04:00:00,23161.545103,23342.418436,23059.913970,23260.910848,54174.841392
2024-03-31 05:00:00,23273.334519,23461.828764,23195.368352,23284.206232,14991.669709
2024-03-31 06:00:00,23287.142797,23345.363303,23186.181062,23250.277154,8347.282940
2024-03-31 07:00:00,23294.018911,23497.887345,23186.995356,23365.843446,54331.123891
2024-03-31 08:00:00,23358.658075,23517.327170,23208.311764,23426.777342,36269.968487
2024-03-31 09:00:00,23423.664902,23733.658790,23279.001641,23540.860792,125154.373882
2024-03-31 10:00:00,23563.516937,23728.100007,23379.681973,23553.299364,51136.982379
2024-03-31 11:00:00,23526.321013,23731.867859,23407.608521,23528.605747,21601.472624
2024-03-31 12:00:00,23516.917507,23620.799468,23329.082885,23416.197877,30701.969352
2024-03-31 13:00:00,23406.970938,23476.175669,23312.300002,23379.196525,41126.419584
2024-03-31 14:00:00,23401.907215,23554.502002,23226.247495,23328.004347,39930.167152
2024-03-31 15:00:00,23316.741560,23463.687471,23231.291912,23355.819709,52793.459193
2024-03-31 16:00:00,23326.944830,23500.710380,23279.484792,23449.309708,27554.704722
2024-03-31 17:00:00,23467.806653,23800.772479,23343.412248,23705.645848,49543.890634
2024-03-31 18:00:00,23711.874283,23924.167837,23584.624687,23788.143331,43669.015770
2024-03-31 19:00:00,23806.896139,23864.072231,23603.371012,23732.959855,54868.868185
2024-03-31 20:00:00,23715.960156,23879.026925,23598.101650,23774.166482,33225.605705
2024-03-31 21:00:00,23785.023452,24007.951308,23718.841147,23864.881084,94521.818493
2024-03-31 22:00:00,23839.254550,24156.616665,23599.613851,23911.860997,100796.651202
2024-03-31 23:00:00,23919.114784,24012.060541,23607.459868,23699.433748,179016.334878
2024-04-01 00:00:00,23699.387969,23807.416838,23529.331698,23715.670073,54109.637077
2024-04-01 01:00:00,23706.280577,24130.123870,23541.567436,24009.219265,62588.094476
2024-04-01 02:00:00,23995.549939,24194.955133,23817.633159,24025.452773,24519.123957
2024-04-01 03:00:00,24011.870456,24277.276472,23916.648566,24187.790629,119907.812657
2024-04-01 04:00:00,24190.417282,24464.532074,24101.133746,24354.594102,65903.642595
2024-04-01 05:00:00,24373.873820,24507.705594,24222.603525,24344.039189,20608.029525
2024-04-01 06:00:00,24309.360071,24506.659813,24206.188926,24291.027895,58462.480087
2024-04-01 07:00:00,24293.764862,24585.130100,24225.907642,24427.674894,75721.958614
2024-04-01 08:00:00,24373.066166,24438.894079,24265.081842,24390.979389,15376.085876
2024-04-01 09:00:00,24424.915230,24524.732523,24271.536332,24417.935784,16050.503171
2024-04-01 10:00:00,24448.553560,24667.581484,24057.158050,24302.098946,155928.006920
2024-04-01 11:00:00,24329.779539,24533.135572,24265.200855,24450.031675,73835.300385
2024-04-01 12:00:00,24442.987294,24831.296079,24207.389748,24556.736894,86566.085302
2024-04-01 13:00:00,24549.620834,24694.643188,24411.018476,24635.588472,47233.812291
2024-04-01 14:00:00,24630.235509,24819.884948,24563.848456,24726.663888,27069.633978
2024-04-01 15:00:00,24765.086763,24852.086530,24699.027426,24818.520216,33977.524660
2024-04-01 16:00:00,24809.325554,24942.527964,24663.233687,24868.348336,11417.610046
2024-04-01 17:00:00,24837.800922,24896.795880,24782.490906,24840.231647,13259.659212
2024-04-01 18:00:00,24838.173645,25004.645343,24772.389946,24928.779560,46888.061563
2024-04-01 19:00:00,24943.165849,25200.738990,24774.061168,25098.715921,64885.148648
2024-04-01 20:00:00,25096.280958,25223.987042,24854.842165,24955.090802,92242.189944
2024-04-01 21:00:00,24921.116775,24995.985430,24775.321490,24854.683666,31636.449601
2024-04-01 22:00:00,24865.465566,25060.768600,24715.436411,24898.677804,63402.572619
2024-04-01 23:00:00,24915.156582,25083.453849,24479.529750,24591.361965,80936.701533
2024-04-02 00:00:00,24542.117042,24852.650386,24314.054043,24656.424554,131828.945018
2024-04-02 01:00:00,24665.841654,24863.526866,24574.097277,24706.812712,35696.515003
2024-04-02 02:00:00,24677.935343,24752.834370,24444.044512,24530.566077,83853.279690
2024-04-02 03:00:00,24506.650051,24741.663939,24312.238077,24426.364353,41793.984467
2024-04-02 04:00:00,24403.274984,24675.575658,24319.295526,24557.404361,26256.212531
2024-04-02 05:00:00,24575.509250,25033.641007,24278.986245,24814.255880,158729.464825
2024-04-02 06:00:00,24844.196186,24983.193510,24637.134431,24783.913078,60341.906701
2024-04-02 07:00:00,24762.785000,24834.646131,24522.223190,24600.335482,26525.709163
2024-04-02 08:00:00,24584.130237,24789.407319,24400.396417,24644.711297,31894.469257
2024-04-02 09:00:00,24676.696995,24852.767181,24374.616142,24628.184998,114575.127702
2024-04-02 10:00:00,24617.034545,24729.883577,24480.278127,24656.072374,44813.166174
2024-04-02 11:00:00,24670.719046,25051.432055,24501.969747,24921.454329,30280.050121
2024-04-02 12:00:00,24947.551911,25024.263696,24699.277085,24845.039824,72387.497485
2024-04-02 13:00:00,24827.357534,24987.616202,24687.360997,24898.604375,31631.642935
2024-04-02 14:00:00,24910.212867,25593.261445,24676.725543,25386.717476,68067.080636
2024-04-02 15:00:00,25344.917300,25568.821195,25261.375841,25522.099451,31230.081894
2024-04-02 16:00:00,25532.922628,25610.746584,25294.485448,25422.345630,39007.020893
2024-04-02 17:00:00,25433.624895,25627.577273,25290.174386,25565.248850,84633.746708
2024-04-02 18:00:00,25578.179853,25780.336416,25311.665120,25542.036249,42200.780243
2024-04-02 19:00:00,25556.583221,25802.414155,25372.284880,25650.651201,34027.021164
2024-04-02 20:00:00,25636.044125,25773.689590,25518.308134,25637.677454,35294.096844
2024-04-02 21:00:00,25630.723551,25951.819887,25453.910729,25823.334765,166812.846500
2024-04-02 22:00:00,25852.124203,26230.280406,25618.912110,25986.233029,75087.350040
2024-04-02 23:00:00,25984.684695,26380.865022,25807.672067,26244.483425,96586.518729
2024-04-03 00:00:00,26282.416749,26441.814930,26136.917372,26363.792902,59516.779356
2024-04-03 01:00:00,26388.856381,26557.385394,25901.852217,26088.430501,103166.924268
2024-04-03 02:00:00,26106.996612,26347.807590,25997.960720,26217.863029,152143.685675
2024-04-03 03:00:00,26204.766970,26539.901834,26098.345052,26333.397091,46020.038935
2024-04-03 04:00:00,26328.874545,26620.094310,26240.984317,26458.754986,26215.257911
2024-04-03 05:00:00,26499.913813,26701.659182,26350.998665,26543.188145,38266.055026
2024-04-03 06:00:00,26551.060247,26868.952621,26434.265649,26685.222836,30369.260755
2024-04-03 07:00:00,26683.670003,26908.477945,26399.325166,26561.996580,87884.906526
2024-04-03 08:00:00,26563.648396,26663.310940,26130.450593,26259.870163,46529.638052
2024-04-03 09:00:00,26272.587102,26493.041408,26048.883186,26333.628850,33636.899793
2024-04-03 10:00:00,26343.764314,26678.156904,26154.182975,26408.119857,67270.623417
2024-04-03 11:00:00,26380.480874,26768.749860,26229.689072,26607.808521,39765.867239
2024-04-03 12:00:00,26595.282249,26773.173503,26173.563421,26442.776179,91308.328263
2024-04-03 13:00:00,26397.191788,26778.482126,26245.946170,26588.603922,95108.955969
2024-04-03 14:00:00,26591.487139,26789.416925,26327.218687,26414.027749,62141.383108
2024-04-03 15:00:00,26446.945279,26706.449471,26009.069143,26262.673251,60606.926211
2024-04-03 16:00:00,26192.805578,26676.455757,25966.762920,26517.003568,60580.819734
2024-04-03 17:00:00,26506.678467,26688.032358,26169.446488,26327.288304,40030.968375
2024-04-03 18:00:00,26316.101833,26605.187656,26120.352109,26356.195734,37184.208690
2024-04-03 19:00:00,26367.594106,26566.783385,26050.331705,26359.523881,89300.289997
2024-04-03 20:00:00,26391.384712,26573.655758,26077.379707,26384.767893,95731.817336
2024-04-03 21:00:00,26395.723533,26566.458575,25885.993397,26240.369914,29346.602135
2024-04-03 22:00:00,26279.714168,26655.679251,25955.050837,26360.070229,37445.850040
2024-04-03 23:00:00,26320.297687,26505.112533,26220.826523,26436.803845,10934.278355
2024-04-04 00:00:00,26452.387338,26883.572339,26277.826479,26744.067284,39407.130867
2024-04-04 01:00:00,26746.806109,27134.965924,26520.244270,27033.882817,112058.491673
2024-04-04 02:00:00,27045.785477,27262.063298,26658.109306,27004.225273,50643.887621
2024-04-04 03:00:00,26977.565017,27105.763219,26638.746321,26761.221826,151759.374869
2024-04-04 04:00:00,26816.997639,26969.046295,26714.131164,26859.231971,18348.183666
2024-04-04 05:00:00,26884.389875,27156.419476,26604.941390,26748.773458,152137.529882
2024-04-04 06:00:00,26730.093089,27057.907153,26446.438980,26880.289145,195026.077888
2024-04-04 07:00:00,26833.198701,27041.769545,26704.928066,26920.160461,15331.301492
2024-04-04 08:00:00,26934.067591,27145.287211,26542.250748,26811.374502,37024.883155
2024-04-04 09:00:00,26781.135448,27034.658385,26739.830356,26967.393229,12195.566446
2024-04-04 10:00:00,26946.505309,27216.866748,26718.806849,26834.169968,65829.315008
2024-04-04 11:00:00,26823.063455,26955.421732,26629.947740,26761.808706,21240.381544
2024-04-04 12:00:00,26713.916066,26988.479956,26514.159654,26764.650340,70529.886769
2024-04-04 13:00:00,26794.893922,26891.493929,26235.033507,26382.980439,43386.052542
2024-04-04 14:00:00,26375.659401,26479.798709,25918.874221,26032.813669,20494.232717
2024-04-04 15:00:00,26072.591543,26585.765194,25789.766377,26249.615368,68435.164407
2024-04-04 16:00:00,26226.806383,26545.769495,25970.485717,26307.061070,25030.518209
2024-04-04 17:00:00,26311.899120,26418.080108,26227.363302,26352.849546,20854.646171
2024-04-04 18:00:00,26366.060812,26619.860236,26157.275158,26340.027061,47571.275474
2024-04-04 19:00:00,26303.505347,26480.198973,26085.664224,26259.224815,42932.324353
2024-04-04 20:00:00,26270.191776,26429.722381,25504.949247,25774.763829,84234.012140
2024-04-04 21:00:00,25746.892856,25995.469486,24992.782098,25367.863306,138218.638957
2024-04-04 22:00:00,25383.716088,25576.768973,25203.086056,25448.103768,34934.621267
2024-04-04 23:00:00,25435.864736,25708.265149,25358.241271,25560.951203,33636.002239
2024-04-05 00:00:00,25550.594460,25746.490305,25495.341893,25684.114791,39531.865466
2024-04-05 01:00:00,25698.158345,25801.051723,25567.241330,25667.430839,9709.674586
2024-04-05 02:00:00,25696.623487,26126.974524,25579.014788,26020.027250,30362.573362
2024-04-05 03:00:00,26022.239654,26308.535227,25879.295239,26118.701243,34968.401099
2024-04-05 04:00:00,26089.009913,26250.370059,25844.352415,26117.844419,49931.889754
2024-04-05 05:00:00,26120.888280,26296.042652,25910.065707,26168.029612,45765.634307
2024-04-05 06:00:00,26147.861239,26670.993321,25948.096960,26462.615787,133892.917157
2024-04-05 07:00:00,26508.766885,26751.551855,26329.011741,26616.411081,106550.400846
2024-04-05 08:00:00,26648.068651,26898.948558,26482.065021,26744.216160,35472.056185
2024-04-05 09:00:00,26749.931376,27254.752143,26501.305426,26963.835078,89958.189214
2024-04-05 10:00:00,26962.085049,27197.416821,26766.128083,26917.414221,74727.085386
2024-04-05 11:00:00,26870.278625,27387.520425,26697.742314,27075.213693,152639.602862
2024-04-05 12:00:00,27053.229689,27225.450191,26884.391241,26998.848766,73829.989894
2024-04-05 13:00:00,26991.234907,27214.460169,26737.693105,26874.292196,54107.942149
2024-04-05 14:00:00,26837.578187,27128.146227,26756.972606,26998.928112,32256.561619
2024-04-05 15:00:00,26959.463743,27053.155152,26833.765039,26958.994697,18282.079025
2024-04-05 16:00:00,26966.262750,27673.303526,26764.281326,27360.192933,93016.721674
2024-04-05 17:00:00,27346.785809,27579.091967,26923.058057,27175.418108,49969.371299
2024-04-05 18:00:00,27082.303439,27266.573542,26885.494324,27013.504835,12054.556807
2024-04-05 19:00:00,27037.998595,27202.239752,26728.450912,26964.793250,28592.575234
2024-04-05 20:00:00,26924.496476,27335.826843,26875.741022,27265.886972,67387.496001
2024-04-05 21:00:00,27254.167132,27613.652263,26997.976245,27440.033637,50265.926517
2024-04-05 22:00:00,27433.293351,27613.856987,27245.118619,27424.114108,44279.316118
2024-04-05 23:00:00,27391.000221,27682.255454,26959.363618,27185.536909,32151.490063
2024-04-06 00:00:00,27241.894213,27324.005567,27024.498361,27181.270384,11589.448335
2024-04-06 01:00:00,27204.549887,27286.373537,26832.507375,26910.092797,27783.129978
2024-04-06 02:00:00,26889.068677,27199.297215,26647.589610,27000.847005,61001.323601
2024-04-06 03:00:00,26994.254482,27180.411860,26931.086574,27084.263876,54258.561306
2024-04-06 04:00:00,27118.955144,27257.840894,26865.280358,27097.174915,22149.460030
2024-04-06 05:00:00,27070.852211,27234.987473,26879.749174,26994.785565,51068.968593
2024-04-06 06:00:00,26949.099625,27112.315718,26611.799521,26746.069771,60899.577786
2024-04-06 07:00:00,26785.843511,27021.139487,26514.926478,26689.201767,98893.788384
2024-04-06 08:00:00,26632.337169,26789.982029,26416.186202,26516.875258,45722.803060
2024-04-06 09:00:00,26514.822501,26788.226946,26328.303129,26493.501366,27639.779565
2024-04-06 10:00:00,26484.673626,26636.816092,26316.005493,26435.901461,33547.957419
2024-04-06 11:00:00,26389.054504,26877.401920,26084.530957,26558.910382,138003.638058
2024-04-06 12:00:00,26573.619508,26588.773751,26508.342436,26520.461436,16279.062951
2024-04-06 13:00:00,26519.240573,26664.225815,26268.485239,26338.303546,23254.116283
2024-04-06 14:00:00,26319.329393,26513.852189,25964.991100,26190.327837,97701.678735
2024-04-06 15:00:00,26159.522894,26406.588765,25911.346737,26214.899539,72418.302008
2024-04-06 16:00:00,26189.576225,26317.631808,26135.378645,26231.752652,31616.821019
2024-04-06 17:00:00,26242.365313,26452.855717,26145.018632,26321.416283,29521.090912
2024-04-06 18:00:00,26317.836389,26528.163718,26146.931271,26294.167053,124250.066121
2024-04-06 19:00:00,26296.231242,26427.507238,26188.261449,26257.825853,17986.971356
2024-04-06 20:00:00,26278.063491,26478.914647,25916.241174,26083.598874,25997.389599
2024-04-06 21:00:00,26101.012387,26323.653796,25948.589213,26122.376048,48354.985928
2024-04-06 22:00:00,26083.553540,26316.489360,25482.022370,25798.878027,108885.894597
2024-04-06 23:00:00,25748.431138,26048.491092,25515.479205,25675.689423,48346.380325
2024-04-07 00:00:00,25679.862833,25854.911452,25547.761853,25694.383835,26482.127758
2024-04-07 01:00:00,25696.407576,25869.389028,25450.885247,25630.385733,92185.105258
2024-04-07 02:00:00,25600.316850,25906.436973,25279.526401,25436.479704,173299.326391
2024-04-07 03:00:00,25423.911511,25699.608747,25249.111869,25434.446763,30989.716796
2024-04-07 04:00:00,25427.017731,25646.654319,25211.044783,25381.036101,34541.769763
2024-04-07 05:00:00,25370.836787,25605.063786,25093.565257,25300.593592,59580.652336
2024-04-07 06:00:00,25292.090535,25408.730222,25153.939550,25307.725001,34345.476270
2024-04-07 07:00:00,25298.279146,25553.162942,24872.194554,25124.966600,160372.543896
2024-04-07 08:00:00,25070.392389,25329.927034,24846.027696,25017.024568,33659.683527
2024-04-07 09:00:00,24999.115204,25102.127340,24593.153529,24805.410383,65435.270430
2024-04-07 10:00:00,24798.626882,25046.535088,24583.400872,24922.082014,35252.632296
2024-04-07 11:00:00,24904.371169,24988.094464,24815.266422,24905.278608,29980.375581
2024-04-07 12:00:00,24873.957883,24955.565082,24767.759320,24841.596091,35854.900414
2024-04-07 13:00:00,24844.431358,25047.652031,24715.156183,24927.877622,44807.711259
2024-04-07 14:00:00,24909.718894,25191.782804,24704.357195,24990.593459,23004.610188
2024-04-07 15:00:00,25060.884870,25243.389995,24862.672211,25097.474048,48881.963951
2024-04-07 16:00:00,25100.931357,25241.481562,24744.567855,24920.583565,28606.487503
2024-04-07 17:00:00,24920.125290,25585.935258,24655.263539,25446.103383,61550.065357
2024-04-07 18:00:00,25463.577480,25625.471277,25148.214773,25351.118208,86374.277440
2024-04-07 19:00:00,25309.366609,25418.787891,24723.744034,24842.199451,112784.580628
2024-04-07 20:00:00,24852.988440,25550.195721,24553.267856,25263.169625,55739.759012
2024-04-07 21:00:00,25236.599959,25365.547206,24774.847764,25049.554285,71757.996943
2024-04-07 22:00:00,25077.458519,25314.086888,24898.416782,25026.114584,32099.113511
2024-04-07 23:00:00,25017.552686,25254.908114,24950.153115,25082.740633,17155.759042
2024-04-08 00:00:00,25135.891363,25314.474645,24957.564000,25089.303409,57280.473201
2024-04-08 01:00:00,25055.105008,25160.259608,24693.974550,24925.616633,72328.452135
2024-04-08 02:00:00,24899.995260,25104.003061,24527.705838,24695.079999,67216.530853
2024-04-08 03:00:00,24684.890381,24902.777953,24572.053635,24797.833209,65800.492540
2024-04-08 04:00:00,24760.519983,25240.089323,24449.689606,24869.491798,98750.406250
2024-04-08 05:00:00,24883.346375,25073.756135,24390.565367,24583.403248,95255.426488
2024-04-08 06:00:00,24560.536891,24686.974482,24257.500805,24390.762143,64691.071284
2024-04-08 07:00:00,24422.784234,24547.539929,24320.343135,24473.818931,44231.155628
2024-04-08 08:00:00,24489.180668,24980.785735,24307.057577,24615.106345,79367.501745
2024-04-08 09:00:00,24621.887274,24855.476133,24298.908425,24572.232917,16188.370913
2024-04-08 10:00:00,24619.662296,24844.827150,24483.154624,24610.476942,10899.273640
2024-04-08 11:00:00,24567.818431,24702.131657,24336.546289,24500.165289,47255.298174
2024-04-08 12:00:00,24529.343219,24757.777552,24372.617376,24651.017650,59030.705147
2024-04-08 13:00:00,24640.965582,24822.967657,24412.860634,24518.380883,77501.559021
2024-04-08 14:00:00,24502.633403,25038.247755,24309.910057,24763.008537,231586.483557
2024-04-08 15:00:00,24776.790690,24966.977495,24591.219605,24752.959759,43842.741106
2024-04-08 16:00:00,24722.586049,24822.371797,24367.283421,24507.162110,45518.538664
2024-04-08 17:00:00,24509.979799,24824.202330,24376.587074,24595.261416,25175.021515
2024-04-08 18:00:00,24643.065712,24781.875984,24177.763900,24439.878844,101654.065617
2024-04-08 19:00:00,24420.501532,24716.575379,24334.368966,24637.068628,40205.381422
2024-04-08 20:00:00,24661.215166,24779.882945,24391.468648,24546.673831,32915.322431
2024-04-08 21:00:00,24575.193784,24638.326972,24486.664609,24517.662476,17807.907471
2024-04-08 22:00:00,24510.124367,24715.523982,24293.299876,24563.273683,41803.516732
2024-04-08 23:00:00,24552.884256,24676.160797,24350.252649,24477.779054,39258.354449
2024-04-09 00:00:00,24494.205447,24577.405302,24304.212693,24389.046068,20468.809853
2024-04-09 01:00:00,24376.133586,24502.402501,24272.152278,24340.097452,17607.582812
2024-04-09 02:00:00,24300.683746,24458.159914,24162.330428,24338.556050,35082.698145
2024-04-09 03:00:00,24379.691018,24566.611444,23869.425565,23984.857036,98070.997144
2024-04-09 04:00:00,23989.944928,24040.877389,23923.616721,23983.873733,27875.182045
2024-04-09 05:00:00,23975.904619,24050.509516,23840.049911,23910.301452,54879.514963
2024-04-09 06:00:00,23889.628162,23942.452801,23767.972879,23863.770013,14220.272609
2024-04-09 07:00:00,23878.091012,23933.237912,23734.976683,23814.160424,28364.661106
2024-04-09 08:00:00,23821.518982,24197.632345,23744.094547,24044.387148,62314.865197
2024-04-09 09:00:00,24011.293216,24115.421779,23861.007746,23966.001958,63862.189883
2024-04-09 10:00:00,23966.071039,23996.151242,23935.130796,23979.471006,68639.366540
2024-04-09 11:00:00,23964.226492,24043.911293,23820.911227,23875.330842,49906.258027
2024-04-09 12:00:00,23850.676736,23962.903013,23806.069599,23903.760872,42022.182200
2024-04-09 13:00:00,23912.203692,23977.644393,23843.309031,23898.873572,23066.182901
2024-04-09 14:00:00,23915.624709,23987.733262,23882.106673,23949.993519,20020.310667
2024-04-09 15:00:00,23931.073291,23964.240185,23796.746194,23827.409016,16926.315476
2024-04-09 16:00:00,23826.665408,23916.275061,23777.646193,23872.588290,24389.251158
2024-04-09 17:00:00,23863.737329,23957.710039,23815.297898,23876.050686,66572.994651
2024-04-09 18:00:00,23875.012993,24032.590737,23819.581667,23917.371870,78411.947157
2024-04-09 19:00:00,23895.932141,24106.031611,23814.330808,24035.089847,58342.369998
2024-04-09 20:00:00,24036.455383,24110.512123,23980.115930,24045.225422,55512.184703
2024-04-09 21:00:00,24057.651006,24204.852449,23977.177520,24120.724054,26837.377479
2024-04-09 22:00:00,24129.128977,24312.178616,24051.916872,24256.504564,38448.766945
2024-04-09 23:00:00,24281.279503,24388.382065,24241.370394,24327.647861,45393.600593
2024-04-10 00:00:00,24331.582875,24437.923145,24264.781449,24384.811937,43965.217262
2024-04-10 01:00:00,24390.851083,24481.001813,24274.259326,24369.452878,35215.178530
2024-04-10 02:00:00,24371.883649,24503.928465,24295.120705,24381.588182,164291.495412
2024-04-10 03:00:00,24403.155247,24605.149011,24289.408544,24466.218282,73746.592354
2024-04-10 04:00:00,24466.177252,24568.075216,24414.306244,24493.644752,29303.878125
2024-04-10 05:00:00,24500.439240,24641.133204,24273.285264,24450.172938,105799.439993
2024-04-10 06:00:00,24442.991049,24520.981358,24386.758218,24460.468961,21733.215069
2024-04-10 07:00:00,24445.951187,24552.349871,24380.534623,24429.747456,63578.191598
2024-04-10 08:00:00,24436.769312,24538.504471,24272.364030,24388.515477,26128.616572
2024-04-10 09:00:00,24391.681936,24541.751061,24340.666387,24477.912330,27016.215930
2024-04-10 10:00:00,24447.913236,24657.747008,24310.251530,24506.457227,223434.912705
2024-04-10 11:00:00,24522.408078,24602.650330,24439.739191,24516.201854,37423.019459
2024-04-10 12:00:00,24509.476612,24671.402908,24393.260724,24525.394939,57310.309813
2024-04-10 13:00:00,24537.668245,24593.943393,24460.642157,24521.710854,32259.823243
2024-04-10 14:00:00,24499.831966,24712.404150,24332.112932,24550.800240,41269.936479
2024-04-10 15:00:00,24543.653887,24643.338799,24476.366932,24562.620783,20576.184736
2024-04-10 16:00:00,24580.282624,24692.451344,24542.609998,24622.846802,28995.959696
2024-04-10 17:00:00,24637.642266,24740.425852,24554.095658,24644.872187,14686.322084
2024-04-10 18:00:00,24618.430198,24690.592046,24456.743967,24521.038344,31766.958012
2024-04-10 19:00:00,24534.457162,24654.259449,24374.814194,24539.376529,101564.952498
2024-04-10 20:00:00,24551.703165,24713.819157,24449.873203,24608.850534,14340.195106
2024-04-10 21:00:00,24627.030111,24707.676219,24480.892568,24643.793876,139202.325200
2024-04-10 22:00:00,24647.174113,24798.279209,24576.775551,24708.570750,57020.779031
2024-04-10 23:00:00,24704.224208,24848.449698,24628.098872,24750.439923,76524.616266
2024-04-11 00:00:00,24747.611821,24806.011828,24595.537786,24676.944056,75399.233634
2024-04-11 01:00:00,24675.754128,24893.534456,24522.756856,24729.123303,116942.345189
2024-04-11 02:00:00,24718.453957,24933.411940,24556.567359,24768.845098,37909.211344
2024-04-11 03:00:00,24745.977663,24819.825888,24590.572046,24654.153279,67117.157742
2024-04-11 04:00:00,24684.389080,24866.430636,24498.164509,24694.909972,58650.836388
2024-04-11 05:00:00,24695.449443,24747.887108,24600.790460,24656.188832,62000.640058
2024-04-11 06:00:00,24649.776941,24677.439873,24596.766842,24648.906461,10973.037769
2024-04-11 07:00:00,24663.483315,24793.084642,24519.939223,24655.188830,119747.613918
2024-04-11 08:00:00,24666.860477,24716.102256,24523.596146,24605.419442,45985.653473
2024-04-11 09:00:00,24611.167968,24723.158088,24348.092162,24469.759602,115362.916146
2024-04-11 10:00:00,24478.042138,24561.332406,24428.151511,24482.315220,63977.128528
2024-04-11 11:00:00,24504.648228,24567.255752,24415.018619,24468.661612,41959.315212
2024-04-11 12:00:00,24429.058279,24657.672688,24371.007653,24562.089932,87740.031464
2024-04-11 13:00:00,24546.361481,24631.592767,24435.856088,24551.039859,29273.835693
2024-04-11 14:00:00,24526.765082,24639.421483,24273.015966,24456.225130,40596.397910
2024-04-11 15:00:00,24462.918062,24581.750092,24410.869181,24530.150414,19224.353274
2024-04-11 16:00:00,24538.167079,24575.121263,24497.926906,24536.860164,63989.213573
2024-04-11 17:00:00,24534.138960,24639.529822,24153.306580,24273.857155,128476.235188
2024-04-11 18:00:00,24275.903869,24353.997293,24218.347676,24311.521517,9662.190943
2024-04-11 19:00:00,24318.873543,24407.803678,24254.975551,24344.666695,18128.205711
2024-04-11 20:00:00,24321.829085,24408.970965,24274.760800,24355.945030,34800.335876
2024-04-11 21:00:00,24356.200983,24442.453743,24279.075489,24360.087731,78551.667731
2024-04-11 22:00:00,24342.936895,24529.879456,24289.299601,24420.763091,53358.225731
2024-04-11 23:00:00,24401.929196,24554.520680,24345.657155,24476.597192,33491.971561
2024-04-12 00:00:00,24455.450107,24541.011588,24392.171786,24443.261092,13614.409298
2024-04-12 01:00:00,24444.771030,24562.569307,24298.838886,24360.373184,74294.740956
2024-04-12 02:00:00,24360.220853,24490.982702,24282.595215,24400.048437,30971.677568
2024-04-12 03:00:00,24383.121931,24494.657758,24301.675844,24359.249668,26516.151059
2024-04-12 04:00:00,24398.443267,24478.010250,24276.534657,24346.861923,69157.168434
2024-04-12 05:00:00,24341.905204,24445.051850,24157.344227,24249.082107,70832.276889
2024-04-12 06:00:00,24246.646462,24271.446968,24208.622351,24232.433634,11210.789596
2024-04-12 07:00:00,24227.574625,24284.735107,24088.354913,24175.968543,28716.034682
2024-04-12 08:00:00,24172.767825,24292.098609,24103.524968,24179.673173,27894.806589
2024-04-12 09:00:00,24189.157401,24238.288125,24053.156729,24092.909399,15286.183269
2024-04-12 10:00:00,24092.698182,24241.198520,24047.274987,24191.136124,99573.758286
2024-04-12 11:00:00,24198.293178,24340.764116,24096.486685,24226.319860,22875.889749
2024-04-12 12:00:00,24232.124451,24303.461037,24208.728693,24271.681989,59046.919235
2024-04-12 13:00:00,24247.611825,24362.866687,24098.991904,24198.511860,48101.470090
2024-04-12 14:00:00,24200.002900,24298.894680,24115.918533,24204.097032,41855.048531
2024-04-12 15:00:00,24188.806271,24263.246654,24016.677361,24096.918024,93574.425468
2024-04-12 16:00:00,24090.744864,24187.506942,23979.707828,24039.490110,20946.765314
2024-04-12 17:00:00,24013.436324,24246.417470,23924.686794,24143.381272,58680.363356
2024-04-12 18:00:00,24146.354770,24230.650706,24039.884641,24105.234905,67790.898129
2024-04-12 19:00:00,24085.454994,24133.585952,23988.084759,24035.196002,50032.003919
2024-04-12 20:00:00,24025.744448,24072.917611,23953.930403,23997.493871,5634.893224
2024-04-12 21:00:00,23998.463521,24169.733355,23901.175608,23995.726305,41328.249903
2024-04-12 22:00:00,23995.206052,24072.921188,23934.476478,24014.555979,21915.840525
2024-04-12 23:00:00,24017.711029,24206.020903,23972.904106,24142.917926,57749.491221
2024-04-13 00:00:00,24177.995131,24369.881506,24072.019854,24238.877626,36124.918455
2024-04-13 01:00:00,24223.172979,24321.895727,23944.438914,24116.720366,142455.355104
2024-04-13 02:00:00,24119.859388,24197.387862,24005.516639,24095.459372,58228.207293
2024-04-13 03:00:00,24074.637487,24143.731751,23986.037733,24095.652917,71868.905745
2024-04-13 04:00:00,24119.492375,24154.689516,24103.337221,24136.037614,7360.110071
2024-04-13 05:00:00,24147.073819,24432.312194,24035.269534,24343.297424,93068.716940
2024-04-13 06:00:00,24343.303494,24496.485066,24250.438173,24397.748472,25719.385128
2024-04-13 07:00:00,24394.412906,24446.953024,24366.637842,24406.468572,20403.248900
2024-04-13 08:00:00,24405.882826,24503.504696,24363.109852,24429.806980,8664.184680
2024-04-13 09:00:00,24437.104205,24638.102736,24294.172600,24490.181571,43671.298702
2024-04-13 10:00:00,24493.824473,24588.822040,24310.518808,24387.964709,64374.457421
2024-04-13 11:00:00,24402.935173,24443.094390,24321.254674,24377.420018,59008.370155
2024-04-13 12:00:00,24387.600805,24514.667263,24232.491451,24348.634066,57291.916548
2024-04-13 13:00:00,24356.769193,24778.762333,24305.474747,24723.117230,135309.379801
2024-04-13 14:00:00,24723.210923,25022.823109,24601.140145,24955.389886,90593.941757
2024-04-13 15:00:00,24954.246195,24992.020195,24877.175535,24933.039293,34079.341303
2024-04-13 16:00:00,24928.588980,25012.994609,24840.334322,24908.963068,23759.399012
2024-04-13 17:00:00,24906.763093,25075.504000,24804.862363,24951.027810,53163.276330
2024-04-13 18:00:00,24949.328505,25079.191023,24631.585613,24784.588546,140568.680375
2024-04-13 19:00:00,24767.923968,24850.481980,24670.378009,24715.679236,62030.359411
2024-04-13 20:00:00,24728.064765,24977.647586,24630.269293,24852.104205,82213.452592
2024-04-13 21:00:00,24861.550533,24942.614433,24799.143099,24907.164447,20661.195865
2024-04-13 22:00:00,24900.253209,25017.190222,24856.490660,24980.555649,37547.349714
2024-04-13 23:00:00,24979.727058,25121.376303,24913.561174,25039.505520,44345.605176
2024-04-14 00:00:00,25041.822812,25149.773813,24970.348481,25042.860376,14059.038824
2024-04-14 01:00:00,25053.761670,25307.075946,24922.241161,25174.741440,20523.585779
2024-04-14 02:00:00,25152.405127,25317.323874,24972.935804,25152.909124,83159.353841
2024-04-14 03:00:00,25158.196443,25263.548345,25044.307833,25197.597198,28927.642515
2024-04-14 04:00:00,25200.107036,25349.312207,25105.652710,25272.606603,17145.473692
2024-04-14 05:00:00,25269.366042,25491.268779,25175.227287,25374.828330,31637.026535
2024-04-14 06:00:00,25391.461455,25511.375620,25298.262168,25420.906793,58433.730603
2024-04-14 07:00:00,25411.382759,25490.950737,25283.958859,25367.528710,44213.877483
2024-04-14 08:00:00,25374.866666,25461.169317,25341.654336,25408.233949,22814.238800
2024-04-14 09:00:00,25394.220284,25727.872488,25301.121000,25598.606876,111593.453056
2024-04-14 10:00:00,25615.441642,25709.977024,25493.582253,25539.942323,25332.904805
2024-04-14 11:00:00,25535.163906,25754.549055,25457.741825,25630.898835,165187.654981
2024-04-14 12:00:00,25620.739346,25735.713111,25483.714731,25537.980303,50641.763759
2024-04-14 13:00:00,25522.148932,25685.088456,25427.818460,25563.690502,58918.493796
2024-04-14 14:00:00,25552.548092,25680.607866,25489.462117,25554.752767,54504.026665
2024-04-14 15:00:00,25559.362620,25628.273297,25357.683321,25437.334338,52416.185504
2024-04-14 16:00:00,25418.885489,25488.192239,25190.225043,25242.225895,85769.369632
2024-04-14 17:00:00,25229.134071,25293.523197,25126.390765,25182.066738,30222.697922
2024-04-14 18:00:00,25183.867637,25383.905804,25058.395412,25193.930779,70981.068109
2024-04-14 19:00:00,25160.719191,25309.823265,25103.083873,25224.059264,141052.864091
2024-04-14 20:00:00,25225.848544,25430.097956,25100.795527,25308.868647,126733.625846
2024-04-14 21:00:00,25310.614792,25416.917635,25102.371215,25195.419812,48077.445736
2024-04-14 22:00:00,25194.492772,25284.470810,24996.496467,25108.308315,24794.078124
2024-04-14 23:00:00,25106.571691,25151.075694,24899.203839,24930.592162,85143.024487
2024-04-15 00:00:00,24933.391698,25099.265313,24802.674845,25004.822307,29326.554996
2024-04-15 01:00:00,24984.708517,25431.174057,24793.843217,25243.782264,64020.195378
2024-04-15 02:00:00,25181.926442,25463.499685,24546.001541,24938.054805,91230.029401
2024-04-15 03:00:00,24890.035739,25430.654150,24565.181340,25056.473362,63173.432976
2024-04-15 04:00:00,25017.982842,25181.423877,24636.760982,24982.078425,34859.881190
2024-04-15 05:00:00,24956.625759,25327.259412,24616.448748,24942.342604,154357.551555
2024-04-15 06:00:00,24957.127687,25263.245803,24848.211048,25174.098850,27650.892033
2024-04-15 07:00:00,25202.799785,25485.526332,24876.267985,25002.819232,33355.043196
2024-04-15 08:00:00,25027.151955,25256.377943,24336.176209,24489.726478,60122.023132
2024-04-15 09:00:00,24486.833810,24708.224134,24413.857833,24663.565871,8114.922478
2024-04-15 10:00:00,24678.911752,25116.155673,24431.122515,24950.766301,38742.576087
2024-04-15 11:00:00,24959.588152,25337.177511,24483.221841,24786.963941,63713.143344
2024-04-15 12:00:00,24771.351332,25302.876918,24316.609215,24933.324435,60020.480589
2024-04-15 13:00:00,25026.348104,25397.111520,24623.868222,25078.038052,48143.025984
2024-04-15 14:00:00,25114.491604,25344.745695,24975.268971,25170.283669,36246.660174
2024-04-15 15:00:00,25207.377642,25611.648864,25067.552325,25348.021508,57322.225093
2024-04-15 16:00:00,25380.334245,26099.473004,25093.489871,25632.927012,217856.695691
2024-04-15 17:00:00,25569.320600,25725.037897,25156.446169,25358.707777,47911.929621
2024-04-15 18:00:00,25351.000672,25969.794146,24867.691955,25618.390796,82976.569858
2024-04-15 19:00:00,25616.214018,25743.403432,25406.426470,25650.623158,28111.598385
2024-04-15 20:00:00,25573.702630,25758.631414,25138.682831,25478.999464,29917.184282
2024-04-15 21:00:00,25426.197621,25655.344423,25146.809693,25402.862901,62346.924899
2024-04-15 22:00:00,25414.887691,25656.183690,25146.520896,25337.950932,56918.932539
2024-04-15 23:00:00,25294.595058,25634.702168,24784.080146,25041.546861,57920.624390
2024-04-16 00:00:00,25137.742618,25432.714057,24901.925036,25146.372633,41102.125709
2024-04-16 01:00:00,25165.283734,25408.168537,24952.866245,25120.263248,26389.557375
2024-04-16 02:00:00,25088.215478,25509.183106,24812.006143,25324.622778,28543.835655
2024-04-16 03:00:00,25237.521332,25447.058339,24905.967125,25101.320118,80313.084078
2024-04-16 04:00:00,25160.014329,25951.063121,24992.355486,25660.596003,171589.261597
2024-04-16 05:00:00,25600.816103,25765.971651,25391.513032,25593.639672,25761.664735
2024-04-16 06:00:00,25576.087629,25706.691838,25346.654038,25569.234053,69599.522275
2024-04-16 07:00:00,25575.115062,25708.924127,25430.133909,25606.402871,41549.471950
2024-04-16 08:00:00,25604.552028,26195.282713,25381.877115,26018.135103,22909.767122
2024-04-16 09:00:00,25971.421518,26334.243540,25596.202991,25935.858522,30280.174694
2024-04-16 10:00:00,25938.791108,26058.740405,25536.608079,25662.019379,20307.974864
2024-04-16 11:00:00,25632.234747,26111.506963,25339.158229,25768.305651,53048.897057
2024-04-16 12:00:00,25795.781097,25870.040495,25742.609356,25841.630866,5215.276108
2024-04-16 13:00:00,25839.740379,26129.385961,25395.831154,25759.175596,53694.419291
2024-04-16 14:00:00,25756.257537,26864.892674,25436.321002,26597.631085,191941.891181
2024-04-16 15:00:00,26584.098967,26766.536284,26154.077546,26378.224486,40340.930904
2024-04-16 16:00:00,26392.537498,27064.324674,26101.610083,26683.245117,86730.588522
2024-04-16 17:00:00,26654.744513,26941.900201,26428.801060,26652.869628,51634.025672
2024-04-16 18:00:00,26598.598072,26865.305099,26204.637385,26378.481810,37172.724565
2024-04-16 19:00:00,26395.086531,26819.813998,26038.348630,26507.391631,115747.491885
2024-04-16 20:00:00,26491.040370,26797.973062,26080.883505,26405.558227,56041.561557
2024-04-16 21:00:00,26457.200409,26813.270295,26141.312342,26395.805841,98517.465147
2024-04-16 22:00:00,26386.837585,27138.240667,26146.573570,26892.595682,97545.228194
2024-04-16 23:00:00,26870.034856,27239.078823,26633.487925,27130.993222,39742.599489
2024-04-17 00:00:00,27180.619282,27620.085500,26871.161857,27135.505497,44477.618696
2024-04-17 01:00:00,27157.221837,27684.447797,26723.192535,27285.988996,48857.902851
2024-04-17 02:00:00,27292.801443,27645.899226,27128.240961,27429.863376,39546.366654
2024-04-17 03:00:00,27398.348211,28179.764953,27131.558901,27552.613285,77060.655834
2024-04-17 04:00:00,27499.371516,27847.155676,27097.837695,27468.785852,28761.848816
2024-04-17 05:00:00,27448.114011,27718.411538,27068.686905,27313.321886,82493.013846
2024-04-17 06:00:00,27307.039994,27603.333455,26724.350256,27147.703426,80781.321616
2024-04-17 07:00:00,27108.828896,27643.720440,26675.574807,26966.927202,67907.938414
2024-04-17 08:00:00,26992.664426,27107.183086,26821.758974,26882.703877,21643.570368
2024-04-17 09:00:00,26914.559079,27407.789163,26622.237305,27006.657346,55421.886373
2024-04-17 10:00:00,27056.876177,27426.094489,26810.674956,27235.837364,47218.165130
2024-04-17 11:00:00,27268.094346,27548.181776,26909.524291,27172.958631,23043.776277
2024-04-17 12:00:00,27178.374237,27382.882733,27047.040550,27309.433144,18947.090761
2024-04-17 13:00:00,27306.221888,27496.480424,27002.960006,27152.411582,25224.383185
2024-04-17 14:00:00,27214.014173,27623.718887,26689.106361,27001.303567,50016.588001
2024-04-17 15:00:00,26963.772373,27283.496330,26379.440873,26658.104445,76622.709536
2024-04-17 16:00:00,26628.029199,27073.696341,26276.812545,26573.715486,35653.898592
2024-04-17 17:00:00,26549.719278,26730.283331,25505.081444,25730.219963,79804.665341
2024-04-17 18:00:00,25767.902254,25970.087426,25359.060892,25625.742830,147202.229752
2024-04-17 19:00:00,25581.200785,26347.344940,25393.620225,26041.379510,71917.900424
2024-04-17 20:00:00,26100.483469,26483.708946,26033.656314,26439.620073,36867.786651
2024-04-17 21:00:00,26387.984408,26746.723411,25902.577954,26388.244600,36734.262645
2024-04-17 22:00:00,26398.568002,26758.421082,26166.351113,26335.656263,72363.098728
2024-04-17 23:00:00,26276.847282,26458.369524,25675.667773,26132.990033,34735.020640
2024-04-18 00:00:00,26116.186191,26406.673959,25817.307225,26055.810173,59503.846335
2024-04-18 01:00:00,26061.825630,26547.468989,25522.343969,25777.859414,30363.441802
2024-04-18 02:00:00,25798.284236,26113.541309,25681.537260,25918.007339,21922.785530
2024-04-18 03:00:00,25934.976594,26224.150556,25539.548913,25821.031002,58658.619116
2024-04-18 04:00:00,25763.248216,26028.572351,25631.825601,25839.539497,15018.067930
2024-04-18 05:00:00,25824.558199,26119.807514,25347.460068,25593.603569,68750.830493
2024-04-18 06:00:00,25631.147776,25897.044780,25424.116756,25584.993207,10004.874586
2024-04-18 07:00:00,25611.587081,25815.755803,25408.299235,25688.176591,38005.086010
2024-04-18 08:00:00,25625.295320,26205.882911,25467.431460,25877.659213,68100.362424
2024-04-18 09:00:00,25899.671523,26096.914343,25519.920415,25678.357889,49999.616410
2024-04-18 10:00:00,25637.608056,25831.032742,25275.345647,25441.618913,73121.191424
2024-04-18 11:00:00,25464.125493,25798.010987,24845.931529,25197.845112,59820.914008
2024-04-18 12:00:00,25234.488923,25607.920541,25068.733024,25405.352436,17428.132962
2024-04-18 13:00:00,25376.163687,25613.119223,24812.004037,25070.424316,57358.605950
2024-04-18 14:00:00,25092.574651,25352.396894,24670.525934,24916.733682,33484.946113
2024-04-18 15:00:00,24909.456747,25812.239891,24495.887467,25372.064492,113145.059355
2024-04-18 16:00:00,25371.386222,25542.610105,25051.676871,25265.906177,39494.223509
2024-04-18 17:00:00,25257.228757,25526.252488,24814.143527,25119.265988,36586.022700
2024-04-18 18:00:00,25156.338854,25403.194488,24927.089190,25089.745030,62119.334177
2024-04-18 19:00:00,25126.939696,25431.720265,24968.108299,25356.917462,19414.318505
2024-04-18 20:00:00,25382.127447,25912.212975,25087.680309,25434.216787,27735.987049
2024-04-18 21:00:00,25444.881290,25669.508978,25333.918782,25512.783805,16085.713262
2024-04-18 22:00:00,25495.955137,25737.302837,25290.759059,25576.366460,25523.406542
2024-04-18 23:00:00,25586.445722,25854.324608,25289.114881,25516.877960,24902.122947
2024-04-19 00:00:00,25481.660511,25764.971365,25269.452106,25554.677765,14329.552160
2024-04-19 01:00:00,25605.109727,26119.424826,25444.921284,25946.682291,62213.334416
2024-04-19 02:00:00,25903.895442,26067.184791,25677.355835,25845.010684,37126.468085
2024-04-19 03:00:00,25833.046988,26109.473591,25495.419279,25815.459642,68835.987070
2024-04-19 04:00:00,25833.913609,26193.088973,25513.021507,25828.702763,84462.538895
2024-04-19 05:00:00,25853.266147,26043.954271,25630.208756,25802.497133,34807.386093
2024-04-19 06:00:00,25849.150293,26194.463684,25517.782566,25999.891176,58066.080022
2024-04-19 07:00:00,26018.386483,26437.159673,25876.214672,26237.666605,61170.451928
2024-04-19 08:00:00,26240.278409,26481.208358,25785.357070,25922.181516,42932.182814
2024-04-19 09:00:00,25927.804319,26341.320633,25639.166326,26043.862099,102235.445478
2024-04-19 10:00:00,26060.870062,26500.486493,25707.322660,26319.042857,36212.674250
2024-04-19 11:00:00,26322.804425,26648.749974,26146.186616,26510.847672,27640.851278
2024-04-19 12:00:00,26575.999580,26860.507110,26171.716097,26452.795136,135216.023678
2024-04-19 13:00:00,26496.229276,26735.842196,25870.423976,26105.690403,19294.848092
2024-04-19 14:00:00,26090.697229,27025.838239,25703.994831,26528.926195,56139.761152
2024-04-19 15:00:00,26524.731162,26605.190279,26321.662100,26418.725749,26852.000777
2024-04-19 16:00:00,26457.508813,26724.725807,26255.495024,26594.981563,47193.507992
2024-04-19 17:00:00,26558.905676,27172.260683,26214.044694,26814.777293,47829.522937
2024-04-19 18:00:00,26802.314748,27179.517014,26653.673778,26929.853814,29437.527369
2024-04-19 19:00:00,26937.012604,27115.555122,26442.786833,26820.421415,44895.707423
2024-04-19 20:00:00,26793.046045,26971.181202,26297.884684,26421.858658,66153.903516
2024-04-19 21:00:00,26415.406958,27283.357014,26130.489303,27020.276139,195434.085722
2024-04-19 22:00:00,27060.972127,28088.635023,26889.758202,27693.823220,127765.400356
2024-04-19 23:00:00,27635.358344,27833.047443,27250.484216,27487.625252,44700.027644
2024-04-20 00:00:00,27481.485325,27582.305512,27211.963287,27446.570421,22859.107041
2024-04-20 01:00:00,27424.808305,27804.510930,27187.340682,27474.759321,130506.293190
2024-04-20 02:00:00,27441.756151,27833.475447,27243.784620,27688.854505,15645.891645
2024-04-20 03:00:00,27619.075798,27851.163222,27194.775842,27405.601379,21233.497567
2024-04-20 04:00:00,27379.199501,27733.440285,27244.150400,27481.062371,43116.571135
2024-04-20 05:00:00,27498.412091,27703.864709,27262.410202,27379.384883,67319.888162
2024-04-20 06:00:00,27388.031485,27757.774072,27131.825556,27510.925512,53644.140502
2024-04-20 07:00:00,27549.075033,27778.294616,27222.921164,27502.620462,42423.325657
2024-04-20 08:00:00,27492.709842,27857.203902,27427.490844,27784.664028,19471.417024
2024-04-20 09:00:00,27804.694085,28021.583084,27206.410186,27595.489649,87289.462556
2024-04-20 10:00:00,27656.323999,28119.360245,27385.557744,27940.216155,32697.296769
2024-04-20 11:00:00,27983.464469,28514.653650,27761.949007,28098.108104,31101.646098
2024-04-20 12:00:00,28136.792482,28954.258337,27836.754990,28566.262850,43994.748449
2024-04-20 13:00:00,28574.173225,29066.048589,28297.514739,28555.448028,49963.912882
2024-04-20 14:00:00,28546.004420,28931.530315,28395.316073,28781.662685,140459.480157
2024-04-20 15:00:00,28740.300336,29849.688602,28484.641030,29476.863900,128453.177466
2024-04-20 16:00:00,29487.288807,30034.372492,29349.151729,29833.562814,84477.631935
2024-04-20 17:00:00,29845.766270,30607.592586,29460.228418,30295.727276,63391.968354
2024-04-20 18:00:00,30298.493434,30779.937308,30163.840554,30629.963083,33707.125859
2024-04-20 19:00:00,30613.606375,30971.212259,28928.197994,29330.039753,212598.040312
2024-04-20 20:00:00,29348.851616,29592.907961,29126.495792,29311.879405,122657.553770
2024-04-20 21:00:00,29320.334903,29798.027529,29204.487992,29632.535704,23665.293689
2024-04-20 22:00:00,29611.689114,29881.713849,29168.578732,29431.756234,80817.925764
2024-04-20 23:00:00,29496.719498,29689.438696,29205.056767,29503.541321,76183.551909
2024-04-21 00:00:00,29458.329955,29905.978639,29186.708326,29737.460079,45199.608034
2024-04-21 01:00:00,29741.056537,30026.290776,29642.605380,29891.528071,36142.186975
2024-04-21 02:00:00,29878.160418,30203.950063,29517.080424,29940.885606,29655.593081
2024-04-21 03:00:00,29921.500452,30604.923850,29599.544821,30309.497334,86388.382047
2024-04-21 04:00:00,30265.550712,30808.324797,30108.983748,30525.758338,33235.243284
2024-04-21 05:00:00,30552.068714,30663.888990,30310.583089,30470.687403,12466.546134
2024-04-21 06:00:00,30490.106468,31075.247234,30267.616992,30794.506439,77456.066913
2024-04-21 07:00:00,30770.957181,30944.876923,30561.005065,30787.862191,34839.780166
2024-04-21 08:00:00,30829.587169,31127.417636,30320.165097,30536.234977,192002.828129
2024-04-21 09:00:00,30556.310261,30656.475796,30130.779821,30240.717758,50269.560867
2024-04-21 10:00:00,30277.517897,30472.656432,29952.828699,30262.672160,37892.622087
2024-04-21 11:00:00,30281.714698,30466.778561,30166.317643,30334.164943,41227.269779
2024-04-21 12:00:00,30362.976630,30674.924239,30173.587109,30491.993057,37392.461674
2024-04-21 13:00:00,30462.306638,30947.077399,30076.153842,30657.080949,12659.609106
2024-04-21 14:00:00,30615.740536,30903.900327,30263.993863,30530.206137,29168.775766
2024-04-21 15:00:00,30615.210671,31050.776391,30089.466708,30371.701561,69905.790159
2024-04-21 16:00:00,30318.323435,31221.356032,30162.772551,30846.932411,122881.587440
2024-04-21 17:00:00,30840.178428,31036.890035,30202.981540,30398.733850,52909.218657
2024-04-21 18:00:00,30400.054443,30750.321810,30169.748480,30433.054564,38061.783076
2024-04-21 19:00:00,30456.764876,30591.818709,30000.225308,30062.283547,119940.755747
2024-04-21 20:00:00,30017.232642,30378.438094,29428.735535,29847.656241,80920.433811
2024-04-21 21:00:00,29886.659833,30587.158253,29763.222817,30284.549341,171785.629727
2024-04-21 22:00:00,30288.748457,30553.912899,29872.841739,30096.834106,80239.234039
2024-04-21 23:00:00,30079.275703,30632.367126,29690.657411,30195.327917,90119.807229
2024-04-22 00:00:00,30207.963565,30547.000133,29953.790434,30247.990945,31025.813357
2024-04-22 01:00:00,30246.754987,30519.843125,30074.118604,30335.698008,145553.715394
2024-04-22 02:00:00,30287.090483,30501.257904,30010.876201,30298.746567,60171.945345
2024-04-22 03:00:00,30316.945519,30624.561382,30042.822051,30409.165353,52498.098354
2024-04-22 04:00:00,30316.585226,31141.240453,30012.422695,30904.246702,50640.775617
2024-04-22 05:00:00,30907.582076,31175.519361,30558.496622,30846.850814,17513.506481
2024-04-22 06:00:00,30849.227739,31400.103395,30641.404524,31176.355808,81648.635536
2024-04-22 07:00:00,31141.624507,32175.455488,30889.509448,31772.499557,82402.198718
2024-04-22 08:00:00,31751.317447,32045.583875,31352.659829,31586.086363,80889.288127
2024-04-22 09:00:00,31538.159707,31797.489841,31270.018361,31389.164771,17302.411081
2024-04-22 10:00:00,31395.004898,31598.497614,30969.622455,31316.870568,32562.678617
2024-04-22 11:00:00,31397.992176,31824.508645,30935.424255,31440.451238,59151.339004
2024-04-22 12:00:00,31400.481498,32215.701204,31043.613640,32059.918137,96945.181946
2024-04-22 13:00:00,32136.745268,32666.395118,31772.385606,32374.656072,71063.218936
2024-04-22 14:00:00,32351.804071,32472.707786,32250.843107,32329.537467,22546.020564
2024-04-22 15:00:00,32287.309098,32840.552326,32095.638526,32546.805812,30691.635887
2024-04-22 16:00:00,32537.692745,32959.529199,32121.488137,32287.002997,32801.703098
2024-04-22 17:00:00,32259.586007,32482.249717,31993.873078,32155.821297,108773.927789
2024-04-22 18:00:00,32124.091038,32480.353437,31475.911658,31997.641399,58644.251634
2024-04-22 19:00:00,32009.429470,32246.380693,31544.052865,31747.009579,27214.315776
2024-04-22 20:00:00,31838.331124,32076.822002,31625.079125,31843.638317,22783.634368
2024-04-22 21:00:00,31870.256217,32209.289797,31503.004780,31830.336265,56098.543112
2024-04-22 22:00:00,31843.766280,32043.854231,31466.133871,31840.147001,81949.477575
2024-04-22 23:00:00,31885.588927,31973.304436,31787.185770,31902.456679,18238.807587
2024-04-23 00:00:00,31792.284091,32771.158857,31610.828960,32450.950456,46694.353721
2024-04-23 01:00:00,32399.819778,32927.463195,32171.922096,32722.531713,29456.685494
2024-04-23 02:00:00,32708.416011,32876.802476,32464.731137,32648.893462,19241.584076
2024-04-23 03:00:00,32602.771659,33019.264899,32208.729569,32511.014548,56720.752842
2024-04-23 04:00:00,32475.191306,33005.839499,32062.169568,32388.776712,111369.748154
2024-04-23 05:00:00,32322.306696,32481.042802,32065.824310,32236.458294,33975.276443
2024-04-23 06:00:00,32232.464056,32453.283888,31821.989286,32115.916883,43076.248620
2024-04-23 07:00:00,32158.076553,32527.636605,31924.378975,32148.975188,64007.034140
2024-04-23 08:00:00,32119.110091,32283.238424,31818.533954,31957.465126,51876.298936
2024-04-23 09:00:00,31957.468541,32161.266985,31652.862499,31901.629579,36369.964057
2024-04-23 10:00:00,31904.419701,32411.624353,31629.813242,32085.728676,58812.681408
2024-04-23 11:00:00,32100.036053,32187.255469,31890.842905,31983.381382,20989.606360
2024-04-23 12:00:00,31936.975879,32562.968995,31644.657901,32213.444179,51707.794364
2024-04-23 13:00:00,32250.755953,32491.153877,31849.670223,32209.012010,63243.462227
2024-04-23 14:00:00,32170.890899,32602.931081,31882.276318,32287.039086,33214.221625
2024-04-23 15:00:00,32271.043451,32952.845397,32087.265346,32550.272237,52459.061525
2024-04-23 16:00:00,32578.955809,32946.569567,32407.768126,32563.493263,89247.773362
2024-04-23 17:00:00,32495.218663,32608.005935,32036.427425,32156.685003,34034.586804
2024-04-23 18:00:00,32233.189501,32441.969275,31719.978912,32128.798293,29336.350895
2024-04-23 19:00:00,32142.207903,32371.718574,31699.015896,31910.425307,33490.457082
2024-04-23 20:00:00,31908.071566,32173.465991,31443.296811,31675.415361,73441.872120
2024-04-23 21:00:00,31666.434292,32043.557680,30718.313562,31260.273467,138853.323916
2024-04-23 22:00:00,31320.109901,31831.223056,30968.511381,31467.286266,95991.081040
2024-04-23 23:00:00,31469.903681,31746.455204,31101.287243,31459.739173,19816.536381
2024-04-24 00:00:00,31521.136089,31772.585509,30689.762365,30930.760724,116893.892144
2024-04-24 01:00:00,30893.346322,31223.568184,30617.412440,31117.030191,51754.266755
2024-04-24 02:00:00,31029.071233,31264.845310,30674.903321,30937.168111,21411.441478
2024-04-24 03:00:00,30975.716367,31280.210074,30625.434056,31089.667273,44241.622505
2024-04-24 04:00:00,31090.707448,31593.439958,30835.720841,31313.404130,38455.104483
2024-04-24 05:00:00,31277.176348,31610.126742,31070.652847,31394.312369,31362.997150
2024-04-24 06:00:00,31394.212643,31770.102258,31028.730587,31261.118302,34218.917523
2024-04-24 07:00:00,31327.128623,31716.060515,30934.713654,31398.326118,68477.073198
2024-04-24 08:00:00,31418.205271,31563.626462,30966.702314,31138.765145,45195.040341
2024-04-24 09:00:00,31163.919301,31500.429204,31024.842820,31333.811917,30470.247027
2024-04-24 10:00:00,31359.060685,31571.058781,31253.122578,31368.041638,25080.006915
2024-04-24 11:00:00,31350.880530,31686.038781,30948.222380,31401.715823,30579.059443
2024-04-24 12:00:00,31438.626063,31710.299508,31091.934943,31272.811687,55145.236439
2024-04-24 13:00:00,31266.638589,31505.007217,30859.861627,31038.023376,40840.302405
2024-04-24 14:00:00,31081.668126,31234.842910,30864.226968,31077.543179,23301.688135
2024-04-24 15:00:00,31149.340250,31490.798149,31029.775921,31363.254513,14930.742424
2024-04-24 16:00:00,31343.096386,31675.175150,31168.884393,31541.898984,45082.594999
2024-04-24 17:00:00,31563.918698,32067.194206,31240.906718,31738.583316,23860.137286
2024-04-24 18:00:00,31793.143589,31989.261173,31515.757217,31862.234334,20046.802727
2024-04-24 19:00:00,31862.328574,32058.464855,31614.898753,31860.233976,23001.520372
2024-04-24 20:00:00,31869.340930,32054.117014,31345.697862,31665.480370,65387.401750
2024-04-24 21:00:00,31673.738283,31786.491151,31382.153748,31548.924337,60446.218459
2024-04-24 22:00:00,31527.635587,32198.188720,31116.774306,31728.331393,53317.794900
2024-04-24 23:00:00,31795.900759,31953.770055,31642.820686,31813.452417,37267.626941
2024-04-25 00:00:00,31829.863637,32109.940829,31398.610453,31844.817133,32967.899078
2024-04-25 01:00:00,31856.417088,32217.704483,31422.826340,31623.782720,88225.892466
2024-04-25 02:00:00,31587.323884,31798.322674,31076.655346,31428.285750,107770.592923
2024-04-25 03:00:00,31413.508548,31876.073975,31316.947174,31714.763355,48406.098559
2024-04-25 04:00:00,31597.438832,31686.934776,31469.105273,31552.965706,20610.754723
2024-04-25 05:00:00,31594.111839,32207.187809,31409.373293,32059.057183,79084.244188
2024-04-25 06:00:00,32011.745889,32179.012552,31853.979516,32083.015792,43239.946238
2024-04-25 07:00:00,32054.987146,32418.840600,31833.307067,32088.228068,133642.012656
2024-04-25 08:00:00,32073.859822,32799.718844,31697.856254,32374.425437,54659.409226
2024-04-25 09:00:00,32383.375076,32584.151607,32184.638076,32351.395842,61379.999885
2024-04-25 10:00:00,32410.112983,32688.419932,32120.483617,32438.651277,104043.427094
2024-04-25 11:00:00,32439.347220,32861.725238,32136.963191,32639.706006,74557.229276
2024-04-25 12:00:00,32634.959848,33020.812654,32439.735143,32725.806930,166514.235349
2024-04-25 13:00:00,32724.549746,32992.800033,32538.625931,32833.088347,41415.286908
2024-04-25 14:00:00,32843.217034,33176.879232,32275.626099,32588.120739,81171.904377
2024-04-25 15:00:00,32597.634598,33145.690340,32287.831180,32799.624204,178457.667546
2024-04-25 16:00:00,32771.150709,33150.520385,32218.794105,32601.913438,37095.047573
2024-04-25 17:00:00,32592.421885,32815.443068,32210.632805,32597.520113,19881.689521
2024-04-25 18:00:00,32537.413916,32949.054132,32013.955222,32666.745458,83453.690065
2024-04-25 19:00:00,32732.011376,33084.709484,32114.582291,32569.334666,87588.764200
2024-04-25 20:00:00,32585.285697,32699.749064,32096.559822,32256.709549,47344.262948
2024-04-25 21:00:00,32322.349576,32580.975242,32050.933520,32234.622396,49031.236942
2024-04-25 22:00:00,32238.610310,32365.132280,31853.798923,32082.114534,57946.156881
2024-04-25 23:00:00,32123.466718,32593.094387,31340.597852,31768.035684,94923.924245
2024-04-26 00:00:00,31770.539278,31881.879897,31421.545671,31671.913401,50605.412942
2024-04-26 01:00:00,31755.953021,31910.515067,31612.430610,31793.602005,22676.910731
2024-04-26 02:00:00,31758.685965,32161.242756,31521.186870,31952.745427,44443.125594
2024-04-26 03:00:00,31901.066728,32505.337093,31708.322624,32377.835102,23594.844041
2024-04-26 04:00:00,32420.265233,32792.764474,32082.307501,32463.785763,61625.214370
2024-04-26 05:00:00,32406.004592,32686.378232,32131.112619,32289.277493,33546.706186
2024-04-26 06:00:00,32344.346382,32562.675510,32023.757771,32179.453272,20204.925239
2024-04-26 07:00:00,32192.195721,32489.846751,31902.176448,32129.761101,37628.831638
2024-04-26 08:00:00,32151.029514,32418.125111,31684.150905,32070.010099,45351.378110
2024-04-26 09:00:00,31953.568065,32216.382409,31302.572011,31781.610010,43810.414823
2024-04-26 10:00:00,31764.793746,32172.162736,31287.093674,31548.984380,61730.305381
2024-04-26 11:00:00,31533.740611,31962.182771,31147.459478,31402.655494,64134.483094
2024-04-26 12:00:00,31444.174168,31653.119532,31260.797203,31452.367669,23387.949685
2024-04-26 13:00:00,31454.656277,31613.849206,31087.687173,31305.759943,44406.433924
2024-04-26 14:00:00,31334.462853,31741.439718,30963.579506,31435.435861,73262.568109
2024-04-26 15:00:00,31517.860549,32002.932008,31313.888145,31680.520458,74955.221218
2024-04-26 16:00:00,31726.407505,32019.211211,31547.965757,31673.511473,128022.452555
2024-04-26 17:00:00,31665.045378,32174.703018,31432.724299,32044.747136,88103.790395
2024-04-26 18:00:00,32102.049535,32679.263271,31976.941961,32421.572101,74322.823414
2024-04-26 19:00:00,32434.030822,32680.959566,32189.035245,32483.563351,30781.880907
2024-04-26 20:00:00,32422.705883,32610.493294,31925.810945,32125.843539,192288.220128
2024-04-26 21:00:00,32111.237765,32387.930587,31806.963629,32070.303842,86354.484005
2024-04-26 22:00:00,32062.363162,32260.315499,31513.173309,31732.684208,56947.345620
2024-04-26 23:00:00,31746.452990,31835.311832,31482.312936,31563.194333,18618.322471
2024-04-27 00:00:00,31531.086134,31674.428752,31240.585628,31342.813703,59276.734482
2024-04-27 01:00:00,31372.609476,31544.031321,31212.428270,31390.123852,70144.368824
2024-04-27 02:00:00,31400.382723,31573.165739,31181.970312,31456.838595,40294.578246
2024-04-27 03:00:00,31488.595012,31628.263180,30942.629319,31210.993616,108815.822541
2024-04-27 04:00:00,31240.802674,31463.434922,30989.747576,31179.201592,130890.201596
2024-04-27 05:00:00,31137.684427,31207.103109,31001.647442,31125.483124,53942.927739
2024-04-27 06:00:00,31148.512332,31426.213679,30645.656856,30905.566208,293840.627814
2024-04-27 07:00:00,30942.376342,31043.155352,30686.508965,30826.471844,27121.793889
2024-04-27 08:00:00,30860.433082,31373.654516,30667.106839,31040.403942,55916.386841
2024-04-27 09:00:00,31015.340698,31255.324628,30721.337973,30973.275526,77026.187842
2024-04-27 10:00:00,30987.168344,31125.772058,30867.578726,30946.782205,40256.156280
2024-04-27 11:00:00,30906.635185,31512.349236,30796.618475,31323.981326,111802.543049
2024-04-27 12:00:00,31329.810661,31608.660179,30953.863463,31113.729976,54995.048511
2024-04-27 13:00:00,31142.803191,31281.983969,30883.217080,31092.733462,34951.285956
2024-04-27 14:00:00,31024.959558,31189.276287,30890.982685,31093.569983,24471.778506
2024-04-27 15:00:00,31079.234460,31275.006421,30742.767620,30927.617793,47955.267135
2024-04-27 16:00:00,30940.405830,31053.213471,30740.658675,30823.534044,16308.354222
2024-04-27 17:00:00,30820.232595,31136.060443,30498.970577,30732.926130,79691.884927
2024-04-27 18:00:00,30793.146453,30996.517221,29938.328959,30087.080196,202369.856136
2024-04-27 19:00:00,30131.000530,30344.011734,29453.167063,29714.300517,45937.773824
2024-04-27 20:00:00,29701.782988,29891.873383,29491.835903,29716.721543,13704.212180
2024-04-27 21:00:00,29677.341707,29764.841483,29572.059375,29684.892676,24582.220649
2024-04-27 22:00:00,29644.655924,29906.447580,29450.134805,29754.315562,45757.780865
2024-04-27 23:00:00,29761.149495,30114.163727,29419.271406,29665.179210,71236.053313
2024-04-28 00:00:00,29667.623705,29863.143143,29443.523298,29542.861077,30167.285300
2024-04-28 01:00:00,29534.524316,29597.203723,29507.782027,29571.049799,9119.441572
2024-04-28 02:00:00,29617.487016,29861.180175,29506.573360,29687.117091,39713.869104
2024-04-28 03:00:00,29703.153906,29820.062156,29456.055190,29606.646450,80797.280102
2024-04-28 04:00:00,29558.517667,29888.110240,29361.426079,29665.215308,168416.721742
2024-04-28 05:00:00,29667.588008,29772.885873,29365.655792,29592.124091,42908.205592
2024-04-28 06:00:00,29590.220314,29695.534276,29203.008240,29370.787437,46945.202097
2024-04-28 07:00:00,29348.151976,29579.289036,29082.473001,29232.227324,71017.749340
2024-04-28 08:00:00,29179.117162,29231.952452,28948.819131,29051.472315,27683.553504
2024-04-28 09:00:00,29087.369439,29262.228434,28757.419499,29020.682664,58655.593223
2024-04-28 10:00:00,29031.461237,29318.181260,28799.192675,28931.609157,87060.384273
2024-04-28 11:00:00,28912.404226,29060.064521,28475.091344,28646.244081,49547.900397
2024-04-28 12:00:00,28613.485998,28809.619099,28540.876475,28755.127187,46571.527440
2024-04-28 13:00:00,28757.338111,28835.934278,28571.116101,28640.672040,28362.867622
2024-04-28 14:00:00,28644.989664,28846.941670,28505.066953,28711.580366,56685.766164
2024-04-28 15:00:00,28715.717504,28859.809351,28445.745240,28617.818169,61134.470729
2024-04-28 16:00:00,28578.672066,28724.858002,28276.023778,28539.007508,21464.734963
2024-04-28 17:00:00,28499.415530,28716.458275,28212.015522,28399.744705,57529.410421
2024-04-28 18:00:00,28372.920578,28580.724419,28212.518635,28425.312700,38607.272397
2024-04-28 19:00:00,28428.129779,28967.557953,28276.067792,28759.758060,96943.300697
2024-04-28 20:00:00,28796.044724,29127.691396,28684.828530,28962.824534,15909.795283
2024-04-28 21:00:00,28941.770868,29111.545988,28681.718486,28781.012296,60053.784342
2024-04-28 22:00:00,28737.332324,29062.337323,28469.174758,28845.924878,32696.623546
2024-04-28 23:00:00,28844.878229,29050.525218,28616.542789,28895.237241,48798.142283
2024-04-29 00:00:00,28914.014152,29274.214658,28688.531424,29050.599723,46383.724110
2024-04-29 01:00:00,29027.050947,29272.321930,28878.964416,29116.010003,45665.888190
2024-04-29 02:00:00,29132.979496,29647.229490,28875.100205,29445.832251,124841.525068
2024-04-29 03:00:00,29496.313079,29765.826799,29012.956725,29244.598801,100513.813031
2024-04-29 04:00:00,29273.907656,29309.129749,29072.250362,29122.386611,57090.458836
2024-04-29 05:00:00,29136.309518,29363.737717,28920.835566,29100.033440,83659.789077
2024-04-29 06:00:00,29100.436483,29241.238148,28806.112725,28904.169686,16690.063257
2024-04-29 07:00:00,28911.827991,29103.998649,28279.964451,28456.763841,135595.092067
2024-04-29 08:00:00,28430.950902,28557.626135,28095.171974,28196.884801,79550.629105
2024-04-29 09:00:00,28190.677378,28278.843678,27898.613879,28059.745646,33506.573450
2024-04-29 10:00:00,28069.008903,28180.905877,27940.758132,28059.077856,28375.363709
2024-04-29 11:00:00,28080.169270,28263.480433,27940.986048,28122.425698,126999.584710
2024-04-29 12:00:00,28132.779163,28299.205790,27698.912409,28022.631585,80881.962096
2024-04-29 13:00:00,28045.696369,28117.484282,27691.013533,27782.453618,97160.190707
2024-04-29 14:00:00,27786.407319,27943.648962,27694.880218,27844.308860,11312.912577
2024-04-29 15:00:00,27842.858994,27924.453324,27717.467854,27806.404655,8877.574991
2024-04-29 16:00:00,27808.140910,28031.741436,27635.266223,27811.389834,48306.252039
2024-04-29 17:00:00,27820.062026,28057.070012,27644.272756,27895.478739,29493.559496
2024-04-29 18:00:00,27881.774447,28052.087014,27769.422373,27892.656513,47103.915501
2024-04-29 19:00:00,27880.588065,28029.655206,27808.715885,27976.729826,18148.355979
2024-04-29 20:00:00,27956.298724,28136.237461,27719.238133,27995.872545,53933.209938
2024-04-29 21:00:00,27995.640982,28195.550492,27857.946013,28073.956692,45015.035917
2024-04-29 22:00:00,28099.086034,28316.002099,27903.739630,28075.776557,64919.925208
2024-04-29 23:00:00,28064.508077,28289.006303,27982.551184,28173.205785,65505.195769
2024-04-30 00:00:00,28204.191267,28300.988577,28127.980723,28234.126855,10202.482158
2024-04-30 01:00:00,28236.395359,28572.815113,28007.466432,28360.356370,60278.474009
2024-04-30 02:00:00,28403.056079,28747.496561,28017.886421,28228.688272,39197.123486
2024-04-30 03:00:00,28241.658108,28609.899047,28113.492113,28345.695566,59668.390967
2024-04-30 04:00:00,28328.353149,28484.441998,28127.436788,28383.279210,44490.529692
2024-04-30 05:00:00,28375.944136,28544.704805,28247.192186,28455.882897,43640.372763
2024-04-30 06:00:00,28482.826868,28712.030212,28407.834528,28582.572133,179847.998584
2024-04-30 07:00:00,28612.678805,28793.786144,28402.667436,28577.231997,19615.646183
2024-04-30 08:00:00,28569.052705,28836.957087,28385.409604,28710.743684,84755.978658
2024-04-30 09:00:00,28715.758058,28941.784389,28604.303931,28807.053045,25776.551539
2024-04-30 10:00:00,28783.598102,29049.508445,28639.865288,28906.064326,42761.400878
2024-04-30 11:00:00,28919.573115,29484.157616,28645.420038,29312.817372,207310.172067
2024-04-30 12:00:00,29290.713121,29432.705149,29190.429783,29261.220332,33592.121001
2024-04-30 13:00:00,29280.363051,29717.160529,29111.257847,29427.695923,68527.716710
2024-04-30 14:00:00,29461.426234,29892.125294,29344.372780,29676.544206,55718.060360
2024-04-30 15:00:00,29689.397228,30172.466645,29607.271075,30094.229044,95554.021913
2024-04-30 16:00:00,30064.172951,30298.007470,29769.859944,30007.296529,59460.397281
2024-04-30 17:00:00,30009.793375,30256.329968,29710.866660,29911.136677,63863.341402
2024-04-30 18:00:00,29895.826614,29997.080273,29716.867922,29918.155665,48181.877450
2024-04-30 19:00:00,29932.414132,30100.844735,29562.453734,29730.524685,52980.232184
2024-04-30 20:00:00,29776.049533,30222.729937,29665.929583,29956.124403,184528.250130
2024-04-30 21:00:00,29983.133811,30082.021255,29803.933128,29895.485550,29657.480671
2024-04-30 22:00:00,29857.048825,30016.459252,29798.145275,29929.158290,10816.514530
2024-04-30 23:00:00,29959.852081,30131.711091,29834.775593,29996.676806,56352.975129
2024-05-01 00:00:00,29991.106553,30351.956261,29743.247971,30238.248305,60324.357491
2024-05-01 01:00:00,30229.357294,30452.530243,29643.583634,29874.400172,168882.354399
2024-05-01 02:00:00,29895.155287,29997.905745,29509.533518,29739.662172,152874.380515
2024-05-01 03:00:00,29743.253936,29877.686921,29500.425134,29727.360619,26323.132394
2024-05-01 04:00:00,29656.855550,29905.513780,29534.683436,29712.887989,11789.662865
2024-05-01 05:00:00,29683.088940,29864.720631,29359.338895,29588.891604,82050.098071
2024-05-01 06:00:00,29601.600701,29704.218335,29277.193960,29411.134496,30181.566522
2024-05-01 07:00:00,29417.518955,29536.896844,29259.436054,29371.573155,25600.645155
2024-05-01 08:00:00,29369.823745,29581.078969,29209.877174,29397.810309,54640.017783
2024-05-01 09:00:00,29447.897889,29616.876031,29176.223096,29289.027547,50141.653079
2024-05-01 10:00:00,29281.697982,29438.785746,28937.358940,29097.138440,43240.881241
2024-05-01 11:00:00,29116.693711,29457.647246,28981.626340,29295.506528,121437.564629
2024-05-01 12:00:00,29294.309829,29925.140358,29117.824116,29577.424629,158397.052511
2024-05-01 13:00:00,29600.278806,29814.633818,29506.645200,29626.945067,49712.763789
2024-05-01 14:00:00,29628.467481,29785.976204,29422.477458,29676.636650,39116.646449
2024-05-01 15:00:00,29683.663218,29758.841523,29324.511475,29390.031383,70512.705562
2024-05-01 16:00:00,29405.675698,29823.542544,29286.137630,29629.274856,102372.739362
2024-05-01 17:00:00,29609.790314,29841.286568,29485.326168,29714.271265,40288.915729
2024-05-01 18:00:00,29708.175377,30018.706139,29621.464639,29815.591770,20600.654358
2024-05-01 19:00:00,29832.475553,29939.945562,29576.921549,29801.828725,38036.024518
2024-05-01 20:00:00,29785.535477,30147.666480,29549.495416,29946.240238,94280.872095
2024-05-01 21:00:00,29910.228115,30264.965836,29586.456205,30013.896723,60030.808598
2024-05-01 22:00:00,30000.510044,30422.690864,29848.436192,30322.513343,18196.430586
2024-05-01 23:00:00,30329.483999,30507.199344,30131.751776,30295.274881,25339.324092
2024-05-02 00:00:00,30270.631747,30469.369762,29974.088095,30095.270778,19232.126136
2024-05-02 01:00:00,30132.841878,30274.748683,30008.809938,30152.461935,35087.496908
2024-05-02 02:00:00,30150.432914,30395.780176,29923.585105,30077.163997,64596.332897
2024-05-02 03:00:00,30083.339400,30379.464553,29859.528230,30221.296044,64111.292035
2024-05-02 04:00:00,30230.030946,30576.928297,30127.211705,30406.923707,42437.335146
2024-05-02 05:00:00,30366.152673,30465.464668,29993.874362,30156.294690,15962.682641
2024-05-02 06:00:00,30159.738795,30437.332877,29994.015322,30213.378111,53313.293328
2024-05-02 07:00:00,30211.153830,30424.442036,30036.222058,30258.498878,19372.514032
2024-05-02 08:00:00,30285.890927,30605.130739,30187.142570,30396.623979,38344.127829
2024-05-02 09:00:00,30371.830469,30759.161141,30060.393050,30564.463470,84476.188522
2024-05-02 10:00:00,30580.428487,30827.092852,30181.128447,30425.041693,72877.916480
2024-05-02 11:00:00,30451.525869,30665.837508,30187.654967,30351.140154,58975.350613
2024-05-02 12:00:00,30314.889208,30637.455793,29946.646094,30168.551281,68636.984793
2024-05-02 13:00:00,30208.928062,30557.982935,29834.643825,30289.473130,61157.443643
2024-05-02 14:00:00,30296.649593,30929.165743,30104.192986,30774.357964,83427.247209
2024-05-02 15:00:00,30821.620437,31038.005652,30621.757075,30733.434282,37335.922444
2024-05-02 16:00:00,30678.473565,31102.993471,30345.776529,30789.926483,34776.544657
2024-05-02 17:00:00,30815.036818,30999.511074,30588.709255,30732.255936,23970.182667
2024-05-02 18:00:00,30746.292397,31102.217361,30677.245987,30955.675746,52164.296100
2024-05-02 19:00:00,30946.040550,31184.840285,30744.061087,30923.444540,24617.123261
2024-05-02 20:00:00,30873.933960,31042.220405,30755.498406,30900.084385,23379.102759
2024-05-02 21:00:00,30887.507553,31129.916428,30695.893681,30986.950972,77660.845642
2024-05-02 22:00:00,30984.750525,31150.248140,30841.421933,30993.294245,36646.698312
2024-05-02 23:00:00,31007.194024,31090.055555,30767.253128,30880.959743,70520.058207
2024-05-03 00:00:00,30924.510653,31120.882455,30604.608087,30817.667099,76073.165258
2024-05-03 01:00:00,30801.353963,31013.194682,30585.528677,30702.093905,41434.254928
2024-05-03 02:00:00,30631.280528,31074.728887,30272.893509,30658.004247,55628.566853
2024-05-03 03:00:00,30654.493025,31066.317159,30340.038177,30763.031787,99669.058727
2024-05-03 04:00:00,30753.798826,31035.813949,30090.619161,30474.496057,45606.575422
2024-05-03 05:00:00,30460.755709,30643.097656,30264.023651,30460.921015,58791.335039
2024-05-03 06:00:00,30437.339743,30782.538061,29632.268746,30058.475762,186810.012903
2024-05-03 07:00:00,30065.849336,30556.631705,29699.166006,30318.536141,119072.518161
2024-05-03 08:00:00,30322.268074,30566.675683,29966.893968,30188.166386,42304.358393
2024-05-03 09:00:00,30200.586693,30352.348691,29968.091406,30203.811461,21780.951047
2024-05-03 10:00:00,30197.406862,30498.371650,29811.512455,30202.109709,80595.406295
2024-05-03 11:00:00,30192.242472,30638.639144,30047.449704,30375.151125,31068.916510
2024-05-03 12:00:00,30439.492707,30666.821010,30229.149463,30516.538038,46784.569812
2024-05-03 13:00:00,30470.993734,30678.509920,30349.051616,30550.566874,32014.202331
2024-05-03 14:00:00,30497.890304,30703.745275,30194.811254,30428.528608,164430.204102
2024-05-03 15:00:00,30463.211028,30800.839424,30164.888641,30555.958736,69479.892137
2024-05-03 16:00:00,30623.513910,30862.409032,30496.491259,30665.278037,30073.043659
2024-05-03 17:00:00,30703.069017,30915.581531,30493.555443,30616.874701,27427.600813
2024-05-03 18:00:00,30619.115056,30731.550814,30225.089729,30444.207642,89153.281537
2024-05-03 19:00:00,30447.457068,30911.944081,29957.486903,30700.472216,90758.398458
2024-05-03 20:00:00,30718.998430,31397.511858,30360.948222,31073.281882,127660.735472
2024-05-03 21:00:00,31064.919805,31389.309240,30668.331368,30914.950848,97079.031780
2024-05-03 22:00:00,30903.664691,31220.185920,30278.489477,30607.230357,91258.588920
2024-05-03 23:00:00,30604.481616,30911.604229,30465.710157,30635.770109,62017.834665
2024-05-04 00:00:00,30606.811265,30819.396638,30207.815548,30462.120020,67120.380073
2024-05-04 01:00:00,30539.557756,30769.100313,30126.451914,30573.610767,30243.145478
2024-05-04 02:00:00,30542.441393,30688.070092,30253.224687,30507.577407,43676.891924
2024-05-04 03:00:00,30490.335939,30745.809192,30304.942943,30639.595489,79429.112608
2024-05-04 04:00:00,30667.692062,30886.000197,30012.518516,30273.196261,79002.135140
2024-05-04 05:00:00,30289.851455,30444.274725,30128.087088,30305.185735,26795.937079
2024-05-04 06:00:00,30304.820932,30855.353263,30105.492971,30637.863635,100768.267212
2024-05-04 07:00:00,30656.769014,31117.815842,30440.737442,30922.464333,78024.115502
2024-05-04 08:00:00,30916.314696,31092.084658,30586.159495,30793.042931,96848.230599
2024-05-04 09:00:00,30778.080479,31122.502847,30701.276623,30968.258702,56962.896866
2024-05-04 10:00:00,30923.440917,31548.745419,30790.095084,31401.088892,144972.456015
2024-05-04 11:00:00,31412.177061,32022.088445,31153.739559,31677.700464,74401.485201
2024-05-04 12:00:00,31682.995381,32039.202405,31370.460996,31776.642970,49623.242181
2024-05-04 13:00:00,31813.159906,32085.585406,31647.119400,31850.092106,63636.184170
2024-05-04 14:00:00,31875.300494,31996.031620,31650.177403,31889.715375,28310.799499
2024-05-04 15:00:00,31940.615473,32123.043865,30943.856678,31198.431722,93333.069181
2024-05-04 16:00:00,31189.887357,31375.822487,30713.538778,30975.503213,40066.336977
2024-05-04 17:00:00,30965.705236,31539.002802,30459.308384,31062.025736,122602.258715
2024-05-04 18:00:00,31048.406932,31274.622502,30855.702118,31009.759869,31094.071415
2024-05-04 19:00:00,31037.028322,31322.707926,30545.264973,30972.759020,88115.680481
2024-05-04 20:00:00,30974.717984,31153.528051,30435.097038,30675.551185,52543.639945
2024-05-04 21:00:00,30651.143581,31042.273693,29977.470862,30259.629716,54359.463857
2024-05-04 22:00:00,30296.162233,30483.862183,29838.623211,30118.239513,116026.998140
2024-05-04 23:00:00,30034.272260,30293.153759,29743.076925,30043.556478,131918.325805
