timestamp,open,high,low,close,volume
2024-01-01 00:00:00,2050.000000,2051.836274,2048.140142,2050.000000,1505.181806
2024-01-01 01:00:00,2050.636292,2057.492599,2045.637758,2053.371562,12760.699317
2024-01-01 02:00:00,2053.157272,2060.307988,2035.410888,2041.660239,43728.140611
2024-01-01 03:00:00,2042.184275,2047.066552,2039.427245,2043.201016,4272.615276
2024-01-01 04:00:00,2042.621632,2047.109953,2037.862110,2043.940160,13215.129215
2024-01-01 05:00:00,2043.906485,2054.263707,2038.711138,2047.102976,15171.938009
2024-01-01 06:00:00,2046.998584,2052.783332,2041.373853,2047.356861,9131.737829
2024-01-01 07:00:00,2047.603765,2051.113290,2043.205622,2047.100511,4820.019464
2024-01-01 08:00:00,2046.825960,2054.328345,2041.754941,2049.459732,23615.617072
2024-01-01 09:00:00,2050.223281,2053.104366,2044.312477,2048.992930,40300.361510
2024-01-01 10:00:00,2049.432840,2056.745289,2039.819053,2050.259777,3592.203971
2024-01-01 11:00:00,2050.416854,2059.883470,2046.251027,2054.137856,11511.351641
2024-01-01 12:00:00,2054.289424,2061.760998,2051.259077,2056.178524,21939.202773
2024-01-01 13:00:00,2056.606877,2064.759603,2051.790940,2060.575370,6010.548363
2024-01-01 14:00:00,2060.140940,2065.188704,2052.933087,2055.658245,9137.749654
2024-01-01 15:00:00,2056.315094,2057.998886,2055.036087,2057.270020,4951.984261
2024-01-01 16:00:00,2057.668006,2068.909479,2041.696059,2052.275271,18142.731717
2024-01-01 17:00:00,2051.962143,2062.679515,2046.829427,2055.617784,13694.515775
2024-01-01 18:00:00,2054.849014,2061.662058,2053.434065,2059.910189,13336.814923
2024-01-01 19:00:00,2060.379560,2062.725359,2054.069530,2059.220571,10537.666252
2024-01-01 20:00:00,2059.010357,2064.948476,2054.811394,2059.241586,13616.981325
2024-01-01 21:00:00,2058.982176,2069.765315,2053.213936,2062.902877,30361.985658
2024-01-01 22:00:00,2062.911383,2066.947179,2056.888993,2060.931675,5300.513295
2024-01-01 23:00:00,2060.864695,2069.966371,2058.111451,2064.151465,6679.369246
2024-01-02 00:00:00,2063.165735,2066.641728,2059.238997,2063.334651,9800.076523
2024-01-02 01:00:00,2062.718110,2070.011594,2049.153840,2057.145249,17365.114946
2024-01-02 02:00:00,2057.645917,2065.278035,2051.802781,2058.504236,12099.670550
2024-01-02 03:00:00,2058.273929,2064.499908,2050.416224,2056.352937,17233.634969
2024-01-02 04:00:00,2056.514263,2072.188854,2049.403116,2065.235518,25797.244225
2024-01-02 05:00:00,2064.874654,2074.525906,2058.710826,2062.494139,18127.348378
2024-01-02 06:00:00,2062.331229,2068.291926,2058.991424,2064.960871,7618.664529
2024-01-02 07:00:00,2065.887072,2069.072423,2061.728725,2064.110377,10959.841832
2024-01-02 08:00:00,2063.300643,2073.799722,2059.374298,2067.783547,16649.886239
2024-01-02 09:00:00,2066.844140,2068.749188,2060.876454,2065.136735,15134.404137
2024-01-02 10:00:00,2064.444623,2071.450783,2062.027836,2068.718786,8138.451588
2024-01-02 11:00:00,2070.708014,2078.066612,2066.610516,2073.299284,9452.831803
2024-01-02 12:00:00,2073.482449,2079.152213,2072.312478,2077.484629,4917.568693
2024-01-02 13:00:00,2077.388107,2080.960468,2072.869882,2075.517897,9374.289413
2024-01-02 14:00:00,2074.808557,2084.417331,2070.528880,2080.189779,10603.776135
2024-01-02 15:00:00,2080.382460,2083.723903,2070.433043,2074.490911,9291.242645
2024-01-02 16:00:00,2074.149103,2087.554196,2070.407831,2081.992057,18334.792205
2024-01-02 17:00:00,2083.454437,2087.464015,2074.610065,2078.438574,10236.229204
2024-01-02 18:00:00,2079.077526,2081.109032,2076.311849,2078.259590,1781.609380
2024-01-02 19:00:00,2077.810519,2082.459837,2076.520776,2080.784951,14554.632115
2024-01-02 20:00:00,2079.907444,2089.450404,2074.179593,2083.300441,21457.395954
2024-01-02 21:00:00,2083.218879,2088.414708,2080.302004,2084.989773,5522.318473
2024-01-02 22:00:00,2084.707036,2092.861677,2078.225904,2086.742823,21208.011223
2024-01-02 23:00:00,2086.869003,2096.907241,2084.037027,2091.717008,13741.583414
2024-01-03 00:00:00,2092.906797,2097.393652,2079.924517,2085.809689,16031.891182
2024-01-03 01:00:00,2085.047691,2091.582844,2079.298115,2085.451109,8321.700792
2024-01-03 02:00:00,2085.447584,2089.199314,2081.997137,2083.884293,4480.756307
2024-01-03 03:00:00,2083.946587,2089.450306,2081.244447,2084.473222,6857.936712
2024-01-03 04:00:00,2083.893184,2097.435827,2078.735395,2091.576808,20938.452806
2024-01-03 05:00:00,2092.208982,2096.921704,2079.463411,2086.664806,17466.846825
2024-01-03 06:00:00,2087.001196,2088.431931,2081.819713,2083.008360,4243.932276
2024-01-03 07:00:00,2083.378257,2086.418328,2078.670434,2082.175960,15156.481191
2024-01-03 08:00:00,2082.022143,2091.644549,2079.920976,2088.077066,19577.782491
2024-01-03 09:00:00,2088.139420,2095.085441,2084.900652,2089.709179,7843.071112
2024-01-03 10:00:00,2089.120779,2095.969672,2082.771734,2090.197917,12432.164998
2024-01-03 11:00:00,2090.415610,2095.514987,2082.386612,2088.952755,9953.857991
2024-01-03 12:00:00,2087.472512,2096.827118,2083.965271,2094.029063,21571.216452
2024-01-03 13:00:00,2095.556958,2100.259667,2088.867223,2095.083294,8982.861977
2024-01-03 14:00:00,2093.868041,2096.941594,2086.952550,2091.454644,14310.496903
2024-01-03 15:00:00,2090.697665,2095.748997,2083.564980,2088.104008,8134.191390
2024-01-03 16:00:00,2087.850257,2094.303705,2083.775173,2091.238755,19646.810041
2024-01-03 17:00:00,2091.069487,2095.705775,2087.120387,2092.058704,3339.615323
2024-01-03 18:00:00,2091.966315,2100.159446,2087.365797,2094.643997,9874.123073
2024-01-03 19:00:00,2094.804481,2099.310661,2086.300361,2089.299601,12317.557621
2024-01-03 20:00:00,2089.406765,2094.978794,2083.871015,2087.698064,3717.822788
2024-01-03 21:00:00,2087.200953,2093.170071,2079.926726,2088.488580,11617.938499
2024-01-03 22:00:00,2089.572938,2095.714525,2084.476149,2090.742682,23216.706383
2024-01-03 23:00:00,2090.922867,2097.802861,2087.157273,2092.769815,7664.155095
2024-01-04 00:00:00,2093.101409,2098.963108,2082.792483,2090.089864,18597.241875
2024-01-04 01:00:00,2089.323967,2099.082638,2077.521788,2084.301360,24869.933735
2024-01-04 02:00:00,2084.100398,2094.036520,2075.750718,2082.238528,15798.910576
2024-01-04 03:00:00,2083.249647,2088.950573,2076.066163,2082.518626,27043.260365
2024-01-04 04:00:00,2082.722043,2085.230762,2067.697026,2071.960676,18507.204667
2024-01-04 05:00:00,2073.141747,2076.590282,2064.103947,2069.605996,11039.762473
2024-01-04 06:00:00,2069.564114,2073.845720,2057.103573,2064.860935,24615.937461
2024-01-04 07:00:00,2065.257958,2068.632105,2057.246104,2060.382882,14177.651689
2024-01-04 08:00:00,2061.568629,2072.399002,2054.328415,2065.456058,21656.057654
2024-01-04 09:00:00,2065.501416,2073.561425,2059.855384,2066.193861,16978.238240
2024-01-04 10:00:00,2066.727302,2070.046133,2059.220052,2064.285055,7828.188001
2024-01-04 11:00:00,2065.525304,2068.884892,2062.201641,2064.438334,2504.690114
2024-01-04 12:00:00,2063.639887,2071.683278,2056.328239,2068.519999,13001.471054
2024-01-04 13:00:00,2068.042901,2070.582648,2063.764390,2066.187296,3661.470708
2024-01-04 14:00:00,2065.729684,2070.222763,2054.709626,2061.360593,18309.861213
2024-01-04 15:00:00,2059.801945,2063.477787,2055.149251,2059.906394,9994.126312
2024-01-04 16:00:00,2061.005043,2064.414735,2055.507918,2061.390994,10482.335666
2024-01-04 17:00:00,2060.315100,2064.092497,2043.718931,2050.053275,12180.285042
2024-01-04 18:00:00,2049.667022,2061.503867,2045.055292,2053.705271,24004.788079
2024-01-04 19:00:00,2053.864130,2057.764647,2050.558111,2055.248060,13192.133606
2024-01-04 20:00:00,2055.144614,2060.861932,2047.695622,2055.811948,12784.732208
2024-01-04 21:00:00,2055.727140,2058.314228,2051.928341,2056.002418,5468.081575
2024-01-04 22:00:00,2056.139679,2066.046038,2050.067578,2062.726801,46426.661257
2024-01-04 23:00:00,2063.310021,2070.557888,2060.496876,2065.669339,7117.043242
2024-01-05 00:00:00,2065.529486,2069.981170,2061.636130,2067.367331,3946.991654
2024-01-05 01:00:00,2067.440931,2069.987222,2057.904490,2062.179061,25884.622247
2024-01-05 02:00:00,2061.089361,2078.038126,2056.694620,2070.415512,24489.652307
2024-01-05 03:00:00,2070.604273,2075.890010,2062.000912,2067.370168,10258.190394
2024-01-05 04:00:00,2067.849063,2072.839922,2056.001040,2060.910490,10359.373515
2024-01-05 05:00:00,2061.270987,2066.914019,2057.719372,2060.994921,8246.286436
2024-01-05 06:00:00,2061.552986,2066.611848,2050.596424,2058.128936,5386.849549
2024-01-05 07:00:00,2058.049103,2063.165493,2052.775429,2056.208500,12463.463110
2024-01-05 08:00:00,2055.202765,2068.420322,2050.966413,2062.738800,36515.648326
2024-01-05 09:00:00,2062.544878,2065.090412,2048.474570,2050.757586,28961.632072
2024-01-05 10:00:00,2050.710797,2052.410939,2047.184852,2050.676012,7826.283691
2024-01-05 11:00:00,2050.273767,2058.443705,2045.493130,2054.563457,10308.871524
2024-01-05 12:00:00,2055.108293,2063.929336,2038.502801,2046.837091,71917.049985
2024-01-05 13:00:00,2046.134249,2064.912977,2041.495259,2057.265484,16818.990770
2024-01-05 14:00:00,2057.895703,2062.549879,2054.509388,2059.313170,5397.243529
2024-01-05 15:00:00,2058.868536,2060.835104,2051.496252,2055.754974,6074.347619
2024-01-05 16:00:00,2056.000502,2059.883876,2051.894269,2057.347873,8480.532878
2024-01-05 17:00:00,2058.072437,2065.403322,2053.740939,2063.307828,14858.701602
2024-01-05 18:00:00,2063.218538,2070.035139,2054.637942,2062.102365,11571.096464
2024-01-05 19:00:00,2062.149578,2065.241258,2059.868920,2062.652574,4502.812865
2024-01-05 20:00:00,2062.879287,2067.203620,2058.915949,2063.121232,10561.810392
2024-01-05 21:00:00,2062.039007,2066.393062,2058.544216,2061.820676,13513.541884
2024-01-05 22:00:00,2061.621188,2065.168065,2047.201286,2049.343513,30078.913246
2024-01-05 23:00:00,2049.578662,2059.249291,2043.512494,2054.521455,28560.900553
2024-01-06 00:00:00,2054.941248,2057.695794,2050.711610,2053.278379,24565.170873
2024-01-06 01:00:00,2053.282675,2057.361307,2048.145465,2052.442667,7253.214151
2024-01-06 02:00:00,2052.504654,2066.746394,2049.358887,2061.425209,7556.757559
2024-01-06 03:00:00,2060.894950,2066.362665,2055.971631,2063.214671,20496.306975
2024-01-06 04:00:00,2063.631688,2072.008160,2056.231751,2066.051453,13055.620680
2024-01-06 05:00:00,2065.856290,2069.339604,2063.311566,2067.815652,16729.905456
2024-01-06 06:00:00,2066.565939,2075.962648,2059.185728,2068.717174,16171.640827
2024-01-06 07:00:00,2069.648251,2076.128284,2063.437901,2066.655891,12417.179722
2024-01-06 08:00:00,2064.634093,2074.230872,2056.834375,2069.387016,10185.222315
2024-01-06 09:00:00,2069.004885,2074.770964,2064.373215,2068.390018,8378.624102
2024-01-06 10:00:00,2068.457919,2077.010528,2063.777760,2072.384385,25530.722827
2024-01-06 11:00:00,2072.841444,2077.554955,2064.841981,2073.071497,14418.527328
2024-01-06 12:00:00,2072.407805,2078.532187,2067.493902,2071.020733,13154.899237
2024-01-06 13:00:00,2071.980156,2075.383035,2063.103872,2070.367630,21325.736163
2024-01-06 14:00:00,2070.544058,2076.969122,2065.409708,2070.086474,10591.183101
2024-01-06 15:00:00,2069.780047,2079.455469,2067.503777,2077.050898,9432.864769
2024-01-06 16:00:00,2076.681610,2085.045207,2074.738191,2080.755504,33804.064193
2024-01-06 17:00:00,2079.597491,2104.048463,2075.744365,2095.829284,31957.617732
2024-01-06 18:00:00,2095.654042,2098.782014,2087.058318,2093.538768,20016.306267
2024-01-06 19:00:00,2094.027107,2102.493146,2089.366149,2094.220885,11901.936865
2024-01-06 20:00:00,2094.481607,2101.272162,2092.151490,2097.247359,6577.484018
2024-01-06 21:00:00,2096.583619,2110.984450,2088.065826,2106.652010,9861.453049
2024-01-06 22:00:00,2106.197428,2112.771757,2093.240518,2097.818595,14071.947313
2024-01-06 23:00:00,2097.863656,2102.629911,2085.874829,2093.578455,26418.815045
2024-01-07 00:00:00,2093.438076,2102.817016,2084.146449,2090.803345,57403.238872
2024-01-07 01:00:00,2089.531691,2095.520066,2083.264702,2087.051101,21542.978439
2024-01-07 02:00:00,2087.217510,2092.086222,2080.964762,2087.030555,5143.389729
2024-01-07 03:00:00,2086.809210,2090.294616,2076.390968,2082.385767,20166.202598
2024-01-07 04:00:00,2083.010580,2090.832505,2076.221788,2085.060040,61410.869368
2024-01-07 05:00:00,2085.266228,2111.969106,2073.865585,2101.075302,49397.253966
2024-01-07 06:00:00,2102.682510,2122.829043,2096.302513,2115.861568,10492.621695
2024-01-07 07:00:00,2115.398941,2117.503532,2097.964936,2101.756455,11051.146796
2024-01-07 08:00:00,2102.211427,2111.813919,2099.338604,2105.920527,16928.650906
2024-01-07 09:00:00,2105.357449,2112.701518,2099.159421,2103.637946,12565.696481
2024-01-07 10:00:00,2102.148674,2111.334828,2098.582191,2104.284938,30705.948488
2024-01-07 11:00:00,2103.026642,2108.682731,2100.203801,2107.103773,9570.913061
2024-01-07 12:00:00,2107.735492,2119.876215,2099.014815,2110.803693,24131.217524
2024-01-07 13:00:00,2110.413038,2123.430416,2096.808064,2111.982771,27354.625251
2024-01-07 14:00:00,2112.400684,2116.748980,2106.266915,2112.620409,2971.179038
2024-01-07 15:00:00,2111.697096,2116.409422,2103.310112,2108.763781,16451.190397
2024-01-07 16:00:00,2108.404841,2113.601390,2097.205817,2101.380251,16649.019984
2024-01-07 17:00:00,2101.212628,2108.914420,2085.608134,2090.855623,19027.842260
2024-01-07 18:00:00,2089.543297,2093.186411,2080.308135,2085.195171,14849.715490
2024-01-07 19:00:00,2084.899747,2091.497048,2077.368635,2086.690746,7051.853007
2024-01-07 20:00:00,2085.577020,2091.339914,2078.357063,2084.977402,9393.757826
2024-01-07 21:00:00,2086.595524,2097.031166,2069.519147,2078.778488,79405.776064
2024-01-07 22:00:00,2079.291216,2083.431789,2075.881668,2078.685724,5559.213219
2024-01-07 23:00:00,2079.744311,2087.227815,2077.377429,2081.754886,10721.616340
2024-01-08 00:00:00,2080.965864,2085.764092,2074.191179,2077.436372,7116.669133
2024-01-08 01:00:00,2076.026673,2080.666111,2064.808563,2074.156702,6632.200725
2024-01-08 02:00:00,2074.840415,2083.516871,2067.660614,2077.387368,16843.449272
2024-01-08 03:00:00,2078.116613,2083.790147,2072.523748,2079.551086,14254.573579
2024-01-08 04:00:00,2079.889710,2084.202975,2073.105236,2080.415717,9489.776831
2024-01-08 05:00:00,2081.509442,2086.259347,2073.350721,2080.556824,7914.205128
2024-01-08 06:00:00,2081.247853,2088.281019,2070.464482,2077.949032,5334.432128
2024-01-08 07:00:00,2078.223140,2091.608183,2072.838910,2086.259638,15054.342747
2024-01-08 08:00:00,2085.535255,2091.420371,2077.465382,2084.215492,36647.281304
2024-01-08 09:00:00,2083.414391,2087.901562,2066.118069,2070.302170,9281.188784
2024-01-08 10:00:00,2069.405849,2073.273248,2065.071425,2068.204625,5963.534695
2024-01-08 11:00:00,2067.413657,2071.839037,2064.060526,2066.646075,11433.859666
2024-01-08 12:00:00,2066.634229,2073.026251,2062.018688,2068.871908,24068.130067
2024-01-08 13:00:00,2068.688834,2076.903762,2062.686337,2073.116358,35343.698641
2024-01-08 14:00:00,2072.810781,2075.826559,2053.942813,2060.508097,15940.851160
2024-01-08 15:00:00,2058.534316,2060.308026,2048.751124,2052.856893,17940.506753
2024-01-08 16:00:00,2053.100540,2054.806298,2038.958835,2042.177041,35415.894687
2024-01-08 17:00:00,2042.561138,2053.018493,2037.149247,2047.546005,29411.695444
2024-01-08 18:00:00,2047.785200,2050.424205,2042.089648,2047.181733,6687.779726
2024-01-08 19:00:00,2045.788941,2050.407081,2041.081088,2045.496019,5814.221092
2024-01-08 20:00:00,2044.619194,2050.855944,2028.993124,2036.182267,11295.552154
2024-01-08 21:00:00,2037.719563,2042.503237,2022.205003,2028.494864,26109.985046
2024-01-08 22:00:00,2028.504620,2037.391765,2021.173702,2030.300480,11554.668604
2024-01-08 23:00:00,2031.822740,2038.172265,2025.020886,2028.741082,14633.713212
2024-01-09 00:00:00,2029.286089,2041.239286,2016.456820,2035.933419,40506.714575
2024-01-09 01:00:00,2036.566199,2043.165701,2029.021324,2036.916447,9231.378112
2024-01-09 02:00:00,2036.987985,2044.069178,2029.285931,2038.555674,18461.175785
2024-01-09 03:00:00,2040.036029,2046.642163,2029.458792,2034.478722,58102.630989
2024-01-09 04:00:00,2034.489022,2043.369608,2028.740339,2039.152564,28327.115497
2024-01-09 05:00:00,2039.204281,2044.452345,2033.600009,2039.576831,7281.063417
2024-01-09 06:00:00,2041.116662,2046.277516,2030.186434,2033.834303,17640.910402
2024-01-09 07:00:00,2033.872069,2042.538603,2026.437220,2036.853926,5929.466391
2024-01-09 08:00:00,2036.215655,2051.054509,2024.067635,2033.584863,16073.018353
2024-01-09 09:00:00,2032.058826,2037.173573,2022.562943,2026.050377,9156.471746
2024-01-09 10:00:00,2026.923303,2031.987689,2014.905734,2025.350171,12450.446796
2024-01-09 11:00:00,2025.643308,2032.793384,2017.000081,2024.728567,17078.011144
2024-01-09 12:00:00,2024.616122,2030.202120,2015.877643,2024.613119,9172.229285
2024-01-09 13:00:00,2024.441280,2028.246451,2012.964669,2016.826895,20836.454651
2024-01-09 14:00:00,2016.294881,2019.683263,2008.926494,2012.712138,3416.012243
2024-01-09 15:00:00,2012.943088,2016.682627,2005.953958,2013.452804,3343.246507
2024-01-09 16:00:00,2012.470091,2017.903438,1996.381596,2005.064012,12890.268959
2024-01-09 17:00:00,2005.090049,2008.849946,1974.010984,1980.548732,22600.762021
2024-01-09 18:00:00,1980.878081,1988.020880,1976.024084,1979.415170,11715.003715
2024-01-09 19:00:00,1978.789250,1992.089535,1975.645493,1989.036519,15861.701027
2024-01-09 20:00:00,1990.571463,1999.938993,1976.149140,1984.924991,17903.402164
2024-01-09 21:00:00,1986.386988,1996.274489,1980.319184,1984.473395,17620.431748
2024-01-09 22:00:00,1987.122902,1997.103225,1980.480220,1985.690147,10326.872177
2024-01-09 23:00:00,1985.388382,1993.260210,1981.017891,1989.475805,3350.883297
2024-01-10 00:00:00,1989.708578,1993.524244,1985.273973,1987.082296,20761.642842
2024-01-10 01:00:00,1985.465753,1989.507664,1980.591759,1984.573322,7906.032300
2024-01-10 02:00:00,1984.524635,1994.804513,1971.924181,1988.121932,10739.675993
2024-01-10 03:00:00,1987.001201,1989.548856,1984.001955,1986.615971,12023.681946
2024-01-10 04:00:00,1986.848650,1990.939940,1980.081468,1983.692135,5609.130015
2024-01-10 05:00:00,1982.115859,1986.503924,1969.821421,1977.739502,10436.178039
2024-01-10 06:00:00,1977.653596,1981.275342,1963.960780,1968.055896,33660.556818
2024-01-10 07:00:00,1967.137475,1971.953215,1958.241417,1966.298271,8800.571122
2024-01-10 08:00:00,1967.326405,1972.841979,1954.208294,1958.370055,20963.058440
2024-01-10 09:00:00,1958.034150,1962.188386,1948.429006,1954.714263,10375.447137
2024-01-10 10:00:00,1954.159267,1959.660273,1949.840662,1953.764431,20970.206708
2024-01-10 11:00:00,1954.084205,1961.336843,1946.331656,1950.291748,9148.681579
2024-01-10 12:00:00,1949.782084,1953.864371,1946.012378,1949.770304,10383.766527
2024-01-10 13:00:00,1949.827561,1964.270707,1946.656168,1959.346004,12764.619404
2024-01-10 14:00:00,1959.803206,1968.145710,1945.212361,1952.945116,14362.420376
2024-01-10 15:00:00,1954.123223,1954.171020,1951.720632,1951.772767,1599.517135
2024-01-10 16:00:00,1951.512165,1958.298175,1948.226241,1952.757365,17420.761510
2024-01-10 17:00:00,1952.621090,1957.472406,1944.562159,1948.694764,11443.730331
2024-01-10 18:00:00,1948.504663,1961.893757,1946.308294,1957.222444,19151.332753
2024-01-10 19:00:00,1958.180366,1967.523362,1953.381409,1958.384629,13085.401234
2024-01-10 20:00:00,1957.438018,1970.017775,1954.750724,1963.957386,9488.820148
2024-01-10 21:00:00,1964.131935,1964.169715,1963.800771,1963.818362,145.768275
2024-01-10 22:00:00,1964.057026,1971.056232,1955.557809,1967.439895,9061.207454
2024-01-10 23:00:00,1967.756283,1972.481512,1961.035707,1966.423694,19039.042092
2024-01-11 00:00:00,1966.818085,1972.383108,1926.151663,1930.803867,29112.754797
2024-01-11 01:00:00,1930.411349,1934.029694,1918.906179,1923.840984,15582.631727
2024-01-11 02:00:00,1925.147439,1939.634841,1919.560735,1935.245048,22869.945868
2024-01-11 03:00:00,1935.216103,1938.406561,1932.615733,1936.382282,2747.201003
2024-01-11 04:00:00,1937.134044,1944.730614,1926.913964,1930.871196,31148.183906
2024-01-11 05:00:00,1931.052140,1939.744308,1922.576170,1931.614197,8593.317053
2024-01-11 06:00:00,1932.510399,1943.504934,1928.461362,1937.057150,12314.607400
2024-01-11 07:00:00,1937.434131,1942.495544,1930.495991,1934.528931,12000.834490
2024-01-11 08:00:00,1934.833121,1940.108570,1922.873894,1929.162477,36075.557651
2024-01-11 09:00:00,1928.917280,1940.808686,1924.884259,1934.657641,26231.041559
2024-01-11 10:00:00,1936.115668,1938.970544,1931.643947,1935.144361,8974.677517
2024-01-11 11:00:00,1935.767604,1946.168800,1927.343527,1942.476875,12478.777114
2024-01-11 12:00:00,1942.428509,1949.396134,1936.619234,1943.652573,12422.242504
2024-01-11 13:00:00,1943.655017,1948.375617,1936.967073,1940.633214,12173.412265
2024-01-11 14:00:00,1941.249606,1946.628440,1938.049820,1943.239395,6123.825583
2024-01-11 15:00:00,1942.830707,1949.730685,1937.396777,1946.501075,11536.897986
2024-01-11 16:00:00,1946.543728,1950.229337,1932.909690,1936.107961,55266.834710
2024-01-11 17:00:00,1936.384336,1939.657686,1929.083620,1935.899531,5034.155642
2024-01-11 18:00:00,1934.185601,1938.598991,1931.956745,1936.306952,2844.032171
2024-01-11 19:00:00,1936.303184,1940.934839,1923.390981,1932.343477,26659.804664
2024-01-11 20:00:00,1931.937392,1942.434632,1924.978258,1936.054813,10092.628432
2024-01-11 21:00:00,1936.856683,1946.351829,1930.953540,1940.467097,28296.353242
2024-01-11 22:00:00,1939.688945,1942.549866,1936.408860,1938.808195,3613.423638
2024-01-11 23:00:00,1938.187436,1948.133296,1933.736137,1942.615574,19916.202363
2024-01-12 00:00:00,1941.835881,1943.929670,1936.409623,1938.203055,5792.176501
2024-01-12 01:00:00,1938.292313,1947.582966,1933.496002,1942.631439,14375.120712
2024-01-12 02:00:00,1942.753696,1966.544737,1936.972221,1963.703597,38455.842892
2024-01-12 03:00:00,1963.576845,1970.056818,1957.457759,1966.415554,9847.980425
2024-01-12 04:00:00,1965.883375,1981.538629,1957.528042,1974.728346,35376.218803
2024-01-12 05:00:00,1975.926913,1981.804193,1971.667357,1976.589512,18207.863624
2024-01-12 06:00:00,1976.399161,1981.427113,1970.085305,1977.109763,8571.017949
2024-01-12 07:00:00,1978.205054,1988.077598,1963.889151,1968.904929,18596.914129
2024-01-12 08:00:00,1969.106497,1992.546604,1964.785446,1986.062871,9967.665753
2024-01-12 09:00:00,1986.154957,1989.055586,1982.210951,1986.633433,8398.271411
2024-01-12 10:00:00,1987.178491,1991.291749,1980.226055,1984.818045,11955.309115
2024-01-12 11:00:00,1985.480720,1995.077652,1978.718089,1984.942553,7708.431886
2024-01-12 12:00:00,1985.354853,1993.152262,1981.376621,1987.211219,3214.168112
2024-01-12 13:00:00,1987.723764,1996.210535,1981.334427,1991.703096,32076.770862
2024-01-12 14:00:00,1992.289262,2001.072125,1987.342475,1995.544810,17621.538717
2024-01-12 15:00:00,1996.249023,1998.959205,1983.224675,1988.751438,5940.152650
2024-01-12 16:00:00,1988.651022,1996.476398,1984.890201,1993.704315,6440.356093
2024-01-12 17:00:00,1993.553059,1996.717952,1991.961884,1995.073867,10504.904341
2024-01-12 18:00:00,1995.075170,1997.886768,1994.900716,1997.541569,5692.755380
2024-01-12 19:00:00,1997.428243,1999.745215,1992.757251,1996.798548,12170.753174
2024-01-12 20:00:00,1995.919029,2002.943802,1993.361668,2001.288060,17621.250255
2024-01-12 21:00:00,2001.868751,2005.715653,1998.070191,2000.779460,17439.321168
2024-01-12 22:00:00,2000.795102,2005.286020,1997.727507,2001.660411,35495.565588
2024-01-12 23:00:00,2000.685366,2004.934975,1997.107892,2001.556494,11716.979300
2024-01-13 00:00:00,2001.846563,2002.989748,1995.884434,1997.256090,43319.025874
2024-01-13 01:00:00,1997.688178,2001.576060,1995.213850,1999.914299,26641.089947
2024-01-13 02:00:00,1999.678486,2002.271460,1997.718838,2000.920061,11496.139487
2024-01-13 03:00:00,2001.538986,2008.201824,1996.916366,2003.955146,39282.471567
2024-01-13 04:00:00,2003.802275,2005.236934,1992.583124,1994.211866,24945.980856
2024-01-13 05:00:00,1993.851359,1997.611368,1991.096290,1993.499124,12425.028598
2024-01-13 06:00:00,1993.346915,2001.157117,1991.471779,1997.328467,19966.669953
2024-01-13 07:00:00,1996.909929,1998.751788,1988.780406,1991.030438,10088.562795
2024-01-13 08:00:00,1991.092582,1993.948223,1989.325250,1991.319317,4696.422438
2024-01-13 09:00:00,1991.676727,1994.619540,1989.544813,1992.967992,18553.648949
2024-01-13 10:00:00,1992.391942,1995.511300,1989.649545,1991.444286,14920.515868
2024-01-13 11:00:00,1991.385324,1994.498440,1989.104141,1991.217911,18112.199834
2024-01-13 12:00:00,1991.531579,1997.188757,1989.566483,1994.448737,6828.888025
2024-01-13 13:00:00,1994.060673,1997.641720,1992.943172,1996.874481,4868.275059
2024-01-13 14:00:00,1996.670599,2003.955308,1995.297674,2002.223265,12552.628133
2024-01-13 15:00:00,2001.939781,2004.834515,1998.753026,2003.181847,32113.919843
2024-01-13 16:00:00,2003.307000,2004.671123,1999.600606,2001.182654,6929.306014
2024-01-13 17:00:00,2000.882785,2008.311003,1997.128715,2003.461073,34768.827981
2024-01-13 18:00:00,2002.514529,2007.561832,1988.698284,1991.573210,28111.803987
2024-01-13 19:00:00,1992.112963,1994.062676,1989.426967,1990.361452,6763.093870
2024-01-13 20:00:00,1990.580451,1996.277625,1984.937058,1991.284250,34793.560389
2024-01-13 21:00:00,1991.521013,1994.766423,1990.457081,1993.523548,9380.753035
2024-01-13 22:00:00,1993.559763,1998.552521,1986.585551,1991.448080,13655.566456
2024-01-13 23:00:00,1991.686680,1996.889738,1987.727976,1992.544435,7463.227393
2024-01-14 00:00:00,1992.125460,1994.236842,1989.066427,1992.789422,9175.855713
2024-01-14 01:00:00,1992.817874,1999.999597,1990.733439,1997.258028,12626.096218
2024-01-14 02:00:00,1996.603985,2000.095511,1991.910068,1994.105309,7703.003766
2024-01-14 03:00:00,1994.231763,1997.729184,1992.046734,1995.272394,5610.638455
2024-01-14 04:00:00,1995.256246,2000.177870,1988.255205,1992.776614,28103.153580
2024-01-14 05:00:00,1992.817380,1998.501983,1990.870169,1997.155852,14648.034788
2024-01-14 06:00:00,1997.107411,2002.440300,1994.629629,1998.803995,18553.849243
2024-01-14 07:00:00,1999.053139,2002.089324,1995.323898,1997.047807,8461.463754
2024-01-14 08:00:00,1997.204258,2000.812473,1993.517377,1998.919358,51756.294748
2024-01-14 09:00:00,1999.599420,2004.528482,1994.403099,1997.648894,3689.922093
2024-01-14 10:00:00,1996.738307,1999.233709,1993.304577,1997.062766,4742.353226
2024-01-14 11:00:00,1997.167799,1999.079970,1992.139048,1993.057448,17884.115627
2024-01-14 12:00:00,1993.402410,1995.677733,1985.876637,1989.754165,27278.340685
2024-01-14 13:00:00,1988.864483,1989.837096,1987.575285,1988.681384,3968.925001
2024-01-14 14:00:00,1988.405161,1993.777527,1986.174107,1988.191556,9590.530383
2024-01-14 15:00:00,1987.321276,1988.309793,1981.573331,1982.764859,60697.297415
2024-01-14 16:00:00,1981.731940,1984.383093,1979.285219,1982.128793,5128.838296
2024-01-14 17:00:00,1981.984138,1984.780057,1977.761922,1979.771697,19730.761972
2024-01-14 18:00:00,1979.939641,1982.103497,1972.973128,1977.203612,8495.002779
2024-01-14 19:00:00,1977.359750,1979.438147,1973.868070,1977.389263,10853.454659
2024-01-14 20:00:00,1977.156409,1980.339619,1971.779022,1974.161392,12823.548377
2024-01-14 21:00:00,1974.562478,1980.194004,1968.821239,1973.752538,18958.625043
2024-01-14 22:00:00,1974.060100,1975.681571,1972.770840,1974.708922,4302.411712
2024-01-14 23:00:00,1974.820928,1976.373746,1966.044035,1967.518975,30785.055490
2024-01-15 00:00:00,1967.790800,1971.832617,1963.109138,1967.624625,8072.572843
2024-01-15 01:00:00,1967.801391,1974.816655,1966.304387,1973.691720,11568.963148
2024-01-15 02:00:00,1974.649093,1977.227435,1971.965356,1975.178128,4679.846269
2024-01-15 03:00:00,1975.132856,1978.671384,1971.498951,1975.447918,8246.669963
2024-01-15 04:00:00,1975.594204,1976.144588,1973.670828,1974.471719,2339.929491
2024-01-15 05:00:00,1974.261453,1978.265974,1973.065920,1977.290598,8095.814126
2024-01-15 06:00:00,1977.671079,1978.759669,1975.129610,1976.038311,21889.850636
2024-01-15 07:00:00,1976.194732,1977.001784,1971.487670,1972.663655,5567.199089
2024-01-15 08:00:00,1973.061175,1975.364137,1969.314852,1970.819603,23074.257751
2024-01-15 09:00:00,1970.155226,1970.700391,1966.498273,1967.023855,12384.601286
2024-01-15 10:00:00,1967.097078,1969.817467,1964.108365,1966.525546,15786.447474
2024-01-15 11:00:00,1965.341537,1968.323636,1962.981533,1965.258129,10630.851035
2024-01-15 12:00:00,1965.296999,1966.200235,1963.645783,1964.075225,8665.384035
2024-01-15 13:00:00,1963.697489,1969.836703,1961.396678,1967.660212,25244.565008
2024-01-15 14:00:00,1967.851202,1969.589869,1964.280469,1966.490610,7757.468803
2024-01-15 15:00:00,1966.415245,1968.253095,1961.009170,1963.639818,3792.839228
2024-01-15 16:00:00,1963.506219,1967.754181,1960.123472,1965.559511,5143.871262
2024-01-15 17:00:00,1965.846248,1967.244918,1964.314729,1964.985947,4541.393560
2024-01-15 18:00:00,1965.197718,1966.779589,1963.783030,1965.382929,5201.266698
2024-01-15 19:00:00,1965.903356,1970.292889,1961.720834,1965.172287,5528.756811
2024-01-15 20:00:00,1965.583112,1971.959809,1963.491571,1969.700227,8450.032512
2024-01-15 21:00:00,1969.613608,1974.896076,1966.724606,1971.600642,14527.340642
2024-01-15 22:00:00,1971.223271,1973.091220,1970.172311,1971.657652,8095.123074
2024-01-15 23:00:00,1971.966325,1977.239609,1966.640746,1973.240802,48292.447246
2024-01-16 00:00:00,1972.563098,1976.922327,1967.034867,1971.615570,12784.742874
2024-01-16 01:00:00,1970.391828,1974.155704,1967.037519,1970.917036,14699.050188
2024-01-16 02:00:00,1971.066282,1973.445322,1965.836743,1969.126444,30884.061199
2024-01-16 03:00:00,1969.246380,1971.956077,1964.708145,1967.302674,44404.142712
2024-01-16 04:00:00,1967.057595,1973.579013,1963.203725,1970.408418,21280.316820
2024-01-16 05:00:00,1970.244871,1972.623336,1967.210451,1969.751304,18207.719111
2024-01-16 06:00:00,1969.788839,1976.179377,1967.446621,1973.374104,11500.401364
2024-01-16 07:00:00,1973.073819,1978.569457,1968.847636,1976.805418,38772.749179
2024-01-16 08:00:00,1976.822130,1979.602939,1972.916149,1975.402366,11652.037792
2024-01-16 09:00:00,1974.669095,1979.096199,1967.095189,1969.686298,19419.275149
2024-01-16 10:00:00,1968.751313,1970.755361,1967.947298,1969.202959,4380.815126
2024-01-16 11:00:00,1968.600385,1971.907755,1965.952914,1968.455997,8825.281430
2024-01-16 12:00:00,1968.688857,1970.794472,1966.328544,1968.503385,7148.683975
2024-01-16 13:00:00,1968.168755,1971.403859,1964.633164,1968.760270,24600.344752
2024-01-16 14:00:00,1968.834169,1977.020894,1964.663691,1972.816274,26320.960091
2024-01-16 15:00:00,1972.372277,1976.021985,1968.834341,1971.389129,17273.797663
2024-01-16 16:00:00,1970.913003,1974.577903,1965.917999,1970.084611,20621.824059
2024-01-16 17:00:00,1969.826202,1976.026584,1968.349417,1972.915649,11282.979455
2024-01-16 18:00:00,1973.122275,1980.393342,1969.797852,1976.246076,17444.786675
2024-01-16 19:00:00,1976.301001,1978.728209,1968.058874,1971.979072,9617.402642
2024-01-16 20:00:00,1971.151890,1976.011787,1966.860318,1971.776655,12261.161373
2024-01-16 21:00:00,1972.319930,1974.084431,1966.334200,1969.327149,17770.511171
2024-01-16 22:00:00,1969.773329,1970.748064,1969.020362,1969.535282,2813.540410
2024-01-16 23:00:00,1969.790591,1978.382881,1966.839366,1973.180122,15979.873312
2024-01-17 00:00:00,1972.697455,1974.798768,1972.199741,1974.349959,6202.192658
2024-01-17 01:00:00,1973.650362,1983.981436,1971.790019,1980.888182,20611.937038
2024-01-17 02:00:00,1981.237579,1986.085273,1973.842128,1980.462425,32998.884528
2024-01-17 03:00:00,1980.363999,1982.874562,1979.008126,1981.456933,3571.855255
2024-01-17 04:00:00,1981.621507,1984.019042,1971.639291,1976.620988,8941.146339
2024-01-17 05:00:00,1976.469285,1980.944780,1967.823297,1972.304374,28483.107018
2024-01-17 06:00:00,1972.623930,1974.242283,1967.364805,1969.196661,9498.055497
2024-01-17 07:00:00,1969.254524,1977.158753,1965.914599,1971.676561,61356.395792
2024-01-17 08:00:00,1971.413715,1973.721202,1966.489748,1968.938054,4363.282391
2024-01-17 09:00:00,1968.281826,1971.200699,1964.622370,1966.304229,14395.631234
2024-01-17 10:00:00,1966.298886,1970.373574,1963.733972,1966.824350,13988.303161
2024-01-17 11:00:00,1967.249271,1969.685096,1959.774408,1962.100086,19498.577446
2024-01-17 12:00:00,1962.037033,1963.911174,1955.479144,1958.081807,11692.883475
2024-01-17 13:00:00,1957.415292,1960.952223,1953.798445,1959.435625,9375.287045
2024-01-17 14:00:00,1959.248184,1961.028721,1954.159129,1955.783767,6706.947584
2024-01-17 15:00:00,1955.484119,1959.354560,1948.274356,1950.096271,14428.892642
2024-01-17 16:00:00,1950.193983,1954.333267,1944.987764,1951.233883,17150.954071
2024-01-17 17:00:00,1951.698013,1959.998835,1947.754904,1957.469200,18976.484682
2024-01-17 18:00:00,1958.027480,1966.098233,1955.696149,1963.578525,36680.186057
2024-01-17 19:00:00,1963.420265,1970.218748,1959.045095,1964.709761,27012.806038
2024-01-17 20:00:00,1964.742190,1970.062109,1961.466421,1965.645679,25683.669805
2024-01-17 21:00:00,1964.912165,1969.074120,1958.991838,1963.807287,16994.061050
2024-01-17 22:00:00,1963.826487,1965.504743,1963.474189,1964.929850,1979.891396
2024-01-17 23:00:00,1965.396974,1971.037520,1963.486968,1966.654162,10453.583605
2024-01-18 00:00:00,1967.099309,1972.262194,1959.164736,1963.921496,26072.621219
2024-01-18 01:00:00,1963.914469,1968.918749,1956.218199,1960.114205,8948.205717
2024-01-18 02:00:00,1960.515052,1963.969360,1958.827231,1960.925200,6135.968159
2024-01-18 03:00:00,1961.132352,1966.109555,1957.435567,1961.074936,12068.310556
2024-01-18 04:00:00,1961.096951,1965.169391,1951.465635,1956.649692,13864.560005
2024-01-18 05:00:00,1956.364473,1959.028829,1954.351639,1956.019790,7628.241112
2024-01-18 06:00:00,1955.861387,1957.414214,1952.012286,1954.901953,8787.028801
2024-01-18 07:00:00,1954.179496,1959.426031,1947.828225,1952.862310,44538.019681
2024-01-18 08:00:00,1952.411143,1956.930152,1949.441202,1953.715986,7831.435609
2024-01-18 09:00:00,1953.716806,1955.284991,1949.219261,1953.082247,10028.462028
2024-01-18 10:00:00,1952.426810,1953.707285,1950.801394,1952.875416,14484.084072
2024-01-18 11:00:00,1952.213077,1954.312732,1949.873967,1952.050535,6465.988340
2024-01-18 12:00:00,1951.738319,1959.638966,1948.953903,1957.120612,15106.726202
2024-01-18 13:00:00,1958.490988,1964.962422,1939.854106,1944.735368,53969.438964
2024-01-18 14:00:00,1945.010218,1960.696746,1926.461364,1941.955324,24093.025079
2024-01-18 15:00:00,1940.214670,1946.678489,1930.988086,1939.578600,4125.096053
2024-01-18 16:00:00,1940.032114,1947.634449,1922.538649,1929.851788,19286.774545
2024-01-18 17:00:00,1930.075787,1943.035698,1916.729901,1928.590582,17081.686861
2024-01-18 18:00:00,1926.034309,1931.354406,1911.664549,1917.828429,36626.377836
2024-01-18 19:00:00,1918.112441,1922.525740,1915.367382,1918.760428,5652.508605
2024-01-18 20:00:00,1916.271470,1927.277772,1911.063209,1922.541375,22680.806166
2024-01-18 21:00:00,1922.680106,1930.368784,1916.350902,1926.434231,6284.372853
2024-01-18 22:00:00,1924.964597,1935.292934,1910.906728,1920.467079,7895.759712
2024-01-18 23:00:00,1922.572063,1938.166617,1914.625970,1933.832904,10356.738467
2024-01-19 00:00:00,1933.249495,1942.946622,1928.335073,1939.452431,14165.224063
2024-01-19 01:00:00,1939.418346,1946.255588,1934.751402,1939.517595,15360.304453
2024-01-19 02:00:00,1940.528735,1946.383236,1933.428484,1937.737122,24093.936847
2024-01-19 03:00:00,1937.860110,1943.333233,1919.445999,1928.719465,16787.396838
2024-01-19 04:00:00,1927.277308,1931.167255,1920.334334,1925.415090,7596.015863
2024-01-19 05:00:00,1925.759502,1940.157418,1916.565994,1930.790717,28345.361444
2024-01-19 06:00:00,1930.109535,1942.089475,1916.608173,1927.490760,18981.849851
2024-01-19 07:00:00,1928.181600,1934.105731,1916.489154,1922.876060,23444.922560
2024-01-19 08:00:00,1922.953242,1934.917046,1913.364970,1927.786539,16961.011994
2024-01-19 09:00:00,1926.624896,1930.860733,1909.783039,1916.636887,27549.015368
2024-01-19 10:00:00,1917.556897,1919.952516,1909.345740,1910.533722,7044.021358
2024-01-19 11:00:00,1910.195053,1916.818410,1895.395179,1907.233194,12537.033966
2024-01-19 12:00:00,1909.087926,1917.151480,1891.466325,1906.025934,22866.531134
2024-01-19 13:00:00,1906.254810,1919.925334,1894.003923,1911.734745,30234.166134
2024-01-19 14:00:00,1911.838744,1920.675394,1896.454787,1907.166649,11643.447877
2024-01-19 15:00:00,1908.485156,1917.697302,1875.306967,1886.617828,19815.060530
2024-01-19 16:00:00,1887.709885,1907.076132,1874.308470,1900.658515,19257.744171
2024-01-19 17:00:00,1900.332674,1904.593121,1885.318950,1890.163187,8725.158941
2024-01-19 18:00:00,1890.003655,1900.667057,1870.998435,1877.406013,8210.343621
2024-01-19 19:00:00,1877.879493,1884.057284,1863.368821,1873.611685,19338.497436
2024-01-19 20:00:00,1871.560227,1882.796422,1856.403095,1869.122795,100508.429733
2024-01-19 21:00:00,1870.146361,1876.671055,1867.934162,1872.541191,7963.190338
2024-01-19 22:00:00,1872.533595,1877.203334,1835.193555,1842.729871,20130.278066
2024-01-19 23:00:00,1843.709474,1851.897854,1838.805140,1844.557044,7024.141477
2024-01-20 00:00:00,1845.365817,1856.044961,1840.474721,1848.125630,20138.308143
2024-01-20 01:00:00,1848.835427,1856.997191,1844.493470,1854.208016,10893.550692
2024-01-20 02:00:00,1854.268693,1865.907743,1848.282426,1859.413544,8679.804593
2024-01-20 03:00:00,1859.506773,1870.958635,1840.194403,1853.764913,38792.986406
2024-01-20 04:00:00,1852.813200,1858.348178,1847.669898,1854.045221,7173.670941
2024-01-20 05:00:00,1852.462788,1858.744600,1842.446490,1849.005539,10743.264878
2024-01-20 06:00:00,1847.826919,1859.967390,1818.672115,1827.301808,11953.454908
2024-01-20 07:00:00,1827.542703,1835.453434,1819.873914,1825.772046,12220.132428
2024-01-20 08:00:00,1825.051957,1827.746580,1821.525949,1823.714942,7374.049807
2024-01-20 09:00:00,1822.262776,1828.102038,1814.446000,1821.638247,14378.049024
2024-01-20 10:00:00,1822.701604,1833.982884,1817.617525,1828.619981,9952.508563
2024-01-20 11:00:00,1829.327216,1840.673932,1823.841147,1831.022454,5708.414775
2024-01-20 12:00:00,1830.436106,1839.339023,1820.246265,1828.701494,18795.459844
2024-01-20 13:00:00,1826.795648,1830.979014,1813.220206,1821.266155,6707.495461
2024-01-20 14:00:00,1819.578082,1828.655015,1808.647805,1822.255586,11495.305884
2024-01-20 15:00:00,1822.360958,1829.849043,1817.542583,1825.328575,11557.345961
2024-01-20 16:00:00,1825.536282,1833.415833,1807.307740,1815.648414,20815.060366
2024-01-20 17:00:00,1814.837886,1821.581756,1797.277767,1808.018661,23915.685499
2024-01-20 18:00:00,1807.419287,1815.981110,1785.693662,1788.981607,39978.902044
2024-01-20 19:00:00,1787.884658,1794.310204,1770.862827,1781.108305,28419.939857
2024-01-20 20:00:00,1780.976298,1785.274005,1775.134992,1779.407531,5054.733084
2024-01-20 21:00:00,1779.556954,1795.937955,1768.962719,1785.774822,17920.749301
2024-01-20 22:00:00,1786.293764,1789.170824,1778.554686,1784.762048,15280.719432
2024-01-20 23:00:00,1783.270476,1795.253925,1774.419630,1786.205948,16529.444447
2024-01-21 00:00:00,1787.355416,1793.585133,1775.855377,1783.829765,28655.917851
2024-01-21 01:00:00,1782.795469,1789.113737,1767.924599,1783.145948,26461.605059
2024-01-21 02:00:00,1782.735740,1793.866073,1776.528607,1787.385069,8989.169283
2024-01-21 03:00:00,1789.019473,1794.025713,1783.512831,1786.805795,5641.398182
2024-01-21 04:00:00,1785.989363,1791.936387,1779.829913,1786.697824,19036.244365
2024-01-21 05:00:00,1784.477300,1791.164137,1769.827937,1778.754143,11006.372178
2024-01-21 06:00:00,1777.832413,1786.953260,1768.342582,1774.042275,20622.964462
2024-01-21 07:00:00,1774.290395,1780.398716,1762.954255,1772.791438,29883.134437
2024-01-21 08:00:00,1771.756161,1777.719924,1750.043000,1760.417078,18976.703566
2024-01-21 09:00:00,1759.829012,1777.114402,1755.158577,1769.322917,8635.174621
2024-01-21 10:00:00,1769.084777,1776.555534,1765.653979,1771.517816,3613.560420
2024-01-21 11:00:00,1771.428337,1776.000782,1763.323666,1769.346891,28038.265052
2024-01-21 12:00:00,1769.037578,1779.773925,1759.946562,1768.589948,14574.022143
2024-01-21 13:00:00,1769.366037,1779.546731,1763.487932,1771.107725,10634.573146
2024-01-21 14:00:00,1771.601051,1779.297991,1756.161153,1763.463288,24588.430409
2024-01-21 15:00:00,1763.209921,1775.431398,1755.861496,1765.832345,10476.900128
2024-01-21 16:00:00,1765.060122,1770.600463,1755.767987,1761.788968,26283.684295
2024-01-21 17:00:00,1762.336592,1770.169588,1747.338581,1755.921756,5743.086669
2024-01-21 18:00:00,1756.314110,1765.651418,1748.290680,1758.787866,4817.406796
2024-01-21 19:00:00,1761.007575,1772.363621,1756.960594,1764.304104,5175.732076
2024-01-21 20:00:00,1764.557383,1771.684894,1756.310807,1762.970984,6374.874150
2024-01-21 21:00:00,1761.854616,1765.840374,1752.593798,1758.154380,19816.411051
2024-01-21 22:00:00,1759.935380,1773.067188,1755.273551,1766.835898,17223.491052
2024-01-21 23:00:00,1766.996326,1778.347386,1760.634538,1772.290092,13643.241600
2024-01-22 00:00:00,1772.771558,1783.169411,1764.529474,1774.272610,14998.778259
2024-01-22 01:00:00,1774.202020,1783.037198,1770.095839,1776.028389,14354.025104
2024-01-22 02:00:00,1773.394403,1778.428244,1750.396964,1761.087222,20802.594131
2024-01-22 03:00:00,1760.591868,1766.688283,1757.598103,1763.658664,11305.370249
2024-01-22 04:00:00,1764.399395,1776.834589,1753.885000,1770.319732,16782.598616
2024-01-22 05:00:00,1770.617000,1780.910547,1760.421459,1770.528979,14238.344504
2024-01-22 06:00:00,1769.758515,1787.761382,1764.048292,1775.554245,26281.019211
2024-01-22 07:00:00,1776.058176,1779.327405,1761.911189,1766.432561,10522.653266
2024-01-22 08:00:00,1765.199447,1771.282085,1762.147053,1767.833195,2546.110044
2024-01-22 09:00:00,1767.887392,1774.493475,1764.050060,1772.513435,5197.290909
2024-01-22 10:00:00,1771.904488,1782.157986,1768.680162,1777.501132,6293.276604
2024-01-22 11:00:00,1777.777590,1782.886749,1760.790220,1768.125515,10970.226577
2024-01-22 12:00:00,1769.097620,1775.673167,1767.635867,1773.139163,4410.650617
2024-01-22 13:00:00,1772.793353,1777.159049,1769.365276,1774.343535,5994.879581
2024-01-22 14:00:00,1774.400674,1788.445228,1742.244964,1755.847363,51076.827465
2024-01-22 15:00:00,1753.689559,1759.534983,1740.510544,1748.290663,8588.273048
2024-01-22 16:00:00,1747.140996,1751.213056,1736.328354,1744.471287,9008.305048
2024-01-22 17:00:00,1744.376540,1750.298634,1740.964563,1746.586077,8190.159000
2024-01-22 18:00:00,1746.780313,1754.018049,1739.598455,1745.124470,8907.067397
2024-01-22 19:00:00,1745.218563,1753.287415,1741.005498,1750.007915,3769.867467
2024-01-22 20:00:00,1748.204283,1760.327050,1737.975214,1752.916182,27911.182975
2024-01-22 21:00:00,1752.202960,1765.160207,1743.983043,1761.356010,12365.890135
2024-01-22 22:00:00,1762.762457,1777.008447,1751.817013,1768.912530,5640.783055
2024-01-22 23:00:00,1769.306218,1772.957336,1759.006511,1762.885455,3958.271152
2024-01-23 00:00:00,1763.377210,1770.054973,1760.166792,1766.797434,3194.216696
2024-01-23 01:00:00,1767.014053,1772.275230,1761.299151,1767.009133,9175.782352
2024-01-23 02:00:00,1766.194185,1776.469065,1762.928341,1771.032851,12309.692360
2024-01-23 03:00:00,1773.260314,1781.180038,1768.137751,1774.945231,13157.770714
2024-01-23 04:00:00,1775.044382,1785.446220,1766.827695,1773.835104,16936.417470
2024-01-23 05:00:00,1773.027443,1792.669728,1769.112403,1789.102083,21209.499840
2024-01-23 06:00:00,1789.427492,1792.541489,1786.786993,1788.851889,3720.400691
2024-01-23 07:00:00,1791.608996,1806.986058,1781.837316,1800.005503,24368.983907
2024-01-23 08:00:00,1799.038311,1807.736350,1791.273951,1803.084894,10678.027449
2024-01-23 09:00:00,1803.019622,1817.362153,1798.689645,1810.107409,13449.472139
2024-01-23 10:00:00,1810.338830,1820.379582,1804.347028,1817.159907,7969.160118
2024-01-23 11:00:00,1817.861633,1832.455460,1807.766720,1821.885062,16069.857340
2024-01-23 12:00:00,1823.236281,1828.822505,1811.155324,1819.093311,4642.652313
2024-01-23 13:00:00,1822.009700,1826.222186,1821.484398,1825.850690,569.522060
2024-01-23 14:00:00,1824.965213,1829.740777,1806.395367,1812.975481,48887.375963
2024-01-23 15:00:00,1813.321712,1821.098714,1803.692962,1807.422690,12602.070067
2024-01-23 16:00:00,1808.043927,1817.929958,1799.131703,1809.087795,15751.398537
2024-01-23 17:00:00,1807.167237,1813.860965,1799.784278,1806.802664,8374.157333
2024-01-23 18:00:00,1806.677220,1817.089990,1787.033893,1794.804403,28079.370748
2024-01-23 19:00:00,1795.547229,1801.301486,1788.352072,1794.784912,9504.776128
2024-01-23 20:00:00,1794.961903,1802.477761,1783.709531,1787.814007,18058.147602
2024-01-23 21:00:00,1787.594759,1790.175778,1772.839056,1777.268531,15237.291997
2024-01-23 22:00:00,1777.360515,1782.983919,1767.992955,1772.423783,7754.522576
2024-01-23 23:00:00,1771.962937,1781.101441,1765.626087,1774.824817,22503.643375
2024-01-24 00:00:00,1775.624418,1789.886515,1770.389470,1778.067573,22300.648814
2024-01-24 01:00:00,1777.189461,1785.088722,1773.026911,1781.231883,11452.017875
2024-01-24 02:00:00,1780.572685,1783.947756,1776.033427,1781.075603,3896.332490
2024-01-24 03:00:00,1781.162905,1785.044108,1771.773499,1773.671737,4632.477867
2024-01-24 04:00:00,1773.824318,1778.749331,1761.190475,1767.305867,7087.186743
2024-01-24 05:00:00,1767.794521,1774.350403,1763.435269,1769.813989,7018.535233
2024-01-24 06:00:00,1768.882389,1772.784475,1754.390866,1758.961954,32581.248477
2024-01-24 07:00:00,1758.057093,1760.593100,1750.303650,1752.610419,16342.966018
2024-01-24 08:00:00,1751.437988,1752.735579,1747.737676,1749.718114,8920.646010
2024-01-24 09:00:00,1748.389308,1757.124369,1739.046004,1751.217637,10004.761026
2024-01-24 10:00:00,1750.346303,1758.218196,1737.370712,1746.080090,24642.082926
2024-01-24 11:00:00,1746.946525,1750.010547,1741.486020,1745.813144,5267.125203
2024-01-24 12:00:00,1746.722017,1753.285504,1735.413670,1741.105184,12935.881539
2024-01-24 13:00:00,1741.220687,1755.183524,1737.512356,1749.311509,19624.415442
2024-01-24 14:00:00,1749.822408,1757.064194,1741.078084,1748.207891,31364.301990
2024-01-24 15:00:00,1748.737619,1754.306474,1741.598952,1747.025958,5099.529542
2024-01-24 16:00:00,1745.954188,1757.196222,1736.284486,1749.027194,11668.849342
2024-01-24 17:00:00,1750.064225,1764.262923,1745.548067,1759.821096,18969.830093
2024-01-24 18:00:00,1760.208447,1764.552279,1752.851578,1759.368439,4579.074693
2024-01-24 19:00:00,1760.188451,1765.028305,1752.955613,1760.622672,9057.994630
2024-01-24 20:00:00,1761.639073,1765.159491,1750.413784,1754.562365,17246.928518
2024-01-24 21:00:00,1756.728914,1762.725421,1747.666149,1754.512604,8514.044845
2024-01-24 22:00:00,1754.099755,1759.110057,1737.760125,1749.082798,9547.721440
2024-01-24 23:00:00,1750.707666,1755.824173,1740.791063,1746.293034,11921.061280
2024-01-25 00:00:00,1746.985745,1751.429717,1742.463956,1746.184083,3899.207904
2024-01-25 01:00:00,1746.599915,1754.042163,1742.441998,1746.597176,6580.153142
2024-01-25 02:00:00,1748.470411,1755.402084,1742.341541,1749.509090,13602.904465
2024-01-25 03:00:00,1750.466634,1752.911316,1745.000049,1748.599923,2592.282677
2024-01-25 04:00:00,1746.737056,1748.166984,1742.899845,1746.145017,7562.316423
2024-01-25 05:00:00,1745.388913,1757.404984,1735.834498,1750.916513,9527.194959
2024-01-25 06:00:00,1750.503402,1756.646609,1739.965471,1743.322057,35784.254086
2024-01-25 07:00:00,1744.200271,1750.983287,1740.304312,1743.657009,41258.115459
2024-01-25 08:00:00,1741.937265,1747.083497,1737.001489,1743.660419,6755.206900
2024-01-25 09:00:00,1743.512808,1747.803213,1734.774907,1742.184613,7809.674945
2024-01-25 10:00:00,1742.729463,1748.934807,1732.745367,1740.109458,9753.660933
2024-01-25 11:00:00,1739.119530,1750.924849,1731.942117,1741.348902,23366.572285
2024-01-25 12:00:00,1742.359663,1744.210016,1730.261686,1732.400533,22837.333560
2024-01-25 13:00:00,1732.107606,1739.486926,1725.125439,1735.923254,9713.565946
2024-01-25 14:00:00,1736.855984,1743.506915,1733.208353,1737.381990,21134.956845
2024-01-25 15:00:00,1736.464101,1740.011703,1728.560426,1733.453647,8539.338535
2024-01-25 16:00:00,1733.158518,1735.613664,1728.361197,1731.562801,4886.590929
2024-01-25 17:00:00,1731.598233,1734.560071,1718.377232,1721.932245,25126.417909
2024-01-25 18:00:00,1720.665290,1728.020242,1710.512331,1719.824415,10499.008401
2024-01-25 19:00:00,1718.496319,1722.092317,1709.907416,1716.279697,5014.116952
2024-01-25 20:00:00,1714.664325,1720.499380,1708.129745,1716.398756,6046.366967
2024-01-25 21:00:00,1715.667600,1725.052600,1713.843513,1722.133235,6353.570282
2024-01-25 22:00:00,1721.600717,1725.564316,1706.441986,1715.178516,3697.090476
2024-01-25 23:00:00,1715.410002,1725.739196,1708.692136,1718.270615,8169.281522
2024-01-26 00:00:00,1718.510403,1721.698709,1708.920310,1713.864352,10896.747269
2024-01-26 01:00:00,1713.123112,1722.437328,1699.155553,1707.313440,19399.085304
2024-01-26 02:00:00,1708.223071,1728.538558,1701.520685,1723.570074,32032.347547
2024-01-26 03:00:00,1724.079894,1738.410479,1714.869155,1732.143593,22501.053290
2024-01-26 04:00:00,1733.432217,1736.293854,1704.764802,1707.927128,27435.023514
2024-01-26 05:00:00,1709.654362,1713.712437,1705.190519,1707.706304,7056.843393
2024-01-26 06:00:00,1706.458559,1712.177953,1698.368660,1703.831257,12039.369372
2024-01-26 07:00:00,1703.632834,1717.111269,1692.100717,1710.559947,24136.717257
2024-01-26 08:00:00,1711.377353,1714.324587,1702.182842,1704.992090,7962.475807
2024-01-26 09:00:00,1704.196921,1708.177238,1697.276697,1703.655328,14307.738894
2024-01-26 10:00:00,1703.347767,1710.224645,1695.525092,1705.891420,12926.650509
2024-01-26 11:00:00,1705.453276,1710.027223,1699.537555,1703.940910,6284.498141
2024-01-26 12:00:00,1703.605138,1707.044443,1697.217592,1702.200041,8261.855865
2024-01-26 13:00:00,1700.694710,1709.297105,1690.994673,1701.079831,16067.870322
2024-01-26 14:00:00,1700.953589,1707.564349,1678.383694,1686.553663,10694.707605
2024-01-26 15:00:00,1686.197051,1690.954331,1675.441483,1679.454138,29693.840668
2024-01-26 16:00:00,1679.082487,1688.755870,1675.390602,1683.854270,34585.805442
2024-01-26 17:00:00,1683.120688,1690.958635,1677.385780,1681.580158,8688.775580
2024-01-26 18:00:00,1682.195333,1690.437826,1677.887545,1682.792219,31002.372469
2024-01-26 19:00:00,1682.967855,1686.160281,1677.569849,1682.423772,8410.006872
2024-01-26 20:00:00,1682.510266,1686.514431,1679.114981,1682.520106,9873.402033
2024-01-26 21:00:00,1682.705695,1688.321445,1678.021689,1685.297951,24152.446416
2024-01-26 22:00:00,1685.917566,1693.436746,1682.418507,1686.087896,21981.652579
2024-01-26 23:00:00,1685.989091,1690.536101,1678.631451,1683.813276,17862.255677
2024-01-27 00:00:00,1684.260289,1692.639638,1667.043922,1672.602288,43941.197442
2024-01-27 01:00:00,1673.579938,1682.289403,1669.160289,1674.531483,7323.725341
2024-01-27 02:00:00,1675.259108,1683.597063,1667.861778,1677.932217,19444.553952
2024-01-27 03:00:00,1678.106350,1681.239346,1672.522354,1676.567678,19892.890574
2024-01-27 04:00:00,1676.576517,1686.404155,1669.472036,1680.082804,26421.553554
2024-01-27 05:00:00,1679.909222,1691.229359,1674.936497,1685.247145,56058.968393
2024-01-27 06:00:00,1686.778467,1698.171887,1683.202320,1695.381678,5508.893863
2024-01-27 07:00:00,1696.262478,1702.393384,1693.841257,1699.456344,6249.253510
2024-01-27 08:00:00,1699.655941,1704.689834,1695.195563,1698.080705,5647.921300
2024-01-27 09:00:00,1697.371621,1702.601912,1691.380595,1698.121490,18020.997246
2024-01-27 10:00:00,1698.636011,1704.763643,1682.821615,1690.664368,18281.215843
2024-01-27 11:00:00,1691.303425,1698.878371,1679.995855,1693.158133,17984.873144
2024-01-27 12:00:00,1694.800339,1697.943500,1691.305737,1694.550966,7724.548493
2024-01-27 13:00:00,1694.462930,1701.600076,1679.244664,1687.993924,48620.477433
2024-01-27 14:00:00,1687.686003,1698.734457,1675.635017,1682.216067,14593.767310
2024-01-27 15:00:00,1683.419289,1689.604032,1667.342140,1676.368359,15707.874229
2024-01-27 16:00:00,1677.722101,1681.180871,1673.837866,1679.137387,8903.653976
2024-01-27 17:00:00,1679.491631,1689.667255,1675.176666,1686.627535,20412.284185
2024-01-27 18:00:00,1687.145616,1693.534754,1676.654524,1680.203924,12502.841802
2024-01-27 19:00:00,1680.511418,1690.883693,1675.152582,1686.326826,48626.746085
2024-01-27 20:00:00,1687.437650,1690.475932,1677.872093,1681.858944,9717.873419
2024-01-27 21:00:00,1682.133268,1685.282509,1676.303723,1678.664435,3052.555401
2024-01-27 22:00:00,1679.800685,1685.025870,1676.303670,1680.912641,11266.113113
2024-01-27 23:00:00,1682.654329,1689.465642,1674.588153,1683.365503,29175.407663
2024-01-28 00:00:00,1682.700747,1688.735404,1678.405380,1683.894451,16826.902816
2024-01-28 01:00:00,1684.733669,1700.691512,1680.002682,1689.175276,17207.584735
2024-01-28 02:00:00,1689.341253,1695.036154,1683.966724,1687.287835,11750.126316
2024-01-28 03:00:00,1687.128692,1702.063917,1682.169181,1694.037883,13695.311455
2024-01-28 04:00:00,1694.707682,1702.994981,1690.449871,1700.621529,33202.523725
2024-01-28 05:00:00,1700.067279,1708.450350,1688.275927,1696.328475,20615.596908
2024-01-28 06:00:00,1697.677973,1702.393856,1693.531879,1696.960232,9909.477319
2024-01-28 07:00:00,1697.132475,1702.175656,1689.452304,1692.445812,20255.796842
2024-01-28 08:00:00,1693.636917,1696.682323,1682.845147,1690.285756,14390.975700
2024-01-28 09:00:00,1689.485582,1698.266401,1678.967182,1685.024643,15088.080439
2024-01-28 10:00:00,1686.001223,1694.608131,1676.481128,1684.892989,23004.006020
2024-01-28 11:00:00,1684.419719,1687.199111,1676.440988,1681.952947,5503.070280
2024-01-28 12:00:00,1681.180457,1687.422425,1677.531933,1682.889843,7663.198398
2024-01-28 13:00:00,1682.474934,1693.383877,1678.274039,1688.199006,23612.757703
2024-01-28 14:00:00,1686.661139,1692.252311,1682.681207,1686.270678,3645.519544
2024-01-28 15:00:00,1685.796430,1704.138631,1680.157087,1692.602124,27586.121741
2024-01-28 16:00:00,1692.967576,1701.449393,1684.500260,1693.589894,21393.190439
2024-01-28 17:00:00,1692.428376,1695.347932,1680.689382,1685.429871,29304.298714
2024-01-28 18:00:00,1685.210326,1692.022640,1671.550110,1682.245126,49547.719648
2024-01-28 19:00:00,1683.404646,1686.271965,1677.145817,1682.064336,6575.639890
2024-01-28 20:00:00,1682.359427,1686.828521,1673.989787,1679.378214,7497.049334
2024-01-28 21:00:00,1679.744181,1688.861741,1672.995739,1684.206632,13553.687471
2024-01-28 22:00:00,1683.648729,1693.012799,1676.342912,1688.185253,32666.303749
2024-01-28 23:00:00,1687.990960,1695.445945,1673.468779,1680.442117,11932.095713
2024-01-29 00:00:00,1679.609667,1699.148023,1671.188965,1692.428324,30384.353523
2024-01-29 01:00:00,1693.203604,1703.232966,1684.238760,1691.459270,9999.602941
2024-01-29 02:00:00,1690.759427,1696.212392,1688.757278,1691.378627,2688.952675
2024-01-29 03:00:00,1692.341610,1702.269098,1684.714576,1696.894148,9064.649540
2024-01-29 04:00:00,1694.563415,1696.715953,1690.610078,1694.057489,7202.821285
2024-01-29 05:00:00,1694.632004,1698.205190,1689.636668,1694.502933,6935.086937
2024-01-29 06:00:00,1694.557880,1704.245730,1682.815039,1692.490848,17342.745317
2024-01-29 07:00:00,1691.608558,1700.592891,1681.485127,1690.538282,11206.285931
2024-01-29 08:00:00,1690.684058,1700.828760,1684.804657,1689.638700,22471.019568
2024-01-29 09:00:00,1689.501190,1692.669119,1682.844136,1684.977780,8856.790802
2024-01-29 10:00:00,1683.924789,1702.623798,1677.667022,1696.294080,25345.595232
2024-01-29 11:00:00,1695.966126,1705.535954,1690.966085,1703.483927,9661.262216
2024-01-29 12:00:00,1704.622185,1710.236592,1692.100550,1698.459981,16543.996761
2024-01-29 13:00:00,1697.011778,1699.945662,1688.900771,1692.389950,13624.512442
2024-01-29 14:00:00,1692.008256,1698.218656,1684.637739,1693.514366,13706.835387
2024-01-29 15:00:00,1693.194384,1696.612373,1686.076476,1691.030288,20633.405328
2024-01-29 16:00:00,1690.058213,1693.781496,1675.213133,1681.661596,20908.396548
2024-01-29 17:00:00,1682.365452,1694.597352,1671.965140,1683.285388,13316.889269
2024-01-29 18:00:00,1684.003782,1694.163427,1667.952422,1676.087461,7324.496590
2024-01-29 19:00:00,1677.497504,1682.898313,1666.251474,1672.848793,8068.159640
2024-01-29 20:00:00,1673.311871,1682.649752,1662.258946,1674.569272,10654.249273
2024-01-29 21:00:00,1676.687059,1688.192001,1663.105572,1674.043785,16261.268365
2024-01-29 22:00:00,1673.231510,1677.290274,1667.047649,1674.628613,4698.446000
2024-01-29 23:00:00,1675.485469,1686.065281,1670.725858,1682.527939,16472.056990
2024-01-30 00:00:00,1682.482356,1689.884680,1674.743761,1682.652565,20433.508705
2024-01-30 01:00:00,1682.564903,1686.650223,1672.733692,1678.141897,9509.429412
2024-01-30 02:00:00,1678.686104,1683.607306,1669.236681,1673.106838,9894.668662
2024-01-30 03:00:00,1672.590000,1676.414651,1669.319246,1673.903980,6716.959358
2024-01-30 04:00:00,1673.361585,1676.649308,1667.849601,1672.242051,19916.872234
2024-01-30 05:00:00,1671.184966,1674.841781,1665.538212,1668.208536,7483.235062
2024-01-30 06:00:00,1668.007915,1671.335962,1664.082894,1669.040486,16556.630494
2024-01-30 07:00:00,1668.745677,1676.882849,1662.181035,1666.754334,47279.509476
2024-01-30 08:00:00,1667.218105,1669.960860,1660.594306,1663.441751,12178.051559
2024-01-30 09:00:00,1662.875687,1665.074542,1655.769454,1658.380767,8877.069573
2024-01-30 10:00:00,1659.433978,1660.198306,1658.582581,1659.128332,1204.226080
2024-01-30 11:00:00,1659.665263,1662.253934,1652.252621,1656.935053,17593.224728
2024-01-30 12:00:00,1656.876254,1663.716834,1652.802496,1660.966399,22179.119607
2024-01-30 13:00:00,1661.007726,1665.296262,1658.819071,1662.316880,6113.708149
2024-01-30 14:00:00,1662.718327,1664.412106,1659.950341,1662.201564,4467.108712
2024-01-30 15:00:00,1661.861027,1667.687570,1654.785193,1658.692996,12738.916586
2024-01-30 16:00:00,1659.476237,1662.434020,1658.217769,1661.100905,12673.683207
2024-01-30 17:00:00,1661.964468,1667.943019,1659.751671,1665.671818,8200.420113
2024-01-30 18:00:00,1665.182725,1670.178647,1662.800918,1665.025725,9140.920595
2024-01-30 19:00:00,1666.706810,1670.805604,1657.498080,1663.236638,38420.507562
2024-01-30 20:00:00,1664.076030,1667.558910,1654.557663,1658.646183,10616.709648
2024-01-30 21:00:00,1658.275345,1662.974912,1655.574701,1658.590551,35189.776499
2024-01-30 22:00:00,1657.362973,1659.922325,1646.562764,1649.651349,15620.754467
2024-01-30 23:00:00,1649.867148,1651.542782,1642.212328,1645.323482,19723.493064
2024-01-31 00:00:00,1645.942894,1651.343738,1642.138758,1646.910844,14179.816215
2024-01-31 01:00:00,1646.987832,1650.015138,1643.003345,1647.325753,9786.170293
2024-01-31 02:00:00,1647.554952,1651.379602,1642.085075,1646.618420,12822.911461
2024-01-31 03:00:00,1645.960708,1648.025810,1641.177131,1646.035671,14656.958059
2024-01-31 04:00:00,1646.474867,1656.613412,1641.955339,1649.758438,6945.710007
2024-01-31 05:00:00,1649.466031,1652.269699,1640.500829,1646.919324,19164.558732
2024-01-31 06:00:00,1646.930214,1650.526871,1644.042512,1646.310692,13143.638756
2024-01-31 07:00:00,1647.336368,1650.338087,1643.356986,1645.010957,14882.514011
2024-01-31 08:00:00,1646.066588,1652.120653,1642.848368,1646.706196,8990.104587
2024-01-31 09:00:00,1647.201872,1653.713924,1641.826998,1650.579249,65453.638327
2024-01-31 10:00:00,1650.228219,1652.793445,1646.941699,1648.991345,3533.882682
2024-01-31 11:00:00,1649.141982,1652.096233,1645.102382,1648.424339,5419.609031
2024-01-31 12:00:00,1648.897426,1651.026671,1641.099397,1645.231401,24867.641150
2024-01-31 13:00:00,1643.744036,1649.474804,1639.388687,1647.048886,35789.939312
2024-01-31 14:00:00,1646.640847,1649.075297,1642.933174,1644.169918,9400.600356
2024-01-31 15:00:00,1644.010725,1650.069815,1642.212265,1648.158124,12779.838473
2024-01-31 16:00:00,1648.387900,1652.498488,1645.819075,1648.963438,4397.822296
2024-01-31 17:00:00,1649.374202,1657.988671,1644.206681,1651.815491,22672.041550
2024-01-31 18:00:00,1651.260516,1654.415619,1645.189822,1648.740579,4812.581026
2024-01-31 19:00:00,1649.802057,1654.391417,1647.506374,1652.324060,7093.198527
2024-01-31 20:00:00,1651.922594,1656.116560,1642.642682,1649.179362,16692.214417
2024-01-31 21:00:00,1649.161689,1653.324836,1647.025327,1650.330411,14412.924101
2024-01-31 22:00:00,1650.012343,1656.373061,1646.969801,1654.188062,7213.596526
2024-01-31 23:00:00,1653.454086,1658.240046,1651.805491,1654.867804,4796.383833
2024-02-01 00:00:00,1656.123665,1658.679882,1652.480735,1654.807970,6169.035168
2024-02-01 01:00:00,1654.949563,1659.874407,1652.590594,1655.911525,8072.087177
2024-02-01 02:00:00,1656.778198,1659.887424,1651.003872,1653.278122,21394.031835
2024-02-01 03:00:00,1654.166003,1656.924951,1651.846078,1655.739258,3491.403844
2024-02-01 04:00:00,1655.320467,1660.241715,1652.793471,1656.386050,9365.449017
2024-02-01 05:00:00,1656.203417,1657.664928,1652.644445,1655.525834,5289.395955
2024-02-01 06:00:00,1654.680217,1661.907848,1650.298448,1658.781820,11081.184786
2024-02-01 07:00:00,1659.362241,1663.592875,1656.050467,1659.586774,11927.232756
2024-02-01 08:00:00,1659.393315,1663.518703,1656.188461,1659.928822,16081.481098
2024-02-01 09:00:00,1659.618390,1661.788453,1656.294124,1659.579928,6170.607316
2024-02-01 10:00:00,1658.460109,1662.172445,1655.516386,1658.281863,6123.550303
2024-02-01 11:00:00,1657.864764,1661.860641,1652.051246,1656.724122,18344.126258
2024-02-01 12:00:00,1655.981534,1660.253822,1652.338076,1656.614122,10638.288391
2024-02-01 13:00:00,1656.926748,1659.897977,1654.012927,1655.786956,13231.656633
2024-02-01 14:00:00,1656.052958,1662.697738,1651.268083,1653.948280,19373.144125
2024-02-01 15:00:00,1653.908983,1660.737234,1648.845738,1655.429873,7412.130656
2024-02-01 16:00:00,1655.160963,1662.093912,1653.227695,1660.140652,29632.989245
2024-02-01 17:00:00,1660.427090,1663.138644,1659.662128,1662.178642,8155.435316
2024-02-01 18:00:00,1661.666194,1667.486219,1655.850610,1664.410705,7377.880945
2024-02-01 19:00:00,1663.785473,1668.688795,1659.346675,1662.048775,18029.727460
2024-02-01 20:00:00,1661.875572,1664.282592,1657.215701,1661.302854,7660.730910
2024-02-01 21:00:00,1661.396332,1668.545066,1658.741630,1665.641494,4384.735733
2024-02-01 22:00:00,1665.880737,1669.980186,1662.472529,1665.972743,14820.916293
2024-02-01 23:00:00,1666.086959,1681.089373,1661.403646,1675.745197,42079.564002
2024-02-02 00:00:00,1675.271182,1676.915801,1671.467195,1672.534208,9061.575849
2024-02-02 01:00:00,1673.112654,1679.023397,1670.406653,1673.929207,12551.400986
2024-02-02 02:00:00,1673.640628,1678.274941,1668.132426,1672.264607,15802.744779
2024-02-02 03:00:00,1671.764984,1676.609906,1667.085941,1671.480343,22403.031148
2024-02-02 04:00:00,1671.113503,1675.490627,1667.197417,1672.234666,6711.189469
2024-02-02 05:00:00,1671.609008,1681.468394,1667.501828,1676.202933,28638.584072
2024-02-02 06:00:00,1676.530020,1688.337496,1672.612979,1682.418200,16521.968144
2024-02-02 07:00:00,1683.002626,1688.783480,1674.373524,1679.959911,33349.523138
2024-02-02 08:00:00,1680.032978,1683.680443,1675.697136,1680.484281,10496.661155
2024-02-02 09:00:00,1681.158339,1688.827149,1669.589187,1676.402976,15736.342341
2024-02-02 10:00:00,1676.817230,1682.099163,1675.694470,1681.158835,14003.221207
2024-02-02 11:00:00,1680.466055,1682.860110,1673.642962,1678.909409,8055.637254
2024-02-02 12:00:00,1679.211977,1682.826746,1676.774590,1680.679235,5468.142746
2024-02-02 13:00:00,1680.908234,1683.978877,1678.431449,1682.009359,7082.841867
2024-02-02 14:00:00,1681.637643,1685.054265,1677.418658,1680.182514,13772.649652
2024-02-02 15:00:00,1679.558785,1685.060416,1675.812886,1680.190597,7838.177267
2024-02-02 16:00:00,1681.284106,1685.493577,1680.220339,1684.390394,10284.801884
2024-02-02 17:00:00,1684.532243,1690.233385,1680.152476,1684.654696,16076.758782
2024-02-02 18:00:00,1684.591366,1685.631440,1681.488760,1683.881650,6778.152939
2024-02-02 19:00:00,1683.376538,1694.213717,1677.576674,1688.615272,20345.215859
2024-02-02 20:00:00,1688.182587,1690.937863,1686.368357,1689.797528,3051.963563
2024-02-02 21:00:00,1689.408177,1702.720096,1687.424884,1698.596770,25238.167763
2024-02-02 22:00:00,1698.976037,1702.727905,1696.989955,1699.082419,13829.009873
2024-02-02 23:00:00,1698.734987,1701.233059,1693.873789,1697.207446,22753.929492
2024-02-03 00:00:00,1697.593123,1701.258794,1689.509949,1693.169775,8456.716907
2024-02-03 01:00:00,1692.185662,1697.529821,1688.120533,1695.267581,9493.313204
2024-02-03 02:00:00,1695.480181,1702.126701,1691.310436,1698.085278,21327.543068
2024-02-03 03:00:00,1698.401839,1702.506772,1689.410734,1692.675775,24246.801142
2024-02-03 04:00:00,1692.271788,1698.927505,1686.098723,1696.187089,19444.166377
2024-02-03 05:00:00,1695.727074,1698.889452,1692.082696,1693.855910,16275.753796
2024-02-03 06:00:00,1694.447612,1697.038659,1692.060904,1694.958859,4966.540294
2024-02-03 07:00:00,1694.724906,1698.533905,1688.345114,1690.539945,19542.617013
2024-02-03 08:00:00,1691.156119,1698.551940,1682.874470,1690.015652,31332.156895
2024-02-03 09:00:00,1690.194369,1695.618848,1686.122459,1691.717827,9112.156030
2024-02-03 10:00:00,1691.683485,1700.048642,1689.100172,1695.546758,24301.436350
2024-02-03 11:00:00,1695.807683,1702.140306,1688.820852,1699.112639,5063.556224
2024-02-03 12:00:00,1699.674375,1702.715970,1693.261042,1696.980878,26335.792802
2024-02-03 13:00:00,1695.948163,1703.116808,1694.130231,1700.180984,11904.642903
2024-02-03 14:00:00,1700.145779,1705.556408,1693.301561,1701.154188,16757.136554
2024-02-03 15:00:00,1702.001800,1711.637832,1699.589465,1705.612131,8820.700051
2024-02-03 16:00:00,1705.919333,1709.161781,1699.575446,1703.493891,4395.456487
2024-02-03 17:00:00,1702.846519,1709.268197,1699.560992,1705.504238,6164.042118
2024-02-03 18:00:00,1705.649583,1713.289543,1700.307848,1710.502460,12029.756332
2024-02-03 19:00:00,1709.740506,1714.894435,1706.170076,1711.122733,9981.638076
2024-02-03 20:00:00,1711.097474,1715.510621,1708.327030,1713.672694,3801.748554
2024-02-03 21:00:00,1713.866101,1717.134356,1707.778469,1710.810799,7786.049994
2024-02-03 22:00:00,1710.620297,1714.887150,1705.752891,1709.523175,30896.387349
2024-02-03 23:00:00,1710.432523,1713.938189,1706.323249,1711.071929,8497.791303
2024-02-04 00:00:00,1711.049947,1714.318164,1708.042205,1709.879964,21239.886116
2024-02-04 01:00:00,1709.695877,1714.897049,1705.868004,1708.525204,23647.725793
2024-02-04 02:00:00,1707.886975,1713.256638,1703.835369,1707.442315,10975.512410
2024-02-04 03:00:00,1707.217091,1716.607478,1706.006337,1715.943016,30489.556072
2024-02-04 04:00:00,1716.681711,1724.208678,1713.826560,1721.064603,14124.199757
2024-02-04 05:00:00,1721.674162,1726.405825,1714.963649,1720.286146,22331.037793
2024-02-04 06:00:00,1720.443593,1725.297513,1714.168751,1718.813655,11464.456541
2024-02-04 07:00:00,1719.165536,1721.729851,1716.596189,1718.217362,8688.022336
2024-02-04 08:00:00,1718.303288,1723.536140,1713.885166,1720.034337,27238.129393
2024-02-04 09:00:00,1720.327200,1725.456781,1716.395089,1721.933401,33127.182752
2024-02-04 10:00:00,1721.681159,1724.556795,1719.189344,1723.265677,1894.349241
2024-02-04 11:00:00,1723.344281,1728.241731,1717.267753,1722.526944,9973.988664
2024-02-04 12:00:00,1722.146097,1729.222077,1718.784987,1725.141082,10318.279139
2024-02-04 13:00:00,1724.962805,1732.048062,1720.233883,1728.180075,5835.948688
2024-02-04 14:00:00,1728.341986,1736.022782,1725.239275,1729.277796,13104.188228
2024-02-04 15:00:00,1729.128702,1734.232368,1726.383763,1731.473858,5964.980439
2024-02-04 16:00:00,1731.246742,1736.020465,1727.187945,1731.917953,10341.345497
2024-02-04 17:00:00,1732.196856,1735.605501,1726.382325,1733.037849,11838.469732
2024-02-04 18:00:00,1733.474848,1739.384512,1723.698590,1727.117416,19191.911268
2024-02-04 19:00:00,1726.984979,1733.504886,1725.011917,1731.730074,7387.876701
2024-02-04 20:00:00,1731.206007,1737.285840,1727.028118,1732.706305,15357.346991
2024-02-04 21:00:00,1732.245601,1737.431671,1729.789523,1733.209355,8020.544878
2024-02-04 22:00:00,1733.929937,1737.532432,1723.836210,1729.571196,17240.240347
2024-02-04 23:00:00,1729.539265,1735.433092,1720.174743,1727.923471,10176.309169
2024-02-05 00:00:00,1728.275949,1735.078020,1715.962536,1720.310789,26456.899723
2024-02-05 01:00:00,1720.529790,1723.289534,1713.797990,1715.855091,3241.970220
2024-02-05 02:00:00,1714.790527,1719.712167,1709.996617,1715.640114,40599.194632
2024-02-05 03:00:00,1716.090622,1721.533198,1709.114166,1714.150864,7761.266589
2024-02-05 04:00:00,1714.313471,1719.350344,1706.148014,1713.070367,7198.328857
2024-02-05 05:00:00,1713.017500,1722.208575,1703.967460,1714.146059,15899.081944
2024-02-05 06:00:00,1713.030685,1720.147052,1708.159789,1715.139681,30878.380702
2024-02-05 07:00:00,1714.566506,1717.043000,1708.115811,1711.907215,15246.763725
2024-02-05 08:00:00,1711.257325,1716.545854,1703.693163,1708.397001,8612.213807
2024-02-05 09:00:00,1708.683282,1714.492763,1700.074239,1706.728963,11958.424865
2024-02-05 10:00:00,1705.642475,1715.851288,1701.360103,1710.424786,16161.262388
2024-02-05 11:00:00,1710.161367,1714.722041,1702.263945,1706.883882,30872.251568
2024-02-05 12:00:00,1705.775790,1716.249954,1701.224111,1711.836020,27072.650851
2024-02-05 13:00:00,1711.929062,1716.933449,1707.584060,1712.031888,11542.590095
2024-02-05 14:00:00,1712.114673,1718.196916,1706.032157,1710.500049,16725.277198
2024-02-05 15:00:00,1710.505792,1718.322522,1702.576963,1714.629182,28006.531700
2024-02-05 16:00:00,1716.655990,1725.256729,1712.860294,1716.967111,37184.620988
2024-02-05 17:00:00,1718.320763,1723.727653,1716.177556,1720.249542,6292.003144
2024-02-05 18:00:00,1719.325275,1724.674446,1717.753260,1723.505223,7738.830219
2024-02-05 19:00:00,1723.299571,1729.058856,1720.168133,1726.624509,4838.894590
2024-02-05 20:00:00,1726.670904,1738.635374,1723.081676,1731.551529,17329.151735
2024-02-05 21:00:00,1731.245110,1734.716752,1723.693781,1730.877748,11323.657426
2024-02-05 22:00:00,1729.728185,1741.856995,1723.801895,1735.143151,15334.138791
2024-02-05 23:00:00,1736.208451,1746.486357,1727.728620,1738.438140,12615.143509
2024-02-06 00:00:00,1738.271838,1741.417288,1731.998629,1735.852430,10894.720751
2024-02-06 01:00:00,1734.893697,1744.522664,1724.553971,1738.486929,14697.137726
2024-02-06 02:00:00,1739.481748,1744.672519,1730.618050,1735.506202,12069.076631
2024-02-06 03:00:00,1734.379813,1741.701580,1725.325486,1730.201359,14844.591515
2024-02-06 04:00:00,1729.250059,1734.583012,1722.299492,1729.022839,5745.499217
2024-02-06 05:00:00,1729.849211,1743.165188,1726.868282,1737.572040,8952.941109
2024-02-06 06:00:00,1738.283394,1748.891549,1730.518129,1738.952535,21260.132292
2024-02-06 07:00:00,1739.487822,1748.849806,1729.459632,1743.947162,39692.303993
2024-02-06 08:00:00,1743.059153,1750.962647,1736.321993,1744.618727,18928.492357
2024-02-06 09:00:00,1745.674468,1749.301575,1739.787936,1741.976706,19617.601485
2024-02-06 10:00:00,1741.807373,1750.101227,1734.131334,1742.174449,11072.745152
2024-02-06 11:00:00,1742.639704,1751.441538,1738.467711,1745.682110,34481.617837
2024-02-06 12:00:00,1745.549234,1752.229580,1738.167257,1741.516710,5754.179010
2024-02-06 13:00:00,1741.890260,1746.242777,1738.088452,1743.760080,10137.761423
2024-02-06 14:00:00,1744.021361,1747.694244,1735.310213,1737.328889,36723.534652
2024-02-06 15:00:00,1737.338067,1742.719468,1728.385290,1736.628450,30472.418968
2024-02-06 16:00:00,1736.400686,1741.145096,1734.589424,1740.153579,4927.111355
2024-02-06 17:00:00,1740.434760,1746.137735,1725.503502,1731.560530,17883.992838
2024-02-06 18:00:00,1732.695911,1735.834433,1717.318885,1722.473821,15788.657253
2024-02-06 19:00:00,1722.814742,1729.553557,1716.089547,1722.490789,17358.108996
2024-02-06 20:00:00,1723.115190,1731.859956,1715.487140,1719.378876,32662.299850
2024-02-06 21:00:00,1719.267643,1723.149312,1711.039579,1716.352767,10318.636056
2024-02-06 22:00:00,1717.510109,1723.153887,1713.628563,1719.286201,4528.588862
2024-02-06 23:00:00,1718.749912,1725.726344,1716.963490,1724.298548,4465.128543
2024-02-07 00:00:00,1724.969782,1729.772195,1719.581822,1721.577342,7385.871072
2024-02-07 01:00:00,1721.997585,1725.409170,1717.217706,1720.814875,18761.935147
2024-02-07 02:00:00,1719.907071,1723.770982,1711.635453,1717.202685,16163.455505
2024-02-07 03:00:00,1717.720055,1724.562555,1713.166331,1717.079358,10240.073545
2024-02-07 04:00:00,1717.602719,1720.415102,1707.049571,1713.414716,6700.380971
2024-02-07 05:00:00,1713.382327,1722.381252,1705.449164,1715.775006,27745.841632
2024-02-07 06:00:00,1714.811138,1719.606418,1708.503048,1712.232978,10693.999479
2024-02-07 07:00:00,1712.188632,1717.168976,1702.853000,1713.157381,10385.310925
2024-02-07 08:00:00,1713.303593,1719.865168,1708.337503,1713.509720,21492.199372
2024-02-07 09:00:00,1714.479353,1719.132509,1704.337250,1710.122942,15265.513181
2024-02-07 10:00:00,1711.913356,1719.393759,1709.962543,1717.382666,8883.284511
2024-02-07 11:00:00,1718.389668,1722.256397,1709.420674,1715.698640,8114.625879
2024-02-07 12:00:00,1716.279511,1721.242645,1714.025909,1718.034177,10293.471829
2024-02-07 13:00:00,1718.006100,1723.314854,1708.188847,1713.219827,12398.047600
2024-02-07 14:00:00,1712.886354,1724.024234,1701.941597,1715.554005,56129.926710
2024-02-07 15:00:00,1715.048664,1721.223288,1704.391948,1708.816835,14484.772889
2024-02-07 16:00:00,1708.366421,1711.926152,1704.154616,1709.024718,4742.324876
2024-02-07 17:00:00,1710.476169,1717.075600,1700.016887,1707.147639,7927.898198
2024-02-07 18:00:00,1707.599924,1710.464883,1700.147129,1706.940064,9990.959655
2024-02-07 19:00:00,1706.848834,1715.336865,1702.959363,1707.819507,11844.147821
2024-02-07 20:00:00,1708.778071,1713.769792,1702.170162,1706.609437,18878.594014
2024-02-07 21:00:00,1707.802709,1713.232795,1698.374157,1708.419309,11307.945181
2024-02-07 22:00:00,1707.359288,1709.699150,1703.276298,1705.827563,3718.687326
2024-02-07 23:00:00,1705.864569,1719.451720,1699.456125,1711.170106,16160.426513
2024-02-08 00:00:00,1711.686912,1721.600796,1706.771508,1715.627758,47095.574317
2024-02-08 01:00:00,1717.007951,1722.115604,1714.509970,1717.978534,10088.149709
2024-02-08 02:00:00,1718.268916,1723.695933,1707.582090,1713.516222,9674.201094
2024-02-08 03:00:00,1712.377728,1715.027382,1707.742661,1709.637168,7701.872004
2024-02-08 04:00:00,1709.735450,1716.621181,1700.102715,1708.527456,8817.900041
2024-02-08 05:00:00,1707.140666,1717.323066,1699.212030,1707.435461,7437.121347
2024-02-08 06:00:00,1707.873509,1711.077293,1699.953856,1703.614885,11568.909086
2024-02-08 07:00:00,1704.016678,1708.829318,1697.744054,1700.103758,18514.782591
2024-02-08 08:00:00,1700.294960,1706.267286,1696.189558,1699.579583,16428.821515
2024-02-08 09:00:00,1700.543366,1703.133051,1689.076348,1695.141877,6854.273904
2024-02-08 10:00:00,1694.200463,1700.448642,1686.506122,1695.691097,15552.649271
2024-02-08 11:00:00,1695.573123,1704.532553,1689.832772,1700.993481,13450.244502
2024-02-08 12:00:00,1700.356557,1706.065473,1683.362036,1692.039067,58071.436325
2024-02-08 13:00:00,1691.874106,1699.032105,1679.735416,1686.592854,57042.621606
2024-02-08 14:00:00,1686.395748,1691.199496,1679.243911,1684.447062,8137.416754
2024-02-08 15:00:00,1684.504090,1686.973063,1682.144137,1684.556117,7583.484866
2024-02-08 16:00:00,1684.870920,1691.680963,1675.078302,1679.245365,11233.971700
2024-02-08 17:00:00,1679.736532,1684.759253,1674.788987,1679.932243,30255.200929
2024-02-08 18:00:00,1680.910865,1685.525158,1678.859088,1682.190004,13854.794898
2024-02-08 19:00:00,1682.364519,1683.125215,1680.768933,1681.700767,2844.517693
2024-02-08 20:00:00,1681.436044,1686.168125,1673.463833,1677.852094,9003.382863
2024-02-08 21:00:00,1678.940464,1681.181557,1673.235350,1677.916031,10581.284065
2024-02-08 22:00:00,1677.382123,1683.948090,1669.784038,1672.976397,20746.763975
2024-02-08 23:00:00,1672.718751,1675.619046,1662.977304,1666.162670,16933.685882
2024-02-09 00:00:00,1667.071938,1673.110780,1656.124479,1661.083310,12380.665484
2024-02-09 01:00:00,1661.611977,1667.211486,1651.938306,1658.983932,16613.471296
2024-02-09 02:00:00,1658.883027,1665.040063,1649.614397,1656.605040,19415.822174
2024-02-09 03:00:00,1656.296031,1662.361001,1643.439396,1650.910343,12139.926442
2024-02-09 04:00:00,1650.865242,1655.936603,1647.946329,1652.246787,3422.363927
2024-02-09 05:00:00,1652.890452,1659.948413,1649.741424,1654.985978,14695.792029
2024-02-09 06:00:00,1655.278169,1660.913308,1649.950697,1657.489342,18806.448250
2024-02-09 07:00:00,1656.858334,1660.771721,1652.928255,1657.205934,5552.030405
2024-02-09 08:00:00,1657.467019,1663.152788,1654.298324,1658.174874,13443.486830
2024-02-09 09:00:00,1659.445780,1665.549009,1641.281358,1648.140959,75804.188130
2024-02-09 10:00:00,1649.373958,1656.876265,1637.649358,1643.221504,32349.078669
2024-02-09 11:00:00,1642.962842,1648.059332,1635.587644,1639.792855,6715.824317
2024-02-09 12:00:00,1639.065964,1644.038467,1635.128064,1640.330187,19097.735255
2024-02-09 13:00:00,1639.814344,1645.527107,1635.135806,1642.118903,37955.065005
2024-02-09 14:00:00,1640.308366,1647.592413,1634.402173,1638.720017,12991.702919
2024-02-09 15:00:00,1638.997646,1644.825863,1632.375237,1635.261963,6236.561724
2024-02-09 16:00:00,1635.093350,1635.914560,1634.657204,1635.442378,840.193883
2024-02-09 17:00:00,1635.568313,1640.763736,1635.448656,1640.566535,4012.229515
2024-02-09 18:00:00,1641.415416,1650.355448,1636.772246,1647.258270,25453.768141
2024-02-09 19:00:00,1647.081279,1654.616432,1638.956903,1646.172401,28863.810467
2024-02-09 20:00:00,1645.394430,1653.118963,1640.049423,1647.735762,6163.295893
2024-02-09 21:00:00,1647.199582,1648.864912,1643.075028,1644.690687,6969.803451
2024-02-09 22:00:00,1644.595328,1656.643286,1636.039872,1648.927661,29256.696952
2024-02-09 23:00:00,1648.866767,1650.808199,1642.319625,1647.108626,10615.235751
2024-02-10 00:00:00,1645.493876,1652.962464,1638.302634,1645.687157,15133.474156
2024-02-10 01:00:00,1645.126680,1646.628040,1643.142099,1644.558488,3126.146480
2024-02-10 02:00:00,1644.317864,1653.135434,1638.871627,1646.927543,11644.240023
2024-02-10 03:00:00,1646.934692,1650.090337,1643.386523,1647.453113,7148.377556
2024-02-10 04:00:00,1647.947230,1649.728514,1645.028347,1646.327090,5043.911152
2024-02-10 05:00:00,1645.571635,1652.912175,1635.282618,1642.639102,14084.527347
2024-02-10 06:00:00,1643.027423,1648.649523,1639.545612,1643.759962,9205.239634
2024-02-10 07:00:00,1642.923284,1649.170119,1638.336668,1642.851322,17081.371439
2024-02-10 08:00:00,1643.071814,1650.887650,1634.411892,1638.778462,23335.480441
2024-02-10 09:00:00,1639.746617,1645.207106,1632.356835,1635.270630,21070.131727
2024-02-10 10:00:00,1635.309190,1640.542022,1625.924767,1636.055408,7738.101119
2024-02-10 11:00:00,1635.556639,1635.844531,1631.039795,1631.252095,5455.682919
2024-02-10 12:00:00,1630.528365,1631.973682,1620.076818,1622.126895,19799.585779
2024-02-10 13:00:00,1622.578269,1627.600297,1618.235267,1624.673698,19377.563663
2024-02-10 14:00:00,1626.342975,1632.692633,1615.107217,1620.265906,37381.252295
2024-02-10 15:00:00,1619.247411,1622.642841,1604.620339,1610.259597,8000.699118
2024-02-10 16:00:00,1609.366583,1619.936233,1605.556842,1611.953794,16729.624244
2024-02-10 17:00:00,1611.512853,1612.995526,1599.048726,1602.676541,13607.021370
2024-02-10 18:00:00,1602.463750,1605.738418,1597.976551,1603.309812,22256.350336
2024-02-10 19:00:00,1603.908023,1605.728574,1600.093543,1600.855087,8501.250502
2024-02-10 20:00:00,1600.601090,1605.023532,1599.336760,1603.799297,6990.395074
2024-02-10 21:00:00,1604.169499,1605.105941,1600.867596,1603.183696,11828.659749
2024-02-10 22:00:00,1603.341839,1606.409917,1601.020642,1604.541844,6975.253656
2024-02-10 23:00:00,1604.439296,1606.439102,1603.649513,1605.057895,6122.778951
2024-02-11 00:00:00,1605.040844,1606.854427,1601.760868,1604.380984,7574.765796
2024-02-11 01:00:00,1604.367476,1613.033990,1600.557776,1611.203298,61351.008048
2024-02-11 02:00:00,1611.065341,1612.571981,1608.451317,1610.957020,18232.002159
2024-02-11 03:00:00,1610.676611,1614.925097,1607.322333,1611.282018,14483.181450
2024-02-11 04:00:00,1611.128021,1614.151823,1610.258817,1613.280678,13339.409655
2024-02-11 05:00:00,1612.926841,1615.822003,1609.872177,1612.894705,6807.382777
2024-02-11 06:00:00,1612.969018,1613.425136,1611.382876,1611.799891,2908.360030
2024-02-11 07:00:00,1611.900115,1614.698032,1610.142317,1612.727533,4508.786864
2024-02-11 08:00:00,1612.990082,1616.910473,1608.929448,1614.186991,12008.304214
2024-02-11 09:00:00,1613.723351,1616.341362,1612.421573,1614.944359,8156.566379
2024-02-11 10:00:00,1615.093554,1620.079098,1609.273334,1613.756843,41238.667469
2024-02-11 11:00:00,1613.406394,1619.112058,1609.202858,1617.131659,21446.531430
2024-02-11 12:00:00,1616.901144,1617.296439,1616.249961,1616.694900,3721.323220
2024-02-11 13:00:00,1616.269395,1621.213662,1615.034433,1618.826774,9037.543370
2024-02-11 14:00:00,1619.587872,1623.165733,1617.944633,1620.439430,13255.972961
2024-02-11 15:00:00,1620.599264,1626.165292,1616.964541,1624.048619,6001.473966
2024-02-11 16:00:00,1624.136084,1627.233377,1621.410002,1623.538477,11887.446686
2024-02-11 17:00:00,1623.499937,1626.171571,1621.822628,1624.705520,11275.846884
2024-02-11 18:00:00,1624.707290,1628.353081,1623.897491,1627.177170,8557.735767
2024-02-11 19:00:00,1626.650092,1629.404484,1624.888563,1627.379229,15842.423993
2024-02-11 20:00:00,1627.596141,1630.308874,1623.273941,1625.542214,17213.075023
2024-02-11 21:00:00,1625.384626,1627.318437,1623.184264,1625.456316,7465.678539
2024-02-11 22:00:00,1625.511498,1628.826425,1624.307286,1626.738810,25713.508120
2024-02-11 23:00:00,1626.679450,1631.656157,1626.175318,1631.093646,22653.686227
2024-02-12 00:00:00,1630.599222,1631.741891,1630.012694,1631.067425,5509.427021
2024-02-12 01:00:00,1630.873491,1632.814405,1626.396067,1629.247710,29691.003463
2024-02-12 02:00:00,1629.213766,1631.028267,1627.009424,1629.125101,10121.557726
2024-02-12 03:00:00,1629.253644,1632.089892,1628.253159,1630.370408,9709.677467
2024-02-12 04:00:00,1630.336712,1633.561494,1628.871462,1631.779080,14353.142141
2024-02-12 05:00:00,1631.563741,1635.167122,1629.097526,1632.033727,11672.794900
2024-02-12 06:00:00,1632.008104,1635.030458,1628.796705,1632.418057,15737.230740
2024-02-12 07:00:00,1632.364127,1634.143516,1629.788613,1631.905323,6221.995691
2024-02-12 08:00:00,1631.622725,1634.927702,1628.746349,1631.490708,32263.861140
2024-02-12 09:00:00,1631.315983,1633.492185,1624.332653,1625.526184,24192.565618
2024-02-12 10:00:00,1625.399672,1629.020952,1620.805014,1626.946396,10787.365167
2024-02-12 11:00:00,1626.360024,1632.203079,1624.360587,1628.246833,6823.502751
2024-02-12 12:00:00,1628.267899,1631.912145,1624.986908,1627.577043,14826.182699
2024-02-12 13:00:00,1626.973912,1629.474471,1623.187762,1624.549091,21536.801777
2024-02-12 14:00:00,1624.474152,1626.776261,1623.096414,1625.142353,19307.050080
2024-02-12 15:00:00,1625.773861,1628.389802,1623.015582,1626.622763,3707.933315
2024-02-12 16:00:00,1627.058794,1628.362531,1625.558015,1626.395136,2509.739764
2024-02-12 17:00:00,1626.585893,1632.990286,1622.708163,1629.092058,15126.696988
2024-02-12 18:00:00,1628.883796,1631.999271,1626.151134,1627.686513,16106.945533
2024-02-12 19:00:00,1627.435766,1630.752273,1625.509708,1628.726560,22251.194112
2024-02-12 20:00:00,1628.848567,1631.390378,1624.814756,1627.659391,11080.256026
2024-02-12 21:00:00,1627.555375,1629.961082,1626.661408,1628.712101,6700.940280
2024-02-12 22:00:00,1628.449928,1631.653473,1623.571609,1627.567050,27341.013295
2024-02-12 23:00:00,1627.358865,1630.142898,1625.376165,1627.715727,20356.636488
2024-02-13 00:00:00,1627.820095,1632.509433,1625.754986,1629.882783,29677.348311
2024-02-13 01:00:00,1629.752505,1631.704471,1627.179730,1629.304777,7872.794550
2024-02-13 02:00:00,1629.987179,1639.725407,1627.913669,1635.985818,25832.309688
2024-02-13 03:00:00,1636.485528,1640.328410,1631.255829,1635.635340,20086.456828
2024-02-13 04:00:00,1635.443092,1638.439806,1633.184978,1636.051353,38989.532048
2024-02-13 05:00:00,1636.208025,1640.205582,1633.732985,1636.268900,20750.740040
2024-02-13 06:00:00,1635.806574,1637.607372,1628.787451,1631.009522,17376.921311
2024-02-13 07:00:00,1630.658700,1632.967280,1628.687083,1629.892137,3416.859968
2024-02-13 08:00:00,1630.099917,1633.359308,1626.457520,1629.560307,10829.038741
2024-02-13 09:00:00,1629.385481,1631.364649,1625.465474,1629.176138,22643.527439
2024-02-13 10:00:00,1628.907336,1630.422505,1628.029242,1629.191472,2401.912879
2024-02-13 11:00:00,1629.997470,1632.438166,1628.771868,1631.780762,9217.089232
2024-02-13 12:00:00,1631.654797,1635.761836,1628.797120,1631.223578,12944.345969
2024-02-13 13:00:00,1631.505139,1635.119379,1627.975391,1630.401045,43668.332730
2024-02-13 14:00:00,1630.112370,1631.859551,1629.687713,1631.362732,5768.520107
2024-02-13 15:00:00,1631.471774,1634.255906,1629.802971,1632.230696,5760.159693
2024-02-13 16:00:00,1632.957392,1635.783762,1626.457447,1628.621383,8389.009662
2024-02-13 17:00:00,1628.924988,1632.179897,1628.035664,1631.430863,11217.847852
2024-02-13 18:00:00,1631.533854,1634.854343,1628.705929,1633.591197,7131.758373
2024-02-13 19:00:00,1633.608700,1637.026536,1629.845297,1634.392660,21154.024309
2024-02-13 20:00:00,1634.982697,1638.397003,1632.355210,1636.454985,21161.832127
2024-02-13 21:00:00,1637.579091,1640.467272,1634.033781,1636.883749,16769.710735
2024-02-13 22:00:00,1637.020296,1639.202416,1632.344070,1633.874330,21277.481562
2024-02-13 23:00:00,1634.273187,1639.335682,1633.076986,1638.788600,29728.371872
2024-02-14 00:00:00,1639.211667,1643.711077,1636.145346,1640.980274,13338.315992
2024-02-14 01:00:00,1640.953142,1644.190253,1638.903044,1641.840203,11769.940906
2024-02-14 02:00:00,1641.453636,1645.296962,1639.564670,1642.511851,15306.581149
2024-02-14 03:00:00,1642.588471,1644.621138,1638.102194,1640.042354,24464.294286
2024-02-14 04:00:00,1639.826299,1643.009989,1637.456828,1639.717070,24049.813420
2024-02-14 05:00:00,1639.883175,1644.297313,1637.417942,1642.878214,4767.102192
2024-02-14 06:00:00,1642.278796,1644.562143,1635.968053,1637.580719,8284.813696
2024-02-14 07:00:00,1637.681071,1641.976453,1635.447534,1639.029074,11031.182472
2024-02-14 08:00:00,1638.798067,1643.380547,1637.063861,1641.371519,13045.854053
2024-02-14 09:00:00,1641.770657,1643.384111,1639.140132,1640.655616,4444.328468
2024-02-14 10:00:00,1640.791570,1642.905696,1639.348426,1640.348796,17177.744802
2024-02-14 11:00:00,1640.612726,1645.908263,1639.317790,1643.810844,11090.938370
2024-02-14 12:00:00,1644.297041,1645.735461,1642.839917,1644.010059,6453.175030
2024-02-14 13:00:00,1643.868392,1646.525561,1636.267838,1640.493137,38978.968286
2024-02-14 14:00:00,1640.448215,1647.171929,1638.199779,1644.954929,10391.824392
2024-02-14 15:00:00,1644.655882,1650.686543,1640.002798,1645.923292,11700.701603
2024-02-14 16:00:00,1645.832934,1649.660644,1644.047129,1648.562052,8750.091264
2024-02-14 17:00:00,1648.408558,1651.578286,1644.861133,1648.097446,48477.910370
2024-02-14 18:00:00,1648.100993,1655.608464,1644.994273,1651.314308,31875.084129
2024-02-14 19:00:00,1651.430910,1654.055174,1650.043804,1651.945750,16029.572386
2024-02-14 20:00:00,1651.960823,1655.181923,1644.847947,1648.529189,42513.482070
2024-02-14 21:00:00,1648.741420,1650.907038,1647.774376,1649.801247,7858.692061
2024-02-14 22:00:00,1649.553232,1651.488890,1647.785401,1648.686129,1943.471976
2024-02-14 23:00:00,1648.363024,1652.709148,1645.282737,1649.401315,16534.725901
2024-02-15 00:00:00,1649.598197,1651.622398,1647.902752,1649.714726,4513.454669
2024-02-15 01:00:00,1650.244281,1651.534688,1648.009122,1649.071868,5133.160063
2024-02-15 02:00:00,1649.124365,1653.770422,1646.197627,1651.485333,9086.475744
2024-02-15 03:00:00,1650.778318,1653.289463,1648.598315,1650.721776,7673.537590
2024-02-15 04:00:00,1650.527537,1653.825145,1650.322443,1653.552559,4515.306180
2024-02-15 05:00:00,1653.693933,1658.284450,1651.964332,1655.552133,23097.134513
2024-02-15 06:00:00,1655.583053,1658.842170,1654.592300,1657.556786,7118.510000
2024-02-15 07:00:00,1657.850550,1659.275039,1652.908942,1654.575190,23602.931501
2024-02-15 08:00:00,1654.697657,1656.786055,1652.832421,1654.866011,9705.368375
2024-02-15 09:00:00,1654.106187,1658.310940,1650.380989,1655.845956,15154.283714
2024-02-15 10:00:00,1655.798238,1660.373776,1654.135603,1658.396804,15234.854090
2024-02-15 11:00:00,1658.001072,1663.476501,1654.979364,1661.868244,14300.585032
2024-02-15 12:00:00,1661.339953,1666.108998,1659.139364,1664.938009,24762.925654
2024-02-15 13:00:00,1665.617970,1670.047712,1661.595399,1666.421870,103509.917517
2024-02-15 14:00:00,1666.674628,1671.734292,1663.788983,1668.302549,39250.886148
2024-02-15 15:00:00,1667.731840,1669.743477,1666.167511,1668.069799,6481.484241
2024-02-15 16:00:00,1667.693085,1674.121480,1666.356788,1671.693373,7270.250502
2024-02-15 17:00:00,1671.716537,1673.448483,1668.624914,1670.014872,6927.802317
2024-02-15 18:00:00,1669.997869,1671.417132,1668.638252,1669.833816,3689.150653
2024-02-15 19:00:00,1669.804947,1671.606756,1668.434431,1669.832061,5449.028442
2024-02-15 20:00:00,1669.812608,1677.341710,1666.344660,1673.974848,22391.370356
2024-02-15 21:00:00,1674.237240,1675.924351,1669.264904,1673.360815,49556.221553
2024-02-15 22:00:00,1673.795152,1676.449081,1671.364036,1673.473210,12902.292230
2024-02-15 23:00:00,1673.879582,1680.431366,1668.892431,1675.601478,26465.444051
2024-02-16 00:00:00,1675.248234,1683.338553,1671.713326,1679.183970,36353.207525
2024-02-16 01:00:00,1679.117414,1683.096179,1676.283603,1681.621144,21277.806311
2024-02-16 02:00:00,1681.807894,1683.342464,1677.808153,1680.081882,16629.263175
2024-02-16 03:00:00,1679.932670,1682.126151,1678.615134,1681.519212,2009.997803
2024-02-16 04:00:00,1681.636851,1688.287794,1679.341896,1685.702491,28966.260892
2024-02-16 05:00:00,1685.738354,1687.920891,1680.544086,1682.698824,28062.577401
2024-02-16 06:00:00,1683.193667,1686.004937,1679.834989,1682.544495,20030.692427
2024-02-16 07:00:00,1682.069530,1684.586614,1681.311325,1683.201887,9837.926049
2024-02-16 08:00:00,1682.982085,1688.827055,1679.853907,1684.713973,11290.722749
2024-02-16 09:00:00,1684.849012,1687.617802,1682.965007,1685.278698,17871.407888
2024-02-16 10:00:00,1685.627713,1689.455052,1684.173777,1686.602550,8323.097305
2024-02-16 11:00:00,1687.462043,1691.226211,1684.422943,1689.522076,8996.180249
2024-02-16 12:00:00,1690.155614,1691.222430,1687.675235,1689.732485,8624.853614
2024-02-16 13:00:00,1689.823926,1696.159265,1686.940024,1693.015856,20252.603373
2024-02-16 14:00:00,1693.092545,1694.516035,1690.595274,1693.248681,4080.796843
2024-02-16 15:00:00,1693.269694,1698.110606,1689.642443,1694.095418,11599.066990
2024-02-16 16:00:00,1694.508359,1701.612812,1685.979971,1693.868107,8697.795064
2024-02-16 17:00:00,1693.158207,1700.870869,1689.215429,1693.500985,8708.467606
2024-02-16 18:00:00,1693.039064,1696.316975,1685.434714,1689.800230,10728.662839
2024-02-16 19:00:00,1688.366954,1692.830308,1670.850167,1679.322559,20904.231880
2024-02-16 20:00:00,1678.651513,1694.324446,1671.302639,1689.806119,14334.111198
2024-02-16 21:00:00,1688.922795,1701.874630,1683.342440,1696.611829,7574.853039
2024-02-16 22:00:00,1697.842171,1708.939582,1693.138887,1702.470272,10853.277262
2024-02-16 23:00:00,1703.255447,1705.537324,1696.162862,1700.524765,4141.794117
2024-02-17 00:00:00,1699.500948,1706.853287,1688.807825,1699.597179,24125.848400
2024-02-17 01:00:00,1700.603977,1707.291086,1698.580843,1703.347632,10679.252356
2024-02-17 02:00:00,1702.663957,1710.009999,1691.079773,1696.794441,61420.294599
2024-02-17 03:00:00,1698.529773,1711.725499,1693.447427,1705.007261,8382.090425
2024-02-17 04:00:00,1704.118447,1708.094160,1688.933862,1697.062475,13704.873815
2024-02-17 05:00:00,1698.085745,1708.591554,1692.036580,1701.385209,39421.284113
2024-02-17 06:00:00,1701.932859,1714.580666,1692.256525,1706.148686,12032.870563
2024-02-17 07:00:00,1707.116285,1713.565513,1702.432275,1707.914096,9552.956365
2024-02-17 08:00:00,1709.647957,1712.224660,1703.232850,1705.600804,12395.451524
2024-02-17 09:00:00,1706.370293,1720.349598,1699.031626,1714.533898,9423.618810
2024-02-17 10:00:00,1714.845142,1724.556360,1697.218831,1710.035080,20056.735042
2024-02-17 11:00:00,1707.039736,1710.670792,1703.439621,1706.522401,5540.715378
2024-02-17 12:00:00,1705.648621,1709.531205,1701.089332,1706.852831,3719.202103
2024-02-17 13:00:00,1707.155767,1720.862975,1694.033526,1709.995525,29015.219904
2024-02-17 14:00:00,1709.120229,1715.006704,1705.191063,1711.121263,5888.113575
2024-02-17 15:00:00,1710.776875,1718.486602,1686.381716,1695.679363,38044.546314
2024-02-17 16:00:00,1695.394025,1705.352923,1690.571579,1699.634006,25925.955027
2024-02-17 17:00:00,1697.980630,1705.027319,1694.100584,1700.257855,3568.094212
2024-02-17 18:00:00,1700.490519,1705.014227,1694.594873,1698.839364,6681.357235
2024-02-17 19:00:00,1698.491090,1703.249149,1692.929905,1697.424580,22061.018971
2024-02-17 20:00:00,1698.143074,1705.822045,1692.284486,1699.420455,10398.892555
2024-02-17 21:00:00,1699.308406,1704.521269,1692.344822,1699.592359,12335.486736
2024-02-17 22:00:00,1698.487785,1710.330809,1689.791709,1700.044428,9231.798007
2024-02-17 23:00:00,1699.634837,1706.745656,1689.499962,1697.420117,14938.285975
2024-02-18 00:00:00,1694.699088,1698.456165,1683.261434,1690.330083,12225.744440
2024-02-18 01:00:00,1689.264479,1697.061376,1683.181048,1686.723058,32370.408250
2024-02-18 02:00:00,1688.491615,1691.794001,1681.109573,1688.155235,6711.392124
2024-02-18 03:00:00,1687.483342,1696.151878,1683.943848,1689.828036,11767.058057
2024-02-18 04:00:00,1688.964579,1693.358007,1672.476149,1676.512358,10585.638072
2024-02-18 05:00:00,1673.508233,1681.473840,1658.815409,1667.858397,12045.808182
2024-02-18 06:00:00,1669.302978,1674.124919,1657.750691,1662.644225,15912.634506
2024-02-18 07:00:00,1662.604132,1671.485481,1652.226649,1660.002034,8000.218268
2024-02-18 08:00:00,1660.162911,1668.265373,1650.654829,1655.532490,15975.049674
2024-02-18 09:00:00,1655.935279,1665.713467,1646.938228,1653.880035,20190.574708
2024-02-18 10:00:00,1653.062147,1657.355064,1647.505695,1650.600735,5246.235574
2024-02-18 11:00:00,1649.073967,1657.275761,1642.833978,1649.229065,18849.277379
2024-02-18 12:00:00,1651.598684,1660.062155,1643.073882,1649.777196,16302.854938
2024-02-18 13:00:00,1651.519580,1655.836025,1650.678406,1654.199481,4664.211995
2024-02-18 14:00:00,1654.459223,1657.854432,1647.943246,1650.808492,10012.141336
2024-02-18 15:00:00,1649.924400,1661.553030,1642.541335,1655.501667,19689.808176
2024-02-18 16:00:00,1654.913565,1659.625271,1647.256053,1651.164904,9465.411925
2024-02-18 17:00:00,1649.957251,1652.629475,1642.882485,1645.547530,2573.042831
2024-02-18 18:00:00,1646.586003,1651.055700,1635.732801,1638.081567,9220.472548
2024-02-18 19:00:00,1637.968562,1647.047212,1634.510142,1638.999303,7372.336937
2024-02-18 20:00:00,1640.007452,1644.262854,1634.306849,1641.133896,9879.127371
2024-02-18 21:00:00,1639.438317,1645.431793,1631.837109,1639.164377,21587.487603
2024-02-18 22:00:00,1639.558836,1649.883427,1633.312520,1640.331874,23509.174387
2024-02-18 23:00:00,1640.730598,1647.136989,1625.716929,1638.009175,8695.527411
2024-02-19 00:00:00,1637.464359,1642.303375,1630.351038,1635.210660,22932.509445
2024-02-19 01:00:00,1635.478519,1646.035475,1625.882584,1641.454818,39259.267819
2024-02-19 02:00:00,1641.407244,1650.834112,1634.871752,1645.154334,14540.922150
2024-02-19 03:00:00,1644.852818,1650.032473,1637.667053,1642.978945,7988.698765
2024-02-19 04:00:00,1642.832792,1646.990762,1633.426073,1637.855516,6533.543106
2024-02-19 05:00:00,1637.492976,1642.481188,1630.975533,1636.551850,10751.880692
2024-02-19 06:00:00,1637.310485,1645.183558,1632.933413,1637.139888,12424.673777
2024-02-19 07:00:00,1637.042104,1641.206256,1627.762895,1636.655433,33516.995638
2024-02-19 08:00:00,1637.358099,1646.819791,1624.478026,1636.840468,34350.835895
2024-02-19 09:00:00,1637.648816,1642.929773,1621.798521,1627.976930,57121.605797
2024-02-19 10:00:00,1629.633267,1633.805699,1625.414028,1630.658049,6506.666869
2024-02-19 11:00:00,1629.740676,1635.315746,1621.550726,1626.850234,20470.226773
2024-02-19 12:00:00,1627.129468,1632.138230,1621.408692,1624.579549,11218.550661
2024-02-19 13:00:00,1623.663544,1633.141833,1613.983754,1629.223917,21880.318470
2024-02-19 14:00:00,1629.409654,1643.317075,1624.802449,1639.963312,5795.807341
2024-02-19 15:00:00,1639.741747,1649.639131,1618.772367,1624.676922,36632.671370
2024-02-19 16:00:00,1624.610759,1633.680035,1615.857691,1629.829863,11425.395006
2024-02-19 17:00:00,1629.040018,1631.531625,1626.411396,1629.408894,2455.582041
2024-02-19 18:00:00,1628.183828,1634.640569,1621.038853,1629.942907,6479.824126
2024-02-19 19:00:00,1628.339676,1628.905233,1628.178951,1628.628636,812.181578
2024-02-19 20:00:00,1629.688094,1639.992354,1610.797881,1617.755743,46070.808966
2024-02-19 21:00:00,1618.171781,1630.908835,1608.791231,1614.599939,17323.306952
2024-02-19 22:00:00,1614.976067,1619.942452,1609.272685,1612.707573,16819.398534
2024-02-19 23:00:00,1612.282942,1622.395097,1607.018419,1615.389220,9823.483645
2024-02-20 00:00:00,1614.865814,1620.253891,1608.181098,1611.596305,5307.889313
2024-02-20 01:00:00,1611.580290,1616.420996,1606.110440,1611.713497,12203.945335
2024-02-20 02:00:00,1613.441415,1619.696171,1607.359536,1613.740679,14832.194460
2024-02-20 03:00:00,1613.307438,1618.545302,1608.059242,1613.221292,11896.968138
2024-02-20 04:00:00,1613.918374,1621.993253,1606.807131,1612.339953,5141.264661
2024-02-20 05:00:00,1613.519850,1622.587492,1601.200005,1610.247658,29613.980782
2024-02-20 06:00:00,1609.249504,1613.453985,1588.920782,1593.304795,21494.807781
2024-02-20 07:00:00,1591.475064,1595.630548,1579.423563,1583.774148,10037.769567
2024-02-20 08:00:00,1583.943385,1591.524146,1575.747109,1581.192858,14464.855741
2024-02-20 09:00:00,1581.153914,1590.034193,1568.125025,1572.065951,21308.878280
2024-02-20 10:00:00,1571.405043,1579.898058,1562.914408,1575.239534,12137.187740
2024-02-20 11:00:00,1577.068644,1587.497678,1568.448626,1577.922041,19634.972773
2024-02-20 12:00:00,1576.603595,1580.734729,1562.209784,1568.006431,8017.211751
2024-02-20 13:00:00,1566.580022,1571.504137,1555.842148,1563.517338,24461.045546
2024-02-20 14:00:00,1562.741657,1577.001171,1555.356485,1565.813752,31557.141405
2024-02-20 15:00:00,1567.735752,1575.658810,1563.356045,1569.130777,13134.837335
2024-02-20 16:00:00,1567.921725,1579.695282,1558.702485,1569.496271,29605.712147
2024-02-20 17:00:00,1570.334496,1577.811912,1555.256982,1562.213199,16598.838377
2024-02-20 18:00:00,1561.731180,1574.348309,1553.690418,1564.897714,22598.315956
2024-02-20 19:00:00,1565.291402,1572.055704,1559.101137,1567.815887,24700.026496
2024-02-20 20:00:00,1567.662304,1575.802627,1561.723636,1566.954262,16136.105416
2024-02-20 21:00:00,1565.969873,1576.072327,1559.266758,1571.555287,14476.755174
2024-02-20 22:00:00,1572.105877,1585.923530,1560.379002,1567.261724,36298.562868
2024-02-20 23:00:00,1565.401576,1575.938425,1561.849251,1571.729906,27761.157720
2024-02-21 00:00:00,1573.616858,1583.227017,1567.327672,1574.829671,29718.999605
2024-02-21 01:00:00,1574.369180,1583.478291,1571.283145,1579.903729,9573.307243
2024-02-21 02:00:00,1580.225141,1588.915059,1572.002479,1580.468944,12884.263715
2024-02-21 03:00:00,1578.911280,1587.027654,1566.329349,1576.155142,12210.669285
2024-02-21 04:00:00,1575.851950,1583.614500,1571.118938,1576.489602,15397.158300
2024-02-21 05:00:00,1575.217935,1585.948094,1572.914333,1579.851171,7903.620454
2024-02-21 06:00:00,1581.198078,1594.007700,1572.159879,1585.806221,5989.221792
2024-02-21 07:00:00,1587.371276,1599.566977,1582.735349,1592.344770,16938.505254
2024-02-21 08:00:00,1592.577836,1604.590545,1587.196489,1596.471080,18075.517960
2024-02-21 09:00:00,1596.808329,1600.445672,1586.056578,1591.119422,13407.243978
2024-02-21 10:00:00,1590.973197,1596.303203,1581.465048,1588.952663,14852.260898
2024-02-21 11:00:00,1588.929754,1600.236820,1584.721419,1595.753539,7087.064574
2024-02-21 12:00:00,1595.683103,1605.982243,1589.087710,1599.361063,17542.077565
2024-02-21 13:00:00,1599.434069,1607.218585,1587.029238,1593.916251,30541.614158
2024-02-21 14:00:00,1593.313576,1601.533691,1582.355401,1585.550458,7267.310311
2024-02-21 15:00:00,1584.963368,1590.071376,1582.983157,1588.479754,5079.893659
2024-02-21 16:00:00,1588.178640,1596.859334,1583.888152,1589.586423,10817.779556
2024-02-21 17:00:00,1590.482579,1597.885799,1586.088201,1592.928522,4125.755445
2024-02-21 18:00:00,1593.063064,1601.451586,1568.860501,1577.797316,26411.420371
2024-02-21 19:00:00,1578.324856,1584.814299,1572.080533,1580.843447,10431.870826
2024-02-21 20:00:00,1579.546994,1592.706639,1574.307279,1582.248586,13884.633660
2024-02-21 21:00:00,1581.802536,1590.832708,1577.110292,1584.148924,11253.761634
2024-02-21 22:00:00,1583.639765,1599.226277,1576.891793,1592.390694,19112.385950
2024-02-21 23:00:00,1592.079134,1601.278135,1579.721520,1589.707093,18025.634326
2024-02-22 00:00:00,1589.473354,1598.203015,1583.803169,1593.712144,7933.061174
2024-02-22 01:00:00,1593.925300,1597.870793,1583.102650,1592.425138,10541.501176
2024-02-22 02:00:00,1591.685117,1595.095454,1571.270589,1575.455132,25290.560165
2024-02-22 03:00:00,1574.187558,1579.016535,1571.099831,1575.696982,9780.283912
2024-02-22 04:00:00,1574.858166,1591.257338,1566.396905,1582.429402,12881.695673
2024-02-22 05:00:00,1581.728784,1588.676317,1568.079911,1577.911117,11202.017096
2024-02-22 06:00:00,1577.527697,1587.115740,1571.040794,1584.027917,17775.227061
2024-02-22 07:00:00,1584.772574,1589.219978,1568.441118,1571.659914,48973.257337
2024-02-22 08:00:00,1572.781553,1576.790039,1559.071485,1566.689456,16681.182925
2024-02-22 09:00:00,1567.326216,1574.916951,1559.975683,1567.336260,37468.075289
2024-02-22 10:00:00,1567.341202,1577.577528,1551.377653,1559.542978,14124.134850
2024-02-22 11:00:00,1557.652117,1564.443206,1549.598054,1554.310418,4991.928483
2024-02-22 12:00:00,1554.308180,1560.677158,1551.231289,1557.615997,15747.468763
2024-02-22 13:00:00,1558.434795,1565.034277,1552.626641,1561.160860,15399.148133
2024-02-22 14:00:00,1560.956464,1570.445239,1552.764511,1557.148158,22587.971436
2024-02-22 15:00:00,1556.364531,1563.167743,1548.911358,1553.927219,12614.171247
2024-02-22 16:00:00,1553.706974,1564.703346,1548.724786,1557.629665,13444.353863
2024-02-22 17:00:00,1557.123505,1566.622485,1551.831204,1560.407998,19464.151867
2024-02-22 18:00:00,1561.841416,1572.340612,1556.631834,1566.828201,6755.335563
2024-02-22 19:00:00,1567.140628,1567.911637,1564.824326,1565.380414,2993.364302
2024-02-22 20:00:00,1564.641017,1569.204813,1557.159945,1563.842073,20081.686916
2024-02-22 21:00:00,1564.375236,1567.521593,1557.895355,1560.840474,13420.647392
2024-02-22 22:00:00,1559.764439,1572.401814,1554.132471,1566.642916,16455.281424
2024-02-22 23:00:00,1565.635094,1574.385033,1562.495174,1572.018058,6784.327133
2024-02-23 00:00:00,1572.829752,1581.164647,1562.816818,1571.744994,6181.114432
2024-02-23 01:00:00,1571.082782,1588.146551,1563.365379,1583.968704,14385.399380
2024-02-23 02:00:00,1583.996501,1592.784138,1580.672258,1587.619292,34385.383233
2024-02-23 03:00:00,1587.421098,1591.259898,1576.328965,1583.786380,9405.278677
2024-02-23 04:00:00,1583.794419,1590.806482,1579.018350,1585.359438,13931.698937
2024-02-23 05:00:00,1585.970738,1590.807117,1582.188469,1586.829641,30897.470774
2024-02-23 06:00:00,1586.960071,1590.538477,1580.673879,1584.738145,2615.276980
2024-02-23 07:00:00,1584.349853,1586.093358,1573.380305,1576.607455,12313.727293
2024-02-23 08:00:00,1576.806808,1585.841268,1571.863835,1580.845056,22769.503535
2024-02-23 09:00:00,1580.854962,1583.341313,1576.080562,1580.223234,5762.288027
2024-02-23 10:00:00,1580.536862,1584.906598,1570.307743,1572.517469,26290.443976
2024-02-23 11:00:00,1572.380035,1583.033174,1568.171000,1573.641940,26511.867061
2024-02-23 12:00:00,1572.371591,1579.549626,1550.025582,1557.217430,13016.643055
2024-02-23 13:00:00,1557.219036,1561.117226,1548.329355,1556.427841,8295.954119
2024-02-23 14:00:00,1556.462676,1562.344004,1544.655542,1552.195587,16483.462275
2024-02-23 15:00:00,1551.713330,1557.362513,1547.976542,1555.054665,11575.728703
2024-02-23 16:00:00,1555.014925,1560.772780,1550.309615,1556.545127,16805.089219
2024-02-23 17:00:00,1555.868833,1561.875463,1541.921582,1551.210952,19658.238384
2024-02-23 18:00:00,1551.967688,1555.589328,1539.190601,1543.998274,15511.545815
2024-02-23 19:00:00,1543.678141,1552.311375,1541.427409,1549.768214,10041.104230
2024-02-23 20:00:00,1551.342007,1556.565239,1540.723655,1548.299011,13841.315078
2024-02-23 21:00:00,1547.801788,1561.526688,1545.564459,1559.606453,11484.389177
2024-02-23 22:00:00,1559.894895,1564.579335,1554.810056,1558.675669,11028.335043
2024-02-23 23:00:00,1558.674493,1561.720120,1549.781179,1553.795004,10833.469878
2024-02-24 00:00:00,1554.176417,1557.635457,1546.159900,1554.038525,13184.549113
2024-02-24 01:00:00,1554.737444,1560.557642,1551.684524,1555.035711,6677.913200
2024-02-24 02:00:00,1554.871775,1560.274496,1549.198269,1554.585413,35915.106969
2024-02-24 03:00:00,1553.698778,1560.137957,1548.715826,1554.198839,5447.289674
2024-02-24 04:00:00,1553.452432,1561.487721,1538.673762,1545.505335,20441.615567
2024-02-24 05:00:00,1546.054464,1549.492765,1535.630042,1542.575534,10412.960459
2024-02-24 06:00:00,1542.046867,1551.663495,1532.764566,1538.838505,21394.317073
2024-02-24 07:00:00,1539.282836,1544.724053,1531.619833,1536.573352,10010.272880
2024-02-24 08:00:00,1536.862520,1550.638967,1528.822532,1546.116583,33684.980663
2024-02-24 09:00:00,1545.912266,1549.887362,1544.723021,1548.979615,9718.498841
2024-02-24 10:00:00,1547.800068,1557.175050,1543.927635,1549.012168,7951.379994
2024-02-24 11:00:00,1548.834701,1551.962999,1544.330636,1547.231412,3386.296225
2024-02-24 12:00:00,1547.093564,1549.620297,1540.273592,1543.573291,9138.820919
2024-02-24 13:00:00,1544.182493,1552.063366,1541.882781,1548.360545,6424.746188
2024-02-24 14:00:00,1548.189207,1557.156890,1544.107883,1551.955606,9453.859405
2024-02-24 15:00:00,1551.883302,1559.626659,1544.204154,1555.452876,23633.724761
2024-02-24 16:00:00,1556.039115,1560.375683,1554.085527,1559.291434,8198.280506
2024-02-24 17:00:00,1558.178121,1567.530085,1546.525381,1553.728063,18076.176454
2024-02-24 18:00:00,1554.098822,1558.993416,1550.625031,1554.803473,5965.057339
2024-02-24 19:00:00,1553.678703,1561.459885,1548.754024,1556.843864,9431.149890
2024-02-24 20:00:00,1557.495869,1561.758432,1542.111756,1551.147660,23539.149676
2024-02-24 21:00:00,1550.655395,1562.889264,1547.356224,1556.384781,21928.430769
2024-02-24 22:00:00,1556.056006,1560.331883,1544.248277,1548.991078,18869.328898
2024-02-24 23:00:00,1548.251423,1570.961887,1544.793730,1564.247034,51124.478021
2024-02-25 00:00:00,1563.537575,1575.028623,1556.397652,1567.019553,16277.878930
2024-02-25 01:00:00,1567.380826,1570.452436,1560.776909,1565.267002,16481.081425
2024-02-25 02:00:00,1565.343955,1571.769399,1558.461028,1562.329660,21206.260447
2024-02-25 03:00:00,1562.794283,1577.908781,1555.610033,1571.058906,16044.696235
2024-02-25 04:00:00,1571.804180,1578.207290,1568.235605,1574.318314,8576.047406
2024-02-25 05:00:00,1574.420042,1585.548949,1562.140628,1577.829214,12796.829560
2024-02-25 06:00:00,1577.085144,1581.783893,1570.122938,1576.627687,9839.468585
2024-02-25 07:00:00,1576.607685,1582.479464,1568.714668,1573.440576,19024.240518
2024-02-25 08:00:00,1571.981780,1579.949931,1565.107770,1575.837850,18377.395470
2024-02-25 09:00:00,1575.342485,1579.314116,1568.415459,1576.640444,18623.418040
2024-02-25 10:00:00,1578.171114,1587.373212,1566.541999,1575.255476,16155.870008
2024-02-25 11:00:00,1575.548568,1582.097779,1569.976880,1573.291162,10085.589981
2024-02-25 12:00:00,1574.123722,1579.066572,1570.789895,1576.149026,20822.369894
2024-02-25 13:00:00,1576.387315,1583.797398,1564.899148,1573.627955,12021.626112
2024-02-25 14:00:00,1573.719533,1582.707524,1569.262381,1578.659428,7687.160507
2024-02-25 15:00:00,1577.760389,1586.896923,1563.444083,1569.874421,58070.484042
2024-02-25 16:00:00,1569.448819,1579.088241,1561.061038,1575.022093,21984.101323
2024-02-25 17:00:00,1575.678361,1583.705106,1571.886013,1577.639364,7230.304247
2024-02-25 18:00:00,1577.538019,1585.098236,1562.964635,1570.113373,12783.594219
2024-02-25 19:00:00,1569.869247,1573.552058,1561.110044,1568.595454,3034.742284
2024-02-25 20:00:00,1569.961769,1581.055461,1559.516813,1571.308587,14180.550754
2024-02-25 21:00:00,1571.540217,1576.759304,1562.701594,1572.245931,17669.568396
2024-02-25 22:00:00,1572.923150,1579.842447,1567.161346,1573.278904,14952.357989
2024-02-25 23:00:00,1574.028397,1579.870827,1569.426646,1574.669799,6568.319509
2024-02-26 00:00:00,1574.956534,1586.764061,1568.697345,1582.200632,35609.291059
2024-02-26 01:00:00,1582.000078,1590.662350,1579.330040,1587.072609,11322.850817
2024-02-26 02:00:00,1585.988879,1592.991215,1577.806675,1582.454295,13654.107035
2024-02-26 03:00:00,1582.925807,1585.592732,1571.155168,1574.340761,12040.592414
2024-02-26 04:00:00,1575.238768,1585.491550,1569.610602,1577.156696,12520.216609
2024-02-26 05:00:00,1577.160448,1586.610158,1571.010214,1576.831598,21174.218727
2024-02-26 06:00:00,1576.854874,1580.479556,1573.675096,1578.188079,9989.115280
2024-02-26 07:00:00,1579.163149,1583.122166,1568.804291,1576.064111,4758.667999
2024-02-26 08:00:00,1574.820977,1581.337095,1568.706744,1573.832878,8518.814361
2024-02-26 09:00:00,1572.918211,1584.740423,1568.869404,1575.366491,29359.005774
2024-02-26 10:00:00,1575.336150,1587.887034,1570.584409,1582.385255,10915.734446
2024-02-26 11:00:00,1582.460385,1588.399287,1579.020084,1586.802972,12747.468943
2024-02-26 12:00:00,1587.043157,1594.811788,1580.413376,1589.747463,8635.818464
2024-02-26 13:00:00,1589.232654,1593.558777,1579.105028,1586.530273,6511.766689
2024-02-26 14:00:00,1586.898628,1591.759174,1580.252816,1584.898088,4029.192674
2024-02-26 15:00:00,1584.857799,1592.339263,1580.058791,1585.284184,15450.359158
2024-02-26 16:00:00,1585.258293,1595.170305,1583.308933,1592.048959,10323.889930
2024-02-26 17:00:00,1591.383854,1603.869334,1582.214593,1596.866902,5296.287416
2024-02-26 18:00:00,1597.303831,1612.346320,1594.188972,1608.915356,8476.260535
2024-02-26 19:00:00,1609.609813,1613.857496,1601.979837,1604.761357,11755.177856
2024-02-26 20:00:00,1604.653459,1610.908303,1598.662612,1607.433762,6790.537011
2024-02-26 21:00:00,1608.573220,1613.571081,1597.877203,1605.391266,12805.461512
2024-02-26 22:00:00,1605.022712,1612.995149,1600.337858,1606.402237,16820.515340
2024-02-26 23:00:00,1605.583980,1612.331032,1598.556240,1608.067574,4107.514810
2024-02-27 00:00:00,1607.306773,1610.838897,1600.966177,1604.485135,3921.544617
2024-02-27 01:00:00,1605.576399,1615.652456,1599.486339,1609.131604,5412.856438
2024-02-27 02:00:00,1608.587939,1614.236537,1605.736257,1611.256794,8735.157882
2024-02-27 03:00:00,1609.435777,1616.801274,1598.161233,1603.978447,24696.852435
2024-02-27 04:00:00,1604.249778,1612.470535,1594.387463,1603.167641,15566.835596
2024-02-27 05:00:00,1602.576229,1606.406990,1595.540635,1600.470021,26929.867443
2024-02-27 06:00:00,1599.899637,1602.157334,1588.120769,1593.328757,10559.203961
2024-02-27 07:00:00,1592.391627,1600.741393,1585.209890,1592.703156,10394.305978
2024-02-27 08:00:00,1592.712606,1597.622701,1587.770076,1593.141528,7521.160565
2024-02-27 09:00:00,1592.833124,1600.701890,1579.225820,1584.494916,21503.476510
2024-02-27 10:00:00,1583.743852,1589.948222,1580.475843,1583.676183,3902.307089
2024-02-27 11:00:00,1584.321461,1591.633640,1581.758376,1586.269150,7904.497172
2024-02-27 12:00:00,1586.434346,1590.745478,1580.516695,1584.853770,12421.366231
2024-02-27 13:00:00,1585.317914,1589.590756,1582.122504,1583.977960,7517.060887
2024-02-27 14:00:00,1583.100118,1589.690155,1575.064267,1582.503325,13968.259138
2024-02-27 15:00:00,1581.582528,1587.567290,1558.401488,1569.669897,40540.283076
2024-02-27 16:00:00,1568.762740,1574.306494,1563.744679,1568.737633,3231.761462
2024-02-27 17:00:00,1569.481081,1570.786872,1566.386119,1568.783216,7327.691268
2024-02-27 18:00:00,1568.664224,1573.431987,1566.560477,1570.177597,6352.914009
2024-02-27 19:00:00,1570.301312,1579.123078,1563.113266,1572.627213,13947.893830
2024-02-27 20:00:00,1571.613220,1574.154482,1566.186876,1571.820791,18435.228019
2024-02-27 21:00:00,1572.204907,1585.463930,1568.537095,1583.383175,19799.755582
2024-02-27 22:00:00,1583.532088,1596.902714,1580.461724,1592.114134,14891.068318
2024-02-27 23:00:00,1592.588862,1606.767305,1580.879989,1595.922325,55211.422854
2024-02-28 00:00:00,1595.558844,1604.028267,1587.682358,1599.597892,11825.251170
2024-02-28 01:00:00,1599.974401,1603.086199,1591.922729,1596.646541,18459.459817
2024-02-28 02:00:00,1596.767579,1613.702042,1586.985212,1605.642901,31009.331871
2024-02-28 03:00:00,1604.877947,1612.852018,1591.144113,1602.206082,18286.828284
2024-02-28 04:00:00,1602.508430,1606.402859,1596.745048,1601.889105,11560.741357
2024-02-28 05:00:00,1601.338399,1606.977890,1597.916369,1602.159183,5433.728445
2024-02-28 06:00:00,1603.191370,1606.357705,1598.500422,1603.639695,5646.192600
2024-02-28 07:00:00,1602.668949,1609.963688,1594.883758,1604.050358,31395.694133
2024-02-28 08:00:00,1604.298901,1606.318037,1600.825004,1603.506217,7998.331054
2024-02-28 09:00:00,1604.273948,1610.209102,1602.485597,1607.542805,14001.598938
2024-02-28 10:00:00,1607.488317,1612.407368,1606.448871,1609.840259,14738.109666
2024-02-28 11:00:00,1609.941066,1612.170173,1607.925336,1609.789513,9436.942613
2024-02-28 12:00:00,1610.442297,1617.895135,1606.138355,1614.378449,27424.124622
2024-02-28 13:00:00,1613.315140,1618.592258,1608.094264,1613.999377,40166.773713
2024-02-28 14:00:00,1614.236999,1619.726695,1612.758171,1618.395302,12264.308468
2024-02-28 15:00:00,1618.175438,1624.254862,1611.670905,1620.865292,60682.597773
2024-02-28 16:00:00,1621.469489,1624.170549,1614.214888,1616.945925,27254.736422
2024-02-28 17:00:00,1616.095926,1618.393266,1601.665645,1604.549724,28321.318661
2024-02-28 18:00:00,1604.961215,1609.169673,1602.506632,1604.833280,7425.531019
2024-02-28 19:00:00,1603.800675,1613.752575,1597.559002,1605.700409,31874.796302
2024-02-28 20:00:00,1605.901169,1611.609990,1600.813921,1604.725163,27420.632946
2024-02-28 21:00:00,1605.255798,1614.504417,1599.392058,1605.813958,20963.540503
2024-02-28 22:00:00,1605.471229,1609.971204,1599.626147,1605.021489,12897.794555
2024-02-28 23:00:00,1605.036455,1613.111350,1600.164601,1606.706465,19914.154777
2024-02-29 00:00:00,1605.833840,1607.928581,1602.644767,1604.669815,9270.325091
2024-02-29 01:00:00,1604.388387,1608.839902,1597.693359,1605.239788,12599.752007
2024-02-29 02:00:00,1604.713404,1611.837278,1603.870767,1610.859774,18545.035871
2024-02-29 03:00:00,1611.179120,1616.378146,1603.021174,1607.938781,17491.428096
2024-02-29 04:00:00,1607.796030,1609.442472,1603.985292,1606.194877,13847.876817
2024-02-29 05:00:00,1606.326711,1613.829922,1600.453991,1609.555353,20576.538580
2024-02-29 06:00:00,1609.407376,1616.131350,1603.777831,1607.895683,18180.288889
2024-02-29 07:00:00,1607.367765,1611.627094,1606.186936,1610.019306,3852.154054
2024-02-29 08:00:00,1610.107893,1616.943642,1604.119026,1610.565210,59383.000831
2024-02-29 09:00:00,1610.768687,1615.672525,1603.100537,1609.054788,14913.533330
2024-02-29 10:00:00,1609.050587,1630.418684,1604.463471,1623.703970,16153.670035
2024-02-29 11:00:00,1623.785576,1627.765209,1619.849271,1622.890266,9646.845973
2024-02-29 12:00:00,1622.971320,1627.981640,1619.975283,1625.366047,9468.977206
2024-02-29 13:00:00,1625.981466,1630.088706,1623.352571,1627.362737,7373.744432
2024-02-29 14:00:00,1628.098868,1630.721239,1614.468714,1616.621563,26178.787484
2024-02-29 15:00:00,1616.862834,1622.049208,1611.294440,1617.181205,31538.124877
2024-02-29 16:00:00,1617.589834,1629.693178,1611.418485,1622.237033,49184.315168
2024-02-29 17:00:00,1622.515795,1628.473781,1618.452873,1625.453843,14354.102063
2024-02-29 18:00:00,1625.059049,1638.037681,1618.403274,1631.326879,9932.662029
2024-02-29 19:00:00,1631.928259,1634.638146,1628.217251,1631.896490,9292.153576
2024-02-29 20:00:00,1631.439911,1639.779469,1625.446646,1636.547589,24275.487927
2024-02-29 21:00:00,1637.849807,1639.226379,1635.934479,1637.716357,7483.243524
2024-02-29 22:00:00,1637.528589,1643.539671,1633.403373,1640.010228,20859.496768
2024-02-29 23:00:00,1639.953410,1643.188126,1636.781622,1640.839313,4325.957496
2024-03-01 00:00:00,1640.809885,1644.014920,1635.738718,1641.554680,14308.587473
2024-03-01 01:00:00,1641.617931,1647.366041,1637.933403,1643.685378,7387.534251
2024-03-01 02:00:00,1643.534414,1645.721921,1642.348159,1644.366662,6615.650981
2024-03-01 03:00:00,1644.336308,1649.124668,1630.236393,1637.400606,62430.987736
2024-03-01 04:00:00,1637.007247,1646.077748,1631.163288,1641.877855,37694.587050
2024-03-01 05:00:00,1641.638086,1650.632571,1638.058459,1645.029473,18107.961137
2024-03-01 06:00:00,1646.263208,1658.443924,1639.188717,1651.858677,18437.311473
2024-03-01 07:00:00,1651.602469,1656.821050,1647.329092,1653.050447,16533.484309
2024-03-01 08:00:00,1652.880845,1654.928775,1648.190341,1650.264008,3617.348547
2024-03-01 09:00:00,1649.957749,1656.298514,1644.588440,1648.965212,19131.350163
2024-03-01 10:00:00,1649.276686,1653.781319,1644.374576,1648.255483,10873.884032
2024-03-01 11:00:00,1648.403731,1656.733839,1642.868491,1651.113895,27456.856517
2024-03-01 12:00:00,1650.905396,1652.638915,1648.885798,1650.929216,5404.751532
2024-03-01 13:00:00,1649.899329,1652.824151,1645.058020,1646.898686,6891.060856
2024-03-01 14:00:00,1646.686079,1651.633926,1640.272545,1648.508224,21995.376680
2024-03-01 15:00:00,1648.618287,1650.565676,1645.129363,1646.827710,4024.835895
2024-03-01 16:00:00,1647.331152,1650.448799,1644.192233,1645.529720,9703.268049
2024-03-01 17:00:00,1645.213487,1649.032571,1641.439427,1643.669874,3948.288755
2024-03-01 18:00:00,1644.450444,1649.295369,1640.214939,1644.379912,16442.930535
2024-03-01 19:00:00,1644.689061,1649.756698,1640.503541,1647.023957,8724.848667
2024-03-01 20:00:00,1647.376464,1653.105402,1643.811320,1648.057404,17549.962381
2024-03-01 21:00:00,1648.481408,1651.806722,1641.120221,1643.227316,9312.975614
2024-03-01 22:00:00,1643.877585,1647.134155,1640.104181,1644.586586,25165.105138
2024-03-01 23:00:00,1644.332973,1655.088089,1639.941892,1650.544816,18418.951098
2024-03-02 00:00:00,1650.388237,1654.205536,1648.264434,1652.938705,5559.208876
2024-03-02 01:00:00,1653.035379,1658.673012,1651.904987,1657.119336,8376.155959
2024-03-02 02:00:00,1656.419702,1667.088336,1652.302529,1663.970609,25605.386395
2024-03-02 03:00:00,1664.674146,1672.110998,1660.698361,1669.407875,8364.797129
2024-03-02 04:00:00,1669.379792,1674.923020,1666.441718,1672.495348,8391.941589
2024-03-02 05:00:00,1672.698537,1679.242092,1666.916900,1673.250358,17690.972360
2024-03-02 06:00:00,1673.707950,1683.938494,1668.619575,1678.794589,37832.264340
2024-03-02 07:00:00,1679.113732,1688.287854,1676.598790,1684.851820,12177.702640
2024-03-02 08:00:00,1684.880397,1693.662965,1683.126823,1689.867110,15598.074489
2024-03-02 09:00:00,1690.825219,1695.229379,1685.822875,1690.387255,27440.761596
2024-03-02 10:00:00,1690.787011,1694.554753,1687.620835,1690.665215,5862.465142
2024-03-02 11:00:00,1690.985658,1696.165520,1688.025260,1694.069370,25921.523911
2024-03-02 12:00:00,1694.101942,1696.497452,1693.127268,1694.249389,5919.812377
2024-03-02 13:00:00,1694.113808,1695.409766,1693.425552,1694.978172,5513.307020
2024-03-02 14:00:00,1694.273696,1705.506975,1689.613073,1697.186685,13203.404893
2024-03-02 15:00:00,1697.517829,1700.683724,1689.602917,1694.948689,14373.684658
2024-03-02 16:00:00,1694.812143,1698.281386,1691.596804,1695.659606,7065.578415
2024-03-02 17:00:00,1695.032014,1696.418581,1693.708320,1695.284771,1311.626294
2024-03-02 18:00:00,1694.255588,1700.004851,1689.976852,1696.723697,6344.967504
2024-03-02 19:00:00,1697.409390,1702.730901,1691.591288,1694.115420,8443.468997
2024-03-02 20:00:00,1694.701818,1695.975675,1687.620902,1690.790712,8115.171542
2024-03-02 21:00:00,1690.675341,1718.863984,1686.124037,1713.920217,37726.733294
2024-03-02 22:00:00,1713.101035,1718.361613,1709.710888,1713.875534,25645.477184
2024-03-02 23:00:00,1714.777597,1722.309946,1712.783346,1719.390390,4194.872777
2024-03-03 00:00:00,1718.937523,1722.478632,1715.966413,1718.940885,12168.167372
2024-03-03 01:00:00,1719.189067,1723.664526,1715.046966,1719.020318,5788.081795
2024-03-03 02:00:00,1719.760383,1722.883562,1716.979656,1720.386107,8589.459569
2024-03-03 03:00:00,1720.071720,1725.222972,1717.342435,1720.087440,13596.192807
2024-03-03 04:00:00,1719.970168,1725.250553,1709.659404,1714.130021,12859.981064
2024-03-03 05:00:00,1714.038750,1725.027500,1711.353873,1722.414504,6660.333344
2024-03-03 06:00:00,1721.207300,1721.805068,1718.694562,1719.703206,2148.857081
2024-03-03 07:00:00,1719.154894,1726.598511,1716.062653,1721.605863,13339.348987
2024-03-03 08:00:00,1721.721288,1727.539246,1714.103300,1717.353627,35663.245949
2024-03-03 09:00:00,1717.843304,1720.006094,1709.553236,1713.696570,22230.265508
2024-03-03 10:00:00,1713.589984,1719.763467,1709.531322,1716.141836,8544.541675
2024-03-03 11:00:00,1716.574135,1722.465657,1714.867232,1718.955720,12519.424954
2024-03-03 12:00:00,1719.537686,1724.253603,1714.717261,1719.407303,10926.099958
2024-03-03 13:00:00,1719.352926,1721.596825,1712.193120,1715.688804,5268.424469
2024-03-03 14:00:00,1714.932159,1719.554778,1704.490518,1709.014772,33873.276048
2024-03-03 15:00:00,1709.496786,1716.743452,1704.861667,1710.542900,8556.180777
2024-03-03 16:00:00,1711.355718,1714.633066,1700.683061,1704.932991,12705.802318
2024-03-03 17:00:00,1704.762556,1709.096951,1700.420754,1705.606126,35789.520085
2024-03-03 18:00:00,1706.806775,1713.220618,1698.651083,1708.588245,22780.270058
2024-03-03 19:00:00,1709.026100,1711.206197,1704.203666,1708.146524,9943.954649
2024-03-03 20:00:00,1708.614737,1714.436896,1705.014377,1707.914872,15053.444771
2024-03-03 21:00:00,1707.240198,1710.543949,1703.495819,1706.010082,7521.108459
2024-03-03 22:00:00,1706.359783,1719.112784,1699.297216,1712.051740,28958.728083
2024-03-03 23:00:00,1711.919603,1717.736149,1708.088468,1713.724756,15146.630547
2024-03-04 00:00:00,1713.812675,1723.591826,1708.601815,1717.300911,8456.864789
2024-03-04 01:00:00,1717.665867,1720.172272,1715.575429,1717.939960,3903.793667
2024-03-04 02:00:00,1717.325478,1721.457924,1715.313703,1720.257495,13348.647795
2024-03-04 03:00:00,1720.302623,1725.182165,1713.515892,1716.478952,21717.765229
2024-03-04 04:00:00,1717.641176,1719.123562,1709.492437,1712.608290,13743.271291
2024-03-04 05:00:00,1712.812949,1714.975185,1703.790317,1705.987748,34917.273198
2024-03-04 06:00:00,1706.425380,1710.120385,1697.600327,1700.487530,19305.174047
2024-03-04 07:00:00,1700.610323,1704.256099,1696.960802,1701.180260,11916.984201
2024-03-04 08:00:00,1701.440997,1703.592590,1694.618508,1696.313956,5477.434585
2024-03-04 09:00:00,1696.872882,1701.558224,1692.764875,1698.431582,20585.890425
2024-03-04 10:00:00,1698.117748,1702.434324,1694.371736,1697.292142,12727.489084
2024-03-04 11:00:00,1697.145255,1706.821392,1694.153714,1701.233529,15947.779416
2024-03-04 12:00:00,1701.079920,1707.601011,1698.342392,1705.365561,9869.208756
2024-03-04 13:00:00,1705.612514,1713.628745,1699.931204,1704.346790,27306.222581
2024-03-04 14:00:00,1704.075045,1713.904931,1699.634696,1711.284754,17223.967635
2024-03-04 15:00:00,1711.818035,1714.592683,1706.568560,1710.461282,25467.642685
2024-03-04 16:00:00,1710.902537,1715.614020,1705.813866,1709.407254,28743.737521
2024-03-04 17:00:00,1709.327276,1715.152073,1706.407991,1709.754891,7237.549043
2024-03-04 18:00:00,1710.170188,1715.037938,1706.728670,1710.008363,9856.850663
2024-03-04 19:00:00,1709.931350,1715.670098,1703.893331,1709.309857,28897.731993
2024-03-04 20:00:00,1710.416570,1714.083215,1708.365278,1712.584669,10386.552144
2024-03-04 21:00:00,1712.293842,1714.090306,1710.429226,1711.730419,6211.981598
2024-03-04 22:00:00,1711.367980,1718.467805,1701.794779,1705.149063,31663.436749
2024-03-04 23:00:00,1706.141378,1708.396826,1698.956759,1701.711253,12087.846697
2024-03-05 00:00:00,1701.130394,1720.409985,1695.452655,1714.515800,64086.501063
2024-03-05 01:00:00,1714.556862,1722.476006,1710.626974,1716.969746,20429.403926
2024-03-05 02:00:00,1717.349268,1722.257258,1712.933282,1716.162513,4806.765940
2024-03-05 03:00:00,1716.913544,1723.662872,1702.576592,1708.296851,38190.521991
2024-03-05 04:00:00,1709.524540,1712.317215,1695.133551,1700.624821,25129.502486
2024-03-05 05:00:00,1698.762478,1705.935828,1693.880513,1699.252326,19194.031104
2024-03-05 06:00:00,1697.866837,1701.891177,1688.994064,1692.988083,13177.212723
2024-03-05 07:00:00,1693.151044,1698.901570,1682.837182,1691.390388,11717.018084
2024-03-05 08:00:00,1691.268485,1696.821199,1687.096746,1690.764116,19224.243441
2024-03-05 09:00:00,1691.142141,1704.424273,1685.499099,1696.399682,29314.978343
2024-03-05 10:00:00,1697.004161,1701.138980,1691.756159,1695.426115,7378.454577
2024-03-05 11:00:00,1696.487427,1705.226359,1690.470663,1698.856159,17222.378668
2024-03-05 12:00:00,1698.811203,1708.919793,1689.080151,1695.295951,49547.129251
2024-03-05 13:00:00,1696.026539,1699.163798,1685.475545,1691.557459,15311.444680
2024-03-05 14:00:00,1692.263568,1695.828476,1685.391442,1688.844437,5933.582516
2024-03-05 15:00:00,1688.838501,1693.103285,1684.953129,1689.145596,7168.683572
2024-03-05 16:00:00,1690.199227,1690.846555,1687.384923,1688.040688,4358.001209
2024-03-05 17:00:00,1688.057607,1690.052989,1684.050073,1686.637870,9292.556557
2024-03-05 18:00:00,1686.168313,1689.237002,1679.752058,1684.847034,40382.511333
2024-03-05 19:00:00,1684.776379,1689.123778,1680.059836,1684.177476,5564.043503
2024-03-05 20:00:00,1684.056495,1693.676141,1681.521367,1691.344271,10451.251547
2024-03-05 21:00:00,1692.151125,1696.602056,1680.790456,1684.351087,15692.350858
2024-03-05 22:00:00,1685.448432,1687.781183,1682.388609,1685.324012,8699.236577
2024-03-05 23:00:00,1686.607840,1695.078741,1683.519151,1693.499323,10464.463106
2024-03-06 00:00:00,1694.215784,1701.855120,1689.065547,1695.366433,9110.458758
2024-03-06 01:00:00,1694.540246,1696.142159,1690.063062,1692.670676,2845.441605
2024-03-06 02:00:00,1692.270356,1699.456133,1685.805949,1692.559801,16041.493951
2024-03-06 03:00:00,1692.596450,1698.352490,1687.966847,1694.929173,8696.380761
2024-03-06 04:00:00,1694.872790,1699.436018,1688.250291,1691.359560,2745.039799
2024-03-06 05:00:00,1691.740900,1695.980026,1684.569036,1691.396071,11157.950125
2024-03-06 06:00:00,1691.924320,1709.588733,1686.744648,1704.844236,15370.307936
2024-03-06 07:00:00,1705.247649,1714.941212,1701.494102,1710.330016,10616.031681
2024-03-06 08:00:00,1710.532465,1725.036221,1703.574166,1719.132592,15820.814553
2024-03-06 09:00:00,1719.186199,1727.282527,1707.283281,1716.294806,11602.624994
2024-03-06 10:00:00,1716.369382,1720.161660,1706.470791,1712.765280,24168.321733
2024-03-06 11:00:00,1711.865157,1719.038463,1703.034600,1708.895855,18790.648028
2024-03-06 12:00:00,1710.023092,1717.119540,1707.592315,1710.931541,9821.318665
2024-03-06 13:00:00,1711.643494,1716.751757,1704.745289,1709.212096,19352.302061
2024-03-06 14:00:00,1710.120042,1731.574200,1706.440952,1729.553983,31064.113896
2024-03-06 15:00:00,1729.610809,1730.858978,1723.150548,1725.592107,7984.131700
2024-03-06 16:00:00,1725.547197,1730.146385,1722.775153,1727.516993,5999.913243
2024-03-06 17:00:00,1726.521691,1729.430205,1720.419771,1724.196100,9962.955193
2024-03-06 18:00:00,1724.398736,1728.114457,1720.263462,1724.177741,5257.808139
2024-03-06 19:00:00,1724.912998,1743.462524,1720.876367,1736.223542,45737.620398
2024-03-06 20:00:00,1736.042389,1741.427040,1733.163055,1737.416636,9148.151992
2024-03-06 21:00:00,1737.693445,1741.986524,1719.608060,1723.727342,20520.740078
2024-03-06 22:00:00,1723.550559,1727.494331,1715.806848,1720.740291,12083.893390
2024-03-06 23:00:00,1720.028147,1724.078491,1714.194155,1718.137380,16420.365505
2024-03-07 00:00:00,1718.600249,1730.542605,1711.486096,1723.506738,52529.119787
2024-03-07 01:00:00,1725.005443,1729.128347,1722.936052,1725.831094,5967.043259
2024-03-07 02:00:00,1726.416117,1731.611187,1720.496933,1725.798408,6680.417079
2024-03-07 03:00:00,1726.578066,1732.844204,1721.077889,1729.373276,7466.134641
2024-03-07 04:00:00,1728.993078,1745.390360,1725.544416,1737.803082,35172.675653
2024-03-07 05:00:00,1737.115451,1740.410092,1732.271224,1737.084020,6790.718527
2024-03-07 06:00:00,1736.755391,1747.087525,1730.775006,1742.699760,7752.357518
2024-03-07 07:00:00,1741.401239,1752.502881,1737.500965,1742.816056,6216.780740
2024-03-07 08:00:00,1742.530316,1749.999818,1738.996764,1745.712098,10426.079572
2024-03-07 09:00:00,1746.087420,1748.418560,1742.773132,1744.036299,3292.889809
2024-03-07 10:00:00,1743.643141,1755.000635,1737.678834,1749.574652,25904.746608
2024-03-07 11:00:00,1749.857791,1757.666146,1743.673723,1752.282737,7680.663306
2024-03-07 12:00:00,1753.142339,1758.357464,1746.877390,1753.801215,8374.038318
2024-03-07 13:00:00,1754.599488,1757.181330,1744.488311,1747.522672,11432.061407
2024-03-07 14:00:00,1747.389664,1753.935709,1735.594968,1744.249483,26679.252986
2024-03-07 15:00:00,1743.421812,1752.537850,1739.560947,1747.949218,27034.936020
2024-03-07 16:00:00,1747.213385,1753.984320,1740.042098,1746.271080,36152.257673
2024-03-07 17:00:00,1747.268799,1751.022774,1740.336107,1745.223364,11452.258978
2024-03-07 18:00:00,1745.196992,1746.790944,1743.476533,1745.388535,1657.036027
2024-03-07 19:00:00,1745.352624,1759.324584,1744.145033,1757.834549,18207.375206
2024-03-07 20:00:00,1758.751608,1768.882768,1752.782903,1763.556744,19760.401420
2024-03-07 21:00:00,1763.406554,1770.023741,1756.911747,1762.303158,12326.991218
2024-03-07 22:00:00,1762.969788,1775.191616,1760.080202,1768.844064,18117.844575
2024-03-07 23:00:00,1769.296263,1777.287665,1767.079478,1773.040904,4824.222261
2024-03-08 00:00:00,1773.065662,1776.734045,1768.953994,1773.831811,21392.573728
2024-03-08 01:00:00,1773.493911,1782.051520,1767.599883,1778.006802,25921.654017
2024-03-08 02:00:00,1777.766439,1787.542954,1773.745907,1782.548463,13497.541507
2024-03-08 03:00:00,1782.645073,1789.129093,1778.701415,1784.194748,5901.185468
2024-03-08 04:00:00,1785.160550,1787.992580,1782.737670,1786.557098,2993.646590
2024-03-08 05:00:00,1786.615596,1796.399281,1782.434620,1791.105953,9514.982864
2024-03-08 06:00:00,1793.056987,1795.313252,1786.490231,1789.109524,14116.291951
2024-03-08 07:00:00,1789.232549,1801.717200,1785.778651,1793.951890,11955.239517
2024-03-08 08:00:00,1793.915937,1802.155781,1776.038281,1784.688778,37928.457999
2024-03-08 09:00:00,1784.527301,1786.264889,1771.603652,1773.957040,5443.889640
2024-03-08 10:00:00,1774.450379,1781.926115,1767.152732,1771.328399,23418.089839
2024-03-08 11:00:00,1770.757073,1779.835497,1763.589541,1768.319855,14087.827700
2024-03-08 12:00:00,1767.506830,1771.129132,1761.460995,1765.115007,12162.406627
2024-03-08 13:00:00,1765.084800,1770.788404,1759.808246,1764.719456,5388.028771
2024-03-08 14:00:00,1765.646756,1771.827419,1762.130407,1768.400363,6890.042904
2024-03-08 15:00:00,1768.521479,1778.338321,1759.605402,1770.942945,28843.338340
2024-03-08 16:00:00,1770.461168,1778.894340,1767.992411,1775.033277,6511.736216
2024-03-08 17:00:00,1775.341527,1780.296822,1769.425546,1777.078253,11878.176883
2024-03-08 18:00:00,1776.221964,1777.131212,1773.819482,1774.430632,7140.701301
2024-03-08 19:00:00,1775.224543,1783.172656,1765.833117,1771.731195,11124.170603
2024-03-08 20:00:00,1771.887223,1777.475528,1765.532323,1773.605345,10863.928028
2024-03-08 21:00:00,1774.552185,1779.060609,1772.427707,1777.380479,5974.710304
2024-03-08 22:00:00,1778.240956,1780.979871,1763.378253,1767.203633,5113.431740
2024-03-08 23:00:00,1766.334157,1782.196954,1764.030393,1777.887547,7603.021524
2024-03-09 00:00:00,1776.723857,1780.338480,1765.082276,1771.160695,19044.191203
2024-03-09 01:00:00,1770.838253,1776.139792,1768.867840,1772.366450,13484.016718
2024-03-09 02:00:00,1770.256656,1778.634251,1762.951066,1769.517110,15429.691775
2024-03-09 03:00:00,1769.325127,1773.737694,1761.359518,1764.889581,7298.590422
2024-03-09 04:00:00,1765.355199,1771.295186,1758.550168,1764.088403,5045.726497
2024-03-09 05:00:00,1764.082894,1765.070681,1760.482473,1762.330586,4986.292025
2024-03-09 06:00:00,1763.264347,1768.031898,1750.545619,1756.677822,19091.959702
2024-03-09 07:00:00,1756.403811,1764.207949,1752.108847,1757.386216,14052.736971
2024-03-09 08:00:00,1758.484136,1763.678376,1747.826245,1751.272280,24401.080493
2024-03-09 09:00:00,1751.703013,1756.579775,1740.317061,1745.601348,9762.881856
2024-03-09 10:00:00,1744.172406,1750.024200,1724.798105,1729.063137,35468.765513
2024-03-09 11:00:00,1728.960220,1733.344254,1724.146265,1726.644514,3869.240487
2024-03-09 12:00:00,1726.175303,1730.846625,1720.495863,1724.430630,11438.702231
2024-03-09 13:00:00,1725.000133,1730.829067,1720.352155,1724.474314,26345.005827
2024-03-09 14:00:00,1724.303833,1731.556868,1723.097257,1729.708774,7709.909197
2024-03-09 15:00:00,1730.350509,1732.978467,1724.041686,1728.844086,10442.500792
2024-03-09 16:00:00,1729.366763,1730.858661,1726.321362,1727.755874,6922.613081
2024-03-09 17:00:00,1728.208425,1733.353051,1714.726535,1722.009902,18031.215125
2024-03-09 18:00:00,1723.227663,1728.419765,1714.979473,1720.090741,3932.392034
2024-03-09 19:00:00,1720.888445,1727.619148,1713.321373,1722.498089,32625.728991
2024-03-09 20:00:00,1723.524595,1726.637612,1717.479400,1720.496529,10260.980330
2024-03-09 21:00:00,1720.864807,1725.381022,1719.131317,1722.321464,4765.197197
2024-03-09 22:00:00,1722.566660,1728.412865,1716.252865,1720.798423,13581.541544
2024-03-09 23:00:00,1720.854537,1723.200864,1714.295078,1718.646709,22240.332587
2024-03-10 00:00:00,1719.186641,1722.295265,1713.533043,1717.866269,29914.123510
2024-03-10 01:00:00,1717.457177,1723.277896,1713.194449,1719.232306,21704.766070
2024-03-10 02:00:00,1718.664547,1721.616845,1710.448227,1713.053709,6352.883447
2024-03-10 03:00:00,1713.643257,1716.577616,1710.377646,1713.749442,7460.604188
2024-03-10 04:00:00,1714.053932,1721.522679,1702.994225,1711.037708,13162.566402
2024-03-10 05:00:00,1711.807821,1726.339613,1704.971667,1717.660123,22144.472558
2024-03-10 06:00:00,1715.707725,1722.665086,1703.358681,1711.389579,14371.466138
2024-03-10 07:00:00,1711.088851,1715.773066,1706.533440,1710.240735,7511.189635
2024-03-10 08:00:00,1710.117054,1716.664901,1707.450420,1713.096641,5147.291151
2024-03-10 09:00:00,1714.530421,1720.452047,1712.399226,1717.569042,13918.691582
2024-03-10 10:00:00,1717.964421,1720.183991,1710.808134,1715.069683,20579.943580
2024-03-10 11:00:00,1714.072659,1725.274193,1708.468974,1719.539450,9969.216862
2024-03-10 12:00:00,1720.131183,1725.843329,1709.651946,1718.211714,16659.781993
2024-03-10 13:00:00,1718.032562,1724.114010,1707.965908,1715.193089,18369.793765
2024-03-10 14:00:00,1714.834201,1722.426417,1708.012672,1717.608542,10014.708968
2024-03-10 15:00:00,1717.373974,1718.864728,1711.363728,1712.546366,11690.313391
2024-03-10 16:00:00,1711.593291,1720.628354,1705.714166,1716.596921,10056.306622
2024-03-10 17:00:00,1716.243504,1728.832052,1714.395683,1725.843983,34551.660195
2024-03-10 18:00:00,1726.706941,1732.677964,1719.968851,1725.664584,17545.979298
2024-03-10 19:00:00,1724.945929,1733.744505,1716.515886,1723.482308,12703.111672
2024-03-10 20:00:00,1722.098416,1724.275026,1713.813778,1716.853346,24074.069238
2024-03-10 21:00:00,1716.431383,1717.578822,1714.803758,1716.402023,2532.855214
2024-03-10 22:00:00,1717.202320,1720.798257,1708.965331,1712.658989,9141.536283
2024-03-10 23:00:00,1713.319427,1720.684383,1706.384991,1712.978929,7198.527386
2024-03-11 00:00:00,1713.193235,1715.244418,1710.825489,1713.481990,8377.547366
2024-03-11 01:00:00,1713.268287,1714.677307,1713.171413,1714.576393,2149.624715
2024-03-11 02:00:00,1714.296202,1716.669221,1709.631644,1711.295176,7633.223948
2024-03-11 03:00:00,1711.184896,1718.494697,1709.535623,1714.182922,18170.558848
2024-03-11 04:00:00,1714.433468,1717.313649,1713.266459,1716.339156,7337.017869
2024-03-11 05:00:00,1716.316094,1718.994747,1712.829740,1716.559711,24300.956490
2024-03-11 06:00:00,1717.185167,1720.651392,1714.411661,1718.973290,37674.953748
2024-03-11 07:00:00,1718.864879,1723.719313,1714.996179,1721.801868,12091.679898
2024-03-11 08:00:00,1722.478828,1728.436355,1718.970305,1726.267193,30438.425327
2024-03-11 09:00:00,1726.455044,1729.919450,1723.290170,1727.105379,23348.467442
2024-03-11 10:00:00,1726.681844,1733.842417,1723.121655,1731.432223,20744.505585
2024-03-11 11:00:00,1730.983357,1737.862821,1727.930365,1734.618719,30338.916064
2024-03-11 12:00:00,1734.198297,1738.407230,1732.130860,1737.070271,15857.156175
2024-03-11 13:00:00,1736.427478,1743.012731,1734.560947,1740.669682,9040.502063
2024-03-11 14:00:00,1740.941794,1745.259410,1736.035888,1739.260782,25814.477304
2024-03-11 15:00:00,1739.284584,1742.555311,1736.264938,1739.392209,13262.104842
2024-03-11 16:00:00,1738.820365,1746.528419,1737.391836,1743.927742,39307.186164
2024-03-11 17:00:00,1743.882631,1751.411740,1741.994341,1748.278356,48684.010082
2024-03-11 18:00:00,1748.679237,1752.755531,1745.490038,1750.420620,14902.962079
2024-03-11 19:00:00,1750.549113,1753.877185,1747.257568,1750.146186,11689.254959
2024-03-11 20:00:00,1750.237171,1754.283021,1747.138689,1750.092665,15938.741283
2024-03-11 21:00:00,1750.141915,1755.862365,1746.752687,1751.001220,18911.048380
2024-03-11 22:00:00,1751.863771,1756.242116,1748.152901,1751.316994,52952.936835
2024-03-11 23:00:00,1750.589072,1755.487883,1747.501980,1753.236073,14249.538498
2024-03-12 00:00:00,1753.148960,1754.177492,1745.476500,1747.934664,22014.708208
2024-03-12 01:00:00,1748.081355,1753.997948,1745.061487,1749.080073,44309.229271
2024-03-12 02:00:00,1749.588108,1752.243385,1747.624113,1750.291009,11654.282079
2024-03-12 03:00:00,1750.564044,1752.143129,1749.631471,1751.100188,7088.073061
2024-03-12 04:00:00,1750.990172,1755.139842,1748.255247,1751.490145,23023.610178
2024-03-12 05:00:00,1751.379038,1752.990478,1746.108802,1748.397382,9959.664726
2024-03-12 06:00:00,1748.243326,1757.110463,1744.391753,1752.608491,27634.308518
2024-03-12 07:00:00,1753.432735,1754.798884,1751.847393,1754.022786,3736.999022
2024-03-12 08:00:00,1754.592407,1759.080642,1751.366865,1756.076968,8703.907342
2024-03-12 09:00:00,1755.860971,1758.937473,1753.764472,1756.524785,3144.459544
2024-03-12 10:00:00,1756.486271,1760.040190,1753.526237,1757.503484,6236.270629
2024-03-12 11:00:00,1757.056047,1761.488418,1754.987719,1759.979079,15756.795324
2024-03-12 12:00:00,1759.979466,1764.257952,1757.335258,1762.540479,12462.931217
2024-03-12 13:00:00,1762.834821,1765.943566,1759.835641,1763.723970,7293.028252
2024-03-12 14:00:00,1763.677317,1765.929847,1761.477480,1763.164137,6102.990073
2024-03-12 15:00:00,1762.774924,1764.537018,1758.945085,1760.952708,8705.161696
2024-03-12 16:00:00,1760.918554,1762.993762,1755.614478,1759.771429,10509.879018
2024-03-12 17:00:00,1759.389499,1761.078667,1756.198240,1757.928982,8434.549894
2024-03-12 18:00:00,1757.658340,1760.959354,1750.290851,1753.247824,57912.672681
2024-03-12 19:00:00,1752.870039,1756.217972,1751.037429,1754.269626,28924.748398
2024-03-12 20:00:00,1754.501873,1756.542524,1752.952627,1754.629823,7769.648711
2024-03-12 21:00:00,1754.029347,1757.380202,1750.347365,1753.093773,15845.228559
2024-03-12 22:00:00,1752.971268,1754.706844,1749.393711,1751.096115,9200.633694
2024-03-12 23:00:00,1751.022490,1754.455220,1746.205330,1749.256722,20420.364834
2024-03-13 00:00:00,1748.761294,1754.842545,1744.489547,1750.731034,43275.194482
2024-03-13 01:00:00,1750.215785,1752.329778,1745.992956,1749.414447,23822.331023
2024-03-13 02:00:00,1749.943865,1755.989826,1745.350112,1751.268302,20867.670085
2024-03-13 03:00:00,1751.197497,1753.133044,1746.898094,1749.757922,9158.852285
2024-03-13 04:00:00,1749.551809,1752.559919,1746.178345,1748.975457,6173.319639
2024-03-13 05:00:00,1749.693678,1751.443156,1747.355490,1750.006030,7872.710293
2024-03-13 06:00:00,1750.634420,1752.702631,1748.577060,1751.200799,28012.030245
2024-03-13 07:00:00,1751.125324,1757.326300,1746.906841,1753.370684,18433.941723
2024-03-13 08:00:00,1753.105446,1754.359277,1750.164821,1752.504031,6964.817625
2024-03-13 09:00:00,1752.422891,1753.926280,1749.131425,1750.534493,12360.678707
2024-03-13 10:00:00,1751.065451,1753.812244,1748.715343,1751.048511,8554.166048
2024-03-13 11:00:00,1751.125439,1752.862661,1745.434528,1749.240314,25672.369951
2024-03-13 12:00:00,1749.770845,1755.951302,1745.181565,1753.754020,28286.289141
2024-03-13 13:00:00,1754.479263,1754.958483,1750.023653,1750.681300,11238.821997
2024-03-13 14:00:00,1750.516960,1752.401302,1745.511541,1747.833292,26826.643818
2024-03-13 15:00:00,1747.425016,1750.180990,1740.521464,1742.807098,97370.015174
2024-03-13 16:00:00,1742.613926,1748.029528,1738.322053,1743.692932,18942.164794
2024-03-13 17:00:00,1743.947867,1745.145941,1742.781918,1743.827859,3210.195536
2024-03-13 18:00:00,1743.855725,1747.264976,1742.134606,1745.375548,12024.502211
2024-03-13 19:00:00,1745.111945,1749.220222,1743.636450,1745.977642,22290.532491
2024-03-13 20:00:00,1745.389112,1748.719612,1742.305035,1743.877247,11746.472296
2024-03-13 21:00:00,1743.344536,1745.459078,1737.016711,1738.818506,22646.119950
2024-03-13 22:00:00,1738.873966,1740.613529,1733.926523,1736.476461,20737.042020
2024-03-13 23:00:00,1736.182139,1739.450934,1731.783932,1734.332918,22163.380012
2024-03-14 00:00:00,1734.114253,1737.176387,1729.489985,1733.251081,26205.023473
2024-03-14 01:00:00,1733.720944,1736.353332,1731.507375,1734.151973,18066.545480
2024-03-14 02:00:00,1734.086258,1734.857534,1732.214073,1733.438658,9104.031190
2024-03-14 03:00:00,1733.271348,1736.550016,1731.622875,1735.404609,10472.804455
2024-03-14 04:00:00,1735.804812,1738.617585,1730.361087,1732.721099,23736.126279
2024-03-14 05:00:00,1731.937958,1733.144387,1727.182773,1728.397186,19095.255287
2024-03-14 06:00:00,1728.604601,1735.959645,1725.945060,1732.161054,17058.989784
2024-03-14 07:00:00,1732.349868,1735.724785,1729.818258,1732.528879,24554.436214
2024-03-14 08:00:00,1732.856720,1740.160203,1728.503005,1734.640050,28118.022747
2024-03-14 09:00:00,1735.184839,1738.445996,1729.376110,1732.347095,2558.741961
2024-03-14 10:00:00,1732.574737,1735.205813,1729.471899,1731.491842,10298.788659
2024-03-14 11:00:00,1731.832163,1733.642650,1729.259566,1730.409813,5995.875581
2024-03-14 12:00:00,1730.491072,1732.401498,1721.503377,1724.997240,10611.378858
2024-03-14 13:00:00,1725.425139,1727.512834,1723.337309,1726.497974,5165.729944
2024-03-14 14:00:00,1726.167199,1728.740533,1719.745346,1721.424021,16343.546201
2024-03-14 15:00:00,1721.375178,1722.635185,1719.790659,1720.757024,2029.255136
2024-03-14 16:00:00,1720.506574,1721.433698,1719.788969,1720.747903,1040.333220
2024-03-14 17:00:00,1720.369858,1724.637892,1714.915953,1718.397993,47350.735409
2024-03-14 18:00:00,1718.517217,1721.282446,1712.937805,1715.008615,29622.662009
2024-03-14 19:00:00,1714.947140,1722.230666,1711.406529,1718.235767,22003.917470
2024-03-14 20:00:00,1718.441367,1723.104190,1711.936279,1717.984202,13186.986797
2024-03-14 21:00:00,1718.135168,1720.895698,1717.178429,1719.363835,16188.866922
2024-03-14 22:00:00,1719.009277,1722.154880,1716.839991,1718.659970,9421.356968
2024-03-14 23:00:00,1718.120702,1722.387260,1715.699116,1718.584066,16113.467191
2024-03-15 00:00:00,1718.454092,1720.129846,1716.407596,1717.405644,4407.349438
2024-03-15 01:00:00,1716.812083,1720.866795,1709.608281,1713.767504,12020.686865
2024-03-15 02:00:00,1713.626595,1717.920214,1709.404477,1713.559249,21198.502712
2024-03-15 03:00:00,1713.566023,1715.455789,1709.461554,1710.713214,14365.351955
2024-03-15 04:00:00,1710.586972,1711.759701,1708.929635,1710.206762,2745.841490
2024-03-15 05:00:00,1711.389728,1718.397798,1710.678690,1717.393698,19446.764477
2024-03-15 06:00:00,1717.065490,1719.842221,1715.627217,1717.962941,12157.399408
2024-03-15 07:00:00,1718.543483,1722.376499,1715.321054,1719.898039,11210.764082
2024-03-15 08:00:00,1719.737515,1722.202766,1717.700426,1720.021209,8341.535686
2024-03-15 09:00:00,1720.671970,1723.922339,1718.283141,1721.007693,26589.172042
2024-03-15 10:00:00,1721.057292,1726.202143,1717.228720,1722.168473,22868.420138
2024-03-15 11:00:00,1722.017993,1724.002482,1718.039896,1719.098732,22183.307898
2024-03-15 12:00:00,1719.338123,1723.114150,1717.068612,1719.652452,12298.094439
2024-03-15 13:00:00,1719.601212,1721.482592,1717.945296,1719.902499,13688.385912
2024-03-15 14:00:00,1720.460181,1722.578507,1716.213064,1720.033699,23204.340800
2024-03-15 15:00:00,1720.257329,1724.879691,1718.434544,1722.389118,12717.403663
2024-03-15 16:00:00,1722.229551,1723.225126,1721.197046,1722.234062,3071.285289
2024-03-15 17:00:00,1722.010140,1724.574143,1720.561975,1722.367537,13550.916773
2024-03-15 18:00:00,1722.176226,1726.506301,1719.608539,1724.135588,10630.002549
2024-03-15 19:00:00,1723.882532,1728.431971,1716.759506,1722.362122,5750.556164
2024-03-15 20:00:00,1721.996076,1728.348150,1720.277346,1725.109246,14481.547219
2024-03-15 21:00:00,1725.303978,1727.960596,1724.251792,1726.630017,6205.301435
2024-03-15 22:00:00,1727.097727,1729.675018,1725.722326,1727.409239,4357.872647
2024-03-15 23:00:00,1727.300371,1732.397119,1725.531611,1729.458585,45817.450101
2024-03-16 00:00:00,1729.112636,1730.813888,1725.031150,1727.255130,4402.718272
2024-03-16 01:00:00,1727.224264,1729.782063,1718.067064,1721.599318,3728.422212
2024-03-16 02:00:00,1721.807883,1724.911998,1717.613813,1720.741829,26563.848466
2024-03-16 03:00:00,1720.285554,1723.101034,1716.389298,1720.148504,11857.681912
2024-03-16 04:00:00,1720.026243,1724.658700,1717.469793,1721.970660,11377.922725
2024-03-16 05:00:00,1722.108411,1728.829711,1719.207375,1725.886381,21579.989453
2024-03-16 06:00:00,1726.552447,1730.541805,1724.778893,1728.413129,20475.225974
2024-03-16 07:00:00,1728.565648,1731.635194,1725.363712,1728.676124,5772.710472
2024-03-16 08:00:00,1728.199680,1729.590610,1718.546312,1721.377164,27644.832339
2024-03-16 09:00:00,1721.026898,1727.313877,1716.133439,1722.226510,83258.447345
2024-03-16 10:00:00,1722.263433,1724.356354,1717.725297,1721.491530,17615.420021
2024-03-16 11:00:00,1721.994552,1726.913029,1718.933208,1722.273737,10156.669914
2024-03-16 12:00:00,1722.682923,1724.864283,1719.614376,1721.363714,9232.258158
2024-03-16 13:00:00,1721.168534,1723.472889,1718.504356,1721.181045,7591.124910
2024-03-16 14:00:00,1721.385754,1723.647769,1719.941917,1722.797167,5835.780123
2024-03-16 15:00:00,1722.429317,1730.424952,1718.977161,1725.697860,14419.842466
2024-03-16 16:00:00,1725.429623,1726.575893,1724.165673,1725.575821,3117.092950
2024-03-16 17:00:00,1726.028442,1733.996358,1723.247512,1730.153634,27031.395030
2024-03-16 18:00:00,1730.009585,1732.476777,1727.466102,1730.981494,8168.608096
2024-03-16 19:00:00,1731.626971,1737.130150,1730.674151,1736.292706,5668.516638
2024-03-16 20:00:00,1735.444202,1740.601564,1723.482692,1731.900753,10533.299846
2024-03-16 21:00:00,1731.949064,1744.793216,1721.739603,1734.881240,19929.585201
2024-03-16 22:00:00,1734.332240,1746.521288,1726.128526,1736.061353,9232.950684
2024-03-16 23:00:00,1736.381909,1740.193476,1731.365197,1737.111428,3629.327929
2024-03-17 00:00:00,1736.263742,1742.433438,1717.335576,1724.676890,14015.488938
2024-03-17 01:00:00,1724.201842,1743.674601,1712.413745,1734.217462,26374.459355
2024-03-17 02:00:00,1733.291226,1736.822376,1730.733400,1734.527744,10205.925139
2024-03-17 03:00:00,1735.831853,1740.927533,1731.358887,1736.264015,13118.885676
2024-03-17 04:00:00,1735.237479,1750.545466,1726.582659,1742.561236,25856.276825
2024-03-17 05:00:00,1742.198599,1754.257932,1739.132142,1749.613546,10338.569718
2024-03-17 06:00:00,1751.305622,1765.410897,1750.116135,1764.024280,12115.798738
2024-03-17 07:00:00,1762.787578,1767.249723,1752.850951,1757.455230,13765.620624
2024-03-17 08:00:00,1758.012442,1774.924553,1750.430943,1763.266240,17279.380320
2024-03-17 09:00:00,1763.801336,1766.287830,1755.729194,1758.402653,12509.734088
2024-03-17 10:00:00,1756.274154,1766.510052,1750.163355,1759.791649,6474.160114
2024-03-17 11:00:00,1759.939594,1771.893190,1751.778601,1761.533737,9592.512173
2024-03-17 12:00:00,1760.967715,1769.755876,1753.451987,1758.727888,16418.477918
2024-03-17 13:00:00,1758.686870,1766.947080,1753.112633,1757.315245,4975.286102
2024-03-17 14:00:00,1758.666816,1763.978103,1755.089107,1760.415599,11943.392486
2024-03-17 15:00:00,1759.030613,1772.853218,1754.523307,1763.048144,17530.194877
2024-03-17 16:00:00,1761.978351,1777.178776,1747.834406,1758.032321,24078.630969
2024-03-17 17:00:00,1757.962751,1758.596345,1739.943698,1740.915366,19298.394894
2024-03-17 18:00:00,1741.997566,1749.496268,1731.440423,1738.977895,29408.800234
2024-03-17 19:00:00,1737.588138,1748.092452,1731.061272,1737.994403,21705.224603
2024-03-17 20:00:00,1737.256234,1741.636151,1731.995726,1737.494174,12201.982774
2024-03-17 21:00:00,1735.076620,1746.380763,1731.846906,1739.790854,13837.441307
2024-03-17 22:00:00,1739.808457,1746.330485,1737.305077,1743.102013,4592.521006
2024-03-17 23:00:00,1742.196771,1753.703872,1735.404478,1743.787510,14350.773259
2024-03-18 00:00:00,1743.208479,1763.487675,1740.545370,1760.957975,20929.036727
2024-03-18 01:00:00,1760.042898,1768.523212,1741.448429,1747.180717,28144.472624
2024-03-18 02:00:00,1746.431472,1750.861293,1733.213635,1742.804580,14739.901354
2024-03-18 03:00:00,1742.656332,1749.323158,1730.492645,1740.775852,25585.560129
2024-03-18 04:00:00,1739.340764,1749.228374,1732.915852,1742.901625,7197.012393
2024-03-18 05:00:00,1743.943027,1759.985712,1736.914102,1747.729467,21980.966744
2024-03-18 06:00:00,1748.479395,1759.957284,1736.204086,1746.681376,86166.193364
2024-03-18 07:00:00,1746.792272,1750.924439,1723.443520,1731.345678,8172.225170
2024-03-18 08:00:00,1730.927093,1736.068245,1721.593517,1728.861004,4959.529930
2024-03-18 09:00:00,1729.934295,1740.522582,1725.273111,1735.062964,19009.794936
2024-03-18 10:00:00,1735.070617,1742.459993,1727.017583,1736.447600,18589.956476
2024-03-18 11:00:00,1734.913200,1744.289308,1708.196226,1715.686901,19341.486851
2024-03-18 12:00:00,1715.124565,1720.367271,1708.210101,1714.133646,19700.076091
2024-03-18 13:00:00,1713.982939,1719.332975,1706.007270,1711.032557,6553.259673
2024-03-18 14:00:00,1709.478089,1721.309842,1704.376102,1717.618774,38507.159589
2024-03-18 15:00:00,1717.764611,1729.202185,1708.990005,1720.982220,7421.541596
2024-03-18 16:00:00,1720.361869,1732.802361,1714.871742,1724.721169,51647.183976
2024-03-18 17:00:00,1723.715501,1729.536008,1712.189974,1721.855067,13040.848994
2024-03-18 18:00:00,1721.970793,1727.302276,1718.816043,1723.068907,6142.933018
2024-03-18 19:00:00,1723.525892,1732.580708,1696.972824,1705.365828,99034.743563
2024-03-18 20:00:00,1704.070932,1711.210080,1701.606116,1709.903862,16508.152928
2024-03-18 21:00:00,1709.640161,1716.197680,1700.574907,1708.271528,6121.531034
2024-03-18 22:00:00,1709.183036,1715.037444,1704.371156,1710.912814,8868.793716
2024-03-18 23:00:00,1710.318037,1717.214752,1692.513889,1696.449153,15874.204836
2024-03-19 00:00:00,1695.674515,1704.484983,1689.831758,1697.569194,5710.005187
2024-03-19 01:00:00,1696.394894,1705.860989,1684.622931,1691.332119,17951.530183
2024-03-19 02:00:00,1691.203772,1702.166348,1681.458728,1692.951580,9841.900357
2024-03-19 03:00:00,1691.501268,1709.840478,1679.373353,1696.163646,28424.253362
2024-03-19 04:00:00,1696.623368,1702.734166,1678.462005,1684.781174,17558.683685
2024-03-19 05:00:00,1685.185354,1687.943362,1679.785923,1683.702127,2604.113109
2024-03-19 06:00:00,1683.075251,1692.458992,1668.840672,1685.152816,46720.965349
2024-03-19 07:00:00,1685.587998,1690.737184,1676.807536,1680.988963,8571.580036
2024-03-19 08:00:00,1680.801255,1708.476560,1675.094589,1695.550870,18769.595123
2024-03-19 09:00:00,1694.983532,1704.875097,1685.036454,1689.306851,7237.531766
2024-03-19 10:00:00,1689.089743,1699.239317,1679.538786,1684.875903,38671.111607
2024-03-19 11:00:00,1685.533761,1692.737902,1681.708965,1689.147117,11788.700243
2024-03-19 12:00:00,1689.303785,1691.427845,1688.506587,1690.124444,2158.955083
2024-03-19 13:00:00,1690.501424,1703.334553,1681.698191,1690.055675,26050.930384
2024-03-19 14:00:00,1689.714798,1696.493624,1683.594767,1692.742636,6225.331178
2024-03-19 15:00:00,1692.999505,1699.708291,1683.777067,1688.382872,18000.715034
2024-03-19 16:00:00,1689.000048,1697.475157,1685.158281,1694.795817,9977.755915
2024-03-19 17:00:00,1694.609675,1698.062171,1689.258409,1692.443696,3109.904567
2024-03-19 18:00:00,1692.424730,1693.884613,1691.615536,1692.238013,874.983773
2024-03-19 19:00:00,1690.514684,1705.272082,1681.529965,1695.065882,29925.920034
2024-03-19 20:00:00,1694.126233,1716.588942,1686.204458,1701.497747,27451.968862
2024-03-19 21:00:00,1702.609303,1705.518322,1693.257859,1699.558364,4672.168935
2024-03-19 22:00:00,1698.297931,1705.617291,1691.864686,1699.472670,10955.412162
2024-03-19 23:00:00,1700.369007,1705.023911,1694.487911,1700.728279,5482.581107
2024-03-20 00:00:00,1700.721396,1710.565284,1695.132840,1703.813367,13309.396373
2024-03-20 01:00:00,1702.681307,1707.421477,1695.711191,1700.988343,12118.137014
2024-03-20 02:00:00,1700.595568,1718.932122,1693.102714,1710.951626,24173.567284
2024-03-20 03:00:00,1710.289751,1722.949424,1701.593128,1718.536298,26594.101208
2024-03-20 04:00:00,1719.881491,1730.501839,1716.202186,1725.880965,5351.711100
2024-03-20 05:00:00,1726.204932,1735.157968,1719.124641,1731.283405,9640.486309
2024-03-20 06:00:00,1729.618653,1732.527095,1723.430854,1725.889768,7305.066769
2024-03-20 07:00:00,1724.075231,1732.784523,1719.526654,1723.681718,4209.810754
2024-03-20 08:00:00,1723.638934,1731.643907,1712.769548,1721.967759,13280.270792
2024-03-20 09:00:00,1722.202989,1730.893172,1722.003833,1730.680900,12857.418857
2024-03-20 10:00:00,1729.868334,1740.627356,1718.717005,1729.288490,28483.909126
2024-03-20 11:00:00,1730.643299,1740.584756,1725.944756,1733.181004,4862.392365
2024-03-20 12:00:00,1731.670104,1738.164457,1726.342792,1730.736211,13702.530750
2024-03-20 13:00:00,1730.194131,1738.850259,1725.201823,1731.043672,2858.694656
2024-03-20 14:00:00,1731.271375,1734.154044,1722.591173,1725.344612,7630.344011
2024-03-20 15:00:00,1724.489291,1737.137146,1716.459910,1722.387845,10037.825572
2024-03-20 16:00:00,1721.705998,1730.441546,1709.733421,1720.726162,6590.687747
2024-03-20 17:00:00,1721.936332,1730.388935,1714.053687,1725.676206,8948.123357
2024-03-20 18:00:00,1724.414650,1739.869573,1720.975578,1732.556424,29897.745811
2024-03-20 19:00:00,1731.815860,1743.174736,1719.641947,1731.589335,21778.738271
2024-03-20 20:00:00,1729.749188,1744.554655,1723.062877,1729.675848,16409.650830
2024-03-20 21:00:00,1730.172076,1735.390629,1717.448538,1723.531485,6454.619284
2024-03-20 22:00:00,1723.069638,1730.622069,1720.396306,1726.210193,2419.397449
2024-03-20 23:00:00,1727.143849,1730.149122,1717.292360,1723.703921,3651.967322
2024-03-21 00:00:00,1724.345994,1727.699791,1719.963387,1723.448170,13862.305356
2024-03-21 01:00:00,1723.151581,1730.794674,1716.628223,1721.554080,8613.644962
2024-03-21 02:00:00,1720.413369,1733.665542,1714.971763,1722.361027,18966.070977
2024-03-21 03:00:00,1723.373612,1734.599275,1709.286593,1720.449321,12759.906389
2024-03-21 04:00:00,1719.314576,1735.519787,1715.655001,1731.138576,8494.734459
2024-03-21 05:00:00,1729.760976,1739.826706,1724.791570,1736.109581,22236.196231
2024-03-21 06:00:00,1734.064960,1740.989478,1717.283305,1728.971890,26056.930550
2024-03-21 07:00:00,1730.439949,1738.445742,1721.377227,1730.894169,11424.208916
2024-03-21 08:00:00,1730.767198,1746.831598,1724.981124,1737.762174,8245.050920
2024-03-21 09:00:00,1736.794074,1744.878785,1724.619193,1730.733001,69267.721253
2024-03-21 10:00:00,1731.287270,1742.690470,1725.350894,1739.667203,23165.491119
2024-03-21 11:00:00,1740.103222,1749.290275,1729.312828,1739.018873,37081.251965
2024-03-21 12:00:00,1739.635717,1749.337543,1721.573173,1726.835110,8879.042643
2024-03-21 13:00:00,1727.018402,1738.223749,1704.722072,1717.248086,23759.191439
2024-03-21 14:00:00,1716.971041,1718.769336,1706.429086,1707.741447,5391.498899
2024-03-21 15:00:00,1705.856736,1718.714499,1698.956945,1709.982414,14149.979404
2024-03-21 16:00:00,1710.449411,1721.920164,1706.327229,1713.061254,31369.587826
2024-03-21 17:00:00,1711.650799,1726.817077,1708.097054,1720.838488,25382.975679
2024-03-21 18:00:00,1720.308364,1725.193414,1717.401675,1723.215919,17871.367921
2024-03-21 19:00:00,1722.126778,1732.694603,1717.160646,1722.780797,10882.039992
2024-03-21 20:00:00,1723.121239,1757.484193,1715.671291,1746.149258,42529.317156
2024-03-21 21:00:00,1745.915429,1758.018759,1738.648192,1749.036734,16270.468091
2024-03-21 22:00:00,1749.631844,1754.656370,1740.391879,1747.969596,9570.925658
2024-03-21 23:00:00,1746.425419,1753.071614,1740.560916,1745.905754,6285.311224
2024-03-22 00:00:00,1744.714839,1756.975362,1734.851995,1745.229660,11537.946862
2024-03-22 01:00:00,1744.364790,1750.081317,1738.279414,1741.391447,7841.542675
2024-03-22 02:00:00,1740.024834,1754.104135,1734.927691,1743.713721,30461.512079
2024-03-22 03:00:00,1744.103363,1749.587318,1735.284929,1740.027441,12658.624390
2024-03-22 04:00:00,1739.101412,1747.585818,1732.891066,1741.071235,3788.871161
2024-03-22 05:00:00,1738.341958,1741.836390,1729.613008,1735.619000,5541.008173
2024-03-22 06:00:00,1736.996922,1749.202635,1725.701540,1743.732497,35145.922431
2024-03-22 07:00:00,1745.310287,1751.721099,1739.645866,1746.721598,4540.732700
2024-03-22 08:00:00,1746.532018,1758.122647,1727.899018,1742.105116,36256.286917
2024-03-22 09:00:00,1744.212458,1761.364600,1736.604396,1752.826407,27037.589018
2024-03-22 10:00:00,1751.640265,1759.405438,1745.967679,1754.150661,6613.791964
2024-03-22 11:00:00,1753.924186,1763.011290,1743.864163,1750.353988,31071.550813
2024-03-22 12:00:00,1749.602672,1759.197819,1741.674969,1750.982586,9812.628267
2024-03-22 13:00:00,1751.377277,1760.720429,1748.119729,1756.103339,13724.979955
2024-03-22 14:00:00,1757.349750,1763.690891,1747.387602,1751.784921,25651.405230
2024-03-22 15:00:00,1751.043755,1791.126705,1738.455807,1777.388222,48746.857739
2024-03-22 16:00:00,1778.264919,1784.476247,1773.246804,1778.995666,9358.166807
2024-03-22 17:00:00,1778.687976,1783.414260,1764.916580,1770.741327,18273.224671
2024-03-22 18:00:00,1770.072823,1776.415343,1757.460706,1764.168565,35025.719414
2024-03-22 19:00:00,1764.003396,1773.257377,1759.791321,1767.896400,30388.634563
2024-03-22 20:00:00,1768.500792,1773.763700,1764.102302,1768.105103,13286.138319
2024-03-22 21:00:00,1768.749302,1771.119590,1763.961145,1766.856631,9192.695115
2024-03-22 22:00:00,1768.146539,1777.074279,1761.922337,1765.773908,11007.103879
2024-03-22 23:00:00,1764.600351,1767.492021,1749.797430,1753.990380,6767.167644
2024-03-23 00:00:00,1753.586529,1757.569184,1741.115356,1748.022486,14506.146840
2024-03-23 01:00:00,1747.405359,1750.097240,1742.242931,1744.680666,4660.280511
2024-03-23 02:00:00,1746.388030,1750.115285,1736.973127,1741.221887,16005.834520
2024-03-23 03:00:00,1740.786161,1745.686565,1730.808206,1738.376645,19078.816743
2024-03-23 04:00:00,1737.199602,1742.838291,1725.849972,1733.922635,15469.081343
2024-03-23 05:00:00,1732.514875,1735.783699,1723.015089,1726.215725,11166.743365
2024-03-23 06:00:00,1726.313362,1737.411488,1708.022367,1719.652383,30335.681856
2024-03-23 07:00:00,1720.573073,1726.191590,1716.329040,1721.131922,25444.016942
2024-03-23 08:00:00,1719.811975,1723.024094,1708.772452,1710.936248,23735.447310
2024-03-23 09:00:00,1712.361957,1715.866185,1708.859303,1711.561477,5573.600658
2024-03-23 10:00:00,1710.962884,1712.465130,1702.600359,1704.964516,12698.911280
2024-03-23 11:00:00,1705.246720,1716.075607,1700.237895,1710.747751,18016.220180
2024-03-23 12:00:00,1711.181829,1718.847975,1704.936709,1712.203355,18885.403036
2024-03-23 13:00:00,1711.015528,1721.347623,1706.896195,1713.039790,18468.561435
2024-03-23 14:00:00,1714.090445,1723.447854,1710.290783,1715.610141,4664.022882
2024-03-23 15:00:00,1715.871615,1720.717705,1706.844935,1710.862843,12652.150028
2024-03-23 16:00:00,1711.137740,1714.710688,1700.500654,1706.161226,8970.771120
2024-03-23 17:00:00,1704.898671,1713.447281,1697.892041,1706.904460,40673.172062
2024-03-23 18:00:00,1706.139149,1729.165215,1698.197355,1719.322570,17574.001153
2024-03-23 19:00:00,1720.636585,1726.545725,1705.749100,1718.674019,55812.800775
2024-03-23 20:00:00,1719.217439,1720.530638,1716.841144,1718.173657,2413.164180
2024-03-23 21:00:00,1717.669259,1732.779564,1712.625712,1723.717469,10703.482037
2024-03-23 22:00:00,1723.894372,1730.161325,1716.055806,1725.398020,10301.781688
2024-03-23 23:00:00,1725.519176,1733.783233,1720.012477,1724.143338,9681.939671
2024-03-24 00:00:00,1723.839034,1730.025031,1714.290139,1722.060499,13823.812170
2024-03-24 01:00:00,1722.322182,1726.136350,1717.061212,1721.662011,10194.147739
2024-03-24 02:00:00,1723.348270,1729.831910,1708.564058,1713.956764,34003.327566
2024-03-24 03:00:00,1714.231219,1723.669687,1702.508315,1707.663840,14981.651620
2024-03-24 04:00:00,1707.822872,1724.568493,1693.114489,1710.053164,33924.159860
2024-03-24 05:00:00,1709.900177,1715.220590,1695.020293,1700.404827,23076.284642
2024-03-24 06:00:00,1700.525856,1707.024360,1684.315182,1692.538878,27367.848735
2024-03-24 07:00:00,1693.016514,1697.094600,1677.429229,1683.904541,49332.527163
2024-03-24 08:00:00,1685.116122,1688.752811,1682.415817,1686.714074,7846.297779
2024-03-24 09:00:00,1685.960882,1693.200988,1671.417240,1679.430270,13415.617007
2024-03-24 10:00:00,1679.603474,1682.612931,1676.644478,1680.052549,3403.307623
2024-03-24 11:00:00,1680.489112,1684.904501,1672.646325,1679.447253,15324.931183
2024-03-24 12:00:00,1679.341429,1684.435391,1669.697479,1678.496777,34120.465992
2024-03-24 13:00:00,1678.114817,1684.425804,1667.324141,1671.133954,11111.220512
2024-03-24 14:00:00,1670.715146,1678.073792,1661.987608,1669.646179,52678.264309
2024-03-24 15:00:00,1670.528439,1682.678993,1663.723425,1678.576105,17717.663406
2024-03-24 16:00:00,1678.749418,1685.254340,1674.093593,1681.112849,4417.941004
2024-03-24 17:00:00,1680.602567,1686.925130,1677.410084,1681.863032,8326.401226
2024-03-24 18:00:00,1681.533568,1687.941233,1676.714573,1683.536400,22072.105781
2024-03-24 19:00:00,1683.801928,1688.008518,1675.099033,1679.572570,3971.641950
2024-03-24 20:00:00,1680.083748,1691.565961,1667.595534,1676.278571,13615.362996
2024-03-24 21:00:00,1675.166578,1679.678320,1671.295986,1677.430348,9244.159020
2024-03-24 22:00:00,1677.382697,1684.364928,1669.063994,1676.473992,16379.782524
2024-03-24 23:00:00,1675.884246,1683.141723,1673.117126,1679.548524,11617.041414
2024-03-25 00:00:00,1679.389893,1689.857247,1668.668421,1675.141813,27831.931051
2024-03-25 01:00:00,1675.509324,1682.647652,1665.620788,1674.017213,12445.801203
2024-03-25 02:00:00,1674.847673,1680.879200,1666.720055,1672.399357,19788.115678
2024-03-25 03:00:00,1671.357495,1678.678913,1664.121406,1672.481960,20910.115354
2024-03-25 04:00:00,1672.469053,1676.514602,1662.438565,1668.281834,17345.972545
2024-03-25 05:00:00,1667.314273,1677.024326,1664.445719,1671.364331,7394.864838
2024-03-25 06:00:00,1671.935881,1681.190566,1665.107679,1676.739599,5917.938271
2024-03-25 07:00:00,1676.324508,1685.157045,1667.424219,1679.894945,14123.365617
2024-03-25 08:00:00,1680.332030,1685.516435,1670.946689,1676.427938,7133.961315
2024-03-25 09:00:00,1676.631137,1678.795960,1662.068088,1666.895544,14443.179649
2024-03-25 10:00:00,1667.984269,1678.714103,1658.206816,1671.934166,10509.963081
2024-03-25 11:00:00,1672.624412,1674.826427,1665.551055,1667.237195,16293.733076
2024-03-25 12:00:00,1666.200808,1673.453861,1656.834340,1661.179394,19032.849431
2024-03-25 13:00:00,1660.342499,1665.771891,1651.707769,1656.156037,8121.925113
2024-03-25 14:00:00,1656.608475,1662.919429,1653.119898,1658.295970,4404.912170
2024-03-25 15:00:00,1657.271448,1666.380214,1654.804803,1660.383573,12513.533708
2024-03-25 16:00:00,1660.737344,1668.447045,1653.694526,1659.477085,12072.990214
2024-03-25 17:00:00,1658.891040,1667.670008,1651.837822,1660.595436,14330.994766
2024-03-25 18:00:00,1660.441050,1671.422384,1656.310676,1663.994014,24336.185815
2024-03-25 19:00:00,1663.535178,1674.728560,1645.024468,1655.500409,59356.809434
2024-03-25 20:00:00,1657.238055,1676.349922,1649.616052,1667.844386,50854.171692
2024-03-25 21:00:00,1666.753967,1672.541134,1664.183459,1670.950905,8127.254365
2024-03-25 22:00:00,1670.689183,1673.019832,1664.057978,1667.852900,6336.461920
2024-03-25 23:00:00,1667.306717,1677.344254,1659.118293,1666.476434,7540.679457
2024-03-26 00:00:00,1666.662210,1669.418332,1661.637961,1665.501016,4116.927995
2024-03-26 01:00:00,1665.400983,1671.280246,1653.152669,1658.980853,18662.870293
2024-03-26 02:00:00,1659.507033,1663.793809,1653.448131,1656.081968,3400.436089
2024-03-26 03:00:00,1656.528425,1662.130670,1653.152696,1656.921721,5047.333090
2024-03-26 04:00:00,1657.051802,1661.312159,1648.979985,1655.085904,10498.126236
2024-03-26 05:00:00,1655.378328,1658.071962,1644.033931,1646.606879,24482.741759
2024-03-26 06:00:00,1647.618307,1650.809344,1636.176862,1641.260239,20458.743353
2024-03-26 07:00:00,1640.538425,1643.999655,1634.710372,1637.945292,6366.219821
2024-03-26 08:00:00,1638.410574,1653.180602,1627.575238,1643.666299,15447.784083
2024-03-26 09:00:00,1642.798703,1654.289859,1625.653992,1635.187350,24048.995514
2024-03-26 10:00:00,1634.203232,1637.339680,1622.578920,1630.549896,36878.725858
2024-03-26 11:00:00,1631.258998,1634.281305,1624.914251,1627.383392,6718.360717
2024-03-26 12:00:00,1626.857958,1634.528420,1616.072658,1625.329014,19732.231314
2024-03-26 13:00:00,1625.522503,1629.962048,1621.884874,1625.856539,22064.047808
2024-03-26 14:00:00,1625.523877,1633.735400,1619.694814,1625.847190,23269.684902
2024-03-26 15:00:00,1624.927405,1634.664824,1615.495670,1625.765348,25426.934793
2024-03-26 16:00:00,1625.884288,1629.390520,1613.928620,1622.208494,21556.187647
2024-03-26 17:00:00,1621.473897,1627.199003,1612.945537,1619.882986,17974.937078
2024-03-26 18:00:00,1619.362454,1622.368690,1611.806111,1616.213809,6613.143062
2024-03-26 19:00:00,1616.056915,1620.817665,1609.119439,1615.228195,5442.706627
2024-03-26 20:00:00,1615.378380,1624.548539,1604.832899,1615.952349,7121.704704
2024-03-26 21:00:00,1615.916853,1627.371737,1608.382850,1618.288534,14185.936834
2024-03-26 22:00:00,1619.327354,1625.645853,1610.153530,1619.911017,13757.321748
2024-03-26 23:00:00,1620.284965,1625.051973,1608.621172,1614.684943,26943.351225
2024-03-27 00:00:00,1615.561475,1625.915421,1608.749015,1616.504262,8047.118683
2024-03-27 01:00:00,1617.056688,1621.854030,1606.411726,1615.152142,28938.472877
2024-03-27 02:00:00,1614.862343,1629.815686,1607.072063,1616.384424,22226.167303
2024-03-27 03:00:00,1615.603716,1619.663600,1604.351435,1615.038286,14035.187645
2024-03-27 04:00:00,1614.889471,1625.536974,1607.128737,1619.048272,19626.874060
2024-03-27 05:00:00,1619.519681,1629.200493,1616.967181,1627.279593,9229.799251
2024-03-27 06:00:00,1626.878257,1630.034478,1617.782777,1623.084243,15777.616607
2024-03-27 07:00:00,1623.525521,1626.501814,1618.109907,1622.210490,7326.959188
2024-03-27 08:00:00,1621.109843,1631.753445,1614.006423,1623.534802,33544.243717
2024-03-27 09:00:00,1622.526174,1630.765108,1614.802159,1625.704906,24828.311546
2024-03-27 10:00:00,1625.231110,1631.559445,1620.863926,1625.549542,3347.941571
2024-03-27 11:00:00,1627.122091,1636.323638,1620.439574,1628.672433,6438.055744
2024-03-27 12:00:00,1627.221987,1633.328410,1622.039930,1628.891552,7937.065389
2024-03-27 13:00:00,1628.706800,1635.981129,1624.605496,1632.143891,16535.034568
2024-03-27 14:00:00,1632.821078,1637.035562,1626.911488,1631.818569,8353.758147
2024-03-27 15:00:00,1633.097418,1638.325204,1626.267407,1630.288687,14627.373025
2024-03-27 16:00:00,1630.213425,1640.770210,1626.023425,1635.601938,6707.269602
2024-03-27 17:00:00,1635.577334,1642.247809,1622.517142,1631.203111,21076.673390
2024-03-27 18:00:00,1631.943088,1641.968660,1619.112166,1625.176072,23535.837872
2024-03-27 19:00:00,1624.063123,1629.890271,1609.967279,1617.675363,32999.594762
2024-03-27 20:00:00,1616.691088,1628.106978,1611.567161,1617.526497,17125.296878
2024-03-27 21:00:00,1618.922636,1625.084468,1604.238758,1607.134696,21190.965390
2024-03-27 22:00:00,1606.904465,1619.968378,1599.886548,1614.992232,17279.025233
2024-03-27 23:00:00,1614.982343,1628.312202,1607.959713,1619.075251,23934.412768
2024-03-28 00:00:00,1618.316056,1621.704909,1612.227707,1614.971274,2344.401972
2024-03-28 01:00:00,1616.044102,1621.338802,1609.853471,1617.875984,35992.517350
2024-03-28 02:00:00,1617.510709,1628.116947,1611.276648,1616.514040,46033.765044
2024-03-28 03:00:00,1616.439388,1620.152709,1611.256766,1616.003768,14324.180602
2024-03-28 04:00:00,1616.261092,1629.190680,1610.745701,1624.132927,9520.450312
2024-03-28 05:00:00,1625.168038,1629.118241,1619.260743,1625.089234,5653.829632
2024-03-28 06:00:00,1624.185084,1632.259161,1616.160377,1621.556878,7959.898703
2024-03-28 07:00:00,1621.945007,1627.255820,1618.084761,1623.690698,3273.027955
2024-03-28 08:00:00,1624.594064,1630.155058,1615.146865,1620.213260,12279.514294
2024-03-28 09:00:00,1620.791794,1623.803955,1614.527593,1618.786338,4344.531545
2024-03-28 10:00:00,1618.718207,1623.414699,1615.076407,1619.022515,5196.393874
2024-03-28 11:00:00,1618.311599,1623.029866,1615.851723,1620.233891,17135.249055
2024-03-28 12:00:00,1620.138611,1629.130968,1611.404657,1622.286991,36632.095629
2024-03-28 13:00:00,1622.086762,1627.381159,1618.860052,1624.652215,8897.423520
2024-03-28 14:00:00,1624.936996,1628.700212,1620.444903,1625.375794,6077.203026
2024-03-28 15:00:00,1626.020371,1629.208965,1622.417883,1626.105548,9995.473314
2024-03-28 16:00:00,1626.012729,1627.229536,1625.036443,1626.164189,5590.446121
2024-03-28 17:00:00,1625.568923,1630.798581,1620.816699,1626.168932,45353.951737
2024-03-28 18:00:00,1626.886084,1633.626442,1624.059733,1629.727555,14833.847281
2024-03-28 19:00:00,1630.140297,1637.034792,1624.030451,1633.922028,12572.779362
2024-03-28 20:00:00,1635.005704,1642.071461,1630.856175,1638.086383,18333.309930
2024-03-28 21:00:00,1638.359269,1644.398895,1634.744222,1642.025866,10864.695416
2024-03-28 22:00:00,1641.718929,1646.934789,1635.885346,1640.845154,20025.696462
2024-03-28 23:00:00,1640.924262,1643.465868,1634.185221,1637.907618,16554.931662
2024-03-29 00:00:00,1638.235130,1642.377367,1630.174912,1633.759772,21502.944950
2024-03-29 01:00:00,1634.062248,1635.614340,1628.735230,1630.123659,17316.937143
2024-03-29 02:00:00,1630.931837,1634.859614,1628.291990,1632.205673,16766.882362
2024-03-29 03:00:00,1633.306605,1636.943384,1629.656120,1634.407534,5483.835731
2024-03-29 04:00:00,1634.459249,1635.873788,1628.655615,1630.576543,23786.135821
2024-03-29 05:00:00,1631.263824,1633.082532,1628.876346,1631.495386,7010.936984
2024-03-29 06:00:00,1630.517078,1633.478570,1626.050207,1629.968700,17133.784784
2024-03-29 07:00:00,1630.338095,1632.311549,1626.913651,1630.627929,15138.193297
2024-03-29 08:00:00,1631.708821,1636.682091,1625.045931,1630.248543,21806.208307
2024-03-29 09:00:00,1630.361368,1637.189647,1627.609926,1633.558530,28229.132492
2024-03-29 10:00:00,1633.585376,1639.609036,1623.915512,1629.286572,10629.976192
2024-03-29 11:00:00,1629.115363,1631.038072,1623.788061,1627.375922,9746.060607
2024-03-29 12:00:00,1627.044767,1633.547872,1619.030787,1623.038638,23780.273476
2024-03-29 13:00:00,1623.040398,1633.065092,1621.141441,1629.727132,21348.169960
2024-03-29 14:00:00,1629.233463,1633.548144,1625.923128,1629.428256,13263.071444
2024-03-29 15:00:00,1629.253915,1632.093599,1624.873688,1629.201604,8682.621999
2024-03-29 16:00:00,1629.500614,1633.215375,1625.017916,1629.420089,10885.359215
2024-03-29 17:00:00,1629.524319,1635.211233,1624.240328,1631.022548,12562.410305
2024-03-29 18:00:00,1632.114441,1635.116236,1629.735743,1632.528827,14099.105040
2024-03-29 19:00:00,1632.060572,1640.805461,1626.848121,1635.317480,22981.673522
2024-03-29 20:00:00,1634.901479,1637.921205,1632.611418,1634.448381,28884.839967
2024-03-29 21:00:00,1635.431844,1639.097202,1628.794961,1634.818784,27839.208041
2024-03-29 22:00:00,1635.327283,1638.418624,1632.773134,1636.052089,10790.851215
2024-03-29 23:00:00,1636.546137,1646.903777,1634.474208,1642.868383,30094.311610
2024-03-30 00:00:00,1643.466617,1645.998385,1640.648111,1643.246339,4128.688439
2024-03-30 01:00:00,1642.760745,1648.098100,1639.393198,1641.811610,21978.510480
2024-03-30 02:00:00,1641.423697,1649.001515,1636.226320,1642.096981,13550.442694
2024-03-30 03:00:00,1641.548816,1644.278981,1634.069167,1639.227266,26047.028872
2024-03-30 04:00:00,1639.244430,1641.229023,1633.207631,1634.913147,9099.973047
2024-03-30 05:00:00,1635.074145,1642.221947,1630.937461,1638.389472,15457.144895
2024-03-30 06:00:00,1639.053571,1647.121321,1630.740826,1634.712363,70526.243936
2024-03-30 07:00:00,1633.501984,1642.431482,1626.505235,1636.337580,11305.841687
2024-03-30 08:00:00,1636.228055,1637.628065,1632.477717,1633.711375,8755.106107
2024-03-30 09:00:00,1634.002573,1638.270842,1628.483082,1634.152421,25658.168690
2024-03-30 10:00:00,1634.597925,1642.869805,1631.043167,1635.716048,17449.463006
2024-03-30 11:00:00,1635.120793,1635.911641,1633.187089,1634.134479,4032.791912
2024-03-30 12:00:00,1633.622076,1646.883305,1630.192920,1643.818927,56600.915205
2024-03-30 13:00:00,1643.617811,1656.147099,1639.819183,1652.205118,37819.999089
2024-03-30 14:00:00,1650.280895,1656.848185,1646.224062,1651.406554,13746.651547
2024-03-30 15:00:00,1652.119945,1660.201993,1645.315464,1653.136413,21005.870216
2024-03-30 16:00:00,1653.555025,1657.012688,1650.086316,1654.021258,2301.950286
2024-03-30 17:00:00,1654.785674,1658.524892,1647.559638,1652.915359,4460.223163
2024-03-30 18:00:00,1653.486922,1659.673186,1649.119818,1654.794929,16834.926207
2024-03-30 19:00:00,1655.156158,1656.765708,1652.953157,1654.383888,3410.465469
2024-03-30 20:00:00,1655.329280,1661.054762,1653.320272,1657.374636,4618.776564
2024-03-30 21:00:00,1657.193502,1659.742349,1650.810068,1654.135189,10849.541196
2024-03-30 22:00:00,1653.988433,1660.313506,1651.140442,1654.788407,13045.842733
2024-03-30 23:00:00,1654.113630,1658.110263,1650.816609,1655.081771,10401.256745
2024-03-31 00:00:00,1654.228476,1656.668679,1650.285107,1652.053467,6004.114199
2024-03-31 01:00:00,1652.213564,1656.517525,1649.877479,1654.929263,26993.953624
2024-03-31 02:00:00,1653.506172,1658.844398,1651.619041,1655.212871,7877.985668
2024-03-31 03:00:00,1655.232646,1658.626264,1652.327919,1655.918679,3645.612698
2024-03-31 04:00:00,1656.534524,1662.335811,1653.633372,1660.009103,15932.603468
2024-03-31 05:00:00,1660.363748,1666.394949,1658.138597,1661.325610,4435.773441
2024-03-31 06:00:00,1661.409419,1663.073151,1659.191310,1661.022946,1941.323621
2024-03-31 07:00:00,1662.272928,1668.766039,1659.222416,1665.002368,15946.899217
2024-03-31 08:00:00,1664.797562,1670.010335,1660.517122,1667.432333,10666.006062
2024-03-31 09:00:00,1667.343720,1676.858342,1663.235328,1671.382939,35986.429451
2024-03-31 10:00:00,1672.026366,1677.128686,1667.095132,1672.454052,14130.060573
2024-03-31 11:00:00,1671.687789,1678.258552,1668.312423,1672.479176,6350.934035
2024-03-31 12:00:00,1672.146842,1675.110330,1667.526151,1670.011320,7625.492140
2024-03-31 13:00:00,1669.748099,1671.725082,1667.783016,1669.694061,9438.004690
2024-03-31 14:00:00,1670.342841,1674.709726,1666.062076,1668.974105,10017.830544
2024-03-31 15:00:00,1668.651792,1673.603327,1666.207089,1670.517244,16005.324545
2024-03-31 16:00:00,1669.691138,1675.407790,1668.335955,1673.940085,8406.976745
2024-03-31 17:00:00,1674.468250,1684.690984,1670.937779,1681.991169,14306.087970
2024-03-31 18:00:00,1682.167939,1688.940465,1678.562336,1685.086225,12837.873712
2024-03-31 19:00:00,1685.617584,1687.240648,1680.596698,1684.275351,13424.721597
2024-03-31 20:00:00,1683.792778,1689.170648,1680.449107,1686.195734,9908.999883
2024-03-31 21:00:00,1686.503749,1693.565716,1684.629598,1689.514253,28117.206501
2024-03-31 22:00:00,1688.788561,1698.512489,1682.007441,1691.586630,28766.154835
2024-03-31 23:00:00,1691.791891,1694.437249,1683.674488,1686.292184,45598.659858
2024-04-01 00:00:00,1686.290881,1690.089797,1681.450769,1687.478517,16095.930759
2024-04-01 01:00:00,1687.211274,1699.937908,1682.555742,1696.520602,17823.114601
2024-04-01 02:00:00,1696.134245,1702.477179,1691.105464,1697.686229,7125.086520
2024-04-01 03:00:00,1697.302328,1705.481692,1694.620657,1702.961562,34946.838778
2024-04-01 04:00:00,1703.035535,1711.418103,1700.530446,1708.333499,19179.017414
2024-04-01 05:00:00,1708.874443,1712.631899,1705.296724,1708.706148,5146.702172
2024-04-01 06:00:00,1707.732498,1713.417693,1705.346533,1707.868943,15218.060118
2024-04-01 07:00:00,1707.945916,1716.755914,1706.043243,1712.340971,21948.518518
2024-04-01 08:00:00,1710.809777,1713.274145,1707.778140,1711.928951,4719.687928
2024-04-01 09:00:00,1712.881692,1716.084064,1708.772850,1713.282594,4500.472371
2024-04-01 10:00:00,1714.141912,1720.308780,1703.705386,1710.601850,41052.709128
2024-04-01 11:00:00,1711.381214,1717.645820,1709.568984,1715.313729,21615.703053
2024-04-01 12:00:00,1715.116047,1726.523324,1708.519835,1718.836272,24315.230554
2024-04-01 13:00:00,1718.637038,1723.201348,1714.762789,1721.550635,13701.796107
2024-04-01 14:00:00,1721.401008,1727.179038,1719.548923,1724.578331,7880.456685
2024-04-01 15:00:00,1725.650263,1728.533046,1723.810927,1727.598435,10260.291566
2024-04-01 16:00:00,1727.342422,1731.482294,1723.278557,1729.418825,3285.707046
2024-04-01 17:00:00,1728.569082,1730.618193,1727.029106,1729.043297,4075.287310
2024-04-01 18:00:00,1728.985996,1733.993769,1727.157911,1731.885509,13534.072334
2024-04-01 19:00:00,1732.285294,1739.774727,1727.604155,1736.950535,18221.220571
2024-04-01 20:00:00,1736.883130,1740.431132,1730.505351,1733.290514,24330.017916
2024-04-01 21:00:00,1732.346629,1734.432062,1728.580414,1730.791012,8208.341553
2024-04-01 22:00:00,1731.091338,1736.790553,1726.916137,1732.279685,17754.019900
2024-04-01 23:00:00,1732.738278,1737.457536,1720.792627,1723.928537,21706.338912
2024-04-02 00:00:00,1722.547650,1731.450217,1716.161864,1725.955874,36422.157686
2024-04-02 01:00:00,1726.219553,1731.922799,1723.653588,1727.539717,9937.858236
2024-04-02 02:00:00,1726.732057,1728.836073,1720.312995,1722.743505,22454.203037
2024-04-02 03:00:00,1722.071671,1728.690856,1716.711894,1719.926269,11281.087145
2024-04-02 04:00:00,1719.275955,1727.013091,1716.918133,1723.695292,7221.445171
2024-04-02 05:00:00,1724.203608,1737.060368,1715.929925,1730.939011,43410.471977
2024-04-02 06:00:00,1731.774415,1735.655670,1726.019107,1730.117642,16399.945166
2024-04-02 07:00:00,1729.527677,1731.543240,1722.785586,1724.976481,7224.817139
2024-04-02 08:00:00,1724.521956,1730.242100,1719.374253,1726.188126,8667.421207
2024-04-02 09:00:00,1727.084275,1732.019078,1718.557881,1725.664776,31364.769004
2024-04-02 10:00:00,1725.352257,1728.425126,1721.522117,1726.357894,12059.804461
2024-04-02 11:00:00,1726.768104,1737.267561,1722.072513,1733.650822,8201.431909
2024-04-02 12:00:00,1734.377009,1736.515340,1727.317471,1731.380588,20030.402353
2024-04-02 13:00:00,1730.887696,1735.182438,1726.990728,1732.704689,8449.156647
2024-04-02 14:00:00,1733.027825,1751.700332,1726.604417,1746.018155,18463.143648
2024-04-02 15:00:00,1744.868202,1750.798767,1742.577524,1749.517673,8300.378968
2024-04-02 16:00:00,1749.814441,1751.953069,1743.022888,1746.536528,10923.262764
2024-04-02 17:00:00,1746.846486,1751.897856,1742.918251,1750.191060,22416.807665
2024-04-02 18:00:00,1750.545162,1756.083107,1742.956951,1749.267816,11758.341093
2024-04-02 19:00:00,1749.666320,1756.077083,1744.631314,1751.930940,9032.511321
2024-04-02 20:00:00,1751.531876,1755.248142,1748.031539,1751.248445,9947.950066
2024-04-02 21:00:00,1751.058443,1759.457470,1746.249200,1755.962723,44338.350447
2024-04-02 22:00:00,1756.745785,1766.631327,1750.427703,1760.019700,20019.766099
2024-04-02 23:00:00,1759.977753,1770.284145,1755.211606,1766.612008,25707.278663
2024-04-03 00:00:00,1767.633380,1771.516101,1763.727269,1769.421504,15434.465113
2024-04-03 01:00:00,1770.094364,1774.646264,1756.555522,1761.594926,28727.727087
2024-04-03 02:00:00,1762.096390,1768.160021,1759.160812,1764.661518,39616.248900
2024-04-03 03:00:00,1764.308933,1772.875613,1761.451985,1767.331894,12086.775256
2024-04-03 04:00:00,1767.210484,1774.563485,1764.858336,1770.245666,6834.144620
2024-04-03 05:00:00,1771.347173,1776.279749,1767.370488,1772.047880,9922.094176
2024-04-03 06:00:00,1772.258099,1780.260327,1769.149956,1775.370902,7949.230186
2024-04-03 07:00:00,1775.329578,1781.327227,1767.278367,1771.618276,24771.654245
2024-04-03 08:00:00,1771.662345,1774.338705,1759.495561,1762.971023,13153.664672
2024-04-03 09:00:00,1763.312527,1768.659725,1757.317145,1764.387386,8735.023216
2024-04-03 10:00:00,1764.659022,1773.039677,1759.588370,1765.817110,17596.618747
2024-04-03 11:00:00,1765.077862,1774.863107,1761.064171,1770.579261,10422.436485
2024-04-03 12:00:00,1770.245844,1774.997043,1758.423564,1765.613819,25752.753549
2024-04-03 13:00:00,1764.396331,1773.992462,1760.371383,1768.939425,24912.869441
2024-04-03 14:00:00,1769.016153,1774.302646,1761.407538,1763.726115,17690.425011
2024-04-03 15:00:00,1764.605307,1771.558145,1752.330068,1759.124827,16997.610223
2024-04-03 16:00:00,1757.252878,1769.618965,1751.233351,1765.372745,16061.572969
2024-04-03 17:00:00,1765.097787,1769.946615,1755.550388,1759.770578,11327.429352
2024-04-03 18:00:00,1759.471487,1766.663220,1754.242782,1760.012354,9719.080618
2024-04-03 19:00:00,1760.316817,1765.635418,1751.324205,1759.580020,25257.208581
2024-04-03 20:00:00,1760.430744,1765.293402,1751.542920,1759.743475,27096.426914
2024-04-03 21:00:00,1760.035751,1764.604377,1745.904488,1755.387098,8213.820048
2024-04-03 22:00:00,1756.439894,1765.986655,1747.778449,1758.100328,9941.299995
2024-04-03 23:00:00,1757.039267,1761.492189,1754.390886,1759.673497,2795.803841
2024-04-04 00:00:00,1760.088402,1771.053582,1755.474101,1767.365938,10449.499953
2024-04-04 01:00:00,1767.438336,1777.209887,1761.489555,1774.555772,29744.313168
2024-04-04 02:00:00,1774.868297,1780.549418,1764.255574,1773.347244,14175.613550
2024-04-04 03:00:00,1772.646941,1776.031940,1763.302269,1766.536163,42695.360742
2024-04-04 04:00:00,1768.008891,1771.621245,1765.299314,1768.728657,4708.003354
2024-04-04 05:00:00,1769.391334,1776.573007,1761.644182,1765.441397,42514.928731
2024-04-04 06:00:00,1764.948229,1773.227043,1757.483172,1768.552587,52000.015836
2024-04-04 07:00:00,1767.313286,1772.462690,1763.941169,1769.265699,4020.799011
2024-04-04 08:00:00,1769.631305,1775.196587,1758.995705,1766.086663,10288.523221
2024-04-04 09:00:00,1765.289915,1771.660551,1764.205559,1769.894681,3201.320245
2024-04-04 10:00:00,1769.346324,1776.463967,1763.080565,1766.117660,18311.757023
2024-04-04 11:00:00,1765.825266,1769.314932,1760.481407,1763.957961,5958.877556
2024-04-04 12:00:00,1762.695257,1769.701790,1757.429645,1763.801604,18866.484297
2024-04-04 13:00:00,1764.598830,1767.166955,1749.555038,1753.488228,11932.361472
2024-04-04 14:00:00,1753.293597,1756.084141,1740.901430,1743.954580,5641.826278
2024-04-04 15:00:00,1745.020478,1758.545597,1737.480157,1749.583603,18513.257475
2024-04-04 16:00:00,1748.975499,1757.324106,1742.151331,1750.968839,6757.776407
2024-04-04 17:00:00,1751.097645,1753.797477,1748.849508,1752.062742,5544.673866
2024-04-04 18:00:00,1752.414081,1759.165170,1746.756862,1751.618081,13073.735943
2024-04-04 19:00:00,1750.646599,1755.355117,1744.759123,1749.384152,11792.196478
2024-04-04 20:00:00,1749.676398,1753.975167,1729.069288,1736.339808,22944.114415
2024-04-04 21:00:00,1735.588787,1742.351114,1715.076999,1725.280781,37664.570047
2024-04-04 22:00:00,1725.712043,1730.931870,1720.807517,1727.438309,9500.142357
2024-04-04 23:00:00,1727.105991,1734.482888,1725.003927,1730.493587,9167.093526
2024-04-05 00:00:00,1730.213124,1735.521723,1728.721167,1733.837429,10803.754790
2024-04-05 01:00:00,1734.216640,1736.996150,1730.711208,1733.417677,2633.167698
2024-04-05 02:00:00,1734.206272,1745.817225,1731.055065,1742.951679,8319.925329
2024-04-05 03:00:00,1743.010959,1750.731705,1739.189454,1745.656645,9585.528652
2024-04-05 04:00:00,1744.862871,1749.256706,1738.321720,1745.713507,13707.961505
2024-04-05 05:00:00,1745.794888,1750.567430,1740.164531,1747.148636,12587.250535
2024-04-05 06:00:00,1746.610007,1760.626247,1741.310366,1755.098101,36752.311702
2024-04-05 07:00:00,1756.322466,1762.866277,1751.569879,1759.293259,29362.671111
2024-04-05 08:00:00,1760.130261,1766.881040,1755.753517,1762.801466,9787.093976
2024-04-05 09:00:00,1762.952150,1776.355952,1756.428592,1768.722741,24712.519232
2024-04-05 10:00:00,1768.676823,1774.858492,1763.685138,1767.659106,20085.630463
2024-04-05 11:00:00,1766.420953,1780.137524,1761.904235,1771.961845,42004.666338
2024-04-05 12:00:00,1771.386340,1775.902877,1767.131437,1770.133121,19731.982872
2024-04-05 13:00:00,1769.933446,1775.804455,1763.447728,1767.040398,14531.349526
2024-04-05 14:00:00,1766.074789,1773.887991,1763.960452,1770.498516,8963.769876
2024-04-05 15:00:00,1769.463340,1772.099627,1766.175215,1769.639594,5124.244590
2024-04-05 16:00:00,1769.830430,1788.469702,1764.573280,1780.320094,25603.400926
2024-04-05 17:00:00,1779.971135,1786.042873,1769.099752,1775.695634,13456.617014
2024-04-05 18:00:00,1773.261916,1778.095984,1768.295508,1771.653684,3220.641830
2024-04-05 19:00:00,1772.296244,1776.610024,1764.362408,1770.569920,7669.396228
2024-04-05 20:00:00,1769.511528,1780.471288,1768.239335,1778.646322,18712.141372
2024-04-05 21:00:00,1778.340512,1787.887188,1771.680402,1783.373682,13871.320963
2024-04-05 22:00:00,1783.198457,1787.894641,1778.492452,1783.147850,11830.795944
2024-04-05 23:00:00,1782.286609,1789.902311,1771.195395,1777.109344,8671.833425
2024-04-06 00:00:00,1778.582967,1780.730420,1773.075022,1777.175071,3086.881576
2024-04-06 01:00:00,1777.783898,1779.936945,1768.188758,1770.230283,7448.465552
2024-04-06 02:00:00,1769.677070,1777.988264,1763.335218,1772.776459,16812.750695
2024-04-06 03:00:00,1772.603323,1777.637055,1770.947300,1775.116420,15134.202465
2024-04-06 04:00:00,1776.025893,1779.666199,1769.517896,1775.596036,5953.699719
2024-04-06 05:00:00,1774.906097,1779.218311,1770.016410,1773.038682,13722.514665
2024-04-06 06:00:00,1771.838407,1776.150637,1763.055694,1766.603165,16435.310900
2024-04-06 07:00:00,1767.654002,1773.878919,1760.592610,1765.203183,26738.567909
2024-04-06 08:00:00,1763.698791,1767.885849,1758.050538,1760.724846,12344.528810
2024-04-06 09:00:00,1760.670324,1767.936111,1755.787258,1760.177440,7487.279404
2024-04-06 10:00:00,1759.942841,1763.991479,1755.512941,1758.703472,9080.233823
2024-04-06 11:00:00,1757.456836,1770.466202,1749.375558,1762.014249,37699.525233
2024-04-06 12:00:00,1762.404592,1762.807102,1760.695682,1761.017574,4384.837150
2024-04-06 13:00:00,1760.985146,1764.852055,1754.313306,1756.175433,6327.838741
2024-04-06 14:00:00,1755.669373,1760.875031,1746.179676,1752.209952,26639.843284
2024-04-06 15:00:00,1751.385575,1757.963309,1744.747942,1752.836456,19691.285125
2024-04-06 16:00:00,1752.159167,1755.532690,1750.710218,1753.236747,8528.187780
2024-04-06 17:00:00,1753.520472,1759.067640,1750.923378,1755.560990,7978.361695
2024-04-06 18:00:00,1755.465483,1761.079967,1750.812888,1754.743204,34163.056136
2024-04-06 19:00:00,1754.798306,1758.305278,1751.803366,1753.661744,4986.834712
2024-04-06 20:00:00,1754.202383,1759.589092,1744.378489,1748.866924,7141.471023
2024-04-06 21:00:00,1749.333944,1755.147318,1745.250041,1749.754445,12979.072930
2024-04-06 22:00:00,1748.714266,1755.001578,1732.330439,1740.882882,29869.244743
2024-04-06 23:00:00,1739.521240,1747.642737,1733.025115,1737.361404,13350.358030
2024-04-07 00:00:00,1737.474363,1741.996576,1733.900885,1737.654126,7032.163066
2024-04-07 01:00:00,1737.708870,1742.394587,1730.825834,1735.688139,25638.260124
2024-04-07 02:00:00,1734.873634,1743.202461,1725.900551,1730.170891,47908.272925
2024-04-07 03:00:00,1729.828940,1737.056225,1725.073564,1729.842568,8257.565035
2024-04-07 04:00:00,1729.640463,1735.622144,1723.466501,1728.096120,9645.478336
2024-04-07 05:00:00,1727.818347,1734.208398,1719.943783,1725.591814,16598.573213
2024-04-07 06:00:00,1725.359839,1728.210623,1721.592239,1725.456048,8915.472485
2024-04-07 07:00:00,1725.198444,1732.178418,1713.191316,1720.113460,44500.750714
2024-04-07 08:00:00,1718.618949,1725.743161,1712.096022,1716.789877,9424.803772
2024-04-07 09:00:00,1716.298266,1719.139760,1704.730942,1710.585851,18302.210839
2024-04-07 10:00:00,1710.398735,1716.824495,1704.479989,1713.402018,9311.950136
2024-04-07 11:00:00,1712.914967,1715.192787,1710.076032,1712.526826,8794.855437
2024-04-07 12:00:00,1711.665361,1713.912827,1708.313283,1710.346751,10579.004448
2024-04-07 13:00:00,1710.424834,1715.569301,1706.872906,1712.278413,11624.490422
2024-04-07 14:00:00,1711.779489,1719.062802,1706.147026,1713.544775,6057.108245
2024-04-07 15:00:00,1715.472660,1719.996219,1710.051652,1716.005497,12723.302610
2024-04-07 16:00:00,1716.100053,1719.959293,1705.845919,1710.678974,8064.199499
2024-04-07 17:00:00,1710.666391,1728.316504,1703.486338,1724.525846,16508.985845
2024-04-07 18:00:00,1724.999546,1729.396853,1715.935927,1721.447124,24443.765737
2024-04-07 19:00:00,1720.313081,1723.320641,1703.779668,1707.035540,31440.422915
2024-04-07 20:00:00,1707.332087,1725.840669,1699.179035,1718.032935,14934.876798
2024-04-07 21:00:00,1717.310182,1720.834676,1704.179975,1711.688484,20173.118862
2024-04-07 22:00:00,1712.451186,1718.920566,1707.033316,1710.524553,9150.544587
2024-04-07 23:00:00,1710.290472,1716.243835,1708.450842,1711.544631,4380.335091
2024-04-08 00:00:00,1712.995347,1717.867398,1707.601500,1711.195572,16458.497778
2024-04-08 01:00:00,1710.262582,1713.141773,1699.850603,1706.193092,20520.872129
2024-04-08 02:00:00,1705.491564,1711.106903,1694.730549,1699.337543,18911.881869
2024-04-08 03:00:00,1699.057073,1704.517892,1695.959911,1701.637352,16905.897450
2024-04-08 04:00:00,1700.613173,1713.232026,1692.098818,1703.080513,26269.175973
2024-04-08 05:00:00,1703.460022,1708.710517,1689.383589,1694.701039,26632.789756
2024-04-08 06:00:00,1694.070506,1697.572429,1685.177289,1688.868209,18371.558366
2024-04-08 07:00:00,1689.755120,1692.701495,1686.924445,1690.664421,11092.608583
2024-04-08 08:00:00,1691.088900,1704.133453,1686.075252,1694.066704,21060.122447
2024-04-08 09:00:00,1694.253375,1700.688703,1684.870490,1692.400526,4551.360237
2024-04-08 10:00:00,1693.707196,1699.902923,1689.476066,1692.979518,3112.153217
2024-04-08 11:00:00,1691.805709,1695.510489,1684.965439,1689.478565,13467.403121
2024-04-08 12:00:00,1690.283384,1696.115297,1685.977429,1693.182129,15412.446766
2024-04-08 13:00:00,1692.905954,1697.921281,1686.189649,1689.097410,21926.329481
2024-04-08 14:00:00,1688.663466,1702.935279,1683.385550,1695.397585,61860.038841
2024-04-08 15:00:00,1695.775023,1700.983500,1690.288843,1694.718276,12417.760288
2024-04-08 16:00:00,1693.886459,1696.634988,1683.729304,1687.582166,12771.999048
2024-04-08 17:00:00,1687.659777,1695.930721,1683.994264,1689.639628,6658.170724
2024-04-08 18:00:00,1690.953248,1694.781378,1677.787991,1685.016637,28257.856809
2024-04-08 19:00:00,1684.482246,1692.297313,1682.118751,1690.115631,10634.141682
2024-04-08 20:00:00,1690.778217,1694.041088,1683.061185,1687.328682,9222.561028
2024-04-08 21:00:00,1688.112862,1689.849705,1685.396990,1686.249766,5179.338606
2024-04-08 22:00:00,1686.042387,1691.429129,1680.084936,1687.245913,11140.596529
2024-04-08 23:00:00,1686.960454,1690.354213,1681.150285,1684.661040,10975.561566
2024-04-09 00:00:00,1685.113253,1687.408427,1679.667275,1682.007512,5729.982744
2024-04-09 01:00:00,1681.651305,1685.138417,1678.597584,1680.473996,4936.060168
2024-04-09 02:00:00,1679.385525,1683.578547,1675.564892,1680.275682,9378.937415
2024-04-09 03:00:00,1681.411625,1686.618580,1667.121613,1670.337133,26831.764739
2024-04-09 04:00:00,1670.478864,1671.897642,1668.562909,1670.241433,7755.748782
2024-04-09 05:00:00,1670.019445,1672.101428,1666.188865,1668.149360,15056.518327
2024-04-09 06:00:00,1667.572435,1669.048314,1664.160785,1666.837281,3885.570706
2024-04-09 07:00:00,1667.237399,1668.780099,1663.250500,1665.465616,7707.085930
2024-04-09 08:00:00,1665.671467,1676.193561,1663.517978,1671.931187,17064.699109
2024-04-09 09:00:00,1671.010710,1673.912756,1666.895267,1669.821438,17225.318820
2024-04-09 10:00:00,1669.823363,1670.762443,1668.961302,1670.297696,19817.475252
2024-04-09 11:00:00,1669.872951,1672.099118,1666.001558,1667.521887,13311.932566
2024-04-09 12:00:00,1666.833122,1670.125532,1665.587696,1668.474291,11868.412532
2024-04-09 13:00:00,1668.710014,1670.537538,1666.972945,1668.524663,5973.066011
2024-04-09 14:00:00,1668.992463,1671.219602,1668.057503,1670.166881,5855.659682
2024-04-09 15:00:00,1669.639116,1670.567269,1666.127446,1666.985525,4369.492837
2024-04-09 16:00:00,1666.964715,1669.741765,1665.594281,1668.520410,7113.030669
2024-04-09 17:00:00,1668.272963,1671.199276,1666.918612,1668.916108,19505.065073
2024-04-09 18:00:00,1668.887094,1673.615858,1667.338558,1670.397088,22542.804093
2024-04-09 19:00:00,1669.798145,1676.011050,1667.524745,1674.034624,16603.651513
2024-04-09 20:00:00,1674.072668,1676.515682,1672.503100,1674.696852,16710.795724
2024-04-09 21:00:00,1675.043018,1679.544141,1672.804769,1677.204236,7784.054151
2024-04-09 22:00:00,1677.438006,1682.950011,1675.297138,1681.406331,11112.436788
2024-04-09 23:00:00,1682.093268,1685.515595,1680.988347,1683.834111,13760.525484
2024-04-10 00:00:00,1683.943056,1687.365093,1682.095672,1685.896310,13186.094365
2024-04-10 01:00:00,1686.063322,1688.558115,1683.340369,1685.974715,8752.557273
2024-04-10 02:00:00,1686.041983,1690.221240,1683.917651,1686.835604,48843.042928
2024-04-10 03:00:00,1687.432449,1693.560089,1684.290152,1689.722074,21359.803420
2024-04-10 04:00:00,1689.720940,1693.101774,1688.288466,1691.046296,9052.220187
2024-04-10 05:00:00,1691.233933,1695.124840,1685.538513,1690.430360,27171.218741
2024-04-10 06:00:00,1690.231744,1692.991749,1688.676458,1691.318098,6884.990462
2024-04-10 07:00:00,1690.916565,1694.033506,1689.553912,1691.087435,16315.307489
2024-04-10 08:00:00,1691.281863,1694.102721,1687.358857,1690.579442,6507.607026
2024-04-10 09:00:00,1690.667240,1695.471715,1689.255269,1693.704833,8223.970530
2024-04-10 10:00:00,1692.874539,1699.343517,1689.065612,1695.157518,65092.971188
2024-04-10 11:00:00,1695.598858,1698.322138,1693.482895,1696.101582,10947.729080
2024-04-10 12:00:00,1695.915473,1701.082054,1692.698838,1697.040830,17008.162696
2024-04-10 13:00:00,1697.380532,1699.191134,1695.689423,1697.632768,8340.120339
2024-04-10 14:00:00,1697.026899,1703.613855,1692.383822,1699.140068,11997.539406
2024-04-10 15:00:00,1698.942230,1702.410477,1697.079243,1700.175621,6466.769462
2024-04-10 16:00:00,1700.664628,1704.481117,1699.622672,1702.555985,9263.970529
2024-04-10 17:00:00,1702.965200,1706.525419,1700.654721,1703.882886,4559.986744
2024-04-10 18:00:00,1703.151633,1705.154154,1699.387649,1701.171844,7693.117248
2024-04-10 19:00:00,1701.544221,1705.588138,1697.114179,1702.400173,30247.714344
2024-04-10 20:00:00,1702.742233,1707.955267,1699.920081,1705.046129,4292.875928
2024-04-10 21:00:00,1705.549964,1708.501977,1701.501600,1706.732281,42272.264745
2024-04-10 22:00:00,1706.825921,1711.722950,1704.877964,1709.240681,17355.071090
2024-04-10 23:00:00,1709.120410,1713.819969,1707.015255,1711.109626,23289.418546
2024-04-11 00:00:00,1711.031418,1712.649951,1707.523189,1709.779332,18060.095351
2024-04-11 01:00:00,1709.746353,1716.474225,1705.509740,1711.921552,34035.221556
2024-04-11 02:00:00,1711.626110,1718.263997,1707.145859,1713.709569,11013.877818
2024-04-11 03:00:00,1713.076708,1715.126986,1709.443112,1711.208344,16334.497123
2024-04-11 04:00:00,1712.047793,1717.764920,1706.880675,1713.005787,17026.153686
2024-04-11 05:00:00,1713.020756,1714.477654,1711.044800,1712.583957,14193.190052
2024-04-11 06:00:00,1712.405813,1713.789723,1710.956397,1713.020729,3778.219764
2024-04-11 07:00:00,1713.425947,1717.423068,1709.665385,1713.819554,33335.379926
2024-04-11 08:00:00,1714.144080,1715.515375,1710.763773,1713.042406,11108.047530
2024-04-11 09:00:00,1713.202492,1716.332657,1706.446537,1709.847187,29649.277332
2024-04-11 10:00:00,1710.078687,1712.977515,1708.684189,1710.768898,20109.208920
2024-04-11 11:00:00,1711.393130,1713.144229,1709.438474,1710.938840,9952.163335
2024-04-11 12:00:00,1709.831155,1716.749794,1708.210715,1714.081671,25516.732458
2024-04-11 13:00:00,1713.642623,1716.534112,1710.556193,1714.284259,8723.718733
2024-04-11 14:00:00,1713.606261,1716.760983,1706.991166,1712.121579,10534.742667
2024-04-11 15:00:00,1712.309002,1716.098937,1710.853716,1714.656211,5751.780344
2024-04-11 16:00:00,1714.880357,1716.320252,1713.791681,1715.286917,20428.468089
2024-04-11 17:00:00,1715.210825,1718.177670,1704.932620,1708.326225,33881.753295
2024-04-11 18:00:00,1708.383841,1710.974081,1706.764718,1709.779188,2904.709837
2024-04-11 19:00:00,1709.986009,1712.854723,1708.189565,1711.079675,5364.245421
2024-04-11 20:00:00,1710.437613,1713.230676,1709.114426,1711.740008,10347.232547
2024-04-11 21:00:00,1711.747203,1714.489510,1709.578865,1712.173838,22886.945022
2024-04-11 22:00:00,1711.691652,1717.233810,1710.185664,1714.170122,15173.281710
2024-04-11 23:00:00,1713.641318,1718.187584,1712.063272,1716.002363,9543.896114
2024-04-12 00:00:00,1715.409332,1717.811044,1713.872094,1715.306172,3498.120607
2024-04-12 01:00:00,1715.348556,1718.662310,1711.458142,1713.189148,19661.537633
2024-04-12 02:00:00,1713.184863,1717.046085,1711.003090,1714.490256,8708.797402
2024-04-12 03:00:00,1714.014514,1717.152818,1711.882016,1713.501982,7014.667167
2024-04-12 04:00:00,1714.604779,1716.844428,1711.306802,1713.286371,18403.844100
2024-04-12 05:00:00,1713.146850,1716.057417,1708.048192,1710.636829,19044.299874
2024-04-12 06:00:00,1710.568101,1711.268236,1709.574866,1710.247075,2917.115931
2024-04-12 07:00:00,1710.109902,1711.725895,1706.229449,1708.706387,7747.871504
2024-04-12 08:00:00,1708.615899,1712.018552,1706.658470,1708.840393,7643.986558
2024-04-12 09:00:00,1709.108503,1710.500384,1705.263365,1706.389564,4159.789711
2024-04-12 10:00:00,1706.383580,1710.564020,1705.099887,1709.149219,27056.345703
2024-04-12 11:00:00,1709.351483,1713.331071,1706.476936,1710.099692,6195.417064
2024-04-12 12:00:00,1710.263587,1712.209512,1709.603765,1711.313259,15694.906919
2024-04-12 13:00:00,1710.634417,1713.890632,1706.347503,1709.159170,13264.025828
2024-04-12 14:00:00,1709.201296,1711.884193,1706.826201,1709.206485,11163.054381
2024-04-12 15:00:00,1708.774574,1710.882703,1703.771631,1706.044023,25970.585365
2024-04-12 16:00:00,1705.869201,1708.613157,1702.570347,1704.265639,5854.062729
2024-04-12 17:00:00,1703.526812,1709.951985,1701.016827,1707.037949,15704.158265
2024-04-12 18:00:00,1707.122044,1709.508074,1703.920552,1705.770317,19117.782217
2024-04-12 19:00:00,1705.210439,1706.575021,1702.245357,1703.581029,14311.248761
2024-04-12 20:00:00,1703.313064,1704.651577,1701.054333,1702.290423,1636.231410
2024-04-12 21:00:00,1702.317937,1707.177168,1699.321387,1702.003959,11612.592989
2024-04-12 22:00:00,1701.989198,1703.942560,1700.267256,1702.287658,5592.086305
2024-04-12 23:00:00,1702.377117,1707.440811,1701.110903,1705.657562,15122.621475
2024-04-13 00:00:00,1706.648821,1711.783070,1703.661630,1708.090383,9523.227510
2024-04-13 01:00:00,1707.647707,1710.438446,1699.485555,1704.355684,39852.491367
2024-04-13 02:00:00,1704.444419,1706.636809,1700.915440,1703.458886,16733.402222
2024-04-13 03:00:00,1702.870074,1704.519932,1700.365064,1703.160583,18252.538299
2024-04-13 04:00:00,1703.834604,1704.517504,1703.378386,1703.990779,1575.611215
2024-04-13 05:00:00,1704.302438,1712.010980,1701.161852,1709.510551,24673.240749
2024-04-13 06:00:00,1709.510722,1713.485103,1706.906118,1710.715827,6682.372005
2024-04-13 07:00:00,1710.622274,1711.768611,1709.843579,1710.633599,4753.841171
2024-04-13 08:00:00,1710.617177,1713.023116,1709.418923,1710.958528,2163.825754
2024-04-13 09:00:00,1711.162954,1716.455015,1707.165526,1712.318041,11494.297784
2024-04-13 10:00:00,1712.419924,1715.082922,1706.954793,1709.125779,18278.671855
2024-04-13 11:00:00,1709.545435,1710.671265,1706.927092,1708.501641,17628.290263
2024-04-13 12:00:00,1708.787051,1712.351099,1704.110781,1707.368430,16256.312749
2024-04-13 13:00:00,1707.596609,1719.046058,1706.171252,1717.499806,36100.000089
2024-04-13 14:00:00,1717.502409,1725.478246,1714.129942,1723.615259,24050.563761
2024-04-13 15:00:00,1723.583662,1724.627620,1721.138918,1722.682822,10208.721505
2024-04-13 16:00:00,1722.559829,1724.893478,1719.812077,1721.709527,6892.541995
2024-04-13 17:00:00,1721.648702,1726.009465,1718.834688,1722.572025,13908.932102
2024-04-13 18:00:00,1722.525098,1726.125106,1713.434898,1717.676397,39179.556123
2024-04-13 19:00:00,1717.214427,1719.506527,1714.227020,1715.484741,17849.138724
2024-04-13 20:00:00,1715.828606,1722.470063,1713.122838,1718.996576,21790.551251
2024-04-13 21:00:00,1719.257933,1721.240296,1717.533818,1720.260928,5265.492055
2024-04-13 22:00:00,1720.069993,1723.051163,1718.863280,1722.040998,9671.080170
2024-04-13 23:00:00,1722.018150,1725.686850,1720.196510,1723.432831,11597.416833
2024-04-14 00:00:00,1723.496629,1726.439499,1721.339475,1723.306858,3956.603669
2024-04-14 01:00:00,1723.606924,1730.358121,1719.998544,1726.727409,5488.066624
2024-04-14 02:00:00,1726.114593,1730.627311,1721.014219,1725.940143,23048.666868
2024-04-14 03:00:00,1726.085265,1728.801832,1722.962984,1726.993767,7658.521388
2024-04-14 04:00:00,1727.062575,1730.991469,1724.477937,1728.892504,4564.801886
2024-04-14 05:00:00,1728.803830,1734.725684,1726.234264,1731.547382,8487.069704
2024-04-14 06:00:00,1732.001392,1735.149606,1729.460415,1732.683073,15593.095735
2024-04-14 07:00:00,1732.423410,1734.595352,1728.842263,1731.123443,12269.127650
2024-04-14 08:00:00,1731.323745,1733.592223,1730.418075,1732.148724,6055.603098
2024-04-14 09:00:00,1731.766584,1740.770419,1729.239294,1737.261351,30272.182147
2024-04-14 10:00:00,1737.718351,1740.288089,1734.359178,1735.619376,6958.822493
2024-04-14 11:00:00,1735.489485,1741.413340,1733.389454,1738.059397,44868.778365
2024-04-14 12:00:00,1737.783827,1740.909209,1734.050146,1735.525271,13819.382435
2024-04-14 13:00:00,1735.094920,1739.529693,1732.532230,1736.231657,16075.933585
2024-04-14 14:00:00,1735.928949,1739.434947,1734.214697,1736.015053,14928.995099
2024-04-14 15:00:00,1736.140318,1738.018075,1730.694102,1732.864525,14189.419874
2024-04-14 16:00:00,1732.361809,1734.259173,1726.174678,1727.598270,23166.409860
2024-04-14 17:00:00,1727.239864,1729.005209,1724.503923,1726.030381,8091.129883
2024-04-14 18:00:00,1726.079756,1731.660550,1722.640485,1726.453217,19556.253472
2024-04-14 19:00:00,1725.542867,1729.743103,1723.964074,1727.393787,39227.835526
2024-04-14 20:00:00,1727.442800,1733.160375,1724.023881,1729.845995,35050.883602
2024-04-14 21:00:00,1729.893734,1732.808121,1724.336282,1726.887293,12872.091341
2024-04-14 22:00:00,1726.861877,1729.334069,1721.586811,1724.658898,6616.276518
2024-04-14 23:00:00,1724.611184,1725.839302,1719.076037,1719.942220,22578.846498
2024-04-15 00:00:00,1720.019475,1724.850491,1716.418139,1722.248524,8247.792253
2024-04-15 01:00:00,1721.694375,1734.221626,1716.465004,1729.087422,17742.183511
2024-04-15 02:00:00,1727.392682,1735.165192,1710.144658,1720.966844,24562.719551
2024-04-15 03:00:00,1719.641332,1734.830505,1710.698000,1724.529204,17437.732779
2024-04-15 04:00:00,1723.469549,1727.977968,1713.262244,1722.787610,9305.372549
2024-04-15 05:00:00,1722.085514,1732.320870,1713.008903,1722.008732,41386.579863
2024-04-15 06:00:00,1722.417034,1731.167524,1719.425289,1728.718817,7761.795927
2024-04-15 07:00:00,1729.507180,1737.306565,1720.848254,1724.339337,8901.612806
2024-04-15 08:00:00,1725.010587,1731.414519,1706.146008,1710.435772,16105.140998
2024-04-15 09:00:00,1710.354959,1716.870077,1708.324440,1715.627484,2307.442011
2024-04-15 10:00:00,1716.054476,1728.513724,1709.206197,1723.942773,10767.670677
2024-04-15 11:00:00,1724.186587,1734.665701,1711.331528,1719.761183,17096.156366
2024-04-15 12:00:00,1719.327891,1734.395743,1706.749474,1724.173718,16576.679283
2024-04-15 13:00:00,1726.746804,1737.329393,1715.650250,1728.532392,13342.356806
2024-04-15 14:00:00,1729.537433,1736.234274,1725.706649,1731.433860,10229.412732
2024-04-15 15:00:00,1732.454520,1743.899899,1728.622566,1736.675113,16005.796660
2024-04-15 16:00:00,1737.560653,1757.520167,1729.750527,1744.817171,60194.376650
2024-04-15 17:00:00,1743.085311,1747.353467,1732.139087,1737.683006,12747.092621
2024-04-15 18:00:00,1737.471757,1754.706025,1724.302515,1745.130953,22894.878907
2024-04-15 19:00:00,1745.071640,1748.881795,1739.358507,1746.355114,7950.506308
2024-04-15 20:00:00,1744.260342,1749.317812,1732.705029,1742.012077,7989.062539
2024-04-15 21:00:00,1740.568041,1746.847250,1733.242156,1740.258670,16589.068799
2024-04-15 22:00:00,1740.588180,1747.211686,1733.544028,1738.798727,15154.697433
2024-04-15 23:00:00,1737.608621,1747.012288,1723.823909,1730.942640,15563.334861
2024-04-16 00:00:00,1733.602369,1742.036294,1727.097413,1734.137652,11429.029906
2024-04-16 01:00:00,1734.659309,1741.364491,1729.080610,1733.701844,7028.696849
2024-04-16 02:00:00,1732.817119,1744.672981,1725.227758,1739.601845,7896.461577
2024-04-16 03:00:00,1737.208572,1742.997528,1728.311349,1733.708438,21503.161367
2024-04-16 04:00:00,1735.330004,1757.221901,1730.758235,1749.301360,47338.361915
2024-04-16 05:00:00,1747.671264,1752.211946,1742.150254,1747.700786,6906.583178
2024-04-16 06:00:00,1747.221359,1750.811658,1741.137467,1747.241788,18646.387450
2024-04-16 07:00:00,1747.402536,1751.246699,1743.442717,1748.446573,11605.333548
2024-04-16 08:00:00,1748.396021,1764.601968,1742.371525,1759.809218,6307.095044
2024-04-16 09:00:00,1758.545377,1768.381087,1748.524502,1757.732193,8190.073812
2024-04-16 10:00:00,1757.811692,1761.084403,1746.992153,1750.413890,5474.867747
2024-04-16 11:00:00,1749.601242,1762.759199,1741.624224,1753.417873,14535.241920
2024-04-16 12:00:00,1754.165706,1756.269347,1752.720861,1755.497367,1456.537535
2024-04-16 13:00:00,1755.445997,1763.331971,1743.424343,1753.316863,14586.289602
2024-04-16 14:00:00,1753.237415,1783.103322,1744.692352,1775.965133,52660.953210
2024-04-16 15:00:00,1775.603709,1780.500678,1764.089247,1770.105782,10975.366793
2024-04-16 16:00:00,1770.489971,1788.414259,1762.734642,1778.255721,23651.837653
2024-04-16 17:00:00,1777.495973,1785.155845,1771.434885,1777.411909,14106.922491
2024-04-16 18:00:00,1775.964217,1783.122697,1765.345873,1770.011899,10156.083730
2024-04-16 19:00:00,1770.457574,1781.743321,1760.911062,1773.382718,31423.887887
2024-04-16 20:00:00,1772.945149,1781.177328,1761.837191,1770.545225,15358.255293
2024-04-16 21:00:00,1771.930310,1781.481783,1763.323143,1770.149859,27048.084222
2024-04-16 22:00:00,1769.909288,1789.756053,1763.536551,1783.240592,26499.917097
2024-04-16 23:00:00,1782.642191,1792.211604,1776.401835,1789.360192,10718.340294
2024-04-17 00:00:00,1790.669379,1802.260432,1782.295481,1789.267623,12251.578148
2024-04-17 01:00:00,1789.840398,1803.465632,1778.432181,1792.992365,13192.747558
2024-04-17 02:00:00,1793.171426,1802.164570,1788.860305,1796.504907,10573.207504
2024-04-17 03:00:00,1795.679279,1815.811983,1788.709801,1799.428570,20786.226732
2024-04-17 04:00:00,1798.037707,1807.138107,1787.219269,1796.925796,7963.081320
2024-04-17 05:00:00,1796.384880,1803.480506,1786.094650,1792.516604,22916.719080
2024-04-17 06:00:00,1792.351697,1800.156628,1776.652764,1787.804687,22348.061103
2024-04-17 07:00:00,1786.780659,1800.924320,1774.952235,1782.656207,18776.200827
2024-04-17 08:00:00,1783.336754,1786.369880,1778.414906,1780.029084,6206.975325
2024-04-17 09:00:00,1780.872797,1793.480971,1773.153558,1782.888423,14801.045785
2024-04-17 10:00:00,1784.214534,1793.482502,1777.747654,1788.485086,12526.015982
2024-04-17 11:00:00,1789.332369,1796.697644,1779.446230,1786.373589,6451.076090
2024-04-17 12:00:00,1786.516000,1791.404266,1783.073689,1789.479122,4886.811782
2024-04-17 13:00:00,1789.394953,1794.397609,1780.933113,1784.862790,7132.902354
2024-04-17 14:00:00,1786.482568,1797.288392,1772.141643,1780.375740,13905.754322
2024-04-17 15:00:00,1779.385867,1787.880956,1763.365290,1770.769402,21312.311427
2024-04-17 16:00:00,1769.970300,1781.830683,1760.090966,1767.992340,9960.817592
2024-04-17 17:00:00,1767.353737,1772.251421,1738.682469,1744.789206,21969.295342
2024-04-17 18:00:00,1745.811314,1751.307133,1734.155189,1741.404166,41428.740916
2024-04-17 19:00:00,1740.193419,1760.321092,1735.145186,1752.086843,19224.923160
2024-04-17 20:00:00,1753.677469,1763.358979,1751.895874,1762.183581,9599.469712
2024-04-17 21:00:00,1760.806987,1770.371953,1747.282466,1760.234127,10262.792959
2024-04-17 22:00:00,1760.509577,1770.119513,1753.723754,1758.245076,20450.200481
2024-04-17 23:00:00,1756.674572,1761.543045,1739.968217,1752.233717,9729.104190
2024-04-18 00:00:00,1751.783034,1759.585198,1743.166165,1749.572077,16820.423817
2024-04-18 01:00:00,1749.733645,1762.857230,1734.588852,1741.493670,8444.174294
2024-04-18 02:00:00,1742.045612,1749.949449,1738.902058,1744.684460,5674.264439
2024-04-18 03:00:00,1745.141378,1752.942635,1733.888359,1741.482107,16492.941216
2024-04-18 04:00:00,1739.923258,1746.492307,1736.380488,1741.396532,3869.672724
2024-04-18 05:00:00,1740.992680,1748.994867,1727.497028,1734.168293,19242.319695
2024-04-18 06:00:00,1735.185859,1742.391576,1729.001589,1733.361285,2848.722594
2024-04-18 07:00:00,1734.081970,1739.034096,1728.588025,1735.586210,9825.567092
2024-04-18 08:00:00,1733.886816,1748.963957,1729.640613,1740.135435,18055.473751
2024-04-18 09:00:00,1740.727520,1746.055912,1729.931994,1734.212084,14095.751155
2024-04-18 10:00:00,1733.111252,1738.363986,1722.746719,1727.262116,20623.466501
2024-04-18 11:00:00,1727.873315,1736.990229,1710.490803,1720.099982,16618.170406
2024-04-18 12:00:00,1721.100560,1730.743674,1716.598062,1725.241230,4587.386960
2024-04-18 13:00:00,1724.448363,1730.934478,1708.539861,1715.613524,15964.181964
2024-04-18 14:00:00,1716.219839,1723.356177,1704.159748,1710.922148,9353.753078
2024-04-18 15:00:00,1710.722278,1734.853476,1699.488861,1722.897381,30499.023094
2024-04-18 16:00:00,1722.878958,1727.540272,1713.734208,1719.566281,11118.704135
2024-04-18 17:00:00,1719.330051,1726.677628,1706.810230,1715.143736,10185.288901
2024-04-18 18:00:00,1716.156270,1722.901567,1709.490223,1713.934772,17452.401810
2024-04-18 19:00:00,1714.951112,1722.860113,1710.639519,1720.829537,5137.781594
2024-04-18 20:00:00,1721.513881,1735.514549,1713.537155,1722.565384,7437.240082
2024-04-18 21:00:00,1722.854291,1728.591322,1719.854404,1724.354235,4221.607620
2024-04-18 22:00:00,1723.899270,1730.102196,1718.361049,1725.758540,6776.432319
2024-04-18 23:00:00,1726.030578,1733.269501,1717.709133,1723.864001,6913.983380
2024-04-19 00:00:00,1722.912316,1730.300367,1717.183743,1724.623484,3829.370977
2024-04-19 01:00:00,1725.984897,1739.541784,1721.700505,1734.921621,16768.120850
2024-04-19 02:00:00,1733.777246,1738.154349,1727.496981,1731.991105,10319.240913
2024-04-19 03:00:00,1731.670409,1739.084564,1722.434500,1731.018438,18965.313097
2024-04-19 04:00:00,1731.513399,1741.143187,1722.758390,1731.222065,23210.150742
2024-04-19 05:00:00,1731.880630,1736.995889,1725.775368,1730.397049,9590.125673
2024-04-19 06:00:00,1731.648533,1740.783029,1722.800531,1735.587659,15749.640149
2024-04-19 07:00:00,1736.081510,1747.153568,1732.306132,1741.856021,16616.633045
2024-04-19 08:00:00,1741.925378,1748.369767,1729.755266,1733.415043,11701.569609
2024-04-19 09:00:00,1733.565442,1744.596825,1725.866632,1736.662746,27864.950203
2024-04-19 10:00:00,1737.116398,1748.817104,1727.745397,1744.007824,9891.821264
2024-04-19 11:00:00,1744.107527,1752.779285,1739.446352,1749.139862,7572.556830
2024-04-19 12:00:00,1750.859307,1758.378107,1740.269799,1747.697994,36659.026805
2024-04-19 13:00:00,1748.845846,1755.229025,1732.341764,1738.609155,5220.348999
2024-04-19 14:00:00,1738.209743,1763.092615,1728.006211,1749.981091,15391.215299
2024-04-19 15:00:00,1749.870401,1751.998925,1744.683424,1747.251217,7137.370368
2024-04-19 16:00:00,1748.277213,1755.536368,1742.953625,1752.117270,13087.745160
2024-04-19 17:00:00,1751.166577,1767.513699,1742.122112,1758.138194,13170.457215
2024-04-19 18:00:00,1757.811347,1767.956909,1753.922430,1761.424931,8184.051723
2024-04-19 19:00:00,1761.612228,1766.295692,1748.953372,1758.859348,12023.700489
2024-04-19 20:00:00,1758.141247,1762.857074,1745.403009,1748.685010,17654.469163
2024-04-19 21:00:00,1748.514212,1771.651942,1741.070666,1764.778887,54079.553063
2024-04-19 22:00:00,1765.842080,1792.800670,1761.433704,1782.635148,35382.526337
2024-04-19 23:00:00,1781.129808,1786.243931,1771.594770,1777.729496,11841.486331
2024-04-20 00:00:00,1777.570659,1780.181815,1771.030735,1777.106859,5943.744589
2024-04-20 01:00:00,1776.543239,1786.839019,1770.395209,1778.301760,36602.819553
2024-04-20 02:00:00,1777.447309,1788.050300,1772.344244,1784.322441,4405.872474
2024-04-20 03:00:00,1782.523772,1788.544993,1772.041567,1777.511175,5608.149710
2024-04-20 04:00:00,1776.826211,1786.540025,1773.327255,1780.001224,12247.353160
2024-04-20 05:00:00,1780.450734,1785.787272,1774.879403,1777.917768,17452.857593
2024-04-20 06:00:00,1778.142359,1788.299516,1771.504496,1781.904086,15140.570978
2024-04-20 07:00:00,1782.892476,1788.834223,1775.032021,1782.282284,11084.669338
2024-04-20 08:00:00,1782.025385,1792.053302,1780.344544,1790.183785,5610.409266
2024-04-20 09:00:00,1790.700005,1796.314657,1775.853533,1785.925716,23066.061821
2024-04-20 10:00:00,1787.500548,1800.067642,1780.540676,1795.462859,9225.245394
2024-04-20 11:00:00,1796.574529,1810.850256,1790.897752,1800.175443,8767.496459
2024-04-20 12:00:00,1801.166808,1822.639752,1793.550757,1812.791005,12295.426336
2024-04-20 13:00:00,1812.991799,1825.697758,1806.440534,1813.204581,13433.416685
2024-04-20 14:00:00,1812.964722,1823.426579,1809.153990,1819.636602,40290.612419
2024-04-20 15:00:00,1818.590596,1847.104977,1812.214714,1837.807110,35878.959197
2024-04-20 16:00:00,1838.067097,1852.370081,1834.645529,1847.396152,24043.005241
2024-04-20 17:00:00,1847.698424,1867.183155,1838.232828,1859.526342,17755.080624
2024-04-20 18:00:00,1859.594256,1872.107518,1856.308690,1868.448107,9654.288869
2024-04-20 19:00:00,1868.048999,1877.008271,1826.981444,1837.048979,56629.132774
2024-04-20 20:00:00,1837.520282,1843.638969,1832.532786,1837.180501,31749.601276
2024-04-20 21:00:00,1837.392487,1849.905382,1834.506090,1845.782051,6715.967160
2024-04-20 22:00:00,1845.262646,1852.020126,1834.768519,1841.354645,21291.259752
2024-04-20 23:00:00,1842.980377,1848.380268,1835.689750,1843.733433,21761.350166
2024-04-21 00:00:00,1842.603295,1854.340928,1835.843606,1850.147105,12729.349275
2024-04-21 01:00:00,1850.236608,1857.894751,1847.793339,1854.550336,10449.317649
2024-04-21 02:00:00,1854.218590,1862.866693,1845.263769,1856.342668,8351.813826
2024-04-21 03:00:00,1855.861914,1873.288080,1847.933398,1866.012873,24110.431018
2024-04-21 04:00:00,1864.930638,1878.812206,1861.090278,1871.881261,9357.636004
2024-04-21 05:00:00,1872.526616,1875.273174,1867.139277,1871.071800,3184.512258
2024-04-21 06:00:00,1871.548775,1886.386020,1866.116948,1879.532053,21699.884473
2024-04-21 07:00:00,1878.957125,1883.722726,1873.829306,1879.887837,10019.368635
2024-04-21 08:00:00,1880.906918,1888.218919,1868.924094,1874.228800,50943.537982
2024-04-21 09:00:00,1874.721666,1877.195850,1864.720539,1867.436111,13162.104452
2024-04-21 10:00:00,1868.345109,1873.264722,1860.693100,1868.445509,10112.780076
2024-04-21 11:00:00,1868.915790,1873.930693,1866.069249,1870.659465,11917.725145
2024-04-21 12:00:00,1871.370173,1879.477917,1866.711884,1874.978479,10550.106225
2024-04-21 13:00:00,1874.248302,1886.556960,1864.778996,1879.445617,3518.161323
2024-04-21 14:00:00,1878.431860,1885.517250,1870.177020,1876.722756,7750.333151
2024-04-21 15:00:00,1878.812882,1889.558381,1866.228180,1873.190975,18741.854462
2024-04-21 16:00:00,1871.874125,1894.364680,1868.071526,1885.211514,34026.201169
2024-04-21 17:00:00,1885.046406,1889.898481,1869.704303,1874.532716,14156.594260
2024-04-21 18:00:00,1874.565289,1883.503924,1868.887505,1875.682263,10592.939375
2024-04-21 19:00:00,1876.266799,1879.621391,1865.245219,1866.786679,31979.462090
2024-04-21 20:00:00,1865.667663,1874.679504,1851.247126,1861.698925,21809.459915
2024-04-21 21:00:00,1862.672039,1880.269162,1859.618722,1872.783878,47436.604661
2024-04-21 22:00:00,1872.887747,1879.472056,1862.777156,1868.339119,21587.402364
2024-04-21 23:00:00,1867.903126,1881.797625,1858.271285,1870.965680,24756.468417
2024-04-22 00:00:00,1871.278852,1879.832982,1864.985261,1872.429203,8547.183266
2024-04-22 01:00:00,1872.398600,1879.285760,1868.131057,1874.733723,40159.321366
2024-04-22 02:00:00,1873.532153,1878.940818,1866.698781,1873.930812,16547.857341
2024-04-22 03:00:00,1874.381043,1882.063197,1867.613872,1876.745806,14395.240923
2024-04-22 04:00:00,1874.460319,1894.767518,1867.023738,1888.973171,13873.681039
2024-04-22 05:00:00,1889.054719,1895.613061,1880.549649,1887.607739,4760.488635
2024-04-22 06:00:00,1887.665920,1901.104502,1882.611285,1895.662558,22300.440654
2024-04-22 07:00:00,1894.817831,1919.761519,1888.755256,1910.071696,22517.717548
2024-04-22 08:00:00,1909.562333,1916.663428,1899.917380,1905.550316,22077.519884
2024-04-22 09:00:00,1904.393773,1910.675155,1897.850934,1900.736847,4733.186098
2024-04-22 10:00:00,1900.878304,1905.813846,1890.487766,1898.909973,8916.983194
2024-04-22 11:00:00,1900.877508,1911.102204,1889.685351,1901.809664,16049.301704
2024-04-22 12:00:00,1900.842568,1920.319254,1892.308912,1916.594068,26404.262229
2024-04-22 13:00:00,1918.431208,1930.897752,1909.769934,1923.962759,19254.092853
2024-04-22 14:00:00,1923.419539,1926.295741,1920.862366,1922.734442,6325.411368
2024-04-22 15:00:00,1921.729863,1934.678694,1917.188870,1927.719353,8289.364202
2024-04-22 16:00:00,1927.503449,1937.544634,1917.419550,1921.359383,9018.724270
2024-04-22 17:00:00,1920.706763,1926.019333,1914.163684,1918.027633,30161.797330
2024-04-22 18:00:00,1917.270575,1925.794908,1901.544910,1914.028400,16126.463987
2024-04-22 19:00:00,1914.310454,1920.006133,1902.906115,1907.784656,7512.504783
2024-04-22 20:00:00,1909.979783,1915.573976,1904.745621,1909.861642,6204.004557
2024-04-22 21:00:00,1910.500219,1918.634748,1901.432120,1909.285878,15520.076156
2024-04-22 22:00:00,1909.608108,1914.407317,1900.283473,1909.254363,22764.068648
2024-04-22 23:00:00,1910.344311,1912.169502,1907.987169,1910.472420,4663.002671
2024-04-23 00:00:00,1907.833355,1930.851989,1903.531656,1923.260910,12639.074403
2024-04-23 01:00:00,1922.048771,1934.223802,1916.673837,1929.390523,7906.531172
2024-04-23 02:00:00,1929.057606,1933.033734,1923.005877,1927.354521,5404.314105
2024-04-23 03:00:00,1926.265442,1936.123603,1916.638631,1923.793546,15699.978696
2024-04-23 04:00:00,1922.945630,1935.532206,1912.846641,1920.593516,30761.888492
2024-04-23 05:00:00,1919.016898,1922.792065,1912.613854,1916.671984,9543.649464
2024-04-23 06:00:00,1916.576990,1921.839655,1906.492850,1913.497848,11974.938700
2024-04-23 07:00:00,1914.502614,1923.303288,1908.634312,1913.982829,17811.928497
2024-04-23 08:00:00,1913.271624,1917.193584,1905.794560,1909.114416,14513.005366
2024-04-23 09:00:00,1909.114498,1913.988759,1901.533817,1907.483596,10152.767745
2024-04-23 10:00:00,1907.550327,1919.353929,1901.006181,1911.587509,15784.354059
2024-04-23 11:00:00,1911.928468,1914.010671,1906.651946,1908.861132,5948.637474
2024-04-23 12:00:00,1907.753286,1922.370912,1900.805687,1914.063664,13923.811839
2024-04-23 13:00:00,1914.950462,1920.663730,1905.148653,1913.688726,17540.714858
2024-04-23 14:00:00,1912.782744,1922.777164,1905.934446,1915.281622,8915.829561
2024-04-23 15:00:00,1914.902075,1930.766700,1910.563114,1921.262035,14134.060199
2024-04-23 16:00:00,1921.939248,1930.615337,1917.660421,1921.335705,24779.251527
2024-04-23 17:00:00,1919.724350,1922.406094,1908.615441,1911.474807,9412.160035
2024-04-23 18:00:00,1913.293855,1918.260055,1900.877711,1910.602210,8092.159403
2024-04-23 19:00:00,1910.921182,1916.402327,1900.153006,1905.201859,9231.704618
2024-04-23 20:00:00,1905.145647,1911.511336,1893.830140,1899.397681,20206.703134
2024-04-23 21:00:00,1899.182264,1908.298961,1876.137235,1889.238741,37989.436801
2024-04-23 22:00:00,1890.685245,1902.851148,1882.219834,1894.088670,25984.134881
2024-04-23 23:00:00,1894.151689,1900.810709,1885.148275,1893.779355,5444.990581
2024-04-24 00:00:00,1895.257717,1901.373876,1875.007852,1880.869804,31890.988604
2024-04-24 01:00:00,1879.959750,1887.884910,1873.272493,1885.302962,14030.016117
2024-04-24 02:00:00,1883.171277,1888.904962,1874.490179,1880.868080,5863.056567
2024-04-24 03:00:00,1881.805518,1889.141079,1873.312479,1884.521127,12021.344608
2024-04-24 04:00:00,1884.546348,1896.664616,1878.390515,1889.904050,10469.585793
2024-04-24 05:00:00,1889.029447,1897.048635,1884.051338,1891.846575,8543.236096
2024-04-24 06:00:00,1891.844172,1900.927934,1883.027425,1888.643315,9317.671386
2024-04-24 07:00:00,1890.238523,1899.646647,1880.780127,1891.988280,18695.554425
2024-04-24 08:00:00,1892.467428,1895.990123,1881.602124,1885.770188,12255.805115
2024-04-24 09:00:00,1886.379525,1894.582560,1883.022989,1890.561342,8363.111604
2024-04-24 10:00:00,1891.170707,1896.380406,1888.615492,1891.483657,6920.959437
2024-04-24 11:00:00,1891.069733,1899.267073,1881.363313,1892.413224,8389.085995
2024-04-24 12:00:00,1893.302977,1899.868563,1885.069402,1889.440686,14883.029813
2024-04-24 13:00:00,1889.291500,1895.078796,1879.586736,1883.912283,11008.571282
2024-04-24 14:00:00,1884.971924,1888.767331,1879.796329,1885.050920,6335.559804
2024-04-24 15:00:00,1886.792900,1895.242914,1883.907543,1892.164998,4145.859239
2024-04-24 16:00:00,1891.678537,1899.894481,1887.488226,1896.688797,12516.950615
2024-04-24 17:00:00,1897.218436,1909.526281,1889.476994,1901.650654,6583.466995
2024-04-24 18:00:00,1902.958268,1907.907821,1896.324898,1904.870123,5588.660545
2024-04-24 19:00:00,1904.872377,1909.790317,1899.004398,1905.099089,6372.999787
2024-04-24 20:00:00,1905.316911,1909.753397,1893.047785,1900.725784,17502.092672
2024-04-24 21:00:00,1900.924058,1903.637700,1894.219946,1898.233642,15942.802673
2024-04-24 22:00:00,1897.721282,1914.141737,1887.864910,1902.870077,14717.980743
2024-04-24 23:00:00,1904.491035,1908.613861,1900.823954,1905.252509,10621.595405
2024-04-25 00:00:00,1905.645645,1912.707290,1895.319025,1906.358742,9172.072472
2024-04-25 01:00:00,1906.636510,1915.325664,1896.588706,1901.421813,23566.067121
2024-04-25 02:00:00,1900.544959,1905.639523,1888.599222,1897.089335,28723.052583
2024-04-25 03:00:00,1896.732540,1908.251924,1894.413250,1904.377435,13594.082042
2024-04-25 04:00:00,1901.559439,1903.716088,1898.866213,1900.887059,5189.777719
2024-04-25 05:00:00,1901.878588,1916.971003,1897.468163,1913.434551,22068.874627
2024-04-25 06:00:00,1912.305047,1916.715172,1908.539420,1914.423885,12418.799137
2024-04-25 07:00:00,1913.754886,1922.863586,1908.463089,1914.971427,37524.020038
2024-04-25 08:00:00,1914.628438,1932.314972,1905.698433,1922.214344,15151.182381
2024-04-25 09:00:00,1922.426896,1927.198406,1918.136643,1922.099687,15965.495666
2024-04-25 10:00:00,1923.495116,1930.534864,1916.621553,1924.607286,29270.042272
2024-04-25 11:00:00,1924.623803,1935.057220,1917.472480,1929.806509,20845.864566
2024-04-25 12:00:00,1929.694263,1939.244837,1925.083488,1932.277456,46827.391662
2024-04-25 13:00:00,1932.247764,1939.008882,1927.864286,1935.243400,11747.243390
2024-04-25 14:00:00,1935.482202,1943.386058,1922.482269,1929.884704,21660.531165
2024-04-25 15:00:00,1930.110070,1943.478756,1922.798206,1935.311033,49677.138558
2024-04-25 16:00:00,1934.639012,1943.627241,1921.977812,1931.054879,9914.702721
2024-04-25 17:00:00,1930.830000,1936.526022,1921.781795,1931.361360,5573.581714
2024-04-25 18:00:00,1929.936874,1940.086784,1917.544372,1933.403332,23159.488608
2024-04-25 19:00:00,1934.948455,1943.314996,1920.699099,1931.486524,23458.914390
2024-04-25 20:00:00,1931.864907,1934.596447,1920.604307,1924.426102,12542.205727
2024-04-25 21:00:00,1925.992528,1932.168048,1919.877143,1924.263306,12976.630733
2024-04-25 22:00:00,1924.358530,1927.388807,1915.496261,1920.964556,15335.437327
2024-04-25 23:00:00,1921.954966,1933.271378,1903.451283,1913.751065,25560.554316
2024-04-26 00:00:00,1913.811393,1916.499642,1905.700858,1911.745829,13399.848340
2024-04-26 01:00:00,1913.774912,1917.793959,1910.317083,1914.977218,6434.251931
2024-04-26 02:00:00,1914.135999,1924.090767,1908.430321,1919.081827,12335.668385
2024-04-26 03:00:00,1917.840298,1932.549947,1913.245775,1929.510628,6533.710746
2024-04-26 04:00:00,1930.522053,1939.623112,1922.477837,1931.792619,17027.895022
2024-04-26 05:00:00,1930.417287,1937.113212,1924.066229,1927.843546,8995.036735
2024-04-26 06:00:00,1929.158710,1934.384056,1921.678483,1925.404797,5424.289115
2024-04-26 07:00:00,1925.709766,1932.840755,1918.923384,1924.375755,10137.222578
2024-04-26 08:00:00,1924.885294,1931.291849,1913.822890,1923.078108,12264.110795
2024-04-26 09:00:00,1920.285130,1926.623619,1904.698692,1916.252009,11877.906036
2024-04-26 10:00:00,1915.846438,1925.715072,1904.364188,1910.708568,16752.716391
2024-04-26 11:00:00,1910.339283,1920.747690,1901.010036,1907.209668,17430.189657
2024-04-26 12:00:00,1908.218307,1913.311538,1903.767592,1908.439120,6388.653059
2024-04-26 13:00:00,1908.494666,1912.369245,1899.560603,1904.868251,12104.475115
2024-04-26 14:00:00,1905.566848,1915.412242,1896.562498,1907.983044,19929.123034
2024-04-26 15:00:00,1909.984161,1921.643473,1905.055288,1913.852588,20351.427609
2024-04-26 16:00:00,1914.961422,1922.037919,1910.684125,1913.718322,34782.064577
2024-04-26 17:00:00,1913.513712,1925.781312,1907.938072,1922.662407,24059.569794
2024-04-26 18:00:00,1924.037648,1937.787929,1921.056132,1931.646730,20248.483224
2024-04-26 19:00:00,1931.943642,1937.761610,1926.111870,1933.062873,8346.184525
2024-04-26 20:00:00,1931.614248,1936.113845,1919.635339,1924.428345,52637.028288
2024-04-26 21:00:00,1924.078374,1930.714705,1916.656996,1922.973071,23742.970612
2024-04-26 22:00:00,1922.782618,1927.560258,1909.396815,1914.694777,15632.658259
2024-04-26 23:00:00,1915.027090,1917.178418,1908.453324,1910.411513,5180.224228
2024-04-27 00:00:00,1909.634153,1913.118792,1902.363224,1904.848374,16474.781529
2024-04-27 01:00:00,1905.572705,1909.488248,1901.682749,1905.750649,18529.303208
2024-04-27 02:00:00,1905.999783,1909.912627,1900.703224,1907.091663,10660.682984
2024-04-27 03:00:00,1907.861765,1911.264188,1894.271407,1900.808966,30171.057989
2024-04-27 04:00:00,1901.535138,1906.960986,1895.080979,1899.698229,36708.752631
2024-04-27 05:00:00,1898.686400,1900.379653,1895.003555,1898.024143,15770.849975
2024-04-27 06:00:00,1898.585869,1905.387005,1885.891831,1892.257226,81667.288852
2024-04-27 07:00:00,1893.158737,1895.630150,1886.468560,1889.900883,7742.716878
2024-04-27 08:00:00,1890.733717,1902.827592,1886.013502,1894.691011,14853.101275
2024-04-27 09:00:00,1894.079072,1899.944631,1886.422852,1892.580575,21748.623119
2024-04-27 10:00:00,1892.920135,1896.308667,1889.501820,1891.438157,11830.791040
2024-04-27 11:00:00,1890.456658,1904.676554,1887.787222,1900.106012,29632.670797
2024-04-27 12:00:00,1900.247454,1907.038889,1890.559026,1894.452606,15488.031219
2024-04-27 13:00:00,1895.160690,1898.550832,1888.275341,1893.378705,10076.860345
2024-04-27 14:00:00,1891.727880,1895.147989,1888.465549,1892.817545,6135.863452
2024-04-27 15:00:00,1892.468476,1897.249326,1883.655967,1888.170101,13668.445054
2024-04-27 16:00:00,1888.482392,1891.241886,1882.981842,1885.009134,4801.672310
2024-04-27 17:00:00,1884.928375,1892.665199,1876.427560,1882.158761,22596.498150
2024-04-27 18:00:00,1883.633977,1888.678105,1861.906880,1865.596301,56256.237686
2024-04-27 19:00:00,1866.685640,1872.006681,1849.142052,1855.665191,12863.382494
2024-04-27 20:00:00,1855.352502,1859.726035,1849.820569,1855.062939,3703.630987
2024-04-27 21:00:00,1854.079626,1856.076504,1850.965971,1853.595603,7110.468599
2024-04-27 22:00:00,1852.590612,1858.439753,1847.740654,1854.646674,11727.231755
2024-04-27 23:00:00,1854.817064,1863.631281,1845.593791,1851.733728,20182.922589
2024-04-28 00:00:00,1851.794763,1856.686863,1845.497168,1847.982703,8762.141541
2024-04-28 01:00:00,1847.774108,1848.643965,1847.105624,1847.990188,1710.418799
2024-04-28 02:00:00,1849.150993,1854.526495,1846.386008,1850.187249,9966.783204
2024-04-28 03:00:00,1850.587033,1853.505099,1843.718950,1847.477755,23717.343545
2024-04-28 04:00:00,1846.276446,1853.792141,1841.364672,1848.237315,43457.482460
2024-04-28 05:00:00,1848.296446,1850.923494,1840.064866,1845.714963,12498.104800
2024-04-28 06:00:00,1845.667466,1848.305783,1835.283278,1839.486469,13503.076103
2024-04-28 07:00:00,1838.919407,1844.724111,1831.561814,1835.322698,20417.832489
2024-04-28 08:00:00,1833.988906,1835.320248,1827.509190,1830.095842,8260.232167
2024-04-28 09:00:00,1831.000377,1835.407656,1822.013019,1828.648504,16828.598393
2024-04-28 10:00:00,1828.920175,1836.157605,1822.397411,1825.739888,24921.729563
2024-04-28 11:00:00,1825.255114,1829.003274,1813.522602,1817.867087,14078.029111
2024-04-28 12:00:00,1817.035566,1821.370472,1815.197304,1819.990895,11515.831042
2024-04-28 13:00:00,1820.046869,1822.040780,1814.702391,1816.466960,8443.372104
2024-04-28 14:00:00,1816.576494,1821.083546,1813.033236,1817.655797,14365.550900
2024-04-28 15:00:00,1817.760561,1821.415370,1810.322646,1814.687179,17597.408386
2024-04-28 16:00:00,1813.694260,1817.407149,1805.433450,1812.112816,6144.388846
2024-04-28 17:00:00,1811.107244,1816.634291,1803.235742,1808.016313,16353.286788
2024-04-28 18:00:00,1807.333230,1812.086312,1803.251967,1808.132021,9921.678730
2024-04-28 19:00:00,1808.203699,1821.343316,1804.362791,1816.094534,25685.431787
2024-04-28 20:00:00,1817.011093,1824.861994,1814.214499,1820.716324,4145.706914
2024-04-28 21:00:00,1820.186918,1824.471054,1813.157420,1815.663017,17071.681696
2024-04-28 22:00:00,1814.560789,1822.302897,1807.804864,1816.850632,8644.913877
2024-04-28 23:00:00,1816.824263,1821.574169,1811.078849,1817.666787,12781.917581
2024-04-29 00:00:00,1818.139255,1826.776075,1812.485092,1821.168748,12300.620540
2024-04-29 01:00:00,1820.578243,1826.346257,1816.870623,1822.432699,11974.303913
2024-04-29 02:00:00,1822.857562,1835.319985,1816.445793,1830.312555,33449.772710
2024-04-29 03:00:00,1831.567682,1838.295169,1819.195822,1824.977972,27840.014376
2024-04-29 04:00:00,1825.709567,1826.590836,1820.376294,1821.630721,16314.328351
2024-04-29 05:00:00,1821.979077,1827.671205,1816.321882,1820.806891,23343.486015
2024-04-29 06:00:00,1820.816978,1824.354847,1813.196038,1815.659878,4642.421415
2024-04-29 07:00:00,1815.852305,1820.725758,1799.677284,1804.160922,37220.891585
2024-04-29 08:00:00,1803.506305,1806.736211,1794.784308,1797.377735,21975.104713
2024-04-29 09:00:00,1797.219461,1799.473887,1789.610654,1793.730820,9263.750040
2024-04-29 10:00:00,1793.967683,1796.828763,1790.572724,1793.598027,7878.940291
2024-04-29 11:00:00,1794.137311,1798.731934,1790.583535,1795.130373,34250.462017
2024-04-29 12:00:00,1795.394728,1799.653051,1784.239773,1792.522706,22119.972004
2024-04-29 13:00:00,1793.112860,1794.959165,1783.982296,1786.334032,26499.806496
2024-04-29 14:00:00,1786.435717,1790.476776,1784.084879,1787.925264,3084.271584
2024-04-29 15:00:00,1787.888025,1789.985493,1784.695319,1786.981532,2405.505530
2024-04-29 16:00:00,1787.026164,1792.832319,1782.582572,1787.168375,13240.818797
2024-04-29 17:00:00,1787.391286,1793.561028,1782.880735,1789.414781,8105.008996
2024-04-29 18:00:00,1789.063145,1793.548340,1786.179960,1789.457026,13040.172342
2024-04-29 19:00:00,1789.147325,1793.110425,1787.306119,1791.754594,5072.127441
2024-04-29 20:00:00,1791.231194,1796.008397,1785.160147,1792.413696,14931.159080
2024-04-29 21:00:00,1792.407765,1797.715808,1788.886946,1794.606691,12547.165493
2024-04-29 22:00:00,1795.249240,1800.796185,1790.474438,1794.873740,17322.575747
2024-04-29 23:00:00,1794.585585,1800.563441,1792.493861,1797.607953,18418.668817
2024-04-30 00:00:00,1798.398772,1801.135974,1796.455936,1799.431468,2950.431866
2024-04-30 01:00:00,1799.489299,1808.340713,1793.667867,1802.938101,16766.725581
2024-04-30 02:00:00,1804.023912,1812.808713,1794.523859,1799.900266,10496.735597
2024-04-30 03:00:00,1800.231056,1809.940019,1796.969734,1803.217076,16697.532506
2024-04-30 04:00:00,1802.775780,1807.102412,1797.666299,1804.529752,12602.068465
2024-04-30 05:00:00,1804.343215,1809.006701,1801.073273,1806.750871,12487.482488
2024-04-30 06:00:00,1807.435173,1813.639083,1805.535231,1810.359244,51539.216532
2024-04-30 07:00:00,1811.122001,1815.711941,1806.211908,1810.636030,5123.483197
2024-04-30 08:00:00,1810.428736,1817.633989,1805.786432,1814.443447,23974.739822
2024-04-30 09:00:00,1814.570205,1820.719129,1811.757731,1817.319269,7392.251767
2024-04-30 10:00:00,1816.727398,1823.886221,1813.106941,1820.273035,12174.344551
2024-04-30 11:00:00,1820.613305,1835.229221,1813.763604,1830.948293,57873.074048
2024-04-30 12:00:00,1830.396019,1833.948373,1828.370688,1830.141725,8424.556436
2024-04-30 13:00:00,1830.620637,1842.012681,1826.403207,1834.793526,19292.028877
2024-04-30 14:00:00,1835.634749,1846.839194,1832.729390,1841.488301,15759.199025
2024-04-30 15:00:00,1841.807323,1854.252277,1839.785348,1852.326040,27073.819090
2024-04-30 16:00:00,1851.586048,1857.354755,1844.845545,1850.703116,15557.855464
2024-04-30 17:00:00,1850.764713,1856.860229,1843.899710,1848.851304,16726.172944
2024-04-30 18:00:00,1848.472769,1851.502376,1844.047454,1849.550717,14127.499887
2024-04-30 19:00:00,1849.903303,1854.085222,1841.255451,1845.428441,13857.902216
2024-04-30 20:00:00,1846.558765,1858.137177,1843.836222,1851.545772,52244.039970
2024-04-30 21:00:00,1852.213537,1854.662046,1848.305722,1850.572611,7461.300420
2024-04-30 22:00:00,1849.620896,1854.091974,1848.162983,1851.931200,3234.547185
2024-04-30 23:00:00,1852.690898,1857.461756,1849.598460,1854.123117,16449.439878
2024-05-01 00:00:00,1853.985395,1863.398621,1847.884967,1860.599980,17023.874041
2024-05-01 01:00:00,1860.381150,1865.915568,1846.398242,1852.122213,44778.698247
2024-05-01 02:00:00,1852.636914,1855.192615,1843.554307,1849.278271,39917.611102
2024-05-01 03:00:00,1849.367609,1852.811063,1843.720160,1849.465604,6946.547894
2024-05-01 04:00:00,1847.711035,1854.386646,1844.669010,1849.590360,3381.529822
2024-05-01 05:00:00,1848.848378,1853.383439,1841.239996,1846.971571,21519.246077
2024-05-01 06:00:00,1847.288897,1849.861022,1839.627586,1842.984823,7864.258328
2024-05-01 07:00:00,1843.144850,1846.140216,1839.625837,1842.439521,6528.501515
2024-05-01 08:00:00,1842.395626,1848.128066,1838.383538,1843.530969,15584.155553
2024-05-01 09:00:00,1844.787362,1849.036402,1838.381566,1841.218090,13140.311276
2024-05-01 10:00:00,1841.033784,1845.000312,1832.750820,1836.785315,11401.293701
2024-05-01 11:00:00,1837.279093,1846.249297,1833.881750,1842.170980,34185.256404
2024-05-01 12:00:00,1842.140879,1858.310919,1837.726292,1849.613210,44003.075400
2024-05-01 13:00:00,1850.184881,1855.896656,1847.844645,1851.205650,14171.863943
2024-05-01 14:00:00,1851.243700,1855.513835,1846.099521,1852.783303,11055.912839
2024-05-01 15:00:00,1852.958777,1854.847489,1844.275400,1845.921463,18618.827216
2024-05-01 16:00:00,1846.314496,1857.073382,1843.325422,1852.215677,28543.524265
2024-05-01 17:00:00,1851.728462,1857.789335,1848.621087,1854.618268,11327.602896
2024-05-01 18:00:00,1854.466078,1862.465959,1852.305370,1857.404639,5762.876853
2024-05-01 19:00:00,1857.825359,1860.504445,1851.694151,1857.300791,10091.785128
2024-05-01 20:00:00,1856.894621,1866.122022,1851.026805,1861.114685,26083.382657
2024-05-01 21:00:00,1860.219444,1869.228037,1852.180698,1862.994386,16555.518192
2024-05-01 22:00:00,1862.662016,1873.284296,1858.909008,1870.812030,5030.260165
2024-05-01 23:00:00,1870.984058,1875.372604,1866.259372,1870.297452,6787.964378
2024-05-02 00:00:00,1869.688908,1874.616499,1862.480929,1865.485581,5179.629994
2024-05-02 01:00:00,1866.417134,1870.048253,1863.345146,1867.019489,9731.460864
2024-05-02 02:00:00,1866.969235,1873.055364,1861.439388,1865.249094,17458.194903
2024-05-02 03:00:00,1865.402282,1872.807948,1859.866058,1868.895469,17581.961369
2024-05-02 04:00:00,1869.111537,1877.725331,1866.577437,1873.535369,11632.412679
2024-05-02 05:00:00,1872.530520,1874.990415,1863.357531,1867.380579,4332.421655
2024-05-02 06:00:00,1867.465887,1874.353153,1863.365637,1868.812172,14554.956573
2024-05-02 07:00:00,1868.757140,1874.030316,1864.432935,1869.928305,5280.079674
2024-05-02 08:00:00,1870.605419,1878.460886,1868.171105,1873.320841,10435.455493
2024-05-02 09:00:00,1872.709639,1882.201020,1865.057641,1877.417311,22988.508779
2024-05-02 10:00:00,1877.809570,1883.886582,1867.927321,1873.936555,19917.444520
2024-05-02 11:00:00,1874.589039,1879.876509,1868.015314,1872.048800,16159.215685
2024-05-02 12:00:00,1871.154422,1879.140867,1861.868338,1867.362503,18890.293245
2024-05-02 13:00:00,1868.362194,1876.797087,1859.118408,1870.165637,16494.001263
2024-05-02 14:00:00,1870.342876,1885.669022,1865.635311,1881.882363,22572.695099
2024-05-02 15:00:00,1883.038421,1888.334918,1877.934678,1880.668220,10386.603188
2024-05-02 16:00:00,1879.322937,1889.480402,1871.189392,1881.826758,9364.616360
2024-05-02 17:00:00,1882.440638,1886.955051,1876.669668,1880.182511,6683.609299
2024-05-02 18:00:00,1880.526008,1888.965284,1878.843864,1885.395162,13897.931657
2024-05-02 19:00:00,1885.160424,1890.981050,1879.986963,1884.359346,6865.255356
2024-05-02 20:00:00,1883.152550,1886.999430,1880.264825,1883.533834,6137.936127
2024-05-02 21:00:00,1883.227183,1888.867603,1878.563716,1885.388133,20645.525338
2024-05-02 22:00:00,1885.334579,1889.153489,1881.789259,1885.276646,9788.088741
2024-05-02 23:00:00,1885.614848,1887.635095,1879.500059,1882.272341,19865.563582
2024-05-03 00:00:00,1883.334156,1888.127110,1875.259162,1880.459411,21171.576382
2024-05-03 01:00:00,1880.061247,1885.242687,1874.515329,1877.366414,11580.404052
2024-05-03 02:00:00,1875.634380,1886.221076,1866.862229,1876.021010,14953.935525
2024-05-03 03:00:00,1875.935067,1885.730563,1868.255097,1878.323386,26760.954499
2024-05-03 04:00:00,1878.097889,1885.023667,1861.568131,1870.995449,12559.504226
2024-05-03 05:00:00,1870.658011,1875.132521,1865.573910,1870.405921,16449.339531
2024-05-03 06:00:00,1869.826733,1878.372068,1849.682600,1860.233295,51295.566578
2024-05-03 07:00:00,1860.415827,1872.275107,1851.386601,1866.412232,32104.063466
2024-05-03 08:00:00,1866.504128,1872.537256,1857.502573,1862.964617,11707.804808
2024-05-03 09:00:00,1863.271208,1866.936226,1857.390636,1863.127240,5976.321374
2024-05-03 10:00:00,1862.969213,1870.278613,1853.351801,1862.872621,21939.616684
2024-05-03 11:00:00,1862.629176,1873.411423,1859.069444,1866.933567,8355.170109
2024-05-03 12:00:00,1868.515406,1873.901568,1863.359020,1870.217509,12528.533569
2024-05-03 13:00:00,1869.101029,1874.011935,1866.113996,1870.877908,8538.606647
2024-05-03 14:00:00,1869.587569,1874.641786,1861.988875,1867.727178,45376.943605
2024-05-03 15:00:00,1868.578711,1876.706784,1861.273103,1870.709908,18765.139168
2024-05-03 16:00:00,1872.364265,1878.076915,1869.260475,1873.260033,8081.522365
2024-05-03 17:00:00,1874.183453,1879.380810,1868.954184,1871.970168,7551.120811
2024-05-03 18:00:00,1872.024959,1874.783986,1862.275648,1867.652515,24454.378844
2024-05-03 19:00:00,1867.732251,1879.020144,1855.769776,1873.857122,24678.909663
2024-05-03 20:00:00,1874.309434,1890.737431,1865.631044,1882.878773,34767.025454
2024-05-03 21:00:00,1882.676093,1890.562644,1873.013514,1879.009322,26488.409828
2024-05-03 22:00:00,1878.734934,1886.476503,1863.461302,1871.501744,24852.413669
2024-05-03 23:00:00,1871.434514,1878.961062,1868.042264,1872.218334,16931.257618
2024-05-04 00:00:00,1871.510439,1876.724931,1861.770404,1868.008222,18235.242857
2024-05-04 01:00:00,1869.907687,1875.591649,1859.796467,1870.806827,8276.621890
2024-05-04 02:00:00,1870.043922,1873.613143,1863.045114,1869.279056,11803.250108
2024-05-04 03:00:00,1868.856484,1875.220930,1864.324160,1872.624311,21885.686121
2024-05-04 04:00:00,1873.311191,1878.687256,1857.352920,1863.772380,21354.369579
2024-05-04 05:00:00,1864.182532,1868.145628,1860.201093,1864.722289,7455.084102
2024-05-04 06:00:00,1864.713310,1878.389988,1859.838878,1873.071424,27782.714598
2024-05-04 07:00:00,1873.533743,1884.976802,1868.279465,1880.225500,21560.481506
2024-05-04 08:00:00,1880.075930,1884.362288,1872.266822,1877.311919,25876.253253
2024-05-04 09:00:00,1876.947042,1885.590266,1875.080193,1881.841098,15935.783067
2024-05-04 10:00:00,1880.751725,1896.168157,1877.536914,1892.608332,40246.379450
2024-05-04 11:00:00,1892.875655,1907.835758,1886.676701,1899.575173,20598.613737
2024-05-04 12:00:00,1899.702178,1908.573764,1892.218317,1902.286589,13812.700505
2024-05-04 13:00:00,1903.161013,1910.041509,1899.189796,1904.409179,17946.266703
2024-05-04 14:00:00,1905.012092,1908.286527,1899.630705,1905.745122,8078.121229
2024-05-04 15:00:00,1906.961848,1911.381329,1883.353037,1889.520331,24956.737085
2024-05-04 16:00:00,1889.313336,1893.838223,1878.161927,1884.537051,10620.621209
2024-05-04 17:00:00,1884.298609,1898.682887,1871.992684,1887.091891,33989.393157
2024-05-04 18:00:00,1886.760941,1892.265128,1882.544194,1886.292666,8081.660149
2024-05-04 19:00:00,1886.956151,1893.913987,1875.471708,1885.883489,23389.529060
2024-05-04 20:00:00,1885.931200,1890.312641,1873.240451,1879.132376,13887.258210
2024-05-04 21:00:00,1878.534309,1888.199829,1862.450391,1869.423038,14497.293019
2024-05-04 22:00:00,1870.325821,1874.978620,1859.533003,1866.464269,30535.905349
2024-05-04 23:00:00,1864.382848,1871.366880,1857.151635,1865.168666,37413.346986
